{"type":"FeatureCollection","metadata":{"state":"AK","boundary_source":"U.S. Census Bureau 2024 Cartographic Boundary File (counties, 1:500,000)","risk_source":"FEMA National Risk Index v1.20 (December 2025)"},"features":[{"type":"Feature","properties":{"GEOID":"02020","NAME":"Anchorage","state":"AK","wildfire_risk_score":78.626,"wildfire_eal_total":471183.54,"risk_band":"High","source":"FEMA National Risk Index v1.20 (December 2025)"},"geometry":{"type":"MultiPolygon","coordinates":[[[[-150.07348,61.158341],[-150.066494,61.165683],[-150.029891,61.182644],[-150.02585,61.198851],[-150.019552,61.203717],[-149.97059,61.199194],[-149.928045,61.206865],[-149.902376,61.2214],[-149.907367,61.225634],[-149.891918,61.2353],[-149.878251,61.259195],[-149.857686,61.270106],[-149.81182,61.315203],[-149.779733,61.326894],[-149.74111,61.327978],[-149.720194,61.334193],[-149.712945,61.360519],[-149.72037,61.371832],[-149.702386,61.382096],[-149.668336,61.388405],[-149.636963,61.387218],[-149.5619,61.410092],[-149.530499,61.402101],[-149.516658,61.414058],[-149.516439,61.419216],[-149.437244,61.441055],[-149.415219,61.457651],[-149.381931,61.466899],[-149.317342,61.467331],[-149.28273,61.474674],[-149.284115,61.480141],[-149.313292602221,61.4840290222796],[-149.240449,61.484025],[-149.240395,61.455142],[-149.180041,61.45514],[-149.180062,61.42625],[-148.462471,61.426267],[-148.462403,61.166295],[-148.472123,61.166295],[-148.472065,60.84852],[-148.738363,60.848546],[-148.738281,60.819662],[-148.745865,60.819664],[-148.745618,60.733007],[-149.037741,60.732987],[-149.034079109773,60.8459526380732],[-149.004897,60.83168],[-148.99741,60.839672],[-149.008462,60.854782],[-149.031619,60.86671],[-149.046253,60.88365],[-149.095216,60.913012],[-149.130426,60.918584],[-149.194209,60.944771],[-149.363199,60.926066],[-149.364507,60.935535],[-149.376866,60.945348],[-149.420599,60.954581],[-149.502836,60.985261],[-149.608315,60.984494],[-149.639146,60.998919],[-149.735762,61.01643],[-149.779139,61.036118],[-149.804927,61.059187],[-149.851631,61.08718],[-149.932973,61.111223],[-149.969164,61.132538],[-150.065646,61.151079],[-150.07348,61.158341]]],[[[-150.285859,61.127036],[-150.249086,61.133016],[-150.226055,61.168129],[-150.169929,61.175781],[-150.158897,61.171582],[-150.159864,61.162809],[-150.168767,61.154126],[-150.225281,61.126849],[-150.239022,61.123017],[-150.285859,61.127036]]]]}},{"type":"Feature","properties":{"GEOID":"02180","NAME":"Nome","state":"AK","wildfire_risk_score":45.165,"wildfire_eal_total":19657.8,"risk_band":"Moderate","source":"FEMA National Risk Index v1.20 (December 2025)"},"geometry":{"type":"MultiPolygon","coordinates":[[[[-161.319456,64.123632],[-161.315219,64.137433],[-161.305236,64.141528],[-161.295373,64.139091],[-161.304404,64.133596],[-161.294541,64.114562],[-161.316407,64.116533],[-161.319456,64.123632]]],[[[-161.747178,63.60751],[-161.743945,63.612327],[-161.733868,63.610172],[-161.736435,63.60489],[-161.747178,63.60751]]],[[[-161.789607,64.745035],[-161.784935,64.749783],[-161.770242,64.748418],[-161.788668,64.744035],[-161.789607,64.745035]]],[[[-162.012899,63.492907],[-162.005752,63.49366],[-161.996628,63.490907],[-162.010108,63.490635],[-162.012899,63.492907]]],[[[-162.718955,63.58123],[-162.704471,63.578106],[-162.688988,63.582912],[-162.682863,63.587325],[-162.690571,63.591445],[-162.652239,63.60006],[-162.646083,63.608921],[-162.652367,63.611929],[-162.633602,63.614254],[-162.624254,63.621755],[-162.615636,63.620397],[-162.618963,63.616331],[-162.610882,63.609517],[-162.593294,63.607668],[-162.596053,63.625525],[-162.577158,63.62665],[-162.569783,63.635761],[-162.515969,63.630858],[-162.517045,63.626398],[-162.508117,63.623204],[-162.470519,63.620341],[-162.439103,63.625315],[-162.431606,63.631102],[-162.437333,63.633381],[-162.433782,63.636153],[-162.371202,63.624296],[-162.382513,63.620011],[-162.377161,63.613229],[-162.383181,63.609281],[-162.342255,63.591505],[-162.363002,63.58219],[-162.353601,63.572411],[-162.368568,63.570666],[-162.368924,63.563048],[-162.355258,63.551247],[-162.341333,63.552556],[-162.361675,63.538276],[-162.387107,63.5441],[-162.385562,63.553999],[-162.406834,63.55781],[-162.416936,63.555005],[-162.413884,63.550166],[-162.444645,63.540089],[-162.480664,63.54711],[-162.490293,63.544683],[-162.490356,63.54048],[-162.512103,63.542805],[-162.522731,63.538304],[-162.529239,63.540871],[-162.527219,63.544736],[-162.548373,63.546589],[-162.568237,63.538124],[-162.560783,63.534677],[-162.566972,63.53353],[-162.57214,63.541135],[-162.622479,63.540018],[-162.634073,63.546598],[-162.628755,63.548428],[-162.652424,63.557674],[-162.685109,63.555152],[-162.694265,63.559777],[-162.686935,63.563947],[-162.694123,63.565929],[-162.684325,63.573152],[-162.706487,63.573919],[-162.718955,63.58123]]],[[[-166.228534,64.492063],[-166.203697,64.495956],[-166.192078,64.492149],[-166.200538,64.474821],[-166.212134,64.473223],[-166.228534,64.492063]]],[[[-168.094719,64.968431],[-168.078082,64.972252],[-168.074754,64.980597],[-168.053125,64.982406],[-168.047183,64.976374],[-168.048609,64.960384],[-168.082598,64.960686],[-168.097096,64.965715],[-168.094719,64.968431]]],[[[-168.120181,65.647881],[-168.108937,65.671794],[-168.087546,65.688532],[-167.984274,65.724273],[-167.870307,65.751131],[-167.719499,65.777327],[-167.54932,65.817083],[-167.527454,65.817959],[-167.50428,65.829251],[-167.256499,65.901021],[-167.224769,65.917078],[-167.108187,65.956715],[-166.597532,66.117489],[-166.240722,66.209537],[-166.167688,66.21641],[-166.135859,66.237999],[-166.074228,66.256557],[-166.039816,66.260511],[-166.014385,66.271704],[-165.894832,66.305586],[-165.53653,66.391259],[-165.151717,66.469107],[-164.763714,66.533067],[-164.395943843393,66.5816331875716],[-164.395887,66.476324],[-164.318936,66.476319],[-164.318913,66.129944],[-164.244191,66.129946],[-164.244127,65.783553],[-163.963516,65.783561],[-163.963498,65.610363],[-163.755407,65.610367],[-163.755391,65.437165],[-159.801692,65.437231],[-159.8017,65.523826],[-159.385578,65.523835],[-159.385483,65.437236],[-159.377443,65.437232],[-159.377365,65.264033],[-159.582736,65.264026],[-159.582715,65.090912],[-159.572195,65.090791],[-159.572173,64.917597],[-159.774921,64.917565],[-159.774897,64.744382],[-159.96229,64.744377],[-159.962255,64.397927],[-159.947325,64.397925],[-159.947288,64.051459],[-159.737475,64.051459],[-159.737451,63.791591],[-159.932731,63.791589],[-159.932739,63.704973],[-160.111498,63.704972],[-160.111522,63.618351],[-160.497381,63.618343],[-160.497375,63.531713],[-160.690294,63.531689],[-160.690263,63.358485],[-160.667367,63.358459],[-160.667361,63.271845],[-160.858004,63.271838],[-160.85799,63.011953],[-162.001769,63.011919],[-162.001798,63.098536],[-162.192443,63.098556],[-162.192503,63.185184],[-162.383076,63.185195],[-162.383082,63.271816],[-162.586533424449,63.2718337329953],[-162.461144,63.366025],[-162.43595,63.377424],[-162.413014,63.39893],[-162.423883,63.403695],[-162.375556,63.44018],[-162.272545,63.484953],[-162.269931,63.493759],[-162.276823,63.504842],[-162.295338,63.509122],[-162.288387,63.513755],[-162.291603,63.521759],[-162.313783,63.541718],[-162.241884,63.539176],[-162.215859,63.522014],[-162.180481,63.530933],[-162.157555,63.52721],[-162.163499,63.519618],[-162.141325,63.513772],[-162.106679,63.512873],[-162.10819,63.510196],[-162.101891,63.508818],[-162.09507,63.513193],[-162.075253,63.512867],[-162.077598,63.510054],[-162.071737,63.506451],[-162.088819,63.504683],[-162.087155,63.500017],[-162.068091,63.500555],[-162.046818,63.489206],[-162.006093,63.484318],[-162.028216,63.476442],[-162.047018,63.475945],[-162.050543,63.470589],[-162.04346,63.467324],[-162.046631,63.459848],[-162.039619,63.458361],[-162.044729,63.451244],[-162.066715,63.466166],[-162.082045,63.466113],[-162.086798,63.462078],[-162.078361,63.451722],[-162.081094,63.447685],[-162.09179,63.442585],[-162.118648,63.442054],[-162.155844,63.433445],[-162.144079,63.429299],[-162.099039,63.429724],[-162.054831,63.43759],[-162.0313,63.433764],[-162.022031,63.439663],[-162.024215,63.447005],[-162.019078,63.449092],[-161.986141,63.44487],[-161.992796,63.440566],[-161.990419,63.437484],[-161.971286,63.432647],[-161.966057,63.434455],[-161.964309,63.445798],[-161.954993,63.450437],[-161.922445,63.442454],[-161.903973,63.444467],[-161.895132,63.449502],[-161.89782,63.451521],[-161.876685,63.450805],[-161.853159,63.445501],[-161.829218,63.446538],[-161.810496,63.438865],[-161.795046,63.447376],[-161.769966,63.448741],[-161.768228,63.452958],[-161.751807,63.456136],[-161.729346,63.454143],[-161.705776,63.463423],[-161.677077,63.463412],[-161.676844,63.466776],[-161.662815,63.461036],[-161.592068,63.453528],[-161.581072,63.446856],[-161.523376,63.452598],[-161.516503,63.456717],[-161.517915,63.465846],[-161.507264,63.469362],[-161.482151,63.466091],[-161.464732,63.472054],[-161.470415,63.468031],[-161.464082,63.463101],[-161.468644,63.46025],[-161.44738,63.455605],[-161.385035,63.470121],[-161.297402,63.471814],[-161.194307,63.489815],[-161.162778,63.502795],[-161.139798,63.501884],[-161.13423,63.506735],[-161.139336,63.512729],[-161.134145,63.516971],[-161.138279,63.518404],[-161.130833,63.520217],[-161.134972,63.528524],[-161.103072,63.534647],[-161.103332,63.54698],[-161.118098,63.546403],[-161.113793,63.553056],[-161.075932,63.559442],[-161.042935,63.57609],[-161.024241,63.604499],[-161.026894,63.609544],[-161.016394,63.615138],[-161.017216,63.622684],[-160.986627,63.613806],[-160.940517,63.63313],[-160.909262,63.653073],[-160.871352,63.68981],[-160.800999,63.736335],[-160.769274,63.769229],[-160.763089,63.792967],[-160.771529,63.843543],[-160.788283,63.871057],[-160.798265,63.877232],[-160.815366,63.910336],[-160.846396,63.948773],[-160.895714,63.989713],[-160.941111,64.060968],[-160.952401,64.088816],[-160.944201,64.115548],[-160.954915,64.135048],[-160.957154,64.150286],[-160.953351,64.156192],[-160.955609,64.186947],[-160.950024,64.202984],[-160.970746,64.230032],[-161.229773,64.370607],[-161.237735,64.377238],[-161.236071,64.380578],[-161.258413,64.385716],[-161.265781,64.397941],[-161.28848,64.394551],[-161.337085,64.403281],[-161.384859,64.414779],[-161.396149,64.426478],[-161.404111,64.421758],[-161.472919,64.418064],[-161.510116,64.398711],[-161.511132,64.391405],[-161.52616,64.378649],[-161.532815,64.379601],[-161.530319,64.386897],[-161.519504,64.392599],[-161.532577,64.412521],[-161.531507,64.417191],[-161.498826,64.425195],[-161.484447,64.434633],[-161.481832,64.442222],[-161.475534,64.443145],[-161.472919,64.449348],[-161.477554,64.464926],[-161.472325,64.470458],[-161.480525,64.485614],[-161.4646,64.491653],[-161.470305,64.505468],[-161.432751,64.511912],[-161.425621,64.519122],[-161.413262,64.520349],[-161.393816,64.531091],[-161.373688,64.533587],[-161.345642,64.518201],[-161.21884,64.496668],[-161.071954,64.493598],[-161.018951,64.499636],[-161.002432,64.511401],[-161.011226,64.520195],[-161.052939,64.528834],[-161.056504,64.524489],[-161.052107,64.522547],[-161.060307,64.521422],[-161.090017,64.539462],[-161.001719,64.539565],[-160.955491,64.544673],[-160.925662,64.554682],[-160.928139,64.560192],[-160.894763,64.582139],[-160.858042,64.590095],[-160.800349,64.612105],[-160.791848,64.61884],[-160.786976,64.632793],[-160.793631,64.663629],[-160.78139,64.679796],[-160.785074,64.688943],[-160.782222,64.695141],[-160.787451,64.701134],[-160.780921,64.705705],[-160.781628,64.715503],[-160.838671,64.758258],[-160.840097,64.767733],[-160.866836,64.783079],[-160.872184,64.803121],[-160.884187,64.811721],[-160.90225,64.82234],[-160.928989,64.821228],[-160.986389,64.83341],[-160.996728,64.846799],[-161.01655,64.84625],[-161.093939,64.874616],[-161.129472,64.89449],[-161.152322,64.913293],[-161.150338,64.921544],[-161.135771,64.926993],[-161.150982,64.931122],[-161.191792,64.922164],[-161.201313,64.906487],[-161.199399,64.892842],[-161.210156,64.885049],[-161.291104,64.853816],[-161.299036,64.848919],[-161.293709,64.842505],[-161.32639,64.832399],[-161.334827,64.825879],[-161.335897,64.817486],[-161.3561,64.810608],[-161.355149,64.805499],[-161.365963,64.799529],[-161.366676,64.779079],[-161.379839,64.771482],[-161.414094,64.76905],[-161.413493,64.762723],[-161.42631,64.758963],[-161.453896,64.760685],[-161.517009,64.753646],[-161.532969,64.737959],[-161.547804,64.742412],[-161.542678,64.75613],[-161.641679,64.774498],[-161.669298,64.788488],[-161.696657,64.776968],[-161.82314,64.759069],[-161.853445,64.749895],[-161.866143,64.75104],[-161.927805,64.720599],[-161.926095,64.714249],[-161.89483,64.711929],[-161.847774,64.727032],[-161.866324,64.713239],[-161.889073,64.706231],[-162.101083,64.692278],[-162.166326,64.682116],[-162.190118,64.674478],[-162.192352,64.665899],[-162.219209,64.654468],[-162.216025,64.650709],[-162.218877,64.64333],[-162.230523,64.632844],[-162.233809,64.620288],[-162.267339,64.614403],[-162.271425,64.608465],[-162.333071,64.598637],[-162.361939,64.584538],[-162.452041,64.5604],[-162.500906,64.539036],[-162.543429,64.531491],[-162.593223,64.487252],[-162.591567,64.483569],[-162.615574,64.469948],[-162.608433,64.459921],[-162.602611,64.459085],[-162.605427,64.452886],[-162.6022,64.449908],[-162.60811,64.438882],[-162.613499,64.4374],[-162.616992,64.420712],[-162.641711,64.403925],[-162.632293,64.397492],[-162.635787,64.392051],[-162.629925,64.389299],[-162.631412,64.385434],[-162.662268,64.375911],[-162.685411,64.376183],[-162.696934,64.367351],[-162.737411,64.35835],[-162.751309,64.343926],[-162.784317,64.325077],[-162.801308,64.330662],[-162.807099,64.343959],[-162.809847,64.360837],[-162.798629,64.376465],[-162.802288,64.389778],[-162.799291,64.393937],[-162.805107,64.398744],[-162.802076,64.402485],[-162.825198,64.417089],[-162.82169,64.421277],[-162.837403,64.427954],[-162.829121,64.429475],[-162.83272,64.437733],[-162.872705,64.448145],[-162.857001,64.451088],[-162.853814,64.460677],[-162.864007,64.472122],[-162.833307,64.479347],[-162.836969,64.4894],[-162.853957,64.49938],[-162.919198,64.519894],[-162.929201,64.537643],[-162.937857,64.542788],[-162.976858,64.546348],[-163.045561,64.540494],[-163.015817,64.552333],[-163.01962,64.569588],[-163.046359,64.588769],[-163.139173,64.611198],[-163.147967,64.619909],[-163.142482,64.62379],[-163.141957,64.631931],[-163.125388,64.642414],[-163.135721,64.648872],[-163.197762,64.64742],[-163.204906,64.642095],[-163.219235,64.643628],[-163.220643,64.649194],[-163.24247,64.650155],[-163.247278,64.643788],[-163.233539,64.632848],[-163.253572,64.635311],[-163.247062,64.629551],[-163.250288,64.624442],[-163.272155,64.615732],[-163.271786,64.611055],[-163.314774,64.59221],[-163.360681,64.585575],[-163.335303,64.583678],[-163.34682,64.580407],[-163.336807,64.57217],[-163.290218,64.55943],[-163.275007,64.54692],[-163.257775,64.542476],[-163.193958,64.536703],[-163.181123,64.540893],[-163.165674,64.517946],[-163.149512,64.50869],[-163.117188,64.505263],[-163.075475,64.515543],[-163.051113,64.507923],[-163.030321,64.514354],[-163.029185,64.508001],[-163.044576,64.486586],[-163.027158,64.477945],[-163.069176,64.47056],[-163.102095,64.45847],[-163.10501,64.449319],[-163.0946,64.44564],[-163.092558,64.440425],[-163.099388,64.429819],[-163.096915,64.426583],[-163.108674,64.420198],[-163.107261,64.409728],[-163.149907,64.397996],[-163.1731,64.398241],[-163.17788,64.405708],[-163.193071,64.407232],[-163.195256,64.418307],[-163.226402,64.427775],[-163.229206,64.430019],[-163.224056,64.434576],[-163.250922,64.454029],[-163.24751,64.45878],[-163.254869,64.464122],[-163.256509,64.472266],[-163.300544,64.488893],[-163.341776,64.492368],[-163.339275,64.495922],[-163.343837,64.502795],[-163.4129,64.524986],[-163.597547,64.563601],[-163.667416,64.568771],[-163.722428,64.565456],[-163.810401,64.575179],[-163.875095,64.573536],[-163.90243,64.559474],[-163.941945,64.563544],[-163.975669,64.552117],[-164.058043,64.56137],[-164.142894,64.564637],[-164.307273,64.561488],[-164.395073,64.550802],[-164.466495,64.536397],[-164.80311,64.451278],[-164.865203,64.442786],[-164.980716,64.442171],[-165.012446,64.43489],[-165.181028,64.464898],[-165.429336,64.499994],[-165.717998,64.533433],[-165.84779,64.540206],[-166.199894,64.578874],[-166.260255,64.592088],[-166.389443,64.639208],[-166.405605,64.649284],[-166.442446,64.688232],[-166.478454,64.735342],[-166.468353,64.747462],[-166.466452,64.7614],[-166.475246,64.796037],[-166.426521,64.806511],[-166.40513,64.82785],[-166.404888,64.858673],[-166.420292,64.879551],[-166.472394,64.913543],[-166.520405,64.934445],[-166.689299,64.984714],[-166.68646,64.988251],[-166.702785,64.996905],[-166.693785,65.001383],[-166.684166,65.020451],[-166.701292,65.039649],[-166.731323,65.053821],[-166.858646,65.092159],[-166.935446,65.143413],[-166.951556,65.16085],[-166.903426,65.245581],[-166.864446,65.277359],[-166.84258,65.278801],[-166.848046,65.269406],[-166.839371,65.262494],[-166.849116,65.254885],[-166.847927,65.245133],[-166.906299,65.227898],[-166.939715,65.180298],[-166.939278,65.172054],[-166.914359,65.15406],[-166.921344,65.152176],[-166.920063,65.146619],[-166.832664,65.12732],[-166.830621,65.120607],[-166.816559,65.117756],[-166.709361,65.107878],[-166.645172,65.110805],[-166.569961,65.123533],[-166.54441,65.119383],[-166.549521,65.137926],[-166.63152,65.125382],[-166.603998,65.134574],[-166.506293,65.15172],[-166.481188,65.165237],[-166.464075,65.176294],[-166.457746,65.188302],[-166.46562,65.193179],[-166.476062,65.224027],[-166.451074,65.237102],[-166.381225,65.255741],[-166.347189,65.276341],[-166.360618,65.288631],[-166.433834,65.319001],[-166.518622,65.335546],[-166.577888,65.337663],[-166.627955,65.326072],[-166.68892,65.328652],[-166.814533,65.342042],[-166.918518,65.366275],[-167.046271,65.385586],[-167.141761,65.388103],[-167.206254,65.396348],[-167.398792,65.402163],[-167.465028,65.41349],[-167.537793,65.438249],[-167.605413,65.454446],[-167.624427,65.471769],[-167.706308,65.500269],[-167.829426,65.525194],[-167.846658,65.540058],[-167.960354,65.559396],[-167.991207,65.559027],[-168.069693,65.576989],[-168.092114,65.594815],[-168.085645,65.601494],[-168.088021,65.605519],[-168.117897,65.629848],[-168.120181,65.647881]]],[[[-168.953456,65.758132],[-168.93468,65.765547],[-168.899503,65.768864],[-168.902355,65.756765],[-168.894987,65.743685],[-168.907346,65.739388],[-168.930164,65.74095],[-168.943949,65.745247],[-168.953456,65.758132]]],[[[-171.846922,63.486841],[-171.83694,63.493524],[-171.841931,63.508795],[-171.828858,63.515368],[-171.827195,63.521409],[-171.831711,63.536771],[-171.838841,63.538889],[-171.8348,63.55043],[-171.838841,63.552759],[-171.833612,63.557523],[-171.829096,63.579634],[-171.816737,63.585239],[-171.814835,63.594225],[-171.796534,63.596127],[-171.795108,63.602997],[-171.800337,63.607118],[-171.791067,63.612822],[-171.787264,63.624651],[-171.79796,63.626023],[-171.795583,63.628135],[-171.772766,63.639007],[-171.755178,63.639746],[-171.739728,63.655044],[-171.737589,63.662743],[-171.746621,63.670861],[-171.745908,63.679926],[-171.755178,63.68688],[-171.750424,63.691621],[-171.750899,63.7011],[-171.729271,63.718786],[-171.722853,63.734777],[-171.740204,63.783434],[-171.694094,63.781964],[-171.674367,63.787003],[-171.663196,63.785324],[-171.65963,63.777343],[-171.639665,63.769255],[-171.641804,63.761586],[-171.631822,63.749499],[-171.649173,63.739089],[-171.641567,63.727519],[-171.645607,63.724047],[-171.644181,63.713418],[-171.64941,63.708997],[-171.634436,63.691832],[-171.612808,63.681928],[-171.373464,63.629824],[-171.251534,63.612505],[-171.234184,63.615146],[-171.094666,63.588834],[-170.948017,63.571596],[-170.894539,63.574134],[-170.881942,63.584076],[-170.848905,63.589256],[-170.821334,63.603102],[-170.797091,63.607223],[-170.78283,63.616414],[-170.750505,63.624334],[-170.705584,63.647976],[-170.661851,63.655888],[-170.642599,63.668542],[-170.632616,63.668647],[-170.630477,63.663692],[-170.594588,63.661899],[-170.54515,63.666222],[-170.53493,63.670334],[-170.535405,63.683614],[-170.487869,63.696255],[-170.357146,63.68393],[-170.347638,63.684984],[-170.345737,63.692885],[-170.328624,63.687196],[-170.289407,63.687512],[-170.2471,63.663376],[-170.208833,63.653884],[-170.200515,63.637952],[-170.176984,63.625073],[-170.156068,63.618737],[-170.094034,63.612294],[-170.100689,63.60511],[-170.076683,63.586825],[-170.078823,63.580374],[-170.070266,63.563978],[-170.056005,63.551913],[-170.070028,63.54556],[-170.040318,63.521303],[-170.044359,63.512506],[-170.061472,63.506039],[-170.060997,63.500737],[-170.029623,63.482066],[-170.007043,63.476229],[-169.936928,63.470284],[-169.862296,63.442669],[-169.791943,63.435229],[-169.649335,63.429489],[-169.569475,63.40077],[-169.567573,63.384696],[-169.547133,63.372554],[-169.487475,63.361047],[-169.310879,63.35284],[-169.26168,63.344525],[-169.1735,63.339726],[-169.083182,63.338766],[-169.006649,63.344738],[-168.994052,63.338979],[-168.939861,63.336953],[-168.938673,63.330339],[-168.920609,63.327245],[-168.88163,63.330659],[-168.812465,63.310276],[-168.697428,63.300773],[-168.687683,63.295113],[-168.719532,63.268825],[-168.718344,63.254175],[-168.726861,63.227407],[-168.752271,63.217288],[-168.783239,63.184131],[-168.860239,63.146905],[-168.884007,63.145832],[-168.999281,63.171588],[-169.108852,63.178667],[-169.250033,63.171266],[-169.378856,63.149267],[-169.383847,63.140033],[-169.396682,63.133804],[-169.393592,63.127789],[-169.42354,63.12016],[-169.42045,63.113819],[-169.45111,63.101564],[-169.452536,63.096509],[-169.484861,63.095864],[-169.546895,63.068211],[-169.580408,63.028783],[-169.562107,63.012933],[-169.559255,63.004734],[-169.544994,63.00344],[-169.547133,62.992325],[-169.530971,62.983365],[-169.530971,62.978614],[-169.578031,62.975914],[-169.615822,62.967058],[-169.628657,62.957766],[-169.631985,62.943931],[-169.643156,62.93766],[-169.695683,62.953551],[-169.724442,62.952254],[-169.762946,62.961548],[-169.761758,62.968246],[-169.745596,62.97397],[-169.744883,62.984984],[-169.775781,63.00495],[-169.77483,63.022638],[-169.791468,63.045056],[-169.827833,63.076606],[-169.869427,63.102531],[-169.963548,63.142181],[-170.005142,63.144006],[-170.033901,63.157532],[-170.036278,63.159786],[-170.031287,63.16322],[-170.036753,63.167833],[-170.078585,63.177916],[-170.130399,63.18435],[-170.147274,63.181455],[-170.144422,63.177058],[-170.151553,63.175128],[-170.156306,63.179525],[-170.211686,63.181562],[-170.242584,63.189496],[-170.292497,63.187459],[-170.294636,63.192391],[-170.27776,63.201501],[-170.285604,63.220033],[-170.355006,63.280155],[-170.432965,63.318282],[-170.571295,63.361367],[-170.867919,63.414601],[-170.951107,63.422684],[-171.073275,63.424066],[-171.114631,63.4196],[-171.160265,63.401408],[-171.239413,63.392787],[-171.281482,63.381927],[-171.290751,63.376602],[-171.280531,63.358596],[-171.317847,63.345804],[-171.324027,63.340366],[-171.319986,63.336313],[-171.322363,63.333113],[-171.356589,63.33482],[-171.440014,63.3075],[-171.462356,63.308782],[-171.472576,63.317962],[-171.500623,63.325858],[-171.514883,63.327139],[-171.522014,63.321804],[-171.547683,63.318175],[-171.558854,63.32127],[-171.560518,63.334073],[-171.566935,63.339086],[-171.594506,63.335886],[-171.615184,63.345804],[-171.629445,63.343778],[-171.632535,63.349109],[-171.643706,63.348363],[-171.664384,63.356571],[-171.686964,63.356571],[-171.706691,63.366269],[-171.734975,63.36499],[-171.763259,63.39896],[-171.789404,63.407048],[-171.795583,63.418536],[-171.823392,63.43693],[-171.821966,63.462533],[-171.835751,63.468267],[-171.832899,63.472832],[-171.846922,63.486841]]]]}},{"type":"Feature","properties":{"GEOID":"02070","NAME":"Dillingham","state":"AK","wildfire_risk_score":62.15,"wildfire_eal_total":57961.84,"risk_band":"High","source":"FEMA National Risk Index v1.20 (December 2025)"},"geometry":{"type":"MultiPolygon","coordinates":[[[[-159.99507,58.613576],[-159.995545,58.617413],[-159.967499,58.611224],[-159.958705,58.600576],[-159.977719,58.591659],[-159.99507,58.613576]]],[[[-160.234311,58.849341],[-160.226943,58.854013],[-160.212325,58.852353],[-160.211018,58.842824],[-160.183447,58.831325],[-160.182972,58.820928],[-160.20056,58.825542],[-160.212088,58.839442],[-160.232053,58.841964],[-160.234311,58.849341]]],[[[-160.318552,58.690115],[-160.315224,58.698019],[-160.302865,58.705921],[-160.30952,58.714809],[-160.30025,58.729494],[-160.274581,58.717154],[-160.279097,58.713698],[-160.274581,58.708884],[-160.277908,58.682333],[-160.271016,58.677638],[-160.256993,58.678132],[-160.246772,58.66837],[-160.245822,58.661201],[-160.255329,58.646487],[-160.275294,58.636345],[-160.270303,58.661077],[-160.317126,58.682827],[-160.318552,58.690115]]],[[[-160.440719,58.68888],[-160.426458,58.704934],[-160.423131,58.730358],[-160.409821,58.748365],[-160.403641,58.749475],[-160.385815,58.729494],[-160.381299,58.716167],[-160.384627,58.70444],[-160.424319,58.679491],[-160.430024,58.678256],[-160.440719,58.68888]]],[[[-161.031552,58.839723],[-161.031448,58.999393],[-160.864703,58.999394],[-160.864705,59.086077],[-160.812133,59.086077],[-160.81214,59.259438],[-160.643716,59.25944],[-160.643719,59.34612],[-160.475296,59.346122],[-160.475354,59.432799],[-160.41864,59.4328],[-160.418647,59.606152],[-160.248503,59.606154],[-160.24851,59.779501],[-160.017423,59.779504],[-160.01743,59.952846],[-159.845524,59.952848],[-159.845533,60.126186],[-159.781902,60.126187],[-159.781906,60.212854],[-159.608196,60.212856],[-159.608204,60.386188],[-159.434497,60.38619],[-159.434502,60.472854],[-159.366206,60.472856],[-159.366215,60.646179],[-159.190657,60.646181],[-159.190661,60.732841],[-159.015104,60.732843],[-159.01511,60.819503],[-158.941919,60.819503],[-158.941926,60.906162],[-157.877224,60.906172],[-157.877208,60.819515],[-157.69976,60.819515],[-157.699775,60.906175],[-157.522325,60.906178],[-157.522332,60.992834],[-157.167428,60.992839],[-157.16742,60.906183],[-156.000086,60.90619],[-156.000145,59.692879],[-156.165068,59.692877],[-156.165066,59.606202],[-156.505349,59.606199],[-156.505345,59.519523],[-156.675489,59.519521],[-156.675483,59.432844],[-156.769971,59.432843],[-156.769965,59.346166],[-157.106814,59.346162],[-157.106808,59.259483],[-157.275233,59.259482],[-157.275221,59.086121],[-157.196306,59.086122],[-157.196292273831,58.851058198154],[-157.207697,58.8443],[-157.329389,58.833416],[-157.351493,58.822343],[-157.400336,58.808744],[-157.421846,58.795263],[-157.532654,58.772638],[-157.563266,58.753863],[-157.706468,58.729937],[-157.815919,58.689941],[-158.055654,58.630393],[-158.140307,58.61502],[-158.213861,58.615828],[-158.273036,58.63347],[-158.327038,58.659835],[-158.333111,58.666465],[-158.332394,58.686814],[-158.345351,58.721978],[-158.37922,58.752568],[-158.440898,58.775616],[-158.536208,58.791014],[-158.563303,58.80462],[-158.563779,58.816498],[-158.550706,58.819083],[-158.558193,58.835322],[-158.554866,58.843009],[-158.527414,58.842947],[-158.505666,58.854505],[-158.509469,58.862863],[-158.502933,58.877055],[-158.503044,58.9032],[-158.497228,58.907816],[-158.500437,58.910148],[-158.498298,58.921806],[-158.492831,58.928798],[-158.494733,58.946887],[-158.484513,58.952649],[-158.490455,58.971889],[-158.48166,58.999444],[-158.429893,59.01112],[-158.402877,59.024048],[-158.354329,59.03657],[-158.343594,59.046447],[-158.356495,59.057806],[-158.396449,59.062266],[-158.40772,59.067657],[-158.42486,59.06685],[-158.455343,59.038423],[-158.502675,59.036166],[-158.533825,59.023525],[-158.537614,59.015611],[-158.533881,58.996146],[-158.609344,58.9399],[-158.61569,58.91343],[-158.653011,58.895618],[-158.722416,58.873023],[-158.777245,58.879911],[-158.770128,58.864471],[-158.774572,58.846756],[-158.795754,58.809791],[-158.775076,58.772597],[-158.802766,58.735981],[-158.824513,58.727222],[-158.862031,58.725752],[-158.873973,58.729405],[-158.885445,58.749923],[-158.89742,58.751589],[-158.904778,58.747004],[-158.897686,58.71587],[-158.86069,58.689459],[-158.835877,58.644107],[-158.833342,58.623874],[-158.804812,58.581808],[-158.78258,58.554291],[-158.775766,58.551641],[-158.761409,58.515722],[-158.754873,58.508583],[-158.696879,58.492191],[-158.718627,58.477593],[-158.74085,58.452979],[-158.81198,58.405583],[-158.903819,58.393895],[-159.06154,58.426359],[-159.077628,58.447145],[-159.071519,58.455489],[-159.081628,58.472047],[-159.10124,58.473978],[-159.188602,58.55727],[-159.34218,58.717844],[-159.39851,58.76471],[-159.449849,58.798218],[-159.495721,58.820067],[-159.533631,58.830463],[-159.583425,58.838828],[-159.593645,58.83686],[-159.597923,58.830463],[-159.620978,58.83809],[-159.629059,58.834584],[-159.651045,58.83975],[-159.635358,58.846513],[-159.632491,58.855211],[-159.584732,58.894803],[-159.591149,58.908061],[-159.616106,58.933827],[-159.6495,58.937139],[-159.74267,58.925486],[-159.727459,58.913155],[-159.738867,58.903151],[-159.733163,58.894803],[-159.766676,58.873922],[-159.769766,58.867226],[-159.745998,58.855857],[-159.753841,58.848665],[-159.751227,58.84307],[-159.765725,58.831386],[-159.771905,58.833969],[-159.771192,58.846022],[-159.775708,58.850386],[-159.788067,58.84719],[-159.798525,58.851186],[-159.812073,58.842087],[-159.800039,58.828885],[-159.80007,58.820436],[-159.789493,58.817975],[-159.796505,58.803266],[-159.829186,58.790398],[-159.835841,58.796679],[-159.852003,58.794893],[-159.856994,58.792369],[-159.858064,58.787135],[-159.852122,58.785349],[-159.856756,58.782207],[-159.909878,58.768346],[-159.918197,58.770626],[-159.906669,58.77383],[-159.916533,58.782392],[-159.914275,58.784794],[-159.949214,58.803635],[-159.955631,58.817114],[-159.974883,58.820067],[-159.969654,58.827634],[-159.974764,58.832678],[-159.991521,58.834215],[-159.981182,58.857947],[-159.985963,58.861211],[-159.984153,58.864522],[-159.996512,58.869438],[-159.998022,58.875637],[-160.028955,58.882829],[-160.064719,58.882929],[-160.091346,58.875213],[-160.094674,58.857271],[-160.114639,58.859299],[-160.118085,58.864031],[-160.159679,58.862249],[-160.165384,58.86784],[-160.151955,58.881232],[-160.1581,58.901614],[-160.151004,58.919229],[-160.166215,58.921928],[-160.167166,58.912541],[-160.171682,58.910823],[-160.194262,58.91248],[-160.203236,58.906685],[-160.221238,58.905177],[-160.230627,58.890689],[-160.245244,58.887619],[-160.252255,58.900696],[-160.248453,58.907448],[-160.255821,58.914075],[-160.246195,58.923523],[-160.259505,58.93536],[-160.258316,58.942779],[-160.27745,58.946213],[-160.276499,58.936525],[-160.288383,58.930086],[-160.285531,58.943944],[-160.296345,58.941921],[-160.292305,58.946213],[-160.295989,58.949032],[-160.328907,58.944128],[-160.32653,58.95222],[-160.294408,58.969311],[-160.293667,58.974617],[-160.262864,58.975278],[-160.253818,58.988618],[-160.2776,59.022432],[-160.274673,59.026848],[-160.33382,59.051037],[-160.309231,59.056692],[-160.305421,59.059486],[-160.311486,59.066665],[-160.330237,59.074308],[-160.354555,59.072903],[-160.390078,59.052692],[-160.514816,59.012225],[-160.541122,58.997038],[-160.539772,58.992573],[-160.569776,58.985435],[-160.665937,58.948113],[-160.703847,58.924873],[-160.751951,58.905608],[-160.793333,58.872602],[-160.823756,58.829079],[-160.828748,58.852323],[-160.840156,58.863478],[-160.855843,58.874291],[-160.89506,58.884917],[-160.906825,58.88332],[-160.916095,58.874905],[-160.96577,58.874844],[-160.96779,58.867287],[-160.983477,58.861941],[-160.993697,58.852169],[-161.031552,58.839723]]],[[[-161.083622,58.591259],[-161.071419,58.605478],[-161.075697,58.615382],[-161.072132,58.628562],[-161.080213,58.635737],[-161.052404,58.69025],[-161.059772,58.7005],[-161.020555,58.708957],[-160.995718,58.723706],[-160.923476,58.744629],[-160.861666,58.746218],[-160.787748,58.775616],[-160.765763,58.774507],[-160.748768,58.786827],[-160.741948,58.79843],[-160.70941,58.802189],[-160.701494,58.807986],[-160.699857,58.81635],[-160.683445,58.817322],[-160.724715,58.767287],[-160.777534,58.716241],[-160.79773,58.680923],[-160.849889,58.630223],[-160.883871,58.579705],[-160.918397,58.562585],[-160.963705,58.550933],[-161.033278,58.55859],[-161.075222,58.546617],[-161.084491,58.554057],[-161.072132,58.57321],[-161.085323,58.586405],[-161.083622,58.591259]]],[[[-161.364931,58.826021],[-161.064103211421,58.8258095760508],[-161.080569,58.816498],[-161.112656,58.81176],[-161.13381,58.797356],[-161.144624,58.802589],[-161.171482,58.797233],[-161.179206,58.791876],[-161.178375,58.783501],[-161.182772,58.780791],[-161.225673,58.782639],[-161.288539,58.771057],[-161.302562,58.76354],[-161.29864,58.760335],[-161.301611,58.754109],[-161.331302068075,58.739335103711],[-161.365049,58.739364],[-161.364931,58.826021]]]]}},{"type":"Feature","properties":{"GEOID":"02066","NAME":"Copper River","state":"AK","wildfire_risk_score":83.651,"wildfire_eal_total":392417.74,"risk_band":"High","source":"FEMA National Risk Index v1.20 (December 2025)"},"geometry":{"type":"Polygon","coordinates":[[[-147.744753,61.426276],[-147.206597,61.426265],[-147.206605,61.470663],[-146.942559,61.470675],[-146.942601,61.817272],[-146.960952,61.817272],[-146.960978,62.163852],[-146.979811,62.163852],[-146.979807,62.250497],[-146.423984,62.250511],[-146.42399,62.510454],[-146.436884,62.510453],[-146.436899,62.856991],[-146.450126,62.856991],[-146.450134,62.957864],[-146.494296,62.957864],[-146.494311,63.168975],[-146.491015,63.170867],[-146.466584,63.17758],[-146.350897,63.18636],[-146.340295,63.190816],[-146.190616,63.180374],[-146.175073,63.182706],[-146.174861,63.189757],[-146.165893,63.184045],[-146.147864,63.183036],[-146.123436,63.190744],[-146.117961,63.198986],[-146.111498,63.199518],[-146.111486,63.217762],[-145.154395,63.217781],[-145.154385,63.131149],[-144.580171,63.131168],[-144.580159,63.116931],[-143.132337,63.116978],[-143.141118,63.10984],[-143.133425,63.099417],[-143.121164,63.093126],[-143.12533,63.087281],[-143.12159,63.077718],[-143.125446,63.074934],[-143.115335,63.056347],[-143.125807,63.048774],[-143.126261,63.043333],[-143.08998,63.034953],[-143.084472,63.025421],[-143.098876,63.007891],[-143.001837,62.995623],[-142.996224,62.982377],[-143.006025,62.972065],[-143.038524,62.969235],[-143.031807,62.957376],[-143.041718,62.942718],[-143.029106,62.940188],[-143.032238,62.931791],[-143.06723,62.915597],[-143.059748,62.909892],[-143.062512,62.90569],[-143.074328,62.89601],[-143.085094,62.895555],[-143.096702,62.87817],[-143.122998,62.876329],[-143.131333,62.857403],[-143.145168,62.860657],[-143.154889,62.857618],[-143.162177,62.851831],[-143.166698,62.83255],[-143.20757,62.829091],[-143.204425,62.821433],[-143.176652,62.813029],[-143.178697,62.809521],[-143.170179,62.803311],[-143.136225,62.80244],[-143.064472,62.771739],[-143.019434,62.774241],[-143.008849,62.766249],[-143.023437,62.760402],[-143.032855,62.748343],[-143.051191,62.73866],[-143.06278,62.738143],[-143.076785,62.716198],[-143.09086,62.712132],[-143.091002,62.70464],[-143.117581,62.703356],[-143.138167,62.695401],[-143.142228,62.690356],[-143.126013,62.686029],[-143.128832,62.675889],[-143.116179,62.665259],[-143.130489,62.661759],[-143.155202,62.664848],[-143.170879,62.655844],[-143.173603,62.650785],[-143.160069,62.64519],[-143.160737,62.639434],[-143.151065,62.630679],[-143.116632,62.625239],[-143.104996,62.614905],[-143.080929,62.611126],[-143.005938,62.616683],[-143.003486,62.610995],[-142.963301,62.596662],[-142.933545,62.598663],[-142.92739,62.611393],[-142.916545,62.612425],[-142.899987,62.606598],[-142.867485,62.607581],[-142.861173,62.602976],[-142.83156,62.600349],[-142.83856,62.609096],[-142.829759,62.613675],[-142.829001,62.62474],[-142.80214,62.639217],[-142.805478,62.642996],[-142.791436,62.654242],[-142.742485,62.657813],[-142.740049,62.660857],[-142.751903,62.669509],[-142.751438,62.682699],[-142.732743,62.68682],[-142.738934,62.699434],[-142.719523,62.713508],[-142.635493,62.700204],[-142.626397,62.688592],[-142.629957,62.68344],[-142.59887,62.683959],[-142.58569,62.694596],[-142.569388,62.687942],[-142.518385,62.681589],[-142.313564,62.683828],[-142.313555,62.597193],[-142.126131,62.597192],[-142.125838,62.510556],[-141.977353,62.510559],[-141.977336,62.163983],[-142.014989,62.163981],[-142.014987,62.117646],[-141.831812,62.117178],[-141.831804,61.904053],[-141.002189011494,61.904047],[-141.001965520117,60.391686994736],[-141.213444,60.391676],[-141.213451,60.435268],[-141.790601,60.435238],[-141.791172,60.523036],[-141.965972,60.521891],[-141.965993,60.608553],[-142.842776,60.608511],[-142.84281,60.777491],[-143.362748,60.777498],[-143.362754,60.86415],[-143.7172,60.86415],[-143.717215,61.037469],[-144.426087,61.037453],[-144.426098,61.124104],[-144.416409,61.124106],[-144.41642,61.210774],[-146.207985,61.210731],[-146.208008,61.297383],[-147.206579,61.297357],[-147.207359,61.339603],[-147.744717,61.339962],[-147.744753,61.426276]]]}},{"type":"Feature","properties":{"GEOID":"02130","NAME":"Ketchikan Gateway","state":"AK","wildfire_risk_score":10.941,"wildfire_eal_total":3764.31,"risk_band":"Moderate","source":"FEMA National Risk Index v1.20 (December 2025)"},"geometry":{"type":"MultiPolygon","coordinates":[[[[-130.983112,55.365981],[-130.971585,55.379622],[-130.948173,55.382525],[-130.929991,55.343078],[-130.933318,55.333143],[-130.961008,55.315902],[-130.97004,55.31597],[-130.967188,55.33632],[-130.978121,55.344903],[-130.983112,55.365981]]],[[[-131.043245,55.303457],[-131.030648,55.30481],[-131.028866,55.285797],[-131.034926,55.28485],[-131.042889,55.292835],[-131.043245,55.303457]]],[[[-131.207054,54.869794],[-131.195646,54.873843],[-131.194695,54.871217],[-131.205343,54.865746],[-131.207054,54.869794]]],[[[-131.244703,55.074536],[-131.2409,55.085094],[-131.244322,55.086944],[-131.238618,55.093147],[-131.226639,55.092929],[-131.207054,55.113706],[-131.196026,55.105767],[-131.189751,55.108268],[-131.17511,55.086726],[-131.181765,55.076822],[-131.193554,55.071161],[-131.193364,55.060926],[-131.18766,55.054392],[-131.189371,55.046767],[-131.196787,55.043172],[-131.21447,55.045569],[-131.216942,55.052214],[-131.239379,55.061798],[-131.244703,55.074536]]],[[[-131.269992,55.36078],[-131.259177,55.363888],[-131.253116,55.352201],[-131.265832,55.356727],[-131.269992,55.36078]]],[[[-131.287675,55.012547],[-131.278548,55.025737],[-131.260675,55.028571],[-131.250597,55.036744],[-131.215421,55.036417],[-131.246984,55.024974],[-131.252499,55.012438],[-131.269041,55.01451],[-131.290337,55.010039],[-131.287675,55.012547]]],[[[-131.385791,55.250959],[-131.38289,55.251131],[-131.38305,55.247958],[-131.385504,55.248015],[-131.385791,55.250959]]],[[[-131.458709,55.265963],[-131.407965,55.253502],[-131.398101,55.246999],[-131.397507,55.239682],[-131.426623,55.238463],[-131.458709,55.265963]]],[[[-131.498355,54.934735],[-131.489798,54.938995],[-131.481242,54.955267],[-131.470213,54.958542],[-131.469453,54.962581],[-131.476868,54.963018],[-131.466981,54.968476],[-131.45272,54.97055],[-131.412219,54.963782],[-131.402522,54.975788],[-131.368867,54.976443],[-131.351754,54.984408],[-131.344718,54.979498],[-131.33312,54.980698],[-131.335021,54.994881],[-131.306119,54.994772],[-131.297943,54.990627],[-131.244132,55.003279],[-131.235005,54.988663],[-131.238618,54.982444],[-131.253449,54.98179],[-131.2544,54.975679],[-131.240329,54.968367],[-131.246034,54.962472],[-131.232534,54.946203],[-131.242421,54.94107],[-131.245463,54.933533],[-131.238618,54.927743],[-131.227019,54.924902],[-131.219033,54.929382],[-131.191082,54.918236],[-131.22778,54.892437],[-131.222836,54.882375],[-131.259154,54.874608],[-131.252118,54.866402],[-131.262766,54.860384],[-131.299844,54.861587],[-131.29376,54.869247],[-131.295281,54.875702],[-131.310492,54.874718],[-131.316767,54.879422],[-131.322662,54.867278],[-131.343578,54.855787],[-131.369817,54.867278],[-131.374761,54.86312],[-131.384839,54.866512],[-131.398909,54.889484],[-131.442072,54.903808],[-131.440931,54.912881],[-131.446255,54.918455],[-131.469833,54.913865],[-131.498355,54.934735]]],[[[-131.539616,55.002406],[-131.51908,55.000552],[-131.497974,54.991172],[-131.503108,54.963236],[-131.520411,54.957996],[-131.51851,54.973169],[-131.539426,54.996735],[-131.539616,55.002406]]],[[[-131.617575,54.947951],[-131.594948,54.956686],[-131.594567,54.965747],[-131.588673,54.97044],[-131.533911,54.955048],[-131.567377,54.948169],[-131.570799,54.946422],[-131.567377,54.938777],[-131.5843,54.936264],[-131.588673,54.930802],[-131.621948,54.946531],[-131.617575,54.947951]]],[[[-131.659311,55.331926],[-131.65836,55.337739],[-131.633642,55.330574],[-131.594068,55.307516],[-131.604526,55.303186],[-131.613439,55.306433],[-131.646358,55.320703],[-131.659311,55.331926]]],[[[-131.712314,55.117534],[-131.707937,55.119147],[-131.706395,55.113463],[-131.709461,55.113116],[-131.712314,55.117534]]],[[[-131.712787,55.861339],[-131.674901,55.862414],[-131.680103,55.870349],[-131.696105,55.868801],[-131.687517,55.876018],[-131.68925,55.881999],[-131.684949,55.886373],[-131.689514,55.890232],[-131.66893,55.905766],[-131.648697,55.912903],[-131.639175,55.912903],[-131.63168,55.904878],[-131.621933,55.90279],[-131.587182,55.866548],[-131.593244,55.8547],[-131.601011,55.853919],[-131.659814,55.86037],[-131.712361,55.853373],[-131.715733,55.857096],[-131.712787,55.861339]]],[[[-131.718009,55.530598],[-131.716113,55.533705],[-131.712175,55.534347],[-131.716468,55.529872],[-131.718009,55.530598]]],[[[-131.728714,55.554845],[-131.719088,55.56365],[-131.70448,55.561648],[-131.706852,55.554153],[-131.719286,55.546296],[-131.720498,55.536186],[-131.728831,55.546257],[-131.728714,55.554845]]],[[[-131.740716,55.125757],[-131.730904,55.124523],[-131.730716,55.120631],[-131.737531,55.120807],[-131.740716,55.125757]]],[[[-131.743569,55.111961],[-131.737151,55.113796],[-131.735602,55.112654],[-131.73984,55.109538],[-131.743569,55.111961]]],[[[-131.806722,55.484003],[-131.804595,55.486769],[-131.80108,55.485233],[-131.805606,55.482736],[-131.806722,55.484003]]],[[[-131.841374,55.852561],[-131.829371,55.857297],[-131.813803,55.85056],[-131.830322,55.845689],[-131.841374,55.852561]]],[[[-131.850984,55.525463],[-131.819373,55.530441],[-131.810697,55.540596],[-131.752822,55.54147],[-131.754843,55.517592],[-131.769698,55.51342],[-131.785028,55.501172],[-131.814381,55.495181],[-131.817828,55.483398],[-131.82377,55.480166],[-131.8309,55.48057],[-131.827929,55.48488],[-131.836961,55.492219],[-131.834465,55.501576],[-131.840051,55.505008],[-131.833515,55.510325],[-131.847062,55.514497],[-131.850984,55.525463]]],[[[-132.202766,55.627977],[-132.198963,55.63435],[-132.177966,55.635336],[-132.150456,55.649704],[-132.092786,55.659587],[-132.088727,55.697355],[-132.073481,55.709248],[-132.053979,55.70984],[-132.041863,55.69879],[-132.008893,55.687053],[-131.985788,55.688466],[-131.981152,55.695724],[-131.962744,55.700757],[-131.968193,55.71393],[-131.978609,55.717346],[-131.984358,55.72567],[-131.974149,55.736614],[-131.97917,55.751959],[-131.955059,55.767457],[-131.951387,55.77649],[-131.93531,55.780705],[-131.939012,55.785319],[-131.935635,55.798431],[-131.97226,55.829301],[-132.01072,55.853473],[-132.005296,55.860424],[-132.007693,55.869737],[-131.986277,55.879773],[-131.957998,55.884414],[-131.958035,55.892017],[-131.964268,55.896665],[-131.957862,55.907929],[-131.941943,55.909684],[-131.93646,55.915481],[-131.910447,55.915647],[-131.895616,55.920538],[-131.881898,55.932244],[-131.871989,55.951648],[-131.900628,55.969357],[-131.905601,55.979061],[-131.894096,55.988563],[-131.879568,55.992418],[-131.880954,55.998107],[-131.872668,56.013581],[-131.875401,56.023086],[-131.859939,56.036517],[-131.824923,56.036386],[-131.823297,56.044493],[-131.833182,56.053512],[-131.829365,56.056465],[-131.808547,56.055469],[-131.804318,56.051425],[-131.732632,56.064584],[-131.718276,56.061087],[-131.712267,56.052539],[-131.690189,56.050942],[-131.664222,56.067502],[-131.66558,56.076218],[-131.680239,56.077312],[-131.67718,56.087603],[-131.690134,56.091343],[-131.651202,56.103895],[-131.63876,56.091559],[-131.617479,56.085941],[-131.602394,56.088774],[-131.60079,56.081651],[-131.584992,56.066511],[-131.527013,56.053161],[-131.52806,56.035403],[-131.497966,56.030145],[-131.499605,56.02083],[-131.495331,56.017744],[-131.413191,56.026351],[-131.371856,56.013252],[-131.364317,56.017943],[-131.381583,56.039922],[-131.37582,56.046076],[-131.385949,56.053948],[-131.375646,56.058802],[-131.369226,56.06991],[-131.379693,56.074978],[-131.380207,56.079691],[-131.39996,56.08428],[-131.405834,56.094775],[-131.425991,56.104964],[-131.42088,56.112334],[-131.439957,56.131083],[-131.435008,56.141813],[-131.422008,56.144412],[-131.411658,56.138857],[-131.392885,56.13976],[-131.358142,56.157213],[-131.355873,56.166091],[-131.339968,56.182629],[-131.323992,56.179882],[-131.315573,56.187858],[-131.316086,56.193281],[-131.291385,56.193752],[-131.288588,56.204017],[-131.253358,56.20685],[-131.247816,56.19824],[-131.250158,56.190793],[-131.238566,56.170968],[-131.210518,56.184683],[-131.191033,56.188575],[-131.149842,56.187852],[-131.14364,56.19836],[-131.124785,56.20027],[-131.108495,56.193515],[-131.083149,56.212052],[-131.07661,56.22241],[-131.06275,56.226459],[-131.061142,56.236736],[-131.02176,56.246612],[-131.006289,56.261373],[-130.99832,56.277626],[-131.018424,56.273375],[-131.02184,56.279955],[-131.037607,56.285049],[-131.041453,56.292604],[-131.039502,56.299559],[-131.015885,56.30856],[-131.013177,56.314211],[-131.054098,56.329381],[-131.091316,56.333226],[-131.112281,56.35286],[-131.11444,56.358732],[-131.103847,56.377237],[-131.087779,56.381403],[-131.080545,56.391966],[-131.078804,56.397682],[-131.087349,56.406005],[-130.781981,56.366844],[-130.623308,56.266878],[-130.540532,56.24745],[-130.46787,56.243053],[-130.426006,56.141561],[-130.35009,56.128542],[-130.24623,56.096415],[-130.256369,56.096805],[-130.280307,56.081521],[-130.282027,56.067144],[-130.292018,56.056199],[-130.283087,56.041278],[-130.252474,56.029442],[-130.250256,56.016693],[-130.218768,55.999971],[-130.247759,55.996805],[-130.246174,55.989207],[-130.259401,55.985259],[-130.286101,55.997738],[-130.29506,55.997077],[-130.323281,55.98261],[-130.322534,55.967099],[-130.352019,55.968255],[-130.367096,55.963772],[-130.384688,55.956165],[-130.388606,55.943179],[-130.385029,55.938675],[-130.370783,55.937156],[-130.371053,55.930787],[-130.349123,55.920078],[-130.332966,55.904219],[-130.308479,55.908721],[-130.288673,55.887006],[-130.290352,55.874428],[-130.29848,55.867112],[-130.292563,55.857348],[-130.264687,55.841361],[-130.237973,55.816645],[-130.20205,55.805591],[-130.192342,55.788882],[-130.151597755613,55.7674368282139],[-130.14804,55.715041],[-130.111657,55.682901],[-130.127904,55.581035],[-130.089853,55.497978],[-130.041216,55.451725],[-130.021107,55.337916],[-129.976649,55.300371],[-129.974167,55.281919],[-130.102842,55.192602],[-130.146125,55.142842],[-130.15243,55.124616],[-130.180886,55.091251],[-130.187562,55.062841],[-130.273328,54.973964],[-130.344537,54.918813],[-130.459388,54.848465],[-130.568203,54.792153],[-130.628874,54.78272],[-130.659038,54.763058],[-130.62807,54.739341],[-130.644479,54.736897],[-130.643393,54.728419],[-130.653213,54.723935],[-130.686488,54.731621],[-130.690291,54.728739],[-130.685062,54.718032],[-130.73836,54.748602],[-130.744719,54.758236],[-130.751612,54.772497],[-130.735212,54.781956],[-130.74163,54.79155],[-130.742316,54.801914],[-130.737827,54.807442],[-130.746859,54.814154],[-130.757554,54.808538],[-130.765635,54.810319],[-130.780371,54.825794],[-130.787444,54.822905],[-130.791294,54.787083],[-130.806815,54.776862],[-130.842881,54.766327],[-130.842644,54.762076],[-130.855478,54.760568],[-130.856191,54.766876],[-130.890558,54.777076],[-130.934626,54.80073],[-130.948173,54.829217],[-130.937715,54.849474],[-130.95343,54.857138],[-130.957443,54.883806],[-130.95462,54.895804],[-130.966894,54.912563],[-130.966118,54.917698],[-130.97544,54.921383],[-130.967707,54.932686],[-130.947481,54.932686],[-130.946292,54.947557],[-130.95224,54.95648],[-130.966831,54.961252],[-130.97544,54.969567],[-130.992096,54.992767],[-131.010564,54.991535],[-131.014605,54.999579],[-131.006524,55.014573],[-131.00688,55.030378],[-131.000344,55.033102],[-131.012585,55.046653],[-130.992263,55.04393],[-130.993332,55.052916],[-130.999869,55.056116],[-130.999393,55.059995],[-130.990837,55.060676],[-130.98953,55.067958],[-130.929515,55.077824],[-130.874611,55.097072],[-130.851081,55.119369],[-130.826977,55.116309],[-130.821115,55.103261],[-130.823154,55.094624],[-130.806754,55.078368],[-130.794157,55.073129],[-130.772409,55.075647],[-130.720001,55.093876],[-130.706215,55.12399],[-130.71013,55.128991],[-130.718099,55.133027],[-130.733549,55.131057],[-130.734975,55.116787],[-130.743769,55.11332],[-130.739966,55.110941],[-130.741273,55.101356],[-130.77336,55.09272],[-130.795464,55.102919],[-130.799742,55.120593],[-130.816142,55.144846],[-130.830165,55.142945],[-130.836226,55.133639],[-130.872235,55.125893],[-130.875812,55.117472],[-130.898261,55.104075],[-130.994164,55.085102],[-131.027558,55.09272],[-131.034926,55.108018],[-131.046929,55.107882],[-131.051564,55.118078],[-131.072717,55.123583],[-131.077162,55.13425],[-131.07141,55.137443],[-131.087572,55.15965],[-131.08472,55.170104],[-131.092605,55.192711],[-131.031242,55.22457],[-131.008663,55.241647],[-130.986321,55.245238],[-130.982637,55.253299],[-130.951263,55.273952],[-130.952808,55.288504],[-130.944014,55.295339],[-130.908837,55.300886],[-130.898617,55.296083],[-130.886971,55.299872],[-130.883762,55.293918],[-130.855122,55.293782],[-130.85052,55.302562],[-130.856072,55.30941],[-130.871857,55.313991],[-130.871046,55.32165],[-130.877582,55.330709],[-130.876632,55.348282],[-130.883524,55.365711],[-130.875919,55.384348],[-130.882811,55.401694],[-130.891606,55.41141],[-130.896121,55.404191],[-130.894094,55.393093],[-130.898736,55.394541],[-130.91573,55.428744],[-130.923811,55.428137],[-130.923336,55.437644],[-130.911927,55.460358],[-130.899805,55.466691],[-130.890655,55.482587],[-130.872472,55.488445],[-130.881623,55.492956],[-130.871997,55.502986],[-130.879127,55.522365],[-130.870098,55.544379],[-130.822678,55.542811],[-130.809368,55.548593],[-130.817212,55.554106],[-130.833493,55.550207],[-130.876275,55.560357],[-130.880553,55.597169],[-130.890655,55.635155],[-130.897666,55.643875],[-130.904203,55.686371],[-130.901872,55.69738],[-130.894577,55.70412],[-130.896597,55.712824],[-130.906698,55.715235],[-130.939017,55.754831],[-130.969327,55.781719],[-130.948695,55.794245],[-130.953878,55.803567],[-130.945678,55.81098],[-130.989292,55.797688],[-131.003553,55.805904],[-131.046216,55.852761],[-131.067608,55.868659],[-131.077709,55.885367],[-131.085433,55.884701],[-131.092326,55.894897],[-131.107181,55.899695],[-131.14105,55.927867],[-131.179555,55.94717],[-131.201896,55.974976],[-131.214493,55.980163],[-131.213259,55.989045],[-131.181098,56.005126],[-131.155074,56.011134],[-131.100169,56.035973],[-131.093277,56.043275],[-131.103804,56.048054],[-131.105588,56.05686],[-131.129383,56.054481],[-131.154367,56.03604],[-131.193578,56.025083],[-131.212664,56.010461],[-131.228725,56.005107],[-131.308615,55.991398],[-131.315579,55.982864],[-131.342246,55.968126],[-131.354724,55.967062],[-131.355794,55.95602],[-131.340107,55.954756],[-131.282232,55.971452],[-131.253662,55.97098],[-131.236716,55.949832],[-131.167195,55.909154],[-131.116688,55.862366],[-131.073906,55.830875],[-131.064518,55.814185],[-131.056495,55.810727],[-131.057506,55.805036],[-131.047286,55.79869],[-131.050613,55.789471],[-131.043245,55.782989],[-131.052515,55.77283],[-131.0417,55.767349],[-130.996898,55.720723],[-130.972654,55.705527],[-130.967307,55.694209],[-130.959938,55.693204],[-130.959107,55.68818],[-130.965999,55.688783],[-130.970991,55.680342],[-130.94683,55.650716],[-130.95055,55.639985],[-130.939855,55.619187],[-130.955541,55.60489],[-130.959463,55.588641],[-130.956136,55.585216],[-130.935457,55.588037],[-130.929528,55.57364],[-130.94033,55.565128],[-130.940686,55.556122],[-130.947579,55.553635],[-130.965999,55.563045],[-130.970872,55.572788],[-130.979904,55.574266],[-130.983112,55.565867],[-130.980221,55.547714],[-130.987747,55.534069],[-130.973528,55.522076],[-130.98133,55.518329],[-130.980498,55.508639],[-130.992025,55.498274],[-130.982348,55.498579],[-130.983046,55.488764],[-130.994376,55.472396],[-130.98228,55.464602],[-130.989648,55.461705],[-130.983588,55.457865],[-130.986677,55.45618],[-130.980752,55.43326],[-130.990718,55.426856],[-130.979785,55.427261],[-130.970622,55.391434],[-130.990954,55.378483],[-131.00284,55.387926],[-131.00284,55.39967],[-131.008726,55.404818],[-131.030292,55.408576],[-131.035996,55.3994],[-131.027301,55.371392],[-131.02946,55.358686],[-131.022448,55.353282],[-131.022329,55.344565],[-131.032193,55.346998],[-131.043721,55.327938],[-131.053109,55.328411],[-131.049544,55.304404],[-131.058457,55.293782],[-131.063567,55.260139],[-131.07589,55.251442],[-131.08163,55.253299],[-131.100051,55.24578],[-131.096877,55.239432],[-131.118946,55.222672],[-131.13392,55.223485],[-131.132741,55.215492],[-131.145091,55.215893],[-131.147111,55.207553],[-131.158758,55.197041],[-131.17076,55.200703],[-131.181628,55.19214],[-131.204154,55.18985],[-131.22198,55.197176],[-131.233151,55.195684],[-131.267258,55.208231],[-131.274032,55.223146],[-131.290812,55.226177],[-131.295542,55.234532],[-131.326678,55.24307],[-131.324777,55.24727],[-131.277241,55.258717],[-131.24019,55.287156],[-131.226496,55.306907],[-131.224001,55.3205],[-131.215088,55.325233],[-131.211166,55.343889],[-131.189299,55.360915],[-131.195241,55.36436],[-131.198738,55.391498],[-131.216743,55.391802],[-131.234577,55.408172],[-131.237786,55.405608],[-131.229586,55.389816],[-131.232082,55.385766],[-131.236241,55.387858],[-131.236008,55.382326],[-131.243728,55.381918],[-131.243728,55.392651],[-131.24765,55.393528],[-131.260009,55.391368],[-131.266426,55.38239],[-131.284609,55.387656],[-131.293284,55.380972],[-131.280925,55.368278],[-131.285084,55.367805],[-131.287016,55.35826],[-131.264608,55.345639],[-131.253235,55.331859],[-131.255018,55.320839],[-131.260722,55.315158],[-131.271299,55.315835],[-131.283671,55.288811],[-131.299107,55.27666],[-131.314557,55.275915],[-131.328583,55.265326],[-131.327272,55.270296],[-131.332383,55.270838],[-131.35104,55.259597],[-131.367643,55.266493],[-131.367084,55.272395],[-131.382058,55.263525],[-131.403801,55.261939],[-131.460848,55.277269],[-131.47499,55.283361],[-131.469048,55.291414],[-131.483428,55.300007],[-131.470831,55.30251],[-131.454193,55.320636],[-131.441834,55.320906],[-131.385147,55.34193],[-131.383246,55.348822],[-131.388356,55.354295],[-131.398339,55.354295],[-131.407846,55.346457],[-131.428762,55.346457],[-131.44837,55.337469],[-131.450866,55.343146],[-131.457402,55.344295],[-131.48224,55.326315],[-131.494146,55.33231],[-131.514089,55.331047],[-131.522408,55.326045],[-131.519912,55.31597],[-131.528587,55.297977],[-131.539704,55.29316],[-131.550278,55.294101],[-131.56622,55.306467],[-131.594514,55.315194],[-131.640128,55.340679],[-131.698743,55.354873],[-131.677731,55.333413],[-131.627462,55.303863],[-131.613558,55.287083],[-131.633404,55.284917],[-131.631027,55.282278],[-131.642792,55.265353],[-131.650733,55.279723],[-131.646595,55.285256],[-131.648972,55.289452],[-131.668343,55.301563],[-131.692111,55.305892],[-131.690209,55.297977],[-131.681653,55.294527],[-131.686407,55.273072],[-131.670482,55.257227],[-131.671908,55.250251],[-131.682841,55.25506],[-131.688427,55.250928],[-131.683911,55.2346],[-131.689362,55.223926],[-131.724792,55.229721],[-131.744757,55.24998],[-131.75878,55.251876],[-131.753313,55.237446],[-131.740835,55.229585],[-131.747966,55.219689],[-131.734774,55.219554],[-131.739171,55.216571],[-131.732754,55.21413],[-131.735487,55.209112],[-131.71778,55.202195],[-131.710293,55.193717],[-131.726574,55.165692],[-131.747134,55.160532],[-131.74036,55.156594],[-131.740003,55.150144],[-131.719325,55.150483],[-131.723009,55.140228],[-131.734299,55.138122],[-131.746183,55.128815],[-131.763113,55.127686],[-131.768168,55.135948],[-131.781241,55.14016],[-131.777254,55.142111],[-131.778626,55.146884],[-131.79392,55.154275],[-131.794432,55.161075],[-131.800612,55.162263],[-131.809168,55.176823],[-131.828896,55.188629],[-131.831939,55.19697],[-131.8264,55.202874],[-131.838997,55.224909],[-131.846008,55.270296],[-131.860982,55.285865],[-131.869063,55.309342],[-131.862408,55.345714],[-131.866924,55.349566],[-131.854921,55.353484],[-131.880176,55.373948],[-131.879759,55.381715],[-131.834243,55.377732],[-131.848623,55.393663],[-131.854497,55.422141],[-131.850718,55.425397],[-131.818211,55.417528],[-131.809423,55.413129],[-131.812543,55.407396],[-131.758186,55.382728],[-131.732138,55.363988],[-131.713688,55.362415],[-131.737338,55.387718],[-131.718322,55.407612],[-131.741304,55.399614],[-131.741943,55.405321],[-131.766734,55.414553],[-131.76035,55.417463],[-131.773864,55.419817],[-131.810815,55.443047],[-131.83025,55.449005],[-131.831541,55.464423],[-131.81832,55.473523],[-131.801451,55.475282],[-131.798609,55.470274],[-131.791606,55.476033],[-131.787373,55.473415],[-131.717451,55.515911],[-131.70328,55.528796],[-131.703155,55.542676],[-131.695676,55.550677],[-131.697102,55.554576],[-131.684862,55.562104],[-131.697577,55.56412],[-131.699598,55.569227],[-131.682247,55.577155],[-131.677256,55.585216],[-131.649091,55.580783],[-131.643387,55.586358],[-131.649923,55.587567],[-131.650873,55.592603],[-131.630314,55.599587],[-131.699946,55.613483],[-131.723247,55.634552],[-131.718256,55.649843],[-131.705421,55.655945],[-131.710175,55.661576],[-131.708035,55.673306],[-131.69734,55.690726],[-131.706744,55.706435],[-131.720276,55.710347],[-131.720157,55.717109],[-131.733408,55.730832],[-131.722415,55.729022],[-131.726574,55.738122],[-131.719308,55.749099],[-131.704589,55.757119],[-131.687357,55.752504],[-131.685099,55.758723],[-131.677969,55.760997],[-131.679514,55.768953],[-131.671195,55.771159],[-131.640891,55.770825],[-131.636797,55.765397],[-131.620332,55.763203],[-131.581471,55.780984],[-131.570657,55.78045],[-131.567329,55.774902],[-131.547245,55.774635],[-131.490083,55.786264],[-131.496382,55.792611],[-131.546413,55.805971],[-131.552831,55.8039],[-131.545886,55.798492],[-131.551737,55.79155],[-131.582065,55.794549],[-131.614302,55.784321],[-131.640294,55.785274],[-131.645882,55.7874],[-131.641247,55.790139],[-131.674523,55.798757],[-131.703282,55.789872],[-131.711363,55.836214],[-131.703519,55.839551],[-131.537381,55.834679],[-131.486756,55.845222],[-131.5621,55.852161],[-131.557465,55.864433],[-131.569706,55.875101],[-131.566497,55.878768],[-131.580996,55.883634],[-131.599297,55.900028],[-131.587413,55.913084],[-131.569943,55.913018],[-131.565071,55.923007],[-131.573865,55.923473],[-131.572439,55.929132],[-131.609874,55.922008],[-131.614627,55.92567],[-131.610753,55.929961],[-131.612369,55.938718],[-131.616766,55.93965],[-131.679157,55.918279],[-131.758305,55.878235],[-131.793244,55.883634],[-131.797284,55.882968],[-131.797641,55.876702],[-131.810951,55.876035],[-131.821884,55.890632],[-131.832104,55.8861],[-131.826285,55.877339],[-131.841493,55.872235],[-131.905072,55.869701],[-131.917431,55.863899],[-131.916124,55.85703],[-131.890811,55.844488],[-131.841097,55.844386],[-131.799067,55.835747],[-131.780409,55.822664],[-131.769,55.824066],[-131.762108,55.813651],[-131.768763,55.809243],[-131.768168,55.793814],[-131.777319,55.789939],[-131.779339,55.775704],[-131.79051,55.768017],[-131.800255,55.76775],[-131.803345,55.758188],[-131.795502,55.754912],[-131.809049,55.746351],[-131.812747,55.733086],[-131.825211,55.718046],[-131.84993,55.719452],[-131.868469,55.73926],[-131.87251,55.738122],[-131.864785,55.718782],[-131.817012,55.671496],[-131.826162,55.667944],[-131.836145,55.672233],[-131.835227,55.65885],[-131.851356,55.653732],[-131.849811,55.647764],[-131.857061,55.631935],[-131.865395,55.63068],[-131.871084,55.635021],[-131.878808,55.623012],[-131.892,55.62073],[-131.885701,55.600661],[-131.895921,55.599721],[-131.913628,55.610999],[-131.919452,55.606904],[-131.934425,55.617778],[-131.948805,55.617778],[-131.947498,55.623817],[-131.964729,55.63435],[-131.968651,55.644546],[-131.980892,55.654604],[-132.013216,55.673909],[-132.035439,55.678197],[-131.994558,55.651251],[-131.994796,55.64582],[-131.985764,55.643472],[-131.982793,55.635893],[-131.970434,55.628581],[-131.960927,55.604018],[-131.936446,55.591395],[-131.932049,55.583537],[-131.951301,55.580581],[-131.938585,55.56795],[-131.939892,55.561029],[-131.944883,55.561029],[-131.936689,55.535151],[-131.944051,55.525258],[-131.958074,55.53111],[-131.964135,55.521154],[-131.964016,55.509043],[-131.954509,55.501842],[-131.972335,55.506284],[-131.969008,55.496861],[-131.983506,55.497938],[-132.005848,55.512206],[-132.022129,55.514965],[-132.044946,55.534473],[-132.0743,55.544896],[-132.076795,55.537701],[-132.085827,55.537566],[-132.09581,55.546307],[-132.120053,55.549736],[-132.150357,55.562709],[-132.165212,55.580715],[-132.185653,55.587768],[-132.197418,55.605965],[-132.202766,55.627977]]]]}},{"type":"Feature","properties":{"GEOID":"02185","NAME":"North Slope","state":"AK","wildfire_risk_score":11.387,"wildfire_eal_total":3078.01,"risk_band":"Moderate","source":"FEMA National Risk Index v1.20 (December 2025)"},"geometry":{"type":"MultiPolygon","coordinates":[[[[-147.265093,70.212817],[-147.237641,70.221143],[-147.222192,70.2324],[-147.198899,70.229707],[-147.180836,70.219776],[-147.221003,70.214909],[-147.238829,70.207667],[-147.240612,70.212777],[-147.265093,70.212817]]],[[[-148.002963,70.316755],[-147.988945,70.318834],[-147.962303,70.315469],[-147.982558,70.312561],[-148.002963,70.316755]]],[[[-148.947246029989,70.4814311974229],[-148.902537,70.482465],[-148.899946,70.482007],[-148.916033,70.479605],[-148.947246029989,70.4814311974229]]],[[[-149.161395,70.519149],[-149.147478,70.516644],[-149.146667,70.515204],[-149.154152,70.5149],[-149.161395,70.519149]]],[[[-149.271043,70.531514],[-149.251021,70.52934],[-149.25002,70.527875],[-149.257874,70.523677],[-149.271043,70.531514]]],[[[-149.591009,70.562492],[-149.498073,70.558666],[-149.426819,70.549443],[-149.444225,70.547358],[-149.546298,70.557553],[-149.581853,70.555079],[-149.591009,70.562492]]],[[[-151.738605,70.516005],[-151.730643,70.517889],[-151.71959,70.514935],[-151.725086,70.510699],[-151.738605,70.516005]]],[[[-151.923638,70.57826],[-151.883114,70.576245],[-151.868259,70.5717],[-151.927085,70.577865],[-151.923638,70.57826]]],[[[-151.992209,70.582923],[-151.969748,70.581817],[-151.957508,70.579446],[-151.964638,70.57668],[-151.992209,70.582923]]],[[[-152.351162,70.600299],[-152.34629,70.609613],[-152.329652,70.60693],[-152.334406,70.603931],[-152.332267,70.601247],[-152.351162,70.600299]]],[[[-152.852785,70.895393],[-152.844823,70.899788],[-152.825096,70.887301],[-152.801328,70.887768],[-152.800377,70.884499],[-152.835673,70.886912],[-152.855875,70.894693],[-152.852785,70.895393]]],[[[-156.479843,71.387313],[-156.456314,71.385492],[-156.455039,71.384032],[-156.473496,71.379723],[-156.479843,71.387313]]],[[[-166.834135,68.342797],[-166.742629,68.364081],[-166.442124,68.411369],[-166.371676,68.42599],[-166.327621,68.444275],[-166.324713,68.449427],[-166.327799,68.451479],[-166.306125,68.464095],[-166.302446,68.472208],[-166.30454,68.48097],[-166.311115,68.484687],[-166.29439,68.506453],[-166.30337,68.516727],[-166.269863,68.534321],[-166.237487,68.560066],[-166.228128,68.573922],[-166.226636,68.583012],[-166.237101,68.596596],[-166.230833,68.618568],[-166.217862,68.640463],[-166.219054,68.644948],[-166.233968,68.651322],[-166.208276,68.674007],[-166.196683,68.694859],[-166.198326,68.708821],[-166.20484,68.71277],[-166.190385,68.782713],[-166.2179,68.856069],[-166.228551,68.872726],[-166.216597,68.881496],[-165.566806,68.851017],[-165.313826,68.859021],[-165.149185,68.869606],[-164.745843,68.89936],[-164.610603,68.915997],[-164.485465,68.915997],[-164.308393,68.925528],[-164.161507,68.94334],[-164.076655,68.96775],[-163.931314,68.994902],[-163.893523,69.006571],[-163.826854,69.037204],[-163.69405,69.071122],[-163.536291,69.139684],[-163.468736,69.189532],[-163.354635,69.241933],[-163.266881,69.290909],[-163.207342,69.337967],[-163.175825,69.375222],[-163.156241,69.413399],[-163.147803,69.41883],[-163.151606,69.43399],[-163.144119,69.454853],[-163.148754,69.458606],[-163.149403,69.472363],[-163.144726,69.530997],[-163.1519,69.604537],[-163.146616,69.629999],[-163.11738,69.669932],[-163.102763,69.673441],[-163.108111,69.677032],[-163.104664,69.685863],[-163.063189,69.747782],[-163.065328,69.750333],[-163.009673,69.812701],[-162.888245,69.877583],[-162.826178,69.902717],[-162.799063,69.923334],[-162.695736,69.976694],[-162.605299,70.03683],[-162.576421,70.061727],[-162.523168,70.087362],[-162.466732,70.129254],[-162.355973,70.183915],[-162.282819,70.210558],[-162.04901,70.276287],[-162.046276,70.280699],[-161.936724,70.30876],[-161.879266,70.329269],[-161.501752,70.296892],[-161.293426,70.294648],[-161.151531,70.317836],[-161.054914,70.32796],[-160.801785,70.376389],[-160.53997,70.447081],[-160.324406,70.519882],[-160.207705,70.564497],[-160.132242,70.605146],[-160.103363,70.60996],[-160.102888,70.618638],[-160.065056,70.627582],[-159.89171,70.701326],[-159.729493,70.758235],[-159.64892,70.795054],[-159.546004,70.817051],[-159.209082,70.870067],[-159.024179,70.885503],[-158.836412,70.908139],[-158.782696,70.908217],[-158.766177,70.904135],[-158.832007,70.906269],[-158.901179,70.894568],[-158.952073,70.891914],[-159.002381,70.880555],[-159.033923,70.882779],[-159.104871,70.874721],[-159.115923,70.87768],[-159.129583,70.869398],[-159.211708,70.86479],[-159.307255,70.852476],[-159.318188,70.848149],[-159.311533,70.844172],[-159.223948,70.845263],[-159.199349,70.847564],[-159.1675,70.859101],[-159.170804,70.856574],[-159.153239,70.839375],[-159.165004,70.836449],[-159.146227,70.835123],[-159.114972,70.817402],[-159.188653,70.817481],[-159.344809,70.804747],[-159.348968,70.799901],[-159.343026,70.793334],[-159.34564,70.78125],[-159.321932,70.776242],[-159.299709,70.758117],[-159.271187,70.760702],[-159.258353,70.774755],[-159.198105,70.760067],[-159.109922,70.75984],[-159.072368,70.765205],[-159.04551,70.775772],[-159.031725,70.7654],[-158.992032,70.764657],[-158.96565,70.769002],[-158.949369,70.783362],[-158.974206,70.792904],[-159.03731,70.800331],[-159.04967,70.796774],[-159.065357,70.803379],[-159.068894,70.816112],[-158.933682,70.795367],[-158.667718,70.785553],[-158.592226,70.790282],[-158.566972,70.796165],[-158.511499,70.793419],[-158.451987,70.806552],[-158.445002,70.798842],[-158.399375,70.79908],[-158.331789,70.819457],[-158.214193,70.817518],[-158.079951,70.82594],[-157.840997,70.861025],[-157.608189,70.918448],[-157.421001,70.976805],[-157.244595,71.051907],[-157.001735,71.19146],[-156.809653,71.286886],[-156.645615,71.338012],[-156.56865,71.352561],[-156.562055,71.315808],[-156.533177,71.295849],[-156.464369,71.2859],[-156.441195,71.290513],[-156.407326,71.267589],[-156.368703,71.261825],[-156.262698,71.262436],[-156.079328,71.238944],[-156.093945,71.223802],[-156.051281,71.214008],[-156.029177,71.201489],[-156.048548,71.191032],[-156.050212,71.182946],[-156.090023,71.178614],[-156.091925,71.175584],[-156.085032,71.169371],[-156.025493,71.170867],[-155.994714,71.17616],[-155.987346,71.182217],[-155.958586,71.1849],[-155.943969,71.200532],[-155.942662,71.209147],[-155.946821,71.210027],[-155.932323,71.211788],[-155.921033,71.209606],[-155.909624,71.196051],[-155.88752,71.186012],[-155.797321,71.194442],[-155.765947,71.188963],[-155.744324,71.19275],[-155.711518,71.17938],[-155.64984,71.180684],[-155.603968,71.169602],[-155.589707,71.171021],[-155.567484,71.162466],[-155.572476,71.14738],[-155.569742,71.136509],[-155.514957,71.096201],[-155.511986,71.082374],[-155.518538,71.075038],[-155.544192,71.060786],[-155.58436,71.053224],[-155.597788,71.040719],[-155.617278,71.044772],[-155.633797,71.041954],[-155.656614,71.028939],[-155.658872,71.021674],[-155.702843,71.01866],[-155.712503,71.009456],[-155.712707,70.993983],[-155.72768,70.983182],[-155.762144,70.986125],[-155.790428,70.982872],[-155.805402,70.967687],[-155.825605,70.959353],[-155.833448,70.966834],[-155.856859,70.970554],[-155.991982,70.965355],[-156.011763,70.96157],[-156.017638,70.955452],[-156.05485,70.960506],[-156.075846,70.956599],[-156.064068,70.947876],[-156.000061,70.949231],[-155.972015,70.909626],[-156.007192,70.904222],[-156.006479,70.896679],[-155.956328,70.896406],[-155.955615,70.891661],[-155.944682,70.888042],[-155.936482,70.878663],[-155.931966,70.864839],[-155.923766,70.857358],[-155.927213,70.848354],[-155.94183,70.84309],[-155.934581,70.836342],[-155.876824,70.829201],[-155.833567,70.828889],[-155.807897,70.83365],[-155.763808,70.829904],[-155.704982,70.834586],[-155.691434,70.843363],[-155.664814,70.844026],[-155.658397,70.831075],[-155.648058,70.82725],[-155.608009,70.824088],[-155.600046,70.826509],[-155.60789,70.83365],[-155.602423,70.843129],[-155.605513,70.851433],[-155.614664,70.854045],[-155.612287,70.860748],[-155.575447,70.844065],[-155.54134,70.846872],[-155.512818,70.856734],[-155.510917,70.861099],[-155.500815,70.855721],[-155.486079,70.858488],[-155.48085,70.862462],[-155.487149,70.870564],[-155.481801,70.880999],[-155.484296,70.894889],[-155.490238,70.909159],[-155.512699,70.936077],[-155.511867,70.942946],[-155.468491,70.944731],[-155.43985,70.953265],[-155.380074,70.978961],[-155.362961,70.996808],[-155.255649,71.015644],[-155.243408,71.002264],[-155.209539,70.979658],[-155.174837,70.980045],[-155.157843,70.999168],[-155.160814,71.016186],[-155.191356,71.036239],[-155.264562,71.066069],[-155.246379,71.081565],[-155.127658,71.109595],[-155.123142,71.108787],[-155.145246,71.104977],[-155.119339,71.073395],[-155.074537,71.070272],[-155.065386,71.085071],[-155.068476,71.108479],[-155.086064,71.120903],[-155.112209,71.126671],[-155.077833,71.133246],[-155.096185,71.144248],[-155.072179,71.152926],[-154.915665,71.116539],[-154.758145,71.070077],[-154.612388,71.016899],[-154.577211,70.998721],[-154.561287,70.983393],[-154.560574,70.974097],[-154.566516,70.974407],[-154.567229,70.980915],[-154.577687,70.986723],[-154.606921,70.97247],[-154.616666,70.943934],[-154.608339,70.917065],[-154.609536,70.905406],[-154.614052,70.902451],[-154.604412,70.885157],[-154.597414,70.882612],[-154.602881,70.880899],[-154.600029,70.871244],[-154.606684,70.865869],[-154.602632,70.85686],[-154.584342,70.841391],[-154.57531,70.840143],[-154.584104,70.832028],[-154.563426,70.821646],[-154.54251,70.826799],[-154.496876,70.828282],[-154.478039,70.822681],[-154.436446,70.829277],[-154.344345,70.833179],[-154.316061,70.823696],[-154.241845,70.811728],[-154.225208,70.803524],[-154.220692,70.793596],[-154.231863,70.789921],[-154.23284,70.783996],[-154.257057,70.782021],[-154.181863,70.768325],[-154.137207,70.773432],[-154.084561,70.787007],[-154.000066,70.818191],[-153.939814,70.863551],[-153.935961,70.872167],[-153.943617,70.876442],[-153.754899,70.888741],[-153.655311,70.882748],[-153.469327,70.885005],[-153.362014,70.897493],[-153.265397,70.917046],[-153.215841,70.920542],[-153.054813,70.912655],[-153.039245,70.910129],[-153.044388,70.907755],[-153.033066,70.900799],[-153.004544,70.894926],[-152.925159,70.89018],[-152.900321,70.881892],[-152.907333,70.879284],[-152.898182,70.866823],[-152.856113,70.848624],[-152.815232,70.848001],[-152.782195,70.875507],[-152.781006,70.881386],[-152.729905,70.87321],[-152.701027,70.882787],[-152.668227,70.877843],[-152.588367,70.881775],[-152.483788,70.864486],[-152.400124,70.857317],[-152.363522,70.845661],[-152.228044,70.826467],[-152.198453,70.813544],[-152.192868,70.801511],[-152.288653,70.78775],[-152.316224,70.771554],[-152.367325,70.726886],[-152.371128,70.726612],[-152.37089,70.733907],[-152.387765,70.737357],[-152.421159,70.729397],[-152.393232,70.724062],[-152.381585,70.716018],[-152.417475,70.703337],[-152.428646,70.68829],[-152.432687,70.694067],[-152.479391,70.690491],[-152.467507,70.662374],[-152.464417,70.635755],[-152.448492,70.632011],[-152.42211,70.608784],[-152.390736,70.607324],[-152.348786,70.596628],[-152.321215,70.601405],[-152.321452,70.607127],[-152.316105,70.607795],[-152.269704,70.594323],[-152.228122,70.588924],[-152.183004,70.584938],[-152.127268,70.590468],[-152.056202,70.580079],[-152.062976,70.578538],[-152.068799,70.564584],[-152.082703,70.567194],[-152.099935,70.562448],[-152.103738,70.56747],[-152.132616,70.567787],[-152.213308,70.582726],[-152.255972,70.569526],[-152.290316,70.5751],[-152.327989,70.568459],[-152.33809,70.574823],[-152.370177,70.576443],[-152.405829,70.574112],[-152.41861,70.567816],[-152.440055,70.57751],[-152.453365,70.574942],[-152.509576,70.581659],[-152.542376,70.573993],[-152.561866,70.561104],[-152.533106,70.542665],[-152.51528,70.538746],[-152.466794,70.542269],[-152.432241,70.554736],[-152.417475,70.550343],[-152.344032,70.551214],[-152.340229,70.548919],[-152.354252,70.542942],[-152.324661,70.540013],[-152.310757,70.545555],[-152.223766,70.539696],[-152.198216,70.548088],[-152.156384,70.552282],[-152.124158,70.551403],[-152.097915,70.544723],[-152.083888,70.549004],[-152.053469,70.545198],[-152.03279,70.553192],[-152.031959,70.559957],[-151.983415,70.564741],[-151.920786,70.554418],[-151.889888,70.557583],[-151.82203,70.547335],[-151.722918,70.556277],[-151.702121,70.551767],[-151.731474,70.543258],[-151.733851,70.536567],[-151.748349,70.532211],[-151.764868,70.51771],[-151.799213,70.50419],[-151.770411,70.492641],[-151.742051,70.503039],[-151.729286,70.496381],[-151.778772,70.486413],[-151.830824,70.485619],[-151.860297,70.476646],[-151.91627,70.475295],[-151.952279,70.458408],[-151.94087,70.446798],[-151.913656,70.442979],[-151.889056,70.432036],[-151.777822,70.436335],[-151.705466,70.431197],[-151.572081,70.439323],[-151.54485,70.433329],[-151.52397,70.434833],[-151.502656,70.426855],[-151.343202,70.408877],[-151.297598,70.400748],[-151.246237,70.372459],[-151.199889,70.373257],[-151.146411,70.377647],[-151.133339,70.391611],[-151.085803,70.402376],[-151.046702,70.427886],[-150.950668,70.459561],[-150.903765,70.46091],[-150.855254,70.451743],[-150.824355,70.453731],[-150.786327,70.463271],[-150.742356,70.461284],[-150.698385,70.447766],[-150.66511,70.463271],[-150.661545,70.477573],[-150.518937,70.483132],[-150.496357,70.471218],[-150.414358,70.459694],[-150.375357,70.43853],[-150.387025,70.428269],[-150.36088,70.409151],[-150.340145,70.409894],[-150.194234,70.434535],[-150.109496,70.42934],[-150.045013,70.446864],[-149.878152,70.502736],[-149.86394,70.510976],[-149.81974,70.491428],[-149.797067,70.492598],[-149.778565,70.486705],[-149.760683,70.495312],[-149.716075,70.504968],[-149.691336,70.501387],[-149.661165,70.509203],[-149.565278,70.49645],[-149.461967,70.516453],[-149.43036,70.50058],[-149.420668,70.490905],[-149.387343,70.487233],[-149.326243,70.502694],[-149.313501,70.492863],[-149.291143,70.489353],[-149.247137,70.492668],[-149.203182,70.485588],[-149.161534,70.48773],[-149.133532,70.4725],[-149.053964,70.462686],[-149.025273,70.453053],[-148.997132,70.436849],[-148.978539,70.435164],[-148.95984,70.422907],[-148.944036,70.420239],[-148.90807,70.423813],[-148.850917,70.416638],[-148.834373,70.408752],[-148.787218,70.40217],[-148.718386,70.412099],[-148.70351,70.405344],[-148.648032,70.405963],[-148.626962,70.392589],[-148.586057,70.397063],[-148.547277,70.375112],[-148.528532,70.377697],[-148.493875,70.369272],[-148.473754,70.358502],[-148.460919,70.338879],[-148.485756,70.320622],[-148.486684,70.309046],[-148.454405,70.313315],[-148.404873,70.302717],[-148.354439,70.302701],[-148.237455,70.337897],[-148.228586,70.335201],[-148.235003,70.329973],[-148.231728,70.305275],[-148.201505,70.294109],[-148.18361,70.292728],[-148.172878,70.295956],[-148.173002,70.300171],[-148.149911,70.31818],[-148.119585,70.327825],[-148.134482,70.337573],[-148.10765,70.341457],[-148.090882,70.335452],[-148.096198,70.329944],[-148.04142,70.32201],[-148.016101,70.307747],[-147.933875,70.301231],[-147.952048,70.295984],[-147.950946,70.292716],[-147.898532,70.299216],[-147.908632,70.27857],[-147.90644,70.269124],[-147.877661,70.265651],[-147.832242,70.271068],[-147.796405,70.280915],[-147.793123,70.28523],[-147.796456,70.291546],[-147.790106,70.29109],[-147.781322,70.285462],[-147.79399,70.274603],[-147.791375,70.265817],[-147.796836,70.255636],[-147.81044,70.243708],[-147.845371,70.241306],[-147.849779,70.239316],[-147.847487,70.236339],[-147.820865,70.225853],[-147.789955,70.225],[-147.79207,70.221708],[-147.780306,70.215754],[-147.746662,70.218584],[-147.679844,70.199416],[-147.655601,70.204568],[-147.600221,70.199779],[-147.582292,70.203458],[-147.56041,70.198853],[-147.535454,70.204287],[-147.408652,70.186409],[-147.344121,70.185926],[-147.323919,70.191041],[-147.304191,70.177303],[-147.286365,70.181494],[-147.291594,70.184355],[-147.283394,70.188464],[-147.285177,70.194464],[-147.273649,70.202033],[-147.262597,70.202355],[-147.235145,70.187295],[-147.230154,70.18085],[-147.240018,70.180165],[-147.227777,70.164444],[-147.219458,70.167024],[-147.22338,70.169685],[-147.218745,70.177908],[-147.173111,70.152827],[-147.131992,70.158072],[-147.082911,70.153271],[-147.061164,70.145967],[-147.054033,70.146693],[-147.054865,70.152988],[-147.051062,70.153755],[-146.97192,70.15041],[-146.900611,70.169927],[-146.882904,70.165331],[-146.858304,70.168113],[-146.868524,70.171862],[-146.852362,70.181212],[-146.661743,70.174402],[-146.629537,70.176981],[-146.623833,70.181293],[-146.580338,70.177827],[-146.517471,70.189229],[-146.514976,70.185281],[-146.480631,70.180729],[-146.430956,70.185201],[-146.411223,70.178507],[-146.39471,70.182018],[-146.255938,70.174222],[-146.235227,70.164645],[-146.207656,70.1665],[-146.190424,70.160935],[-146.1745,70.164847],[-146.155961,70.158314],[-146.132787,70.159927],[-146.092975,70.143505],[-146.052706,70.148827],[-146.038786,70.143094],[-146.020964,70.143347],[-146.034031,70.141365],[-146.030228,70.139145],[-146.010147,70.141307],[-146.00028,70.132118],[-145.980546,70.143729],[-145.931234,70.132118],[-145.908774,70.130341],[-145.904139,70.132159],[-145.910319,70.136964],[-145.906656,70.139237],[-145.875617,70.130543],[-145.858305,70.131355],[-145.859532,70.139564],[-145.87324,70.147904],[-145.866597,70.1597],[-145.854464,70.162306],[-145.76367,70.126463],[-145.734079,70.12315],[-145.724809,70.115795],[-145.623306,70.084375],[-145.587074,70.077685],[-145.552611,70.080762],[-145.544054,70.072744],[-145.51577,70.07161],[-145.509472,70.065371],[-145.477028,70.059738],[-145.457895,70.050292],[-145.446843,70.038977],[-145.426046,70.0322],[-145.378629,70.029035],[-145.297283,70.012172],[-145.251834,70.016905],[-145.243441,70.02528],[-145.190565,70.027573],[-145.180107,70.022174],[-145.213901,70.023567],[-145.224434,70.011777],[-145.225147,70.003407],[-145.183197,69.991456],[-145.012186,69.979335],[-144.983845,69.972774],[-144.960134,69.958005],[-144.845382,69.972537],[-144.833071,69.982148],[-144.721504,69.968103],[-144.628359,69.967513],[-144.566774,69.983078],[-144.489733,70.018065],[-144.491119,70.021798],[-144.48216,70.027208],[-144.455421,70.035244],[-144.399804,70.040599],[-144.285362,70.040721],[-144.266466,70.044412],[-144.274904,70.048711],[-144.251849,70.057995],[-144.172226,70.063102],[-144.121481,70.081207],[-144.021894,70.088696],[-143.953159,70.099318],[-143.907213,70.12016],[-143.879642,70.119715],[-143.826164,70.107548],[-143.801565,70.107871],[-143.776371,70.111429],[-143.773994,70.116361],[-143.782907,70.118988],[-143.764728,70.126841],[-143.614986,70.13434],[-143.610589,70.134945],[-143.61665,70.1387],[-143.605716,70.143868],[-143.588009,70.146411],[-143.425199,70.124928],[-143.3779,70.128564],[-143.269637,70.153755],[-143.249078,70.151052],[-143.22127,70.136762],[-143.159932,70.126684],[-142.997969,70.084608],[-142.770629,70.046886],[-142.65167,70.018154],[-142.54721,69.983119],[-142.475074,69.965945],[-142.448454,69.956172],[-142.497535,69.968225],[-142.512746,69.958656],[-142.504071,69.95165],[-142.465602,69.946586],[-142.458318,69.940852],[-142.414965,69.935132],[-142.404245,69.92968],[-142.378338,69.931964],[-142.423735,69.943542],[-142.403176,69.94077],[-142.354095,69.924418],[-142.358967,69.920298],[-142.358967,69.92552],[-142.377031,69.929843],[-142.381802,69.923388],[-142.408405,69.915646],[-142.402701,69.910871],[-142.334724,69.910789],[-142.338765,69.917972],[-142.332347,69.918951],[-142.158128,69.868744],[-142.035326,69.843946],[-141.958715,69.823376],[-141.881825,69.81653],[-141.746947,69.793511],[-141.626795,69.765584],[-141.558642,69.743974],[-141.452932,69.701985],[-141.397078,69.695512],[-141.354652,69.681156],[-141.351681,69.67868],[-141.401173,69.695151],[-141.405753,69.691594],[-141.43084,69.695144],[-141.46648,69.705242],[-141.476819,69.702933],[-141.458399,69.687015],[-141.455903,69.677359],[-141.436057,69.677524],[-141.42861,69.668297],[-141.427857,69.657249],[-141.417399,69.657704],[-141.400286,69.644273],[-141.377718,69.634631],[-141.249716,69.630213],[-141.244963,69.632736],[-141.248171,69.636045],[-141.239615,69.649398],[-141.206458,69.672777],[-141.210974,69.680784],[-141.248409,69.675997],[-141.282397,69.684704],[-141.323753,69.682806],[-141.293212,69.687799],[-141.250786,69.678102],[-141.199648,69.682927],[-141.137294,69.676657],[-141.000607,69.646286],[-141.000901,68.49836],[-146.0,68.5],[-146.0,68.0],[-155.318744,68.000032],[-155.318748,68.034942],[-156.236817,68.034926],[-156.236831,68.121498],[-157.15491,68.121483],[-157.154924,68.208054],[-159.693477,68.207992],[-159.693487,68.294564],[-160.159452,68.294553],[-160.15944,68.207982],[-161.091351,68.207961],[-161.091364,68.294532],[-161.55732,68.294521],[-161.557328,68.207949],[-162.023261,68.20794],[-162.023273,68.294511],[-162.722202,68.294496],[-162.72219,68.207926],[-164.499463,68.20789],[-164.499437,68.034748],[-165.375779791583,68.034733],[-165.47512,68.056216],[-165.660763,68.0867],[-165.804644,68.099908],[-165.888488,68.113327],[-165.981658,68.14343],[-166.020044,68.185378],[-166.108223,68.231436],[-166.187133,68.259097],[-166.329265,68.294461],[-166.587416,68.33389],[-166.702997,68.343136],[-166.834135,68.342797]]]]}},{"type":"Feature","properties":{"GEOID":"02290","NAME":"Yukon-Koyukuk","state":"AK","wildfire_risk_score":93.003,"wildfire_eal_total":1258932.38,"risk_band":"High","source":"FEMA National Risk Index v1.20 (December 2025)"},"geometry":{"type":"Polygon","coordinates":[[[-161.048176,62.55241],[-160.996201,62.552424],[-160.996215,62.898936],[-160.943437,62.898939],[-160.94344,62.999269],[-160.857996,62.999271],[-160.858004,63.271838],[-160.667361,63.271845],[-160.667367,63.358459],[-160.690263,63.358485],[-160.690294,63.531689],[-160.497375,63.531713],[-160.497381,63.618343],[-160.111522,63.618351],[-160.111498,63.704972],[-159.932739,63.704973],[-159.932731,63.791589],[-159.737451,63.791591],[-159.737475,64.051459],[-159.947288,64.051459],[-159.947325,64.397925],[-159.962255,64.397927],[-159.96229,64.744377],[-159.774897,64.744382],[-159.774921,64.917565],[-159.572173,64.917597],[-159.572195,65.090791],[-159.582715,65.090912],[-159.582736,65.264026],[-159.377365,65.264033],[-159.377443,65.437232],[-159.385483,65.437236],[-159.385578,65.523835],[-159.593506,65.523835],[-159.593635,65.783636],[-159.604795,65.783636],[-159.604813,65.95683],[-158.972175,65.956849],[-158.972185,66.130027],[-157.906295,66.130049],[-157.90631,66.476424],[-157.051284,66.476438],[-157.051266,66.303254],[-156.623757,66.303259],[-156.62377,66.476442],[-156.196224,66.476582],[-156.196257,66.389857],[-155.982504,66.38986],[-155.982499,66.303268],[-155.554993,66.303274],[-155.555001,66.476458],[-155.510581,66.476459],[-155.510585,66.563051],[-154.860431,66.563064],[-154.860446,66.736242],[-154.210302,66.736255],[-154.210317,66.822842],[-154.146221,66.822843],[-154.146314,67.169178],[-154.303097,67.169177],[-154.30311,67.255759],[-154.748904,67.255753],[-154.748939,67.515495],[-154.690477,67.515496],[-154.690489,67.602075],[-154.916649,67.60207],[-154.916661,67.688648],[-155.142825,67.688643],[-155.142837,67.775221],[-155.368999,67.775216],[-155.369012,67.861792],[-155.318723,67.861793],[-155.318744,68.000032],[-146.0,68.0],[-146.0,68.5],[-141.002694,68.498364],[-141.002461049158,65.8394081683244],[-141.029515,65.837839],[-141.05524,65.827281],[-141.097981,65.827259],[-141.091988,65.821862],[-141.110824,65.821347],[-141.116634,65.819019],[-141.10988,65.815507],[-141.140303,65.806439],[-141.126803,65.800421],[-141.151277,65.798389],[-141.151703,65.792799],[-141.194243,65.773659],[-141.232284,65.770717],[-141.218349,65.767849],[-141.234826,65.764559],[-141.231424,65.760042],[-141.235836,65.758025],[-141.246469,65.759485],[-141.244507,65.753992],[-141.255648,65.752969],[-141.264224,65.740143],[-141.285555,65.736148],[-141.283522,65.731692],[-141.316935,65.718187],[-141.326438,65.709688],[-141.336224,65.711614],[-141.347699,65.691679],[-141.339493,65.681774],[-141.351404,65.672704],[-141.351303,65.66523],[-141.367316,65.656462],[-141.365128,65.652385],[-141.384102,65.649198],[-141.384598,65.641661],[-141.405638,65.635074],[-141.38133,65.626219],[-141.389046,65.613638],[-141.419942,65.607464],[-141.460442,65.58706],[-141.499275,65.593721],[-141.501492,65.590573],[-141.495187,65.586323],[-141.506895,65.587415],[-141.513643,65.567859],[-141.522095,65.565758],[-141.529194,65.571826],[-141.546079,65.574027],[-141.553997,65.568283],[-141.552087,65.564019],[-141.558962,65.552249],[-141.567958,65.547694],[-141.604332,65.547742],[-141.606429,65.540134],[-141.635412,65.541962],[-141.636702,65.538942],[-141.626318,65.535531],[-141.623259,65.5216],[-141.629115,65.519566],[-141.652101,65.524619],[-141.668539,65.516069],[-141.69351,65.521547],[-141.736701,65.512236],[-141.732624,65.507168],[-141.750919,65.501363],[-141.765881,65.505999],[-141.783365,65.503711],[-141.794578,65.494294],[-141.790244,65.475977],[-141.816331,65.469181],[-141.823183,65.46123],[-141.846649,65.458148],[-141.852744,65.455162],[-141.850567,65.448579],[-141.855761,65.445786],[-141.881588,65.441618],[-141.898325,65.445477],[-141.885793,65.461096],[-141.896254,65.464395],[-141.912902,65.460904],[-141.90955,65.455711],[-141.924921,65.446196],[-141.964034,65.446454],[-141.991881,65.440245],[-142.00666,65.447747],[-142.026387,65.446421],[-142.022184,65.450909],[-142.025188,65.454344],[-142.043533,65.452334],[-142.042976,65.4573],[-142.060317,65.46032],[-142.065431,65.465341],[-142.099894,65.460289],[-142.119869,65.471701],[-142.142922,65.463174],[-142.180772,65.468286],[-142.184398,65.464929],[-142.174999,65.460856],[-142.210792,65.460637],[-142.222215,65.456148],[-142.218866,65.452343],[-142.257751,65.450706],[-142.263267,65.446075],[-142.307081,65.440633],[-142.328298,65.433269],[-142.327556,65.427559],[-142.348208,65.427188],[-142.376071,65.411861],[-142.428412,65.406351],[-142.430338,65.402696],[-142.418946,65.400937],[-142.431694,65.396721],[-142.432184,65.391504],[-142.445139,65.392617],[-142.441972,65.385042],[-142.480861,65.372781],[-142.527418,65.373222],[-142.573621,65.387755],[-142.601998,65.390931],[-142.660236,65.373866],[-142.672112,65.359781],[-142.677379,65.343063],[-142.687213,65.335905],[-142.782707,65.313152],[-142.769237,65.311043],[-142.761464,65.315793],[-142.754466,65.311493],[-142.761853,65.307575],[-142.724806,65.307152],[-142.742462,65.303157],[-142.734318,65.297687],[-142.742486,65.29034],[-142.724983,65.284798],[-142.736973,65.283728],[-142.722476,65.279875],[-142.734203,65.277424],[-142.733806,65.268721],[-142.745341,65.262108],[-142.729817,65.258471],[-142.727767,65.247917],[-142.734082,65.242072],[-142.728856,65.235136],[-142.754423,65.236708],[-142.742765,65.230309],[-142.766641,65.224502],[-142.74924,65.217229],[-142.762843,65.214683],[-142.76037,65.211256],[-142.775802,65.203692],[-142.763733,65.196578],[-142.781115,65.194802],[-142.795376,65.184517],[-142.809385,65.181647],[-142.805031,65.176988],[-142.842495,65.163276],[-142.850645,65.153751],[-142.843573,65.148686],[-142.847388,65.14556],[-142.864344,65.140387],[-142.909428,65.148742],[-142.9358,65.145891],[-142.982337,65.121218],[-143.000438,65.123868],[-142.988525,65.134142],[-142.993951,65.136835],[-143.022461,65.12508],[-143.029538,65.125927],[-143.029916,65.132834],[-143.040078,65.13301],[-143.051172,65.12978],[-143.052193,65.125618],[-143.04099,65.119614],[-143.048173,65.112164],[-143.089863,65.120825],[-143.100141,65.116849],[-143.099373,65.10712],[-143.114098,65.106661],[-143.110123,65.092265],[-143.113898,65.089133],[-143.124575,65.090364],[-143.132764,65.101433],[-143.13657,65.100562],[-143.135908,65.094162],[-143.159085,65.076737],[-143.16878,65.076911],[-143.175222,65.088317],[-143.18448,65.08856],[-143.190869,65.086518],[-143.189633,65.076922],[-143.220754,65.073259],[-143.246699,65.050689],[-143.312452,65.035044],[-143.348626,65.043907],[-143.369314,65.038993],[-143.37475,65.034885],[-143.36135,65.03472],[-143.34752,65.024569],[-143.350454,65.020752],[-143.372739,65.018954],[-143.372055,65.007904],[-143.358162,64.999846],[-143.412596,64.997828],[-143.39344,64.991224],[-143.401406,64.980726],[-143.421682,64.97845],[-143.466545,64.983749],[-143.471987,64.975175],[-143.48742,64.967188],[-143.525172,64.96008],[-143.522519,64.955537],[-143.494366,64.950983],[-143.491673,64.945937],[-143.502557,64.941858],[-143.504871,64.936477],[-143.49301,64.933219],[-143.47448,64.916963],[-143.488228,64.902441],[-143.48907,64.884389],[-143.49979,64.869251],[-143.497601,64.863192],[-143.503643,64.858251],[-143.502679,64.849468],[-143.498662,64.844382],[-143.482405,64.845849],[-143.463105,64.835046],[-143.439905,64.829898],[-143.434679,64.817791],[-143.481586,64.800109],[-143.507013,64.804018],[-143.529614,64.801309],[-143.527625,64.794241],[-143.515461,64.788664],[-143.533748,64.778755],[-143.522799,64.772577],[-143.498774,64.770784],[-143.493311,64.765848],[-143.509392,64.758698],[-143.506329,64.754068],[-143.596147,64.729614],[-143.618704,64.712021],[-143.614851,64.707123],[-143.623635,64.703763],[-143.626618,64.695499],[-143.645945,64.684993],[-143.641746,64.680034],[-143.647213,64.669506],[-143.682907,64.666489],[-143.686423,64.661105],[-143.69181,64.663114],[-143.693408,64.655838],[-143.780819,64.647989],[-143.817348,64.656177],[-143.853866,64.656184],[-143.878157,64.6637],[-143.899071,64.661644],[-143.925091,64.668039],[-144.023031,64.675652],[-144.050197,64.673615],[-144.074802,64.688838],[-144.06078,64.696176],[-144.060255,64.70456],[-144.073663,64.709857],[-144.115686,64.713539],[-144.116407,64.725136],[-144.10403,64.730532],[-144.105006,64.736602],[-144.095375,64.741713],[-144.103303,64.745513],[-144.100813,64.747872],[-144.072377,64.751017],[-144.029789,64.767593],[-144.029069,64.772311],[-144.035293,64.777225],[-144.073884,64.780107],[-144.091157,64.789405],[-144.118634,64.791049],[-144.127807,64.799108],[-144.076711,64.820998],[-144.084433,64.826299],[-144.080895,64.833178],[-144.088692,64.843531],[-144.104744,64.849231],[-144.066631,64.862187],[-144.078012,64.876684],[-144.056708,64.892184],[-144.051935,64.900795],[-144.087381,64.915865],[-144.030103,64.936626],[-144.011833,64.937905],[-143.998255,64.948916],[-144.000502,64.955242],[-143.986949,64.967243],[-144.01174,64.980687],[-144.04938,64.984136],[-144.057592,64.990965],[-144.094458,65.000451],[-144.095375,65.004906],[-144.089669,65.008607],[-144.100099,65.019541],[-144.085547,65.021614],[-144.055146,65.015455],[-144.047087,65.031966],[-144.025138,65.042514],[-143.989626,65.049132],[-143.961059,65.047887],[-143.921094,65.05878],[-143.922075,65.065839],[-143.903729,65.074488],[-143.895736,65.087854],[-143.88408,65.091068],[-143.899667,65.093161],[-143.914234,65.102715],[-143.928823,65.102203],[-143.93284,65.108863],[-143.982419,65.120128],[-144.012207,65.110706],[-144.056718,65.118911],[-144.091182,65.112359],[-144.128462,65.119697],[-144.137203,65.109523],[-144.146611,65.107969],[-144.157357,65.11435],[-144.19112,65.118581],[-144.216652,65.111376],[-144.244695,65.118714],[-144.268896,65.111778],[-144.282631,65.116486],[-144.299342,65.110836],[-144.323449,65.111572],[-144.331377,65.107707],[-144.329936,65.095717],[-144.338978,65.086806],[-144.365187,65.086409],[-144.367078,65.082554],[-144.420493,65.073168],[-144.443678,65.058436],[-144.45673,65.059154],[-144.467069,65.072195],[-144.497667,65.081695],[-144.540051,65.068059],[-144.564759,65.077436],[-144.595291,65.078157],[-144.611737,65.087658],[-144.666577,65.098075],[-144.684887,65.106143],[-144.707962,65.105603],[-144.71041,65.093882],[-144.752801,65.099451],[-144.825897,65.120704],[-144.850348,65.118754],[-144.849359,65.123879],[-144.877548,65.136264],[-144.898709,65.138291],[-144.915835,65.125786],[-144.94132,65.126346],[-144.983514,65.136988],[-145.010874,65.124527],[-145.022254,65.124013],[-145.02482,65.118977],[-145.082652,65.105156],[-145.086292,65.098341],[-145.137261,65.095914],[-145.143609,65.100955],[-145.225944,65.069216],[-145.291195,65.067536],[-145.302677,65.07183],[-145.324614,65.066696],[-145.349715,65.069949],[-145.361581,65.066229],[-145.372503,65.069496],[-145.367555,65.076778],[-145.39556,65.085833],[-145.424312,65.085179],[-145.431082,65.076249],[-145.441208,65.072857],[-145.437584,65.069131],[-145.440742,65.066696],[-145.484803,65.063429],[-145.491711,65.07071],[-145.520763,65.06581],[-145.523263,65.048026],[-145.585714,65.047466],[-145.615213,65.037571],[-145.628001,65.040278],[-145.650312,65.034303],[-145.65862,65.041025],[-145.65918,65.051387],[-145.685692,65.061282],[-145.677103,65.065856],[-145.676077,65.071923],[-145.710278,65.077473],[-145.770631,65.070356],[-145.778697,65.080003],[-145.758927,65.088702],[-145.750514,65.09945],[-145.67561,65.115891],[-145.670756,65.129147],[-145.633882,65.136802],[-145.628001,65.142589],[-145.634163,65.146417],[-145.634443,65.155098],[-145.675703,65.159859],[-145.666347,65.166481],[-145.679344,65.175448],[-145.67729,65.184877],[-145.689426,65.189078],[-145.73106,65.182636],[-145.771849,65.19092],[-145.781562,65.189078],[-145.803909,65.196462],[-145.817222,65.194212],[-145.834585,65.204574],[-145.878301,65.215356],[-145.889568,65.205787],[-145.949873,65.205483],[-145.989423,65.226887],[-146.018764,65.228191],[-146.042568,65.2393],[-146.079908,65.247981],[-146.074027,65.26161],[-146.078134,65.264131],[-146.129103,65.27804],[-146.10754,65.284574],[-146.102685,65.291109],[-146.11062,65.29895],[-146.10866,65.302778],[-146.134518,65.306325],[-146.138999,65.315193],[-146.051851,65.356723],[-146.007899,65.359434],[-146.006109,65.373034],[-145.978274,65.388282],[-145.97331,65.394132],[-145.975266,65.399183],[-145.98704,65.408443],[-145.998472,65.409753],[-146.035287,65.407788],[-146.053269,65.401756],[-146.119349,65.403987],[-146.115536,65.408683],[-146.119222,65.415407],[-146.167244,65.426526],[-146.164033,65.435044],[-146.17244,65.44921],[-146.198886,65.453523],[-146.242985,65.440154],[-146.286354,65.440129],[-146.309733,65.427711],[-146.364269,65.431232],[-146.371333,65.424272],[-146.39704,65.418421],[-146.419818,65.418951],[-146.431258,65.431009],[-146.443491,65.434732],[-146.464966,65.434454],[-146.490375,65.426266],[-146.508383,65.433109],[-146.528414,65.422676],[-146.526829,65.41512],[-146.507848,65.412925],[-146.508026,65.39626],[-146.488113,65.389449],[-146.487809,65.385827],[-146.523631,65.368858],[-146.528644,65.358823],[-146.548654,65.345003],[-146.583652,65.339326],[-146.617463,65.342328],[-146.63381,65.333488],[-146.664189,65.330468],[-146.689371,65.320188],[-146.718475,65.318609],[-146.724798,65.31385],[-146.718676,65.308639],[-146.724678,65.303713],[-146.739643,65.310107],[-146.761646,65.304176],[-146.783606,65.306249],[-146.793029,65.294518],[-146.820673,65.296513],[-146.839041,65.288159],[-146.896404,65.284778],[-146.903099,65.283377],[-146.905237,65.272901],[-146.929895,65.268754],[-146.979606,65.282083],[-147.008504,65.278405],[-147.031282,65.289947],[-147.043121,65.28086],[-147.087059,65.282031],[-147.119625,65.272475],[-147.136814,65.284793],[-147.153069,65.288079],[-147.215588,65.276576],[-147.279115,65.279762],[-147.329809,65.2734],[-147.35022,65.263146],[-147.400535,65.250583],[-147.492378,65.235516],[-147.557771,65.209895],[-148.661199,65.209875],[-148.661161,64.863447],[-148.648241,64.863447],[-148.648208,64.597334],[-148.663265,64.59079],[-148.648207,64.585371],[-148.635631,64.587539],[-148.62826,64.592704],[-148.634696,64.597967],[-148.606834,64.613108],[-148.59596,64.616268],[-148.577778,64.610324],[-148.550742,64.617208],[-148.516984,64.603575],[-148.457524,64.589764],[-148.424918,64.574854],[-148.444636,64.566311],[-148.420106,64.561438],[-148.413125,64.543767],[-148.393343,64.534602],[-148.403117,64.531297],[-148.379049,64.522361],[-148.370873,64.525928],[-148.350771,64.522018],[-148.350763,64.516259],[-148.326961,64.512186],[-148.326247,64.505596],[-148.317989,64.504926],[-148.319995,64.499469],[-148.304398,64.497121],[-148.298082,64.487396],[-148.270857,64.491769],[-148.240863,64.484855],[-148.248948,64.481923],[-148.231693,64.46929],[-148.237535,64.463686],[-148.223001,64.460291],[-148.228051,64.455741],[-148.215352,64.455784],[-148.219131,64.45152],[-148.21095,64.448838],[-148.223706,64.435332],[-148.188964,64.419782],[-148.186424,64.416331],[-148.190973,64.411812],[-148.175752,64.4101],[-148.176111,64.400924],[-148.152806,64.399337],[-148.143463,64.390705],[-148.116146,64.383545],[-148.121372,64.37936],[-148.104557,64.377612],[-148.108554,64.36221],[-148.06978,64.355165],[-148.065183,64.348905],[-148.046696,64.343802],[-149.132599,64.343778],[-149.132653,64.358214],[-150.729385,64.358173],[-151.281794,63.997397],[-151.407625,63.997261],[-151.432994,64.007806],[-151.516333,64.020631],[-151.48966,64.044609],[-151.564901,64.055],[-151.564903,64.069436],[-151.776068,64.073171],[-151.793976,64.06943],[-151.859734,64.018901],[-151.840436,64.011803],[-151.830535,63.997248],[-152.055758,63.997242],[-152.055132,63.824006],[-152.229256,63.824001],[-152.228439,63.65076],[-152.87341,63.650745],[-152.873392,63.4775],[-152.810945,63.477501],[-152.810931,63.347563],[-152.619517,63.347568],[-152.619512,63.304254],[-152.428098,63.304259],[-152.428084,63.183171],[-153.001881,62.725831],[-153.001672,62.292622],[-153.07012,62.292644],[-153.070123,62.206015],[-153.395009,62.20599],[-153.395009,62.119347],[-153.761871,62.119335],[-153.761875,62.032689],[-157.063852,62.032634],[-157.063864,62.119271],[-158.531361,62.119264],[-158.531351,62.03262],[-159.265035,62.032598],[-159.265037,61.945957],[-160.915953,61.945943],[-160.915964,62.205866],[-161.048165,62.205869],[-161.048176,62.55241]]]}},{"type":"Feature","properties":{"GEOID":"02220","NAME":"Sitka","state":"AK","wildfire_risk_score":8.747,"wildfire_eal_total":2526.06,"risk_band":"Low","source":"FEMA National Risk Index v1.20 (December 2025)"},"geometry":{"type":"MultiPolygon","coordinates":[[[[-134.894416,57.431657],[-134.88391,57.43405],[-134.867932,57.429116],[-134.891901,57.43022],[-134.894416,57.431657]]],[[[-135.332568,57.034541],[-135.324664,57.031948],[-135.322875,57.026793],[-135.329708,57.028297],[-135.332568,57.034541]]],[[[-135.336239,57.027767],[-135.333073,57.026597],[-135.331504,57.025006],[-135.33811,57.026463],[-135.336239,57.027767]]],[[[-135.346198,57.02595],[-135.341006,57.026168],[-135.341262,57.023216],[-135.344564,57.022958],[-135.346198,57.02595]]],[[[-135.372307,57.055506],[-135.353505,57.053983],[-135.343835,57.047624],[-135.353223,57.044394],[-135.347918,57.041329],[-135.350956,57.039872],[-135.372307,57.055506]]],[[[-135.406896,56.925621],[-135.403502,56.925938],[-135.398042,56.923258],[-135.405792,56.921919],[-135.406896,56.925621]]],[[[-135.417739,57.080468],[-135.410707,57.08588],[-135.403973,57.07642],[-135.416388,57.0775],[-135.417739,57.080468]]],[[[-135.42379,56.841217],[-135.416984,56.845996],[-135.413847,56.840537],[-135.416632,56.837676],[-135.42379,56.841217]]],[[[-135.431855,56.849797],[-135.428983,56.851653],[-135.4221,56.849072],[-135.425953,56.846603],[-135.431855,56.849797]]],[[[-135.433754,57.135025],[-135.422276,57.140708],[-135.417609,57.139194],[-135.42572,57.129472],[-135.433754,57.135025]]],[[[-135.445294,56.894561],[-135.439425,56.894347],[-135.432704,56.879894],[-135.441476,56.884282],[-135.445294,56.894561]]],[[[-135.451379,57.563227],[-135.448636,57.56471],[-135.444719,57.56286],[-135.448251,57.561225],[-135.451379,57.563227]]],[[[-135.460169,56.829335],[-135.453382,56.833868],[-135.442561,56.830426],[-135.454405,56.813697],[-135.460169,56.829335]]],[[[-135.469211,57.107425],[-135.461288,57.115599],[-135.447354,57.114212],[-135.436569,57.102075],[-135.441108,57.096838],[-135.437488,57.086925],[-135.445138,57.092277],[-135.456574,57.089367],[-135.469211,57.107425]]],[[[-135.480724,57.104227],[-135.476111,57.115422],[-135.473408,57.115264],[-135.477117,57.099417],[-135.480724,57.104227]]],[[[-135.491895,57.099967],[-135.486839,57.098478],[-135.485522,57.093368],[-135.490999,57.092687],[-135.491895,57.099967]]],[[[-135.493578,56.83018],[-135.469226,56.836788],[-135.462183,56.833981],[-135.471263,56.82992],[-135.475332,56.821311],[-135.481219,56.820822],[-135.493578,56.83018]]],[[[-135.512889,57.229971],[-135.477025,57.25032],[-135.447093,57.243025],[-135.415367,57.24828],[-135.390635,57.242271],[-135.402296,57.239503],[-135.396475,57.219572],[-135.422742,57.194776],[-135.436538,57.189349],[-135.41988,57.180708],[-135.422453,57.17823],[-135.462661,57.18923],[-135.493084,57.211569],[-135.505443,57.215365],[-135.512889,57.229971]]],[[[-135.564536,56.853393],[-135.558106,56.857224],[-135.558565,56.865598],[-135.550364,56.867992],[-135.53444,56.861236],[-135.524189,56.862773],[-135.520892,56.853504],[-135.512455,56.854934],[-135.509365,56.86286],[-135.503214,56.857366],[-135.513677,56.843591],[-135.523801,56.851103],[-135.527958,56.840989],[-135.539697,56.834396],[-135.544717,56.83991],[-135.543911,56.84767],[-135.559507,56.84552],[-135.564536,56.853393]]],[[[-135.693448,57.361567],[-135.685129,57.371821],[-135.665877,57.367463],[-135.661599,57.373871],[-135.6471,57.373615],[-135.486904,57.354901],[-135.485478,57.366566],[-135.568428,57.38079],[-135.581738,57.388221],[-135.605744,57.389374],[-135.609547,57.38489],[-135.625947,57.387708],[-135.632126,57.398339],[-135.617152,57.400004],[-135.608121,57.407942],[-135.58768,57.413703],[-135.589344,57.417543],[-135.581025,57.418055],[-135.56415,57.434178],[-135.571043,57.438144],[-135.561535,57.447865],[-135.54775,57.44633],[-135.531825,57.452213],[-135.530399,57.459501],[-135.535628,57.468449],[-135.533252,57.482378],[-135.551077,57.508306],[-135.519228,57.510859],[-135.502115,57.518646],[-135.478347,57.538808],[-135.448081,57.551518],[-135.44681,57.556806],[-135.425345,57.562273],[-135.421057,57.557706],[-135.388029,57.558958],[-135.345485,57.549267],[-135.340256,57.540976],[-135.322667,57.538425],[-135.309595,57.518901],[-135.290818,57.509838],[-135.30912,57.491576],[-135.366876,57.479184],[-135.416788,57.458734],[-135.417264,57.450934],[-135.404191,57.439167],[-135.393971,57.4384],[-135.388742,57.456432],[-135.362122,57.460907],[-135.349287,57.473689],[-135.298899,57.483784],[-135.286302,57.476756],[-135.223079,57.488766],[-135.188141,57.479312],[-135.181248,57.467043],[-135.159619,57.459501],[-135.164848,57.454259],[-135.205729,57.444923],[-135.216108,57.433192],[-135.156291,57.444923],[-135.063359,57.421639],[-135.056228,57.409863],[-135.041968,57.407942],[-135.030321,57.408198],[-135.021289,57.415623],[-135.002037,57.413319],[-134.983009,57.424127],[-134.947905,57.425026],[-134.93921,57.421318],[-134.913774,57.427152],[-134.851479,57.410374],[-134.832747,57.414476],[-134.843101,57.406413],[-134.832281,57.400074],[-134.846098,57.389981],[-134.826188,57.375158],[-134.817122,57.35131],[-134.803575,57.340666],[-134.809992,57.336305],[-134.807615,57.32694],[-134.813557,57.322577],[-134.807189,57.309261],[-134.814696,57.306913],[-134.812739,57.299851],[-134.831892,57.294867],[-134.84132,57.307719],[-134.839692,57.313414],[-134.861069,57.31573],[-134.90245,57.342077],[-134.918136,57.337203],[-134.911481,57.331943],[-134.914096,57.327709],[-134.951174,57.343231],[-134.990391,57.34259],[-135.011307,57.335279],[-134.996808,57.331815],[-134.978982,57.334894],[-134.950699,57.327453],[-134.960681,57.315775],[-134.97613,57.312309],[-134.939528,57.297673],[-134.94547,57.290738],[-134.9362,57.28149],[-134.945945,57.27468],[-134.944994,57.270568],[-134.928832,57.259901],[-134.916473,57.258872],[-134.90958,57.263114],[-134.915047,57.26787],[-134.90245,57.270697],[-134.908629,57.279434],[-134.902687,57.285857],[-134.923128,57.298572],[-134.922415,57.302681],[-134.907916,57.303066],[-134.903876,57.296261],[-134.879395,57.290096],[-134.874403,57.284188],[-134.891516,57.274166],[-134.886525,57.265813],[-134.880108,57.263885],[-134.878444,57.270054],[-134.862519,57.270697],[-134.841841,57.250001],[-134.846595,57.242543],[-134.840653,57.237399],[-134.84398,57.227493],[-134.83994,57.222475],[-134.864896,57.225177],[-134.868224,57.224019],[-134.864183,57.220545],[-134.865847,57.213596],[-134.836612,57.201367],[-134.836375,57.19377],[-134.825204,57.193126],[-134.825441,57.182822],[-134.81332,57.184368],[-134.80001,57.163109],[-134.824015,57.156406],[-134.817122,57.153312],[-134.814508,57.1439],[-134.806902,57.140547],[-134.79692,57.144029],[-134.796682,57.133454],[-134.808566,57.128165],[-134.789789,57.121973],[-134.790027,57.109197],[-134.784323,57.10739],[-134.779094,57.093189],[-134.792166,57.090219],[-134.785511,57.079628],[-134.773389,57.079241],[-134.766259,57.070973],[-134.756752,57.047838],[-134.764833,57.041115],[-134.754137,57.039692],[-134.751048,57.03258],[-134.7703,57.026759],[-134.746532,57.021196],[-134.752949,57.013045],[-134.739164,57.00528],[-134.740827,56.981716],[-134.75794,56.97511],[-134.759366,56.970576],[-134.747245,56.966819],[-134.737024,56.96941],[-134.733935,56.961895],[-134.741065,56.953212],[-134.7375,56.948027],[-134.72514,56.946601],[-134.715871,56.922092],[-134.746056,56.923778],[-134.730845,56.914438],[-134.706364,56.910545],[-134.696144,56.898994],[-134.697094,56.879389],[-134.703512,56.87848],[-134.703749,56.874584],[-134.69757,56.865361],[-134.702799,56.862373],[-134.69852,56.853666],[-134.7047,56.841188],[-134.70161,56.836508],[-134.691865,56.838068],[-134.692578,56.829616],[-134.672376,56.819732],[-134.675465,56.809715],[-134.665721,56.807893],[-134.664532,56.800215],[-134.669523,56.792927],[-134.659541,56.789542],[-134.659541,56.780559],[-134.661442,56.77548],[-134.676416,56.77548],[-134.676178,56.77027],[-134.654074,56.763757],[-134.653123,56.752292],[-134.644805,56.751249],[-134.64837,56.745515],[-134.637437,56.739259],[-134.64219,56.731567],[-134.630306,56.724526],[-134.629356,56.713961],[-134.635773,56.710178],[-134.625077,56.701828],[-134.632921,56.696086],[-134.624602,56.674677],[-134.629831,56.671674],[-134.617709,56.663838],[-134.629831,56.653909],[-134.615808,56.635483],[-134.62175,56.62607],[-134.629593,56.624894],[-134.620799,56.620971],[-134.629118,56.614824],[-134.623414,56.611031],[-134.621037,56.600828],[-134.628167,56.589443],[-134.628642,56.549636],[-134.637199,56.538892],[-134.646468,56.544527],[-134.660016,56.584862],[-134.66786,56.586695],[-134.666434,56.573735],[-134.672851,56.564307],[-134.669523,56.540071],[-134.684022,56.539547],[-134.666671,56.530766],[-134.668573,56.524474],[-134.655976,56.504935],[-134.663819,56.500212],[-134.6555,56.49772],[-134.659541,56.492997],[-134.649083,56.488667],[-134.6391,56.476986],[-134.644805,56.45821],[-134.641002,56.439951],[-134.657877,56.431147],[-134.645042,56.427204],[-134.649321,56.422209],[-134.637912,56.417345],[-134.633871,56.402092],[-134.641953,56.3917],[-134.633396,56.386437],[-134.631019,56.372488],[-134.63506,56.358533],[-134.647895,56.344309],[-134.70779,56.31756],[-134.700659,56.314001],[-134.641715,56.330213],[-134.632683,56.314924],[-134.640051,56.298047],[-134.660729,56.283405],[-134.678318,56.277732],[-134.669048,56.274169],[-134.67499,56.271265],[-134.670712,56.260046],[-134.673326,56.255425],[-134.666604931081,56.2544001480913],[-134.666433570706,56.1665545119093],[-134.675347,56.161768],[-134.688894,56.17434],[-134.706245,56.17381],[-134.701016,56.181748],[-134.711949,56.181351],[-134.687944,56.198809],[-134.687944,56.206213],[-134.707433,56.216126],[-134.691984,56.232247],[-134.701016,56.233436],[-134.718604,56.226037],[-134.735717,56.21269],[-134.773033,56.217448],[-134.784917,56.224848],[-134.761862,56.232379],[-134.795612,56.23304],[-134.796801,56.237399],[-134.805595,56.234757],[-134.808923,56.240041],[-134.792998,56.250474],[-134.795137,56.258],[-134.780401,56.274367],[-134.793949,56.272123],[-134.803694,56.261036],[-134.818905,56.254039],[-134.828175,56.268428],[-134.820093,56.278062],[-134.840772,56.282943],[-134.839583,56.296135],[-134.863589,56.311299],[-134.871432,56.309321],[-134.875948,56.300355],[-134.876899,56.309057],[-134.885218,56.308794],[-134.887595,56.316308],[-134.8952,56.314331],[-134.902093,56.321581],[-134.895676,56.329883],[-134.900905,56.345561],[-134.921345,56.361364],[-134.91778,56.372422],[-134.943687,56.375054],[-134.955571,56.388871],[-134.945826,56.388608],[-134.93822,56.406366],[-134.975298,56.425956],[-134.968168,56.43279],[-134.987658,56.442119],[-134.993362,56.453679],[-134.991223,56.459852],[-135.005484,56.466286],[-135.009524,56.476658],[-135.025924,56.487945],[-135.034481,56.516804],[-135.041373,56.524015],[-135.061576,56.528472],[-135.059675,56.538171],[-135.047791,56.545116],[-135.057536,56.557693],[-135.059437,56.56817],[-135.047791,56.583488],[-135.00786,56.600501],[-135.005246,56.607434],[-134.968881,56.600893],[-134.95153,56.613451],[-134.961751,56.617767],[-134.977913,56.614105],[-134.973872,56.622736],[-134.986469,56.63228],[-135.026875,56.635156],[-135.034956,56.621429],[-135.057773,56.608481],[-135.094376,56.596444],[-135.138584,56.593435],[-135.142863,56.595398],[-135.135257,56.606257],[-135.138822,56.610312],[-135.128364,56.617898],[-135.12979,56.628097],[-135.136445,56.633588],[-135.132642,56.644959],[-135.152845,56.646919],[-135.145002,56.660899],[-135.147854,56.667429],[-135.13906,56.672261],[-135.142863,56.675265],[-135.135732,56.684926],[-135.147854,56.689365],[-135.174236,56.681663],[-135.173999,56.673959],[-135.180654,56.671086],[-135.178277,56.665993],[-135.19943,56.667168],[-135.21179,56.662335],[-135.234607,56.676179],[-135.237459,56.683621],[-135.223911,56.693019],[-135.203233,56.696543],[-135.191349,56.7122],[-135.19848,56.720678],[-135.214166,56.716896],[-135.217041,56.708559],[-135.233125,56.701069],[-135.240026,56.702135],[-135.239122,56.708129],[-135.250225,56.69737],[-135.263332,56.701579],[-135.292838,56.696412],[-135.290224,56.70646],[-135.295928,56.711417],[-135.286421,56.716374],[-135.305435,56.723026],[-135.306149,56.727068],[-135.317082,56.726156],[-135.313754,56.733066],[-135.319934,56.737759],[-135.318508,56.746753],[-135.302821,56.750402],[-135.307812,56.755484],[-135.304247,56.756787],[-135.288085,56.754833],[-135.271923,56.761087],[-135.280241,56.766167],[-135.279291,56.769814],[-135.309001,56.776066],[-135.31518,56.783618],[-135.329917,56.779973],[-135.329441,56.766167],[-135.352021,56.749881],[-135.362241,56.758742],[-135.358913,56.773071],[-135.366519,56.775675],[-135.368421,56.781405],[-135.402647,56.776587],[-135.4052,56.782079],[-135.3955,56.786904],[-135.388578,56.797893],[-135.389749,56.804204],[-135.414934,56.811218],[-135.413248,56.816946],[-135.406872,56.826895],[-135.381731,56.830689],[-135.395041,56.841741],[-135.38185,56.847265],[-135.392426,56.856168],[-135.387078,56.863704],[-135.376026,56.866822],[-135.384464,56.877539],[-135.396586,56.880396],[-135.397655,56.887278],[-135.377571,56.886889],[-135.382087,56.894094],[-135.369015,56.889615],[-135.358557,56.892147],[-135.369609,56.900714],[-135.386484,56.904673],[-135.379235,56.908177],[-135.38185,56.914729],[-135.359389,56.909799],[-135.347267,56.911875],[-135.325519,56.894743],[-135.317201,56.899741],[-135.318033,56.904997],[-135.330392,56.908177],[-135.330154,56.914016],[-135.350357,56.928934],[-135.350595,56.933862],[-135.412391,56.952337],[-135.382563,56.952791],[-135.382681,56.961344],[-135.393377,56.966333],[-135.381968,56.967628],[-135.385296,56.972875],[-135.37971,56.978575],[-135.387435,56.982396],[-135.377571,56.988612],[-135.308763,56.981295],[-135.31114,56.991784],[-135.363786,56.996704],[-135.36438,57.010359],[-135.329679,57.001688],[-135.32338,57.010812],[-135.281073,57.014436],[-135.256711,57.011718],[-135.240192,57.026468],[-135.221416,57.033647],[-135.174236,57.011136],[-135.150231,57.014242],[-135.2005,57.035134],[-135.199074,57.041794],[-135.227358,57.048194],[-135.232943,57.04063],[-135.2497,57.032612],[-135.267763,57.038238],[-135.273111,57.03578],[-135.271328,57.031254],[-135.293076,57.03688],[-135.285352,57.042052],[-135.289467,57.04669],[-135.314967,57.04524],[-135.33168,57.051082],[-135.338404,57.04782],[-135.349625,57.055672],[-135.348128,57.059401],[-135.366132,57.065643],[-135.37971,57.083406],[-135.402409,57.101161],[-135.388742,57.117553],[-135.390881,57.125585],[-135.36949,57.131777],[-135.376858,57.139258],[-135.37567,57.14635],[-135.33574,57.162335],[-135.282262,57.163366],[-135.280836,57.172902],[-135.32243,57.175479],[-135.345485,57.184754],[-135.351189,57.180117],[-135.344296,57.171743],[-135.377334,57.1595],[-135.377096,57.153312],[-135.387316,57.151636],[-135.393734,57.142611],[-135.411084,57.149831],[-135.42178,57.16298],[-135.424394,57.168908],[-135.409658,57.177154],[-135.403478,57.186944],[-135.377334,57.199435],[-135.379948,57.206388],[-135.370916,57.210121],[-135.372342,57.231224],[-135.357369,57.23444],[-135.343821,57.247044],[-135.346673,57.250516],[-135.358319,57.254373],[-135.364261,57.24923],[-135.414412,57.252959],[-135.447119,57.248361],[-135.475971,57.257715],[-135.4976,57.255144],[-135.530162,57.239071],[-135.551791,57.234054],[-135.582255,57.271621],[-135.603605,57.288426],[-135.574894,57.287353],[-135.569744,57.292076],[-135.635519,57.314321],[-135.634002,57.325163],[-135.669504,57.334833],[-135.682752,57.350413],[-135.690833,57.351439],[-135.693448,57.361567]]],[[[-135.716503,56.987608],[-135.712937,56.989162],[-135.698914,56.983982],[-135.7127,56.983593],[-135.716503,56.987608]]],[[[-135.876223,57.225756],[-135.83249,57.252766],[-135.842711,57.26305],[-135.860774,57.26652],[-135.84485,57.270247],[-135.845563,57.274102],[-135.837244,57.278342],[-135.843186,57.284894],[-135.837482,57.288105],[-135.842235,57.298765],[-135.833916,57.296325],[-135.827499,57.305698],[-135.85816,57.321358],[-135.863389,57.329955],[-135.848177,57.332008],[-135.848177,57.33855],[-135.841284,57.340217],[-135.804682,57.337395],[-135.801354,57.341372],[-135.784717,57.334958],[-135.764752,57.350733],[-135.750728,57.341115],[-135.746926,57.329057],[-135.741697,57.326362],[-135.731239,57.337909],[-135.706045,57.329057],[-135.697964,57.321743],[-135.698439,57.315582],[-135.679385,57.319672],[-135.637596,57.299648],[-135.626933,57.301364],[-135.577222,57.256237],[-135.565338,57.236563],[-135.567477,57.227686],[-135.595761,57.228072],[-135.626897,57.244922],[-135.65637,57.25148],[-135.65328,57.244151],[-135.624521,57.230131],[-135.622857,57.215719],[-135.613587,57.203877],[-135.602179,57.199886],[-135.606695,57.182758],[-135.618816,57.175415],[-135.605506,57.17374],[-135.604793,57.163946],[-135.594098,57.158146],[-135.588393,57.160209],[-135.581976,57.165879],[-135.586254,57.171807],[-135.561535,57.178636],[-135.549414,57.188425],[-135.551077,57.206581],[-135.541333,57.213017],[-135.539907,57.221896],[-135.556306,57.226271],[-135.536341,57.228458],[-135.455768,57.18031],[-135.433901,57.1566],[-135.436041,57.147059],[-135.451727,57.147833],[-135.468603,57.155053],[-135.455768,57.16008],[-135.459095,57.167426],[-135.473832,57.170003],[-135.499976,57.156213],[-135.526359,57.154795],[-135.507582,57.144738],[-135.506631,57.140096],[-135.512573,57.139838],[-135.541333,57.147704],[-135.548463,57.156728],[-135.566764,57.15531],[-135.562248,57.132358],[-135.572231,57.126295],[-135.570092,57.114166],[-135.576509,57.109778],[-135.57128,57.090154],[-135.597425,57.076463],[-135.604318,57.067936],[-135.603129,57.05553],[-135.607883,57.053461],[-135.603842,57.043636],[-135.627135,57.034067],[-135.627373,57.027082],[-135.636405,57.022296],[-135.631651,57.012721],[-135.63688,57.009874],[-135.683227,57.014792],[-135.716503,57.003403],[-135.761424,57.003273],[-135.77616,56.997189],[-135.812525,56.994859],[-135.821557,56.98955],[-135.852455,56.992917],[-135.860299,56.997189],[-135.85911,57.009615],[-135.848177,57.016215],[-135.853644,57.026177],[-135.846276,57.036265],[-135.846038,57.046222],[-135.851267,57.0501],[-135.844374,57.0554],[-135.841997,57.064835],[-135.849841,57.070779],[-135.842948,57.085763],[-135.847702,57.088734],[-135.828925,57.088734],[-135.824172,57.091446],[-135.825122,57.102033],[-135.80896,57.101387],[-135.806108,57.10939],[-135.762375,57.113779],[-135.753343,57.129778],[-135.759285,57.138677],[-135.734804,57.150669],[-135.747163,57.156471],[-135.747639,57.164591],[-135.757146,57.16923],[-135.77307,57.166782],[-135.78852,57.174771],[-135.794224,57.168972],[-135.826786,57.167039],[-135.836055,57.175286],[-135.824885,57.192289],[-135.826311,57.197955],[-135.818705,57.204907],[-135.821795,57.220352],[-135.802067,57.234633],[-135.808485,57.235276],[-135.804206,57.240421],[-135.808485,57.24878],[-135.831064,57.240421],[-135.840334,57.223698],[-135.866716,57.219837],[-135.876223,57.225756]]],[[[-135.907078,57.407877],[-135.902562,57.412486],[-135.90589,57.41735],[-135.901374,57.41863],[-135.875705,57.412358],[-135.865722,57.404804],[-135.886162,57.408517],[-135.901136,57.402372],[-135.907078,57.403012],[-135.907078,57.407877]]],[[[-136.290693,57.7163],[-136.288079,57.719918],[-136.272036,57.716427],[-136.271322,57.720553],[-136.252546,57.728168],[-136.236859,57.717189],[-136.236621,57.70919],[-136.230442,57.703667],[-136.263954,57.689187],[-136.269778,57.698714],[-136.263836,57.704048],[-136.290693,57.7163]]],[[[-136.380109897991,57.8320790744927],[-136.024328,57.838795],[-135.9799,57.8903],[-135.901964,58.001343],[-135.878746,57.997419],[-135.81891,57.974144],[-135.75702,57.942719],[-135.528534,57.88047],[-135.426727,57.843994],[-135.351074,57.80545],[-135.238129,57.761711],[-135.176422,57.757683],[-135.111796268438,57.7669056603999],[-135.094808,57.752209],[-135.043826,57.754745],[-135.027307,57.749672],[-135.022791,57.743837],[-134.977513,57.762036],[-134.932235,57.758549],[-134.924154,57.742822],[-134.917499,57.739905],[-134.924748,57.734893],[-134.9194,57.710524],[-134.903238,57.693125],[-134.922252,57.677497],[-134.898009,57.662434],[-134.934255,57.671333],[-134.937464,57.66771],[-134.891592,57.649146],[-134.884105,57.638779],[-134.887076,57.633754],[-134.8784,57.631273],[-134.871983,57.615745],[-134.860337,57.605878],[-134.849879,57.568231],[-134.857128,57.55306],[-134.855108,57.546492],[-134.859743,57.545599],[-134.858554,57.532778],[-134.84774,57.522889],[-134.845838,57.514082],[-134.832766,57.512741],[-134.827418,57.503932],[-134.82932,57.497866],[-134.838351,57.503038],[-134.835024,57.481962],[-134.829557,57.479598],[-134.839064,57.479279],[-134.843224,57.472314],[-134.846195,57.479279],[-134.882679,57.506038],[-134.894087,57.502718],[-134.888977,57.49429],[-134.89991,57.490649],[-134.872696,57.472378],[-134.868774,57.464517],[-134.874598,57.46292],[-134.931522,57.458956],[-134.969907,57.463367],[-134.975017,57.45723],[-134.995339,57.460107],[-135.023742,57.453906],[-135.025762,57.460682],[-135.088153,57.464837],[-135.105503,57.473848],[-135.126776,57.496525],[-135.158268,57.505783],[-135.17657,57.517464],[-135.192494,57.519698],[-135.196059,57.521932],[-135.193445,57.525377],[-135.214717,57.527866],[-135.220065,57.531311],[-135.216143,57.533416],[-135.248824,57.548341],[-135.331537,57.57607],[-135.352809,57.590467],[-135.368734,57.589257],[-135.413655,57.610717],[-135.477829,57.630891],[-135.513481,57.6508],[-135.532495,57.651117],[-135.539031,57.654742],[-135.539863,57.661227],[-135.566127,57.67038],[-135.589895,57.659002],[-135.594173,57.651054],[-135.614257,57.646348],[-135.619605,57.637825],[-135.655732,57.628219],[-135.606651,57.610207],[-135.57813,57.617973],[-135.547469,57.613327],[-135.525959,57.606069],[-135.511223,57.594989],[-135.521086,57.587728],[-135.537011,57.589385],[-135.568266,57.581868],[-135.581219,57.568932],[-135.602729,57.573011],[-135.613544,57.562049],[-135.565651,57.547193],[-135.564225,57.538966],[-135.580506,57.516954],[-135.568504,57.511465],[-135.565176,57.49959],[-135.553411,57.491671],[-135.547825,57.478959],[-135.555312,57.461513],[-135.553292,57.4525],[-135.569335,57.452755],[-135.596193,57.443803],[-135.584547,57.432994],[-135.620555,57.419942],[-135.624715,57.408677],[-135.675222,57.406565],[-135.674984,57.39837],[-135.652999,57.391902],[-135.652167,57.385434],[-135.665358,57.380117],[-135.667735,57.38633],[-135.675816,57.386971],[-135.689007,57.382103],[-135.688294,57.376145],[-135.703624,57.373518],[-135.712181,57.366725],[-135.734998,57.375985],[-135.73785,57.37073],[-135.747358,57.37009],[-135.76756,57.374191],[-135.759955,57.380982],[-135.767798,57.379829],[-135.768036,57.385594],[-135.774453,57.38806],[-135.78907,57.382935],[-135.792041,57.3887],[-135.807491,57.385562],[-135.843856,57.390301],[-135.850392,57.396897],[-135.858473,57.426596],[-135.871783,57.420454],[-135.885093,57.42135],[-135.881884,57.425893],[-135.8864,57.430691],[-135.903988,57.437663],[-135.917417,57.45007],[-135.940829,57.456016],[-135.944156,57.461002],[-135.966855,57.462856],[-135.970895,57.471164],[-135.964121,57.475573],[-135.975292,57.477107],[-135.977669,57.479726],[-135.971252,57.480429],[-136.000011,57.497993],[-136.019857,57.498696],[-136.028057,57.506485],[-136.051469,57.514848],[-136.04933,57.529652],[-136.072503,57.541007],[-136.072503,57.548214],[-136.085457,57.552295],[-136.0933,57.56122],[-136.082486,57.564853],[-136.090329,57.571227],[-136.085932,57.575241],[-136.054083,57.581613],[-136.074761,57.599511],[-136.092944,57.597091],[-136.107323,57.58913],[-136.119802,57.589767],[-136.117663,57.598428],[-136.121465,57.604605],[-136.136915,57.606642],[-136.136558,57.592251],[-136.143451,57.57333],[-136.152601,57.571227],[-136.162346,57.556566],[-136.167456,57.573457],[-136.1999,57.587091],[-136.227471,57.591168],[-136.22961,57.595372],[-136.222836,57.603331],[-136.197998,57.601167],[-136.181004,57.613263],[-136.193126,57.621919],[-136.200137,57.620264],[-136.200256,57.616254],[-136.219746,57.623637],[-136.245653,57.62351],[-136.228302,57.628918],[-136.226995,57.635726],[-136.241731,57.643804],[-136.252308,57.660972],[-136.267044,57.665867],[-136.247555,57.672032],[-136.246366,57.676989],[-136.26027,57.680102],[-136.233769,57.693887],[-136.202039,57.693569],[-136.199781,57.697825],[-136.206674,57.701],[-136.1999,57.703159],[-136.206079,57.709127],[-136.201445,57.711349],[-136.202633,57.716618],[-136.177558,57.717443],[-136.17328,57.723599],[-136.184569,57.734386],[-136.214636,57.74149],[-136.206792,57.746945],[-136.210595,57.750116],[-136.202871,57.760007],[-136.205842,57.767107],[-136.222242,57.758105],[-136.219746,57.751955],[-136.238523,57.751955],[-136.236146,57.757535],[-136.261815,57.772241],[-136.266212,57.769135],[-136.261696,57.764888],[-136.263598,57.757027],[-136.257894,57.752652],[-136.258369,57.743076],[-136.276076,57.727279],[-136.292001,57.729564],[-136.300201,57.744345],[-136.320285,57.752716],[-136.306024,57.764635],[-136.302815,57.776297],[-136.325276,57.779085],[-136.329198,57.786497],[-136.347499,57.786117],[-136.348806,57.790488],[-136.334783,57.798595],[-136.336209,57.802965],[-136.361997,57.805688],[-136.359383,57.819805],[-136.36687,57.828791],[-136.380109897991,57.8320790744927]]],[[[-136.38796,57.802154],[-136.381352,57.80397],[-136.379167,57.802083],[-136.384193,57.79832],[-136.38796,57.802154]]],[[[-136.428181480596,57.8311700000901],[-136.388731868861,57.8319163302649],[-136.397649,57.818792],[-136.408226,57.817526],[-136.423913,57.820437],[-136.426527,57.824551],[-136.422843,57.828664],[-136.428181480596,57.8311700000901]]]]}},{"type":"Feature","properties":{"GEOID":"02100","NAME":"Haines","state":"AK","wildfire_risk_score":4.994,"wildfire_eal_total":1410.67,"risk_band":"Low","source":"FEMA National Risk Index v1.20 (December 2025)"},"geometry":{"type":"MultiPolygon","coordinates":[[[[-135.085227,58.266554],[-135.074769,58.263054],[-135.071679,58.249548],[-135.055517,58.239041],[-135.046723,58.227028],[-135.048862,58.223148],[-135.079047,58.247547],[-135.078334,58.257052],[-135.084514,58.259678],[-135.085227,58.266554]]],[[[-135.260991,58.178123],[-135.255881,58.178248],[-135.250295,58.165964],[-135.259208,58.170415],[-135.260991,58.178123]]],[[[-135.279173,59.034657],[-135.274895,59.03747],[-135.272756,59.032578],[-135.266339,59.033801],[-135.248513,59.022304],[-135.244472,59.016676],[-135.24875,59.006396],[-135.279173,59.034657]]],[[[-135.279649,59.079997],[-135.271805,59.078043],[-135.270379,59.070958],[-135.280124,59.078409],[-135.279649,59.079997]]],[[[-135.288443,59.058984],[-135.282738,59.062406],[-135.27133,59.048718],[-135.274657,59.045417],[-135.288443,59.058984]]],[[[-135.353092,59.015574],[-135.346437,59.019979],[-135.330274,59.011047],[-135.296762,58.963655],[-135.29795,58.942817],[-135.311022,58.938525],[-135.296999,58.922456],[-135.299614,58.918162],[-135.310072,58.920616],[-135.305793,58.90061],[-135.318628,58.929694],[-135.333127,58.934968],[-135.329799,58.937666],[-135.347387,58.976642],[-135.345724,58.986808],[-135.353092,59.015574]]],[[[-135.373148,59.268242],[-135.366877,59.280677],[-135.369016,59.313322],[-135.358346936234,59.34634],[-135.030525,59.346348],[-134.959905,59.280926],[-134.700716,59.249011],[-134.679117,59.192275],[-134.565566,59.131124],[-134.483395,59.131603],[-134.447123,59.089223],[-134.381877,59.038763],[-134.407149,58.97921],[-134.313731,58.962219],[-135.174277469019,58.9708871720045],[-135.176971,58.998807],[-135.190994,59.009456],[-135.203829,59.03001],[-135.200269,59.053765],[-135.206206,59.076822],[-135.222606,59.091964],[-135.222458,59.101751],[-135.231875,59.121008],[-135.25184,59.150759],[-135.274182,59.166478],[-135.283689,59.198867],[-135.292008,59.201788],[-135.324579,59.198012],[-135.333364,59.20483],[-135.334553,59.212495],[-135.328135,59.228794],[-135.373148,59.268242]]],[[[-135.400891,59.149995],[-135.393651,59.146155],[-135.393976,59.141685],[-135.400639,59.144997],[-135.400891,59.149995]]],[[[-136.495757,59.275132],[-136.469247,59.284079],[-136.477379,59.376233],[-136.477156,59.465824],[-136.362507,59.450374],[-136.305022,59.464518],[-136.238504,59.524326],[-136.23983,59.559412],[-136.353936,59.599827],[-136.192904,59.640027],[-135.952645,59.662166],[-135.723038552855,59.7283569582356],[-135.387033004201,59.357646891805],[-135.3973,59.338906],[-135.39326,59.328117],[-135.401103,59.313929],[-135.392784,59.296821],[-135.401103,59.287354],[-135.412512,59.294394],[-135.43723,59.297307],[-135.441045,59.294085],[-135.488236,59.303487],[-135.53254,59.324601],[-135.543235,59.321327],[-135.544424,59.310047],[-135.444526,59.277689],[-135.438419,59.272177],[-135.442935,59.263189],[-135.427296,59.250304],[-135.427104,59.244192],[-135.439697,59.237368],[-135.441048,59.22937],[-135.391118,59.219161],[-135.371029,59.21006],[-135.37316,59.207818],[-135.360916,59.200227],[-135.345704,59.177884],[-135.348021,59.174997],[-135.330454,59.154053],[-135.341491,59.152965],[-135.357048,59.162566],[-135.36312,59.159646],[-135.351859,59.153755],[-135.338853,59.137063],[-135.327423,59.132804],[-135.326974,59.122861],[-135.320835,59.115135],[-135.296739,59.094281],[-135.300834,59.085446],[-135.312321,59.085629],[-135.331524,59.105351],[-135.340508,59.103907],[-135.350424,59.111968],[-135.36927,59.112886],[-135.377723,59.130286],[-135.37075,59.136713],[-135.378745,59.149551],[-135.377127,59.15906],[-135.393952,59.164844],[-135.401026,59.173629],[-135.384941,59.173543],[-135.442788,59.206067],[-135.449909,59.218982],[-135.491391,59.235846],[-135.534441,59.245935],[-135.563201,59.26003],[-135.616441,59.266955],[-135.634029,59.263553],[-135.56629,59.243504],[-135.547038,59.231712],[-135.543473,59.227699],[-135.54585,59.222348],[-135.484053,59.186451],[-135.487381,59.177562],[-135.470268,59.174395],[-135.468842,59.168914],[-135.474784,59.16197],[-135.467891,59.144421],[-135.447926,59.128326],[-135.440796,59.113688],[-135.403242,59.109906],[-135.379712,59.097823],[-135.37641,59.089],[-135.383039,59.080119],[-135.381162,59.070878],[-135.393973,59.056174],[-135.398964,59.037837],[-135.382641,59.033366],[-135.375671,59.026218],[-135.376622,59.021325],[-135.401103,59.010802],[-135.399439,58.995992],[-135.38931,58.988278],[-135.38931,58.982914],[-135.401103,58.973335],[-135.374245,58.943798],[-135.369967,58.931411],[-135.375671,58.925769],[-135.324332,58.915339],[-135.322622,58.900661],[-135.339069,58.889682],[-135.315063,58.861057],[-135.320054,58.857246],[-135.318866,58.851837],[-135.301991,58.846059],[-135.284165,58.818997],[-135.271805,58.813213],[-135.241382,58.782183],[-135.248037,58.778241],[-135.239005,58.765056],[-135.237817,58.744221],[-135.232005,58.732442],[-135.246849,58.70992],[-135.238768,58.707575],[-135.234252,58.715968],[-135.226408,58.717943],[-135.194322,58.692881],[-135.1822,58.67262],[-135.184339,58.669778],[-135.166751,58.658653],[-135.161522,58.643196],[-135.141557,58.620927],[-135.140368,58.616471],[-135.148687,58.609168],[-135.140844,58.603101],[-135.135139,58.581301],[-135.144647,58.577213],[-135.158194,58.591831],[-135.158907,58.596909],[-135.153916,58.599015],[-135.163423,58.614615],[-135.182913,58.613377],[-135.18838,58.622288],[-135.203591,58.625753],[-135.214049,58.61907],[-135.186241,58.601244],[-135.192658,58.595299],[-135.185052,58.583532],[-135.185765,58.575602],[-135.164612,58.563083],[-135.165325,58.541631],[-135.152252,58.53518],[-135.130386,58.509987],[-135.134902,58.505765],[-135.132525,58.500798],[-135.123731,58.50055],[-135.120166,58.491483],[-135.133476,58.490614],[-135.135852,58.484651],[-135.124681,58.473716],[-135.120166,58.460539],[-135.092832,58.435416],[-135.086415,58.411894],[-135.077146,58.403427],[-135.074531,58.37253],[-135.065409,58.368697],[-135.065499,58.362184],[-135.054091,58.348218],[-135.048624,58.332873],[-135.051238,58.314276],[-135.047436,58.311155],[-135.047673,58.303289],[-135.054328,58.298543],[-135.053488,58.290498],[-135.071917,58.303663],[-135.096635,58.296919],[-135.100914,58.294296],[-135.092832,58.28655],[-135.095685,58.283427],[-135.090456,58.276054],[-135.104954,58.274179],[-135.1077,58.265034],[-135.089267,58.240417],[-135.091406,58.234411],[-135.062647,58.198983],[-135.069777,58.197605],[-135.068114,58.194474],[-135.054328,58.19059],[-135.073269,58.190575],[-135.091644,58.201739],[-135.097111,58.193597],[-135.137754,58.21401],[-135.143934,58.210755],[-135.14227,58.207374],[-135.169841,58.210379],[-135.186003,58.221271],[-135.216664,58.229406],[-135.226171,58.236288],[-135.272756,58.231659],[-135.295336,58.236038],[-135.344868,58.270795],[-135.347625,58.282552],[-135.358796,58.289549],[-135.368066,58.30641],[-135.3973,58.324887],[-135.396587,58.331875],[-135.408059,58.342999],[-135.421543,58.379011],[-135.426297,58.38088],[-135.432239,58.407412],[-135.4465,58.416002],[-135.452917,58.428075],[-135.457908,58.446114],[-135.45268,58.45569],[-135.472645,58.481917],[-135.489282,58.486638],[-135.485717,58.492974],[-135.492906334642,58.4996603108082],[-135.468177,58.510853],[-135.437174,58.514227],[-135.410907,58.510028],[-135.409078,58.505013],[-135.379226,58.502403],[-135.369971,58.494361],[-135.355659,58.491005],[-135.330106,58.495513],[-135.316732,58.504393],[-135.334526,58.525786],[-135.375915,58.54127],[-135.362715,58.552521],[-135.381437,58.572475],[-135.415879,58.586572],[-135.395839,58.602778],[-135.405223,58.620593],[-135.436906,58.636462],[-135.466202,58.638924],[-135.489319,58.656516],[-135.49982,58.650898],[-135.512456,58.660013],[-135.530234,58.657021],[-135.546535,58.675299],[-135.538835,58.677966],[-135.543115,58.684472],[-135.540241,58.688748],[-135.546955,58.695242],[-135.579309,58.70013],[-135.581943,58.70742],[-135.591523,58.711469],[-135.597753,58.706451],[-135.611346,58.710023],[-135.616599,58.706435],[-135.634561,58.714665],[-135.638435,58.723398],[-135.658839,58.718409],[-135.665534,58.710215],[-135.704196,58.737983],[-135.730835,58.725355],[-135.747111,58.724895],[-135.744147,58.733052],[-135.755204,58.744799],[-135.753423,58.756303],[-135.727101,58.765154],[-135.733739,58.768372],[-135.729941,58.776393],[-135.732253,58.78764],[-135.712815,58.796728],[-135.709016,58.80571],[-135.712286,58.824077],[-135.676375,58.838379],[-135.683487,58.853598],[-135.653896,58.85257],[-135.639389,58.856736],[-135.618647,58.852325],[-135.597939,58.861611],[-135.579059,58.861644],[-135.551602,58.875287],[-135.532009,58.869238],[-135.527651,58.874288],[-135.529457,58.8841],[-135.524117,58.887696],[-135.541013,58.892142],[-135.554672,58.901813],[-135.582203,58.897745],[-135.605493,58.903989],[-135.601508,58.915961],[-135.608182,58.92311],[-135.589025,58.927386],[-135.59013,58.937137],[-135.568208,58.940405],[-135.566059,58.962806],[-135.588293,58.970049],[-135.586346,58.981853],[-135.626695,58.988217],[-135.636472,58.99223],[-135.643683,59.002069],[-135.654894,59.003843],[-135.656883,59.010838],[-135.695634,59.02152],[-135.694502,59.028618],[-135.723091,59.069847],[-135.719093,59.08274],[-135.713102,59.083812],[-135.716832,59.088888],[-135.710383,59.101491],[-135.699146,59.10741],[-135.727964,59.115314],[-135.76423,59.136154],[-135.795721,59.142426],[-135.824289,59.138006],[-135.848346,59.152774],[-135.885714,59.159747],[-135.881543,59.168322],[-135.891804,59.170986],[-135.89905,59.17906],[-135.996633,59.181546],[-136.010841,59.186802],[-136.019437,59.178196],[-136.05101,59.17745],[-136.056709,59.179072],[-136.058331,59.191938],[-136.051456,59.196802],[-136.098505,59.201234],[-136.097006,59.208438],[-136.107895,59.215693],[-136.121542,59.207608],[-136.133541,59.188415],[-136.157918,59.183944],[-136.165316,59.18738],[-136.165934,59.200957],[-136.186126,59.206953],[-136.189749,59.219081],[-136.235155,59.213138],[-136.261664,59.227074],[-136.362339,59.232961],[-136.370094,59.237512],[-136.36548,59.247609],[-136.370582,59.249265],[-136.386288,59.252863],[-136.393692,59.245873],[-136.423811,59.246178],[-136.442284,59.253172],[-136.445483,59.265766],[-136.449105,59.266148],[-136.480363,59.256991],[-136.489703,59.259775],[-136.495757,59.275132]],[[-135.917434,59.401951],[-135.87875,59.399513],[-135.85201,59.387351],[-135.852041,59.395109],[-135.867237,59.395108],[-135.867249,59.402362],[-135.881418,59.402331],[-135.881434,59.409542],[-135.913746,59.409422],[-135.913612,59.40421],[-135.920472,59.404198],[-135.917434,59.401951]]]]}},{"type":"Feature","properties":{"GEOID":"02170","NAME":"Matanuska-Susitna","state":"AK","wildfire_risk_score":94.656,"wildfire_eal_total":3791622.43,"risk_band":"High","source":"FEMA National Risk Index v1.20 (December 2025)"},"geometry":{"type":"Polygon","coordinates":[[[-153.001881,62.725831],[-151.893784,62.725864],[-151.894015,62.798058],[-151.876539,62.798059],[-150.359318,63.145498],[-149.49234,63.333218],[-148.025618,63.333233],[-148.025627,63.477609],[-146.494333,63.477639],[-146.494296,62.957864],[-146.450134,62.957864],[-146.450126,62.856991],[-146.436899,62.856991],[-146.436884,62.510453],[-146.42399,62.510454],[-146.423984,62.250511],[-146.979807,62.250497],[-146.979811,62.163852],[-146.960978,62.163852],[-146.960952,61.817272],[-146.942601,61.817272],[-146.942559,61.470675],[-147.206605,61.470663],[-147.206597,61.426265],[-149.180062,61.42625],[-149.180041,61.45514],[-149.240395,61.455142],[-149.240449,61.484025],[-149.313292602221,61.4840290222796],[-149.376002,61.501056],[-149.380438,61.514788],[-149.401096,61.517455],[-149.477518,61.502018],[-149.573371,61.492233],[-149.596638,61.497032],[-149.614886,61.494719],[-149.757391,61.446808],[-149.784009,61.417941],[-149.811701,61.398431],[-149.867318,61.38984],[-149.885619,61.379765],[-149.89168,61.357728],[-149.916399,61.331456],[-149.918538,61.319082],[-149.910716,61.308369],[-149.920677,61.284329],[-149.917231,61.26748],[-149.927095,61.259881],[-149.962747,61.249708],[-149.985874,61.237515],[-150.074793,61.2535],[-150.204894,61.259548],[-150.286978,61.257443],[-150.388669,61.245935],[-150.468812,61.244627],[-150.495726,61.251245],[-150.52781,61.267962],[-150.534274,61.279757],[-150.551717,61.294719],[-150.583804,61.292207],[-150.596638,61.279989],[-150.611137,61.276905],[-150.620525,61.27799],[-150.639896,61.291693],[-150.655939,61.293634],[-150.684699,61.264338],[-150.707516,61.254223],[-150.823622,61.228551],[-150.874248,61.210872],[-150.942106,61.209269],[-150.956129,61.195358],[-150.974011218274,61.1901817344526],[-150.974014,61.25294],[-151.332802,61.252936],[-151.332784,61.426239],[-153.001736,61.426172],[-153.001881,62.725831]]]}},{"type":"Feature","properties":{"GEOID":"02122","NAME":"Kenai Peninsula","state":"AK","wildfire_risk_score":97.074,"wildfire_eal_total":7016235.03,"risk_band":"High","source":"FEMA National Risk Index v1.20 (December 2025)"},"geometry":{"type":"MultiPolygon","coordinates":[[[[-149.364388,59.904203],[-149.334916,59.909566],[-149.358327,59.924636],[-149.340501,59.929877],[-149.350484,59.935176],[-149.347869,59.940296],[-149.333133,59.945831],[-149.320298,59.936307],[-149.307345,59.938331],[-149.323863,59.929877],[-149.323269,59.917489],[-149.339669,59.897766],[-149.358921,59.899018],[-149.364388,59.904203]]],[[[-149.382689,59.884055],[-149.382214,59.888407],[-149.374608,59.890434],[-149.362724,59.881312],[-149.376866,59.879642],[-149.382689,59.884055]]],[[[-149.411532,59.851043],[-149.400123,59.85367],[-149.39941,59.861069],[-149.407491,59.865604],[-149.382773,59.869064],[-149.36566,59.858205],[-149.363996,59.849253],[-149.369225,59.838984],[-149.383248,59.835043],[-149.387051,59.83791],[-149.373503,59.841014],[-149.384199,59.849611],[-149.380871,59.853192],[-149.390616,59.853431],[-149.403213,59.842806],[-149.411532,59.851043]]],[[[-149.524584,59.783728],[-149.50141,59.777807],[-149.511393,59.769132],[-149.507709,59.764883],[-149.517572,59.766499],[-149.51472,59.776551],[-149.522564,59.778345],[-149.524584,59.783728]]],[[[-149.573308,59.70247],[-149.554532,59.700911],[-149.553819,59.698273],[-149.569505,59.699232],[-149.573308,59.70247]]],[[[-149.637361,59.614488],[-149.632159,59.61686],[-149.626491,59.613078],[-149.632464,59.611503],[-149.637361,59.614488]]],[[[-149.667324,59.666419],[-149.658973,59.668001],[-149.66628,59.680386],[-149.662888,59.697639],[-149.652188,59.68829],[-149.65271,59.68065],[-149.644621,59.679201],[-149.651405,59.670768],[-149.644881,59.661938],[-149.652971,59.65126],[-149.635748,59.650996],[-149.619308,59.665233],[-149.624788,59.65126],[-149.608608,59.645589],[-149.599475,59.657192],[-149.602084,59.649414],[-149.595038,59.645062],[-149.601041,59.643216],[-149.604172,59.635565],[-149.594256,59.629497],[-149.608086,59.628573],[-149.620873,59.635302],[-149.62009,59.644666],[-149.627919,59.646644],[-149.665758,59.640842],[-149.659495,59.655742],[-149.651927,59.659433],[-149.667324,59.666419]]],[[[-149.71758,59.665638],[-149.711163,59.660476],[-149.712113,59.655494],[-149.714847,59.656094],[-149.71758,59.665638]]],[[[-149.72004,59.910928],[-149.71685,59.918789],[-149.713777,59.918442],[-149.716025,59.904143],[-149.719799,59.904386],[-149.72004,59.910928]]],[[[-149.728751,59.68184],[-149.717223,59.67788],[-149.717342,59.66996],[-149.722571,59.67104],[-149.728751,59.68184]]],[[[-149.846046,59.67608],[-149.801005,59.653212],[-149.760719,59.608271],[-149.799104,59.629367],[-149.797678,59.635014],[-149.819544,59.643724],[-149.819069,59.651531],[-149.834399,59.655253],[-149.830121,59.663358],[-149.842837,59.666239],[-149.846046,59.67608]]],[[[-150.439889,59.371159],[-150.428005,59.37134],[-150.430976,59.375699],[-150.425747,59.378],[-150.383796,59.373822],[-150.390332,59.381389],[-150.364663,59.382479],[-150.372625,59.377939],[-150.370486,59.371764],[-150.381895,59.366981],[-150.376072,59.359471],[-150.383321,59.352384],[-150.379518,59.343841],[-150.385341,59.341963],[-150.405425,59.345962],[-150.411129,59.351354],[-150.432639,59.344387],[-150.428718,59.356443],[-150.418735,59.358866],[-150.390808,59.35408],[-150.383202,59.357836],[-150.394016,59.368858],[-150.411842,59.371522],[-150.437749,59.366981],[-150.439889,59.371159]]],[[[-150.701574,59.421314],[-150.694444,59.422946],[-150.690165,59.421556],[-150.69587,59.420044],[-150.701574,59.421314]]],[[[-150.774898,59.318928],[-150.751606,59.321596],[-150.755646,59.328265],[-150.774898,59.332145],[-150.769907,59.340145],[-150.748753,59.336993],[-150.740672,59.345235],[-150.748753,59.349597],[-150.741385,59.35299],[-150.741148,59.361712],[-150.711438,59.369221],[-150.703594,59.384597],[-150.689809,59.391012],[-150.710012,59.393674],[-150.705971,59.398151],[-150.710725,59.401055],[-150.699791,59.410612],[-150.706209,59.417142],[-150.630627,59.405047],[-150.603293,59.384597],[-150.625873,59.387381],[-150.61494,59.370069],[-150.609711,59.369463],[-150.619693,59.360259],[-150.618743,59.351294],[-150.654632,59.341115],[-150.653206,59.337478],[-150.66105,59.333721],[-150.662476,59.321353],[-150.680777,59.304614],[-150.699554,59.300853],[-150.703832,59.294542],[-150.720945,59.288595],[-150.733304,59.291751],[-150.726649,59.300003],[-150.711913,59.304371],[-150.712626,59.307647],[-150.729739,59.311165],[-150.750892,59.303279],[-150.762063,59.303886],[-150.775849,59.307404],[-150.774898,59.318928]]],[[[-150.911769,59.305363],[-150.898967,59.307495],[-150.894415,59.305238],[-150.907329,59.303531],[-150.911769,59.305363]]],[[[-151.477242,59.541137],[-151.470943,59.542523],[-151.470111,59.539571],[-151.476766,59.538547],[-151.477242,59.541137]]],[[[-151.516102,59.522789],[-151.504931,59.525079],[-151.505882,59.52978],[-151.48663,59.532672],[-151.48045,59.526164],[-151.48045,59.513505],[-151.49281,59.51242],[-151.516102,59.522789]]],[[[-151.528818,59.147586],[-151.471181,59.142589],[-151.468923,59.137773],[-151.450622,59.13314],[-151.43339,59.135517],[-151.430181,59.132042],[-151.436836,59.125152],[-151.431132,59.115637],[-151.445036,59.105082],[-151.483421,59.117345],[-151.491978,59.124786],[-151.520618,59.127957],[-151.526323,59.134359],[-151.52145,59.141918],[-151.528818,59.147586]]],[[[-151.529864,59.506837],[-151.522717,59.509412],[-151.500052,59.506711],[-151.528384,59.503965],[-151.529864,59.506837]]],[[[-151.725974,59.116003],[-151.703156,59.130274],[-151.684855,59.129176],[-151.666672,59.11948],[-151.63827,59.116552],[-151.644449,59.104044],[-151.6618,59.095744],[-151.675585,59.100444],[-151.713733,59.101115],[-151.725974,59.116003]]],[[[-151.881885,59.156005],[-151.823377,59.177886],[-151.797072,59.174847],[-151.790266,59.167814],[-151.801288,59.150463],[-151.792717,59.140212],[-151.807924,59.135179],[-151.838615,59.144466],[-151.876149,59.146812],[-151.881885,59.156005]]],[[[-151.888924,59.371606],[-151.884431,59.371924],[-151.878577,59.368854],[-151.885467,59.367895],[-151.888924,59.371606]]],[[[-151.991419,59.312691],[-151.967219,59.322687],[-151.962465,59.330326],[-151.966743,59.332023],[-151.960326,59.335175],[-151.966121,59.341668],[-151.96313,59.344958],[-151.928239,59.3519],[-151.924198,59.358926],[-151.908749,59.361258],[-151.835425,59.353747],[-151.815579,59.341024],[-151.804774,59.346468],[-151.793356,59.338539],[-151.795257,59.331144],[-151.779689,59.326719],[-151.776934,59.319255],[-151.761233,59.322356],[-151.776172,59.3335],[-151.775753,59.34209],[-151.800486,59.357563],[-151.871023,59.372535],[-151.853633,59.373146],[-151.876663,59.383962],[-151.89021,59.383235],[-151.896509,59.388924],[-151.895202,59.394249],[-151.908015,59.395274],[-151.90863,59.399029],[-151.889378,59.40913],[-151.887833,59.42479],[-151.854439,59.426785],[-151.825561,59.43857],[-151.803695,59.436818],[-151.77322,59.44754],[-151.75711,59.445579],[-151.742373,59.453643],[-151.74273,59.447512],[-151.736194,59.446152],[-151.7438,59.435548],[-151.742492,59.427692],[-151.699116,59.399149],[-151.685212,59.394854],[-151.68129,59.399512],[-151.695788,59.406771],[-151.694243,59.414028],[-151.717892,59.422553],[-151.709455,59.425153],[-151.720032,59.433312],[-151.717536,59.436153],[-151.721695,59.440926],[-151.716942,59.446908],[-151.720982,59.451952],[-151.710881,59.455485],[-151.706484,59.469463],[-151.676061,59.472482],[-151.65158,59.484915],[-151.604519,59.475621],[-151.570769,59.486242],[-151.558885,59.482622],[-151.569818,59.481173],[-151.574334,59.475138],[-151.570032,59.468945],[-151.55936,59.468135],[-151.516578,59.472844],[-151.525372,59.479363],[-151.523708,59.485156],[-151.503505,59.483466],[-151.433628,59.461011],[-151.429825,59.46415],[-151.435767,59.474051],[-151.449552,59.475621],[-151.46001,59.484673],[-151.46001,59.490828],[-151.472845,59.495654],[-151.472607,59.503133],[-151.44114,59.526376],[-151.446938,59.535324],[-151.440283,59.542192],[-151.419367,59.547252],[-151.406294,59.541228],[-151.385854,59.543156],[-151.349489,59.567363],[-151.318353,59.572298],[-151.320254,59.577835],[-151.30124,59.580001],[-151.269391,59.571456],[-151.271737,59.576468],[-151.26535,59.581566],[-151.276238,59.584356],[-151.278905,59.589029],[-151.274795,59.596986],[-151.21924,59.601777],[-151.214962,59.600213],[-151.214487,59.591793],[-151.180736,59.594079],[-151.164259,59.587013],[-151.158254,59.594141],[-151.165427,59.601329],[-151.18953,59.605144],[-151.203554,59.636757],[-151.200701,59.644685],[-151.155542,59.655373],[-151.134389,59.668699],[-151.111096,59.668099],[-151.108719,59.67458],[-151.122791,59.677782],[-151.115374,59.685259],[-151.113711,59.697853],[-151.098253,59.709442],[-151.078534,59.715358],[-151.069502,59.72866],[-151.045021,59.724346],[-151.039079,59.732374],[-151.045972,59.732973],[-151.050963,59.747824],[-151.017213,59.746866],[-151.016975,59.760515],[-151.0001,59.766739],[-150.977995,59.766619],[-150.970337,59.776128],[-150.927312,59.793431],[-150.944007,59.794372],[-150.976807,59.786599],[-150.99392,59.791502],[-150.990355,59.797003],[-150.994633,59.79796],[-151.089705,59.786479],[-151.245861,59.716796],[-151.332851,59.685019],[-151.377054,59.681313],[-151.42484,59.670521],[-151.43661,59.66636],[-151.441127,59.653543],[-151.448669,59.648171],[-151.491384,59.634954],[-151.408909,59.600213],[-151.415088,59.599251],[-151.497801,59.63183],[-151.642073,59.649009],[-151.679864,59.659696],[-151.823185,59.718354],[-151.855984,59.747824],[-151.871434,59.770329],[-151.817553,59.838282],[-151.799625,59.881906],[-151.751405,59.923028],[-151.71801,60.009473],[-151.702898,60.032253],[-151.673684,60.045966],[-151.616879,60.09518],[-151.517887,60.145008],[-151.421702,60.212931],[-151.406607,60.228183],[-151.388468,60.269147],[-151.381959,60.296951],[-151.382051,60.344616],[-151.377281,60.365522],[-151.366874,60.372655],[-151.32786,60.380581],[-151.316927,60.387394],[-151.301868,60.384712],[-151.296249,60.392326],[-151.283967,60.452196],[-151.280992,60.512627],[-151.263924,60.546845],[-151.303125,60.561326],[-151.336654,60.587607],[-151.354846,60.641892],[-151.405737,60.698543],[-151.410273,60.711023],[-151.40927,60.720558],[-151.404219,60.723216],[-151.36375,60.735505],[-151.279635,60.747676],[-151.262973,60.757689],[-151.261072,60.772432],[-151.245861,60.776377],[-151.10967,60.783455],[-151.035989,60.793083],[-151.025769,60.79633],[-151.021729,60.804794],[-151.012016,60.80934],[-150.896234,60.854261],[-150.752913,60.921099],[-150.71322,60.934612],[-150.687313,60.955389],[-150.629557,60.967041],[-150.493856,61.009138],[-150.443691,61.018791],[-150.396631,61.038017],[-150.377171,61.039144],[-150.341709,61.024201],[-150.289675,60.966118],[-150.194128,60.90134],[-150.139937,60.901918],[-150.118546,60.898335],[-150.109276,60.890357],[-150.091212,60.885847],[-150.065305,60.891167],[-150.044152,60.884575],[-150.022523,60.884113],[-150.021097,60.865025],[-150.008262,60.8619],[-149.989485,60.870463],[-149.992813,60.87833],[-149.98901,60.89371],[-149.948723,60.898595],[-149.9429,60.908246],[-149.928996,60.914081],[-149.919489,60.925517],[-149.904634,60.932909],[-149.903564,60.939923],[-149.872191,60.96035],[-149.83558,60.968855],[-149.767136,60.968195],[-149.669331,60.944915],[-149.662082,60.9321],[-149.645919,60.923843],[-149.612288,60.924998],[-149.56583,60.935413],[-149.524584,60.924218],[-149.470631,60.917922],[-149.45328,60.906945],[-149.438544,60.907697],[-149.430819,60.902033],[-149.412161,60.908448],[-149.38673,60.89793],[-149.351553,60.894404],[-149.252559,60.896311],[-149.234139,60.888276],[-149.189964,60.889547],[-149.169728,60.887062],[-149.151427,60.877867],[-149.115062,60.877578],[-149.101158,60.869075],[-149.068358,60.862248],[-149.057533,60.856],[-149.05481,60.848357],[-149.034079109773,60.8459526380732],[-149.037741,60.732987],[-148.657119,60.732976],[-148.657134948127,60.7248451338516],[-148.673724,60.71628],[-148.68442,60.685922],[-148.678716,60.683129],[-148.657110669819,60.6932764726646],[-148.657105796572,60.6803018840611],[-148.667307,60.676029],[-148.660414,60.683944],[-148.668258,60.684875],[-148.707237,60.667531],[-148.71413,60.657749],[-148.679904,60.668113],[-148.680142,60.658448],[-148.688223,60.65076],[-148.683707,60.646449],[-148.657109931101,60.6657962821788],[-148.65708372304,60.496376835586],[-148.667069,60.485498],[-148.715913,60.459552],[-148.704029,60.449121],[-148.706049,60.443259],[-148.688579,60.440211],[-148.668139,60.446542],[-148.664473,60.4566215063158],[-148.66447,60.415183],[-148.563715,60.415172],[-148.563026,60.126314],[-148.572027,60.126316],[-148.571963,60.061333],[-148.586485,60.061336],[-148.58618,59.938585],[-148.671356797737,59.9212955263693],[-148.676179,59.926714],[-148.667867,59.937796],[-148.676424,59.942617],[-148.689496,59.944701],[-148.719682,59.938034],[-148.728339,59.940538],[-148.723128,59.948152],[-148.765316,59.959042],[-148.801325,59.952794],[-148.811782,59.936962],[-148.838284,59.924517],[-148.859556,59.924398],[-148.884631,59.92946],[-148.877857,59.936903],[-148.899605,59.946188],[-148.903646,59.95565],[-148.913153,59.955234],[-148.912083,59.967845],[-148.918382,59.971176],[-148.957599,59.973733],[-148.992419,59.953925],[-149.018207,59.948867],[-149.030923,59.952378],[-149.027714,59.96392],[-149.032706,59.966834],[-149.049462,59.967964],[-149.066575,59.955412],[-149.082024,59.954282],[-149.0989,59.956126],[-149.101276,59.964277],[-149.106743,59.96618],[-149.124807,59.964752],[-149.120885,59.975517],[-149.125044,59.980631],[-149.116131,59.983068],[-149.115927,59.9878],[-149.105331,59.994671],[-149.084876,59.990618],[-149.093195,60.003453],[-149.075607,60.018719],[-149.064079,60.012958],[-149.063248,60.024182],[-149.045383,60.02938],[-149.043045,60.032078],[-149.04768,60.034512],[-149.037439,60.04053],[-149.052077,60.051069],[-149.070738,60.055401],[-149.099613,60.043771],[-149.131105,60.044423],[-149.131818,60.037599],[-149.141088,60.031069],[-149.166282,60.028754],[-149.16545,60.019848],[-149.180661,60.003216],[-149.192308,60.001493],[-149.201815,60.009394],[-149.20847,60.006543],[-149.202409,59.988716],[-149.228197,59.980274],[-149.2074,59.978966],[-149.212748,59.971414],[-149.225226,59.967191],[-149.231406,59.95333],[-149.248044,59.948093],[-149.221661,59.949878],[-149.217145,59.941784],[-149.22178,59.936962],[-149.227484,59.939879],[-149.238536,59.936248],[-149.237467,59.931544],[-149.248281,59.923386],[-149.273475,59.914153],[-149.257313,59.906705],[-149.246023,59.912723],[-149.234734,59.909387],[-149.248162,59.906646],[-149.246618,59.902296],[-149.255293,59.897051],[-149.248158,59.89705],[-149.255706,59.890636],[-149.276327,59.885486],[-149.279061,59.879582],[-149.270623,59.872067],[-149.286191,59.867235],[-149.294629,59.871292],[-149.285953,59.875527],[-149.295461,59.882862],[-149.292133,59.886678],[-149.30164,59.891269],[-149.29249,59.894309],[-149.294748,59.899554],[-149.289519,59.90605],[-149.296768,59.907361],[-149.294985,59.913915],[-149.300333,59.913557],[-149.302521,59.918545],[-149.297956,59.919038],[-149.303661,59.923684],[-149.297124,59.93464],[-149.302372,59.9422],[-149.292133,59.942141],[-149.302472,59.949045],[-149.300571,59.961362],[-149.28524,59.965585],[-149.296174,59.970343],[-149.298075,59.979382],[-149.314594,59.971057],[-149.323507,59.972722],[-149.319347,59.983187],[-149.323745,59.987883],[-149.317921,59.997393],[-149.293203,60.00583],[-149.288449,60.012721],[-149.311266,60.01373],[-149.335272,60.007137],[-149.342878,60.076629],[-149.368547,60.093461],[-149.361773,60.115318],[-149.372469,60.122186],[-149.406457,60.118101],[-149.424283,60.122837],[-149.424199,60.118765],[-149.438069,60.11443],[-149.433196,60.104303],[-149.445318,60.096779],[-149.443654,60.077993],[-149.43486,60.070701],[-149.442822,60.063585],[-149.444248,60.056052],[-149.438935,60.047039],[-149.444961,60.033859],[-149.419292,60.01569],[-149.408834,60.013433],[-149.387562,59.994956],[-149.386492,59.983841],[-149.411924,59.986516],[-149.430463,59.978966],[-149.42666,59.973793],[-149.433671,59.97076],[-149.464213,59.918561],[-149.477523,59.92148],[-149.483822,59.931068],[-149.50759,59.931246],[-149.530526,59.924756],[-149.563563,59.905156],[-149.566891,59.895203],[-149.552987,59.89413],[-149.555126,59.878449],[-149.573546,59.879761],[-149.584242,59.87493],[-149.579013,59.871113],[-149.58436,59.863596],[-149.570575,59.860672],[-149.572714,59.852317],[-149.584004,59.856435],[-149.593273,59.854227],[-149.591847,59.845154],[-149.620012,59.833451],[-149.626192,59.81816],[-149.616804,59.81093],[-149.596007,59.807404],[-149.602543,59.800889],[-149.590713,59.791099],[-149.596244,59.783848],[-149.585814,59.78059],[-149.59256,59.771465],[-149.589827,59.766918],[-149.56594,59.768893],[-149.572833,59.773739],[-149.561543,59.779482],[-149.543123,59.782891],[-149.534566,59.777687],[-149.536824,59.772722],[-149.554413,59.773619],[-149.547401,59.761831],[-149.53528,59.757821],[-149.565703,59.751057],[-149.557027,59.745848],[-149.538698,59.744462],[-149.550135,59.734171],[-149.545975,59.729977],[-149.51163,59.735967],[-149.531239,59.723687],[-149.524109,59.718414],[-149.525059,59.705108],[-149.542291,59.708105],[-149.537181,59.71302],[-149.541459,59.716676],[-149.552155,59.714579],[-149.538845,59.72171],[-149.542885,59.727641],[-149.559285,59.72824],[-149.575804,59.717635],[-149.585549,59.719612],[-149.572358,59.730397],[-149.580795,59.737764],[-149.577587,59.743633],[-149.581271,59.746507],[-149.594224,59.747645],[-149.605633,59.740998],[-149.60183,59.734111],[-149.614546,59.726862],[-149.618943,59.72806],[-149.617517,59.73459],[-149.640928,59.737944],[-149.628688,59.744351],[-149.606465,59.746926],[-149.618111,59.751656],[-149.617992,59.756924],[-149.602186,59.750399],[-149.584717,59.74998],[-149.573427,59.758659],[-149.610862,59.764524],[-149.611575,59.76997],[-149.606108,59.774038],[-149.608723,59.777388],[-149.599215,59.779601],[-149.60183,59.786479],[-149.617873,59.784745],[-149.640809,59.761831],[-149.645206,59.76219],[-149.643186,59.768534],[-149.653517,59.773814],[-149.652099,59.780558],[-149.632015,59.78002],[-149.617041,59.790546],[-149.623696,59.792758],[-149.608723,59.794552],[-149.60801,59.799275],[-149.617279,59.80579],[-149.658516,59.793177],[-149.655308,59.797242],[-149.66434,59.802323],[-149.645325,59.807703],[-149.669687,59.812543],[-149.64485,59.816965],[-149.672302,59.820908],[-149.670995,59.826045],[-149.639977,59.826105],[-149.637363,59.831421],[-149.668244,59.83584],[-149.668974,59.847602],[-149.657447,59.850765],[-149.661908,59.854633],[-149.65284,59.861211],[-149.629876,59.856197],[-149.637719,59.865982],[-149.616447,59.878688],[-149.668737,59.869442],[-149.657447,59.881729],[-149.657628,59.892152],[-149.637838,59.896336],[-149.663745,59.906765],[-149.655545,59.912008],[-149.666287,59.917455],[-149.666241,59.929936],[-149.67967,59.945534],[-149.692148,59.95208],[-149.722809,59.955115],[-149.741348,59.947557],[-149.72191,59.897862],[-149.72911,59.888864],[-149.716911,59.883524],[-149.742733,59.878235],[-149.752994,59.864073],[-149.744438,59.852795],[-149.741894,59.830812],[-149.748716,59.823477],[-149.761313,59.821685],[-149.772365,59.836975],[-149.801124,59.851362],[-149.872191,59.853511],[-149.816692,59.833392],[-149.800768,59.810571],[-149.760243,59.793177],[-149.786507,59.789111],[-149.789121,59.784745],[-149.767374,59.774158],[-149.785081,59.766619],[-149.781635,59.761173],[-149.756322,59.764764],[-149.756559,59.755188],[-149.769751,59.74525],[-149.760956,59.742076],[-149.756678,59.731775],[-149.744557,59.731595],[-149.745388,59.72171],[-149.730296,59.719732],[-149.742061,59.708765],[-149.748716,59.708165],[-149.75038,59.695695],[-149.742774,59.693296],[-149.732316,59.701451],[-149.723169,59.697973],[-149.72471,59.693356],[-149.739328,59.684599],[-149.751212,59.692336],[-149.764165,59.689338],[-149.761551,59.68232],[-149.750261,59.68016],[-149.760719,59.669779],[-149.741243,59.66295],[-149.747528,59.653152],[-149.738731,59.651896],[-149.739922,59.638559],[-149.758817,59.645826],[-149.753945,59.648709],[-149.758104,59.65075],[-149.781278,59.65033],[-149.763214,59.658135],[-149.766185,59.664198],[-149.776287,59.657655],[-149.794707,59.657535],[-149.791905,59.661379],[-149.798272,59.663478],[-149.787933,59.665518],[-149.781516,59.67914],[-149.788527,59.68058],[-149.802788,59.6732],[-149.810513,59.67812],[-149.794826,59.687118],[-149.825724,59.683999],[-149.815623,59.690957],[-149.79542,59.691857],[-149.79649,59.697314],[-149.781635,59.691977],[-149.765829,59.701091],[-149.766304,59.705288],[-149.780803,59.703849],[-149.778901,59.708585],[-149.791261,59.714519],[-149.820971,59.699532],[-149.829765,59.701451],[-149.832973,59.70289],[-149.815385,59.708885],[-149.811582,59.717515],[-149.820258,59.720751],[-149.827031,59.714159],[-149.840104,59.714818],[-149.835231,59.724226],[-149.850799,59.723088],[-149.840579,59.729378],[-149.849485,59.731434],[-149.842243,59.733392],[-149.845689,59.739381],[-149.886689,59.740339],[-149.89786,59.748722],[-149.894532,59.759198],[-149.909625,59.765362],[-149.908556,59.76973],[-149.940003,59.768668],[-149.947416,59.776371],[-149.970709,59.770448],[-149.996497,59.78325],[-150.015987,59.801606],[-150.025969,59.799813],[-150.03203,59.790008],[-150.051045,59.791383],[-150.041537,59.8181],[-150.068039,59.847005],[-150.079447,59.844259],[-150.065781,59.825568],[-150.060195,59.807822],[-150.067801,59.793954],[-150.077427,59.787735],[-150.065662,59.777029],[-150.077902,59.762071],[-150.068633,59.760275],[-150.057818,59.769551],[-150.044152,59.771286],[-150.0413,59.777328],[-150.022642,59.762909],[-149.981286,59.74956],[-149.967975,59.751057],[-149.957993,59.736447],[-149.962033,59.729678],[-149.978315,59.725065],[-149.97166,59.717036],[-149.938266,59.722009],[-149.92555,59.729798],[-149.920558,59.692636],[-149.933721,59.668994],[-149.953002,59.663298],[-149.942306,59.657535],[-149.950981,59.654533],[-149.963935,59.660716],[-149.9921,59.657595],[-150.010996,59.662157],[-150.011709,59.657415],[-149.996616,59.6397],[-150.00648,59.637718],[-150.005342,59.632808],[-150.017056,59.625221],[-150.028703,59.624981],[-150.028124,59.615029],[-150.034407,59.612539],[-150.051876,59.63183],[-150.051163,59.636997],[-150.041894,59.638018],[-150.057581,59.661857],[-150.083012,59.664198],[-150.096085,59.67542],[-150.112841,59.67926],[-150.11605,59.687898],[-150.134114,59.693776],[-150.127815,59.68034],[-150.130192,59.67638],[-150.114267,59.67026],[-150.106543,59.656694],[-150.086934,59.65045],[-150.099056,59.628165],[-150.099769,59.611277],[-150.11403,59.602378],[-150.134708,59.614763],[-150.140056,59.622997],[-150.164893,59.619391],[-150.153603,59.618009],[-150.153841,59.608992],[-150.12627,59.590951],[-150.111296,59.589748],[-150.083369,59.578016],[-150.131143,59.564172],[-150.152296,59.570372],[-150.161803,59.560199],[-150.185809,59.570372],[-150.185928,59.577173],[-150.174519,59.57958],[-150.179629,59.584454],[-150.212786,59.578437],[-150.196505,59.551829],[-150.175232,59.538698],[-150.177134,59.53442],[-150.21742,59.518991],[-150.206962,59.534601],[-150.212429,59.542674],[-150.221342,59.539722],[-150.22253,59.528755],[-150.234652,59.526224],[-150.258658,59.527128],[-150.260084,59.533335],[-150.265432,59.533456],[-150.266739,59.526224],[-150.245229,59.513565],[-150.245467,59.50639],[-150.239244,59.506238],[-150.234296,59.499394],[-150.251646,59.491853],[-150.256638,59.484553],[-150.27589,59.498188],[-150.29633,59.49668],[-150.297637,59.492517],[-150.285991,59.485337],[-150.287892,59.477733],[-150.296568,59.47544],[-150.301321,59.482441],[-150.313681,59.484311],[-150.310353,59.471395],[-150.314988,59.468437],[-150.31475,59.461373],[-150.329249,59.450321],[-150.318434,59.446455],[-150.314394,59.453099],[-150.300489,59.452254],[-150.28504,59.459924],[-150.296449,59.445005],[-150.307857,59.441621],[-150.306075,59.431832],[-150.292646,59.433645],[-150.295379,59.416659],[-150.313681,59.415328],[-150.316057,59.420286],[-150.30251,59.423974],[-150.312255,59.429354],[-150.325327,59.428447],[-150.321168,59.434551],[-150.327704,59.441259],[-150.344104,59.434491],[-150.346599,59.429656],[-150.341251,59.420044],[-150.348978,59.415294],[-150.370367,59.424699],[-150.359196,59.429535],[-150.358008,59.435881],[-150.39259,59.430079],[-150.376003,59.407219],[-150.394254,59.398998],[-150.388938,59.391793],[-150.39568,59.383931],[-150.42646,59.390588],[-150.433828,59.396699],[-150.429668,59.400753],[-150.412318,59.398938],[-150.40388,59.408313],[-150.425628,59.408555],[-150.426297,59.416345],[-150.419567,59.420105],[-150.424202,59.424216],[-150.398651,59.422946],[-150.418854,59.438117],[-150.395561,59.43153],[-150.402601,59.44574],[-150.375596,59.438781],[-150.382251,59.445669],[-150.366208,59.450743],[-150.36086,59.440957],[-150.344698,59.438419],[-150.351234,59.461554],[-150.377973,59.462399],[-150.38344,59.45781],[-150.403354,59.462432],[-150.392353,59.467411],[-150.394492,59.473568],[-150.390095,59.476043],[-150.349333,59.472421],[-150.340895,59.480208],[-150.341251,59.486966],[-150.359672,59.487449],[-150.363356,59.492095],[-150.377022,59.489802],[-150.378805,59.498791],[-150.368109,59.503555],[-150.345292,59.498851],[-150.331507,59.501867],[-150.339707,59.50832],[-150.365138,59.514108],[-150.368585,59.519353],[-150.361811,59.523271],[-150.34648,59.521523],[-150.353663,59.527662],[-150.345411,59.533154],[-150.349808,59.535203],[-150.34553,59.541951],[-150.318434,59.553696],[-150.325446,59.558392],[-150.325089,59.563691],[-150.312611,59.566821],[-150.306313,59.576451],[-150.289794,59.579941],[-150.317721,59.592094],[-150.26353,59.628766],[-150.284921,59.640661],[-150.255449,59.660476],[-150.24618,59.675],[-150.248675,59.688858],[-150.225383,59.704988],[-150.217658,59.720871],[-150.215994,59.732793],[-150.221817,59.737584],[-150.217302,59.741058],[-150.226096,59.743992],[-150.277672,59.693896],[-150.284803,59.67674],[-150.308214,59.656154],[-150.305124,59.653092],[-150.313205,59.645226],[-150.31071,59.641562],[-150.322237,59.632671],[-150.319385,59.62492],[-150.350283,59.60797],[-150.346837,59.600334],[-150.357057,59.599371],[-150.370248,59.577715],[-150.38237,59.567242],[-150.411129,59.557851],[-150.411367,59.550925],[-150.429074,59.527851],[-150.431518,59.514287],[-150.45201,59.496499],[-150.46414,59.474682],[-150.477204,59.468256],[-150.478742,59.458498],[-150.500259,59.455636],[-150.505251,59.464211],[-150.517729,59.462097],[-150.523195,59.48057],[-150.488494,59.486966],[-150.48481,59.505003],[-150.477561,59.510611],[-150.483146,59.514892],[-150.491703,59.512601],[-150.502398,59.49686],[-150.532821,59.495956],[-150.562412,59.511154],[-150.554213,59.508742],[-150.521175,59.516399],[-150.51963,59.520317],[-150.55136,59.517544],[-150.568354,59.525079],[-150.57085,59.530443],[-150.54316,59.545083],[-150.538288,59.555141],[-150.5125,59.566159],[-150.512597,59.573551],[-150.493485,59.576993],[-150.49194,59.582348],[-150.509053,59.586499],[-150.510598,59.591853],[-150.504419,59.597507],[-150.521175,59.606407],[-150.538763,59.592395],[-150.54625,59.597026],[-150.559679,59.595522],[-150.557065,59.586018],[-150.588082,59.565557],[-150.593786,59.548095],[-150.606027,59.542674],[-150.605314,59.537372],[-150.634311,59.54695],[-150.664377,59.541469],[-150.645838,59.532552],[-150.641679,59.52297],[-150.624209,59.525561],[-150.626586,59.520257],[-150.61235,59.51788],[-150.61387,59.511033],[-150.608166,59.505727],[-150.589627,59.50054],[-150.58012,59.492215],[-150.580833,59.468196],[-150.602224,59.474051],[-150.602818,59.466384],[-150.621832,59.471395],[-150.658673,59.470188],[-150.644769,59.461192],[-150.583091,59.450079],[-150.586062,59.446394],[-150.581182,59.445233],[-150.595093,59.436002],[-150.599491,59.42609],[-150.630745,59.424034],[-150.638232,59.421072],[-150.636687,59.418231],[-150.650546,59.419873],[-150.655108,59.41557],[-150.700859,59.432951],[-150.737939,59.423974],[-150.745426,59.403051],[-150.760875,59.390467],[-150.770501,59.375154],[-150.783692,59.373157],[-150.803895,59.361349],[-150.843825,59.357472],[-150.84537,59.348628],[-150.840367,59.346874],[-150.852809,59.342397],[-150.880341,59.318922],[-150.910014,59.31563],[-150.916793,59.309861],[-150.952168,59.30731],[-150.938957,59.300211],[-150.911092,59.300245],[-150.914449,59.294797],[-150.896225,59.28412],[-150.897982,59.278485],[-150.889402,59.267231],[-150.896327,59.257715],[-150.938065,59.233957],[-150.961358,59.232438],[-150.978471,59.237118],[-150.9919,59.231343],[-150.989285,59.225446],[-150.997485,59.223317],[-150.998436,59.217053],[-150.960407,59.199472],[-150.964804,59.196672],[-151.000813,59.205009],[-151.021134,59.220216],[-151.005091,59.225263],[-151.022204,59.238881],[-151.016262,59.245749],[-151.021847,59.249212],[-150.996808,59.257739],[-150.976213,59.257293],[-150.979065,59.261667],[-151.001407,59.265736],[-150.974668,59.278306],[-150.98168,59.280309],[-151.01852,59.269927],[-151.03243,59.275762],[-151.02565,59.286379],[-151.044411,59.293611],[-151.044546,59.300276],[-151.032781,59.309679],[-151.03492,59.311984],[-151.023392,59.3135],[-151.020897,59.318049],[-151.025056,59.324233],[-151.04003,59.322839],[-151.045615,59.308223],[-151.067957,59.292449],[-151.068166,59.284102],[-151.091532,59.269187],[-151.097786,59.27527],[-151.119794,59.281787],[-151.126783,59.290507],[-151.132386,59.283207],[-151.140331,59.288747],[-151.153909,59.284473],[-151.212704,59.305949],[-151.234571,59.29976],[-151.267846,59.309224],[-151.305162,59.311893],[-151.313005,59.310316],[-151.258576,59.294057],[-151.241463,59.28386],[-151.223162,59.28641],[-151.177052,59.280461],[-151.176339,59.275361],[-151.15376,59.267437],[-151.155661,59.264278],[-151.136052,59.258933],[-151.120722,59.26197],[-151.118821,59.255592],[-151.102064,59.254863],[-151.098974,59.241555],[-151.105748,59.239854],[-151.099687,59.229763],[-151.105986,59.227452],[-151.096835,59.22429],[-151.108363,59.223378],[-151.104679,59.217114],[-151.16482,59.202647],[-151.194046,59.206226],[-151.190243,59.20872],[-151.192383,59.212857],[-151.208782,59.216993],[-151.206762,59.220398],[-151.223994,59.221676],[-151.227916,59.218696],[-151.218646,59.218087],[-151.218171,59.21456],[-151.249901,59.202149],[-151.25513,59.204826],[-151.252443,59.208836],[-151.263805,59.226966],[-151.28282,59.231161],[-151.293515,59.240826],[-151.301596,59.241555],[-151.303023,59.236207],[-151.288405,59.226783],[-151.287573,59.218452],[-151.303498,59.209572],[-151.359947,59.231039],[-151.377892,59.244533],[-151.388112,59.246053],[-151.390607,59.252494],[-151.396549,59.248787],[-151.414494,59.258508],[-151.421744,59.256443],[-151.417941,59.249091],[-151.434697,59.254255],[-151.442541,59.251764],[-151.439332,59.248544],[-151.448482,59.248423],[-151.441233,59.240036],[-151.445019,59.234627],[-151.47056,59.241308],[-151.493782,59.233354],[-151.495543,59.229118],[-151.556033,59.229033],[-151.516983,59.216735],[-151.490835,59.212932],[-151.477626,59.215731],[-151.459963,59.209954],[-151.469415,59.203285],[-151.496122,59.206312],[-151.506798,59.202794],[-151.498126,59.195486],[-151.518849,59.195467],[-151.55478,59.199662],[-151.558053,59.206226],[-151.566253,59.207077],[-151.590021,59.191743],[-151.633397,59.18736],[-151.614145,59.179994],[-151.572432,59.173965],[-151.586747,59.163071],[-151.700066,59.163489],[-151.729658,59.155508],[-151.7442,59.157425],[-151.764792,59.177253],[-151.755446,59.203184],[-151.761291,59.20581],[-151.760794,59.211883],[-151.75853,59.215743],[-151.747959,59.215655],[-151.720863,59.206408],[-151.714803,59.212492],[-151.723121,59.216993],[-151.705414,59.219851],[-151.704226,59.223804],[-151.737976,59.22423],[-151.739521,59.219182],[-151.758536,59.224777],[-151.800374,59.209374],[-151.811895,59.214438],[-151.824611,59.211336],[-151.81546,59.20726],[-151.816886,59.203062],[-151.841961,59.211153],[-151.874761,59.212613],[-151.918732,59.230857],[-151.911126,59.237118],[-151.8769,59.238152],[-151.885457,59.249942],[-151.926219,59.254924],[-151.95809,59.248608],[-151.977073,59.255619],[-151.98195,59.275296],[-151.977325,59.280179],[-151.991419,59.312691]]],[[[-152.086375,60.344535],[-152.080909,60.347122],[-152.077106,60.362522],[-152.037651,60.362757],[-152.011506,60.371454],[-152.00699,60.377094],[-152.006515,60.391893],[-152.019825,60.401169],[-151.981796,60.412671],[-151.965872,60.432733],[-151.957077,60.462274],[-151.969674,60.476332],[-151.962306,60.481602],[-151.979182,60.488277],[-151.953037,60.49612],[-151.948521,60.50127],[-151.953037,60.512153],[-151.925704,60.515077],[-151.856064,60.494482],[-151.834672,60.483242],[-151.895756,60.464266],[-151.90146,60.458407],[-151.888388,60.4461],[-151.886962,60.438714],[-151.895043,60.434375],[-151.899797,60.438948],[-151.941391,60.431091],[-151.964446,60.406334],[-151.976092,60.402695],[-151.981796,60.394476],[-151.979419,60.389897],[-151.958504,60.369339],[-152.064509,60.341359],[-152.086375,60.344535]]],[[[-152.640847,60.16484],[-152.619013,60.183405],[-152.609939,60.175659],[-152.580356,60.17134],[-152.567636,60.158927],[-152.567724,60.15057],[-152.560306,60.140617],[-152.56225,60.128816],[-152.550834,60.116262],[-152.551507,60.109945],[-152.555968,60.108759],[-152.555084,60.099361],[-152.564954,60.095155],[-152.571641,60.105465],[-152.588835,60.113403],[-152.622129,60.145315],[-152.633008,60.150061],[-152.640847,60.16484]]],[[[-152.726145,60.224247],[-152.721184,60.226163],[-152.715078,60.223617],[-152.719695,60.220987],[-152.726145,60.224247]]],[[[-153.294682,58.858017],[-153.264257,58.865059],[-153.253092521271,58.8550344227917],[-153.30263939812,58.855036],[-153.294682,58.858017]]],[[[-153.394604,59.004924],[-153.376778,59.007922],[-153.375946,59.007127],[-153.384384,59.000579],[-153.394604,59.004924]]],[[[-153.440952,59.636576],[-153.437149,59.63952],[-153.430969,59.637718],[-153.438337,59.634834],[-153.440952,59.636576]]],[[[-153.576152,59.375555],[-153.561653,59.391412],[-153.543352,59.393228],[-153.5241,59.387298],[-153.511741,59.39347],[-153.470622,59.398068],[-153.465631,59.405569],[-153.419283,59.414036],[-153.390524,59.410891],[-153.378878,59.393107],[-153.346791,59.379672],[-153.341087,59.356904],[-153.363428,59.338122],[-153.415243,59.321391],[-153.419283,59.327454],[-153.438535,59.32806],[-153.513167,59.3203],[-153.552146,59.335092],[-153.543114,59.357631],[-153.552384,59.367927],[-153.57425,59.369259],[-153.579004,59.372044],[-153.576152,59.375555]]],[[[-154.067,59.360077],[-154.0588,59.365467],[-154.026832,59.365951],[-154.05987,59.358078],[-154.067,59.360077]]],[[[-154.748861,59.259518],[-154.412013,59.259524],[-154.412028,59.432882],[-154.123321,59.432887],[-154.123327,59.519552],[-153.953181,59.519569],[-153.953198,59.692918],[-153.783068,59.692926],[-153.78307,59.779597],[-153.656977,59.779607],[-153.65698,60.126277],[-153.528392,60.126281],[-153.528441,60.472939],[-153.397276,60.472948],[-153.397284,60.819581],[-153.440886,60.819578],[-153.440877,61.166196],[-153.485584,61.166193],[-153.485575,61.426153],[-151.332784,61.426239],[-151.332802,61.252936],[-150.974014,61.25294],[-150.974011218274,61.1901817344526],[-151.02565,61.175368],[-151.070809,61.144757],[-151.091369,61.117905],[-151.117751,61.096027],[-151.127357,61.076896],[-151.164693,61.04682],[-151.293622,61.035715],[-151.349608,61.010268],[-151.493523,61.011074],[-151.622108,60.958216],[-151.641066,60.942177],[-151.679518,60.922491],[-151.713913,60.916546],[-151.721933,60.900762],[-151.783271,60.868713],[-151.80108,60.851194],[-151.789078,60.821717],[-151.751405,60.786819],[-151.706008,60.732426],[-151.706603,60.715457],[-151.716379,60.710415],[-151.749979,60.713945],[-151.762101,60.723477],[-151.80917,60.730435],[-151.829363,60.746918],[-151.847133,60.749637],[-151.92074,60.72092],[-151.938641,60.725167],[-151.962992,60.719553],[-152.009794,60.686366],[-152.035113,60.682242],[-152.060643,60.663589],[-152.059427,60.657627],[-152.081022,60.644077],[-152.098048,60.643072],[-152.083328,60.633154],[-152.095669,60.62102],[-152.100475,60.600512],[-152.135944,60.585118],[-152.151087,60.586251],[-152.242579,60.549285],[-152.309121,60.507202],[-152.321599,60.490523],[-152.317321,60.486426],[-152.332532,60.470439],[-152.330263,60.443134],[-152.322431,60.429178],[-152.30195,60.414328],[-152.236451,60.394568],[-152.305912,60.368303],[-152.307219,60.36037],[-152.352379,60.357196],[-152.371987,60.351436],[-152.388149,60.328265],[-152.386128,60.320908],[-152.393854,60.303312],[-152.407996,60.292124],[-152.420949,60.286293],[-152.468347,60.280407],[-152.501047,60.268911],[-152.537769,60.247275],[-152.557615,60.222319],[-152.626905,60.219422],[-152.630701,60.221138],[-152.623809,60.224384],[-152.642585,60.22527],[-152.649478,60.236303],[-152.670403,60.24432],[-152.681565,60.242556],[-152.675861,60.234947],[-152.684061,60.232882],[-152.697727,60.239548],[-152.712107,60.233118],[-152.711988,60.238899],[-152.720901,60.242261],[-152.741104,60.230285],[-152.735399,60.226922],[-152.73944,60.223381],[-152.75382,60.226509],[-152.757385,60.23182],[-152.772378,60.225765],[-152.787332,60.226509],[-152.850318,60.236185],[-152.866242,60.24468],[-152.885019,60.24232],[-152.854358,60.218836],[-152.821083,60.205257],[-152.744075,60.189192],[-152.748115,60.186828],[-152.734251,60.174801],[-152.711988,60.16697],[-152.678356,60.166142],[-152.685605,60.161235],[-152.675145,60.15004],[-152.686373,60.137717],[-152.653875,60.119463],[-152.597545,60.101756],[-152.587919,60.088306],[-152.573008,60.078458],[-152.570925,60.070523],[-152.576748,60.049882],[-152.600991,60.028754],[-152.600041,60.016938],[-152.677287,59.968797],[-152.687507,59.951664],[-152.693687,59.925113],[-152.708542,59.912723],[-152.791848,59.895442],[-152.807179,59.886082],[-152.810744,59.88161],[-152.807179,59.878091],[-152.816924,59.876481],[-152.834868,59.879344],[-152.866242,59.874572],[-152.888346,59.882802],[-152.944676,59.875407],[-152.960601,59.883279],[-153.00885,59.886201],[-153.1328,59.860493],[-153.159182,59.864849],[-153.184258,59.856853],[-153.19733,59.857868],[-153.197449,59.851183],[-153.23524,59.827539],[-153.194597,59.825209],[-153.157994,59.815053],[-153.146229,59.807523],[-153.109032,59.815113],[-153.089661,59.833631],[-153.021447,59.834467],[-153.002551,59.828733],[-152.99138,59.810512],[-152.998749,59.782233],[-153.013128,59.764764],[-153.019902,59.74513],[-153.034163,59.726383],[-153.035273,59.717364],[-153.04676,59.706487],[-153.048981,59.695648],[-153.069934,59.694435],[-153.108794,59.68034],[-153.135058,59.67986],[-153.147298,59.67248],[-153.145872,59.663238],[-153.155855,59.655974],[-153.220147,59.635435],[-153.249144,59.633032],[-153.248669,59.636516],[-153.26697,59.642583],[-153.273387,59.662097],[-153.28135,59.67026],[-153.291332,59.67074],[-153.319616,59.664018],[-153.304761,59.65093],[-153.309396,59.643424],[-153.302028,59.637177],[-153.302384,59.63159],[-153.316051,59.625762],[-153.34172,59.621976],[-153.386949,59.638455],[-153.414332,59.637117],[-153.426334,59.642283],[-153.418372,59.647688],[-153.422413,59.65081],[-153.389019,59.664438],[-153.387949,59.685439],[-153.371906,59.695755],[-153.38379,59.705827],[-153.381355,59.715053],[-153.366796,59.715298],[-153.352891,59.724466],[-153.336491,59.72141],[-153.349564,59.730457],[-153.350515,59.735907],[-153.377135,59.731116],[-153.402091,59.748603],[-153.417065,59.751596],[-153.418905,59.765543],[-153.428473,59.772901],[-153.453192,59.772901],[-153.463175,59.764165],[-153.452479,59.742435],[-153.45545,59.732793],[-153.443804,59.717096],[-153.444517,59.698273],[-153.461511,59.67812],[-153.465908,59.654233],[-153.477317,59.643844],[-153.515821,59.632912],[-153.521525,59.636456],[-153.540302,59.626002],[-153.561218,59.623358],[-153.568586,59.638499],[-153.598533,59.653933],[-153.601742,59.67008],[-153.611725,59.67446],[-153.594849,59.689218],[-153.594849,59.697014],[-153.599722,59.697134],[-153.610893,59.686339],[-153.630026,59.684719],[-153.631333,59.68124],[-153.620043,59.67968],[-153.626104,59.67758],[-153.623133,59.67488],[-153.629075,59.668279],[-153.63062,59.654053],[-153.626698,59.645346],[-153.630026,59.643123],[-153.655933,59.638859],[-153.656527,59.641982],[-153.699428,59.64018],[-153.704063,59.636516],[-153.698002,59.632551],[-153.707153,59.627444],[-153.678988,59.621675],[-153.620875,59.630749],[-153.603881,59.61278],[-153.561218,59.606226],[-153.555751,59.596605],[-153.584273,59.554177],[-153.593067,59.551106],[-153.64345,59.555555],[-153.694556,59.549721],[-153.720463,59.551467],[-153.767405,59.539059],[-153.774773,59.524838],[-153.761463,59.519895],[-153.758373,59.511154],[-153.733853,59.505754],[-153.714702,59.486377],[-153.703469,59.466505],[-153.741379,59.449052],[-153.741141,59.441863],[-153.730089,59.43999],[-153.727546,59.435346],[-153.823384,59.418035],[-153.862199,59.424124],[-153.896227,59.419138],[-153.917737,59.409644],[-153.948754,59.384294],[-153.958975,59.397849],[-153.97989,59.398938],[-153.999024,59.3944],[-153.97989,59.391254],[-153.98298,59.387381],[-154.007461,59.385202],[-154.016255,59.374791],[-154.045371,59.38962],[-154.100394,59.366436],[-154.121191,59.373096],[-154.1408,59.370977],[-154.126182,59.357836],[-154.117269,59.356927],[-154.111327,59.346386],[-154.096354,59.344084],[-154.042757,59.354141],[-153.991299,59.355716],[-153.983456,59.360198],[-153.992844,59.36365],[-153.988922,59.372006],[-153.976325,59.361591],[-153.944595,59.36147],[-153.988685,59.349355],[-154.030807,59.32704],[-154.076983,59.316381],[-154.110971,59.302733],[-154.132837,59.274268],[-154.139492,59.253131],[-154.139636,59.233074],[-154.144484,59.226145],[-154.138898,59.221645],[-154.143533,59.215381],[-154.135095,59.212096],[-154.12535,59.216354],[-154.118577,59.210454],[-154.126777,59.197311],[-154.149831,59.200232],[-154.181562,59.190678],[-154.180373,59.184164],[-154.16837,59.178563],[-154.172054,59.175092],[-154.19808,59.167418],[-154.226959,59.169063],[-154.241576,59.163337],[-154.243002,59.157184],[-154.212817,59.158524],[-154.213767,59.151456],[-154.2657,59.140364],[-154.26059,59.12817],[-154.249419,59.130914],[-154.24728,59.12567],[-154.257382,59.119388],[-154.253697,59.115362],[-154.225414,59.12689],[-154.174431,59.120974],[-154.17764,59.114508],[-154.168608,59.101573],[-154.196179,59.094737],[-154.19713,59.09077],[-154.190237,59.085764],[-154.16645,59.091871],[-154.178078,59.079238],[-154.195228,59.073123],[-154.200814,59.062005],[-154.191782,59.061822],[-154.181205,59.06903],[-154.180254,59.064999],[-154.193772,59.051131],[-154.192495,59.046483],[-154.165162,59.028477],[-154.168014,59.022973],[-154.160884,59.02074],[-154.14175,59.021902],[-154.119765,59.031963],[-154.121072,59.038566],[-154.108713,59.041623],[-154.063554,59.072665],[-154.015424,59.075596],[-153.853683,59.054337],[-153.834312,59.058431],[-153.809593,59.074192],[-153.793972,59.071416],[-153.787608,59.078711],[-153.748628,59.073764],[-153.755045,59.068328],[-153.750648,59.065885],[-153.72486,59.068206],[-153.712501,59.077062],[-153.728663,59.080909],[-153.730683,59.085855],[-153.710124,59.085428],[-153.648029,59.028924],[-153.60911,59.00627],[-153.554206,58.987049],[-153.527705,58.983504],[-153.486348,58.999477],[-153.442378,58.97327],[-153.404943,58.973086],[-153.400308,58.950966],[-153.385216,58.944284],[-153.375471,58.931592],[-153.363468,58.925642],[-153.326152,58.922268],[-153.323419,58.913618],[-153.332807,58.908463],[-153.321874,58.883599],[-153.28646,58.875983],[-153.341483,58.871744],[-153.341126,58.866522],[-153.315430322634,58.855035],[-153.639403,58.855029],[-153.639027,58.73945],[-153.817076,58.739446],[-153.817076,58.65276],[-154.642545,58.652747],[-154.642558,58.739431],[-154.695036,58.739431],[-154.695105,59.086159],[-154.748834,59.086159],[-154.748861,59.259518]]]]}},{"type":"Feature","properties":{"GEOID":"02240","NAME":"Southeast Fairbanks","state":"AK","wildfire_risk_score":97.106,"wildfire_eal_total":4886401.98,"risk_band":"High","source":"FEMA National Risk Index v1.20 (December 2025)"},"geometry":{"type":"Polygon","coordinates":[[[-146.999934,63.78962],[-146.999909,64.257196],[-146.655165,64.257212],[-146.595395,64.262358],[-146.486446,64.281768],[-146.344673,64.276364],[-146.335621,64.283442],[-146.335145,64.289183],[-146.323738,64.288403],[-146.301932,64.301123],[-146.232329,64.310792],[-146.228653,64.337342],[-146.220917,64.342524],[-146.242919,64.355473],[-146.218677,64.368184],[-146.206202,64.366559],[-146.192993,64.374408],[-146.175565,64.371919],[-146.157592,64.38273],[-146.138118,64.381285],[-146.121707,64.38725],[-146.07355,64.387054],[-146.041904,64.37716],[-146.003772,64.381091],[-145.977674,64.391775],[-145.96957,64.401403],[-145.923248,64.41241],[-145.929538,64.418896],[-145.925934,64.424531],[-145.867407,64.431195],[-145.804135,64.430929],[-145.765252,64.440465],[-145.758596,64.448773],[-145.749882,64.450149],[-145.742413,64.464236],[-145.715419,64.452312],[-145.702781,64.456647],[-145.70148,64.451206],[-145.682921,64.444646],[-145.635007,64.439879],[-145.620218,64.434752],[-145.624346,64.431018],[-145.618122,64.4263],[-145.558086,64.424132],[-145.528935,64.418069],[-145.498089,64.423155],[-145.479783,64.435049],[-145.467033,64.435014],[-145.450465,64.448505],[-145.434667,64.444403],[-145.418116,64.450931],[-145.374083,64.455243],[-145.365497,64.465033],[-145.372357,64.468298],[-145.378188,64.485727],[-145.317202,64.491226],[-145.302542,64.496911],[-145.270016,64.490923],[-145.233193,64.497324],[-145.20746,64.508435],[-145.158369,64.499224],[-145.146215,64.504574],[-145.082787,64.507349],[-145.062606,64.522787],[-145.038599,64.529101],[-145.039254,64.541943],[-145.016453,64.542008],[-144.978113,64.571591],[-144.929838,64.578284],[-144.901269,64.570903],[-144.817154,64.566915],[-144.798044,64.568296],[-144.788378,64.580272],[-144.748084,64.592786],[-144.731048,64.586889],[-144.689705,64.588658],[-144.672081,64.582893],[-144.641675,64.587942],[-144.621161,64.598242],[-144.601319,64.595407],[-144.552526,64.600645],[-144.546741,64.590624],[-144.511701,64.592423],[-144.460096,64.58326],[-144.449379,64.591672],[-144.414459,64.593917],[-144.319405,64.617763],[-144.315214,64.622344],[-144.327429,64.627766],[-144.314516,64.634209],[-144.31598,64.645136],[-144.295859,64.642771],[-144.22217,64.649708],[-144.190117,64.641074],[-144.15062,64.656139],[-144.129576,64.649461],[-144.104744,64.656602],[-144.089937,64.652213],[-144.072511,64.654082],[-144.05584,64.667747],[-144.069029,64.683562],[-144.061159,64.683442],[-144.050197,64.673615],[-144.023031,64.675652],[-143.925091,64.668039],[-143.899071,64.661644],[-143.878157,64.6637],[-143.853866,64.656184],[-143.817348,64.656177],[-143.780819,64.647989],[-143.693408,64.655838],[-143.69181,64.663114],[-143.686423,64.661105],[-143.682907,64.666489],[-143.647213,64.669506],[-143.641746,64.680034],[-143.645945,64.684993],[-143.626618,64.695499],[-143.623635,64.703763],[-143.614851,64.707123],[-143.618704,64.712021],[-143.596147,64.729614],[-143.506329,64.754068],[-143.509392,64.758698],[-143.493309,64.767419],[-143.533748,64.778755],[-143.515461,64.788664],[-143.527625,64.794241],[-143.529614,64.801309],[-143.507013,64.804018],[-143.481586,64.800109],[-143.434679,64.817791],[-143.439905,64.829898],[-143.463105,64.835046],[-143.482405,64.845849],[-143.498662,64.844382],[-143.502679,64.849468],[-143.503643,64.858251],[-143.497601,64.863192],[-143.49979,64.869251],[-143.48907,64.884389],[-143.488228,64.902441],[-143.47448,64.916963],[-143.49301,64.933219],[-143.504871,64.936477],[-143.502557,64.941858],[-143.491673,64.945937],[-143.494366,64.950983],[-143.522519,64.955537],[-143.525172,64.96008],[-143.48742,64.967188],[-143.471987,64.975175],[-143.466545,64.983749],[-143.421682,64.97845],[-143.401406,64.980726],[-143.39344,64.991224],[-143.412596,64.997828],[-143.358162,64.999846],[-143.372055,65.007904],[-143.372739,65.018954],[-143.350454,65.020752],[-143.34752,65.024569],[-143.36135,65.03472],[-143.37475,65.034885],[-143.369314,65.038993],[-143.348626,65.043907],[-143.312452,65.035044],[-143.246699,65.050689],[-143.220754,65.073259],[-143.189633,65.076922],[-143.190869,65.086518],[-143.18448,65.08856],[-143.175222,65.088317],[-143.16878,65.076911],[-143.159085,65.076737],[-143.135908,65.094162],[-143.13657,65.100562],[-143.132764,65.101433],[-143.124575,65.090364],[-143.113898,65.089133],[-143.110123,65.092265],[-143.114098,65.106661],[-143.099373,65.10712],[-143.100141,65.116849],[-143.089863,65.120825],[-143.048173,65.112164],[-143.04099,65.119614],[-143.052193,65.125618],[-143.051172,65.12978],[-143.040078,65.13301],[-143.029916,65.132834],[-143.029538,65.125927],[-143.022461,65.12508],[-142.993951,65.136835],[-142.988525,65.134142],[-143.000438,65.123868],[-142.982337,65.121218],[-142.9358,65.145891],[-142.909428,65.148742],[-142.864344,65.140387],[-142.847388,65.14556],[-142.843573,65.148686],[-142.850645,65.153751],[-142.842495,65.163276],[-142.805031,65.176988],[-142.809385,65.181647],[-142.795376,65.184517],[-142.781115,65.194802],[-142.763733,65.196578],[-142.775802,65.203692],[-142.76037,65.211256],[-142.762843,65.214683],[-142.74924,65.217229],[-142.766641,65.224502],[-142.742765,65.230309],[-142.754423,65.236708],[-142.728856,65.235136],[-142.734082,65.242072],[-142.727767,65.247917],[-142.729817,65.258471],[-142.745341,65.262108],[-142.733806,65.268721],[-142.734203,65.277424],[-142.722476,65.279875],[-142.736973,65.283728],[-142.724983,65.284798],[-142.742486,65.29034],[-142.734318,65.297687],[-142.742462,65.303157],[-142.724806,65.307152],[-142.761853,65.307575],[-142.754466,65.311493],[-142.761464,65.315793],[-142.769237,65.311043],[-142.782707,65.313152],[-142.687213,65.335905],[-142.677379,65.343063],[-142.672112,65.359781],[-142.660236,65.373866],[-142.601998,65.390931],[-142.573621,65.387755],[-142.527418,65.373222],[-142.480861,65.372781],[-142.441972,65.385042],[-142.445139,65.392617],[-142.432184,65.391504],[-142.431694,65.396721],[-142.418946,65.400937],[-142.430338,65.402696],[-142.428412,65.406351],[-142.376071,65.411861],[-142.348208,65.427188],[-142.327556,65.427559],[-142.328298,65.433269],[-142.307081,65.440633],[-142.263267,65.446075],[-142.257751,65.450706],[-142.218866,65.452343],[-142.222215,65.456148],[-142.210792,65.460637],[-142.174999,65.460856],[-142.184398,65.464929],[-142.180772,65.468286],[-142.142922,65.463174],[-142.119869,65.471701],[-142.099894,65.460289],[-142.065431,65.465341],[-142.060317,65.46032],[-142.042976,65.4573],[-142.043533,65.452334],[-142.025188,65.454344],[-142.022184,65.450909],[-142.026387,65.446421],[-142.00666,65.447747],[-141.991881,65.440245],[-141.964034,65.446454],[-141.924921,65.446196],[-141.90955,65.455711],[-141.912902,65.460904],[-141.896254,65.464395],[-141.885793,65.461096],[-141.898325,65.445477],[-141.881588,65.441618],[-141.855761,65.445786],[-141.850567,65.448579],[-141.852744,65.455162],[-141.846649,65.458148],[-141.823183,65.46123],[-141.816331,65.469181],[-141.790244,65.475977],[-141.794578,65.494294],[-141.783365,65.503711],[-141.765881,65.505999],[-141.750919,65.501363],[-141.732624,65.507168],[-141.736701,65.512236],[-141.69351,65.521547],[-141.668539,65.516069],[-141.652101,65.524619],[-141.629115,65.519566],[-141.623259,65.5216],[-141.626318,65.535531],[-141.636702,65.538942],[-141.635412,65.541962],[-141.606429,65.540134],[-141.604332,65.547742],[-141.567958,65.547694],[-141.558962,65.552249],[-141.552087,65.564019],[-141.553997,65.568283],[-141.546079,65.574027],[-141.529194,65.571826],[-141.522095,65.565758],[-141.513643,65.567859],[-141.506895,65.587415],[-141.495187,65.586323],[-141.501492,65.590573],[-141.499275,65.593721],[-141.460442,65.58706],[-141.419942,65.607464],[-141.389046,65.613638],[-141.38133,65.626219],[-141.405638,65.635074],[-141.384598,65.641661],[-141.384102,65.649198],[-141.365128,65.652385],[-141.367316,65.656462],[-141.351303,65.66523],[-141.351404,65.672704],[-141.339493,65.681774],[-141.347699,65.691679],[-141.336224,65.711614],[-141.326438,65.709688],[-141.316935,65.718187],[-141.283522,65.731692],[-141.285555,65.736148],[-141.264224,65.740143],[-141.255648,65.752969],[-141.244507,65.753992],[-141.246469,65.759485],[-141.235836,65.758025],[-141.231424,65.760042],[-141.234826,65.764559],[-141.218349,65.767849],[-141.232284,65.770717],[-141.194243,65.773659],[-141.151703,65.792799],[-141.151277,65.798389],[-141.126803,65.800421],[-141.140303,65.806439],[-141.10988,65.815507],[-141.116634,65.819019],[-141.110824,65.821347],[-141.091988,65.821862],[-141.097981,65.827259],[-141.05524,65.827281],[-141.029515,65.837839],[-141.001325,65.838077],[-141.002189011494,61.904047],[-141.831804,61.904053],[-141.831812,62.117178],[-142.014987,62.117646],[-142.014989,62.163981],[-141.977336,62.163983],[-141.977353,62.510559],[-142.125838,62.510556],[-142.126131,62.597192],[-142.313555,62.597193],[-142.313564,62.683828],[-142.518385,62.681589],[-142.569388,62.687942],[-142.58569,62.694596],[-142.59887,62.683959],[-142.629957,62.68344],[-142.626397,62.688592],[-142.635493,62.700204],[-142.719523,62.713508],[-142.738934,62.699434],[-142.732743,62.68682],[-142.751438,62.682699],[-142.751903,62.669509],[-142.740049,62.660857],[-142.742485,62.657813],[-142.791436,62.654242],[-142.805478,62.642996],[-142.80214,62.639217],[-142.829001,62.62474],[-142.829759,62.613675],[-142.83856,62.609096],[-142.83156,62.600349],[-142.861173,62.602976],[-142.867485,62.607581],[-142.899987,62.606598],[-142.916545,62.612425],[-142.92739,62.611393],[-142.933545,62.598663],[-142.963301,62.596662],[-143.003486,62.610995],[-143.005938,62.616683],[-143.080929,62.611126],[-143.104996,62.614905],[-143.116632,62.625239],[-143.151065,62.630679],[-143.160737,62.639434],[-143.160069,62.64519],[-143.173603,62.650785],[-143.170879,62.655844],[-143.155202,62.664848],[-143.130489,62.661759],[-143.116179,62.665259],[-143.128832,62.675889],[-143.126013,62.686029],[-143.142228,62.690356],[-143.138167,62.695401],[-143.117581,62.703356],[-143.091002,62.70464],[-143.09086,62.712132],[-143.076785,62.716198],[-143.06278,62.738143],[-143.051191,62.73866],[-143.032855,62.748343],[-143.023437,62.760402],[-143.008849,62.766249],[-143.019434,62.774241],[-143.064472,62.771739],[-143.136225,62.80244],[-143.170179,62.803311],[-143.178697,62.809521],[-143.176652,62.813029],[-143.204425,62.821433],[-143.20757,62.829091],[-143.166698,62.83255],[-143.162177,62.851831],[-143.154889,62.857618],[-143.145168,62.860657],[-143.131333,62.857403],[-143.122998,62.876329],[-143.096702,62.87817],[-143.085094,62.895555],[-143.074328,62.89601],[-143.062512,62.90569],[-143.059748,62.909892],[-143.06723,62.915597],[-143.032238,62.931791],[-143.029106,62.940188],[-143.041718,62.942718],[-143.031807,62.957376],[-143.038524,62.969235],[-143.006025,62.972065],[-142.996224,62.982377],[-143.001837,62.995623],[-143.098876,63.007891],[-143.084472,63.025421],[-143.08998,63.034953],[-143.126261,63.043333],[-143.125807,63.048774],[-143.115335,63.056347],[-143.125446,63.074934],[-143.12159,63.077718],[-143.12533,63.087281],[-143.121164,63.093126],[-143.133425,63.099417],[-143.141118,63.10984],[-143.132337,63.116978],[-144.580159,63.116931],[-144.580171,63.131168],[-145.154385,63.131149],[-145.154395,63.217781],[-146.111486,63.217762],[-146.111498,63.199518],[-146.117961,63.198986],[-146.123436,63.190744],[-146.147864,63.183036],[-146.165893,63.184045],[-146.174861,63.189757],[-146.175073,63.182706],[-146.190616,63.180374],[-146.340295,63.190816],[-146.350897,63.18636],[-146.466584,63.17758],[-146.494311,63.168975],[-146.494333,63.477639],[-146.999966,63.477618],[-146.999934,63.78962]]]}},{"type":"Feature","properties":{"GEOID":"02050","NAME":"Bethel","state":"AK","wildfire_risk_score":83.842,"wildfire_eal_total":372225.08,"risk_band":"High","source":"FEMA National Risk Index v1.20 (December 2025)"},"geometry":{"type":"MultiPolygon","coordinates":[[[[-161.670728,58.560753],[-161.667282,58.560319],[-161.661459,58.557219],[-161.668827,58.557467],[-161.670728,58.560753]]],[[[-164.027481,59.709789],[-163.965538,59.688715],[-163.940344,59.687156],[-163.926083,59.697471],[-163.919785,59.692974],[-163.944794,59.675884],[-164.004288,59.691944],[-164.027481,59.709789]]],[[[-165.027847,60.835278],[-165.00503,60.876255],[-164.935152,60.861213],[-164.890231,60.844427],[-164.888567,60.839795],[-164.906868,60.831456],[-164.999088,60.816509],[-165.013587,60.816509],[-165.021905,60.821724],[-165.027847,60.835278]]],[[[-165.421445,60.549803],[-165.416852,60.556088],[-165.392567,60.562246],[-165.383252,60.576709],[-165.372245,60.579589],[-165.277411,60.576378],[-165.252574,60.588986],[-165.249008,60.594938],[-165.256971,60.59978],[-165.248771,60.610863],[-165.22833,60.617569],[-165.191965,60.616345],[-165.168792,60.628529],[-165.147184,60.65116],[-165.099746,60.654223],[-165.088812,60.672739],[-165.062786,60.687811],[-165.027535,60.686008],[-164.994929,60.698863],[-164.977578,60.708574],[-164.968899,60.725847],[-165.024244,60.754099],[-165.032244,60.767361],[-165.025114,60.775253],[-165.03783,60.778908],[-165.034146,60.786681],[-164.997187,60.786855],[-164.963317,60.793293],[-164.941094,60.804309],[-164.887141,60.819319],[-164.866344,60.837103],[-164.864443,60.843935],[-164.877634,60.855223],[-164.931587,60.873334],[-164.954999,60.889353],[-164.957732,60.902474],[-164.944065,60.919749],[-164.920297,60.929567],[-164.917802,60.941171],[-164.926239,60.948327],[-164.964862,60.945384],[-164.977459,60.933262],[-165.034146,60.909062],[-165.075902,60.911055],[-165.127797432786,60.9211532524447],[-165.000514,60.963635],[-164.991784,60.948201],[-164.958869,60.949938],[-164.797619,60.982487],[-164.768849,60.974739],[-164.747062,60.977859],[-164.730051,60.97068],[-164.72059,60.97725],[-164.727016,60.984122],[-164.716407,60.984387],[-164.675958,60.969455],[-164.675881,60.976888],[-164.616585,60.979049],[-164.615567,60.951888],[-164.598644,60.942125],[-164.576278,60.94579],[-164.529911,60.940796],[-164.440308,60.957951],[-164.418135,60.948727],[-164.390066,60.972349],[-164.33936,60.978432],[-164.316524,60.973191],[-164.301782,60.974832],[-164.285663,60.985916],[-164.270888,60.988709],[-164.239727,60.987119],[-164.221289,60.995041],[-164.220604,60.999607],[-164.226812,61.002829],[-164.219665,61.00691],[-164.154702,61.022625],[-164.148275,61.039419],[-164.151173,61.045946],[-164.146306,61.074682],[-164.153999,61.078088],[-164.189996,61.071539],[-164.200725,61.07593],[-164.214362,61.088031],[-164.202542,61.094319],[-164.196413,61.103422],[-164.199462,61.109761],[-164.228464,61.121035],[-164.219108,61.136854],[-164.201874,61.151613],[-164.15671,61.152982],[-164.130782,61.141209],[-164.130893,61.127742],[-164.121482,61.127],[-164.077227,61.143477],[-164.080069,61.160043],[-164.017645,61.192886],[-163.998269,61.192027],[-163.920874,61.210692],[-163.913489,61.222403],[-163.923782,61.248145],[-163.947621,61.255281],[-163.981767,61.243286],[-163.979172,61.261815],[-163.990582,61.284427],[-163.981691,61.291677],[-163.977044,61.303691],[-164.008631,61.323182],[-164.004741,61.338048],[-163.992933,61.350702],[-163.99276,61.371763],[-163.933598,61.36527],[-163.876262,61.368976],[-163.822125,61.355913],[-163.785076,61.367097],[-163.707616,61.349682],[-163.690351,61.349937],[-163.65539,61.335827],[-163.585119,61.339127],[-163.524124,61.355098],[-163.520838,61.364481],[-163.542182,61.381754],[-163.542624,61.393169],[-163.531412,61.401454],[-163.497127,61.403629],[-163.462862,61.412925],[-163.464435,61.422478],[-163.48634,61.433022],[-163.432508,61.45627],[-163.428866,61.46228],[-163.439712,61.479912],[-163.424139,61.485632],[-163.40774,61.483862],[-163.408858,61.468584],[-163.397082,61.463256],[-163.359261,61.474442],[-163.295078,61.455794],[-163.171354,61.449071],[-163.137346,61.457491],[-163.100421,61.474374],[-163.061999,61.479931],[-162.9602,61.482486],[-162.868158,61.492591],[-162.83231,61.505029],[-162.75398,61.542666],[-162.717538,61.536897],[-162.505761,61.556426],[-162.480078,61.55273],[-162.468381,61.543334],[-162.476163,61.53279],[-162.470016,61.524404],[-162.476189,61.503959],[-162.441412,61.499412],[-162.368732,61.503876],[-162.328294,61.518376],[-162.172119,61.504772],[-162.013438,61.477057],[-161.900328,61.480317],[-161.697058,61.530087],[-161.569805,61.53743],[-161.449611,61.568838],[-161.122604,61.600011],[-161.084222,61.615455],[-161.027337,61.653532],[-160.953961,61.685669],[-160.775244,61.738527],[-160.597733,61.760156],[-160.40398,61.812525],[-160.304829,61.819517],[-160.20263,61.810322],[-160.187597,61.827968],[-160.187745,61.835212],[-160.253513,61.842547],[-160.254744,61.846191],[-160.243908,61.849288],[-160.252781,61.857789],[-160.287193,61.848961],[-160.321954,61.846512],[-160.437948,61.858332],[-160.469477,61.869348],[-160.502057,61.892448],[-160.528204,61.92644],[-160.534671,61.94594],[-159.265037,61.945957],[-159.265035,62.032598],[-158.531351,62.03262],[-158.531361,62.119264],[-157.063864,62.119271],[-157.063852,62.032634],[-153.761875,62.032689],[-153.761871,62.119335],[-153.395009,62.119347],[-153.395009,62.20599],[-153.070123,62.206015],[-153.07012,62.292644],[-153.001672,62.292622],[-153.001736,61.426172],[-153.485575,61.426153],[-153.485584,61.166193],[-153.440877,61.166196],[-153.440884,60.906236],[-157.16742,60.906183],[-157.167428,60.992839],[-157.522332,60.992834],[-157.522325,60.906178],[-157.699775,60.906175],[-157.69976,60.819515],[-157.877208,60.819515],[-157.877224,60.906172],[-158.941926,60.906162],[-158.941919,60.819503],[-159.01511,60.819503],[-159.015104,60.732843],[-159.190661,60.732841],[-159.190657,60.646181],[-159.366215,60.646179],[-159.366206,60.472856],[-159.434502,60.472854],[-159.434497,60.38619],[-159.608204,60.386188],[-159.608196,60.212856],[-159.781906,60.212854],[-159.781902,60.126187],[-159.845533,60.126186],[-159.845524,59.952848],[-160.01743,59.952846],[-160.017423,59.779504],[-160.24851,59.779501],[-160.248503,59.606154],[-160.418647,59.606152],[-160.41864,59.4328],[-160.475354,59.432799],[-160.475296,59.346122],[-160.643719,59.34612],[-160.643716,59.25944],[-160.81214,59.259438],[-160.812133,59.086077],[-160.864705,59.086077],[-160.864703,58.999394],[-161.031448,58.999393],[-161.031552,58.839723],[-161.064103211421,58.8258095760508],[-161.364931,58.826021],[-161.365049,58.739364],[-161.331302068075,58.739335103711],[-161.359487,58.722719],[-161.374214,58.702669],[-161.376243,58.677464],[-161.372678,58.666403],[-161.301255,58.685865],[-161.30078,58.681788],[-161.362101,58.662015],[-161.476093,58.64257],[-161.528833,58.628624],[-161.545709,58.620271],[-161.545709,58.609997],[-161.559969,58.601949],[-161.583737,58.606035],[-161.629966,58.599163],[-161.675363,58.579282],[-161.684395,58.570607],[-161.680473,58.567013],[-161.687009,58.560195],[-161.707093,58.560629],[-161.713273,58.553251],[-161.733594,58.557281],[-161.770078,58.551329],[-161.756055,58.577485],[-161.773643,58.601701],[-161.78838,58.613401],[-161.820942,58.628747],[-161.832588,58.62949],[-161.838292,58.621632],[-161.852315,58.628314],[-161.900446,58.628624],[-161.910903,58.634686],[-161.933127,58.632583],[-161.955944,58.623055],[-161.98197,58.63184],[-161.996944,58.627634],[-162.009659,58.617362],[-162.01977,58.625911],[-162.082389,58.621756],[-162.104137,58.631531],[-162.13658,58.633263],[-162.175084,58.647178],[-162.162844,58.654536],[-162.126122,58.657688],[-162.117447,58.668628],[-162.084108,58.667536],[-162.077042,58.659852],[-162.065158,58.660161],[-162.048877,58.671223],[-162.057908,58.677525],[-162.023683,58.67042],[-161.99326,58.681355],[-161.975077,58.677031],[-161.969967,58.66801],[-161.946793,58.670235],[-161.9481,58.677711],[-161.938474,58.674869],[-161.944892,58.666032],[-161.945486,58.649528],[-161.889156,58.654474],[-161.85291,58.672706],[-161.840313,58.688212],[-161.842571,58.696116],[-161.86111,58.701241],[-161.865625,58.713216],[-161.804542,58.737092],[-161.791759,58.755517],[-161.773525,58.767175],[-161.772455,58.776417],[-161.758907,58.793293],[-161.752965,58.810098],[-161.75653,58.832862],[-161.783388,58.883443],[-161.786953,58.899714],[-161.787548,58.927388],[-161.782194,58.943147],[-161.785646,58.96417],[-161.799669,58.989098],[-161.841263,59.029055],[-161.835084,59.042079],[-161.821774,59.050575],[-161.83342,59.058336],[-161.878698,59.068112],[-161.984109,59.150052],[-162.056363,59.271047],[-162.032001,59.288531],[-161.992903,59.338385],[-161.955944,59.352321],[-161.954874,59.378905],[-161.880599,59.39585],[-161.863605,59.422641],[-161.848988,59.432494],[-161.819278,59.430923],[-161.78529,59.480688],[-161.774812,59.481235],[-161.787904,59.472962],[-161.785765,59.467106],[-161.741676,59.467891],[-161.711847,59.478938],[-161.701151,59.498366],[-161.742658,59.531093],[-161.757362,59.549598],[-161.814762,59.588001],[-161.830924,59.608328],[-161.868834,59.638676],[-161.87953,59.664075],[-161.875133,59.674517],[-161.891057,59.689275],[-161.881788,59.696472],[-161.88155,59.702348],[-161.929086,59.738121],[-161.928178,59.749064],[-161.936573,59.754586],[-161.939308,59.765036],[-161.950596,59.777445],[-161.968778,59.789168],[-161.968422,59.799153],[-162.051253,59.852016],[-162.084885,59.882859],[-162.11103,59.923621],[-162.102236,59.933268],[-162.105682,59.953327],[-162.121131,59.961478],[-162.121072,59.965241],[-162.144789,59.968658],[-162.173777,59.98901],[-162.207225,60.021834],[-162.211568,60.029404],[-162.209548,60.041988],[-162.222245,60.050638],[-162.225591,60.060676],[-162.262075,60.063582],[-162.273111,60.078487],[-162.273484,60.088274],[-162.321733,60.112562],[-162.359762,60.150215],[-162.37257,60.169115],[-162.45128,60.174367],[-162.463014,60.161064],[-162.490022,60.145687],[-162.499529,60.128586],[-162.500599,60.112957],[-162.494657,60.102888],[-162.493706,60.070352],[-162.478138,60.030067],[-162.511413,59.997519],[-162.556097,59.97826],[-162.637224,59.973837],[-162.71974,59.991695],[-162.742676,59.984681],[-162.737447,59.972254],[-162.752777,59.956788],[-162.808513,59.933933],[-162.904179,59.919134],[-162.997587,59.885821],[-163.145067,59.847758],[-163.374904,59.814433],[-163.704795,59.794805],[-163.822455,59.795247],[-163.963161,59.807381],[-164.083902,59.827516],[-164.141421,59.845191],[-164.171487,59.868943],[-164.212844,59.925746],[-164.2214,59.944261],[-164.174815,59.965444],[-164.149383,59.962708],[-164.118128,59.969607],[-164.11492,59.974365],[-164.128824,59.979003],[-164.121099,59.988277],[-164.125853,59.992616],[-164.14867,59.997489],[-164.204763,60.02891],[-164.319324,60.057898],[-164.336111,60.055527],[-164.354263,60.066557],[-164.352124,60.068929],[-164.35973,60.07557],[-164.388251,60.077348],[-164.492634,60.165361],[-164.496633,60.171352],[-164.487364,60.181281],[-164.498059,60.191089],[-164.517647,60.199493],[-164.558343,60.207042],[-164.642093,60.246663],[-164.655095,60.269141],[-164.645064,60.270127],[-164.647441,60.281205],[-164.666931,60.286271],[-164.668951,60.307175],[-164.686777,60.307058],[-164.712922,60.292455],[-164.746445,60.2924],[-164.834614,60.30064],[-164.886309,60.312179],[-164.938955,60.329714],[-165.017033,60.363815],[-165.099627,60.41185],[-165.140626,60.444576],[-165.139319,60.450672],[-165.11258,60.448269],[-165.096707,60.454684],[-165.053517,60.458935],[-165.015155,60.471414],[-164.998613,60.481427],[-164.989581,60.495652],[-164.993265,60.498578],[-164.989938,60.502909],[-164.965694,60.508643],[-164.959396,60.527885],[-164.965488,60.536701],[-164.990175,60.542908],[-165.061241,60.544018],[-165.071818,60.535017],[-165.102717,60.531919],[-165.107232,60.524727],[-165.122206,60.519874],[-165.159879,60.5142],[-165.167128,60.504723],[-165.19351,60.497057],[-165.270518,60.492843],[-165.314608,60.504781],[-165.375454,60.509579],[-165.393042,60.53227],[-165.404887,60.533296],[-165.410512,60.545596],[-165.421445,60.549803]]],[[[-165.861445,59.865363],[-165.856114,59.866258],[-165.854308,59.863371],[-165.859369,59.862602],[-165.861445,59.865363]]],[[[-167.459378,60.211651],[-167.415288,60.199132],[-167.394254,60.202439],[-167.368584,60.218381],[-167.312017,60.232367],[-167.276246,60.231069],[-167.266501,60.228001],[-167.276008,60.218381],[-167.245466,60.216728],[-167.242852,60.227529],[-167.225739,60.233193],[-167.160377,60.229299],[-167.152177,60.226171],[-167.152177,60.220506],[-167.103334,60.23455],[-167.101076,60.227765],[-167.091925,60.224519],[-167.041418,60.214189],[-166.945514,60.223339],[-166.936958,60.216905],[-166.943613,60.211651],[-166.939691,60.204034],[-166.905347,60.20179],[-166.890254,60.204447],[-166.886332,60.212123],[-166.875993,60.213422],[-166.869932,60.212773],[-166.863277,60.204034],[-166.851274,60.203266],[-166.829527,60.215783],[-166.832022,60.221037],[-166.80968,60.222335],[-166.805878,60.236084],[-166.796014,60.237146],[-166.813127,60.249768],[-166.806591,60.254485],[-166.808492,60.258495],[-166.83844,60.269046],[-166.818593,60.276353],[-166.813246,60.285721],[-166.795895,60.285014],[-166.791379,60.292965],[-166.773315,60.295851],[-166.767611,60.299443],[-166.769631,60.302151],[-166.755014,60.308627],[-166.737664,60.312159],[-166.713896,60.302151],[-166.705933,60.305036],[-166.703556,60.309098],[-166.707954,60.310275],[-166.702843,60.318162],[-166.713777,60.328929],[-166.704388,60.32687],[-166.699159,60.318397],[-166.687038,60.31669],[-166.661487,60.317691],[-166.658516,60.323281],[-166.667191,60.325517],[-166.663389,60.329105],[-166.636887,60.32687],[-166.608366,60.318279],[-166.610624,60.309804],[-166.592204,60.307214],[-166.582578,60.317809],[-166.567604,60.323104],[-166.580557,60.352158],[-166.558215,60.356273],[-166.55572,60.362032],[-166.530288,60.363678],[-166.513294,60.374254],[-166.513413,60.378131],[-166.50034,60.379188],[-166.496775,60.388878],[-166.487624,60.393517],[-166.484059,60.392401],[-166.49321,60.38559],[-166.438425,60.376956],[-166.379837,60.353157],[-166.352979,60.35974],[-166.352504,60.363854],[-166.340738,60.367791],[-166.31186,60.371434],[-166.310672,60.376839],[-166.288449,60.382595],[-166.241032,60.38882],[-166.240556,60.380774],[-166.232475,60.375194],[-166.227246,60.375899],[-166.2238,60.387117],[-166.197418,60.391638],[-166.184939,60.389583],[-166.192664,60.379188],[-166.186484,60.374841],[-166.178047,60.38048],[-166.149763,60.373549],[-166.133601,60.390112],[-166.142157,60.405257],[-166.153209,60.407722],[-166.173531,60.395572],[-166.155111,60.416172],[-166.167113,60.427669],[-166.147148,60.441684],[-166.144177,60.43799],[-166.159508,60.427317],[-166.127777,60.417404],[-166.123499,60.406901],[-166.132412,60.396042],[-166.117914,60.387117],[-166.123737,60.375429],[-166.100444,60.366557],[-166.105079,60.357683],[-166.101038,60.354098],[-166.06812,60.344279],[-166.073943,60.337399],[-166.093314,60.332753],[-166.08654,60.327223],[-166.092601,60.321104],[-166.076676,60.323163],[-166.002401,60.313748],[-165.954865,60.320898],[-165.925868,60.319721],[-165.920639,60.321604],[-165.922541,60.331253],[-165.917074,60.3329],[-165.918738,60.33784],[-165.883086,60.343368],[-165.834837,60.331253],[-165.812258,60.334076],[-165.815585,60.327135],[-165.810356,60.324546],[-165.780646,60.328547],[-165.776368,60.325017],[-165.779458,60.319486],[-165.767098,60.312188],[-165.741667,60.307479],[-165.713145,60.309216],[-165.716948,60.301327],[-165.713858,60.299502],[-165.676305,60.292023],[-165.690209,60.288077],[-165.695913,60.280242],[-165.67987,60.276471],[-165.67476,60.267985],[-165.690922,60.263564],[-165.696151,60.256844],[-165.694368,60.25195],[-165.727881,60.246702],[-165.719681,60.228207],[-165.709461,60.223486],[-165.691397,60.22443],[-165.69425,60.210972],[-165.682128,60.204241],[-165.683554,60.198335],[-165.711125,60.181202],[-165.724673,60.159803],[-165.71469,60.152588],[-165.674997,60.152233],[-165.671908,60.146673],[-165.676186,60.139218],[-165.690922,60.135195],[-165.663351,60.123475],[-165.670006,60.119805],[-165.663351,60.115779],[-165.673334,60.107014],[-165.659786,60.099195],[-165.696389,60.081181],[-165.70851,60.068494],[-165.709699,60.061259],[-165.680702,60.053904],[-165.677374,60.045123],[-165.683316,60.043105],[-165.684267,60.033965],[-165.679989,60.030047],[-165.664777,60.030403],[-165.657171,60.023279],[-165.633879,60.019597],[-165.642911,60.015321],[-165.636493,60.009975],[-165.65527,59.991674],[-165.625322,59.971341],[-165.635067,59.963252],[-165.606546,59.964561],[-165.60607,59.970866],[-165.585392,59.978715],[-165.572082,59.973126],[-165.557821,59.978596],[-165.547363,59.976337],[-165.564239,59.958017],[-165.582302,59.958731],[-165.591097,59.949806],[-165.592047,59.941711],[-165.586818,59.937068],[-165.565189,59.934568],[-165.566616,59.923849],[-165.584441,59.907288],[-165.612012,59.909791],[-165.635543,59.899303],[-165.63578,59.903832],[-165.653606,59.903117],[-165.702331,59.894534],[-165.707084,59.89215],[-165.706609,59.883564],[-165.7116,59.890242],[-165.722533,59.890838],[-165.722771,59.897157],[-165.728713,59.900733],[-165.763414,59.902521],[-165.774823,59.894415],[-165.792887,59.897038],[-165.811901,59.890481],[-165.838996,59.890481],[-165.872272,59.873903],[-165.891999,59.872472],[-165.890573,59.867341],[-165.895089,59.866029],[-165.905309,59.868893],[-165.911251,59.876528],[-165.969245,59.873903],[-166.041024,59.856959],[-166.118032,59.824957],[-166.139424,59.827108],[-166.14489,59.822209],[-166.11209,59.802609],[-166.113992,59.793403],[-166.084282,59.776059],[-166.090937,59.768162],[-166.090462,59.760621],[-166.113992,59.751164],[-166.133006,59.754277],[-166.154041,59.74829],[-166.190406,59.750206],[-166.212986,59.762896],[-166.205142,59.768042],[-166.208707,59.774623],[-166.25149,59.801414],[-166.307344,59.822837],[-166.349295,59.8266],[-166.356425,59.835678],[-166.378054,59.844037],[-166.432839,59.854781],[-166.453874,59.853647],[-166.465164,59.847081],[-166.473483,59.851976],[-166.487981,59.844335],[-166.512819,59.846425],[-166.504381,59.855079],[-166.528505,59.847738],[-166.616685,59.847738],[-166.621914,59.855079],[-166.643305,59.86051],[-166.646157,59.8694],[-166.664815,59.880195],[-166.726136,59.892061],[-166.760243,59.892299],[-166.812176,59.9237],[-166.90392,59.959237],[-167.047004,59.992477],[-167.062572,59.98796],[-167.117238,59.991585],[-167.16727,60.010777],[-167.223006,60.039218],[-167.249982,60.059865],[-167.248556,60.06455],[-167.302628,60.060339],[-167.333289,60.066626],[-167.336616,60.070124],[-167.327109,60.088382],[-167.338518,60.105859],[-167.343509,60.126287],[-167.357413,60.142325],[-167.394254,60.16746],[-167.412317,60.187554],[-167.449277,60.201849],[-167.459378,60.211651]]],[[[-173.0638,60.502589],[-173.045261,60.507504],[-173.045023,60.514056],[-173.053817,60.521894],[-173.045023,60.534055],[-173.047875,60.541303],[-173.056669,60.545277],[-173.039794,60.547848],[-173.040745,60.561869],[-173.007707,60.567593],[-172.997487,60.576468],[-172.972768,60.58464],[-172.95114,60.606229],[-172.912873,60.605062],[-172.916676,60.599929],[-172.911685,60.588259],[-172.931412,60.561986],[-172.905505,60.535692],[-172.899563,60.519554],[-172.880549,60.502355],[-172.808294,60.472733],[-172.776445,60.451876],[-172.610545,60.397326],[-172.558493,60.38711],[-172.513571,60.38112],[-172.447259,60.382999],[-172.431096,60.392747],[-172.380708,60.384996],[-172.38261,60.379123],[-172.375955,60.374306],[-172.33959,60.356207],[-172.257115,60.322568],[-172.218135,60.312917],[-172.254263,60.297375],[-172.293955,60.295373],[-172.309404,60.305971],[-172.308691,60.315742],[-172.320813,60.326216],[-172.39901,60.336098],[-172.509531,60.334451],[-172.538528,60.325039],[-172.598423,60.316801],[-172.617913,60.323392],[-172.630272,60.334922],[-172.729147,60.361379],[-172.769077,60.390633],[-172.852503,60.432295],[-172.90812,60.452345],[-172.902653,60.457033],[-172.90503,60.459259],[-172.93878,60.479175],[-172.983702,60.481166],[-173.015789,60.492874],[-173.053817,60.494513],[-173.0638,60.502589]]],[[[-173.121318,60.66136],[-173.092559,60.696277],[-173.074258,60.704652],[-173.062849,60.691857],[-173.068791,60.682548],[-173.058096,60.668346],[-173.061423,60.649479],[-173.041933,60.629668],[-173.048826,60.624772],[-173.075684,60.632465],[-173.093272,60.648081],[-173.11395,60.653905],[-173.121318,60.66136]]]]}},{"type":"Feature","properties":{"GEOID":"02275","NAME":"Wrangell","state":"AK","wildfire_risk_score":1.527,"wildfire_eal_total":477.93,"risk_band":"Low","source":"FEMA National Risk Index v1.20 (December 2025)"},"geometry":{"type":"MultiPolygon","coordinates":[[[[-132.049133,55.991639],[-132.044639,55.991761],[-132.045563,55.982415],[-132.049327,55.983388],[-132.049133,55.991639]]],[[[-132.061016,56.057659],[-132.036087,56.089238],[-132.029911,56.091223],[-132.011263,56.07578],[-131.983779,56.025131],[-131.98342,56.014472],[-131.991128,56.004008],[-132.003856,56.003948],[-132.012085,55.985219],[-132.032465,55.977556],[-132.034939,55.979718],[-132.027937,55.98507],[-132.025303,55.997245],[-132.042507,56.009758],[-132.032209,56.012692],[-132.032954,56.019169],[-132.04326,56.029075],[-132.050189,56.018342],[-132.055929,56.018661],[-132.06742,56.049361],[-132.061016,56.057659]]],[[[-132.079766,56.105059],[-132.075554,56.107965],[-132.069467,56.107008],[-132.072755,56.101877],[-132.079766,56.105059]]],[[[-132.098306,56.077828],[-132.095606,56.081858],[-132.091476,56.081168],[-132.091634,56.078726],[-132.098306,56.077828]]],[[[-132.117201,56.033417],[-132.111497,56.044702],[-132.104842,56.043043],[-132.103772,56.050875],[-132.094621,56.053065],[-132.099375,56.048618],[-132.095453,56.023921],[-132.117201,56.033417]]],[[[-132.128744,55.931837],[-132.126833,55.93372],[-132.123837,55.933101],[-132.126247,55.929458],[-132.128744,55.931837]]],[[[-132.146905,56.151178],[-132.14279,56.151304],[-132.142043,56.149024],[-132.146902,56.149083],[-132.146905,56.151178]]],[[[-132.148099,56.064345],[-132.143184,56.066034],[-132.137817,56.060013],[-132.144983,56.059193],[-132.148099,56.064345]]],[[[-132.19306,55.92091],[-132.166475,55.925051],[-132.158527,55.922953],[-132.183565,55.919615],[-132.19306,55.92091]]],[[[-132.414466,55.920018],[-132.408478,55.921309],[-132.408359,55.91738],[-132.413872,55.91782],[-132.414466,55.920018]]],[[[-132.477524,56.5197],[-132.47681,56.539887],[-132.470393,56.545521],[-132.448289,56.543687],[-132.438544,56.526649],[-132.454469,56.511963],[-132.474434,56.51498],[-132.477524,56.5197]]],[[[-132.482515,56.570146],[-132.451616,56.596194],[-132.400818,56.606926],[-132.408359,56.58507],[-132.440208,56.56792],[-132.457796,56.563075],[-132.484654,56.565825],[-132.482515,56.570146]]],[[[-132.489883,56.500946],[-132.485605,56.505012],[-132.475384,56.500159],[-132.481564,56.496748],[-132.489883,56.500946]]],[[[-132.502534,56.055432],[-132.498558,56.056184],[-132.493686,56.055392],[-132.499471,56.051934],[-132.502534,56.055432]]],[[[-132.562255,56.386503],[-132.557026,56.402947],[-132.537299,56.412809],[-132.536348,56.420961],[-132.492615,56.44028],[-132.480255,56.439229],[-132.406812,56.408996],[-132.404673,56.395712],[-132.409902,56.38874],[-132.401821,56.384924],[-132.442464,56.38874],[-132.450783,56.382687],[-132.449357,56.374133],[-132.48596,56.367551],[-132.491664,56.35715],[-132.500221,56.352805],[-132.522087,56.353858],[-132.547994,56.36268],[-132.559878,56.37387],[-132.562255,56.386503]]],[[[-132.566653,56.530319],[-132.544074,56.556002],[-132.533616,56.562289],[-132.519355,56.560193],[-132.525059,56.550238],[-132.521019,56.539493],[-132.539796,56.528353],[-132.531952,56.519831],[-132.536468,56.513537],[-132.556196,56.513013],[-132.566653,56.530319]]],[[[-132.616566,56.506324],[-132.606346,56.513013],[-132.58234,56.513537],[-132.570456,56.507242],[-132.572595,56.499372],[-132.557859,56.495567],[-132.571645,56.486776],[-132.590421,56.487169],[-132.613476,56.493599],[-132.616566,56.506324]]],[[[-132.653524,56.481252],[-132.649959,56.486501],[-132.61906,56.487814],[-132.58222,56.468781],[-132.575327,56.461165],[-132.577704,56.453023],[-132.604087,56.449213],[-132.646156,56.469175],[-132.653524,56.481252]]],[[[-132.719272,56.117425],[-132.712232,56.11745],[-132.710687,56.114402],[-132.714836,56.112405],[-132.719272,56.117425]]],[[[-132.726493,56.171209],[-132.719719,56.170945],[-132.707241,56.159563],[-132.690247,56.160357],[-132.696189,56.166776],[-132.689415,56.168695],[-132.697258,56.173128],[-132.708905,56.194424],[-132.689415,56.205927],[-132.716867,56.216898],[-132.714015,56.223308],[-132.694763,56.233349],[-132.69916,56.235529],[-132.696902,56.23817],[-132.672896,56.240548],[-132.647583,56.233151],[-132.601355,56.239161],[-132.573308,56.296905],[-132.548709,56.308245],[-132.543242,56.316617],[-132.547283,56.326502],[-132.538607,56.333617],[-132.52936,56.338555],[-132.499747,56.336845],[-132.434818,56.352731],[-132.419411,56.347911],[-132.378292,56.308773],[-132.380075,56.298619],[-132.394336,56.284407],[-132.394811,56.275962],[-132.388533,56.272892],[-132.381976,56.255635],[-132.397568,56.238081],[-132.353126,56.218302],[-132.336342,56.201597],[-132.318516,56.192077],[-132.240081,56.192474],[-132.235803,56.197499],[-132.243647,56.202655],[-132.275258,56.207415],[-132.329134,56.236029],[-132.347988,56.271739],[-132.36542,56.283023],[-132.349149,56.304456],[-132.340678,56.341754],[-132.355594,56.346758],[-132.352742,56.356504],[-132.364231,56.374037],[-132.354357,56.388496],[-132.335629,56.396645],[-132.341571,56.413216],[-132.361333,56.422999],[-132.381422,56.444893],[-132.393671,56.48369],[-132.388869,56.489794],[-132.360585,56.484807],[-132.333014,56.469449],[-132.27811,56.461571],[-132.253393,56.449539],[-132.232,56.415319],[-132.240795,56.409534],[-132.234615,56.404931],[-132.237942,56.397566],[-132.211085,56.375198],[-132.187554,56.366905],[-132.170441,56.368353],[-132.183276,56.385857],[-132.179235,56.399276],[-132.198725,56.419658],[-132.209658,56.459076],[-132.262899,56.486644],[-132.289043,56.483888],[-132.311148,56.504488],[-132.345136,56.518258],[-132.362011,56.531499],[-132.365814,56.540542],[-132.361773,56.55574],[-132.367088,56.574578],[-132.366527,56.594886],[-132.350603,56.599596],[-132.319466,56.637652],[-132.339432,56.640527],[-132.422857,56.609277],[-132.480376,56.603129],[-132.565703,56.628632],[-132.570694,56.633077],[-132.569743,56.642357],[-132.555245,56.654248],[-132.566416,56.66496],[-132.585122,56.659166],[-132.592798,56.6694],[-132.592085,56.676713],[-132.587094,56.682458],[-132.577587,56.681022],[-132.568793,56.672012],[-132.543361,56.675146],[-132.534091,56.697207],[-132.557622,56.715473],[-132.532842,56.713697],[-132.493737,56.728341],[-132.473029,56.72979],[-132.449679,56.753291],[-132.439835,56.770301],[-132.41343,56.772784],[-132.404797,56.778854],[-132.346387,56.772641],[-132.346219,56.782806],[-132.304431,56.798336],[-132.296899,56.805768],[-132.298498,56.810679],[-132.284118,56.817195],[-132.278977,56.845298],[-132.239425,56.860632],[-132.235824,56.869657],[-132.23887,56.8778],[-132.234392,56.881921],[-132.207119,56.894616],[-132.160186,56.903305],[-132.115937175857,56.890336734821],[-132.123568,56.873648],[-131.872876,56.805995],[-131.901072,56.753675],[-131.860669,56.702984],[-131.835327,56.599203],[-131.581067,56.612232],[-131.472028,56.552666],[-131.173467,56.449524],[-131.087349,56.406005],[-131.078804,56.397682],[-131.080545,56.391966],[-131.087779,56.381403],[-131.103847,56.377237],[-131.11444,56.358732],[-131.109596,56.348975],[-131.091316,56.333226],[-131.054098,56.329381],[-131.013177,56.314211],[-131.015885,56.30856],[-131.039502,56.299559],[-131.040089,56.287791],[-131.02184,56.279955],[-131.016914,56.272997],[-130.99832,56.277626],[-131.015971,56.249861],[-131.061142,56.236736],[-131.06275,56.226459],[-131.07661,56.22241],[-131.083149,56.212052],[-131.108495,56.193515],[-131.124785,56.20027],[-131.14364,56.19836],[-131.149842,56.187852],[-131.191033,56.188575],[-131.210518,56.184683],[-131.238566,56.170968],[-131.250158,56.190793],[-131.247816,56.19824],[-131.253358,56.20685],[-131.288588,56.204017],[-131.291385,56.193752],[-131.316086,56.193281],[-131.315573,56.187858],[-131.323992,56.179882],[-131.339968,56.182629],[-131.355873,56.166091],[-131.358142,56.157213],[-131.392885,56.13976],[-131.411658,56.138857],[-131.422008,56.144412],[-131.435008,56.141813],[-131.439957,56.131083],[-131.42088,56.112334],[-131.425991,56.104964],[-131.405834,56.094775],[-131.39996,56.08428],[-131.380207,56.079691],[-131.379693,56.074978],[-131.369226,56.06991],[-131.375646,56.058802],[-131.385949,56.053948],[-131.37582,56.046076],[-131.381583,56.039922],[-131.364317,56.017943],[-131.371856,56.013252],[-131.413191,56.026351],[-131.495331,56.017744],[-131.499605,56.02083],[-131.497966,56.030145],[-131.52806,56.035403],[-131.527013,56.053161],[-131.584992,56.066511],[-131.60079,56.081651],[-131.602394,56.088774],[-131.617479,56.085941],[-131.63876,56.091559],[-131.651202,56.103895],[-131.690134,56.091343],[-131.67718,56.087603],[-131.680239,56.077312],[-131.66558,56.076218],[-131.664222,56.067502],[-131.690189,56.050942],[-131.712267,56.052539],[-131.718276,56.061087],[-131.732632,56.064584],[-131.804318,56.051425],[-131.808547,56.055469],[-131.829365,56.056465],[-131.833182,56.053512],[-131.823297,56.044493],[-131.824923,56.036386],[-131.859939,56.036517],[-131.875401,56.023086],[-131.872668,56.013581],[-131.880954,55.998107],[-131.879568,55.992418],[-131.894096,55.988563],[-131.905601,55.979061],[-131.900628,55.969357],[-131.871989,55.951648],[-131.881898,55.932244],[-131.895616,55.920538],[-131.910447,55.915647],[-131.93646,55.915481],[-131.941943,55.909684],[-131.957862,55.907929],[-131.964268,55.896665],[-131.958035,55.892017],[-131.957998,55.884414],[-131.986277,55.879773],[-132.007693,55.869737],[-132.005296,55.860424],[-132.01072,55.853473],[-131.97226,55.829301],[-131.935635,55.798431],[-131.939012,55.785319],[-131.93531,55.780705],[-131.951387,55.77649],[-131.955059,55.767457],[-131.97917,55.751959],[-131.974149,55.736614],[-131.984358,55.72567],[-131.978609,55.717346],[-131.968193,55.71393],[-131.962744,55.700757],[-131.981152,55.695724],[-131.985788,55.688466],[-132.008893,55.687053],[-132.041863,55.69879],[-132.053979,55.70984],[-132.073481,55.709248],[-132.088727,55.697355],[-132.092786,55.659587],[-132.150456,55.649704],[-132.182744,55.634282],[-132.198963,55.63435],[-132.206331,55.646155],[-132.201815,55.651922],[-132.21465,55.6599],[-132.220711,55.674646],[-132.217264,55.677996],[-132.224632,55.689721],[-132.220829,55.690257],[-132.228435,55.699701],[-132.224632,55.701844],[-132.264325,55.736316],[-132.264444,55.747287],[-132.278704,55.747153],[-132.287261,55.761732],[-132.28227,55.767349],[-132.268247,55.764808],[-132.212629,55.734643],[-132.192664,55.739661],[-132.188386,55.745883],[-132.187861,55.760989],[-132.183514,55.764006],[-132.186366,55.781118],[-132.192308,55.785996],[-132.180067,55.795951],[-132.186009,55.803299],[-132.149525,55.803099],[-132.128068,55.811598],[-132.078697,55.810646],[-132.054691,55.800962],[-132.028784,55.797688],[-132.031161,55.802431],[-132.062654,55.814719],[-132.056236,55.822931],[-132.060039,55.826803],[-132.091782,55.835089],[-132.087253,55.841753],[-132.096523,55.85056],[-132.085708,55.852561],[-132.084877,55.861165],[-132.069784,55.873035],[-132.048512,55.882634],[-132.046729,55.887633],[-132.039123,55.8877],[-132.047442,55.894631],[-132.054097,55.909954],[-132.070853,55.923939],[-132.066813,55.944043],[-132.041262,55.950032],[-132.042451,55.959878],[-132.007868,55.962273],[-132.01179,55.967461],[-132.006799,55.970122],[-131.996935,55.964402],[-131.95855,55.972848],[-131.973167,55.983753],[-131.967344,55.996316],[-131.955103,55.998509],[-131.977921,56.044271],[-131.981724,56.062123],[-131.976376,56.065241],[-131.980773,56.078839],[-131.969364,56.122783],[-131.973167,56.173095],[-131.89497,56.181099],[-131.88784,56.197399],[-131.871087,56.203311],[-131.82438,56.19125],[-131.818081,56.1933],[-131.819864,56.197796],[-131.801681,56.195085],[-131.763415,56.204936],[-131.709818,56.186754],[-131.682366,56.193366],[-131.654557,56.183976],[-131.647308,56.183976],[-131.648259,56.199846],[-131.657647,56.199647],[-131.695438,56.21518],[-131.731566,56.214718],[-131.764009,56.224893],[-131.806316,56.216502],[-131.834362,56.21855],[-131.873104,56.230046],[-131.897941,56.225554],[-131.929909,56.235529],[-131.933237,56.233877],[-131.912202,56.216304],[-131.924086,56.207448],[-131.920878,56.203482],[-131.940486,56.193036],[-132.001094,56.1933],[-132.000981,56.189076],[-132.016425,56.182653],[-132.015045,56.168214],[-132.026942,56.133117],[-132.036271,56.132089],[-132.049819,56.143478],[-132.061703,56.146259],[-132.055761,56.1354],[-132.058889,56.124258],[-132.073824,56.115992],[-132.096523,56.133546],[-132.100801,56.14745],[-132.120172,56.165056],[-132.145723,56.155526],[-132.151783,56.159497],[-132.150239,56.164923],[-132.166282,56.170878],[-132.188386,56.168827],[-132.182206,56.158372],[-132.160815,56.145994],[-132.15012,56.133082],[-132.142219,56.134375],[-132.116488,56.120961],[-132.127184,56.115263],[-132.126589,56.11142],[-132.108361,56.113121],[-132.099137,56.103336],[-132.109714,56.096044],[-132.099137,56.088951],[-132.104561,56.085668],[-132.107694,56.089614],[-132.121836,56.090078],[-132.126708,56.086564],[-132.120529,56.082983],[-132.126827,56.078209],[-132.134789,56.081259],[-132.129679,56.095448],[-132.145128,56.098431],[-132.150357,56.093194],[-132.145841,56.089349],[-132.155349,56.083248],[-132.146317,56.075887],[-132.14905,56.07277],[-132.184464,56.0735],[-132.193972,56.088023],[-132.226534,56.080132],[-132.221305,56.067729],[-132.180417,56.058164],[-132.167946,56.045632],[-132.193021,56.047888],[-132.20134,56.044238],[-132.198725,56.039923],[-132.178879,56.036404],[-132.173769,56.031889],[-132.17472,56.024651],[-132.155943,56.008045],[-132.156894,55.999606],[-132.168659,55.990833],[-132.164262,55.989171],[-132.164856,55.98372],[-132.153923,55.984052],[-132.13557,55.97003],[-132.13128,55.947396],[-132.155263,55.927859],[-132.172904,55.927568],[-132.192913,55.937788],[-132.206499,55.960442],[-132.21309,55.943229],[-132.22285,55.940016],[-132.216789,55.935224],[-132.239725,55.922508],[-132.240557,55.928567],[-132.250064,55.920909],[-132.253154,55.931163],[-132.276328,55.936156],[-132.280962,55.93296],[-132.279027,55.924933],[-132.307583,55.920576],[-132.308771,55.91365],[-132.294035,55.909854],[-132.290351,55.90126],[-132.308533,55.899195],[-132.303923,55.896686],[-132.307107,55.892798],[-132.319528,55.888528],[-132.340739,55.890799],[-132.341927,55.8858],[-132.341452,55.878335],[-132.326359,55.879001],[-132.308414,55.865067],[-132.32113,55.85653],[-132.312455,55.841586],[-132.323388,55.849859],[-132.333371,55.867267],[-132.338006,55.854262],[-132.369855,55.849992],[-132.377907,55.855081],[-132.376866,55.861199],[-132.384115,55.871535],[-132.400753,55.883934],[-132.390652,55.893798],[-132.399208,55.903459],[-132.380313,55.90699],[-132.384472,55.917913],[-132.373301,55.917713],[-132.363913,55.9281],[-132.379124,55.932761],[-132.401704,55.950863],[-132.433553,55.947803],[-132.433553,55.954257],[-132.444605,55.953325],[-132.452211,55.960976],[-132.437118,55.960111],[-132.431889,55.9653],[-132.435098,55.97082],[-132.463738,55.975076],[-132.463382,55.980063],[-132.445437,55.981991],[-132.437474,55.988839],[-132.465877,55.99615],[-132.403962,56.004058],[-132.382808,56.016017],[-132.376747,56.032288],[-132.39077,56.032221],[-132.390176,56.022659],[-132.401823,56.015817],[-132.439732,56.019006],[-132.447695,56.014688],[-132.459698,56.018541],[-132.471106,56.015884],[-132.475266,56.020201],[-132.472651,56.028769],[-132.485961,56.025515],[-132.477048,56.04968],[-132.461361,56.060099],[-132.464332,56.065738],[-132.460292,56.069055],[-132.46659,56.07602],[-132.490952,56.063217],[-132.516384,56.073765],[-132.538607,56.070249],[-132.540746,56.057777],[-132.536943,56.055653],[-132.541578,56.052866],[-132.592323,56.07801],[-132.594343,56.07403],[-132.586737,56.067994],[-132.609198,56.071576],[-132.611575,56.063018],[-132.606821,56.056317],[-132.616566,56.04968],[-132.614546,56.043773],[-132.593155,56.032288],[-132.596839,56.015552],[-132.607653,56.010769],[-132.611694,56.020998],[-132.621813,56.024174],[-132.617755,56.030761],[-132.621795,56.035342],[-132.642117,56.032487],[-132.650673,56.048154],[-132.658398,56.04968],[-132.667192,56.059435],[-132.672064,56.077147],[-132.700586,56.099823],[-132.696783,56.105589],[-132.706874,56.109869],[-132.702131,56.11692],[-132.703913,56.122551],[-132.714609,56.129109],[-132.72253,56.143831],[-132.716154,56.147053],[-132.715084,56.160622],[-132.726097,56.160823],[-132.726493,56.171209]]],[[[-132.890101,56.173399],[-132.886179,56.173399],[-132.878844,56.162595],[-132.890015,56.169014],[-132.890101,56.173399]]],[[[-132.924835,56.192958],[-132.924717,56.202875],[-132.912595,56.200296],[-132.918656,56.189982],[-132.924835,56.192958]]],[[[-132.94076,56.129295],[-132.934461,56.137242],[-132.923647,56.137706],[-132.93149,56.143797],[-132.924598,56.148498],[-132.91105,56.142738],[-132.903088,56.146975],[-132.888233,56.141348],[-132.879201,56.146578],[-132.876111,56.144923],[-132.88241,56.139825],[-132.84854,56.114721],[-132.85674,56.106372],[-132.877299,56.114523],[-132.88645,56.113198],[-132.891917,56.107698],[-132.885262,56.102661],[-132.896433,56.099744],[-132.921746,56.110547],[-132.927925,56.119757],[-132.940285,56.123996],[-132.94076,56.129295]]],[[[-132.948187,56.142351],[-132.945224,56.142233],[-132.94278,56.138368],[-132.946345,56.137971],[-132.948187,56.142351]]],[[[-133.003864,56.197916],[-132.963458,56.198644],[-132.909862,56.172917],[-132.892749,56.157698],[-132.948366,56.164184],[-132.967974,56.178871],[-132.977006,56.178937],[-132.978551,56.189122],[-132.993049,56.189519],[-133.003864,56.197916]]],[[[-133.00529,56.258033],[-132.996733,56.276841],[-132.979977,56.27473],[-132.972965,56.27948],[-132.960487,56.271298],[-132.959299,56.258297],[-132.966905,56.249979],[-132.994594,56.248064],[-133.00529,56.258033]]],[[[-133.007786,56.224683],[-132.99602,56.230563],[-133.006003,56.243112],[-132.960487,56.240932],[-132.950386,56.233007],[-132.932085,56.231884],[-132.926856,56.216556],[-132.917824,56.218274],[-132.91509,56.207898],[-132.93149,56.213913],[-132.943256,56.203602],[-132.967618,56.20532],[-133.002081,56.214507],[-133.007786,56.224683]]],[[[-133.012658,56.186345],[-132.998041,56.18813],[-132.988296,56.181186],[-132.970708,56.153528],[-133.001368,56.154521],[-133.003507,56.174108],[-133.010281,56.173976],[-133.012658,56.186345]]],[[[-133.026841,56.236163],[-133.024111,56.237737],[-133.021627,56.237156],[-133.025043,56.233402],[-133.026841,56.236163]]],[[[-133.070058,56.355208],[-133.045695,56.371467],[-133.041298,56.385681],[-133.025017,56.395153],[-133.031791,56.398771],[-133.012777,56.40916],[-133.020145,56.41041],[-133.00731,56.415932],[-133.011351,56.42474],[-132.996852,56.431771],[-132.982235,56.428946],[-132.984493,56.434005],[-132.976412,56.435188],[-132.979145,56.440773],[-132.972371,56.443335],[-132.975461,56.449443],[-132.955496,56.442415],[-132.95407,56.45299],[-132.927688,56.458178],[-132.871595,56.456602],[-132.811581,56.440444],[-132.770106,56.455814],[-132.716271,56.456733],[-132.668379,56.44097],[-132.632965,56.422308],[-132.628568,56.413631],[-132.636292,56.406596],[-132.628568,56.40561],[-132.629518,56.39831],[-132.621794,56.390286],[-132.63546,56.380351],[-132.648889,56.379562],[-132.653405,56.375745],[-132.648295,56.371533],[-132.662437,56.369032],[-132.678005,56.350467],[-132.675628,56.335779],[-132.657802,56.319307],[-132.651385,56.296629],[-132.661486,56.286868],[-132.659109,56.275917],[-132.690245,56.263181],[-132.799935,56.24945],[-132.858523,56.232676],[-132.872546,56.232214],[-132.883598,56.248196],[-132.894175,56.249913],[-132.894412,56.254798],[-132.911763,56.257505],[-132.915209,56.263115],[-132.94076,56.273542],[-132.959655,56.295508],[-133.031435,56.315221],[-133.066017,56.330904],[-133.070058,56.355208]]]]}},{"type":"Feature","properties":{"GEOID":"02282","NAME":"Yakutat","state":"AK","wildfire_risk_score":1.686,"wildfire_eal_total":371.39,"risk_band":"Low","source":"FEMA National Risk Index v1.20 (December 2025)"},"geometry":{"type":"MultiPolygon","coordinates":[[[[-139.512012,59.702893],[-139.509516,59.704033],[-139.500603,59.702474],[-139.502742,59.698277],[-139.512012,59.702893]]],[[[-139.545881,59.971596],[-139.531264,59.974391],[-139.530432,59.961008],[-139.539939,59.964935],[-139.545881,59.971596]]],[[[-139.598408,59.717938],[-139.584979,59.732497],[-139.564063,59.739026],[-139.551348,59.729502],[-139.516765,59.717818],[-139.523183,59.710627],[-139.557765,59.704392],[-139.59306,59.710387],[-139.598408,59.717938]]],[[[-139.655808,59.664922],[-139.651173,59.672904],[-139.64024,59.673264],[-139.644518,59.664322],[-139.655808,59.664922]]],[[[-139.661274,59.59312],[-139.661274,59.599435],[-139.659848,59.60148],[-139.655095,59.596368],[-139.661274,59.59312]]],[[[-139.665434,59.645289],[-139.657234,59.64595],[-139.652837,59.635679],[-139.66068,59.635919],[-139.665434,59.645289]]],[[[-139.676011,59.625465],[-139.661274,59.632675],[-139.64024,59.626066],[-139.658898,59.617532],[-139.676011,59.625465]]],[[[-139.804833,59.586744],[-139.775361,59.595646],[-139.728538,59.638863],[-139.713564,59.635679],[-139.724497,59.629371],[-139.71606,59.623302],[-139.724616,59.623362],[-139.727706,59.618013],[-139.743393,59.620237],[-139.748028,59.615789],[-139.732103,59.610379],[-139.73246,59.59697],[-139.713445,59.584698],[-139.718555,59.576033],[-139.722596,59.577478],[-139.721526,59.582231],[-139.732935,59.577237],[-139.752425,59.582231],[-139.76728,59.593241],[-139.771082,59.591436],[-139.764665,59.584337],[-139.76419,59.573987],[-139.782372,59.576154],[-139.774053,59.561587],[-139.765378,59.558095],[-139.785343,59.557011],[-139.797227,59.57158],[-139.797821,59.582111],[-139.804833,59.586744]]],[[[-143.893325,60.024166],[-143.193519,60.521828],[-141.791172,60.523036],[-141.790601,60.435238],[-141.213451,60.435268],[-141.213444,60.391676],[-141.001965520117,60.391686994736],[-141.00198,60.306369],[-140.769406,60.260305],[-140.520425,60.219819],[-140.458206,60.308085],[-139.981094,60.181966],[-139.692981,60.335224],[-139.074819,60.352505],[-139.072127,60.319429],[-139.198846,60.088296],[-139.053671,59.994837],[-138.798517,59.924648],[-138.707378,59.906325],[-138.679457,59.84537],[-138.668649,59.809657],[-138.626202,59.76858],[-137.607356,59.243803],[-137.541787,59.105433],[-137.5,58.985395],[-137.526115,58.906371],[-137.945043313818,58.8085223018565],[-137.929659,58.819089],[-137.923717,58.841478],[-137.939404,58.86287],[-137.933105,58.867847],[-137.943207,58.880624],[-138.055629,58.950204],[-138.169002,59.000919],[-138.185283,59.016278],[-138.238642,59.037684],[-138.338349,59.067141],[-138.610255,59.12299],[-138.886588,59.236944],[-139.044593,59.280341],[-139.321274,59.346754],[-139.599121,59.440235],[-139.669831,59.470614],[-139.857004,59.534665],[-139.865204,59.541954],[-139.841436,59.558757],[-139.810894,59.553458],[-139.788195,59.54328],[-139.731984,59.546472],[-139.753375,59.556891],[-139.74672,59.56833],[-139.738758,59.565199],[-139.738045,59.5717],[-139.725804,59.573024],[-139.720576,59.562731],[-139.715228,59.563634],[-139.714277,59.571941],[-139.702037,59.583675],[-139.702987,59.590654],[-139.722358,59.60148],[-139.717961,59.605088],[-139.722002,59.609717],[-139.715465,59.609777],[-139.712851,59.618193],[-139.70679,59.615909],[-139.696095,59.620657],[-139.674347,59.613384],[-139.678982,59.606892],[-139.672926,59.595228],[-139.679457,59.58524],[-139.676486,59.5717],[-139.666028,59.566343],[-139.637863,59.568932],[-139.655332,59.575071],[-139.631683,59.584217],[-139.62788,59.595586],[-139.582602,59.607252],[-139.579869,59.613745],[-139.605657,59.614166],[-139.593488,59.624317],[-139.586762,59.64655],[-139.562281,59.649013],[-139.555507,59.663421],[-139.530075,59.674524],[-139.509635,59.69336],[-139.481945,59.695459],[-139.486104,59.700495],[-139.483847,59.708529],[-139.54089,59.73657],[-139.565252,59.765665],[-139.582114,59.774642],[-139.59924,59.800952],[-139.593892,59.817267],[-139.609698,59.833813],[-139.621582,59.839307],[-139.635724,59.873741],[-139.627167,59.902419],[-139.587118,59.910999],[-139.533396,59.936672],[-139.522945,59.949703],[-139.521043,59.963923],[-139.505475,59.972547],[-139.507971,59.985509],[-139.489432,59.992107],[-139.49787,60.004497],[-139.522588,60.020297],[-139.531145,60.041193],[-139.554675,60.046415],[-139.560855,60.043685],[-139.55515,60.040837],[-139.554675,60.032646],[-139.575353,60.011625],[-139.605063,59.999625],[-139.611005,59.992137],[-139.607202,59.968325],[-139.612431,59.94887],[-139.718912,59.919399],[-139.775955,59.87043],[-139.778807,59.857543],[-139.770488,59.842382],[-139.780233,59.826497],[-139.844169,59.807856],[-139.952054,59.788593],[-140.080423,59.756299],[-140.145547,59.745283],[-140.179535,59.735941],[-140.19345,59.722169],[-140.223981,59.708918],[-140.314775,59.69273],[-140.648953,59.711196],[-140.874986,59.738756],[-140.981942,59.769644],[-141.423134,59.877329],[-141.457539,59.890885],[-141.483684,59.913412],[-141.485207,59.925024],[-141.471562,59.928303],[-141.459678,59.917463],[-141.439951,59.914365],[-141.456113,59.911625],[-141.455875,59.904951],[-141.460391,59.903759],[-141.442327,59.887785],[-141.427116,59.903164],[-141.397168,59.911267],[-141.381957,59.928779],[-141.363418,59.929017],[-141.361516,59.933066],[-141.333708,59.92997],[-141.317783,59.936519],[-141.288311,59.932828],[-141.286172,59.939734],[-141.294015,59.948186],[-141.284033,59.957826],[-141.289975,59.972577],[-141.266444,59.98114],[-141.2682,59.987841],[-141.259314,59.992909],[-141.259314,59.998377],[-141.282369,60.015605],[-141.289499,60.034249],[-141.328479,60.058221],[-141.322452,60.06208],[-141.290688,60.058339],[-141.274763,60.079212],[-141.238636,60.089406],[-141.239349,60.096042],[-141.221285,60.106231],[-141.207738,60.105402],[-141.185633,60.114759],[-141.173036,60.111561],[-141.155686,60.121154],[-141.145465,60.135832],[-141.141425,60.151688],[-141.154022,60.172383],[-141.16852,60.17522],[-141.172086,60.169427],[-141.159251,60.155591],[-141.184683,60.125179],[-141.232219,60.113101],[-141.269534,60.097583],[-141.312568,60.089071],[-141.337273,60.090947],[-141.343829,60.083803],[-141.352722,60.085969],[-141.357951,60.096279],[-141.375613,60.110713],[-141.366745,60.147192],[-141.380055,60.158903],[-141.403586,60.15571],[-141.424739,60.135122],[-141.438525,60.132518],[-141.488671,60.148378],[-141.520524,60.168836],[-141.549283,60.170255],[-141.55784,60.162451],[-141.555701,60.157484],[-141.532883,60.14104],[-141.52813,60.12731],[-141.50864,60.119733],[-141.494617,60.120798],[-141.477266,60.111798],[-141.447556,60.086561],[-141.467284,60.083835],[-141.462293,60.074469],[-141.407626,60.061542],[-141.370372,60.033378],[-141.368138,60.024009],[-141.38576,60.021662],[-141.400971,60.007289],[-141.503887,59.990651],[-141.537637,59.976502],[-141.544054,59.969009],[-141.595376,59.961905],[-141.73624,59.961905],[-141.881084,59.999446],[-141.991843,60.018812],[-142.100059,60.026772],[-142.297261,60.056441],[-142.432501,60.062966],[-142.447237,60.071623],[-142.537534,60.083953],[-142.698419,60.093333],[-142.875248,60.092428],[-143.128903,60.065575],[-143.622801,60.039116],[-143.723874,60.02171],[-143.881159,59.986609],[-143.893326,59.9860945666667],[-143.893325,60.024166]]]]}},{"type":"Feature","properties":{"GEOID":"02195","NAME":"Petersburg","state":"AK","wildfire_risk_score":3.403,"wildfire_eal_total":990.96,"risk_band":"Low","source":"FEMA National Risk Index v1.20 (December 2025)"},"geometry":{"type":"MultiPolygon","coordinates":[[[[-132.771796,56.49484],[-132.767848,56.496408],[-132.763391,56.493719],[-132.767135,56.491816],[-132.771796,56.49484]]],[[[-132.916043,56.89323],[-132.908675,56.891542],[-132.906298,56.887127],[-132.916043,56.887647],[-132.916043,56.89323]]],[[[-132.944564,56.896605],[-132.933156,56.897643],[-132.930303,56.888296],[-132.937196,56.888556],[-132.944564,56.896605]]],[[[-133.074466,56.517044],[-133.069558,56.515469],[-133.066948,56.5081],[-133.07065,56.507822],[-133.074466,56.517044]]],[[[-133.096172,56.519142],[-133.089642,56.52153],[-133.088938,56.515783],[-133.092033,56.514881],[-133.096172,56.519142]]],[[[-133.126388,56.462183],[-133.1006,56.463299],[-133.094301,56.470652],[-133.076356,56.473343],[-133.055084,56.462905],[-133.063403,56.45693],[-133.092756,56.461067],[-133.094658,56.456339],[-133.102857,56.456536],[-133.112008,56.449509],[-133.111652,56.457981],[-133.126388,56.462183]]],[[[-133.288487,57.31001],[-133.283733,57.309497],[-133.278029,57.301665],[-133.287774,57.304362],[-133.288487,57.31001]]],[[[-133.3091,56.46017],[-133.303418,56.462871],[-133.295154,56.459742],[-133.305853,56.456884],[-133.3091,56.46017]]],[[[-133.475065,57.710377],[-133.461042,57.709996],[-133.44179,57.697678],[-133.461993,57.700091],[-133.475065,57.710377]]],[[[-133.545894,57.24204],[-133.53805,57.243712],[-133.543517,57.25207],[-133.532108,57.248084],[-133.518323,57.231236],[-133.511668,57.213865],[-133.515709,57.211162],[-133.52783,57.218755],[-133.545894,57.24204]]],[[[-133.574415,57.21232],[-133.563245,57.222358],[-133.558016,57.220171],[-133.56776,57.213093],[-133.574415,57.21232]]],[[[-133.579378,56.757841],[-133.557282,56.76721],[-133.553139,56.756334],[-133.543568,56.75059],[-133.493508,56.748772],[-133.488892,56.758062],[-133.498708,56.771005],[-133.491517,56.775843],[-133.489352,56.784521],[-133.496498,56.786925],[-133.49529,56.795656],[-133.515689,56.795983],[-133.517254,56.802201],[-133.512534,56.812257],[-133.495847,56.817405],[-133.496354,56.825244],[-133.489101,56.827435],[-133.487695,56.838848],[-133.477317,56.845565],[-133.490062,56.849596],[-133.493788,56.857475],[-133.484833,56.864183],[-133.50296,56.873278],[-133.501473,56.881188],[-133.440042,56.882355],[-133.411949,56.895098],[-133.375904,56.894736],[-133.370511,56.898074],[-133.370041,56.906566],[-133.274089,56.92185],[-133.27005,56.922946],[-133.271077,56.930558],[-133.253406,56.932445],[-133.274714,56.944034],[-133.278305,56.953215],[-133.292944,56.965977],[-133.296627,56.977586],[-133.318778,57.003723],[-133.325,57.004167],[-133.324998,57.0095821333567],[-133.304291,57.015244],[-133.261984,57.00748],[-133.224906,57.006444],[-133.193057,57.011233],[-133.105353,57.002044],[-133.076594,56.990521],[-133.033574,56.951916],[-133.010757,56.947119],[-132.986276,56.931949],[-132.973679,56.912362],[-132.966073,56.886921],[-132.951812,56.875883],[-132.93969,56.842228],[-132.944206,56.826755],[-132.927093,56.819602],[-132.912595,56.808023],[-132.913546,56.80438],[-132.817998,56.791625],[-132.801123,56.773266],[-132.765233,56.75568],[-132.752399,56.733914],[-132.740752,56.725569],[-132.7379,56.712657],[-132.704863,56.701045],[-132.683947,56.69961],[-132.688701,56.684861],[-132.620962,56.668539],[-132.618823,56.662009],[-132.627855,56.64424],[-132.610742,56.635744],[-132.596956,56.614694],[-132.572951,56.61404],[-132.560591,56.606061],[-132.553936,56.610639],[-132.54538,56.608154],[-132.541577,56.586302],[-132.621675,56.55147],[-132.650196,56.553174],[-132.674677,56.538106],[-132.665883,56.530766],[-132.702724,56.528669],[-132.711755,56.519623],[-132.724352,56.519229],[-132.72768,56.509788],[-132.768747,56.505954],[-132.774867,56.499578],[-132.785766,56.501993],[-132.816592,56.494822],[-132.872902,56.50887],[-132.900711,56.500868],[-132.94278,56.507427],[-132.950386,56.509788],[-132.961319,56.537188],[-132.971539,56.539285],[-132.9858,56.53247],[-132.977957,56.519754],[-132.992336,56.510673],[-133.039073,56.518889],[-133.051826,56.533125],[-133.085825,56.529837],[-133.088167,56.524794],[-133.101955,56.531294],[-133.138019,56.53625],[-133.143567,56.530222],[-133.13714,56.514654],[-133.140687,56.509375],[-133.133701,56.502877],[-133.133832,56.495993],[-133.121944,56.494474],[-133.127865,56.485666],[-133.125675,56.477412],[-133.154315,56.459688],[-133.191155,56.448064],[-133.204347,56.44767],[-133.227877,56.45647],[-133.225025,56.467566],[-133.236196,56.459951],[-133.2337,56.453712],[-133.245822,56.456273],[-133.250575,56.460541],[-133.238929,56.467763],[-133.247129,56.470192],[-133.255804,56.465269],[-133.258062,56.468092],[-133.249625,56.472162],[-133.254259,56.476822],[-133.264955,56.477478],[-133.283138,56.46993],[-133.291694,56.473146],[-133.288366,56.477675],[-133.304172,56.480103],[-133.311778,56.478331],[-133.310352,56.472424],[-133.327584,56.466976],[-133.349331,56.470127],[-133.358007,56.473671],[-133.358034,56.489021],[-133.372966,56.495745],[-133.397589,56.502061],[-133.4068,56.495236],[-133.424562,56.497276],[-133.404057,56.513342],[-133.425495,56.535003],[-133.439855,56.5356],[-133.438461,56.546319],[-133.446014,56.553316],[-133.442826,56.566917],[-133.448672,56.583266],[-133.429592,56.586604],[-133.423437,56.593689],[-133.431989,56.630391],[-133.441307,56.637626],[-133.472097,56.641952],[-133.484867,56.653749],[-133.485627,56.674035],[-133.512298,56.68525],[-133.502089,56.696724],[-133.462705,56.696652],[-133.445792,56.705627],[-133.46965,56.706046],[-133.474631,56.712177],[-133.509352,56.712954],[-133.579378,56.757841]]],[[[-133.588201,57.499379],[-133.579169,57.502827],[-133.57085,57.501294],[-133.578931,57.496952],[-133.588201,57.499379]]],[[[-133.649522,57.767468],[-133.611018,57.760622],[-133.597708,57.74997],[-133.624804,57.753521],[-133.649522,57.767468]]],[[[-133.675266,57.633327],[-133.66598,57.635328],[-133.665362,57.639399],[-133.674077,57.642284],[-133.672853,57.658357],[-133.648444,57.675214],[-133.652552,57.680175],[-133.648237,57.694349],[-133.654989,57.708473],[-133.652137,57.716217],[-133.629082,57.708346],[-133.621001,57.715202],[-133.585824,57.712282],[-133.579644,57.716725],[-133.584873,57.729798],[-133.577981,57.737411],[-133.577743,57.723326],[-133.529494,57.68777],[-133.482433,57.674936],[-133.472926,57.675571],[-133.475778,57.682433],[-133.398265,57.661615],[-133.334121,57.635643],[-133.222649,57.602166],[-133.1744,57.581402],[-133.116644,57.532823],[-133.071247,57.51036],[-133.056274,57.508317],[-133.059363,57.525167],[-133.098818,57.54137],[-133.178916,57.607769],[-133.232394,57.631826],[-133.256638,57.650526],[-133.281356,57.661461],[-133.328417,57.663114],[-133.376904,57.686626],[-133.423727,57.722437],[-133.469491,57.731566],[-133.500497,57.743501],[-133.525453,57.761763],[-133.58012,57.760368],[-133.596232742641,57.7722942554883],[-133.550984,57.773932],[-133.548967,57.782736],[-133.53114,57.795881],[-133.522931,57.808195],[-133.493048,57.824726],[-133.426511,57.805556],[-133.418768,57.784564],[-133.41043,57.781933],[-133.396225,57.785595],[-133.352734,57.772295],[-133.32213,57.7761],[-133.279877,57.794768],[-133.274409,57.785016],[-133.283286,57.77211],[-133.280011,57.766994],[-133.224876,57.771897],[-133.21876,57.756988],[-133.190177,57.752233],[-133.19174,57.744688],[-133.187448,57.74108],[-133.132984,57.742142],[-133.131467,57.730551],[-133.127396,57.729488],[-133.10393,57.726968],[-133.068752,57.742414],[-133.050051,57.721527],[-133.004812,57.715935],[-132.97733,57.721498],[-132.950878,57.745755],[-132.923671,57.73234],[-132.922869,57.72815],[-132.89744,57.729181],[-132.881619,57.722646],[-132.871898,57.712796],[-132.891894,57.702268],[-132.898714,57.685528],[-132.86291,57.682367],[-132.840996,57.663106],[-132.846473,57.655421],[-132.880589,57.640479],[-132.878491,57.628567],[-132.88826,57.606077],[-132.858395,57.606389],[-132.854862,57.598681],[-132.829049,57.58841],[-132.827503,57.58066],[-132.817178,57.57703],[-132.78949,57.576395],[-132.781294,57.581958],[-132.749661,57.583257],[-132.721833,57.576216],[-132.655474,57.58308],[-132.650196,57.590916],[-132.656018,57.603681],[-132.652456,57.607357],[-132.553685,57.496514],[-132.362984,57.342011],[-132.247921,57.211253],[-132.368983,57.091513],[-132.045191,57.045059],[-132.115937175857,56.890336734821],[-132.160186,56.903305],[-132.215746,56.891606],[-132.23887,56.8778],[-132.235824,56.869657],[-132.242331,56.858213],[-132.261002,56.855484],[-132.268234,56.8479],[-132.278977,56.845298],[-132.284118,56.817195],[-132.298498,56.810679],[-132.296899,56.805768],[-132.304431,56.798336],[-132.346219,56.782806],[-132.346387,56.772641],[-132.401076,56.778918],[-132.41343,56.772784],[-132.431507,56.773193],[-132.439835,56.770301],[-132.449679,56.753291],[-132.473029,56.72979],[-132.493737,56.728341],[-132.532842,56.713697],[-132.557622,56.715473],[-132.554056,56.725255],[-132.566653,56.738553],[-132.540957,56.735884],[-132.528387,56.74859],[-132.530526,56.754193],[-132.575685,56.759665],[-132.621795,56.778682],[-132.643662,56.781417],[-132.697853,56.80836],[-132.789122,56.843345],[-132.802669,56.864008],[-132.797678,56.865567],[-132.799342,56.876869],[-132.815742,56.891152],[-132.857336,56.905431],[-132.884907,56.92126],[-132.905345,56.955929],[-132.925074,56.972855],[-132.953358,56.984771],[-132.953121,56.993576],[-132.892388,56.993016],[-132.878014,57.000437],[-132.860188,57.001214],[-132.852107,57.004579],[-132.855887,57.01635],[-132.846878,57.024119],[-132.821208,57.002897],[-132.826913,56.991116],[-132.812414,56.982958],[-132.819545,56.979849],[-132.815979,56.973632],[-132.810988,56.970652],[-132.787933,56.975575],[-132.791498,56.991763],[-132.797916,56.997719],[-132.790548,57.007039],[-132.83642,57.061357],[-132.813127,57.076346],[-132.81693,57.080609],[-132.812177,57.094169],[-132.824774,57.107466],[-132.852344,57.078154],[-132.870408,57.077896],[-132.867556,57.071566],[-132.873973,57.067819],[-132.874449,57.062004],[-132.864941,57.045975],[-132.870646,57.042872],[-132.87231,57.030845],[-132.892988,57.024507],[-132.905109,57.025671],[-132.927689,57.043389],[-132.98592,57.053473],[-132.980929,57.044165],[-132.990674,57.040157],[-132.999249,57.01203],[-133.009213,57.054119],[-133.029416,57.056317],[-133.054135,57.066268],[-133.079091,57.082934],[-133.100244,57.080996],[-133.114981,57.088487],[-133.157525,57.085646],[-133.18676,57.089778],[-133.208626,57.116758],[-133.205537,57.124629],[-133.192226,57.127854],[-133.198881,57.137915],[-133.261629,57.135529],[-133.272887,57.115537],[-133.295379,57.107143],[-133.315345,57.10624],[-133.322237,57.112306],[-133.362167,57.120694],[-133.360028,57.123403],[-133.370962,57.130112],[-133.420161,57.137722],[-133.42539,57.144944],[-133.46437,57.150101],[-133.469599,57.159769],[-133.495981,57.164538],[-133.508103,57.174589],[-133.574415,57.184766],[-133.568535,57.189895],[-133.52466,57.195286],[-133.50548,57.207146],[-133.506439,57.216181],[-133.497407,57.221972],[-133.513213,57.247002],[-133.534033,57.260684],[-133.512381,57.262226],[-133.51452,57.266982],[-133.53142,57.270692],[-133.530207,57.275334],[-133.507152,57.280859],[-133.493842,57.277262],[-133.487187,57.285355],[-133.501923,57.291521],[-133.488851,57.291777],[-133.500022,57.300253],[-133.522601,57.305646],[-133.498833,57.302821],[-133.47589,57.307982],[-133.450867,57.300298],[-133.442436,57.289978],[-133.425948,57.285995],[-133.398057,57.288695],[-133.363831,57.284328],[-133.348144,57.28908],[-133.348382,57.295887],[-133.330081,57.299611],[-133.30964,57.291135],[-133.271136,57.288695],[-133.267809,57.294603],[-133.248557,57.293704],[-133.229304,57.306416],[-133.214331,57.304105],[-133.189612,57.311294],[-133.190325,57.325283],[-133.198881,57.330287],[-133.238574,57.321305],[-133.300371,57.335932],[-133.356701,57.332725],[-133.395918,57.338241],[-133.452486,57.354528],[-133.466275,57.36312],[-133.475998,57.380394],[-133.471738,57.387208],[-133.449158,57.398479],[-133.421587,57.401424],[-133.422063,57.412434],[-133.447199,57.411577],[-133.442979,57.418706],[-133.44488,57.425617],[-133.462343,57.420037],[-133.483146,57.439051],[-133.505726,57.449155],[-133.506914,57.459001],[-133.521888,57.468333],[-133.524027,57.475873],[-133.515946,57.478045],[-133.527355,57.492227],[-133.523453,57.512809],[-133.513332,57.519423],[-133.516749,57.543911],[-133.488197,57.551387],[-133.478086,57.56173],[-133.48481,57.566746],[-133.481221,57.57147],[-133.46532,57.574776],[-133.462231,57.576942],[-133.465083,57.581657],[-133.487662,57.582931],[-133.5699,57.562157],[-133.618707,57.57824],[-133.622189,57.590321],[-133.64049,57.604713],[-133.663504,57.614842],[-133.675266,57.633327]]]]}},{"type":"Feature","properties":{"GEOID":"02090","NAME":"Fairbanks North Star","state":"AK","wildfire_risk_score":97.615,"wildfire_eal_total":12689658.54,"risk_band":"High","source":"FEMA National Risk Index v1.20 (December 2025)"},"geometry":{"type":"Polygon","coordinates":[[[-148.663265,64.59079],[-148.648208,64.597334],[-148.648241,64.863447],[-148.661161,64.863447],[-148.661199,65.209875],[-147.557771,65.209895],[-147.492378,65.235516],[-147.400535,65.250583],[-147.35022,65.263146],[-147.329809,65.2734],[-147.279115,65.279762],[-147.215588,65.276576],[-147.153069,65.288079],[-147.136814,65.284793],[-147.119625,65.272475],[-147.087059,65.282031],[-147.043121,65.28086],[-147.031282,65.289947],[-147.008504,65.278405],[-146.979606,65.282083],[-146.929895,65.268754],[-146.905237,65.272901],[-146.903099,65.283377],[-146.896404,65.284778],[-146.839041,65.288159],[-146.820673,65.296513],[-146.793029,65.294518],[-146.783606,65.306249],[-146.761646,65.304176],[-146.739643,65.310107],[-146.724678,65.303713],[-146.718676,65.308639],[-146.724798,65.31385],[-146.718475,65.318609],[-146.689371,65.320188],[-146.664189,65.330468],[-146.63381,65.333488],[-146.617463,65.342328],[-146.583652,65.339326],[-146.548654,65.345003],[-146.528644,65.358823],[-146.523631,65.368858],[-146.487809,65.385827],[-146.488113,65.389449],[-146.508026,65.39626],[-146.507848,65.412925],[-146.526829,65.41512],[-146.528414,65.422676],[-146.508383,65.433109],[-146.490375,65.426266],[-146.464966,65.434454],[-146.443491,65.434732],[-146.431258,65.431009],[-146.419818,65.418951],[-146.39704,65.418421],[-146.371333,65.424272],[-146.364269,65.431232],[-146.309733,65.427711],[-146.286354,65.440129],[-146.242985,65.440154],[-146.198886,65.453523],[-146.17244,65.44921],[-146.164033,65.435044],[-146.167244,65.426526],[-146.119222,65.415407],[-146.115536,65.408683],[-146.119349,65.403987],[-146.053269,65.401756],[-146.035287,65.407788],[-145.998472,65.409753],[-145.98704,65.408443],[-145.975266,65.399183],[-145.97331,65.394132],[-145.978274,65.388282],[-146.006109,65.373034],[-146.007899,65.359434],[-146.051851,65.356723],[-146.138999,65.315193],[-146.134518,65.306325],[-146.10866,65.302778],[-146.11062,65.29895],[-146.102685,65.291109],[-146.10754,65.284574],[-146.129103,65.27804],[-146.078134,65.264131],[-146.074027,65.26161],[-146.079908,65.247981],[-146.042568,65.2393],[-146.018764,65.228191],[-145.989423,65.226887],[-145.949873,65.205483],[-145.889568,65.205787],[-145.878301,65.215356],[-145.834585,65.204574],[-145.817222,65.194212],[-145.803909,65.196462],[-145.781562,65.189078],[-145.771849,65.19092],[-145.73106,65.182636],[-145.689426,65.189078],[-145.67729,65.184877],[-145.679344,65.175448],[-145.666347,65.166481],[-145.675703,65.159859],[-145.634443,65.155098],[-145.634163,65.146417],[-145.628001,65.142589],[-145.633882,65.136802],[-145.670756,65.129147],[-145.67561,65.115891],[-145.750514,65.09945],[-145.758927,65.088702],[-145.778697,65.080003],[-145.770631,65.070356],[-145.710278,65.077473],[-145.676077,65.071923],[-145.677103,65.065856],[-145.685692,65.061282],[-145.65918,65.051387],[-145.65862,65.041025],[-145.650312,65.034303],[-145.628001,65.040278],[-145.615213,65.037571],[-145.585714,65.047466],[-145.523263,65.048026],[-145.520763,65.06581],[-145.491711,65.07071],[-145.484803,65.063429],[-145.440742,65.066696],[-145.437584,65.069131],[-145.441208,65.072857],[-145.431082,65.076249],[-145.424312,65.085179],[-145.39556,65.085833],[-145.367555,65.076778],[-145.372503,65.069496],[-145.361581,65.066229],[-145.349715,65.069949],[-145.324614,65.066696],[-145.302677,65.07183],[-145.291195,65.067536],[-145.225944,65.069216],[-145.143609,65.100955],[-145.137261,65.095914],[-145.086292,65.098341],[-145.082652,65.105156],[-145.02482,65.118977],[-145.022254,65.124013],[-145.010874,65.124527],[-144.983514,65.136988],[-144.94132,65.126346],[-144.915835,65.125786],[-144.898709,65.138291],[-144.877548,65.136264],[-144.849359,65.123879],[-144.850348,65.118754],[-144.825897,65.120704],[-144.752801,65.099451],[-144.71041,65.093882],[-144.707962,65.105603],[-144.684887,65.106143],[-144.666577,65.098075],[-144.611737,65.087658],[-144.595291,65.078157],[-144.564759,65.077436],[-144.540051,65.068059],[-144.497667,65.081695],[-144.467069,65.072195],[-144.45673,65.059154],[-144.443678,65.058436],[-144.420493,65.073168],[-144.367078,65.082554],[-144.365187,65.086409],[-144.338978,65.086806],[-144.329936,65.095717],[-144.331377,65.107707],[-144.323449,65.111572],[-144.299342,65.110836],[-144.282631,65.116486],[-144.268896,65.111778],[-144.244695,65.118714],[-144.216652,65.111376],[-144.19112,65.118581],[-144.157357,65.11435],[-144.146611,65.107969],[-144.137203,65.109523],[-144.128462,65.119697],[-144.091182,65.112359],[-144.056718,65.118911],[-144.012207,65.110706],[-143.982419,65.120128],[-143.93284,65.108863],[-143.928823,65.102203],[-143.914234,65.102715],[-143.899667,65.093161],[-143.88408,65.091068],[-143.895736,65.087854],[-143.903729,65.074488],[-143.922075,65.065839],[-143.921094,65.05878],[-143.961059,65.047887],[-143.989626,65.049132],[-144.025138,65.042514],[-144.047087,65.031966],[-144.055146,65.015455],[-144.085547,65.021614],[-144.100099,65.019541],[-144.089669,65.008607],[-144.095375,65.004906],[-144.094458,65.000451],[-144.057592,64.990965],[-144.04938,64.984136],[-144.01174,64.980687],[-143.986949,64.967243],[-144.000502,64.955242],[-143.998255,64.948916],[-144.011833,64.937905],[-144.030103,64.936626],[-144.087381,64.915865],[-144.051935,64.900795],[-144.056708,64.892184],[-144.078012,64.876684],[-144.066631,64.862187],[-144.104744,64.849231],[-144.088692,64.843531],[-144.080895,64.833178],[-144.084433,64.826299],[-144.076711,64.820998],[-144.127807,64.799108],[-144.118634,64.791049],[-144.091157,64.789405],[-144.073884,64.780107],[-144.035293,64.777225],[-144.029069,64.772311],[-144.029789,64.767593],[-144.072377,64.751017],[-144.100813,64.747872],[-144.103303,64.745513],[-144.095375,64.741713],[-144.118896,64.720353],[-144.109265,64.710787],[-144.073663,64.709857],[-144.060255,64.70456],[-144.06078,64.696176],[-144.074802,64.688838],[-144.05584,64.667747],[-144.072511,64.654082],[-144.089937,64.652213],[-144.104744,64.656602],[-144.129576,64.649461],[-144.15062,64.656139],[-144.190117,64.641074],[-144.22217,64.649708],[-144.295859,64.642771],[-144.31598,64.645136],[-144.314516,64.634209],[-144.327429,64.627766],[-144.315214,64.622344],[-144.319405,64.617763],[-144.414459,64.593917],[-144.449379,64.591672],[-144.460096,64.58326],[-144.511701,64.592423],[-144.546741,64.590624],[-144.552526,64.600645],[-144.601319,64.595407],[-144.621161,64.598242],[-144.641675,64.587942],[-144.672081,64.582893],[-144.689705,64.588658],[-144.731048,64.586889],[-144.748084,64.592786],[-144.788378,64.580272],[-144.798044,64.568296],[-144.825659,64.566382],[-144.943594,64.577606],[-144.985331,64.568609],[-144.990706,64.559461],[-145.002366,64.555309],[-145.016453,64.542008],[-145.039254,64.541943],[-145.038599,64.529101],[-145.062606,64.522787],[-145.082787,64.507349],[-145.146215,64.504574],[-145.158369,64.499224],[-145.20746,64.508435],[-145.233193,64.497324],[-145.270016,64.490923],[-145.302542,64.496911],[-145.317202,64.491226],[-145.378188,64.485727],[-145.372357,64.468298],[-145.365497,64.465033],[-145.374083,64.455243],[-145.418116,64.450931],[-145.434667,64.444403],[-145.450465,64.448505],[-145.467033,64.435014],[-145.479783,64.435049],[-145.498089,64.423155],[-145.528935,64.418069],[-145.558086,64.424132],[-145.618122,64.4263],[-145.624346,64.431018],[-145.620218,64.434752],[-145.635007,64.439879],[-145.682921,64.444646],[-145.70148,64.451206],[-145.702781,64.456647],[-145.715419,64.452312],[-145.742413,64.464236],[-145.749882,64.450149],[-145.758596,64.448773],[-145.765252,64.440465],[-145.804135,64.430929],[-145.867407,64.431195],[-145.925934,64.424531],[-145.929538,64.418896],[-145.923248,64.41241],[-145.96957,64.401403],[-145.977674,64.391775],[-146.003772,64.381091],[-146.041904,64.37716],[-146.07355,64.387054],[-146.121707,64.38725],[-146.138118,64.381285],[-146.157592,64.38273],[-146.175565,64.371919],[-146.192993,64.374408],[-146.206202,64.366559],[-146.218677,64.368184],[-146.242919,64.355473],[-146.220917,64.342524],[-146.228653,64.337342],[-146.232329,64.310792],[-146.301932,64.301123],[-146.323738,64.288403],[-146.335145,64.289183],[-146.335621,64.283442],[-146.344673,64.276364],[-146.486446,64.281768],[-146.595395,64.262358],[-146.655165,64.257212],[-147.773779,64.258163],[-147.791433,64.261762],[-147.820465,64.281204],[-147.883485,64.292818],[-147.89231,64.297256],[-147.894299,64.306324],[-147.925255,64.312313],[-147.93108,64.322026],[-147.972783,64.328488],[-148.00322,64.346628],[-148.041753,64.342885],[-148.065183,64.348905],[-148.06978,64.355165],[-148.108554,64.36221],[-148.104557,64.377612],[-148.121372,64.37936],[-148.116146,64.383545],[-148.143463,64.390705],[-148.152806,64.399337],[-148.176111,64.400924],[-148.175752,64.4101],[-148.190973,64.411812],[-148.186424,64.416331],[-148.188964,64.419782],[-148.223706,64.435332],[-148.21095,64.448838],[-148.219131,64.45152],[-148.215352,64.455784],[-148.228051,64.455741],[-148.223001,64.460291],[-148.237535,64.463686],[-148.231693,64.46929],[-148.248948,64.481923],[-148.240863,64.484855],[-148.270857,64.491769],[-148.298082,64.487396],[-148.304398,64.497121],[-148.319995,64.499469],[-148.317989,64.504926],[-148.326247,64.505596],[-148.326961,64.512186],[-148.350763,64.516259],[-148.350771,64.522018],[-148.370873,64.525928],[-148.379049,64.522361],[-148.403117,64.531297],[-148.393343,64.534602],[-148.413125,64.543767],[-148.420106,64.561438],[-148.444636,64.566311],[-148.424918,64.574854],[-148.457524,64.589764],[-148.516984,64.603575],[-148.550742,64.617208],[-148.577778,64.610324],[-148.59596,64.616268],[-148.606834,64.613108],[-148.634696,64.597967],[-148.62826,64.592704],[-148.635631,64.587539],[-148.648207,64.585371],[-148.663265,64.59079]]]}},{"type":"Feature","properties":{"GEOID":"02110","NAME":"Juneau","state":"AK","wildfire_risk_score":19.529,"wildfire_eal_total":8413.95,"risk_band":"Moderate","source":"FEMA National Risk Index v1.20 (December 2025)"},"geometry":{"type":"MultiPolygon","coordinates":[[[[-134.108482,58.099835],[-134.106343,58.098579],[-134.106440633448,58.0961179694938],[-134.110652391365,58.0998349999999],[-134.108482,58.099835]]],[[[-134.669316,58.333266],[-134.661953,58.336217],[-134.663824,58.342291],[-134.652277,58.343975],[-134.656679,58.333777],[-134.669316,58.333266]]],[[[-134.706009,58.354765],[-134.696264,58.36262],[-134.690559,58.347781],[-134.694838,58.346908],[-134.706009,58.354765]]],[[[-134.747603,58.341544],[-134.73144,58.331688],[-134.733104,58.329317],[-134.746414,58.335681],[-134.747603,58.341544]]],[[[-134.777264,58.102543],[-134.769438,58.122903],[-134.772728,58.166496],[-134.761226,58.169238],[-134.755289,58.175112],[-134.755431,58.186801],[-134.742951,58.189098],[-134.709574631708,58.228625866098],[-134.712543,58.198659],[-134.69852,58.17761],[-134.702799,58.16658],[-134.690677,58.158932],[-134.636724,58.163195],[-134.61153,58.169965],[-134.610816,58.1736],[-134.590614,58.173098],[-134.585147,58.177234],[-134.594892,58.182247],[-134.591327,58.184628],[-134.574451,58.175856],[-134.565657,58.17924],[-134.570886,58.190892],[-134.558765,58.195402],[-134.516458,58.175605],[-134.420435,58.169965],[-134.369572,58.14915],[-134.354122,58.150655],[-134.333682,58.142753],[-134.320372,58.144007],[-134.308726,58.151784],[-134.275926,58.149526],[-134.265706,58.157929],[-134.23148,58.157553],[-134.205097,58.166705],[-134.179865986418,58.1601751679654],[-134.417764,58.114875],[-134.422567,58.107571],[-134.447593,58.0983],[-134.510551,58.092777],[-134.538413,58.098172],[-134.54769,58.085331],[-134.56728,58.078576],[-134.560217,58.069368],[-134.551336,58.066516],[-134.556973,58.055592],[-134.577773,58.054116],[-134.588093,58.059695],[-134.628462,58.060992],[-134.673117,58.029599],[-134.678847,58.033889],[-134.697766,58.032036],[-134.723416,58.057129],[-134.77058212274,58.0855934632216],[-134.763882,58.100075],[-134.776890447861,58.09914448234],[-134.777264,58.102543]]],[[[-134.923802,58.47732],[-134.921218,58.485469],[-134.910423,58.484209],[-134.898761,58.473342],[-134.894361,58.460818],[-134.862031,58.439992],[-134.80876,58.374725],[-134.843031,58.37351],[-134.868489,58.409013],[-134.895932,58.436415],[-134.895244,58.452401],[-134.912684,58.459263],[-134.923802,58.47732]]],[[[-134.935726,58.577584],[-134.90459,58.565997],[-134.895202,58.556079],[-134.908868,58.551987],[-134.923842,58.570521],[-134.935726,58.577584]]],[[[-134.994908,58.463274],[-134.98445,58.462777],[-134.978508,58.454447],[-134.99372,58.458923],[-134.994908,58.463274]]],[[[-135.030462,58.516712],[-135.028197,58.520177],[-135.02193,58.517878],[-134.996239,58.502473],[-134.968645,58.500984],[-134.971735,58.496265],[-134.968882,58.486825],[-134.943688,58.479246],[-134.938222,58.473529],[-134.956048,58.469925],[-134.996929,58.48024],[-135.025688,58.505455],[-135.030462,58.516712]]],[[[-135.043619,58.533697],[-135.038217,58.53314],[-135.027545,58.524217],[-135.036933,58.525673],[-135.043619,58.533697]]],[[[-135.176694,58.947008],[-135.17293,58.953115],[-135.174277469019,58.9708871720045],[-134.313738613705,58.9622004044939],[-134.336464,58.923414],[-134.258074,58.861036],[-133.972218,58.767272],[-133.840507,58.729444],[-133.707118,58.612274],[-133.557805,58.523131],[-133.377303,58.430548],[-133.461504,58.387723],[-133.345432,58.276332],[-133.26998,58.227105],[-133.172311,58.153676],[-133.570890646389,57.88120080167],[-133.580357,57.907402],[-133.575366,57.916997],[-133.58321,57.926969],[-133.588439,57.926717],[-133.605076,57.909548],[-133.600323,57.897172],[-133.605551,57.87961],[-133.600367,57.866717],[-133.603588,57.860466],[-133.615059,57.860396],[-133.635499,57.874049],[-133.644293,57.886434],[-133.647858,57.885044],[-133.652612,57.873291],[-133.64976,57.864821],[-133.626903224251,57.8427281549172],[-133.700482023686,57.7921884684468],[-133.711081,57.795346],[-133.725104,57.804845],[-133.746005,57.830548],[-133.745069,57.841551],[-133.752438,57.844334],[-133.759093,57.855338],[-133.771214,57.85989],[-133.782148,57.879231],[-133.791179,57.882264],[-133.806866,57.901087],[-133.849173,57.933784],[-133.850362,57.941985],[-133.846083,57.94312],[-133.852976,57.947157],[-133.849411,57.955607],[-133.831823,57.960903],[-133.830397,57.96935],[-133.760519,57.995687],[-133.747446,57.977291],[-133.746733,57.967585],[-133.737939,57.963929],[-133.725817,57.949049],[-133.704426,57.944382],[-133.691592,57.946778],[-133.691116,57.958129],[-133.706637,57.977732],[-133.701574,57.984222],[-133.730096,58.014577],[-133.760089,58.028817],[-133.758142,58.042138],[-133.762182,58.05132],[-133.769313,58.056854],[-133.810431,58.045409],[-133.804965,58.038615],[-133.807579,58.023137],[-133.785475,58.009918],[-133.845846,57.987624],[-133.850837,57.991278],[-133.887677,57.97351],[-133.926894,57.9846],[-133.968251,58.016339],[-133.97657,58.016213],[-133.98988,58.027164],[-133.988691,58.030562],[-134.002714,58.034337],[-134.028621,58.059243],[-134.052627,58.061758],[-134.052152,58.072821],[-134.070691,58.102347],[-134.068789,58.115155],[-134.081862,58.121055],[-134.082575,58.125448],[-134.079247,58.12959],[-134.06665,58.129966],[-134.064273,58.134985],[-134.07592,58.143391],[-134.077583,58.165087],[-134.086378,58.171355],[-134.088517,58.186895],[-134.082337,58.19128],[-134.07996,58.20368],[-134.085427,58.213572],[-134.055955,58.225714],[-134.054291,58.231221],[-134.058807,58.262616],[-134.081149,58.27974],[-134.00414,58.293234],[-133.99083,58.300853],[-133.987503,58.310469],[-133.966825,58.317834],[-134.003903,58.341669],[-133.992494,58.352021],[-133.99701,58.355014],[-133.994871,58.363244],[-134.010082,58.375958],[-134.01745,58.394024],[-134.01341,58.403987],[-134.024581,58.406602],[-134.040505,58.401995],[-134.041218,58.387795],[-134.055717,58.357134],[-134.057856,58.333185],[-134.095172,58.321704],[-134.111594,58.310481],[-134.143658,58.30385],[-134.136053,58.298355],[-134.1496,58.281865],[-134.14556,58.271117],[-134.109195,58.254488],[-134.102777,58.248735],[-134.101589,58.236601],[-134.131299,58.232347],[-134.141519,58.219956],[-134.147461,58.200674],[-134.185015,58.208438],[-134.255368,58.197793],[-134.264637,58.191655],[-134.322394,58.194537],[-134.404868,58.21908],[-134.426022,58.219581],[-134.460248,58.229594],[-134.487343,58.228968],[-134.506876,58.216513],[-134.589562,58.230195],[-134.610224,58.242106],[-134.631203,58.247446],[-134.632566,58.253363],[-134.655858,58.273367],[-134.670357,58.279365],[-134.689846,58.301103],[-134.686044,58.306598],[-134.673684,58.307472],[-134.671545,58.312466],[-134.651342,58.318708],[-134.603569,58.325698],[-134.608322,58.341045],[-134.635451,58.341562],[-134.649842,58.348943],[-134.643861,58.350495],[-134.643042,58.355655],[-134.645876,58.385179],[-134.688658,58.381565],[-134.692474,58.372963],[-134.71178,58.378109],[-134.730184,58.374091],[-134.774858,58.391399],[-134.776932,58.394485],[-134.753897,58.391896],[-134.748027,58.39625],[-134.769806,58.411629],[-134.767568,58.419923],[-134.757585,58.412081],[-134.759011,58.42403],[-134.760913,58.429008],[-134.768043,58.427764],[-134.788279,58.473689],[-134.78373,58.472659],[-134.782304,58.477382],[-134.796327,58.491421],[-134.787295,58.494775],[-134.82675,58.513649],[-134.84119,58.513946],[-134.828533,58.528977],[-134.831147,58.532947],[-134.85539,58.542127],[-134.893538,58.576407],[-134.907918,58.595671],[-134.941722,58.612099],[-134.945233,58.626496],[-134.954326,58.62871],[-134.962954,58.640077],[-134.96092,58.643444],[-134.968516,58.647403],[-134.990501,58.676344],[-134.980648,58.681146],[-134.951175,58.676821],[-134.936963,58.681698],[-134.920515,58.680528],[-134.945292,58.701923],[-134.947671,58.71501],[-134.942143,58.721028],[-134.944374,58.724904],[-134.929784,58.733243],[-134.938712,58.741889],[-134.930022,58.752729],[-134.935726,58.781321],[-134.95474,58.783785],[-134.963535,58.794869],[-134.989204,58.808289],[-134.960682,58.83007],[-134.994675,58.82725],[-135.002525,58.80956],[-135.002008,58.799804],[-134.99372,58.794253],[-135.007262,58.790704],[-135.004416,58.777723],[-135.024969,58.790054],[-135.034012,58.789806],[-135.02462,58.778868],[-135.025131,58.768449],[-135.016982,58.761221],[-135.019944,58.755032],[-135.03356,58.751682],[-135.021528,58.73349],[-135.026271,58.732883],[-135.055279,58.759016],[-135.065737,58.763084],[-135.070015,58.775654],[-135.08285,58.786864],[-135.080948,58.789697],[-135.137433,58.829819],[-135.147974,58.84446],[-135.154089,58.855994],[-135.141794,58.866341],[-135.142983,58.882927],[-135.150826,58.894594],[-135.148212,58.899383],[-135.1711,58.928458],[-135.176694,58.947008]]]]}},{"type":"Feature","properties":{"GEOID":"02013","NAME":"Aleutians East","state":"AK","wildfire_risk_score":0.064,"wildfire_eal_total":6.32,"risk_band":"Low","source":"FEMA National Risk Index v1.20 (December 2025)"},"geometry":{"type":"MultiPolygon","coordinates":[[[[-159.33375,55.062736],[-159.297623,55.060422],[-159.291205,55.053615],[-159.296672,55.048986],[-159.306417,55.050484],[-159.33375,55.062736]]],[[[-159.342782,54.900569],[-159.330898,54.907811],[-159.305704,54.909451],[-159.301901,54.914096],[-159.311884,54.917648],[-159.308556,54.921746],[-159.286689,54.917648],[-159.281461,54.927756],[-159.325194,54.927892],[-159.280985,54.950011],[-159.266249,54.941411],[-159.271003,54.934857],[-159.263159,54.925297],[-159.24058,54.922429],[-159.218713,54.930351],[-159.207067,54.928302],[-159.199461,54.910817],[-159.212771,54.892368],[-159.233687,54.877739],[-159.260069,54.867208],[-159.290017,54.862831],[-159.31022,54.868576],[-159.31426,54.87897],[-159.324481,54.884302],[-159.324243,54.892231],[-159.342782,54.900569]]],[[[-159.428109,55.071038],[-159.410521,55.071038],[-159.398161,55.071854],[-159.411947,55.061102],[-159.428109,55.071038]]],[[[-159.480874,55.020246],[-159.464236,55.024061],[-159.462097,55.026377],[-159.468039,55.029101],[-159.45568,55.034278],[-159.455917,55.044629],[-159.434051,55.049803],[-159.45877,55.064505],[-159.411471,55.05416],[-159.373918,55.063008],[-159.34397,55.058516],[-159.346585,55.053751],[-159.338741,55.043267],[-159.346585,55.033324],[-159.382712,55.045718],[-159.389129,55.042722],[-159.385564,55.036593],[-159.395784,55.025151],[-159.388416,55.021608],[-159.376532,55.024061],[-159.359895,55.013977],[-159.368451,55.00689],[-159.341118,54.998984],[-159.328521,54.977438],[-159.350863,54.970617],[-159.368927,54.971435],[-159.375344,54.964614],[-159.370115,54.959838],[-159.410758,54.951376],[-159.426921,54.94182],[-159.456868,54.941547],[-159.457819,54.948782],[-159.437854,54.955607],[-159.439042,54.961612],[-159.45259,54.971572],[-159.439993,54.982621],[-159.444271,54.988485],[-159.418839,54.977574],[-159.398637,54.976892],[-159.401251,54.987667],[-159.397448,54.994212],[-159.412422,54.996257],[-159.421929,55.003755],[-159.421692,55.026104],[-159.401726,55.03169],[-159.411471,55.037002],[-159.429297,55.037819],[-159.453778,55.016703],[-159.473268,55.010706],[-159.480874,55.020246]]],[[[-159.496798,55.079678],[-159.481468,55.08342],[-159.471842,55.082059],[-159.489906,55.078862],[-159.496798,55.079678]]],[[[-159.605299,54.814788],[-159.596267,54.816295],[-159.595317,54.823963],[-159.586047,54.824511],[-159.590325,54.831904],[-159.585096,54.832726],[-159.578441,54.824922],[-159.550871,54.813008],[-159.533758,54.796432],[-159.51094,54.789443],[-159.509752,54.77231],[-159.520923,54.758323],[-159.548494,54.752425],[-159.556575,54.756814],[-159.59603,54.757363],[-159.595554,54.763397],[-159.58058,54.773818],[-159.587473,54.777656],[-159.586522,54.786428],[-159.59698,54.791636],[-159.58985,54.797391],[-159.601021,54.802734],[-159.605299,54.814788]]],[[[-159.656995,55.123804],[-159.651053,55.133996],[-159.637029,55.134268],[-159.631325,55.129104],[-159.614925,55.127066],[-159.588543,55.107492],[-159.555981,55.10083],[-159.552653,55.103957],[-159.55503,55.110619],[-159.588305,55.127338],[-159.580462,55.13617],[-159.589969,55.139023],[-159.579511,55.145679],[-159.544097,55.141468],[-159.536491,55.149347],[-159.54885,55.155187],[-159.595673,55.159803],[-159.599001,55.1689],[-159.606131,55.171615],[-159.570004,55.161976],[-159.562873,55.165099],[-159.567152,55.169307],[-159.562636,55.174601],[-159.576183,55.17718],[-159.573331,55.186951],[-159.586879,55.212046],[-159.572856,55.218012],[-159.560734,55.204723],[-159.547662,55.207706],[-159.536966,55.215707],[-159.538392,55.225333],[-159.529123,55.226689],[-159.532688,55.232788],[-159.529598,55.24092],[-159.523656,55.251217],[-159.517714,55.252436],[-159.520566,55.243359],[-159.505355,55.235905],[-159.506781,55.22208],[-159.515337,55.20635],[-159.537917,55.200111],[-159.541482,55.192514],[-159.52841,55.19075],[-159.536016,55.175687],[-159.530074,55.165913],[-159.515813,55.166999],[-159.519378,55.172701],[-159.503216,55.176637],[-159.499175,55.1708],[-159.504642,55.165234],[-159.49252,55.156952],[-159.522943,55.153149],[-159.526033,55.144593],[-159.511772,55.149754],[-159.494422,55.137257],[-159.509871,55.130871],[-159.513674,55.123804],[-159.5315,55.129648],[-159.543384,55.126522],[-159.521517,55.116873],[-159.520804,55.10722],[-159.530074,55.106133],[-159.524607,55.09403],[-159.532688,55.083692],[-159.516288,55.073215],[-159.522943,55.065594],[-159.513911,55.06083],[-159.506068,55.065594],[-159.491332,55.064505],[-159.493709,55.058924],[-159.484201,55.056474],[-159.492282,55.04776],[-159.512248,55.042313],[-159.51819,55.051573],[-159.535302,55.054568],[-159.550514,55.080019],[-159.565488,55.086821],[-159.577609,55.081379],[-159.570004,55.045582],[-159.585691,55.043267],[-159.607082,55.052117],[-159.626809,55.052526],[-159.639882,55.046263],[-159.635603,55.035912],[-159.650577,55.047488],[-159.64725,55.057019],[-159.653905,55.059877],[-159.652954,55.065866],[-159.642734,55.071174],[-159.644635,55.081243],[-159.635366,55.085188],[-159.604943,55.083692],[-159.594009,55.091854],[-159.628948,55.103821],[-159.633464,55.109668],[-159.630137,55.114154],[-159.656995,55.123804]]],[[[-159.668641,55.184101],[-159.662223,55.190072],[-159.652241,55.183694],[-159.647725,55.171072],[-159.666977,55.176637],[-159.668641,55.184101]]],[[[-159.755394,55.094166],[-159.751829,55.09539],[-159.752779,55.102869],[-159.73424,55.1079],[-159.73733,55.114018],[-159.727585,55.127474],[-159.719267,55.130327],[-159.709284,55.125571],[-159.707145,55.117824],[-159.712136,55.115105],[-159.711661,55.107492],[-159.720455,55.102733],[-159.713087,55.095526],[-159.715939,55.09335],[-159.733765,55.087501],[-159.753968,55.089677],[-159.755394,55.094166]]],[[[-159.822301,54.816569],[-159.799959,54.818623],[-159.790689,54.82766],[-159.772626,54.82232],[-159.762168,54.826976],[-159.755037,54.836969],[-159.739351,54.84217],[-159.693716,54.834368],[-159.715583,54.825333],[-159.70251,54.815473],[-159.751235,54.816295],[-159.7548,54.81424],[-159.753611,54.804789],[-159.773339,54.80246],[-159.773101,54.792047],[-159.788075,54.796569],[-159.799721,54.794514],[-159.812794,54.810269],[-159.823965,54.813556],[-159.822301,54.816569]]],[[[-159.827886,55.073351],[-159.818379,55.080291],[-159.816953,55.088453],[-159.790571,55.092806],[-159.767991,55.085188],[-159.766803,55.072399],[-159.752542,55.067908],[-159.76609,55.0626],[-159.772269,55.068724],[-159.779875,55.068724],[-159.781539,55.064505],[-159.80293,55.06083],[-159.816478,55.06818],[-159.827649,55.066547],[-159.827886,55.073351]]],[[[-159.857596,55.044084],[-159.842385,55.057019],[-159.841196,55.046263],[-159.826936,55.038773],[-159.821469,55.02842],[-159.811249,55.026377],[-159.820756,55.022426],[-159.811962,55.01425],[-159.830738,55.010843],[-159.845475,55.023788],[-159.847851,55.037138],[-159.858785,55.040271],[-159.857596,55.044084]]],[[[-160.057485,54.951444],[-160.042036,54.947963],[-160.034786,54.933969],[-160.046314,54.932604],[-160.054514,54.938953],[-160.057485,54.951444]]],[[[-160.065121,55.500924],[-160.061794,55.512634],[-160.040165,55.518555],[-160.042304,55.50577],[-160.065121,55.500924]]],[[[-160.112717,55.333515],[-160.087021,55.343033],[-160.062271,55.343033],[-160.046097,55.330662],[-160.027054,55.323997],[-160.028961,55.31353],[-160.038483,55.306866],[-160.069885,55.307819],[-160.104156,55.31353],[-160.112717,55.333515]]],[[[-160.203183,54.977847],[-160.191536,54.984394],[-160.173354,54.979484],[-160.18607,54.976005],[-160.203183,54.977847]]],[[[-160.257017,54.903575],[-160.249887,54.904258],[-160.253214,54.908768],[-160.247747,54.910544],[-160.256066,54.916624],[-160.245846,54.928439],[-160.253689,54.933013],[-160.240498,54.931716],[-160.228139,54.939499],[-160.212452,54.939158],[-160.193438,54.931375],[-160.185594,54.935198],[-160.173591,54.947827],[-160.189516,54.965432],[-160.161707,54.974709],[-160.134968,55.011592],[-160.104664,55.022834],[-160.114171,55.030259],[-160.080777,55.037274],[-160.093493,55.051777],[-160.134612,55.04422],[-160.174186,55.051981],[-160.174899,55.064777],[-160.167174,55.073011],[-160.153032,55.070017],[-160.137345,55.074712],[-160.117737,55.063552],[-160.1112,55.068316],[-160.114885,55.07893],[-160.12558,55.088385],[-160.189754,55.102529],[-160.194745,55.110959],[-160.187733,55.118368],[-160.156122,55.121154],[-160.06723,55.085869],[-160.057128,55.087637],[-160.058198,55.09505],[-160.08458,55.100898],[-160.10098,55.119931],[-160.122371,55.134268],[-160.128432,55.145747],[-160.106922,55.160618],[-160.094325,55.15118],[-160.075905,55.147038],[-160.064615,55.135151],[-160.056296,55.132841],[-160.054276,55.112523],[-160.02314,55.115989],[-160.017079,55.109124],[-160.01803,55.103345],[-160.012445,55.101238],[-159.969543,55.120882],[-159.969306,55.124212],[-159.991172,55.118436],[-160.01292,55.121154],[-159.998778,55.134064],[-160.018862,55.144049],[-159.998897,55.153625],[-160.018387,55.156748],[-160.027656,55.167067],[-160.035024,55.165506],[-160.036807,55.169375],[-160.029557,55.171004],[-160.038114,55.173176],[-160.050949,55.186001],[-160.04667,55.193396],[-160.060456,55.200314],[-160.027537,55.204112],[-160.005433,55.197194],[-159.994262,55.18573],[-159.970851,55.176298],[-159.965503,55.161365],[-159.952668,55.161229],[-159.946845,55.170054],[-159.963245,55.200043],[-159.965146,55.214622],[-159.928306,55.206757],[-159.920581,55.214487],[-159.931039,55.221537],[-159.909648,55.225401],[-159.930564,55.230484],[-159.927949,55.235363],[-159.937932,55.239903],[-159.944349,55.251081],[-159.925929,55.247152],[-159.919868,55.249794],[-159.918323,55.256771],[-159.908222,55.25589],[-159.912976,55.261241],[-159.900854,55.267403],[-159.8879,55.285206],[-159.890039,55.288251],[-159.878393,55.290349],[-159.871857,55.284529],[-159.864608,55.285071],[-159.867341,55.279994],[-159.850228,55.268554],[-159.849159,55.255755],[-159.840959,55.244917],[-159.852843,55.23001],[-159.861043,55.226689],[-159.867579,55.23184],[-159.905608,55.226892],[-159.905251,55.221063],[-159.893724,55.217673],[-159.900141,55.211504],[-159.878869,55.20696],[-159.892179,55.199161],[-159.896457,55.18668],[-159.892297,55.180369],[-159.902755,55.172769],[-159.895506,55.157495],[-159.912381,55.147513],[-159.905251,55.14371],[-159.884454,55.144796],[-159.883028,55.130259],[-159.876016,55.129444],[-159.860567,55.150637],[-159.861043,55.175008],[-159.847614,55.180098],[-159.811962,55.180098],[-159.81006,55.172701],[-159.825509,55.16571],[-159.812794,55.160075],[-159.830976,55.14826],[-159.830263,55.144864],[-159.819092,55.144593],[-159.826817,55.127949],[-159.841315,55.125775],[-159.859616,55.130056],[-159.846663,55.109328],[-159.866866,55.094846],[-159.888257,55.103141],[-159.88588,55.106813],[-159.900022,55.107084],[-159.90537,55.111775],[-159.914758,55.109192],[-159.912857,55.113202],[-159.920581,55.115989],[-159.924384,55.124688],[-159.934723,55.129376],[-159.944825,55.127881],[-159.948509,55.125096],[-159.944112,55.107832],[-159.946964,55.10151],[-159.958372,55.09947],[-159.971445,55.105861],[-159.974535,55.100082],[-159.958372,55.086005],[-159.941854,55.090425],[-159.92997,55.066887],[-159.954807,55.064777],[-159.999134,55.075597],[-160.005908,55.073487],[-160.010662,55.06505],[-159.996995,55.060013],[-159.999372,55.056746],[-159.989152,55.046603],[-160.025042,55.024742],[-160.031221,55.030396],[-160.046195,55.027467],[-160.043581,55.022426],[-160.048215,55.018406],[-160.043937,55.013773],[-160.051305,55.005254],[-160.11334,54.984053],[-160.112032,54.977983],[-160.12356,54.966387],[-160.121777,54.947759],[-160.175849,54.938202],[-160.185357,54.93158],[-160.181435,54.915667],[-160.184644,54.910885],[-160.180128,54.90337],[-160.20544,54.889566],[-160.201994,54.882251],[-160.191536,54.878423],[-160.226475,54.864473],[-160.22493,54.871654],[-160.231704,54.874867],[-160.230872,54.884507],[-160.252145,54.89476],[-160.249174,54.898109],[-160.257017,54.903575]]],[[[-160.321854,55.360559],[-160.317477,55.360819],[-160.316061,55.358841],[-160.320584,55.357685],[-160.321854,55.360559]]],[[[-160.346472,55.425641],[-160.323237,55.444633],[-160.260565,55.463674],[-160.255916,55.45975],[-160.21178,55.455862],[-160.223829,55.447889],[-160.20838,55.439935],[-160.19816,55.440475],[-160.18176,55.452742],[-160.178432,55.450316],[-160.182473,55.442767],[-160.176768,55.4398],[-160.144682,55.449911],[-160.135412,55.44762],[-160.155377,55.423618],[-160.15609,55.415928],[-160.142305,55.40176],[-160.151812,55.395012],[-160.142241,55.389077],[-160.147993,55.377576],[-160.20361,55.391739],[-160.215426,55.399662],[-160.212896,55.405674],[-160.250449,55.414714],[-160.266906,55.412515],[-160.282061,55.394607],[-160.321132,55.393677],[-160.348015,55.418792],[-160.346472,55.425641]]],[[[-160.406163,55.547688],[-160.385841,55.549772],[-160.36029,55.543855],[-160.377047,55.534845],[-160.384653,55.54446],[-160.406163,55.547688]]],[[[-160.521883,55.281521],[-160.52047,55.282212],[-160.516326,55.279206],[-160.521149,55.278674],[-160.521883,55.281521]]],[[[-160.528272099319,55.3200045671723],[-160.509796,55.322815],[-160.496486,55.332956],[-160.502665,55.33566],[-160.502903,55.348906],[-160.490306,55.355122],[-160.491494,55.3585],[-160.467726,55.357149],[-160.460358,55.347149],[-160.441344,55.341878],[-160.433738,55.346203],[-160.432074,55.33931],[-160.427083,55.337958],[-160.409732,55.340797],[-160.361959,55.362147],[-160.360057,55.3585],[-160.332724,55.359445],[-160.324405,55.350798],[-160.351501,55.337553],[-160.351501,55.332145],[-160.333675,55.340121],[-160.324405,55.335525],[-160.317275,55.338364],[-160.315849,55.334173],[-160.322029,55.332956],[-160.322504,55.326737],[-160.315849,55.310372],[-160.307768,55.303202],[-160.314423,55.29779],[-160.314423,55.289535],[-160.324643,55.284392],[-160.321791,55.276811],[-160.33106,55.259884],[-160.327495,55.254737],[-160.337715,55.242679],[-160.341994,55.254737],[-160.379547,55.25853],[-160.384301,55.263677],[-160.377408,55.26977],[-160.389054,55.28737],[-160.411872,55.288723],[-160.418289,55.284257],[-160.416625,55.279383],[-160.428747,55.287234],[-160.431837,55.296843],[-160.441344,55.298467],[-160.472242,55.2894],[-160.517164,55.30929],[-160.528272099319,55.3200045671723]]],[[[-160.623169,55.342148],[-160.617702,55.3435],[-160.616514,55.341067],[-160.620317,55.33931],[-160.623169,55.342148]]],[[[-160.819272,56.024266],[-160.805662,56.022643],[-160.802085,56.020739],[-160.810994,56.019429],[-160.819272,56.024266]]],[[[-160.865721,55.32126],[-160.840765,55.325047],[-160.839933,55.341067],[-160.825434,55.350933],[-160.823771,55.358094],[-160.800716,55.380786],[-160.785504,55.388212],[-160.751278,55.393342],[-160.729649,55.407243],[-160.705525,55.399551],[-160.69067,55.402385],[-160.666902,55.398471],[-160.648601,55.387334],[-160.646343,55.380651],[-160.651809,55.367753],[-160.645035,55.357824],[-160.651215,55.345122],[-160.661673,55.337688],[-160.667853,55.321734],[-160.677597,55.327954],[-160.698989,55.321869],[-160.683064,55.305367],[-160.666427,55.301985],[-160.641708,55.312401],[-160.642183,55.319976],[-160.62412,55.323492],[-160.621505,55.331199],[-160.597499,55.327007],[-160.600114,55.341473],[-160.616514,55.351338],[-160.577059,55.380381],[-160.572305,55.389157],[-160.533326,55.384162],[-160.520491,55.377545],[-160.523343,55.369577],[-160.518114,55.357284],[-160.527146,55.354987],[-160.526909,55.342284],[-160.53499,55.343365],[-160.566839,55.331199],[-160.579436,55.305638],[-160.563036,55.280602],[-160.56874,55.275457],[-160.549488,55.262729],[-160.533564,55.262322],[-160.526433,55.246067],[-160.534752,55.239427],[-160.563274,55.239834],[-160.568027,55.232922],[-160.55852,55.228314],[-160.532851,55.230347],[-160.494346,55.22384],[-160.496723,55.207026],[-160.489117,55.194412],[-160.472955,55.190477],[-160.460596,55.193191],[-160.457031,55.18817],[-160.469152,55.1803],[-160.484126,55.182064],[-160.486265,55.176771],[-160.518827,55.188035],[-160.542358,55.186406],[-160.547824,55.18125],[-160.544021,55.1765],[-160.536178,55.180978],[-160.51859,55.175821],[-160.507894,55.177993],[-160.508607,55.172835],[-160.495297,55.166047],[-160.496961,55.157493],[-160.51241,55.1469],[-160.52168,55.133451],[-160.536416,55.131345],[-160.539981,55.135964],[-160.532375,55.141942],[-160.54212,55.159734],[-160.565175,55.156882],[-160.571117,55.146968],[-160.587517,55.146289],[-160.584902,55.159055],[-160.612949,55.147783],[-160.625308,55.156067],[-160.627685,55.164757],[-160.646699,55.162042],[-160.65478,55.16788],[-160.667853,55.166794],[-160.674745,55.171409],[-160.683539,55.193801],[-160.689957,55.196786],[-160.756507,55.194751],[-160.767916,55.18471],[-160.766014,55.17711],[-160.777661,55.169238],[-160.767678,55.159462],[-160.785029,55.160005],[-160.794536,55.133111],[-160.817829,55.124278],[-160.813788,55.143708],[-160.817591,55.149413],[-160.805707,55.156475],[-160.806658,55.166115],[-160.819968,55.175753],[-160.818779,55.18756],[-160.84017,55.20411],[-160.852054,55.206281],[-160.850153,55.2174],[-160.834704,55.240918],[-160.834585,55.252096],[-160.859541,55.274103],[-160.836249,55.298805],[-160.849796,55.315377],[-160.865721,55.32126]]],[[[-160.935347,55.897156],[-160.914276,55.907013],[-160.888049,55.906483],[-160.856437,55.91341],[-160.832194,55.933919],[-160.818171,55.953352],[-160.811041,55.94723],[-160.818171,55.934052],[-160.80101,55.902256],[-160.832907,55.911279],[-160.938437,55.89609],[-160.935347,55.897156]]],[[[-161.020681,56.010071],[-160.989231,56.022155],[-160.932922,56.024026],[-160.925244,56.022733],[-160.924533,56.018733],[-160.930593,56.014283],[-160.951421,56.020012],[-160.976498,56.019684],[-160.992498,56.016637],[-161.015688,56.003165],[-161.020681,56.010071]]],[[[-161.253966,55.351358],[-161.252302,55.353723],[-161.248499,55.353182],[-161.251827,55.349263],[-161.253966,55.351358]]],[[[-161.443502,55.20118],[-161.42601,55.216564],[-161.399353,55.224178],[-161.37505,55.215556],[-161.351044,55.222742],[-161.32988,55.219418],[-161.327989,55.215556],[-161.341775,55.215556],[-161.347479,55.206741],[-161.32871,55.189295],[-161.327484,55.173804],[-161.332918,55.162248],[-161.344147,55.158504],[-161.412603,55.180557],[-161.411652,55.187071],[-161.436133,55.19182],[-161.444215,55.196975],[-161.443502,55.20118]]],[[[-161.610961,55.072009],[-161.60395,55.072825],[-161.591828,55.090239],[-161.597176,55.101052],[-161.606326,55.105607],[-161.611318,55.116891],[-161.607158,55.11757],[-161.552611,55.087723],[-161.548095,55.082758],[-161.551541,55.068334],[-161.545718,55.066633],[-161.582581,55.058224],[-161.610961,55.072009]]],[[[-161.664558,55.512309],[-161.653506,55.523276],[-161.64281,55.514462],[-161.650535,55.508271],[-161.660517,55.507665],[-161.664558,55.512309]]],[[[-161.695456,55.209352],[-161.683691,55.2324],[-161.660517,55.243512],[-161.608109,55.240396],[-161.535379,55.259159],[-161.527847,55.250828],[-161.547976,55.236533],[-161.539063,55.230434],[-161.554869,55.227113],[-161.55273,55.217556],[-161.562593,55.204741],[-161.587193,55.212471],[-161.615834,55.203384],[-161.629025,55.194228],[-161.6705,55.202977],[-161.687137,55.199111],[-161.695456,55.209352]]],[[[-161.901848,55.143234],[-161.893443,55.149365],[-161.899148,55.155069],[-161.896533,55.164506],[-161.873954,55.160976],[-161.859099,55.166882],[-161.859218,55.17299],[-161.82,55.182084],[-161.791122,55.169732],[-161.763195,55.169054],[-161.751786,55.157853],[-161.725166,55.158599],[-161.719105,55.153507],[-161.731702,55.154797],[-161.736337,55.150451],[-161.728375,55.139788],[-161.702824,55.139449],[-161.68274,55.131229],[-161.641114,55.126599],[-161.637938,55.124502],[-161.642572,55.119473],[-161.633323,55.106553],[-161.674778,55.094864],[-161.682503,55.085683],[-161.678462,55.078404],[-161.684404,55.069695],[-161.6951,55.078472],[-161.709242,55.080377],[-161.714114,55.065816],[-161.733128,55.060644],[-161.738357,55.05302],[-161.764169,55.059509],[-161.775435,55.071668],[-161.798847,55.082009],[-161.790858,55.100698],[-161.76367,55.113424],[-161.757609,55.121716],[-161.761175,55.126676],[-161.754401,55.129394],[-161.757134,55.135577],[-161.763314,55.132044],[-161.768192,55.137352],[-161.756896,55.140468],[-161.758204,55.143796],[-161.769493,55.153303],[-161.779129,55.154553],[-161.780783,55.161722],[-161.812513,55.156766],[-161.790053,55.145969],[-161.796351,55.137683],[-161.793499,55.131229],[-161.804195,55.122667],[-161.816079,55.099012],[-161.823447,55.09908],[-161.817861,55.106695],[-161.820595,55.111861],[-161.844363,55.123958],[-161.866586,55.128103],[-161.890235,55.125929],[-161.887501,55.130074],[-161.901848,55.143234]]],[[[-161.913412,55.020149],[-161.913769,55.026621],[-161.901528,55.024509],[-161.863774,55.000213],[-161.864213,54.992888],[-161.873363,54.983683],[-161.884653,54.982796],[-161.881207,54.990365],[-161.900102,55.009247],[-161.914244,55.014971],[-161.913412,55.020149]]],[[[-161.925059,55.110591],[-161.90361,55.116947],[-161.896894,55.108687],[-161.877879,55.109095],[-161.861598,55.101141],[-161.869204,55.096585],[-161.866946,55.089445],[-161.882514,55.085432],[-161.925059,55.110591]]],[[[-161.966653,55.078289],[-161.951894,55.073751],[-161.952392,55.061142],[-161.937228,55.054352],[-161.92836,55.041756],[-161.941681,55.036995],[-161.952526,55.050586],[-161.952867,55.057875],[-161.964038,55.063728],[-161.966653,55.078289]]],[[[-162.178017,54.842534],[-162.175391,54.842309],[-162.170242,54.83978],[-162.175003,54.838056],[-162.178017,54.842534]]],[[[-162.380531,54.633133],[-162.377304,54.64612],[-162.364963,54.649363],[-162.360209,54.6451],[-162.363299,54.625497],[-162.376219,54.621956],[-162.372755,54.628118],[-162.380531,54.633133]]],[[[-162.435832,54.954145],[-162.425731,54.955578],[-162.416937,54.950869],[-162.424543,54.944181],[-162.435832,54.954145]]],[[[-162.435473,54.929249],[-162.397922,54.934896],[-162.36845,54.953531],[-162.363221,54.960082],[-162.365954,54.965472],[-162.323885,54.983887],[-162.30903,54.981569],[-162.300355,54.986274],[-162.294888,54.980205],[-162.250086,54.972771],[-162.233923,54.955919],[-162.231547,54.941041],[-162.239057,54.92604],[-162.233234,54.916],[-162.23264,54.888532],[-162.235492,54.881628],[-162.248564,54.880534],[-162.271239,54.860135],[-162.274329,54.842689],[-162.315804,54.828384],[-162.345395,54.837282],[-162.353476,54.852405],[-162.371065,54.861571],[-162.391644,54.86183],[-162.386989,54.865949],[-162.399111,54.879146],[-162.417769,54.875522],[-162.413966,54.881607],[-162.426087,54.88318],[-162.41563,54.891656],[-162.424067,54.901086],[-162.422879,54.921717],[-162.43405,54.924244],[-162.435473,54.929249]]],[[[-162.481916,54.412181],[-162.472177,54.41867],[-162.445604,54.412565],[-162.441082,54.406694],[-162.404106,54.407868],[-162.411829,54.402704],[-162.405004,54.38435],[-162.365241,54.38709],[-162.363614,54.383054],[-162.379931,54.376689],[-162.384839,54.367841],[-162.399824,54.377781],[-162.432713,54.371866],[-162.461867,54.388827],[-162.481916,54.412181]]],[[[-162.517275,54.37394],[-162.490639,54.375569],[-162.453368,54.363295],[-162.494521,54.364023],[-162.514242,54.368429],[-162.517275,54.37394]]],[[[-162.727769,54.803063],[-162.722541,54.80231],[-162.721827,54.800597],[-162.726581,54.800666],[-162.727769,54.803063]]],[[[-162.848312,55.292253],[-162.839756,55.291576],[-162.843083,55.289546],[-162.839518,55.284741],[-162.848312,55.292253]]],[[[-162.860122,54.424282],[-162.846287,54.423112],[-162.842247,54.426845],[-162.844148,54.432514],[-162.834879,54.440255],[-162.835354,54.453108],[-162.82965,54.454766],[-162.829887,54.46043],[-162.809685,54.464851],[-162.83369,54.478387],[-162.835116,54.48681],[-162.829174,54.494679],[-162.823232,54.487362],[-162.799702,54.49178],[-162.706532,54.469824],[-162.698213,54.462641],[-162.670167,54.461121],[-162.671117,54.446613],[-162.659233,54.447027],[-162.654955,54.454489],[-162.644497,54.457944],[-162.634277,54.456009],[-162.64212,54.44758],[-162.630236,54.444678],[-162.617639,54.455318],[-162.58484,54.451173],[-162.581274,54.448409],[-162.596486,54.448962],[-162.604567,54.441913],[-162.584364,54.430163],[-162.57866,54.432928],[-162.561547,54.428366],[-162.556556,54.425186],[-162.561309,54.422697],[-162.558457,54.416612],[-162.53564,54.419931],[-162.518527,54.414399],[-162.517101,54.407621],[-162.554417,54.410249],[-162.561547,54.406515],[-162.554004,54.400413],[-162.554647,54.393609],[-162.536399,54.385365],[-162.540095,54.379985],[-162.570801,54.389424],[-162.594298,54.389592],[-162.607478,54.39913],[-162.618773,54.391154],[-162.605871,54.384822],[-162.612901,54.382686],[-162.634752,54.395308],[-162.653291,54.390049],[-162.652119,54.38366],[-162.6119,54.372574],[-162.613129,54.369823],[-162.664729,54.382424],[-162.663521,54.389532],[-162.670637,54.395317],[-162.690453,54.39529],[-162.696714,54.388671],[-162.719842,54.400981],[-162.731726,54.401119],[-162.774508,54.386589],[-162.765146,54.372448],[-162.782946,54.376257],[-162.785204,54.383267],[-162.810018,54.392097],[-162.812537,54.400704],[-162.860122,54.424282]]],[[[-162.873625,55.34895],[-162.737197,55.402834],[-162.708438,55.411605],[-162.677777,55.414304],[-162.692038,55.406478],[-162.728641,55.401485],[-162.750507,55.390281],[-162.797568,55.377184],[-162.876715,55.34395],[-162.873625,55.34895]]],[[[-162.895386,54.902009],[-162.887305,54.906655],[-162.874946,54.896815],[-162.885879,54.893808],[-162.895386,54.902009]]],[[[-162.924964,55.235305],[-162.914387,55.238218],[-162.902741,55.234966],[-162.920686,55.232391],[-162.924964,55.235305]]],[[[-162.981532,55.257897],[-162.915457,55.317315],[-162.898344,55.32002],[-162.915695,55.311093],[-162.939225,55.281188],[-162.949445,55.278074],[-162.969886,55.261012],[-162.96941,55.254782],[-162.980819,55.252208],[-162.981532,55.257897]]],[[[-163.174192,55.416625],[-163.17021,55.41795],[-163.169111,55.430263],[-163.133958,55.435015],[-163.11693,55.424886],[-163.117342,55.402515],[-163.138489,55.395653],[-163.160597,55.402827],[-163.174192,55.416625]]],[[[-163.422428,55.066045],[-163.356828,55.087952],[-163.201148,55.16134],[-163.145531,55.175866],[-163.114632,55.177223],[-163.098233,55.18428],[-163.001972,55.247602],[-162.986998,55.241098],[-162.995555,55.240556],[-162.995793,55.233644],[-163.001497,55.232696],[-163.007914,55.238659],[-163.023363,55.228629],[-163.009103,55.223885],[-163.012192,55.216835],[-163.043804,55.207207],[-163.084447,55.176273],[-163.070186,55.170165],[-163.033821,55.1684],[-162.99294,55.17858],[-162.978204,55.171929],[-162.974164,55.175458],[-162.955625,55.162426],[-162.933758,55.162155],[-162.933474,55.17675],[-162.891214,55.182651],[-162.867921,55.180209],[-162.86388,55.201374],[-162.856275,55.212224],[-162.858889,55.215343],[-162.843915,55.222529],[-162.847956,55.236897],[-162.857225,55.245434],[-162.868159,55.246789],[-162.883608,55.234457],[-162.909753,55.244079],[-162.910703,55.249498],[-162.88955,55.260335],[-162.899295,55.26995],[-162.872199,55.272388],[-162.852709,55.280511],[-162.844391,55.26995],[-162.846767,55.267513],[-162.839162,55.265211],[-162.823237,55.279022],[-162.824663,55.285384],[-162.8066,55.29594],[-162.811828,55.3023],[-162.798043,55.310958],[-162.766194,55.315151],[-162.757162,55.308388],[-162.735294,55.30779],[-162.712003,55.321372],[-162.708438,55.329215],[-162.692751,55.335569],[-162.685858,55.345437],[-162.70416,55.351383],[-162.702496,55.35395],[-162.680154,55.352329],[-162.666606,55.358679],[-162.64165,55.392576],[-162.647354,55.377589],[-162.640461,55.368271],[-162.601579,55.362152],[-162.574862,55.347869],[-162.535882,55.358544],[-162.51259,55.374213],[-162.512443,55.379341],[-162.506735,55.381567],[-162.510926,55.385961],[-162.495355,55.389369],[-162.501537,55.39792],[-162.502485,55.410721],[-162.51531,55.414579],[-162.520671,55.423489],[-162.506172,55.445187],[-162.502819,55.460314],[-162.542153,55.461173],[-162.556525,55.451501],[-162.583357,55.445491],[-162.591262,55.452736],[-162.514967,55.496113],[-162.384005,55.589843],[-162.257033,55.693373],[-162.214202,55.713361],[-162.146626,55.733348],[-162.057671,55.788796],[-161.994507,55.797825],[-161.934497,55.819351],[-161.802403,55.894624],[-161.66027,55.916074],[-161.577272,55.938382],[-161.347246,55.973174],[-161.176592,56.010529],[-161.095543,56.015312],[-161.082471,56.011061],[-161.192517,56.003087],[-161.274991,55.98461],[-161.285212,55.971179],[-161.279983,55.958674],[-161.246261,55.958083],[-161.226971,55.952783],[-161.193847,55.961539],[-161.140296,55.953128],[-161.131738,55.95755],[-161.135393,55.964519],[-161.128105,55.968918],[-161.126917,55.962133],[-161.10101,55.964395],[-161.099821,55.952686],[-161.077004,55.943503],[-161.047057,55.943903],[-161.024715,55.95415],[-161.023289,55.96506],[-160.999521,55.964661],[-160.960779,55.973041],[-160.951272,55.979823],[-160.944854,55.995512],[-160.938675,55.994448],[-160.942187,55.988475],[-160.936773,55.985275],[-160.922275,55.984876],[-160.910197,55.992004],[-160.891198,55.993981],[-160.907372,55.995951],[-160.90326,55.999366],[-160.87664,55.999765],[-160.863974,55.993981],[-160.860953,55.981153],[-160.865469,55.955081],[-160.848356,55.945766],[-160.847406,55.941107],[-160.856296,55.9354],[-160.854536,55.930324],[-160.865707,55.931389],[-160.892174,55.95321],[-160.946756,55.946964],[-160.978605,55.936714],[-161.003086,55.922734],[-161.013781,55.915142],[-161.023764,55.897022],[-161.013835,55.890177],[-161.0057,55.874761],[-160.966008,55.866893],[-160.951272,55.86836],[-160.931069,55.884494],[-160.931544,55.872494],[-160.952935,55.853154],[-160.953886,55.825394],[-160.939388,55.81164],[-160.918234,55.803493],[-160.902785,55.804027],[-160.90017,55.80937],[-160.897625,55.801114],[-160.872837,55.786791],[-160.859527,55.769815],[-160.794165,55.726338],[-160.777528,55.729015],[-160.784896,55.739721],[-160.777674,55.750521],[-160.731036,55.745468],[-160.702935,55.732982],[-160.702506,55.71742],[-160.68538,55.69595],[-160.669859,55.697417],[-160.66463,55.702372],[-160.664868,55.711077],[-160.673899,55.714424],[-160.682218,55.729149],[-160.659662,55.72409],[-160.653826,55.728251],[-160.651557,55.73932],[-160.698989,55.756707],[-160.690062,55.757245],[-160.688635,55.767408],[-160.754948,55.777702],[-160.752809,55.782381],[-160.762079,55.786123],[-160.752096,55.805096],[-160.757916,55.810574],[-160.751145,55.821522],[-160.758038,55.82486],[-160.766832,55.854622],[-160.794403,55.876361],[-160.793215,55.88596],[-160.756612,55.881294],[-160.697591,55.862396],[-160.651082,55.857557],[-160.531767,55.862625],[-160.52939,55.870894],[-160.518932,55.86716],[-160.520121,55.862225],[-160.515842,55.860358],[-160.494678,55.864193],[-160.47924,55.846883],[-160.459037,55.838076],[-160.469495,55.828732],[-160.475804,55.812989],[-160.472109,55.79521],[-160.461889,55.787593],[-160.449767,55.78492],[-160.433605,55.79227],[-160.432654,55.802424],[-160.409619,55.808539],[-160.392487,55.804732],[-160.382504,55.79227],[-160.381791,55.782514],[-160.368006,55.781579],[-160.365153,55.777034],[-160.322609,55.780777],[-160.280532,55.765803],[-160.25178,55.767809],[-160.244412,55.780509],[-160.252731,55.78345],[-160.259624,55.776098],[-160.265342,55.777242],[-160.26893,55.784278],[-160.29171,55.796546],[-160.29076,55.805764],[-160.318806,55.817516],[-160.316904,55.823125],[-160.2948,55.823792],[-160.266107,55.832499],[-160.263664,55.829132],[-160.222546,55.832069],[-160.242003,55.8435],[-160.243699,55.85222],[-160.255108,55.857957],[-160.292186,55.853154],[-160.305971,55.863559],[-160.323084,55.861025],[-160.329597,55.868599],[-160.355171,55.876894],[-160.36444,55.885427],[-160.390823,55.891558],[-160.418156,55.909814],[-160.47615,55.918871],[-160.480428,55.925264],[-160.506573,55.936182],[-160.515842,55.948028],[-160.553871,55.934584],[-160.534073,55.956144],[-160.526502,55.980626],[-160.55197,55.991789],[-160.570895,55.988929],[-160.582393,55.976632],[-160.586909,55.97969],[-160.568356,56.004062],[-160.499918,56.063509],[-160.46379,56.104091],[-160.450243,56.124233],[-160.448817,56.140392],[-160.396527,56.227166],[-160.350355,56.283504],[-160.246551,56.33114],[-160.208383,56.358022],[-160.196329,56.37255],[-160.146252,56.400176],[-160.088732,56.408409],[-160.060448,56.417219],[-159.942796,56.473315],[-159.815162,56.547676],[-159.548486,56.621237],[-159.479321,56.647512],[-159.388765,56.690479],[-159.357391,56.693089],[-159.300348,56.713966],[-159.252931,56.724367],[-159.033077,56.807931],[-158.943255,56.858157],[-158.893471,56.8802645164557],[-158.893481293768,56.8723331119733],[-158.934678,56.859551],[-158.947037,56.852859],[-158.950008,56.844281],[-158.926597,56.820745],[-158.893549949186,56.8074500598134],[-158.893607,56.754404],[-159.051094,56.754401],[-159.051089,56.667687],[-159.275932,56.667682],[-159.275928,56.580967],[-159.588041,56.580961],[-159.588036,56.494245],[-159.900149,56.494239],[-159.900133,56.320803],[-159.806389,56.320805],[-159.806406,55.973919],[-159.86797,55.973918],[-159.867971,55.887193],[-159.56136,55.887197],[-159.56106517785,55.6387559791569],[-159.568341,55.642971],[-159.581414,55.642032],[-159.599002,55.627744],[-159.600666,55.617209],[-159.611837,55.6109],[-159.608628,55.60506],[-159.622414,55.58955],[-159.619086,55.577459],[-159.599002,55.570002],[-159.595793,55.564828],[-159.606489,55.565298],[-159.631683,55.581624],[-159.655926,55.579743],[-159.661631,55.584244],[-159.692767,55.57148],[-159.734004,55.568994],[-159.72117,55.580751],[-159.7201,55.592907],[-159.696926,55.602241],[-159.705126,55.608551],[-159.740184,55.599488],[-159.747195,55.601972],[-159.730914,55.613518],[-159.678744,55.619155],[-159.670544,55.615464],[-159.658066,55.618283],[-159.629425,55.608685],[-159.631445,55.61627],[-159.638457,55.618149],[-159.63917,55.626939],[-159.615759,55.632709],[-159.616709,55.645654],[-159.640358,55.645252],[-159.647251,55.654908],[-159.663532,55.65303],[-159.671613,55.657925],[-159.691816,55.654103],[-159.707622,55.658863],[-159.688489,55.666773],[-159.685399,55.671867],[-159.692291,55.675954],[-159.671019,55.681784],[-159.671732,55.688885],[-159.628474,55.699803],[-159.628474,55.70891],[-159.65557,55.71219],[-159.658541,55.717747],[-159.668248,55.71886],[-159.663789,55.72351],[-159.665434,55.731333],[-159.6791,55.739763],[-159.660205,55.766849],[-159.64737,55.771061],[-159.644723,55.782782],[-159.626573,55.803268],[-159.609222,55.804337],[-159.606251,55.810481],[-159.663057,55.835515],[-159.725567,55.850528],[-159.779045,55.850595],[-159.820995,55.856198],[-159.859143,55.844323],[-159.855934,55.834314],[-159.843931,55.83111],[-159.853201,55.820296],[-159.846427,55.802266],[-159.860688,55.788103],[-159.873166,55.783826],[-159.899905,55.785898],[-159.94649,55.815956],[-159.959681,55.819962],[-159.972991,55.814821],[-159.961701,55.796187],[-159.969426,55.774202],[-160.001156,55.797122],[-160.032173,55.787234],[-160.034313,55.78396],[-160.028727,55.779416],[-160.044414,55.773935],[-160.05095,55.766849],[-160.049881,55.760364],[-160.021121,55.747323],[-160.013159,55.735415],[-160.018269,55.719353],[-160.061765,55.722432],[-160.081373,55.728924],[-160.093019,55.722231],[-160.080541,55.70824],[-160.058377,55.701509],[-160.055466,55.696387],[-160.097417,55.706566],[-160.111915,55.705763],[-160.121541,55.727719],[-160.145071,55.740031],[-160.152915,55.738693],[-160.133782,55.724172],[-160.140555,55.698397],[-160.124631,55.673073],[-160.126889,55.664695],[-160.134382,55.662171],[-160.156242,55.661679],[-160.16872,55.667108],[-160.179034,55.659718],[-160.213404,55.655176],[-160.239193,55.666505],[-160.255355,55.659802],[-160.258445,55.653768],[-160.24252,55.643106],[-160.271279,55.647666],[-160.279479,55.638679],[-160.332601,55.642636],[-160.409252,55.66436],[-160.421612,55.661075],[-160.431768,55.650094],[-160.433022,55.639979],[-160.387624,55.628147],[-160.356844,55.612578],[-160.355418,55.60788],[-160.36697,55.603276],[-160.39,55.60506],[-160.415907,55.580415],[-160.445261,55.574369],[-160.446806,55.568389],[-160.431832,55.566037],[-160.447875,55.565432],[-160.443359,55.55152],[-160.449777,55.540897],[-160.459878,55.537871],[-160.465186,55.527361],[-160.45762,55.513587],[-160.460472,55.507329],[-160.476635,55.489289],[-160.489588,55.487134],[-160.503374,55.476359],[-160.537481,55.474743],[-160.555782,55.523612],[-160.583115,55.549906],[-160.580083,55.564385],[-160.597005,55.57682],[-160.589532,55.593142],[-160.595279,55.598683],[-160.573846,55.60751],[-160.595237,55.608719],[-160.61975,55.600633],[-160.609866,55.595732],[-160.617698,55.594462],[-160.622655,55.587303],[-160.611363,55.579315],[-160.648596,55.549301],[-160.668644,55.544907],[-160.716929,55.558342],[-160.757929,55.551856],[-160.77112,55.54325],[-160.77005,55.530607],[-160.759949,55.52711],[-160.717404,55.526841],[-160.691726,55.519944],[-160.662144,55.519239],[-160.649276,55.504059],[-160.649995,55.483278],[-160.669631,55.460865],[-160.773378,55.452846],[-160.797859,55.456418],[-160.837789,55.472116],[-160.843407,55.489782],[-160.824003,55.507396],[-160.827093,55.513251],[-160.854426,55.523881],[-160.907904,55.524755],[-160.946527,55.507598],[-160.959362,55.486528],[-160.985745,55.465716],[-160.982892,55.457429],[-160.997335,55.440265],[-161.132036,55.391877],[-161.183851,55.383439],[-161.203103,55.370812],[-161.242082,55.356155],[-161.270247,55.35325],[-161.271554,55.357033],[-161.283484,55.354428],[-161.304117,55.360073],[-161.332519,55.35879],[-161.32016,55.361762],[-161.31398,55.372906],[-161.328479,55.382358],[-161.34785,55.383911],[-161.404774,55.374796],[-161.420461,55.368583],[-161.417727,55.365342],[-161.436861,55.365882],[-161.453855,55.357574],[-161.503886,55.360884],[-161.516483,55.372771],[-161.515533,55.388367],[-161.496123,55.396967],[-161.492359,55.408072],[-161.483089,55.415561],[-161.47691,55.442062],[-161.481426,55.447791],[-161.472275,55.462415],[-161.478217,55.473126],[-161.473345,55.484238],[-161.49224,55.486797],[-161.462768,55.498579],[-161.426284,55.524486],[-161.416658,55.541502],[-161.394078,55.563416],[-161.3744,55.57197],[-161.360684,55.592437],[-161.366389,55.604389],[-161.36116,55.603516],[-161.358783,55.610632],[-161.38778,55.627073],[-161.454805,55.633648],[-161.517672,55.631568],[-161.59159,55.618753],[-161.615002,55.605732],[-161.609178,55.593512],[-161.632471,55.583975],[-161.63057,55.579945],[-161.640671,55.570136],[-161.631402,55.564962],[-161.66848,55.547419],[-161.676561,55.538342],[-161.671569,55.529195],[-161.700566,55.518297],[-161.687494,55.505916],[-161.694862,55.487605],[-161.69094,55.473193],[-161.700685,55.434511],[-161.70021,55.427364],[-161.688207,55.41239],[-161.688445,55.404159],[-161.824279,55.293074],[-161.860762,55.270873],[-161.873457,55.252911],[-161.878313,55.223738],[-161.885675,55.217709],[-161.899385,55.21803],[-161.902951,55.212064],[-161.897173,55.209118],[-161.903407,55.204941],[-161.932185,55.212539],[-161.977701,55.235652],[-162.028208,55.236533],[-162.03926,55.227046],[-162.037596,55.221352],[-162.022979,55.222233],[-162.020959,55.217149],[-162.01466,55.216471],[-162.014185,55.204673],[-162.005866,55.192125],[-161.997309,55.187987],[-161.999805,55.179777],[-162.01775,55.177402],[-162.016205,55.170615],[-161.971046,55.165049],[-161.962489,55.158464],[-161.965223,55.15113],[-161.958924,55.14366],[-161.962608,55.137071],[-161.940983,55.124319],[-161.952867,55.118407],[-161.952273,55.113242],[-161.959641,55.106172],[-161.984597,55.096381],[-162.020368,55.091281],[-162.055782,55.071826],[-162.076342,55.087472],[-162.137663,55.112834],[-162.129344,55.120786],[-162.105101,55.126902],[-162.119362,55.134647],[-162.111281,55.148231],[-162.147408,55.156108],[-162.17688,55.153392],[-162.186744,55.137092],[-162.217405,55.121058],[-162.2281,55.104268],[-162.21075,55.08822],[-162.201718,55.087948],[-162.208135,55.078289],[-162.199579,55.067811],[-162.192092,55.067335],[-162.192062,55.057407],[-162.220494,55.026552],[-162.246639,55.019195],[-162.271952,55.020353],[-162.289897,55.028051],[-162.302494,55.03854],[-162.313665,55.059508],[-162.328045,55.054267],[-162.330421,55.043578],[-162.338086,55.03765],[-162.381047,55.041263],[-162.40743,55.03132],[-162.477664,55.055016],[-162.495252,55.067063],[-162.510226,55.086248],[-162.510939,55.097265],[-162.525913,55.104336],[-162.519852,55.108008],[-162.520986,55.115417],[-162.462928,55.124727],[-162.442556,55.118226],[-162.435951,55.106036],[-162.411114,55.100325],[-162.408856,55.10454],[-162.401963,55.098421],[-162.34801,55.106648],[-162.376056,55.117524],[-162.405766,55.117184],[-162.448875,55.151977],[-162.48218,55.159707],[-162.500006,55.185769],[-162.513554,55.250579],[-162.581902,55.270594],[-162.629601,55.276373],[-162.574645,55.277884],[-162.572641,55.280722],[-162.579747,55.284027],[-162.581375,55.290312],[-162.560258,55.286802],[-162.562134,55.298503],[-162.624669,55.300537],[-162.632869,55.305476],[-162.663292,55.297899],[-162.690246,55.278233],[-162.685788,55.274657],[-162.709402,55.252882],[-162.724494,55.217238],[-162.719147,55.210593],[-162.704648,55.206525],[-162.69728,55.195809],[-162.64713,55.196352],[-162.638454,55.182851],[-162.617301,55.171043],[-162.617895,55.16378],[-162.610527,55.154275],[-162.588066,55.141304],[-162.587829,55.132745],[-162.59591,55.126494],[-162.613736,55.129212],[-162.623599,55.121533],[-162.625976,55.101617],[-162.602327,55.087132],[-162.602446,55.069989],[-162.594365,55.063115],[-162.596341,55.053259],[-162.580698,55.037041],[-162.57951,55.027029],[-162.568695,55.019263],[-162.571191,54.981433],[-162.56513,54.967859],[-162.551582,54.963971],[-162.558152,54.955552],[-162.585452,54.961787],[-162.583431,54.967177],[-162.587829,54.973385],[-162.620747,54.991592],[-162.681355,54.997796],[-162.717839,54.982728],[-162.704173,54.968814],[-162.706312,54.960013],[-162.717126,54.959263],[-162.71986,54.952439],[-162.73828,54.952371],[-162.752184,54.939402],[-162.779398,54.934896],[-162.814575,54.941792],[-162.840957,54.928273],[-162.881125,54.933736],[-162.898832,54.947457],[-162.919154,54.95203],[-162.914876,54.956329],[-162.92165,54.961787],[-162.919986,54.970997],[-162.954806,54.985047],[-162.966333,55.001341],[-162.964313,55.011972],[-162.963006,55.015788],[-162.945537,55.019263],[-162.944586,55.023964],[-162.966928,55.044804],[-162.982139,55.04957],[-163.007333,55.080534],[-163.079113,55.108449],[-163.10597,55.106546],[-163.151129,55.092811],[-163.184642,55.097707],[-163.188428,55.090903],[-163.180839,55.085602],[-163.192348,55.079546],[-163.215065,55.049536],[-163.219581,55.041093],[-163.216214,55.028256],[-163.179176,55.013301],[-163.148615,55.014023],[-163.100266,54.990945],[-163.071269,54.982626],[-163.050353,54.970759],[-163.042748,54.948651],[-163.026585,54.947559],[-163.062237,54.925576],[-163.13568,54.900574],[-163.142811,54.895107],[-163.143166,54.888983],[-163.175587,54.870495],[-163.197715,54.868992],[-163.214115,54.853944],[-163.218868,54.841354],[-163.254758,54.831225],[-163.295401,54.831225],[-163.305859,54.819861],[-163.302056,54.816848],[-163.317268,54.808219],[-163.342224,54.80863],[-163.362427,54.815068],[-163.361951,54.824243],[-163.379302,54.849566],[-163.38723,54.850433],[-163.387309,54.857454],[-163.318885,54.88012],[-163.324873,54.889229],[-163.316317,54.907817],[-163.346133,54.92616],[-163.339565,54.952693],[-163.310005,54.951692],[-163.299072,54.937494],[-163.278394,54.942956],[-163.248684,54.93886],[-163.23371,54.93053],[-163.218736,54.933671],[-163.237038,54.947188],[-163.291622,54.96621],[-163.296695,54.974343],[-163.285049,54.991937],[-163.27982,55.013339],[-163.284098,55.051752],[-163.316696,55.082037],[-163.302875,55.094889],[-163.299785,55.109982],[-163.32284,55.101824],[-163.341379,55.086456],[-163.393668,55.068903],[-163.412921,55.056517],[-163.40579,55.052433],[-163.362295,55.064276],[-163.378219,55.052841],[-163.411494,55.048484],[-163.423378,55.061418],[-163.422428,55.066045]]],[[[-164.851998,54.18388],[-164.834766,54.189791],[-164.811949,54.186801],[-164.839639,54.178664],[-164.851998,54.18388]]],[[[-164.883015,54.199038],[-164.865189,54.206962],[-164.841184,54.209117],[-164.820624,54.219124],[-164.799827,54.221208],[-164.79852,54.229823],[-164.787706,54.223015],[-164.7637,54.223153],[-164.764413,54.209812],[-164.793648,54.213773],[-164.812662,54.209673],[-164.822882,54.199802],[-164.861268,54.191321],[-164.883015,54.199038]]],[[[-164.917835,54.14972],[-164.909517,54.147911],[-164.902862,54.138026],[-164.916885,54.13914],[-164.917835,54.14972]]],[[[-164.944337,54.577347],[-164.929244,54.591672],[-164.927937,54.598419],[-164.90405,54.605647],[-164.883728,54.60606],[-164.855444,54.621062],[-164.851166,54.628906],[-164.825497,54.628493],[-164.802561,54.64218],[-164.760967,54.639842],[-164.733277,54.648094],[-164.704399,54.663769],[-164.639988,54.737247],[-164.615388,54.77894],[-164.619904,54.782024],[-164.602078,54.788603],[-164.579142,54.816551],[-164.556562,54.850226],[-164.558939,54.871909],[-164.552046,54.888112],[-164.519841,54.893853],[-164.521029,54.898979],[-164.494884,54.915581],[-164.426908,54.931015],[-164.366537,54.911277],[-164.358456,54.905197],[-164.358575,54.899526],[-164.351207,54.897339],[-164.306167,54.897134],[-164.210025,54.926235],[-164.175562,54.944533],[-164.163202,54.959274],[-164.145852,54.957841],[-164.128739,54.969371],[-164.104495,54.959956],[-164.04662,54.965005],[-163.957253,54.998352],[-163.895575,55.03569],[-163.850535,55.034192],[-163.773289,55.051895],[-163.744529,55.044202],[-163.662768,55.03998],[-163.536203,55.050534],[-163.452302,55.037188],[-163.448143,55.029901],[-163.460383,55.02922],[-163.463235,55.030718],[-163.456224,55.034192],[-163.462641,55.037801],[-163.516,55.039231],[-163.529192,55.045223],[-163.541194,55.037256],[-163.541551,55.025814],[-163.5324,55.01614],[-163.482369,54.994194],[-163.452183,54.972918],[-163.441844,54.972099],[-163.442082,54.96671],[-163.422117,54.946034],[-163.41154,54.919543],[-163.400844,54.910253],[-163.394665,54.894742],[-163.406905,54.884626],[-163.402627,54.872114],[-163.414511,54.860214],[-163.40643,54.858778],[-163.400963,54.839689],[-163.386584,54.831544],[-163.387297,54.827642],[-163.376482,54.824698],[-163.373036,54.817098],[-163.375888,54.793879],[-163.37054,54.78552],[-163.321935,54.750487],[-163.259306,54.752681],[-163.246115,54.758648],[-163.222941,54.755356],[-163.193112,54.767698],[-163.185982,54.77661],[-163.177307,54.765436],[-163.160788,54.76763],[-163.147121,54.763859],[-163.101843,54.729768],[-163.095188,54.70849],[-163.094238,54.69661],[-163.098278,54.691665],[-163.082472,54.68562],[-163.052287,54.691115],[-163.046464,54.687818],[-163.053951,54.684864],[-163.054902,54.678475],[-163.0448,54.671947],[-163.062389,54.660401],[-163.066191,54.66425],[-163.092099,54.662394],[-163.120739,54.669198],[-163.155678,54.66693],[-163.130721,54.682666],[-163.115866,54.683971],[-163.110875,54.692901],[-163.117411,54.69764],[-163.195965,54.699014],[-163.207967,54.693588],[-163.213791,54.679162],[-163.223179,54.676895],[-163.226269,54.684177],[-163.222585,54.689604],[-163.227101,54.694],[-163.238628,54.695855],[-163.245877,54.691253],[-163.259544,54.695374],[-163.246234,54.705606],[-163.248373,54.710618],[-163.276776,54.704988],[-163.283668,54.695649],[-163.323599,54.721944],[-163.327877,54.731278],[-163.325738,54.745891],[-163.375175,54.749046],[-163.395378,54.743216],[-163.397992,54.736973],[-163.425088,54.720091],[-163.408569,54.692077],[-163.41867,54.65827],[-163.502928,54.652976],[-163.508157,54.63943],[-163.52111,54.632827],[-163.573875,54.628011],[-163.577797,54.61831],[-163.587304,54.612598],[-163.668234,54.626635],[-163.811555,54.636541],[-163.835204,54.631107],[-163.956302,54.632414],[-164.068368,54.624159],[-164.206698,54.595596],[-164.282755,54.565636],[-164.333262,54.534412],[-164.343363,54.52193],[-164.337421,54.514204],[-164.323636,54.511652],[-164.325775,54.505166],[-164.33861,54.498334],[-164.333381,54.483701],[-164.343245,54.471479],[-164.369508,54.459254],[-164.373668,54.45276],[-164.398743,54.445574],[-164.413241,54.434309],[-164.443427,54.426566],[-164.449725,54.420966],[-164.587104,54.405336],[-164.647475,54.389632],[-164.704518,54.401048],[-164.744329,54.393991],[-164.791865,54.40257],[-164.843442,54.420067],[-164.853186,54.439078],[-164.872914,54.447163],[-164.882421,54.473965],[-164.898346,54.474172],[-164.911418,54.483286],[-164.900009,54.488671],[-164.897751,54.495574],[-164.905951,54.510962],[-164.930551,54.522689],[-164.9378,54.537032],[-164.935661,54.546891],[-164.939464,54.553163],[-164.935899,54.559159],[-164.944337,54.577347]]],[[[-165.219451,54.100692],[-165.211132,54.098044],[-165.2021,54.113094],[-165.178095,54.119084],[-165.156228,54.111561],[-165.145057,54.122567],[-165.149335,54.127163],[-165.140541,54.130506],[-165.134362,54.127024],[-165.121765,54.130506],[-165.10584,54.122428],[-165.080884,54.129949],[-165.070663,54.122567],[-165.050698,54.124656],[-165.04238,54.115462],[-165.027406,54.115462],[-165.021939,54.118388],[-165.02289,54.123681],[-164.9706,54.118806],[-164.969887,54.123542],[-165.006252,54.132595],[-165.003162,54.137608],[-164.976542,54.135519],[-164.971313,54.127303],[-164.960142,54.13357],[-164.931621,54.136355],[-164.920687,54.130227],[-164.925679,54.123263],[-164.918073,54.111979],[-164.923777,54.104037],[-164.936374,54.099298],[-164.942316,54.085917],[-164.955626,54.073088],[-164.984861,54.077411],[-164.998409,54.070299],[-165.008867,54.07518],[-165.038814,54.065557],[-165.0526,54.070857],[-165.080408,54.068626],[-165.104414,54.072391],[-165.111544,54.079921],[-165.133649,54.085777],[-165.156466,54.06751],[-165.153376,54.074204],[-165.158605,54.081734],[-165.21446,54.08982],[-165.219451,54.100692]]],[[[-165.481374,54.073925],[-165.398186,54.080619],[-165.385351,54.086335],[-165.379885,54.083686],[-165.361821,54.091772],[-165.36087,54.09665],[-165.342094,54.088147],[-165.325931,54.086753],[-165.317613,54.093305],[-165.306442,54.08996],[-165.269601,54.093723],[-165.241317,54.075878],[-165.233236,54.063604],[-165.246546,54.054955],[-165.256767,54.063883],[-165.281961,54.062349],[-165.286714,54.05049],[-165.281723,54.046722],[-165.287665,54.038349],[-165.315711,54.047001],[-165.32403,54.061791],[-165.334488,54.069602],[-165.364911,54.074065],[-165.370853,54.068347],[-165.418151,54.073925],[-165.434551,54.069323],[-165.467589,54.069323],[-165.481374,54.073925]]],[[[-165.57502,54.041559],[-165.561472,54.042954],[-165.5156,54.066673],[-165.511322,54.063325],[-165.518452,54.056908],[-165.512272,54.051467],[-165.480661,54.04421],[-165.503478,54.030532],[-165.527722,54.030811],[-165.555768,54.023551],[-165.55862,54.03458],[-165.57502,54.041559]]],[[[-165.686016,54.244964],[-165.686492,54.252046],[-165.681025,54.253157],[-165.672944,54.268844],[-165.651077,54.278143],[-165.634915,54.277033],[-165.629211,54.281057],[-165.641808,54.293127],[-165.630161,54.298537],[-165.606394,54.294514],[-165.581437,54.280224],[-165.570504,54.283138],[-165.569078,54.293405],[-165.558145,54.287023],[-165.541032,54.296734],[-165.487554,54.297011],[-165.473768,54.293266],[-165.479235,54.281473],[-165.51251,54.282028],[-165.518927,54.274257],[-165.517977,54.266068],[-165.55862,54.253434],[-165.555292,54.238297],[-165.532,54.237185],[-165.543171,54.217178],[-165.534139,54.21412],[-165.522255,54.220235],[-165.5156,54.213009],[-165.507519,54.216066],[-165.497774,54.209812],[-165.455942,54.211758],[-165.42956,54.205224],[-165.406743,54.212731],[-165.383688,54.195492],[-165.39985,54.180751],[-165.401038,54.174352],[-165.41625,54.179777],[-165.476145,54.181446],[-165.492307,54.168926],[-165.477809,54.157236],[-165.497299,54.159185],[-165.508707,54.154731],[-165.514174,54.143595],[-165.539843,54.149163],[-165.555768,54.144152],[-165.55244,54.140532],[-165.55862,54.134405],[-165.536753,54.128974],[-165.549588,54.113094],[-165.563611,54.108496],[-165.598788,54.116716],[-165.607582,54.114069],[-165.63135,54.13538],[-165.648463,54.139975],[-165.622556,54.144848],[-165.598312,54.164195],[-165.599025,54.176299],[-165.620892,54.180333],[-165.637054,54.194936],[-165.628022,54.205363],[-165.585953,54.222459],[-165.582626,54.225516],[-165.584765,54.234129],[-165.613999,54.244825],[-165.63753,54.229406],[-165.669141,54.228989],[-165.684352,54.237741],[-165.686016,54.244964]]],[[[-166.111463,54.122706],[-166.099104,54.127581],[-166.103382,54.140532],[-166.098391,54.149581],[-166.075811,54.154453],[-166.076049,54.164334],[-166.086269,54.171847],[-166.082466,54.176856],[-166.050855,54.189791],[-166.024472,54.191042],[-166.007597,54.200498],[-166.000466,54.212453],[-165.988107,54.210924],[-165.983116,54.220235],[-165.947226,54.219263],[-165.936055,54.226766],[-165.924884,54.212175],[-165.90587,54.212453],[-165.893511,54.218012],[-165.870693,54.213425],[-165.863325,54.20022],[-165.880201,54.182698],[-165.859522,54.166143],[-165.831714,54.161272],[-165.797488,54.183811],[-165.79321,54.180611],[-165.803905,54.176577],[-165.804143,54.168926],[-165.788932,54.172821],[-165.746625,54.160716],[-165.734978,54.147771],[-165.726184,54.144848],[-165.78299,54.132038],[-165.817928,54.134405],[-165.820543,54.126746],[-165.792259,54.125213],[-165.735929,54.112537],[-165.724758,54.121592],[-165.718578,54.121592],[-165.716202,54.116577],[-165.703129,54.117273],[-165.681738,54.123403],[-165.671993,54.131202],[-165.661773,54.128556],[-165.657019,54.11992],[-165.673657,54.110865],[-165.669854,54.099717],[-165.67841,54.091493],[-165.713349,54.088287],[-165.748051,54.077133],[-165.765164,54.066254],[-165.777048,54.066952],[-165.787268,54.073925],[-165.821731,54.074065],[-165.825534,54.082571],[-165.845737,54.080758],[-165.851441,54.055094],[-165.869505,54.047839],[-165.873546,54.036813],[-165.881864,54.034301],[-165.900641,54.038209],[-165.895887,54.055652],[-165.904444,54.061651],[-165.930351,54.065975],[-165.954594,54.058861],[-165.962913,54.062628],[-165.964339,54.07002],[-165.973846,54.071554],[-165.983116,54.068904],[-165.990009,54.057048],[-166.048478,54.044489],[-166.052518,54.055792],[-166.061075,54.061372],[-166.049904,54.07002],[-166.051568,54.076575],[-166.068681,54.088705],[-166.091736,54.095814],[-166.111463,54.122706]]],[[[-166.198454,53.986534],[-166.190768,53.991466],[-166.184828,53.983578],[-166.170407,53.987093],[-166.172784,53.997992],[-166.163277,53.999389],[-166.10457,53.989329],[-166.099221,53.979183],[-166.074817,53.970991],[-166.088292,53.961266],[-166.11634,53.955018],[-166.174372,53.956952],[-166.193462,53.959693],[-166.198454,53.986534]]]]}},{"type":"Feature","properties":{"GEOID":"02188","NAME":"Northwest Arctic","state":"AK","wildfire_risk_score":65.681,"wildfire_eal_total":68544.46,"risk_band":"High","source":"FEMA National Risk Index v1.20 (December 2025)"},"geometry":{"type":"MultiPolygon","coordinates":[[[[-161.082293,66.21248],[-161.067556,66.213486],[-161.065828,66.209221],[-161.069108,66.206491],[-161.082293,66.21248]]],[[[-161.686969,66.951326],[-161.680069,66.955783],[-161.683028,66.959334],[-161.679819,66.965147],[-161.671857,66.964868],[-161.671382,66.956264],[-161.686969,66.951326]]],[[[-161.702161,66.991685],[-161.687188,66.989594],[-161.678393,66.982764],[-161.69726,66.980399],[-161.702161,66.991685]]],[[[-161.905704,66.26528],[-161.894467,66.284337],[-161.899033,66.287388],[-161.902496,66.309618],[-161.872961,66.316544],[-161.864334,66.315615],[-161.877257,66.304269],[-161.877085,66.288161],[-161.846574,66.283105],[-161.844819,66.276035],[-161.828546,66.269334],[-161.85862,66.262903],[-161.905704,66.26528]]],[[[-162.748864,67.042353],[-162.733316,67.042387],[-162.741055,67.022533],[-162.754134,67.02326],[-162.748864,67.042353]]],[[[-165.375779791583,68.034733],[-164.499437,68.034748],[-164.499463,68.20789],[-162.72219,68.207926],[-162.722202,68.294496],[-162.023273,68.294511],[-162.023261,68.20794],[-161.557328,68.207949],[-161.55732,68.294521],[-161.091364,68.294532],[-161.091351,68.207961],[-160.15944,68.207982],[-160.159452,68.294553],[-159.693487,68.294564],[-159.693477,68.207992],[-157.154924,68.208054],[-157.15491,68.121483],[-156.236831,68.121498],[-156.236817,68.034926],[-155.318748,68.034942],[-155.318723,67.861793],[-155.369012,67.861792],[-155.368999,67.775216],[-155.142837,67.775221],[-155.142825,67.688643],[-154.916661,67.688648],[-154.916649,67.60207],[-154.690489,67.602075],[-154.690477,67.515496],[-154.748939,67.515495],[-154.748904,67.255753],[-154.30311,67.255759],[-154.303097,67.169177],[-154.146314,67.169178],[-154.146221,66.822843],[-154.210317,66.822842],[-154.210302,66.736255],[-154.860446,66.736242],[-154.860431,66.563064],[-155.510585,66.563051],[-155.510581,66.476459],[-155.555001,66.476458],[-155.554993,66.303274],[-155.982499,66.303268],[-155.982504,66.38986],[-156.196257,66.389857],[-156.196224,66.476582],[-156.62377,66.476442],[-156.623757,66.303259],[-157.051266,66.303254],[-157.051284,66.476438],[-157.90631,66.476424],[-157.906295,66.130049],[-158.972185,66.130027],[-158.972175,65.956849],[-159.604813,65.95683],[-159.604795,65.783636],[-159.593635,65.783636],[-159.593506,65.523835],[-159.8017,65.523826],[-159.801692,65.437231],[-163.755391,65.437165],[-163.755407,65.610367],[-163.963498,65.610363],[-163.963516,65.783561],[-164.244127,65.783553],[-164.244191,66.129946],[-164.318913,66.129944],[-164.318936,66.476319],[-164.395887,66.476324],[-164.395943843393,66.5816331875716],[-164.094554,66.592281],[-163.88571,66.59286],[-163.766246,66.587594],[-163.633093,66.566108],[-163.628074,66.559034],[-163.642708,66.554858],[-163.831534,66.57704],[-163.874802,66.578701],[-163.899878,66.573027],[-163.91829,66.577421],[-163.927557,66.574016],[-163.929216,66.565095],[-163.909907,66.553616],[-163.867922,66.556062],[-163.848106,66.561942],[-163.800467,66.552651],[-163.793655,66.547574],[-163.770761,66.55399],[-163.754043,66.550211],[-163.755893,66.531744],[-163.748354,66.522348],[-163.729868,66.519867],[-163.72622,66.512563],[-163.732642,66.489282],[-163.765791,66.452766],[-163.850843,66.416094],[-163.873176,66.386536],[-163.865791,66.366835],[-163.858453,66.362631],[-163.86867,66.353744],[-163.868903,66.332694],[-163.881273,66.322964],[-163.863498,66.309953],[-163.835743,66.302905],[-163.840332,66.294496],[-163.828401,66.271866],[-163.837834,66.260658],[-163.86004,66.254496],[-163.928545,66.217879],[-164.054051,66.21029],[-164.072304,66.206273],[-164.087098,66.191123],[-164.07744,66.182875],[-164.05961,66.18034],[-164.031602,66.185208],[-164.009826,66.178445],[-163.996417,66.179756],[-163.964629,66.196308],[-163.963749,66.187376],[-163.969481,66.186715],[-163.975135,66.177667],[-163.975599,66.172322],[-163.968499,66.171247],[-163.942777,66.174043],[-163.94048,66.179084],[-163.924296,66.180752],[-163.923985,66.186021],[-163.913063,66.192444],[-163.900399,66.193015],[-163.84606,66.122969],[-163.772467,66.080099],[-163.633913,66.056431],[-163.613373,66.058045],[-163.59109,66.067374],[-163.538594,66.069233],[-163.496104,66.083355],[-163.434986,66.079595],[-163.335848,66.085428],[-163.313525,66.073268],[-163.288913,66.06798],[-163.186535,66.063646],[-163.160098,66.057673],[-163.01686,66.07167],[-162.952519,66.089533],[-162.851149,66.082197],[-162.7746,66.091451],[-162.74707,66.100799],[-162.74013,66.097651],[-162.753417,66.092684],[-162.740092,66.081182],[-162.688883,66.071043],[-162.681769,66.066436],[-162.679293,66.056762],[-162.632876,66.03799],[-162.51521,66.045975],[-162.452836,66.057351],[-162.428705,66.04994],[-162.412331,66.033578],[-162.376028,66.027104],[-162.228647,66.048004],[-162.143772,66.075487],[-162.133548,66.075454],[-162.128717,66.068229],[-162.115517,66.065053],[-162.064561,66.064583],[-162.032109,66.069249],[-162.0259,66.062045],[-161.985965,66.053843],[-161.952965,66.040391],[-161.847911,66.023989],[-161.934209,66.032326],[-161.906721,66.021207],[-161.884699,66.018181],[-161.881395,66.012178],[-161.88497,66.009212],[-161.86971,66.000517],[-161.903879,65.974715],[-161.904434,65.96967],[-161.895256,65.963788],[-161.879533,65.961816],[-161.843063,65.962916],[-161.831964,65.967915],[-161.798005,65.96563],[-161.778024,65.973264],[-161.773792,65.981253],[-161.828026,66.00004],[-161.798986,66.021702],[-161.791091,66.033033],[-161.758824,66.049133],[-161.736845,66.053155],[-161.707118,66.074527],[-161.709724,66.077965],[-161.703356,66.081535],[-161.71319,66.088838],[-161.687874,66.097301],[-161.692347,66.105748],[-161.635939,66.15162],[-161.619515,66.177609],[-161.571457,66.214755],[-161.552385,66.242053],[-161.52267,66.247002],[-161.491375,66.260694],[-161.418131,66.256555],[-161.350727,66.258695],[-161.339222,66.23862],[-161.317782,66.220372],[-161.226301,66.209494],[-161.177758,66.21141],[-161.094511,66.231362],[-161.058875,66.228347],[-161.06797,66.218814],[-161.0861,66.214644],[-161.084651,66.197851],[-161.080326,66.194928],[-161.095964,66.188229],[-161.090793,66.18247],[-161.071003,66.180584],[-161.016805,66.186746],[-161.015704,66.19151],[-160.961877,66.210087],[-160.954451,66.224136],[-161.001337,66.239682],[-161.020257,66.26048],[-161.062436,66.280955],[-161.069165,66.288543],[-161.062864,66.291306],[-161.075662,66.295283],[-161.08085,66.308776],[-161.107705,66.326997],[-161.133463,66.336713],[-161.23047,66.3495],[-161.362526,66.37634],[-161.416616,66.377635],[-161.515562,66.397047],[-161.692198,66.39804],[-161.840394,66.361455],[-161.899375293256,66.3562981953484],[-161.915639,66.346998],[-161.899774,66.337882],[-161.913326,66.331065],[-161.916279,66.321452],[-161.942698,66.322715],[-161.894951,66.385869],[-161.880583,66.411721],[-161.869447,66.447033],[-161.867721,66.487311],[-161.885626,66.517842],[-161.979478,66.571014],[-162.087917,66.604085],[-162.097311,66.609465],[-162.124348,66.651291],[-162.16712,66.682489],[-162.201745,66.698436],[-162.253043,66.712946],[-162.326443,66.722848],[-162.49793,66.733275],[-162.503166,66.737579],[-162.500685,66.759724],[-162.514725,66.779349],[-162.557994,66.816313],[-162.613086,66.846853],[-162.621963,66.856485],[-162.621309,66.876612],[-162.601052,66.898455],[-162.578478,66.90404],[-162.543885,66.901019],[-162.510252,66.906999],[-162.497633,66.918115],[-162.499144,66.934504],[-162.491114,66.943116],[-162.469063,66.950429],[-162.461643,66.949344],[-162.459906,66.939799],[-162.446312,66.924557],[-162.415701,66.918026],[-162.326402,66.94212],[-162.30765,66.939021],[-162.286458,66.927771],[-162.28228,66.914987],[-162.230215,66.866235],[-162.150962,66.826261],[-162.118036,66.797833],[-162.09073,66.786642],[-162.019844,66.780713],[-162.01351,66.776842],[-162.01244,66.762082],[-162.028651,66.734257],[-162.043851,66.720937],[-162.075306,66.704504],[-162.080617,66.690209],[-162.067809,66.678492],[-162.075151,66.665932],[-162.070446,66.648129],[-162.058989,66.640004],[-162.032778,66.635005],[-162.029118,66.62658],[-161.960073,66.588792],[-161.930053,66.555191],[-161.908884,66.544593],[-161.850428,66.526623],[-161.79476,66.503268],[-161.720723,66.481375],[-161.68176,66.475982],[-161.642173,66.455612],[-161.582172,66.439991],[-161.517365,66.442513],[-161.406062,66.461935],[-161.377067,66.472596],[-161.326349,66.478371],[-161.296259,66.498296],[-161.245945,66.519411],[-161.177646,66.533478],[-161.173162,66.530974],[-161.170209,66.504559],[-161.14741,66.489253],[-161.117622,66.48547],[-161.076994,66.48776],[-161.023256,66.465343],[-160.978353,66.429054],[-160.946812,66.424267],[-160.859266,66.398946],[-160.792986,66.365726],[-160.727831,66.362692],[-160.676598,66.366752],[-160.631312,66.355211],[-160.57446,66.364392],[-160.535012,66.358526],[-160.482561,66.375232],[-160.364498,66.375553],[-160.326492,66.382679],[-160.266663,66.378649],[-160.227431,66.387178],[-160.214948,66.396825],[-160.218942,66.39886],[-160.213309,66.405843],[-160.217737,66.410003],[-160.208191,66.4224],[-160.213842,66.425773],[-160.211777,66.437088],[-160.206405,66.439955],[-160.211011,66.442294],[-160.204443,66.462714],[-160.209714,66.465239],[-160.20641,66.473196],[-160.212677,66.482295],[-160.212059,66.49838],[-160.201913,66.501558],[-160.237683,66.544847],[-160.347544,66.607754],[-160.383963,66.619083],[-160.418258,66.622258],[-160.506314,66.613756],[-160.518357,66.606216],[-160.504936,66.599787],[-160.510266,66.590948],[-160.538664,66.587755],[-160.519476,66.580732],[-160.543311,66.579915],[-160.681875,66.596262],[-160.704534,66.606572],[-160.718686,66.621993],[-160.745666,66.638081],[-160.836675,66.658548],[-160.939515,66.656066],[-160.946314,66.652591],[-160.944355,66.650127],[-160.983013,66.641219],[-161.142102,66.636252],[-161.213872,66.592491],[-161.197053,66.593395],[-161.193261,66.588257],[-161.196425,66.584885],[-161.2354,66.575417],[-161.219655,66.559277],[-161.224092,66.541836],[-161.310817,66.521165],[-161.39241,66.524334],[-161.414686,66.533773],[-161.45187,66.523992],[-161.462853,66.526759],[-161.453266,66.541224],[-161.457528,66.544503],[-161.500315,66.539464],[-161.513694,66.547022],[-161.542979,66.551737],[-161.534735,66.555966],[-161.536322,66.559778],[-161.550475,66.563631],[-161.536035,66.566809],[-161.5267,66.5751],[-161.534196,66.584937],[-161.580407,66.585511],[-161.624831,66.606047],[-161.685914,66.618611],[-161.738553,66.650842],[-161.767535,66.658222],[-161.816277,66.685041],[-161.783764,66.704989],[-161.776843,66.713685],[-161.779974,66.716195],[-161.837192,66.721508],[-161.868457,66.712717],[-161.881631,66.718052],[-161.84244,66.761696],[-161.84359,66.769633],[-161.863102,66.7802],[-161.858258,66.787875],[-161.860188,66.796298],[-161.839689,66.801442],[-161.85149,66.810779],[-161.798836,66.826423],[-161.791506,66.833068],[-161.792266,66.842717],[-161.780294,66.850212],[-161.776847,66.859568],[-161.793177,66.881772],[-161.780172,66.891911],[-161.710147,66.914532],[-161.708811,66.929257],[-161.712514,66.93375],[-161.704868,66.939543],[-161.689932,66.94338],[-161.6628,66.941493],[-161.644216,66.951274],[-161.633688,66.951705],[-161.610938,66.949961],[-161.567516,66.937649],[-161.48512,66.940076],[-161.475851,66.948792],[-161.483414,66.960485],[-161.477517,66.963971],[-161.502309,66.980837],[-161.537666,66.990882],[-161.58602,66.984829],[-161.619106,67.009524],[-161.648845,67.009252],[-161.691703,67.024735],[-161.710242,67.021905],[-161.708368,67.00727],[-161.724535,67.004479],[-161.765366,67.033868],[-161.778908,67.034023],[-161.803518,67.046306],[-161.867743,67.050239],[-161.916832,67.04202],[-161.97068,67.0411],[-162.127853,67.02218],[-162.185812,67.011173],[-162.235893,66.994028],[-162.353085,66.995418],[-162.405926,66.985563],[-162.433667,66.985544],[-162.451888,66.997074],[-162.444343,67.011361],[-162.44275,67.028024],[-162.450976,67.028013],[-162.480198,67.013173],[-162.508681,67.017326],[-162.527251,67.009574],[-162.589789,67.015611],[-162.602045,67.012882],[-162.602577,67.006086],[-162.608466,67.004651],[-162.663232,67.023683],[-162.663914,67.03021],[-162.670834,67.034124],[-162.686403,67.03566],[-162.680654,67.043312],[-162.688949,67.04926],[-162.724119,67.054236],[-162.805225,67.045028],[-162.902436,67.042688],[-162.976193,67.026299],[-163.347142,67.066721],[-163.442341,67.081003],[-163.641434,67.096645],[-163.702045,67.109375],[-163.747944,67.129301],[-163.738961,67.175527],[-163.758906,67.248453],[-163.786211,67.299362],[-163.795346,67.303501],[-163.850494,67.388976],[-163.885216,67.427146],[-164.012981,67.541937],[-164.087049,67.59164],[-164.185105,67.632489],[-164.534804,67.724404],[-164.846857,67.847912],[-165.079545,67.93053],[-165.167962,67.956102],[-165.233324,67.988683],[-165.375779791583,68.034733]]]]}},{"type":"Feature","properties":{"GEOID":"02158","NAME":"Kusilvak","state":"AK","wildfire_risk_score":46.915,"wildfire_eal_total":21381.39,"risk_band":"Moderate","source":"FEMA National Risk Index v1.20 (December 2025)"},"geometry":{"type":"MultiPolygon","coordinates":[[[[-164.616424,63.045106],[-164.588615,63.057063],[-164.558549,63.053939],[-164.552607,63.04823],[-164.557123,63.03988],[-164.581841,63.033953],[-164.601212,63.0353],[-164.616424,63.045106]]],[[[-164.638172,63.08322],[-164.624267,63.098603],[-164.60454,63.108387],[-164.589685,63.103388],[-164.582554,63.092849],[-164.58505,63.086448],[-164.616661,63.074773],[-164.637221,63.072243],[-164.638172,63.08322]]],[[[-164.879017,62.807536],[-164.874359,62.809054],[-164.852148,62.801098],[-164.875196,62.796597],[-164.879965,62.799066],[-164.879017,62.807536]]],[[[-164.902532,62.680448],[-164.878076,62.67853],[-164.876236,62.687819],[-164.869787,62.688068],[-164.848928,62.676169],[-164.880815,62.671297],[-164.902532,62.680448]]],[[[-164.904468,62.707052],[-164.901022,62.710035],[-164.898152,62.705869],[-164.902497,62.705097],[-164.904468,62.707052]]],[[[-164.943233,62.657445],[-164.938664,62.666406],[-164.923744,62.673761],[-164.901283,62.663176],[-164.865512,62.666013],[-164.847449,62.658809],[-164.838253,62.647553],[-164.840318,62.64112],[-164.82193,62.621952],[-164.816312,62.603521],[-164.878822,62.595646],[-164.891776,62.602865],[-164.911384,62.604068],[-164.938836,62.621834],[-164.941162,62.631454],[-164.932419,62.636969],[-164.939431,62.642867],[-164.943233,62.657445]]],[[[-164.981512,62.560598],[-164.931349,62.56801],[-164.882228,62.566174],[-164.870431,62.552578],[-164.871091,62.544989],[-164.970277,62.550937],[-164.981512,62.560598]]],[[[-165.028838,62.617675],[-165.012664,62.639354],[-165.006755,62.640779],[-164.95008,62.596251],[-164.972002,62.588209],[-165.013824,62.589628],[-165.030327,62.612456],[-165.028838,62.617675]]],[[[-165.072148,62.588401],[-165.047171,62.597318],[-165.022689,62.585763],[-165.069021,62.578728],[-165.07509,62.582247],[-165.072148,62.588401]]],[[[-166.147139,61.75762],[-166.14007,61.768124],[-166.127948,61.771947],[-166.125809,61.752155],[-166.112499,61.737978],[-166.130162,61.738025],[-166.147139,61.75762]]],[[[-166.186925,61.599074],[-166.172086,61.635858],[-166.159916,61.691209],[-166.14102,61.707999],[-166.162489,61.660981],[-166.160035,61.647502],[-166.164313,61.638753],[-166.151003,61.632712],[-166.053983,61.638201],[-165.784739,61.676694],[-165.75384,61.675228],[-165.757881,61.68188],[-165.767863,61.684924],[-165.801851,61.688532],[-165.859439,61.684313],[-165.864303,61.688295],[-165.852953,61.691913],[-165.863173,61.699351],[-165.891329,61.69644],[-165.941315,61.703555],[-165.96043,61.711455],[-165.958482,61.722893],[-166.010772,61.720078],[-166.015644,61.72354],[-166.015211,61.732599],[-166.046808,61.755382],[-166.049922,61.764958],[-166.060725,61.76739],[-166.09042,61.794776],[-166.098713,61.795545],[-166.103229,61.811941],[-166.085277,61.815313],[-166.067928,61.812022],[-166.039766,61.81898],[-165.922395,61.828999],[-165.870882,61.822412],[-165.804141,61.82716],[-165.791869,61.82109],[-165.788066,61.812447],[-165.749428,61.827838],[-165.742828,61.837988],[-165.734714,61.840874],[-165.678555,61.846523],[-165.623354,61.844651],[-165.615035,61.852837],[-165.682536,61.894071],[-165.6834,61.904463],[-165.720902,61.930443],[-165.755091,61.985304],[-165.759804,62.001906],[-165.760971,62.026358],[-165.755504,62.03639],[-165.760495,62.038842],[-165.743012,62.069816],[-165.747898,62.073592],[-165.732924,62.089617],[-165.715507,62.094241],[-165.719377,62.103966],[-165.708499,62.108438],[-165.697369,62.122797],[-165.685334,62.126689],[-165.668997,62.144203],[-165.672067,62.15124],[-165.667926,62.155394],[-165.641069,62.16747],[-165.630783,62.166841],[-165.60945,62.17924],[-165.611502,62.183529],[-165.607429,62.186782],[-165.577244,62.20053],[-165.531134,62.239081],[-165.427981,62.303333],[-165.359054,62.356203],[-165.322884,62.360527],[-165.30724,62.392792],[-165.258159,62.436927],[-165.201235,62.47243],[-165.072419,62.53067],[-165.037473,62.539637],[-164.945786,62.52785],[-164.843925,62.531881],[-164.84134,62.522245],[-164.874831,62.494677],[-164.875964,62.489392],[-164.858382,62.471661],[-164.842647,62.473454],[-164.832977,62.496778],[-164.80124,62.5163],[-164.77987,62.538399],[-164.791556,62.54557],[-164.836784,62.543336],[-164.853596,62.548649],[-164.856366,62.561543],[-164.852321,62.569872],[-164.770321,62.591543],[-164.766281,62.601716],[-164.773768,62.608716],[-164.799437,62.613089],[-164.826497,62.648879],[-164.841388,62.699881],[-164.852915,62.699772],[-164.86979,62.717427],[-164.872524,62.73371],[-164.861115,62.73273],[-164.866106,62.742855],[-164.854935,62.747263],[-164.854817,62.752705],[-164.861228,62.759726],[-164.860877,62.768751],[-164.87059,62.775829],[-164.871216,62.786038],[-164.852915,62.794189],[-164.819283,62.796308],[-164.818689,62.800491],[-164.827008,62.805271],[-164.841269,62.80766],[-164.860046,62.81852],[-164.852559,62.825685],[-164.853509,62.837514],[-164.837585,62.849556],[-164.837347,62.859261],[-164.823681,62.876117],[-164.811321,62.910555],[-164.78791,62.944197],[-164.767232,62.955493],[-164.76129,62.967972],[-164.731104,62.988759],[-164.727332,62.996043],[-164.683212,63.020154],[-164.655166,63.02921],[-164.608343,63.024036],[-164.553201,63.025545],[-164.534305,63.030935],[-164.5267,63.040742],[-164.534781,63.048176],[-164.518975,63.052539],[-164.579393,63.070602],[-164.572334,63.077625],[-164.556885,63.080584],[-164.559975,63.091128],[-164.549636,63.094139],[-164.571146,63.102151],[-164.586972,63.121975],[-164.573087,63.131437],[-164.571621,63.140244],[-164.539772,63.144647],[-164.54099,63.151164],[-164.470523,63.187846],[-164.411105,63.21545],[-164.354025,63.235232],[-164.180163,63.257647],[-164.047431,63.261587],[-163.968765,63.247478],[-163.881875,63.220056],[-163.836807,63.221529],[-163.826136,63.217635],[-163.832556,63.213737],[-163.824356,63.210684],[-163.788043,63.216335],[-163.732849,63.211059],[-163.726185,63.204474],[-163.733325,63.196701],[-163.716093,63.186357],[-163.691486,63.181128],[-163.680959,63.172284],[-163.681035,63.164852],[-163.671766,63.159916],[-163.660127,63.160342],[-163.619357,63.141238],[-163.628627,63.130981],[-163.629578,63.120774],[-163.617694,63.117926],[-163.594639,63.135224],[-163.594281,63.143978],[-163.587709,63.148751],[-163.568732,63.130981],[-163.558786,63.135835],[-163.530109,63.134042],[-163.52208,63.122077],[-163.542349,63.11137],[-163.538071,63.104651],[-163.50432,63.111478],[-163.477938,63.107823],[-163.490773,63.102232],[-163.453017,63.089091],[-163.434119,63.088958],[-163.420895,63.083193],[-163.422384,63.076696],[-163.399206,63.072548],[-163.381321,63.063335],[-163.364139,63.051218],[-163.371576,63.040123],[-163.354047,63.036899],[-163.351017,63.028213],[-163.292667,63.0398],[-163.230989,63.037644],[-163.217084,63.04384],[-163.098245,63.050843],[-163.042271,63.062043],[-162.967164,63.111478],[-162.913071,63.123028],[-162.84924,63.153226],[-162.840362,63.161579],[-162.84262,63.189466],[-162.828597,63.202702],[-162.769536,63.217069],[-162.726276,63.211166],[-162.676125,63.222037],[-162.586533424449,63.2718337329953],[-162.383082,63.271816],[-162.383076,63.185195],[-162.192503,63.185184],[-162.192443,63.098556],[-162.001798,63.098536],[-162.001769,63.011919],[-160.85799,63.011953],[-160.857996,62.999271],[-160.94344,62.999269],[-160.943437,62.898939],[-160.996215,62.898936],[-160.996201,62.552424],[-161.048176,62.55241],[-161.048165,62.205869],[-160.915964,62.205866],[-160.915953,61.945943],[-160.534671,61.94594],[-160.528204,61.92644],[-160.502057,61.892448],[-160.469477,61.869348],[-160.437948,61.858332],[-160.321954,61.846512],[-160.287193,61.848961],[-160.252781,61.857789],[-160.243908,61.849288],[-160.254744,61.846191],[-160.253513,61.842547],[-160.220041,61.840747],[-160.187745,61.835212],[-160.18666,61.831693],[-160.20263,61.810322],[-160.304829,61.819517],[-160.40398,61.812525],[-160.597733,61.760156],[-160.775244,61.738527],[-160.953961,61.685669],[-161.027337,61.653532],[-161.084222,61.615455],[-161.122604,61.600011],[-161.449611,61.568838],[-161.569805,61.53743],[-161.697058,61.530087],[-161.900328,61.480317],[-162.013438,61.477057],[-162.172119,61.504772],[-162.328294,61.518376],[-162.368732,61.503876],[-162.441412,61.499412],[-162.476189,61.503959],[-162.470016,61.524404],[-162.476163,61.53279],[-162.468381,61.543334],[-162.480078,61.55273],[-162.505761,61.556426],[-162.717538,61.536897],[-162.75398,61.542666],[-162.83231,61.505029],[-162.868158,61.492591],[-162.9602,61.482486],[-163.061999,61.479931],[-163.100421,61.474374],[-163.137346,61.457491],[-163.171354,61.449071],[-163.295078,61.455794],[-163.359261,61.474442],[-163.397082,61.463256],[-163.408858,61.468584],[-163.40774,61.483862],[-163.424139,61.485632],[-163.439712,61.479912],[-163.428866,61.46228],[-163.432508,61.45627],[-163.48634,61.433022],[-163.464435,61.422478],[-163.462862,61.412925],[-163.497127,61.403629],[-163.531412,61.401454],[-163.542624,61.393169],[-163.542182,61.381754],[-163.520838,61.364481],[-163.524124,61.355098],[-163.585119,61.339127],[-163.65539,61.335827],[-163.690351,61.349937],[-163.707616,61.349682],[-163.785076,61.367097],[-163.822125,61.355913],[-163.876262,61.368976],[-163.933598,61.36527],[-163.99276,61.371763],[-163.992933,61.350702],[-164.004741,61.338048],[-164.008631,61.323182],[-163.977044,61.303691],[-163.981691,61.291677],[-163.990582,61.284427],[-163.979172,61.261815],[-163.981767,61.243286],[-163.947621,61.255281],[-163.923782,61.248145],[-163.913489,61.222403],[-163.920874,61.210692],[-163.998269,61.192027],[-164.017645,61.192886],[-164.080069,61.160043],[-164.077227,61.143477],[-164.121482,61.127],[-164.130893,61.127742],[-164.130782,61.141209],[-164.15671,61.152982],[-164.201874,61.151613],[-164.219108,61.136854],[-164.228464,61.121035],[-164.199462,61.109761],[-164.196413,61.103422],[-164.202542,61.094319],[-164.214362,61.088031],[-164.200725,61.07593],[-164.189996,61.071539],[-164.153999,61.078088],[-164.146306,61.074682],[-164.151173,61.045946],[-164.148275,61.039419],[-164.154702,61.022625],[-164.219665,61.00691],[-164.226812,61.002829],[-164.220604,60.999607],[-164.221289,60.995041],[-164.239727,60.987119],[-164.270888,60.988709],[-164.285663,60.985916],[-164.301782,60.974832],[-164.316524,60.973191],[-164.33936,60.978432],[-164.390066,60.972349],[-164.418135,60.948727],[-164.430365,60.955342],[-164.450897,60.95742],[-164.529911,60.940796],[-164.576278,60.94579],[-164.60332,60.943566],[-164.615567,60.951888],[-164.616585,60.979049],[-164.675881,60.976888],[-164.675958,60.969455],[-164.716407,60.984387],[-164.727016,60.984122],[-164.72059,60.97725],[-164.730051,60.97068],[-164.747062,60.977859],[-164.768849,60.974739],[-164.797619,60.982487],[-164.958869,60.949938],[-164.991784,60.948201],[-165.000514,60.963635],[-165.122998,60.921932],[-165.156153,60.928847],[-165.181652,60.948573],[-165.194945,60.9739],[-165.189943,60.984159],[-165.123157,61.01445],[-165.084772,61.016063],[-165.068609,61.011974],[-165.063856,61.015948],[-165.024045,61.010419],[-164.954404,61.024066],[-164.948581,61.026369],[-164.946799,61.045705],[-164.952384,61.069285],[-164.993503,61.072389],[-164.998751,61.058625],[-165.020123,61.053701],[-165.06754,61.060948],[-165.112105,61.075033],[-165.121374,61.078597],[-165.125296,61.089859],[-165.138012,61.101577],[-165.185081,61.119133],[-165.187202,61.124927],[-165.173934,61.135487],[-165.173189,61.143244],[-165.243779,61.151617],[-165.269687,61.168928],[-165.300137,61.181096],[-165.332791,61.169903],[-165.329749,61.160416],[-165.345973,61.13739],[-165.360956,61.12632],[-165.358222,61.119662],[-165.372721,61.09388],[-165.369274,61.083251],[-165.417286,61.078711],[-165.444025,61.083941],[-165.508198,61.08555],[-165.583473,61.100505],[-165.600232,61.111929],[-165.599647,61.121625],[-165.608081,61.129827],[-165.615511,61.150699],[-165.624868,61.1586],[-165.6268,61.185543],[-165.616739,61.196383],[-165.631943,61.207616],[-165.642052,61.228409],[-165.634365,61.244889],[-165.621571,61.245914],[-165.597447,61.262774],[-165.593287,61.273171],[-165.597447,61.289902],[-165.609925,61.292528],[-165.621928,61.287676],[-165.622641,61.280881],[-165.63298,61.279168],[-165.646765,61.293099],[-165.694183,61.292928],[-165.786996,61.312786],[-165.847094,61.311383],[-165.878811,61.328161],[-165.89217,61.343918],[-165.901796,61.365681],[-165.923321,61.389782],[-165.9266,61.411037],[-165.920054,61.419603],[-165.814017,61.448141],[-165.791085,61.449852],[-165.766318,61.459678],[-165.768319,61.463984],[-165.753009,61.48146],[-165.76204,61.498547],[-165.786996,61.508526],[-165.783907,61.514931],[-165.800499,61.514459],[-165.803159,61.517028],[-165.794365,61.520259],[-165.812295,61.522833],[-165.816899,61.530696],[-165.851282,61.530147],[-165.917521,61.552773],[-165.943877,61.554693],[-165.987102,61.549775],[-166.009873,61.537645],[-166.083415,61.529945],[-166.09398,61.518983],[-166.107936,61.513057],[-166.075816,61.502056],[-166.090968,61.49254],[-166.101053,61.492938],[-166.149339,61.51187],[-166.15173,61.525719],[-166.180951,61.571841],[-166.186925,61.599074]]]]}},{"type":"Feature","properties":{"GEOID":"02230","NAME":"Skagway","state":"AK","wildfire_risk_score":2.449,"wildfire_eal_total":852.17,"risk_band":"Low","source":"FEMA National Risk Index v1.20 (December 2025)"},"geometry":{"type":"Polygon","coordinates":[[[-135.698272,59.735478],[-135.479161,59.798041],[-135.360109,59.737615],[-135.252765,59.698279],[-135.233668,59.696143],[-135.219845,59.662776],[-135.15759,59.62572],[-135.117833,59.62307],[-135.028903,59.563659],[-135.027562,59.474738],[-135.077281,59.45177],[-135.10102,59.427531],[-134.989745,59.387129],[-135.030525,59.346348],[-135.358346936234,59.34634],[-135.362837,59.350783],[-135.357704,59.372842],[-135.344773,59.388686],[-135.34071,59.424245],[-135.32148,59.447455],[-135.350002,59.464245],[-135.347625,59.478612],[-135.362361,59.48163],[-135.36759,59.460863],[-135.36141,59.447213],[-135.375909,59.411553],[-135.374753,59.390029],[-135.387033004201,59.357646891805],[-135.723038552855,59.7283569582356],[-135.698272,59.735478]]]}},{"type":"Feature","properties":{"GEOID":"02105","NAME":"Hoonah-Angoon","state":"AK","wildfire_risk_score":5.566,"wildfire_eal_total":1012.43,"risk_band":"Low","source":"FEMA National Risk Index v1.20 (December 2025)"},"geometry":{"type":"MultiPolygon","coordinates":[[[[-133.596757,57.772792],[-133.555876,57.778242],[-133.554688,57.799273],[-133.565621,57.808391],[-133.579644,57.833074],[-133.572276,57.842437],[-133.568473,57.860396],[-133.570890646389,57.88120080167],[-133.176865956011,58.1505070521311],[-133.076421,57.999762],[-132.869318,57.842941],[-132.756813,57.705093],[-132.658124,57.619486],[-132.650196,57.590916],[-132.655474,57.58308],[-132.721833,57.576216],[-132.749661,57.583257],[-132.812146,57.57631],[-132.827503,57.58066],[-132.829049,57.58841],[-132.854862,57.598681],[-132.858395,57.606389],[-132.88826,57.606077],[-132.878491,57.628567],[-132.880589,57.640479],[-132.846473,57.655421],[-132.840996,57.663106],[-132.86291,57.682367],[-132.898714,57.685528],[-132.891894,57.702268],[-132.871898,57.712796],[-132.876604,57.718962],[-132.900765,57.729878],[-132.922869,57.72815],[-132.923671,57.73234],[-132.950878,57.745755],[-132.97733,57.721498],[-133.004812,57.715935],[-133.050051,57.721527],[-133.068752,57.742414],[-133.10393,57.726968],[-133.127396,57.729488],[-133.131467,57.730551],[-133.132984,57.742142],[-133.187448,57.74108],[-133.19174,57.744688],[-133.190177,57.752233],[-133.21876,57.756988],[-133.224876,57.771897],[-133.280011,57.766994],[-133.283286,57.77211],[-133.274409,57.785016],[-133.279877,57.794768],[-133.32213,57.7761],[-133.352734,57.772295],[-133.396225,57.785595],[-133.41043,57.781933],[-133.418768,57.784564],[-133.426511,57.805556],[-133.493048,57.824726],[-133.522931,57.808195],[-133.53114,57.795881],[-133.548967,57.782736],[-133.550984,57.773932],[-133.596757,57.772792]]],[[[-133.700482023686,57.7921884684468],[-133.626903224251,57.8427281549172],[-133.624566,57.837503],[-133.635024,57.825101],[-133.625279,57.808138],[-133.632885,57.812822],[-133.640253,57.808644],[-133.631696,57.803579],[-133.631459,57.790912],[-133.665922,57.786225],[-133.700482023686,57.7921884684468]]],[[[-133.876624,57.270568],[-133.86878,57.282004],[-133.874247,57.286243],[-133.855946,57.310384],[-133.843349,57.307816],[-133.82576,57.31616],[-133.790346,57.295875],[-133.793674,57.290995],[-133.808647,57.292408],[-133.819581,57.287913],[-133.83503,57.29716],[-133.842636,57.296132],[-133.845488,57.287913],[-133.841447,57.283417],[-133.848578,57.27558],[-133.856659,57.278406],[-133.875673,57.267613],[-133.876624,57.270568]]],[[[-134.021133,57.29228],[-133.999504,57.298829],[-134.007585,57.288298],[-133.990948,57.2865],[-134.011151,57.282518],[-134.023748,57.290225],[-134.021133,57.29228]]],[[[-134.054884,57.779624],[-134.052963,57.787562],[-134.045666,57.788802],[-134.048664,57.778425],[-134.044983,57.773966],[-134.052298,57.772282],[-134.054884,57.779624]]],[[[-134.06734,57.80637],[-134.059943,57.810082],[-134.056282,57.803901],[-134.066627,57.803963],[-134.06734,57.80637]]],[[[-134.067481,57.261315],[-134.060478,57.265202],[-134.054651,57.263479],[-134.05525,57.257178],[-134.062175,57.255159],[-134.067481,57.261315]]],[[[-134.149125,58.104733],[-134.131061,58.105863],[-134.110652391365,58.0998349999999],[-134.102302,58.08765],[-134.108719,58.083252],[-134.145798,58.092675],[-134.149125,58.104733]]],[[[-134.219358,57.893371],[-134.207236,57.895897],[-134.18846,57.888696],[-134.184894,57.883137],[-134.187747,57.878208],[-134.160889,57.85697],[-134.162315,57.850647],[-134.110263,57.802934],[-134.100993,57.777977],[-134.120483,57.771133],[-134.135457,57.784439],[-134.13213,57.789381],[-134.139022,57.796728],[-134.18941,57.834455],[-134.194402,57.849003],[-134.172535,57.845841],[-134.219358,57.893371]]],[[[-134.267607,57.893876],[-134.258813,57.894255],[-134.252633,57.882252],[-134.266656,57.883769],[-134.267607,57.893876]]],[[[-134.284007,57.956352],[-134.246453,57.955343],[-134.221259,57.939955],[-134.201057,57.93945],[-134.177289,57.919132],[-134.17515,57.909032],[-134.197016,57.910294],[-134.20486,57.904359],[-134.220071,57.908274],[-134.236709,57.904612],[-134.246691,57.908653],[-134.272123,57.93781],[-134.277827,57.938315],[-134.284007,57.956352]]],[[[-134.737262,58.261354],[-134.731795,58.26448],[-134.736549,58.27023],[-134.728943,58.27548],[-134.723952,58.26948],[-134.728706,58.259604],[-134.722526,58.254352],[-134.72514,58.245847],[-134.733222,58.248099],[-134.737262,58.261354]]],[[[-134.810943,58.05634],[-134.798821,58.062124],[-134.798381,58.0709],[-134.784238,58.070571],[-134.78461,58.081396],[-134.77058212274,58.0855934632216],[-134.723416,58.057129],[-134.697766,58.032036],[-134.678847,58.033889],[-134.673117,58.029599],[-134.628462,58.060992],[-134.588093,58.059695],[-134.577773,58.054116],[-134.556973,58.055592],[-134.551336,58.066516],[-134.560217,58.069368],[-134.56728,58.078576],[-134.54769,58.085331],[-134.538413,58.098172],[-134.510551,58.092777],[-134.447593,58.0983],[-134.422567,58.107571],[-134.417764,58.114875],[-134.175863,58.159559],[-134.180854,58.142878],[-134.169445,58.139867],[-134.166831,58.127445],[-134.217932,58.120541],[-134.201532,58.114265],[-134.184181,58.09907],[-134.181329,58.093292],[-134.189886,58.083617],[-134.187509,58.079848],[-134.171109,58.067404],[-134.149956,58.060741],[-134.150906,58.056214],[-134.141874,58.048416],[-134.110738,58.023125],[-134.101469,58.020734],[-134.089109,58.000336],[-134.100993,57.992274],[-134.095051,57.981312],[-133.991423,57.912188],[-134.001643,57.909032],[-133.989759,57.900318],[-134.005922,57.894002],[-133.970507,57.867844],[-133.975261,57.859373],[-133.946502,57.847359],[-133.921783,57.828001],[-133.920832,57.820154],[-133.899916,57.806987],[-133.897064,57.798248],[-133.905145,57.791914],[-133.904195,57.770119],[-133.896114,57.756299],[-133.885893,57.752875],[-133.891122,57.748309],[-133.889934,57.739811],[-133.874722,57.733213],[-133.893024,57.716333],[-133.889934,57.705795],[-133.894687,57.699064],[-133.88827,57.690426],[-133.892548,57.683947],[-133.853569,57.65204],[-133.828137,57.637031],[-133.819581,57.637285],[-133.810073,57.62876],[-133.802468,57.604065],[-133.803894,57.576421],[-133.816729,57.568901],[-133.836694,57.576676],[-133.853807,57.600372],[-133.855233,57.622397],[-133.863789,57.622142],[-133.910137,57.663738],[-133.933192,57.671366],[-133.942461,57.681278],[-133.969794,57.68725],[-133.972884,57.693221],[-133.969557,57.696397],[-133.979064,57.704271],[-133.981678,57.715444],[-133.997365,57.718999],[-133.992136,57.728391],[-134.006159,57.730167],[-133.994751,57.734228],[-134.000217,57.739937],[-133.998316,57.750592],[-134.020895,57.765175],[-134.015191,57.791028],[-134.033492,57.802301],[-134.024936,57.803061],[-134.02969,57.816229],[-134.102657,57.8509],[-134.110501,57.858867],[-134.103846,57.863419],[-134.119057,57.86797],[-134.124286,57.882884],[-134.14948,57.883769],[-134.153045,57.904107],[-134.169683,57.928977],[-134.151382,57.939576],[-134.160413,57.950046],[-134.159938,57.957991],[-134.192738,57.980304],[-134.194402,57.992148],[-134.224825,58.014439],[-134.243364,58.015069],[-134.256198,58.02451],[-134.268082,58.021111],[-134.313717,58.03722],[-134.317044,58.032942],[-134.242888,57.985848],[-134.235758,57.970347],[-134.235758,57.967069],[-134.246453,57.967322],[-134.328215,57.999328],[-134.34105,57.997439],[-134.340812,57.986856],[-134.321323,57.976775],[-134.325125,57.97249],[-134.314905,57.968204],[-134.309439,57.951938],[-134.280442,57.916986],[-134.282105,57.890465],[-134.298743,57.861017],[-134.310389,57.855832],[-134.304685,57.847991],[-134.306586,57.831038],[-134.288998,57.830405],[-134.284007,57.837365],[-134.289949,57.84875],[-134.285908,57.854947],[-134.252395,57.869234],[-134.250732,57.874164],[-134.243364,57.873911],[-134.21817,57.849129],[-134.209613,57.830532],[-134.158274,57.783299],[-134.137596,57.751734],[-134.120246,57.734989],[-134.104083,57.73334],[-134.103846,57.719506],[-134.062014,57.69627],[-134.064391,57.693983],[-134.046565,57.681151],[-134.046565,57.674924],[-134.089585,57.668442],[-134.096002,57.65967],[-134.088159,57.649878],[-134.07057,57.657254],[-134.011626,57.656618],[-133.975023,57.639703],[-133.936044,57.61425],[-133.946026,57.568647],[-133.939847,57.550797],[-133.927963,57.536001],[-133.886844,57.506518],[-133.853094,57.461163],[-133.858085,57.452469],[-133.83907,57.438656],[-133.83907,57.434306],[-133.850004,57.436481],[-133.886844,57.47535],[-133.913226,57.488638],[-133.918218,57.486083],[-133.909424,57.469855],[-133.922021,57.471516],[-133.930102,57.465893],[-133.909899,57.446458],[-133.897302,57.447098],[-133.87805,57.422662],[-133.885656,57.400388],[-133.867117,57.38284],[-133.868305,57.375665],[-133.862125,57.366694],[-133.872821,57.359901],[-133.87496,57.351823],[-133.916554,57.342077],[-133.92511,57.333483],[-133.946739,57.331559],[-133.949591,57.329891],[-133.943412,57.327068],[-133.946026,57.320524],[-133.961713,57.306404],[-133.979064,57.304479],[-134.002119,57.313465],[-134.012101,57.324373],[-134.05726,57.331943],[-134.07984,57.362849],[-134.087446,57.358875],[-134.087921,57.33143],[-134.099567,57.321679],[-134.107886,57.321294],[-134.121434,57.337203],[-134.123335,57.352208],[-134.138785,57.368232],[-134.157561,57.372205],[-134.169683,57.388989],[-134.192738,57.389374],[-134.196541,57.381687],[-134.15875,57.357849],[-134.158037,57.340538],[-134.169445,57.336305],[-134.164692,57.331687],[-134.143063,57.329891],[-134.127376,57.320524],[-134.126425,57.31539],[-134.141874,57.317058],[-134.16279,57.305249],[-134.12999,57.305891],[-134.111214,57.293179],[-134.10955,57.287014],[-134.093863,57.280847],[-134.097428,57.262343],[-134.117393,57.241386],[-134.12286,57.25013],[-134.151382,57.245372],[-134.149718,57.231353],[-134.157799,57.205873],[-134.213654,57.173933],[-134.230767,57.170325],[-134.236709,57.181405],[-134.263329,57.180761],[-134.270221,57.168392],[-134.253346,57.167619],[-134.255485,57.158469],[-134.283294,57.157953],[-134.284958,57.152281],[-134.276401,57.150089],[-134.279491,57.141837],[-134.293514,57.137323],[-134.334157,57.142998],[-134.329166,57.123779],[-134.359589,57.123392],[-134.379554,57.131906],[-134.39334,57.12752],[-134.380029,57.111778],[-134.397618,57.118747],[-134.409264,57.112036],[-134.403322,57.10597],[-134.374087,57.099515],[-134.37076,57.096804],[-134.373612,57.092027],[-134.424713,57.066709],[-134.484133,57.047967],[-134.484609,57.039175],[-134.474388,57.025595],[-134.51313,57.026888],[-134.546168,57.022102],[-134.561854,57.026888],[-134.572075,57.015762],[-134.573025,57.023137],[-134.581107,57.024689],[-134.56637,57.037365],[-134.573976,57.039175],[-134.599883,57.033097],[-134.611767,57.015633],[-134.619135,57.015633],[-134.617472,57.031933],[-134.608202,57.044347],[-134.620324,57.066192],[-134.616521,57.071877],[-134.630544,57.088153],[-134.62579,57.098483],[-134.637674,57.106486],[-134.632208,57.122747],[-134.623176,57.124811],[-134.623889,57.129584],[-134.63815,57.135518],[-134.623889,57.149316],[-134.608915,57.151379],[-134.603686,57.156922],[-134.626266,57.172387],[-134.640051,57.175093],[-134.636248,57.179087],[-134.643854,57.187459],[-134.643141,57.202525],[-134.653361,57.213982],[-134.651697,57.231096],[-134.636486,57.246272],[-134.624364,57.234312],[-134.603211,57.232382],[-134.591802,57.223119],[-134.570411,57.220417],[-134.555675,57.228265],[-134.537849,57.228394],[-134.550208,57.23817],[-134.594417,57.247687],[-134.614382,57.260672],[-134.612005,57.265556],[-134.617947,57.272239],[-134.590376,57.277892],[-134.574689,57.292536],[-134.569936,57.304093],[-134.509327,57.317058],[-134.511466,57.328608],[-134.52953,57.336305],[-134.565895,57.336946],[-134.57873,57.343488],[-134.567796,57.380278],[-134.576115,57.388221],[-134.579205,57.40026],[-134.558289,57.408326],[-134.527629,57.40551],[-134.524063,57.394497],[-134.531194,57.388861],[-134.505049,57.382968],[-134.483658,57.372333],[-134.430893,57.369898],[-134.411403,57.373487],[-134.409502,57.378228],[-134.424713,57.384762],[-134.467496,57.38425],[-134.471061,57.387068],[-134.466545,57.39296],[-134.488174,57.403333],[-134.493403,57.413063],[-134.544028,57.453236],[-134.548782,57.461291],[-134.545455,57.467682],[-134.555675,57.472794],[-134.567083,57.472794],[-134.567559,57.466276],[-134.611292,57.470111],[-134.605825,57.475478],[-134.581582,57.472283],[-134.575878,57.483145],[-134.589425,57.50256],[-134.605825,57.510221],[-134.591089,57.514689],[-134.598219,57.524517],[-134.594654,57.535108],[-134.612005,57.563548],[-134.678318,57.611959],[-134.674752,57.623543],[-134.691628,57.654711],[-134.692341,57.668442],[-134.705413,57.681787],[-134.69852,57.690553],[-134.708978,57.704398],[-134.727755,57.714809],[-134.734172,57.741967],[-134.727517,57.753383],[-134.730132,57.756426],[-134.709216,57.782159],[-134.718961,57.794068],[-134.705651,57.830912],[-134.721813,57.844829],[-134.71492,57.855579],[-134.729419,57.886296],[-134.743679,57.899686],[-134.739877,57.900571],[-134.747958,57.913956],[-134.747958,57.928725],[-134.758178,57.94109],[-134.742729,57.941469],[-134.759842,57.95156],[-134.760792,57.959379],[-134.772519,57.971439],[-134.771202,57.975941],[-134.757973,57.974199],[-134.761505,57.98799],[-134.766497,57.99832],[-134.802708,58.02866],[-134.797419,58.033121],[-134.809517,58.045397],[-134.810943,58.05634]]],[[[-134.968762,58.37121],[-134.963771,58.375448],[-134.964246,58.386289],[-134.957354,58.401361],[-134.959968,58.405097],[-134.953788,58.410824],[-134.932635,58.397625],[-134.932635,58.392767],[-134.920751,58.383672],[-134.888664,58.32319],[-134.869887,58.321568],[-134.881387,58.353604],[-134.897404,58.377763],[-134.893027,58.377943],[-134.863708,58.345275],[-134.853963,58.34066],[-134.835662,58.341283],[-134.803812,58.321817],[-134.801198,58.295346],[-134.782659,58.29035],[-134.774578,58.279479],[-134.754137,58.273605],[-134.741065,58.256853],[-134.74463,58.252726],[-134.737975,58.240718],[-134.726804,58.23221],[-134.709574631708,58.228625866098],[-134.742951,58.189098],[-134.755431,58.186801],[-134.755289,58.175112],[-134.761226,58.169238],[-134.772728,58.166496],[-134.769438,58.122903],[-134.777192,58.098693],[-134.784323,58.096432],[-134.801436,58.104722],[-134.829482,58.151784],[-134.850635,58.164073],[-134.856102,58.176482],[-134.883197,58.184001],[-134.898409,58.194149],[-134.902687,58.206799],[-134.912432,58.213686],[-134.91671,58.22783],[-134.882722,58.24297],[-134.879632,58.250225],[-134.907203,58.257478],[-134.907916,58.247723],[-134.916473,58.243345],[-134.943093,58.272105],[-134.949272,58.302091],[-134.95664,58.310957],[-134.950223,58.333798],[-134.95664,58.340784],[-134.954739,58.347396],[-134.960919,58.34752],[-134.968762,58.37121]]],[[[-135.11573,57.899111],[-135.104,57.899373],[-135.102539,57.898485],[-135.110028,57.895902],[-135.11573,57.899111]]],[[[-135.462479,58.328544],[-135.457679,58.327464],[-135.450075,58.319241],[-135.461063,58.319732],[-135.462479,58.328544]]],[[[-135.488621,58.343642],[-135.481423,58.343327],[-135.480092,58.341761],[-135.486668,58.340733],[-135.488621,58.343642]]],[[[-135.498388,58.152065],[-135.496605,58.153194],[-135.491258,58.150686],[-135.495061,58.148741],[-135.498388,58.152065]]],[[[-135.50124,58.189044],[-135.492684,58.189983],[-135.488762,58.18635],[-135.49411,58.18328],[-135.50124,58.189044]]],[[[-135.732663,58.369232],[-135.710518,58.377109],[-135.664674,58.383897],[-135.631592,58.382761],[-135.58614,58.367593],[-135.537601,58.339858],[-135.552391,58.32906],[-135.57618,58.326216],[-135.625238,58.329733],[-135.648724,58.326818],[-135.679893,58.331475],[-135.711352,58.350244],[-135.732663,58.369232]]],[[[-135.920472,59.404198],[-135.913612,59.40421],[-135.913746,59.409422],[-135.881434,59.409542],[-135.881418,59.402331],[-135.867249,59.402362],[-135.867237,59.395108],[-135.852041,59.395109],[-135.85201,59.387351],[-135.87875,59.399513],[-135.900535,59.397948],[-135.920472,59.404198]]],[[[-135.992152,58.655713],[-135.986811,58.65598],[-135.986914,58.650243],[-135.993063,58.651946],[-135.992152,58.655713]]],[[[-136.027389,58.512563],[-136.007186,58.523424],[-135.986865,58.518397],[-136.005523,58.506045],[-136.027151,58.506045],[-136.027389,58.512563]]],[[[-136.058525,58.725594],[-136.051632,58.727445],[-136.035708,58.714611],[-136.05496,58.718683],[-136.060664,58.722632],[-136.058525,58.725594]]],[[[-136.067411,58.672521],[-136.06222,58.672597],[-136.060284,58.669017],[-136.066371,58.670683],[-136.067411,58.672521]]],[[[-136.076589,58.793638],[-136.068745,58.78982],[-136.071835,58.782922],[-136.079679,58.790682],[-136.076589,58.793638]]],[[[-136.15248,58.599382],[-136.144271,58.609013],[-136.107915,58.602558],[-136.087683,58.569968],[-136.096295,58.561153],[-136.10393,58.560639],[-136.151933,58.594525],[-136.15248,58.599382]]],[[[-136.157875,58.281177],[-136.136484,58.289674],[-136.117945,58.304038],[-136.094415,58.30129],[-136.048067,58.318646],[-136.035946,58.317023],[-136.037134,58.272929],[-136.059,58.274679],[-136.077777,58.266929],[-136.078253,58.260428],[-136.100832,58.257177],[-136.13173,58.262803],[-136.157875,58.281177]]],[[[-136.186991,58.632373],[-136.178672,58.628785],[-136.176295,58.62631],[-136.182713,58.626186],[-136.186991,58.632373]]],[[[-136.246906,58.201459],[-136.240603,58.202531],[-136.237742,58.198042],[-136.242489,58.197762],[-136.246906,58.201459]]],[[[-136.247124,58.664401],[-136.237141,58.675277],[-136.221455,58.675524],[-136.214562,58.668233],[-136.210759,58.644866],[-136.202678,58.636332],[-136.209808,58.632496],[-136.233101,58.643258],[-136.237379,58.652286],[-136.246886,58.657973],[-136.247124,58.664401]]],[[[-136.404587,58.270804],[-136.378204,58.269929],[-136.36632,58.263679],[-136.351584,58.265429],[-136.324183,58.256633],[-136.321307,58.261897],[-136.325677,58.265481],[-136.339007,58.265861],[-136.343246,58.270777],[-136.319314,58.26714],[-136.316919,58.271743],[-136.301972,58.267071],[-136.282182,58.269804],[-136.279971,58.266117],[-136.294541,58.254301],[-136.286698,58.24467],[-136.311892,58.229656],[-136.327103,58.236288],[-136.355387,58.23804],[-136.358952,58.235913],[-136.352773,58.230157],[-136.361804,58.22828],[-136.373688,58.231909],[-136.375115,58.240417],[-136.383433,58.243544],[-136.375115,58.248673],[-136.406726,58.267679],[-136.404587,58.270804]]],[[[-136.407201,58.197073],[-136.384859,58.20847],[-136.385929,58.201019],[-136.369173,58.199703],[-136.376184,58.194881],[-136.394723,58.198701],[-136.399358,58.19225],[-136.407201,58.197073]]],[[[-136.412549,58.176776],[-136.401735,58.176776],[-136.382839,58.157783],[-136.396149,58.156216],[-136.406607,58.164115],[-136.412549,58.176776]]],[[[-136.480039,58.776463],[-136.476825,58.777625],[-136.479381,58.783725],[-136.456696,58.778987],[-136.437692,58.760771],[-136.459035,58.763508],[-136.481923,58.773296],[-136.480039,58.776463]]],[[[-136.513486,58.774114],[-136.48761,58.771344],[-136.47314,58.759406],[-136.512419,58.77059],[-136.513486,58.774114]]],[[[-136.575909,58.031966],[-136.55939,58.038383],[-136.565927,58.043226],[-136.558202,58.044422],[-136.556419,58.056244],[-136.559628,58.059451],[-136.566402,58.054358],[-136.568422,58.063349],[-136.550477,58.072526],[-136.559747,58.076987],[-136.551309,58.087355],[-136.545011,58.085784],[-136.545843,58.091501],[-136.537405,58.097467],[-136.50615,58.097028],[-136.499852,58.106322],[-136.490701,58.104375],[-136.490107,58.099603],[-136.47644,58.102303],[-136.467884,58.098849],[-136.446849,58.111972],[-136.451008,58.114734],[-136.445066,58.115111],[-136.449107,58.120635],[-136.445304,58.12371],[-136.426171,58.125655],[-136.409058,58.137577],[-136.381012,58.140462],[-136.379942,58.14755],[-136.371267,58.149682],[-136.341319,58.139082],[-136.322661,58.123082],[-136.314224,58.124337],[-136.290099,58.114672],[-136.282612,58.101487],[-136.273937,58.102177],[-136.282018,58.118689],[-136.304241,58.132558],[-136.302102,58.143975],[-136.290575,58.141968],[-136.28998,58.147487],[-136.304598,58.154636],[-136.320047,58.15495],[-136.327534,58.161784],[-136.323969,58.168804],[-136.356293,58.191299],[-136.349163,58.197625],[-136.363661,58.213466],[-136.354986,58.222667],[-136.332287,58.218974],[-136.330029,58.212464],[-136.319334,58.209897],[-136.294853,58.223605],[-136.281543,58.22323],[-136.274056,58.215657],[-136.275015,58.20121],[-136.246146,58.184347],[-136.238315,58.157979],[-136.199126,58.155819],[-136.190155,58.162787],[-136.201445,58.172251],[-136.201801,58.179834],[-136.159287,58.210898],[-136.14963,58.213278],[-136.158487,58.221221],[-136.13721,58.224407],[-136.069889,58.214718],[-136.040417,58.218599],[-136.035188,58.216846],[-136.039585,58.214029],[-136.036495,58.210586],[-136.015223,58.199879],[-136.02164,58.196372],[-136.019501,58.1918],[-135.995614,58.188417],[-135.978858,58.193428],[-135.970776,58.210023],[-135.9438,58.219663],[-135.943681,58.225107],[-135.913258,58.243814],[-135.870476,58.251068],[-135.834111,58.269136],[-135.829357,58.280572],[-135.79727,58.288006],[-135.779444,58.284383],[-135.769224,58.266323],[-135.754963,58.267136],[-135.74914,58.254195],[-135.734047,58.23981],[-135.713607,58.238497],[-135.707071,58.232616],[-135.679619,58.225358],[-135.643069,58.231012],[-135.622457,58.212276],[-135.585022,58.203135],[-135.580625,58.205452],[-135.590489,58.210962],[-135.58728,58.214718],[-135.542478,58.185159],[-135.527623,58.187603],[-135.495536,58.171249],[-135.504805,58.165858],[-135.502072,58.161345],[-135.523939,58.149808],[-135.519066,58.126597],[-135.521324,58.12007],[-135.539507,58.10764],[-135.539031,58.100419],[-135.559709,58.093134],[-135.568385,58.084842],[-135.583002,58.082077],[-135.593935,58.074725],[-135.593698,58.068817],[-135.605344,58.067623],[-135.614613,58.060771],[-135.610811,58.053855],[-135.62519,58.049076],[-135.671894,58.054358],[-135.665477,58.044107],[-135.63446,58.032784],[-135.676529,58.042849],[-135.690671,58.041968],[-135.679143,58.03184],[-135.654068,58.026869],[-135.657515,58.023848],[-135.641234,58.02624],[-135.626022,58.022212],[-135.622457,58.017428],[-135.634341,58.012204],[-135.631489,58.004711],[-135.636955,57.998099],[-135.633152,57.987013],[-135.594054,57.989848],[-135.588587,57.998855],[-135.570524,58.008174],[-135.56173,58.019757],[-135.561967,58.043478],[-135.547112,58.044799],[-135.545092,58.062783],[-135.539269,58.056307],[-135.531544,58.062154],[-135.513837,58.06448],[-135.509202,58.075982],[-135.48389,58.080444],[-135.497081,58.082329],[-135.496605,58.088423],[-135.49102,58.09081],[-135.473669,58.082768],[-135.462142,58.089239],[-135.476759,58.096777],[-135.447881,58.102743],[-135.457388,58.109147],[-135.448356,58.109398],[-135.463449,58.12302],[-135.466301,58.131993],[-135.431125,58.135318],[-135.419835,58.143348],[-135.406881,58.144414],[-135.350789,58.123459],[-135.31995,58.117801],[-135.336195,58.118219],[-135.344847,58.109335],[-135.332488,58.103057],[-135.326427,58.108205],[-135.317989,58.106385],[-135.297549,58.090056],[-135.273781,58.097342],[-135.237416,58.092129],[-135.2247,58.095206],[-135.180729,58.086035],[-135.172886,58.090684],[-135.139848,58.087166],[-135.116318,58.091061],[-135.086964,58.081135],[-135.078051,58.071017],[-135.114892,58.072651],[-135.115011,58.063537],[-135.109544,58.060771],[-135.092788,58.063914],[-135.074367,58.058822],[-135.030634,58.058193],[-135.019701,58.052912],[-134.965985,58.045868],[-134.94026,58.02864],[-134.931611,58.015845],[-134.934763,58.011771],[-134.928984,57.999407],[-134.913339,57.977499],[-134.938296,57.969306],[-134.937464,57.953293],[-134.920113,57.948185],[-134.922371,57.92377],[-134.938771,57.919541],[-134.940673,57.914492],[-134.958023,57.912913],[-134.957191,57.906158],[-134.999617,57.888474],[-134.98468,57.875894],[-134.939263,57.85343],[-134.938835,57.848279],[-134.976366,57.865692],[-135.028376,57.898896],[-135.040773,57.89552],[-135.081854,57.91102],[-135.138779,57.923265],[-135.167181,57.938093],[-135.199625,57.942635],[-135.205567,57.935065],[-135.165518,57.917774],[-135.171816,57.916764],[-135.163497,57.905463],[-135.153634,57.903317],[-135.14175,57.892138],[-135.117031,57.882662],[-135.074367,57.878492],[-135.056185,57.864967],[-135.040379,57.868254],[-135.034913,57.851374],[-135.029802,57.849097],[-135.034081,57.842899],[-135.025287,57.840558],[-135.018988,57.846314],[-134.997003,57.840369],[-134.990348,57.833663],[-135.008649,57.834106],[-135.009124,57.828854],[-134.978226,57.824551],[-134.957548,57.816387],[-134.956478,57.809803],[-134.948159,57.805371],[-134.981197,57.802332],[-135.023979,57.778324],[-135.055115,57.778641],[-135.058443,57.78295],[-135.071991,57.774776],[-135.082211,57.7839],[-135.093025,57.785674],[-135.1181,57.777754],[-135.111796268438,57.7669056603999],[-135.122558,57.762558],[-135.217987,57.758789],[-135.275879,57.773285],[-135.426727,57.843994],[-135.528534,57.88047],[-135.75702,57.942719],[-135.81891,57.974144],[-135.894086,58.000878],[-135.901964,58.001343],[-135.9799,57.8903],[-136.024328,57.838795],[-136.428181480596,57.8311700000901],[-136.437223,57.843215],[-136.452197,57.842393],[-136.463724,57.847642],[-136.465269,57.856622],[-136.47644,57.852069],[-136.486066,57.854725],[-136.484997,57.858771],[-136.496049,57.870656],[-136.472637,57.8874],[-136.489156,57.889675],[-136.48666,57.898644],[-136.521362,57.901106],[-136.518985,57.909631],[-136.507933,57.917963],[-136.509359,57.927178],[-136.544298,57.903948],[-136.554161,57.910704],[-136.57175,57.909441],[-136.574483,57.932604],[-136.562124,57.935822],[-136.557964,57.941878],[-136.563312,57.948059],[-136.5727,57.94932],[-136.573176,57.955752],[-136.562242,57.970693],[-136.561054,57.988147],[-136.54715,57.987832],[-136.533246,57.99791],[-136.542634,58.005593],[-136.565927,58.005467],[-136.56866,58.018247],[-136.557251,58.027372],[-136.560341,58.030518],[-136.572938,58.026554],[-136.575909,58.031966]]],[[[-136.577855,58.890972],[-136.575003,58.895392],[-136.562406,58.896989],[-136.556226,58.893919],[-136.551948,58.879427],[-136.566209,58.880286],[-136.577855,58.890972]]],[[[-136.783092,58.27721],[-136.779705,58.279072],[-136.775925,58.277913],[-136.781346,58.273377],[-136.783092,58.27721]]],[[[-136.864259,58.938341],[-136.848573,58.948886],[-136.810306,58.941774],[-136.813158,58.927793],[-136.791292,58.91626],[-136.786538,58.907178],[-136.821002,58.910246],[-136.85903,58.929387],[-136.864259,58.938341]]],[[[-137.945227,58.808012],[-137.526131029392,58.9068439298878],[-137.447383,58.909513],[-137.264752,59.002352],[-136.863896,59.138472],[-136.826633,59.158389],[-136.581521,59.164909],[-136.488402,59.25929],[-136.474365,59.256478],[-136.445483,59.265766],[-136.442284,59.253172],[-136.423811,59.246178],[-136.393692,59.245873],[-136.386288,59.252863],[-136.36548,59.247609],[-136.370094,59.237512],[-136.362339,59.232961],[-136.261664,59.227074],[-136.235155,59.213138],[-136.189749,59.219081],[-136.186126,59.206953],[-136.165934,59.200957],[-136.165316,59.18738],[-136.157918,59.183944],[-136.133541,59.188415],[-136.121542,59.207608],[-136.107895,59.215693],[-136.097006,59.208438],[-136.098505,59.201234],[-136.051456,59.196802],[-136.058331,59.191938],[-136.056709,59.179072],[-136.05101,59.17745],[-136.019437,59.178196],[-136.010841,59.186802],[-135.996633,59.181546],[-135.89905,59.17906],[-135.891804,59.170986],[-135.881543,59.168322],[-135.885714,59.159747],[-135.848346,59.152774],[-135.824289,59.138006],[-135.795721,59.142426],[-135.76423,59.136154],[-135.727964,59.115314],[-135.699146,59.10741],[-135.710383,59.101491],[-135.716832,59.088888],[-135.713102,59.083812],[-135.719093,59.08274],[-135.723091,59.069847],[-135.694502,59.028618],[-135.695634,59.02152],[-135.656883,59.010838],[-135.654894,59.003843],[-135.643683,59.002069],[-135.636472,58.99223],[-135.626695,58.988217],[-135.586346,58.981853],[-135.588293,58.970049],[-135.566059,58.962806],[-135.568208,58.940405],[-135.59013,58.937137],[-135.589025,58.927386],[-135.608182,58.92311],[-135.601508,58.915961],[-135.605493,58.903989],[-135.582203,58.897745],[-135.554672,58.901813],[-135.541013,58.892142],[-135.524117,58.887696],[-135.529457,58.8841],[-135.527651,58.874288],[-135.532009,58.869238],[-135.551602,58.875287],[-135.579059,58.861644],[-135.597939,58.861611],[-135.618647,58.852325],[-135.639389,58.856736],[-135.653896,58.85257],[-135.683487,58.853598],[-135.676375,58.838379],[-135.712286,58.824077],[-135.709016,58.80571],[-135.712815,58.796728],[-135.732253,58.78764],[-135.729941,58.776393],[-135.733739,58.768372],[-135.727101,58.765154],[-135.753423,58.756303],[-135.755204,58.744799],[-135.744147,58.733052],[-135.747111,58.724895],[-135.730835,58.725355],[-135.704196,58.737983],[-135.665534,58.710215],[-135.658839,58.718409],[-135.638435,58.723398],[-135.634561,58.714665],[-135.616599,58.706435],[-135.611346,58.710023],[-135.597753,58.706451],[-135.591523,58.711469],[-135.581943,58.70742],[-135.579309,58.70013],[-135.551001,58.698793],[-135.540241,58.688748],[-135.543115,58.684472],[-135.538835,58.677966],[-135.546535,58.675299],[-135.544118,58.67],[-135.530234,58.657021],[-135.512456,58.660013],[-135.49982,58.650898],[-135.489319,58.656516],[-135.466202,58.638924],[-135.436906,58.636462],[-135.405223,58.620593],[-135.395839,58.602778],[-135.415879,58.586572],[-135.381437,58.572475],[-135.362715,58.552521],[-135.375915,58.54127],[-135.334526,58.525786],[-135.316732,58.504393],[-135.330106,58.495513],[-135.355659,58.491005],[-135.369971,58.494361],[-135.379226,58.502403],[-135.409078,58.505013],[-135.410907,58.510028],[-135.426193,58.513898],[-135.468177,58.510853],[-135.492906334642,58.4996603108082],[-135.497601,58.503282],[-135.510436,58.501792],[-135.511862,58.492228],[-135.484291,58.47558],[-135.486905,58.470484],[-135.478587,58.465263],[-135.481914,58.459669],[-135.478824,58.450343],[-135.489282,58.454074],[-135.500928,58.470236],[-135.495462,58.4721],[-135.502355,58.477319],[-135.515189,58.475207],[-135.496175,58.443751],[-135.458146,58.408034],[-135.459097,58.399317],[-135.475259,58.375771],[-135.504018,58.378388],[-135.557972,58.408532],[-135.576273,58.407163],[-135.618818,58.425586],[-135.682244,58.402337],[-135.717736,58.397676],[-135.721661,58.392699],[-135.732671,58.393692],[-135.732888,58.401418],[-135.753656,58.3983],[-135.761774,58.404026],[-135.771763,58.397224],[-135.827218,58.386698],[-135.916155,58.378886],[-135.921519,58.382063],[-135.919802,58.386849],[-135.908054,58.398787],[-135.899517,58.418118],[-135.905459,58.426582],[-135.897378,58.433177],[-135.900943,58.437656],[-135.898804,58.449597],[-135.875274,58.458053],[-135.87266,58.463026],[-135.90023,58.466631],[-135.920196,58.46141],[-135.939687,58.449842],[-135.996534,58.469177],[-135.995354,58.477147],[-135.999887,58.481786],[-135.990948,58.487315],[-135.971772,58.485396],[-135.972234,58.493335],[-135.957511,58.503282],[-135.936261,58.498824],[-135.930891,58.516938],[-135.954659,58.520538],[-135.958512,58.535365],[-135.971059,58.540391],[-135.969395,58.555149],[-135.975575,58.571016],[-135.993876,58.583284],[-135.995778,58.592327],[-135.977714,58.590593],[-135.977476,58.583036],[-135.968682,58.579567],[-135.937546,58.595052],[-135.905222,58.57461],[-135.882433,58.585788],[-135.86957,58.58477],[-135.844376,58.599138],[-135.847228,58.604587],[-135.864578,58.600377],[-135.885019,58.60211],[-135.91069,58.61709],[-135.911164,58.626743],[-135.924474,58.630331],[-135.918056,58.636765],[-135.91972,58.641836],[-135.934694,58.648638],[-135.947766,58.662733],[-135.961076,58.694116],[-135.955372,58.698808],[-135.977476,58.698438],[-135.988828,58.690717],[-135.995302,58.706093],[-136.014792,58.715104],[-136.018833,58.723126],[-136.011227,58.732626],[-135.995302,58.728925],[-135.991737,58.73275],[-136.001244,58.741754],[-136.016931,58.744837],[-136.035233,58.759879],[-136.043314,58.779843],[-136.086334,58.810628],[-136.089186,58.81912],[-136.079441,58.829455],[-136.048512,58.840646],[-136.015505,58.843722],[-136.013128,58.85528],[-136.046281,58.851365],[-136.060189,58.854788],[-136.05187,58.862163],[-136.065656,58.875434],[-136.06827,58.886858],[-136.056624,58.892998],[-136.063041,58.897664],[-136.063754,58.904784],[-136.052824,58.911748],[-136.053296,58.918284],[-136.060902,58.923806],[-136.059951,58.928222],[-136.081818,58.935213],[-136.087522,58.946863],[-136.104873,58.956915],[-136.126026,58.959611],[-136.117707,58.961204],[-136.121273,58.966474],[-136.111765,58.976152],[-136.155974,58.979337],[-136.161916,58.973947],[-136.160293,58.961999],[-136.149319,58.953728],[-136.150507,58.944288],[-136.125551,58.93552],[-136.118658,58.921045],[-136.1082,58.914542],[-136.131017,58.912578],[-136.137197,58.903373],[-136.116757,58.892077],[-136.113344,58.885593],[-136.118658,58.881638],[-136.10511,58.863822],[-136.109864,58.860627],[-136.107725,58.856939],[-136.114855,58.84735],[-136.113905,58.838742],[-136.122936,58.829517],[-136.121986,58.823734],[-136.152171,58.796778],[-136.142426,58.779165],[-136.157638,58.776824],[-136.151458,58.754023],[-136.156925,58.749338],[-136.190675,58.755379],[-136.234883,58.750818],[-136.253898,58.754023],[-136.278379,58.771526],[-136.322112,58.779535],[-136.390732,58.810381],[-136.401022,58.82964],[-136.42812,58.817946],[-136.436911,58.827302],[-136.458065,58.824718],[-136.488963,58.83825],[-136.509641,58.862716],[-136.50774,58.88262],[-136.531745,58.920064],[-136.525566,58.925462],[-136.530557,58.947905],[-136.558603,58.959917],[-136.570522,58.958107],[-136.575523,58.941407],[-136.571676,58.926075],[-136.576667,58.913805],[-136.590353,58.907607],[-136.600435,58.915278],[-136.609229,58.932944],[-136.6368,58.947047],[-136.658666,58.976459],[-136.698597,59.00303],[-136.711194,59.001929],[-136.698597,58.983318],[-136.632522,58.923254],[-136.622777,58.903495],[-136.628956,58.889498],[-136.657953,58.896252],[-136.670412,58.893224],[-136.713095,58.919327],[-136.75564,58.932454],[-136.790816,58.936992],[-136.798368,58.944188],[-136.83146,58.954892],[-136.847622,58.954402],[-136.875906,58.963104],[-136.902526,58.986624],[-136.953865,59.005356],[-136.974067,59.021875],[-136.976682,59.030071],[-137.008887,59.042258],[-137.033078,59.065468],[-137.042621,59.065349],[-137.070192,59.050585],[-137.04755,59.022323],[-137.029841,59.013365],[-137.014948,59.019306],[-137.008329,59.017391],[-137.000445,59.003179],[-137.003602,58.997916],[-136.971228,58.977013],[-136.93835,58.965684],[-136.918132,58.947765],[-136.917236,58.935372],[-136.931974,58.926315],[-136.932711,58.918041],[-136.984076,58.926193],[-137.001021,58.921554],[-137.021163,58.924417],[-137.046742,58.915269],[-137.063599,58.897708],[-137.066723,58.890909],[-137.060496,58.887511],[-137.071576,58.884334],[-137.078092,58.875079],[-137.101702,58.860835],[-137.117992,58.858766],[-137.122192,58.84787],[-137.133962,58.837894],[-137.112909,58.830697],[-137.100751,58.833699],[-137.048854,58.874551],[-137.034913,58.878812],[-137.030598,58.887449],[-137.01994,58.892691],[-137.018004,58.901509],[-136.999722,58.902856],[-136.941328,58.892431],[-136.92395,58.899972],[-136.892965,58.886102],[-136.87477,58.888342],[-136.8447,58.881929],[-136.824545,58.86949],[-136.817122,58.840939],[-136.808174,58.841502],[-136.799906,58.876849],[-136.764118,58.872884],[-136.745684,58.876715],[-136.711771,58.865862],[-136.708722,58.859422],[-136.700107,58.856805],[-136.677323,58.85727],[-136.66997,58.853813],[-136.663185,58.841943],[-136.613755,58.846472],[-136.560325,58.831269],[-136.514351,58.802823],[-136.488316,58.794309],[-136.503552,58.79335],[-136.502691,58.788178],[-136.512903,58.784794],[-136.50671,58.778436],[-136.510242,58.777317],[-136.551255,58.786194],[-136.556362,58.78196],[-136.551926,58.775648],[-136.575345,58.774484],[-136.585426,58.762696],[-136.544652,58.750292],[-136.534495,58.742134],[-136.531684,58.726546],[-136.523694,58.722711],[-136.51413,58.727215],[-136.512173,58.737839],[-136.520746,58.744765],[-136.509988,58.757054],[-136.489708,58.749838],[-136.487705,58.74617],[-136.501875,58.741978],[-136.498591,58.737022],[-136.46142,58.739838],[-136.413598,58.726113],[-136.391736,58.717448],[-136.388651,58.708965],[-136.375642,58.705191],[-136.350742,58.6878],[-136.361382,58.685996],[-136.373005,58.669506],[-136.389257,58.663234],[-136.397394,58.653813],[-136.439019,58.643145],[-136.500803,58.604895],[-136.527829,58.608391],[-136.535486,58.60367],[-136.534358,58.600018],[-136.514069,58.592374],[-136.468998,58.587279],[-136.46123,58.608897],[-136.445641,58.616802],[-136.413228,58.622442],[-136.393191,58.616757],[-136.358401,58.596961],[-136.361256,58.607134],[-136.387415,58.626672],[-136.373926,58.637043],[-136.345742,58.647105],[-136.332662,58.633476],[-136.308063,58.623136],[-136.32639,58.640012],[-136.330043,58.664262],[-136.320929,58.671442],[-136.313323,58.670947],[-136.269566,58.649589],[-136.257968,58.635347],[-136.208294,58.615149],[-136.197322,58.597665],[-136.228345,58.602733],[-136.215432,58.590873],[-136.214122,58.586223],[-136.221139,58.582089],[-136.218213,58.578278],[-136.196055,58.586945],[-136.191745,58.584213],[-136.208968,58.57882],[-136.201987,58.574241],[-136.203678,58.568485],[-136.194713,58.57128],[-136.180252,58.55947],[-136.176739,58.561574],[-136.178337,58.570085],[-136.15561,58.563702],[-136.140389,58.546983],[-136.143204,58.535096],[-136.124669,58.525231],[-136.118466,58.515505],[-136.099327,58.512401],[-136.096039,58.506829],[-136.105129,58.498339],[-136.102133,58.476559],[-136.072379,58.467171],[-136.075241,58.458533],[-136.088398,58.453436],[-136.086887,58.445951],[-136.066095,58.435279],[-136.056121,58.41345],[-136.06209,58.402164],[-136.057948,58.393173],[-136.038031,58.382039],[-136.054761,58.375901],[-136.054958,58.371796],[-136.077399,58.365958],[-136.106282,58.344517],[-136.124589,58.34185],[-136.158921,58.345501],[-136.185115,58.339309],[-136.207355,58.342579],[-136.209069,58.337973],[-136.204659,58.334138],[-136.218392,58.327593],[-136.28174,58.314896],[-136.298225,58.320362],[-136.304087,58.325477],[-136.304999,58.334339],[-136.276393,58.36671],[-136.31868,58.382469],[-136.326715,58.378004],[-136.323538,58.369632],[-136.350871,58.369882],[-136.356453,58.375177],[-136.368785,58.37061],[-136.382599,58.373602],[-136.390937,58.368928],[-136.362182,58.343961],[-136.361731,58.339036],[-136.368611,58.335232],[-136.358413,58.330223],[-136.373848,58.312148],[-136.369764,58.3028],[-136.390398,58.297416],[-136.40725,58.303288],[-136.407633,58.311719],[-136.438885,58.315592],[-136.454577,58.310017],[-136.456616,58.303188],[-136.475415,58.307441],[-136.486791,58.302017],[-136.505094,58.310161],[-136.510359,58.307444],[-136.481681,58.289808],[-136.48304,58.283272],[-136.498128,58.29642],[-136.508809,58.297027],[-136.51803,58.311778],[-136.539114,58.318053],[-136.561816,58.318147],[-136.578087,58.345181],[-136.596008,58.35369],[-136.606725,58.345497],[-136.637751,58.33802],[-136.636325,58.329535],[-136.622284,58.325378],[-136.606831,58.299814],[-136.586531,58.298074],[-136.588789,58.288456],[-136.577261,58.282521],[-136.567041,58.26971],[-136.567041,58.244764],[-136.578093,58.244013],[-136.578555,58.238098],[-136.588789,58.235819],[-136.581777,58.226246],[-136.595087,58.216733],[-136.619824,58.209899],[-136.67982,58.209597],[-136.685168,58.210849],[-136.686237,58.217422],[-136.70133,58.220551],[-136.708935,58.228272],[-136.728053,58.252124],[-136.730485,58.261095],[-136.724864,58.264369],[-136.730781,58.266838],[-136.717017,58.278272],[-136.695161,58.282827],[-136.694471,58.27769],[-136.678397,58.272144],[-136.676409,58.275287],[-136.681603,58.277047],[-136.685524,58.289205],[-136.676948,58.297089],[-136.67969,58.298743],[-136.706111,58.297368],[-136.733436,58.28801],[-136.732347,58.293265],[-136.739002,58.296263],[-136.734895,58.302339],[-136.74369,58.305212],[-136.758633,58.289283],[-136.791292,58.291704],[-136.793074,58.313933],[-136.781547,58.322546],[-136.772872,58.320924],[-136.770639,58.329205],[-136.800324,58.331407],[-136.807692,58.336336],[-136.804126,58.34669],[-136.806972,58.350073],[-136.816839,58.345753],[-136.81912,58.335992],[-136.802103,58.322394],[-136.811191,58.321152],[-136.811267,58.316215],[-136.822275,58.308396],[-136.838265,58.30916],[-136.844383,58.31749],[-136.867859,58.310141],[-136.874046,58.318186],[-136.851781,58.319676],[-136.856059,58.331969],[-136.845958,58.332156],[-136.844039,58.342969],[-136.848691,58.349059],[-136.841794,58.366781],[-136.873699,58.367753],[-136.874734,58.360045],[-136.86825,58.357182],[-136.872053,58.34665],[-136.886197,58.341975],[-136.909006,58.345125],[-136.91251,58.348403],[-136.904702,58.355915],[-136.902974,58.370601],[-136.890998,58.3844],[-136.898248,58.386643],[-136.911082,58.379229],[-136.929859,58.379229],[-136.928908,58.383216],[-136.911439,58.386269],[-136.913578,58.393494],[-136.92154,58.397044],[-136.948873,58.395238],[-137.014592,58.409871],[-137.026238,58.404766],[-137.069496,58.400594],[-137.074844,58.39829],[-137.073824,58.385212],[-137.093264,58.38141],[-137.161359,58.424311],[-137.18024,58.42806],[-137.239366,58.453159],[-137.278612,58.459484],[-137.311335,58.478096],[-137.400346,58.507472],[-137.408427,58.516163],[-137.459528,58.543275],[-137.564464,58.586164],[-137.607246,58.599603],[-137.644205,58.603937],[-137.667023,58.614522],[-137.677481,58.620834],[-137.67451,58.646505],[-137.687627,58.664989],[-137.79537,58.724329],[-137.930015,58.784308],[-137.941828,58.794322],[-137.945227,58.808012]]]]}},{"type":"Feature","properties":{"GEOID":"02150","NAME":"Kodiak Island","state":"AK","wildfire_risk_score":23.219,"wildfire_eal_total":9833.17,"risk_band":"Moderate","source":"FEMA National Risk Index v1.20 (December 2025)"},"geometry":{"type":"MultiPolygon","coordinates":[[[[-151.896133,58.197682],[-151.887576,58.204069],[-151.892805,58.217341],[-151.867849,58.228356],[-151.866423,58.23161],[-151.87902,58.244621],[-151.868087,58.254252],[-151.844556,58.259879],[-151.834336,58.26838],[-151.811044,58.263255],[-151.789177,58.251],[-151.796783,58.224351],[-151.794406,58.210831],[-151.807954,58.186908],[-151.822452,58.179641],[-151.868562,58.165351],[-151.876881,58.170867],[-151.876168,58.182272],[-151.894944,58.189038],[-151.896133,58.197682]]],[[[-152.024024,58.915213],[-152.021885,58.921041],[-152.008099,58.916501],[-152.002752,58.922146],[-151.980885,58.925581],[-151.954027,58.917115],[-152.015349,58.907972],[-152.021766,58.909138],[-152.024024,58.915213]]],[[[-152.050882,58.887775],[-152.045653,58.891029],[-152.029015,58.890047],[-152.030679,58.885994],[-152.043276,58.883845],[-152.050882,58.887775]]],[[[-152.077858,58.923188],[-152.068114,58.925887],[-152.060508,58.935946],[-152.065737,58.944468],[-152.042444,58.942874],[-152.041731,58.95023],[-152.037096,58.950353],[-152.003108,58.941403],[-152.011546,58.936191],[-152.02854,58.937663],[-152.051595,58.925397],[-152.055754,58.90969],[-152.078453,58.913986],[-152.077858,58.923188]]],[[[-152.162591,58.969901],[-152.147855,58.970084],[-152.143577,58.967573],[-152.159026,58.967389],[-152.162591,58.969901]]],[[[-152.225695,58.894713],[-152.211197,58.902203],[-152.199075,58.903123],[-152.204423,58.894284],[-152.217733,58.890108],[-152.225695,58.894713]]],[[[-152.310884,57.75493],[-152.300426,57.764439],[-152.270716,57.775848],[-152.253603,57.7908],[-152.243858,57.794347],[-152.227696,57.784845],[-152.212247,57.791433],[-152.212247,57.780917],[-152.243383,57.776862],[-152.236966,57.773059],[-152.294246,57.753915],[-152.298762,57.745925],[-152.309458,57.74935],[-152.310884,57.75493]]],[[[-152.31849,57.3639],[-152.292583,57.386453],[-152.290919,57.394907],[-152.253128,57.386709],[-152.254792,57.381072],[-152.283075,57.365438],[-152.31849,57.3639]]],[[[-152.359034,58.915704],[-152.316727,58.914477],[-152.325402,58.918342],[-152.311973,58.922514],[-152.313874,58.932941],[-152.298188,58.942445],[-152.29593,58.948575],[-152.302822,58.954766],[-152.315657,58.955195],[-152.317321,58.961691],[-152.267408,58.949617],[-152.252078,58.93846],[-152.200145,58.938705],[-152.179467,58.949127],[-152.171267,58.942813],[-152.152728,58.944713],[-152.163423,58.932511],[-152.183745,58.928709],[-152.205611,58.933677],[-152.237342,58.913986],[-152.279649,58.905517],[-152.336692,58.904289],[-152.359034,58.915704]]],[[[-152.359133,57.781931],[-152.328235,57.800553],[-152.322768,57.79878],[-152.325382,57.793587],[-152.319916,57.786999],[-152.30827,57.788899],[-152.309933,57.78155],[-152.317301,57.779016],[-152.323956,57.767482],[-152.34915,57.759114],[-152.350577,57.770017],[-152.358658,57.774707],[-152.359133,57.781931]]],[[[-152.387097,57.783609],[-152.380522,57.787599],[-152.377658,57.78784],[-152.380205,57.783544],[-152.387097,57.783609]]],[[[-152.395518,57.7725],[-152.391528,57.775127],[-152.389999,57.773417],[-152.393839,57.771771],[-152.395518,57.7725]]],[[[-152.409031,57.766234],[-152.406473,57.767929],[-152.400853,57.768464],[-152.407878,57.764875],[-152.409031,57.766234]]],[[[-152.517358,57.920594],[-152.496755,57.931091],[-152.49638,57.936761],[-152.469495,57.94822],[-152.480905,57.949558],[-152.483635,57.956522],[-152.457538,57.95342],[-152.437197,57.962702],[-152.439426,57.965827],[-152.433009,57.970063],[-152.420237,57.971482],[-152.409759,57.964321],[-152.421422,57.958145],[-152.437615,57.957025],[-152.409845,57.94262],[-152.42725,57.933435],[-152.426021,57.928137],[-152.411219,57.931572],[-152.392314,57.924015],[-152.359213,57.925102],[-152.325604,57.913239],[-152.335247,57.901822],[-152.350154,57.902127],[-152.346061,57.898828],[-152.34915,57.894659],[-152.341307,57.891627],[-152.362461,57.883541],[-152.403817,57.886195],[-152.419741,57.893396],[-152.423782,57.900975],[-152.486669,57.912982],[-152.494142,57.921948],[-152.510527,57.916534],[-152.517824,57.916783],[-152.517358,57.920594]]],[[[-152.559259,58.643148],[-152.535967,58.648713],[-152.5305,58.645745],[-152.538581,58.638324],[-152.559259,58.643148]]],[[[-152.805482,58.319632],[-152.799516,58.317776],[-152.79983,58.316515],[-152.804863,58.316232],[-152.805482,58.319632]]],[[[-152.862063,57.95726],[-152.848516,57.970876],[-152.794562,57.979447],[-152.756534,57.976044],[-152.741797,57.98537],[-152.721357,57.983732],[-152.720644,57.976801],[-152.737044,57.961673],[-152.737519,57.940989],[-152.74869,57.937204],[-152.758197,57.926352],[-152.77222,57.922439],[-152.791235,57.921556],[-152.816191,57.929255],[-152.824272,57.937835],[-152.849466,57.941746],[-152.862063,57.95726]]],[[[-153.41966,58.060766],[-153.39708,58.080878],[-153.37046,58.087412],[-153.355724,58.097713],[-153.338136,58.1001],[-153.334571,58.105249],[-153.340988,58.116675],[-153.319359,58.125838],[-153.315556,58.139892],[-153.296304,58.146165],[-153.259701,58.144785],[-153.195053,58.099974],[-153.163204,58.088669],[-153.11234,58.095704],[-153.092375,58.090427],[-153.041274,58.110774],[-153.110676,58.113285],[-153.153459,58.10663],[-153.167006,58.118307],[-153.167482,58.127093],[-153.199806,58.142778],[-153.210502,58.155697],[-153.222861,58.160838],[-153.213116,58.178763],[-153.218583,58.188036],[-153.203609,58.207951],[-153.176038,58.216841],[-153.144427,58.206574],[-153.123273,58.207075],[-153.063378,58.1943],[-153.034143,58.20194],[-153.008712,58.200062],[-152.998967,58.213586],[-153.004433,58.21972],[-153.068369,58.236365],[-153.101407,58.255753],[-153.102595,58.260879],[-153.089285,58.271255],[-153.069082,58.278254],[-153.064329,58.290874],[-153.046503,58.298244],[-153.047216,58.305612],[-153.016793,58.298994],[-153.005622,58.300867],[-152.980428,58.287251],[-152.95357,58.286002],[-152.946202,58.280879],[-152.919106,58.283503],[-152.917443,58.273755],[-152.907222,58.27188],[-152.877037,58.27263],[-152.88797,58.282128],[-152.878226,58.287376],[-152.862949,58.287624],[-152.842687,58.280559],[-152.83883,58.287362],[-152.822923,58.281631],[-152.812897,58.286259],[-152.829026,58.297869],[-152.911738,58.308484],[-152.936695,58.331078],[-152.922672,58.341059],[-152.894749,58.34479],[-152.877686,58.334449],[-152.831248,58.328039],[-152.820193,58.315742],[-152.797141,58.307488],[-152.774096,58.309995],[-152.772458,58.317474],[-152.778875,58.324838],[-152.795038,58.337192],[-152.805496,58.337815],[-152.80811,58.34318],[-152.80502,58.349042],[-152.785055,58.350663],[-152.779351,58.355277],[-152.786006,58.358395],[-152.7784,58.366249],[-152.837345,58.372232],[-152.826174,58.37485],[-152.824272,58.37971],[-152.851843,58.381081],[-152.857072,58.387435],[-152.868481,58.387186],[-152.888208,58.406242],[-152.883692,58.409729],[-152.841861,58.403129],[-152.811438,58.40425],[-152.792898,58.410102],[-152.776023,58.420435],[-152.77222,58.435865],[-152.747264,58.440842],[-152.741797,58.459496],[-152.70567,58.466831],[-152.693073,58.461361],[-152.675247,58.463723],[-152.675247,58.470933],[-152.658134,58.481744],[-152.629613,58.473791],[-152.611311,58.477022],[-152.604656,58.469068],[-152.570906,58.46882],[-152.544761,58.458999],[-152.516715,58.467452],[-152.512674,58.473543],[-152.564726,58.478265],[-152.561481,58.482904],[-152.568361,58.485431],[-152.566745,58.488674],[-152.578323,58.487788],[-152.578388,58.493583],[-152.588229,58.488812],[-152.60014,58.48982],[-152.60118,58.494949],[-152.622902,58.494844],[-152.655995,58.507083],[-152.656233,58.516021],[-152.640308,58.525454],[-152.64316,58.531162],[-152.66574,58.538978],[-152.665027,58.554481],[-152.650291,58.558324],[-152.657183,58.564523],[-152.670256,58.564151],[-152.671682,58.568737],[-152.637694,58.574314],[-152.643398,58.582244],[-152.640783,58.587571],[-152.630563,58.590421],[-152.624621,58.599957],[-152.609885,58.606272],[-152.590395,58.604415],[-152.580651,58.61568],[-152.567578,58.621497],[-152.545949,58.611348],[-152.546425,58.601319],[-152.528836,58.599957],[-152.520993,58.589801],[-152.505068,58.597233],[-152.504831,58.605405],[-152.483677,58.6033],[-152.466564,58.619517],[-152.465376,58.630407],[-152.453492,58.633252],[-152.429724,58.619022],[-152.429011,58.612957],[-152.420692,58.607758],[-152.400727,58.626942],[-152.382663,58.629664],[-152.381475,58.636469],[-152.340832,58.638695],[-152.313498,58.633129],[-152.341307,58.621869],[-152.33489,58.615185],[-152.344872,58.609862],[-152.352716,58.596985],[-152.339168,58.594508],[-152.336791,58.588067],[-152.3482,58.57419],[-152.370304,58.563035],[-152.382426,58.546544],[-152.372681,58.538978],[-152.363174,58.539846],[-152.358658,58.53079],[-152.369353,58.526695],[-152.384089,58.52868],[-152.391933,58.520738],[-152.387892,58.513787],[-152.390982,58.512794],[-152.419028,58.513787],[-152.421643,58.506462],[-152.407144,58.504972],[-152.409283,58.494292],[-152.478924,58.46969],[-152.479874,58.459621],[-152.488193,58.457631],[-152.511486,58.433626],[-152.512436,58.427031],[-152.533352,58.412343],[-152.526697,58.406616],[-152.505781,58.413215],[-152.469179,58.403503],[-152.478448,58.383947],[-152.493897,58.373603],[-152.491283,58.355776],[-152.486529,58.352783],[-152.454443,58.352783],[-152.443985,58.360265],[-152.45468,58.369864],[-152.435904,58.37323],[-152.417365,58.358395],[-152.417602,58.347421],[-152.386942,58.342556],[-152.381713,58.348793],[-152.392884,58.355527],[-152.369829,58.359018],[-152.367214,58.379212],[-152.344872,58.390674],[-152.354855,58.404748],[-152.352953,58.410102],[-152.360559,58.416078],[-152.35842,58.424542],[-152.327759,58.410227],[-152.313498,58.412468],[-152.337266,58.426284],[-152.336078,58.43375],[-152.327284,58.434995],[-152.285215,58.42392],[-152.277133,58.41446],[-152.248374,58.404997],[-152.23958,58.394162],[-152.218664,58.383697],[-152.216763,58.38133],[-152.240768,58.369116],[-152.215812,58.35216],[-152.184676,58.357273],[-152.170891,58.374601],[-152.157818,58.379461],[-152.137378,58.380208],[-152.140705,58.385442],[-152.125969,58.397525],[-152.115036,58.392044],[-152.112184,58.384943],[-152.120978,58.380707],[-152.116224,58.372482],[-152.089842,58.373728],[-152.069401,58.365127],[-152.075106,58.357771],[-152.078909,58.362135],[-152.096259,58.363133],[-152.106717,58.342431],[-152.118363,58.339312],[-152.116462,58.32983],[-152.111471,58.327334],[-152.139042,58.292998],[-152.146885,58.26663],[-152.14641,58.239492],[-152.137615,58.216841],[-152.129534,58.21997],[-152.128584,58.241619],[-152.119552,58.243996],[-152.108856,58.258379],[-152.107668,58.278629],[-152.082949,58.307735],[-152.067738,58.315601],[-152.056804,58.309733],[-152.07059,58.27213],[-152.061796,58.266505],[-152.04492,58.283878],[-152.034225,58.288001],[-152.007605,58.335445],[-151.987164,58.353282],[-151.963634,58.330079],[-151.970289,58.319096],[-151.968388,58.290125],[-151.980747,58.282378],[-151.968388,58.276255],[-151.964822,58.258504],[-151.977895,58.255002],[-151.989066,58.24262],[-151.972903,58.228731],[-151.999999,58.205948],[-152.027807,58.208327],[-152.04801,58.20194],[-152.060132,58.186783],[-152.045633,58.183776],[-152.083662,58.153439],[-152.11361,58.147795],[-152.121216,58.159333],[-152.139517,58.157703],[-152.141894,58.175881],[-152.146647,58.177886],[-152.159482,58.178638],[-152.180873,58.171243],[-152.201551,58.175881],[-152.201551,58.184904],[-152.224369,58.196429],[-152.223893,58.20457],[-152.208206,58.20745],[-152.206305,58.211958],[-152.221279,58.21972],[-152.221992,58.229983],[-152.234113,58.230984],[-152.235777,58.239868],[-152.244809,58.24337],[-152.254079,58.244746],[-152.263823,58.238491],[-152.311122,58.240869],[-152.323481,58.232986],[-152.311597,58.225853],[-152.3154,58.217341],[-152.311835,58.212459],[-152.289731,58.202191],[-152.283313,58.183525],[-152.289493,58.176633],[-152.324194,58.189038],[-152.346061,58.183901],[-152.321342,58.174502],[-152.323243,58.170115],[-152.329898,58.170115],[-152.32562,58.161841],[-152.263586,58.13387],[-152.272855,58.124583],[-152.317539,58.126215],[-152.315875,58.120943],[-152.329898,58.114792],[-152.339643,58.10123],[-152.351527,58.115671],[-152.3482,58.124081],[-152.35533,58.127093],[-152.383139,58.127595],[-152.396686,58.118181],[-152.405718,58.120943],[-152.409996,58.12998],[-152.429724,58.127595],[-152.432576,58.134748],[-152.443985,58.138889],[-152.453254,58.136379],[-152.451115,58.130231],[-152.456819,58.125587],[-152.481776,58.129352],[-152.489381,58.12634],[-152.487955,58.121822],[-152.508396,58.114541],[-152.522181,58.115671],[-152.531688,58.098593],[-152.530738,58.089422],[-152.546425,58.083266],[-152.557596,58.085653],[-152.559022,58.098969],[-152.571143,58.1055],[-152.563538,58.109393],[-152.570193,58.116549],[-152.564251,58.128474],[-152.566152,58.135125],[-152.557358,58.14052],[-152.562111,58.15206],[-152.561161,58.177009],[-152.57043,58.18766],[-152.593723,58.186532],[-152.596813,58.164223],[-152.608221,58.156574],[-152.604656,58.152938],[-152.60632,58.136756],[-152.601091,58.131737],[-152.620818,58.104747],[-152.621056,58.097337],[-152.628186,58.093694],[-152.631039,58.085779],[-152.627711,58.076982],[-152.642447,58.074091],[-152.657421,58.061269],[-152.701154,58.05561],[-152.705195,58.050202],[-152.762,58.05649],[-152.769844,58.0756],[-152.783391,58.074091],[-152.786243,58.068938],[-152.779588,58.06416],[-152.7784,58.052718],[-152.755107,58.027178],[-152.762951,58.018493],[-152.759386,58.011695],[-152.774597,58.004769],[-152.780064,57.992803],[-152.78767,57.990787],[-152.79884,57.988772],[-152.819043,57.995574],[-152.828788,57.991039],[-152.866579,57.990787],[-152.867292,57.985874],[-152.879889,57.980959],[-152.890823,57.969238],[-152.916017,57.976674],[-152.982567,57.977935],[-153.007286,57.984992],[-153.058387,57.989402],[-153.131117,58.018115],[-153.202183,58.029947],[-153.226664,58.049699],[-153.251858,58.044542],[-153.29773,58.050328],[-153.365231,58.038],[-153.384246,58.05561],[-153.41966,58.060766]]],[[[-153.557119,57.925042],[-153.548738,57.923367],[-153.548725,57.921129],[-153.557441,57.9231],[-153.557119,57.925042]]],[[[-153.561659,57.933626],[-153.557236,57.934442],[-153.555396,57.933559],[-153.561333,57.930222],[-153.561659,57.933626]]],[[[-153.578331,58.598082],[-153.55896,58.612259],[-153.554206,58.611454],[-153.548621,58.59994],[-153.572507,58.5948],[-153.578331,58.598082]]],[[[-153.617885,56.900059],[-153.602436,56.907586],[-153.569636,56.913166],[-153.552285,56.913944],[-153.544204,56.909273],[-153.589601,56.887336],[-153.603624,56.887336],[-153.617885,56.900059]]],[[[-153.858654,56.745932],[-153.85295,56.748408],[-153.838452,56.748799],[-153.847008,56.736547],[-153.858654,56.745932]]],[[[-153.902625,56.72716],[-153.876718,56.739024],[-153.870301,56.732897],[-153.898347,56.7209],[-153.902625,56.72716]]],[[[-153.947547,56.724552],[-153.936613,56.728594],[-153.928532,56.727812],[-153.946596,56.722465],[-153.947547,56.724552]]],[[[-153.965748,58.391529],[-153.95636,58.39184],[-153.951844,58.389909],[-153.963015,58.389349],[-153.965748,58.391529]]],[[[-154.01395,58.451391],[-154.006624,58.45688],[-153.985976,58.458196],[-154.011692,58.449961],[-154.01395,58.451391]]],[[[-154.035963,56.989511],[-154.0343,56.994691],[-154.027169,56.992101],[-154.031448,56.986145],[-154.035726,56.985497],[-154.035963,56.989511]]],[[[-154.156705,56.683451],[-154.134363,56.699897],[-154.13769,56.705116],[-154.134125,56.707464],[-154.113685,56.712552],[-154.110357,56.704855],[-154.095383,56.706029],[-154.057592,56.722465],[-154.053552,56.731723],[-154.038578,56.719335],[-154.02099,56.717509],[-154.024317,56.707725],[-154.018851,56.686976],[-154.051175,56.683973],[-154.063059,56.689325],[-154.123667,56.695199],[-154.143157,56.68319],[-154.156705,56.683451]]],[[[-154.211153,58.311089],[-154.202905,58.320634],[-154.197914,58.320219],[-154.196616,58.31334],[-154.203269,58.308985],[-154.211153,58.311089]]],[[[-154.292418502804,58.2881748688657],[-154.280335,58.294527],[-154.270874,58.293771],[-154.276904,58.286118],[-154.292418502804,58.2881748688657]]],[[[-154.363724,56.542587],[-154.313098,56.586328],[-154.242269,56.611581],[-154.221591,56.617205],[-154.200676,56.60818],[-154.168826,56.607526],[-154.096572,56.61982],[-154.082786,56.611842],[-154.076369,56.59104],[-154.063772,56.575463],[-154.044282,56.55988],[-154.022653,56.552938],[-153.977257,56.555296],[-153.969413,56.560797],[-153.935663,56.558308],[-153.909993,56.564595],[-153.879333,56.565381],[-153.871489,56.562631],[-153.865785,56.551104],[-153.884799,56.531579],[-153.94208,56.515322],[-153.943031,56.509158],[-153.951587,56.505092],[-153.993419,56.502206],[-154.024555,56.507715],[-154.038816,56.505354],[-154.049749,56.496697],[-154.161221,56.509945],[-154.230148,56.493548],[-154.274832,56.504305],[-154.339243,56.507978],[-154.361822,56.525811],[-154.363724,56.542587]]],[[[-154.439079,58.080854],[-154.435521,58.081217],[-154.428607,58.078094],[-154.439762,58.078302],[-154.439079,58.080854]]],[[[-154.445029,58.05686],[-154.434198,58.060881],[-154.423158,58.057971],[-154.425505,58.054417],[-154.445029,58.05686]]],[[[-154.515383,58.064489],[-154.499696,58.071277],[-154.458577,58.059962],[-154.477116,58.050908],[-154.501122,58.049147],[-154.512293,58.054681],[-154.515383,58.064489]]],[[[-154.79535,56.431699],[-154.767304,56.464015],[-154.705032,56.516764],[-154.546737,56.590778],[-154.505143,56.602424],[-154.473532,56.6019],[-154.40104,56.586852],[-154.387729,56.571012],[-154.394147,56.552545],[-154.440494,56.538263],[-154.463074,56.526335],[-154.470442,56.511256],[-154.553868,56.496565],[-154.620893,56.476225],[-154.664626,56.452064],[-154.699803,56.420921],[-154.728087,56.4058],[-154.768492,56.404617],[-154.789408,56.418555],[-154.79535,56.431699]]],[[[-154.796539,57.348002],[-154.785605,57.351208],[-154.783229,57.354157],[-154.787982,57.357234],[-154.779663,57.366335],[-154.767304,57.368514],[-154.761124,57.364413],[-154.762313,57.358131],[-154.745437,57.357106],[-154.718104,57.369796],[-154.700041,57.391961],[-154.693623,57.409632],[-154.70218,57.421408],[-154.718817,57.42128],[-154.716441,57.430366],[-154.686731,57.449041],[-154.665577,57.45633],[-154.648702,57.488153],[-154.640145,57.492879],[-154.62636,57.512289],[-154.584291,57.520203],[-154.53105,57.541639],[-154.517027,57.556943],[-154.515601,57.56778],[-154.522019,57.573898],[-154.499201,57.577976],[-154.494685,57.573515],[-154.462123,57.571221],[-154.423857,57.581034],[-154.396286,57.603708],[-154.348037,57.62255],[-154.341382,57.634003],[-154.349225,57.639855],[-154.32617,57.635275],[-154.261522,57.642145],[-154.258194,57.651939],[-154.238704,57.656644],[-154.232287,57.663764],[-154.209707,57.661094],[-154.198061,57.665162],[-154.18998,57.659187],[-154.09776,57.650667],[-154.056879,57.653719],[-154.040955,57.658678],[-154.038578,57.664272],[-154.030735,57.66084],[-154.029308,57.652575],[-153.993894,57.656517],[-153.980584,57.649395],[-153.989141,57.639728],[-153.989616,57.630949],[-153.980346,57.62115],[-153.982723,57.586003],[-153.970839,57.567397],[-153.976544,57.55095],[-153.984625,57.544191],[-153.924729,57.533092],[-153.920451,57.506799],[-153.873866,57.511651],[-153.869825,57.528243],[-153.876956,57.545211],[-153.873164,57.551641],[-153.864822,57.550483],[-153.840554,57.568526],[-153.846057,57.574535],[-153.841304,57.577466],[-153.820681,57.577324],[-153.806127,57.586131],[-153.878619,57.632476],[-153.87244,57.636166],[-153.875767,57.642654],[-153.868637,57.648886],[-153.772139,57.65054],[-153.753125,57.646343],[-153.741716,57.65054],[-153.719374,57.642272],[-153.701548,57.652193],[-153.693229,57.641509],[-153.667798,57.639346],[-153.647832,57.651557],[-153.675166,57.66923],[-153.765484,57.688546],[-153.77713,57.684735],[-153.797095,57.696295],[-153.821576,57.694898],[-153.863646,57.705693],[-153.925205,57.703661],[-153.922115,57.709502],[-153.92877,57.716358],[-153.915222,57.723213],[-153.936851,57.733238],[-153.927819,57.751506],[-153.934712,57.773186],[-153.934712,57.803846],[-153.898347,57.823343],[-153.896208,57.831949],[-153.862933,57.839541],[-153.851999,57.85042],[-153.85604,57.863065],[-153.847959,57.871914],[-153.824666,57.864203],[-153.789014,57.868248],[-153.775704,57.877349],[-153.754551,57.880256],[-153.752649,57.888469],[-153.729832,57.893901],[-153.725554,57.90047],[-153.718899,57.897438],[-153.716997,57.889101],[-153.705589,57.883668],[-153.663995,57.882404],[-153.660905,57.878992],[-153.644505,57.884173],[-153.620499,57.884047],[-153.618123,57.881014],[-153.630244,57.862054],[-153.626679,57.84536],[-153.613369,57.841312],[-153.596731,57.843589],[-153.586511,57.835619],[-153.570349,57.831823],[-153.557514,57.804353],[-153.542778,57.797387],[-153.538262,57.784465],[-153.530419,57.781677],[-153.529706,57.774327],[-153.535885,57.766468],[-153.549908,57.758861],[-153.553711,57.728416],[-153.548007,57.718516],[-153.522338,57.711026],[-153.505225,57.735776],[-153.488587,57.775594],[-153.463631,57.765073],[-153.444141,57.764059],[-153.437486,57.768369],[-153.442477,57.784211],[-153.45959,57.79004],[-153.460541,57.797513],[-153.475515,57.810811],[-153.48526,57.835492],[-153.477654,57.838782],[-153.479793,57.843083],[-153.408014,57.831443],[-153.385672,57.820179],[-153.317695,57.803593],[-153.29773,57.8022],[-153.265881,57.816128],[-153.326489,57.824103],[-153.33053,57.828786],[-153.321261,57.836251],[-153.326252,57.840427],[-153.325776,57.849661],[-153.390663,57.856111],[-153.394941,57.865341],[-153.407776,57.871409],[-153.451747,57.877981],[-153.489775,57.897438],[-153.533509,57.927235],[-153.527567,57.933545],[-153.52923,57.939475],[-153.51901,57.9449],[-153.515445,57.96016],[-153.503561,57.966212],[-153.464819,57.969868],[-153.449845,57.957638],[-153.395417,57.946161],[-153.36951,57.933545],[-153.343365,57.93039],[-153.342889,57.923449],[-153.324588,57.917769],[-153.312433,57.907681],[-153.284153,57.904213],[-153.272792,57.891111],[-153.255994,57.883081],[-153.258169,57.875305],[-153.25128,57.871256],[-153.252851,57.866885],[-153.243546,57.866307],[-153.243183,57.862193],[-153.213767,57.847284],[-153.204752,57.854413],[-153.219375,57.868171],[-153.234482,57.890533],[-153.232185,57.894194],[-153.166562,57.87794],[-153.167649,57.873441],[-153.150488,57.863607],[-153.116165,57.855827],[-153.115561,57.847339],[-153.104805,57.841679],[-153.087621,57.844981],[-153.08572,57.852949],[-153.093801,57.862939],[-153.0919,57.86749],[-153.123036,57.880256],[-153.132067,57.891627],[-153.16249,57.907794],[-153.167957,57.917011],[-153.192676,57.924711],[-153.20147,57.937583],[-153.224525,57.940485],[-153.26802,57.955747],[-153.305336,57.986378],[-153.292264,57.998346],[-153.280142,58.000109],[-153.250432,57.996708],[-153.221197,57.984488],[-153.218345,57.977557],[-153.200995,57.96949],[-153.147041,57.963691],[-153.130404,57.955747],[-153.127552,57.949063],[-153.087621,57.959152],[-153.071934,57.956377],[-153.057674,57.961043],[-153.022497,57.95272],[-153.012752,57.942629],[-152.999442,57.947297],[-152.9607,57.944143],[-152.933367,57.948558],[-152.903182,57.935059],[-152.850892,57.929886],[-152.805569,57.913776],[-152.79884,57.89908],[-152.816693,57.88892],[-152.828672,57.890057],[-152.862042,57.87914],[-152.868174,57.869206],[-152.850919,57.872543],[-152.845547,57.867259],[-152.868602,57.860634],[-152.872024,57.851757],[-152.894747,57.839613],[-152.902384,57.824131],[-152.913937,57.819457],[-152.902606,57.81502],[-152.911184,57.810098],[-152.909018,57.803983],[-152.901437,57.802643],[-152.893012,57.792883],[-152.902735,57.785934],[-152.905395,57.777131],[-152.916164,57.775809],[-152.910256,57.757586],[-152.889507,57.740904],[-152.874254,57.737549],[-152.876105,57.728234],[-152.864456,57.722141],[-152.847822,57.724129],[-152.842755,57.729711],[-152.849704,57.740851],[-152.846139,57.745544],[-152.853745,57.782437],[-152.846731,57.792884],[-152.850417,57.804732],[-152.847089,57.825242],[-152.831381,57.839841],[-152.786091,57.857049],[-152.78298,57.85063],[-152.775858,57.85125],[-152.772199,57.844775],[-152.760363,57.84227],[-152.753731,57.82576],[-152.745959,57.818884],[-152.735121,57.817365],[-152.728418,57.820327],[-152.722571,57.838702],[-152.712732,57.847583],[-152.718008,57.851681],[-152.708522,57.859904],[-152.709711,57.863697],[-152.688557,57.875201],[-152.661462,57.879624],[-152.635599,57.893306],[-152.638608,57.910008],[-152.628758,57.919036],[-152.609756,57.920086],[-152.606423,57.912135],[-152.599985,57.91186],[-152.588378,57.923834],[-152.58625,57.908768],[-152.565049,57.899923],[-152.566776,57.893813],[-152.557183,57.888543],[-152.55385,57.891474],[-152.556935,57.897911],[-152.546541,57.895],[-152.547674,57.900543],[-152.530368,57.907761],[-152.522586,57.902756],[-152.513515,57.908945],[-152.471294,57.895991],[-152.461471,57.880798],[-152.461445,57.872161],[-152.425476,57.866262],[-152.424316,57.85881],[-152.41868,57.855693],[-152.402515,57.85393],[-152.405006,57.847506],[-152.418202,57.839899],[-152.446296,57.838912],[-152.426331,57.819398],[-152.427899,57.814612],[-152.403143,57.819075],[-152.398057,57.824483],[-152.372928,57.826913],[-152.359022,57.836665],[-152.347013,57.83324],[-152.355395,57.820331],[-152.324989,57.822632],[-152.348182,57.805876],[-152.391525,57.791809],[-152.391103,57.785094],[-152.40021,57.776648],[-152.414622,57.773053],[-152.405518,57.782963],[-152.409595,57.788683],[-152.446534,57.779742],[-152.468784,57.767986],[-152.484241,57.754391],[-152.481336,57.744048],[-152.495312,57.738796],[-152.494314,57.73263],[-152.521837,57.718695],[-152.528825,57.708944],[-152.514279,57.70544],[-152.480196,57.721969],[-152.443545,57.724254],[-152.463824,57.719341],[-152.477156,57.707439],[-152.467362,57.701704],[-152.477422,57.687346],[-152.46625,57.68151],[-152.47288,57.67303],[-152.508008,57.659554],[-152.506019,57.65321],[-152.49366,57.646597],[-152.428773,57.674823],[-152.416176,57.685497],[-152.395498,57.688673],[-152.370304,57.678889],[-152.39526,57.667959],[-152.397399,57.658678],[-152.417602,57.650794],[-152.42806,57.635148],[-152.468466,57.598741],[-152.450402,57.592755],[-152.427109,57.594538],[-152.413562,57.601416],[-152.408333,57.609438],[-152.388843,57.614912],[-152.38195,57.625604],[-152.363411,57.629422],[-152.359608,57.636675],[-152.363411,57.641636],[-152.343446,57.653973],[-152.313974,57.63642],[-152.325145,57.62675],[-152.310646,57.619113],[-152.267864,57.630313],[-152.263586,57.629931],[-152.266913,57.625732],[-152.263823,57.623059],[-152.240768,57.615422],[-152.202027,57.621277],[-152.196798,57.625732],[-152.173743,57.623695],[-152.14736,57.627895],[-152.153302,57.616822],[-152.162097,57.61313],[-152.163285,57.597468],[-152.155917,57.592245],[-152.157581,57.588169],[-152.179447,57.580524],[-152.207256,57.562171],[-152.20369,57.558601],[-152.214624,57.556433],[-152.25907,57.528243],[-152.294009,57.517395],[-152.324907,57.469241],[-152.326096,57.453133],[-152.32253,57.451599],[-152.327046,57.440984],[-152.314925,57.432413],[-152.339406,57.422688],[-152.377672,57.432925],[-152.438043,57.437786],[-152.482726,57.421408],[-152.489619,57.4232],[-152.448738,57.451983],[-152.452541,57.458759],[-152.487242,57.468091],[-152.501265,57.448146],[-152.52028,57.43382],[-152.529312,57.436635],[-152.528123,57.442903],[-152.534065,57.44789],[-152.555932,57.446228],[-152.560685,57.453389],[-152.585642,57.446739],[-152.589207,57.454412],[-152.595862,57.454412],[-152.595862,57.458631],[-152.605607,57.463617],[-152.600378,57.472309],[-152.612975,57.476654],[-152.623908,57.476526],[-152.652192,57.464768],[-152.666691,57.464001],[-152.67287,57.469497],[-152.685705,57.466557],[-152.700441,57.480487],[-152.718267,57.478443],[-152.723021,57.493901],[-152.746551,57.506161],[-152.775073,57.503862],[-152.801455,57.494412],[-152.826887,57.497733],[-152.86135,57.511651],[-152.879414,57.512161],[-152.897953,57.502968],[-152.919582,57.501691],[-152.917443,57.495817],[-152.897715,57.494156],[-152.888208,57.486748],[-152.894625,57.480998],[-152.913164,57.479337],[-152.911738,57.470775],[-152.903182,57.467963],[-152.852081,57.47282],[-152.82451,57.466813],[-152.810962,57.471159],[-152.760574,57.458376],[-152.741797,57.448018],[-152.719218,57.433053],[-152.726348,57.428958],[-152.724209,57.422304],[-152.695925,57.415009],[-152.677148,57.415393],[-152.665264,57.407072],[-152.626998,57.406175],[-152.620818,57.401566],[-152.620818,57.389015],[-152.600616,57.383891],[-152.607033,57.376331],[-152.602992,57.360054],[-152.636505,57.341333],[-152.636505,57.33415],[-152.627711,57.331328],[-152.63294,57.320036],[-152.700679,57.278432],[-152.714227,57.278689],[-152.707096,57.286782],[-152.712325,57.292048],[-152.710186,57.302707],[-152.724447,57.310666],[-152.744887,57.31272],[-152.771745,57.295644],[-152.789571,57.277918],[-152.816666,57.265453],[-152.82855,57.273293],[-152.859687,57.273678],[-152.842305,57.284745],[-152.83782,57.297699],[-152.842019,57.303239],[-152.861224,57.304214],[-152.881522,57.289292],[-152.896401,57.302699],[-152.895925,57.312456],[-152.903056,57.31913],[-152.914828,57.318881],[-152.907571,57.323493],[-152.899348,57.321799],[-152.888367,57.33658],[-152.864124,57.346507],[-152.873678,57.352278],[-152.945964,57.330045],[-152.974248,57.32966],[-152.979715,57.340564],[-153.005218,57.341568],[-153.015343,57.337489],[-153.015058,57.331178],[-153.025587,57.335689],[-153.053395,57.33043],[-153.079802,57.323017],[-153.095916,57.312313],[-153.099981,57.317983],[-153.144427,57.321576],[-153.150678,57.333641],[-153.147826,57.354161],[-153.156934,57.358487],[-153.166602,57.338002],[-153.168385,57.31349],[-153.197738,57.311851],[-153.205582,57.305689],[-153.194458,57.301452],[-153.170643,57.304149],[-153.152341,57.298268],[-153.117402,57.297215],[-153.096946,57.285214],[-153.064824,57.29343],[-153.053486,57.291192],[-153.012134,57.297815],[-153.000162,57.292673],[-153.000708,57.287044],[-152.971705,57.282419],[-152.96165,57.26851],[-152.944266,57.261383],[-152.942637,57.256713],[-152.950242,57.24887],[-152.968781,57.245012],[-152.979239,57.237682],[-153.02321,57.230864],[-153.046265,57.218769],[-153.071459,57.213107],[-153.105685,57.213364],[-153.116381,57.208215],[-153.123749,57.21375],[-153.157024,57.214394],[-153.170096,57.220957],[-153.212166,57.218383],[-153.215493,57.214008],[-153.209076,57.207829],[-153.209076,57.200491],[-153.197429,57.197015],[-153.186258,57.204997],[-153.16867,57.197659],[-153.168908,57.187871],[-153.159876,57.188],[-153.16463,57.173572],[-153.176276,57.165454],[-153.170572,57.158108],[-153.128978,57.17048],[-153.114955,57.179499],[-153.061952,57.190447],[-153.056961,57.187485],[-153.065755,57.183106],[-153.071459,57.171897],[-153.04674,57.173186],[-153.027013,57.168289],[-153.009662,57.174732],[-153.007761,57.182075],[-152.969495,57.189932],[-152.944538,57.187743],[-152.939785,57.176278],[-152.928138,57.177051],[-152.91364,57.164939],[-152.889872,57.169449],[-152.878226,57.166227],[-152.868005,57.150889],[-152.912451,57.126256],[-152.925286,57.12832],[-152.949054,57.120837],[-152.963315,57.123676],[-152.994451,57.118902],[-153.025349,57.123676],[-153.057198,57.109997],[-153.090949,57.107803],[-153.091424,57.097088],[-153.111865,57.091923],[-153.126125,57.092569],[-153.133494,57.100574],[-153.17176,57.096959],[-153.200282,57.083271],[-153.215018,57.069319],[-153.217157,57.061048],[-153.203371,57.05743],[-153.196241,57.040365],[-153.225951,57.016435],[-153.232131,57.0088],[-153.229992,57.005305],[-153.262078,57.003234],[-153.305811,56.991583],[-153.320072,57.002846],[-153.335997,57.002976],[-153.332907,57.007376],[-153.360715,57.004399],[-153.320785,57.026526],[-153.318884,57.038813],[-153.325776,57.045795],[-153.361904,57.046959],[-153.346217,57.06079],[-153.329579,57.067768],[-153.317458,57.083271],[-153.34693,57.077846],[-153.392802,57.061307],[-153.39708,57.063633],[-153.400646,57.081204],[-153.352397,57.102381],[-153.36951,57.109094],[-153.387098,57.105609],[-153.375452,57.122643],[-153.333145,57.146634],[-153.300345,57.174603],[-153.28038,57.183879],[-153.277527,57.187871],[-153.287748,57.189417],[-153.287035,57.199204],[-153.274438,57.207057],[-153.287035,57.212978],[-153.319359,57.194182],[-153.340275,57.189675],[-153.366657,57.198302],[-153.372124,57.194053],[-153.359527,57.170222],[-153.381156,57.166614],[-153.415382,57.140186],[-153.425364,57.126385],[-153.437961,57.123031],[-153.448419,57.11232],[-153.456976,57.111159],[-153.465532,57.116321],[-153.48526,57.140702],[-153.504987,57.143797],[-153.510454,57.139026],[-153.513781,57.126256],[-153.490964,57.106383],[-153.483596,57.089082],[-153.486686,57.075262],[-153.494054,57.066605],[-153.576053,57.093215],[-153.626204,57.08495],[-153.668273,57.086499],[-153.674928,57.076425],[-153.658053,57.072161],[-153.705826,57.064925],[-153.701073,57.057171],[-153.659954,57.053423],[-153.635711,57.05911],[-153.612656,57.052647],[-153.599346,57.0573],[-153.579381,57.049803],[-153.576291,57.038942],[-153.608378,57.020963],[-153.601723,57.014106],[-153.572726,57.011388],[-153.539926,57.000646],[-153.550146,56.976172],[-153.567259,56.962439],[-153.588175,56.960754],[-153.595305,56.955959],[-153.599108,56.939496],[-153.587224,56.935995],[-153.601485,56.933013],[-153.670174,56.931846],[-153.687287,56.940534],[-153.680395,56.949738],[-153.696081,56.949349],[-153.702261,56.940923],[-153.692754,56.92562],[-153.694655,56.919004],[-153.689426,56.916539],[-153.691803,56.911479],[-153.731496,56.889284],[-153.765009,56.881104],[-153.773803,56.867725],[-153.753362,56.85941],[-153.74338,56.870583],[-153.684673,56.881233],[-153.687525,56.876688],[-153.678493,56.875259],[-153.699409,56.855382],[-153.748846,56.844464],[-153.771664,56.831983],[-153.784974,56.832373],[-153.79044,56.837314],[-153.787588,56.844854],[-153.798521,56.848624],[-153.83251,56.839004],[-153.847246,56.828342],[-153.83964,56.819888],[-153.871964,56.7992],[-153.871727,56.793604],[-153.893831,56.790219],[-153.903101,56.778241],[-153.903576,56.766389],[-153.937802,56.762872],[-153.943981,56.754663],[-153.974404,56.744368],[-154.015523,56.744368],[-154.028833,56.761569],[-154.043807,56.765086],[-154.102038,56.746845],[-154.129372,56.743456],[-154.14696,56.746454],[-154.126757,56.785272],[-154.102751,56.799721],[-154.102514,56.813254],[-154.070189,56.845894],[-154.040955,56.856681],[-154.019088,56.854862],[-154.006967,56.86071],[-153.996271,56.872532],[-153.99532,56.881104],[-153.980584,56.887336],[-153.984149,56.89266],[-153.980109,56.897333],[-153.963709,56.903563],[-153.961332,56.908495],[-153.912845,56.918226],[-153.90215,56.926009],[-153.872915,56.927566],[-153.85604,56.942349],[-153.844631,56.944812],[-153.836313,56.955571],[-153.836313,56.962957],[-153.841304,56.966197],[-153.858892,56.961791],[-153.854614,56.972804],[-153.860794,56.97669],[-153.877906,56.976561],[-153.886938,56.970472],[-153.884561,56.966456],[-153.914747,56.957774],[-153.967512,56.955311],[-153.973216,56.959459],[-153.966561,56.976302],[-153.971077,56.981094],[-153.960619,56.989253],[-153.966799,56.996891],[-153.919738,57.047993],[-153.913796,57.04851],[-153.914034,57.054715],[-153.923066,57.061565],[-153.919738,57.063892],[-153.877669,57.086887],[-153.84891,57.091407],[-153.822765,57.102123],[-153.799234,57.114127],[-153.789727,57.129223],[-153.751223,57.133996],[-153.749322,57.139928],[-153.777368,57.142894],[-153.783072,57.157334],[-153.804226,57.158881],[-153.82015,57.142766],[-153.820388,57.129094],[-153.841066,57.121482],[-153.880996,57.117998],[-153.903576,57.097475],[-153.92568,57.089857],[-153.958242,57.067122],[-153.972503,57.064667],[-154.009819,57.025103],[-154.03121,57.013847],[-154.049511,56.990677],[-154.075656,56.970084],[-154.117012,56.968658],[-154.116299,56.959588],[-154.163835,56.916539],[-154.178809,56.918745],[-154.21042,56.909533],[-154.218026,56.896944],[-154.215887,56.892919],[-154.231099,56.887466],[-154.227058,56.87474],[-154.303591,56.842254],[-154.310721,56.842904],[-154.301214,56.851483],[-154.300026,56.886817],[-154.307156,56.910052],[-154.323081,56.925101],[-154.356593,56.935995],[-154.375132,56.95259],[-154.401753,56.965808],[-154.524871,56.994691],[-154.515363,57.027561],[-154.513937,57.076812],[-154.522732,57.115159],[-154.526297,57.170738],[-154.538181,57.197144],[-154.566227,57.222115],[-154.58025,57.247327],[-154.620893,57.271237],[-154.68269,57.266867],[-154.681502,57.272393],[-154.673183,57.275091],[-154.691722,57.28614],[-154.726661,57.278175],[-154.733316,57.272265],[-154.741872,57.279331],[-154.781802,57.282158],[-154.790597,57.286654],[-154.783704,57.288195],[-154.779663,57.295644],[-154.770632,57.287681],[-154.750429,57.292819],[-154.745675,57.302193],[-154.756371,57.308099],[-154.74211,57.316186],[-154.742823,57.325297],[-154.777524,57.334022],[-154.776574,57.338383],[-154.796539,57.348002]]],[[[-155.752486,55.822746],[-155.670725,55.852242],[-155.653374,55.865715],[-155.633647,55.900509],[-155.618197,55.909435],[-155.596331,55.913698],[-155.56258,55.907704],[-155.560679,55.891447],[-155.580169,55.864514],[-155.58516,55.847172],[-155.564244,55.813532],[-155.566859,55.796968],[-155.562105,55.791223],[-155.575177,55.780932],[-155.586111,55.763285],[-155.612968,55.757668],[-155.653374,55.775318],[-155.72349,55.774382],[-155.728243,55.779061],[-155.723965,55.785744],[-155.73466,55.792024],[-155.723727,55.804182],[-155.742266,55.812196],[-155.752486,55.822746]]],[[[-156.204692,57.406734],[-156.180805,57.422478],[-156.172248,57.423566],[-156.196492,57.40699],[-156.204692,57.406734]]],[[[-156.252465,57.388292],[-156.246167,57.39079],[-156.23357,57.387075],[-156.24177,57.383873],[-156.252465,57.388292]]],[[[-156.282532,57.378364],[-156.268509,57.386115],[-156.252109,57.379453],[-156.263161,57.373366],[-156.282532,57.378364]]],[[[-156.307726,57.365164],[-156.294416,57.3717],[-156.278016,57.366958],[-156.288117,57.360229],[-156.281343,57.357857],[-156.287998,57.35369],[-156.307726,57.365164]]],[[[-156.335316,57.33588],[-156.321132,57.344488],[-156.302762,57.33487],[-156.315607,57.329829],[-156.335316,57.33588]]],[[[-156.341617,57.329825],[-156.338564,57.330581],[-156.332267,57.328889],[-156.336543,57.325227],[-156.341617,57.329825]]],[[[-156.751389,57.250097],[-156.672403,57.250099],[-156.672532,57.307903],[-156.619127,57.307903],[-156.619162,57.351256],[-156.540396,57.351258],[-156.540438,57.365708],[-156.552809,57.365708],[-156.55283,57.380159],[-156.499321,57.38016],[-156.499325,57.452414],[-156.44609,57.452415],[-156.44622,57.495766],[-156.392541,57.495768],[-156.392563,57.510218],[-156.365714,57.510221],[-156.365729,57.539119],[-156.205277,57.539122],[-156.20526,57.524661],[-156.125376,57.524674],[-156.125463,57.553574],[-156.098582,57.553575],[-156.098614,57.568025],[-156.071722,57.568025],[-156.071749,57.597001],[-156.01794,57.596926],[-156.017941,57.611377],[-155.965175,57.611377],[-155.965044,57.568027],[-155.938152,57.568027],[-155.938185,57.582477],[-155.911283,57.582477],[-155.911305,57.596927],[-155.884393,57.596928],[-155.884404,57.611378],[-155.83164,57.611408],[-155.831693,57.625828],[-155.857482,57.625829],[-155.857482,57.640278],[-155.911372,57.640278],[-155.911439,57.683628],[-155.777955,57.683633],[-155.778017,57.71253],[-155.756741,57.71253],[-155.756733,57.755881],[-155.70287,57.755887],[-155.703033,57.813681],[-155.541038,57.813684],[-155.541123,57.842584],[-155.459828,57.842584],[-155.459858,57.885933],[-155.352115,57.885934],[-155.352472,58.045899],[-155.299824,58.045899],[-155.29991,58.103695],[-155.354494,58.103695],[-155.354766,58.190388],[-155.245317,58.19039],[-155.245315,58.233737],[-155.081808,58.233739],[-155.081806,58.262637],[-155.027969,58.262638],[-155.028056,58.291535],[-154.89199,58.291538],[-154.892044,58.305986],[-154.754791,58.305989],[-154.754785,58.334887],[-154.591283,58.33489],[-154.591275,58.363787],[-154.482772,58.363789],[-154.482813,58.392686],[-154.449931,58.392686],[-154.45004,58.421583],[-154.367435,58.421583],[-154.367496,58.464928],[-154.312355,58.464929],[-154.312354,58.652751],[-153.817076,58.65276],[-153.817076,58.739446],[-153.639027,58.73945],[-153.639403,58.855029],[-153.253092521271,58.8550344227917],[-153.251046,58.851202],[-153.268824,58.850401],[-153.270003,58.845257],[-153.264932,58.84111],[-153.282866,58.841738],[-153.28212,58.83658],[-153.314767,58.841095],[-153.311863,58.847292],[-153.326138,58.84932],[-153.353191,58.842889],[-153.366017,58.827422],[-153.387262,58.762271],[-153.427555,58.720793],[-153.451525,58.708514],[-153.48744,58.711076],[-153.50976,58.691642],[-153.542679,58.691024],[-153.556226,58.685775],[-153.582728,58.663161],[-153.59268,58.633793],[-153.632759,58.631441],[-153.661637,58.614549],[-153.677597,58.611603],[-153.769207,58.604432],[-153.839541,58.612259],[-153.897155,58.606237],[-153.903595,58.597277],[-153.904546,58.582846],[-153.898795,58.577885],[-153.879243,58.575025],[-153.897807,58.568646],[-153.91302,58.55268],[-153.922627,58.524922],[-153.941465,58.531833],[-153.956896,58.528072],[-153.953987,58.517709],[-153.945417,58.512797],[-153.91168,58.515071],[-153.93312,58.494924],[-153.975494,58.488532],[-154.001918,58.492346],[-154.034081,58.487007],[-154.051399,58.490635],[-154.077812,58.476051],[-154.069826,58.438893],[-154.079971,58.431949],[-154.060557,58.424738],[-154.053622,58.41062],[-154.057685,58.408227],[-154.052001,58.404223],[-154.011906,58.402344],[-153.987602,58.392224],[-154.002205,58.384221],[-154.001132,58.376431],[-154.03492,58.370648],[-154.046134,58.356825],[-154.054522,58.354948],[-154.100886,58.35816],[-154.104435,58.350521],[-154.09606,58.344022],[-154.155012,58.358663],[-154.198373,58.354799],[-154.211065,58.347558],[-154.176839,58.344329],[-154.176976,58.335751],[-154.215389,58.328532],[-154.226834,58.33148],[-154.315079,58.298437],[-154.311839,58.293048],[-154.327758,58.292494],[-154.330583,58.285756],[-154.352699,58.285409],[-154.354354,58.281492],[-154.321209,58.276848],[-154.304894,58.264329],[-154.296492,58.265918],[-154.285718,58.260298],[-154.254345,58.272561],[-154.266295,58.28406],[-154.256933,58.289305],[-154.260901,58.293872],[-154.231667,58.299067],[-154.213505,58.29425],[-154.216032,58.28916],[-154.206946,58.289719],[-154.188276,58.304256],[-154.192039,58.308319],[-154.188521,58.31728],[-154.180948,58.320458],[-154.150049,58.313444],[-154.151336,58.307593],[-154.143432,58.304782],[-154.138408,58.290993],[-154.115027,58.281301],[-154.109078,58.282763],[-154.105709,58.277077],[-154.130306,58.266777],[-154.190752,58.262764],[-154.197365,58.257698],[-154.212296,58.264559],[-154.230892,58.259546],[-154.237665,58.253346],[-154.234382,58.250654],[-154.206091,58.253072],[-154.190709,58.245622],[-154.179133,58.246505],[-154.169554,58.237652],[-154.152846,58.2337],[-154.154744,58.222824],[-154.143982,58.217405],[-154.146484,58.211604],[-154.1766,58.214111],[-154.180269,58.210491],[-154.164422,58.19811],[-154.17038,58.19373],[-154.22268,58.184134],[-154.249149,58.187569],[-154.274414,58.199835],[-154.283214,58.199806],[-154.278438,58.190892],[-154.259573,58.182245],[-154.261493,58.17841],[-154.299509,58.194717],[-154.293662,58.183461],[-154.277797,58.171024],[-154.274307,58.160902],[-154.242789,58.15483],[-154.236242,58.145747],[-154.219653,58.143087],[-154.212843,58.134916],[-154.272257,58.128841],[-154.293502,58.135875],[-154.296894,58.14485],[-154.325851,58.15828],[-154.33838,58.157139],[-154.331715,58.138314],[-154.339165,58.132776],[-154.338914,58.122241],[-154.318332,58.111542],[-154.312017,58.096071],[-154.318084,58.083153],[-154.338787,58.081426],[-154.3395,58.094116],[-154.355424,58.098261],[-154.374195,58.09499],[-154.365763,58.103913],[-154.378689,58.116478],[-154.392354,58.124408],[-154.411036,58.127624],[-154.435561,58.14725],[-154.440227,58.157483],[-154.435109,58.173931],[-154.445716,58.173789],[-154.44811,58.183329],[-154.484471,58.192239],[-154.486017,58.186041],[-154.470693,58.177989],[-154.471084,58.165489],[-154.464254,58.163805],[-154.457087,58.149124],[-154.472309,58.146053],[-154.453209,58.117657],[-154.455409,58.108014],[-154.448334,58.09575],[-154.462754,58.080264],[-154.479811,58.08161],[-154.481752,58.086165],[-154.475938,58.09092],[-154.501022,58.099702],[-154.524802,58.103949],[-154.540622,58.091821],[-154.547306,58.096127],[-154.533934,58.106571],[-154.564363,58.107222],[-154.5523,58.1121],[-154.575542,58.113757],[-154.602768,58.124375],[-154.614311,58.11798],[-154.610971,58.112594],[-154.596741,58.110499],[-154.607545,58.104859],[-154.597943,58.095684],[-154.585956,58.093102],[-154.573686,58.102525],[-154.553746,58.093668],[-154.551853,58.08869],[-154.560575,58.084397],[-154.559639,58.080862],[-154.538117,58.068331],[-154.543258,58.061487],[-154.541602,58.054811],[-154.55693,58.04452],[-154.568431,58.023763],[-154.584596,58.019488],[-154.587875,58.02672],[-154.641115,58.031628],[-154.649615,58.039881],[-154.650198,58.046981],[-154.643255,58.057856],[-154.670776,58.062846],[-154.722404,58.050705],[-154.734143,58.027001],[-154.72829,58.016038],[-154.755009,58.010956],[-154.76972,58.002255],[-154.807624,57.999779],[-154.821773,58.00327],[-154.829441,58.017185],[-154.879487,58.024582],[-154.914876,58.021348],[-154.940598,58.00824],[-154.95794,58.005785],[-154.95726,58.001497],[-154.982452,58.001086],[-155.017396,57.99283],[-155.023343,58.000497],[-155.028948,57.999977],[-155.026699,57.990802],[-155.035256,57.983843],[-155.030078,57.970544],[-155.042913,57.953837],[-155.075832,57.953964],[-155.087716,57.947531],[-155.116713,57.945955],[-155.113147,57.934537],[-155.094732,57.918019],[-155.063538,57.90403],[-155.062603,57.897316],[-155.084054,57.873731],[-155.152837,57.85583],[-155.18192,57.860919],[-155.198499,57.852147],[-155.211541,57.858203],[-155.202555,57.861565],[-155.203619,57.871169],[-155.22463,57.869936],[-155.228897,57.863995],[-155.248968,57.869926],[-155.253141,57.861656],[-155.222004,57.848512],[-155.217487,57.837254],[-155.236552,57.827441],[-155.269717,57.822695],[-155.329738,57.829731],[-155.338881,57.825489],[-155.340949,57.818265],[-155.33234,57.815011],[-155.333358,57.802752],[-155.326227,57.796672],[-155.287157,57.80073],[-155.315635,57.790039],[-155.337708,57.797809],[-155.356968,57.7964],[-155.365224,57.787492],[-155.350217,57.781261],[-155.336908,57.784961],[-155.321711,57.764675],[-155.286297,57.756687],[-155.295567,57.750029],[-155.295448,57.743434],[-155.291055,57.741686],[-155.297111,57.738803],[-155.30139,57.724781],[-155.346473,57.724115],[-155.381412,57.711915],[-155.391674,57.717213],[-155.40074,57.735948],[-155.42118,57.745907],[-155.470499,57.746478],[-155.481313,57.7532],[-155.501873,57.754722],[-155.501397,57.758589],[-155.537643,57.776654],[-155.539618,57.783907],[-155.560698,57.790085],[-155.597615,57.785143],[-155.619584,57.76911],[-155.6165,57.767724],[-155.619049,57.755736],[-155.612037,57.748634],[-155.630352,57.727437],[-155.635656,57.70565],[-155.609918,57.686168],[-155.585101,57.688625],[-155.579976,57.677613],[-155.588082,57.664278],[-155.598532,57.658946],[-155.693526,57.645764],[-155.711113,57.635898],[-155.733927,57.632362],[-155.762017,57.641408],[-155.77768,57.638513],[-155.752343,57.619387],[-155.726706,57.615312],[-155.742238,57.601708],[-155.727549,57.578096],[-155.736462,57.568208],[-155.738602,57.557691],[-155.731363,57.554696],[-155.731471,57.5443],[-155.79719,57.544747],[-155.797784,57.551889],[-155.804677,57.555714],[-155.822503,57.556224],[-155.814184,57.561898],[-155.815372,57.573752],[-155.826543,57.576747],[-155.834743,57.575345],[-155.832366,57.568463],[-155.850192,57.567379],[-155.857085,57.555969],[-155.876812,57.545129],[-155.902096,57.549885],[-155.911632,57.543344],[-155.90569,57.537667],[-155.90783,57.534605],[-155.933737,57.53384],[-155.969507,57.539517],[-155.989591,57.557117],[-156.006942,57.559731],[-156.006148,57.566974],[-156.010983,57.569291],[-156.033206,57.568272],[-156.04509,57.561643],[-156.026194,57.521462],[-156.045327,57.517696],[-156.039979,57.507292],[-156.045565,57.498034],[-156.035107,57.468648],[-156.013263,57.450845],[-156.023342,57.433866],[-156.082881,57.439239],[-156.088228,57.435593],[-156.096428,57.442501],[-156.107599,57.439175],[-156.104034,57.448192],[-156.13624,57.462129],[-156.130298,57.468137],[-156.15573,57.471588],[-156.180805,57.481747],[-156.19574,57.480059],[-156.213723,57.464111],[-156.210039,57.46117],[-156.220105,57.445295],[-156.213248,57.438024],[-156.245929,57.441669],[-156.274213,57.430923],[-156.29192,57.431691],[-156.327928,57.422926],[-156.353479,57.401548],[-156.401728,57.372021],[-156.433458,57.366702],[-156.457583,57.344778],[-156.4804,57.33984],[-156.488481,57.320724],[-156.495255,57.316745],[-156.488006,57.330989],[-156.500484,57.334966],[-156.538513,57.3256],[-156.541151,57.310819],[-156.548222,57.305917],[-156.547959,57.288347],[-156.534234,57.282525],[-156.525084,57.284966],[-156.525321,57.288627],[-156.496872,57.288351],[-156.480612,57.298119],[-156.421374,57.308025],[-156.392984,57.317961],[-156.37378,57.31738],[-156.353241,57.324317],[-156.328523,57.317644],[-156.328642,57.312253],[-156.342546,57.310135],[-156.343378,57.303074],[-156.315094,57.2937],[-156.337554,57.249945],[-156.356925,57.246923],[-156.350865,57.2412],[-156.372493,57.246537],[-156.385328,57.244673],[-156.394003,57.239014],[-156.391151,57.227051],[-156.403748,57.223062],[-156.388537,57.21399],[-156.381406,57.199121],[-156.361679,57.19661],[-156.347181,57.187338],[-156.317827,57.187274],[-156.331851937733,57.1778549649295],[-156.751385,57.177841],[-156.751389,57.250097]]],[[[-156.750741,56.037116],[-156.749078,56.042825],[-156.724834,56.036452],[-156.724121,56.044551],[-156.718892,56.04641],[-156.697263,56.046011],[-156.697501,56.054506],[-156.713663,56.058753],[-156.736481,56.073879],[-156.730063,56.084357],[-156.697501,56.069766],[-156.676348,56.087142],[-156.686568,56.096291],[-156.683003,56.09881],[-156.668504,56.098147],[-156.658522,56.08197],[-156.643072,56.074144],[-156.634041,56.048003],[-156.678724,56.039639],[-156.681101,56.036187],[-156.672307,56.029281],[-156.682052,56.021179],[-156.670406,55.996464],[-156.681814,55.994337],[-156.706295,56.010418],[-156.702017,56.016662],[-156.704869,56.019983],[-156.723646,56.024765],[-156.735292,56.02264],[-156.750741,56.037116]]],[[[-156.806121,56.167684],[-156.807784,56.176285],[-156.800654,56.17893],[-156.808497,56.193348],[-156.794237,56.206041],[-156.799941,56.215558],[-156.795663,56.223884],[-156.764764,56.229169],[-156.781402,56.221109],[-156.782115,56.208685],[-156.745275,56.19467],[-156.76524,56.1743],[-156.761675,56.16464],[-156.764764,56.152066],[-156.774034,56.146637],[-156.778788,56.152198],[-156.800179,56.153919],[-156.804932,56.156302],[-156.806121,56.167684]]]]}},{"type":"Feature","properties":{"GEOID":"02068","NAME":"Denali","state":"AK","wildfire_risk_score":84.765,"wildfire_eal_total":806468.36,"risk_band":"High","source":"FEMA National Risk Index v1.20 (December 2025)"},"geometry":{"type":"Polygon","coordinates":[[[-152.880018,62.821529],[-152.428084,63.183171],[-152.428098,63.304259],[-152.619512,63.304254],[-152.619517,63.347568],[-152.810931,63.347563],[-152.810945,63.477501],[-152.873392,63.4775],[-152.87341,63.650745],[-152.228439,63.65076],[-152.229256,63.824001],[-152.055132,63.824006],[-152.055758,63.997242],[-151.830535,63.997248],[-151.840436,64.011803],[-151.859734,64.018901],[-151.793976,64.06943],[-151.776068,64.073171],[-151.564903,64.069436],[-151.564901,64.055],[-151.48966,64.044609],[-151.516333,64.020631],[-151.432994,64.007806],[-151.407625,63.997261],[-151.281794,63.997397],[-150.729385,64.358173],[-149.132653,64.358214],[-149.132599,64.343778],[-148.041753,64.342885],[-148.00322,64.346628],[-147.972783,64.328488],[-147.93108,64.322026],[-147.925255,64.312313],[-147.894299,64.306324],[-147.89231,64.297256],[-147.883485,64.292818],[-147.820465,64.281204],[-147.791433,64.261762],[-147.773779,64.258163],[-146.999909,64.257196],[-146.999966,63.477618],[-148.025627,63.477609],[-148.025618,63.333233],[-149.49234,63.333218],[-150.359318,63.145498],[-151.876539,62.798059],[-151.894015,62.798058],[-151.893784,62.725864],[-152.999609,62.725831],[-152.880018,62.821529]]]}},{"type":"Feature","properties":{"GEOID":"02198","NAME":"Prince of Wales-Hyder","state":"AK","wildfire_risk_score":10.115,"wildfire_eal_total":2079.48,"risk_band":"Moderate","source":"FEMA National Risk Index v1.20 (December 2025)"},"geometry":{"type":"MultiPolygon","coordinates":[[[[-130.388606,55.943179],[-130.384688,55.956165],[-130.367096,55.963772],[-130.352019,55.968255],[-130.322534,55.967099],[-130.323281,55.98261],[-130.29506,55.997077],[-130.286101,55.997738],[-130.259401,55.985259],[-130.246174,55.989207],[-130.247759,55.996805],[-130.218768,55.999971],[-130.250256,56.016693],[-130.252474,56.029442],[-130.279454,56.039066],[-130.289296,56.047321],[-130.292018,56.056199],[-130.282027,56.067144],[-130.282366,56.079598],[-130.261792,56.094208],[-130.103798,56.122798],[-130.003485,56.008075],[-130.017679,55.911945],[-130.003785,55.911931],[-130.003847,55.907288],[-130.083493,55.821707],[-130.124764,55.805642],[-130.151597755613,55.7674368282139],[-130.192342,55.788882],[-130.20205,55.805591],[-130.237973,55.816645],[-130.264687,55.841361],[-130.292563,55.857348],[-130.29848,55.867112],[-130.290352,55.874428],[-130.288673,55.887006],[-130.308479,55.908721],[-130.332966,55.904219],[-130.349123,55.920078],[-130.371053,55.930787],[-130.370783,55.937156],[-130.385029,55.938675],[-130.388606,55.943179]]],[[[-131.335282,55.1882],[-131.330767,55.188404],[-131.327439,55.184944],[-131.330767,55.183247],[-131.335282,55.1882]]],[[[-131.511997,55.265128],[-131.508194,55.26716],[-131.500113,55.264587],[-131.506055,55.262826],[-131.511997,55.265128]]],[[[-131.648188,55.046495],[-131.63155,55.049354],[-131.626797,55.058068],[-131.612536,55.06569],[-131.616339,55.072631],[-131.612061,55.077121],[-131.59162,55.088277],[-131.595423,55.09739],[-131.613724,55.09671],[-131.599226,55.125939],[-131.577359,55.131239],[-131.54551,55.118056],[-131.541232,55.130152],[-131.531962,55.137625],[-131.536716,55.142108],[-131.535528,55.149035],[-131.569991,55.155011],[-131.574032,55.160714],[-131.571655,55.167231],[-131.594472,55.168589],[-131.607069,55.175511],[-131.609684,55.182705],[-131.60184,55.184604],[-131.59875,55.179583],[-131.592808,55.179855],[-131.5814,55.184197],[-131.581638,55.19356],[-131.5978,55.212006],[-131.606356,55.213633],[-131.600177,55.221769],[-131.602553,55.232884],[-131.609921,55.238576],[-131.593522,55.256731],[-131.59162,55.27393],[-131.550739,55.268378],[-131.549788,55.271764],[-131.572368,55.286114],[-131.537667,55.274878],[-131.530536,55.270139],[-131.531012,55.264858],[-131.480386,55.253074],[-131.475395,55.248739],[-131.490131,55.246706],[-131.459946,55.222447],[-131.445447,55.217566],[-131.41645,55.217159],[-131.396247,55.209701],[-131.378421,55.191117],[-131.32637,55.16981],[-131.328984,55.16533],[-131.364161,55.163158],[-131.351564,55.1186],[-131.359645,55.110579],[-131.358219,55.100926],[-131.374143,55.092766],[-131.372479,55.088277],[-131.356079,55.082156],[-131.351088,55.062151],[-131.355842,55.040775],[-131.37343,55.028517],[-131.376282,55.01748],[-131.385552,55.011757],[-131.492745,55.011757],[-131.508908,55.026746],[-131.504629,55.033557],[-131.506293,55.04418],[-131.513661,55.057115],[-131.523644,55.062968],[-131.540044,55.057387],[-131.530299,55.03846],[-131.544797,55.025383],[-131.576646,55.016935],[-131.607782,54.993899],[-131.622994,55.003442],[-131.610397,55.013256],[-131.64486,55.011212],[-131.646049,55.024566],[-131.641533,55.027699],[-131.650327,55.036009],[-131.648188,55.046495]]],[[[-131.977563,55.145581],[-131.968531,55.148366],[-131.958786,55.154138],[-131.960569,55.14334],[-131.974116,55.140012],[-131.977563,55.145581]]],[[[-132.000149,55.055362],[-131.9954,55.059068],[-131.990239,55.057298],[-131.997847,55.052524],[-132.000149,55.055362]]],[[[-132.016332,55.066363],[-132.012349,55.06848],[-132.008826,55.066346],[-132.015368,55.060835],[-132.016332,55.066363]]],[[[-132.078458,55.057329],[-132.070465,55.057298],[-132.071037,55.052761],[-132.075368,55.052695],[-132.078458,55.057329]]],[[[-132.083924,55.294176],[-132.082974,55.298371],[-132.07204,55.301212],[-132.074298,55.293838],[-132.08333,55.290725],[-132.083924,55.294176]]],[[[-132.122322,55.226978],[-132.11554,55.229949],[-132.112302,55.229373],[-132.119514,55.224955],[-132.122322,55.226978]]],[[[-132.14699,55.446237],[-132.136246,55.450348],[-132.110047,55.443222],[-132.12717,55.437286],[-132.14699,55.446237]]],[[[-132.213103,55.403504],[-132.185414,55.405191],[-132.162834,55.398105],[-132.20633,55.397565],[-132.213103,55.403504]]],[[[-132.382213,55.503512],[-132.368189,55.502166],[-132.361653,55.507685],[-132.347392,55.505329],[-132.320772,55.491395],[-132.328853,55.486817],[-132.352503,55.49052],[-132.382213,55.503512]]],[[[-132.384913,55.51558],[-132.38348,55.51686],[-132.380804,55.516361],[-132.382677,55.513282],[-132.384913,55.51558]]],[[[-132.518322,55.586286],[-132.514035,55.581291],[-132.515645,55.5799],[-132.519617,55.585128],[-132.518322,55.586286]]],[[[-132.529292,55.588102],[-132.527041,55.587632],[-132.525223,55.58192],[-132.52797,55.582278],[-132.529292,55.588102]]],[[[-132.545461,55.58436],[-132.544497,55.591565],[-132.538772,55.590251],[-132.537712,55.584802],[-132.545461,55.58436]]],[[[-132.697851,55.092708],[-132.691736,55.094139],[-132.692418,55.086638],[-132.698327,55.089579],[-132.697851,55.092708]]],[[[-132.741081,54.98039],[-132.737858,54.988354],[-132.723406,54.988916],[-132.716232,54.977161],[-132.73273,54.983455],[-132.741081,54.98039]]],[[[-132.829526,54.921101],[-132.816691,54.917891],[-132.815622,54.926496],[-132.807303,54.919394],[-132.79328,54.922262],[-132.805995,54.928613],[-132.801123,54.933598],[-132.784248,54.932573],[-132.77379,54.924652],[-132.76452,54.923901],[-132.764045,54.933802],[-132.751923,54.93271],[-132.725422,54.940152],[-132.711755,54.929979],[-132.723045,54.926633],[-132.728155,54.922399],[-132.725541,54.91953],[-132.714726,54.916661],[-132.70819,54.923218],[-132.698327,54.923969],[-132.685492,54.915978],[-132.682164,54.907986],[-132.675747,54.908737],[-132.674796,54.914066],[-132.653762,54.908054],[-132.631776,54.890834],[-132.623101,54.872717],[-132.625953,54.866084],[-132.627855,54.873127],[-132.653167,54.8747],[-132.658159,54.861296],[-132.63035,54.851993],[-132.626428,54.844466],[-132.633915,54.84344],[-132.634391,54.837828],[-132.659822,54.848025],[-132.673251,54.842071],[-132.686799,54.849461],[-132.695118,54.844877],[-132.684541,54.835022],[-132.671469,54.835501],[-132.659822,54.828725],[-132.668854,54.825234],[-132.668022,54.821947],[-132.641283,54.817702],[-132.635579,54.806677],[-132.625597,54.805033],[-132.623457,54.798936],[-132.627736,54.79373],[-132.612287,54.787494],[-132.618585,54.783383],[-132.609553,54.776186],[-132.61086,54.766383],[-132.623101,54.767069],[-132.62524,54.756647],[-132.635223,54.749514],[-132.655544,54.752943],[-132.66933,54.765561],[-132.677886,54.766383],[-132.684066,54.776803],[-132.681808,54.781327],[-132.694643,54.793524],[-132.704506,54.815032],[-132.716628,54.816401],[-132.717222,54.821674],[-132.735048,54.829683],[-132.740158,54.839402],[-132.763807,54.846314],[-132.761074,54.85124],[-132.781752,54.854114],[-132.803975,54.86793],[-132.802549,54.873675],[-132.810868,54.884545],[-132.808016,54.897873],[-132.811581,54.906893],[-132.829526,54.921101]]],[[[-132.848645,54.971159],[-132.836324,54.966137],[-132.837384,54.963067],[-132.847358,54.961787],[-132.848645,54.971159]]],[[[-132.868416,54.97103],[-132.868382,54.976362],[-132.864146,54.976258],[-132.857307,54.961816],[-132.850813,54.959301],[-132.861277,54.95845],[-132.868416,54.97103]]],[[[-132.876948,54.954378],[-132.872676,54.955967],[-132.860325,54.951172],[-132.869494,54.949153],[-132.876948,54.954378]]],[[[-132.937432,55.068898],[-132.934818,55.079648],[-132.915804,55.078015],[-132.912001,55.083594],[-132.917705,55.089715],[-132.91509,55.091891],[-132.895363,55.096788],[-132.891798,55.090803],[-132.894175,55.08645],[-132.888233,55.068218],[-132.904633,55.058009],[-132.913427,55.043849],[-132.928876,55.046845],[-132.929114,55.053244],[-132.921746,55.056512],[-132.937432,55.068898]]],[[[-133.014441,55.162828],[-132.986394,55.173146],[-132.965716,55.17301],[-132.966905,55.165136],[-132.989009,55.157669],[-133.011588,55.15536],[-133.014441,55.162828]]],[[[-133.080516,56.08864],[-133.074955,56.088276],[-133.077733,56.093854],[-133.066611,56.097458],[-133.063475,56.108341],[-133.056677,56.110926],[-133.065898,56.127209],[-133.059124,56.134097],[-133.052459,56.124211],[-133.038578,56.120833],[-133.040461,56.1168],[-133.035064,56.114041],[-133.002885,56.116639],[-132.998146,56.10598],[-133.003356,56.101626],[-132.997695,56.092191],[-132.98069,56.082142],[-132.976861,56.07391],[-132.984074,56.071829],[-132.981374,56.064923],[-132.986632,56.059258],[-133.048566,56.0647],[-133.048674,56.055059],[-133.052588,56.05521],[-133.062975,56.058374],[-133.07695,56.072194],[-133.080516,56.08864]]],[[[-133.081704,56.055741],[-133.080872,56.06012],[-133.075287,56.060452],[-133.068632,56.047047],[-133.078495,56.047578],[-133.081704,56.055741]]],[[[-133.12068,55.444367],[-133.10466,55.43564],[-133.102237,55.430274],[-133.115544,55.434372],[-133.12068,55.444367]]],[[[-133.180748,55.499243],[-133.172819,55.502766],[-133.167864,55.500432],[-133.171201,55.495744],[-133.158951,55.491292],[-133.163108,55.477766],[-133.181413,55.489135],[-133.180748,55.499243]]],[[[-133.184764,55.55839],[-133.180564,55.562026],[-133.1699,55.560196],[-133.177145,55.550798],[-133.185758,55.553917],[-133.184764,55.55839]]],[[[-133.267376,55.176375],[-133.259165,55.179717],[-133.252882,55.175485],[-133.254542,55.173923],[-133.267376,55.176375]]],[[[-133.310286,55.582645],[-133.301219,55.583286],[-133.30041,55.576802],[-133.309486,55.580697],[-133.310286,55.582645]]],[[[-133.324256,55.418278],[-133.297398,55.44498],[-133.243445,55.450507],[-133.231323,55.439048],[-133.232987,55.429878],[-133.253903,55.405731],[-133.274819,55.408159],[-133.307143,55.400062],[-133.323305,55.406945],[-133.327108,55.412612],[-133.324256,55.418278]]],[[[-133.35455,55.740431],[-133.345792,55.739036],[-133.339834,55.731721],[-133.350814,55.733161],[-133.35455,55.740431]]],[[[-133.393695,55.355233],[-133.391621,55.35677],[-133.387361,55.356275],[-133.391007,55.353564],[-133.393695,55.355233]]],[[[-133.415484,55.716095],[-133.417308,55.722318],[-133.413037,55.723566],[-133.40246,55.718643],[-133.403247,55.710027],[-133.415051,55.712025],[-133.415484,55.716095]]],[[[-133.448449,55.664277],[-133.438984,55.66782],[-133.43503,55.662172],[-133.447246,55.657282],[-133.448449,55.664277]]],[[[-133.455693,55.532241],[-133.449751,55.541925],[-133.440103,55.546392],[-133.448973,55.555123],[-133.435188,55.559992],[-133.428778,55.55276],[-133.415763,55.568812],[-133.394134,55.563705],[-133.369891,55.574724],[-133.351589,55.564511],[-133.33923,55.570021],[-133.320453,55.559941],[-133.315462,55.561016],[-133.317363,55.569215],[-133.28908,55.548783],[-133.29003,55.539235],[-133.284801,55.526591],[-133.27981,55.525111],[-133.285752,55.507752],[-133.27981,55.503983],[-133.281236,55.499945],[-133.290506,55.499945],[-133.316888,55.474627],[-133.346836,55.468565],[-133.360859,55.449024],[-133.390093,55.472203],[-133.412198,55.473011],[-133.406493,55.479881],[-133.413861,55.491059],[-133.407444,55.491463],[-133.407206,55.496175],[-133.4488,55.51798],[-133.455693,55.532241]]],[[[-133.495553,55.912663],[-133.481213,55.914543],[-133.475539,55.905812],[-133.488879,55.904191],[-133.495553,55.912663]]],[[[-133.522838,55.887421],[-133.514519,55.887155],[-133.505487,55.893552],[-133.484809,55.887821],[-133.490988,55.873556],[-133.499783,55.881289],[-133.521411,55.878223],[-133.524977,55.881422],[-133.522838,55.887421]]],[[[-133.552084,56.430239],[-133.547626,56.431505],[-133.544467,56.428525],[-133.548773,56.427085],[-133.552084,56.430239]]],[[[-133.554568,54.84693],[-133.544942,54.861775],[-133.532464,54.857602],[-133.536148,54.84255],[-133.526997,54.833927],[-133.526759,54.825781],[-133.51951,54.824138],[-133.516064,54.816744],[-133.520342,54.814689],[-133.519985,54.807499],[-133.509646,54.792839],[-133.520342,54.767206],[-133.504774,54.75164],[-133.508696,54.746565],[-133.517014,54.750817],[-133.529611,54.772896],[-133.547794,54.780916],[-133.545774,54.794209],[-133.540545,54.797909],[-133.546249,54.801676],[-133.541971,54.810307],[-133.549695,54.818045],[-133.537574,54.826534],[-133.54815,54.831189],[-133.556945,54.843851],[-133.554568,54.84693]]],[[[-133.609673,55.685144],[-133.57786,55.684349],[-133.543951,55.669976],[-133.55331,55.65284],[-133.546849,55.64577],[-133.554432,55.64412],[-133.559321,55.635358],[-133.567459,55.637532],[-133.572943,55.626867],[-133.58765,55.621123],[-133.599026,55.643512],[-133.594641,55.648552],[-133.582014,55.649987],[-133.568327,55.644178],[-133.559439,55.648462],[-133.566637,55.657283],[-133.561816,55.669594],[-133.583776,55.663057],[-133.592155,55.665988],[-133.590158,55.670463],[-133.602309,55.675435],[-133.609673,55.685144]]],[[[-133.621356,55.450507],[-133.601153,55.468026],[-133.567402,55.474762],[-133.553541,55.482178],[-133.553814,55.489394],[-133.539723,55.489234],[-133.542877,55.491644],[-133.536419,55.505553],[-133.542331,55.506975],[-133.526997,55.529013],[-133.461409,55.506505],[-133.458783,55.500483],[-133.437154,55.491059],[-133.430974,55.469104],[-133.425745,55.465331],[-133.431687,55.455898],[-133.429073,55.450777],[-133.454505,55.435542],[-133.483977,55.436216],[-133.533177,55.428125],[-133.565263,55.430822],[-133.568591,55.443093],[-133.621356,55.450507]]],[[[-133.62413,55.646789],[-133.620308,55.653079],[-133.601844,55.647529],[-133.617139,55.642834],[-133.62413,55.646789]]],[[[-133.628605,55.916935],[-133.622425,55.918533],[-133.616246,55.90841],[-133.625278,55.910008],[-133.631219,55.914404],[-133.628605,55.916935]]],[[[-133.633002,55.599665],[-133.609666,55.602499],[-133.599727,55.596733],[-133.621664,55.585066],[-133.636631,55.596386],[-133.633002,55.599665]]],[[[-133.654471,55.613486],[-133.646994,55.615013],[-133.644962,55.620393],[-133.640036,55.619385],[-133.642622,55.606286],[-133.654471,55.613486]]],[[[-133.663355,55.42275],[-133.649368,55.428292],[-133.647088,55.437998],[-133.614416,55.440892],[-133.616858,55.434905],[-133.640841,55.427384],[-133.647442,55.419583],[-133.659348,55.418225],[-133.663355,55.42275]]],[[[-133.68117,55.658661],[-133.669758,55.662144],[-133.665089,55.654055],[-133.669605,55.651507],[-133.68117,55.658661]]],[[[-133.683747,56.107466],[-133.6721,56.108658],[-133.669011,56.106935],[-133.678755,56.097524],[-133.683747,56.107466]]],[[[-133.690283,55.307233],[-133.686242,55.312779],[-133.689095,55.317783],[-133.675784,55.321029],[-133.670318,55.32779],[-133.656295,55.329413],[-133.641796,55.324816],[-133.64964,55.342526],[-133.623733,55.36374],[-133.628724,55.368873],[-133.674121,55.369954],[-133.678161,55.376572],[-133.660811,55.380623],[-133.651541,55.392504],[-133.641796,55.394798],[-133.621118,55.384133],[-133.618741,55.399927],[-133.605431,55.405461],[-133.613512,55.410453],[-133.613037,55.418818],[-133.596162,55.425697],[-133.595211,55.430283],[-133.575246,55.430822],[-133.573582,55.421921],[-133.5636,55.422056],[-133.565263,55.413557],[-133.558608,55.411263],[-133.528185,55.41612],[-133.51844,55.412612],[-133.488493,55.420167],[-133.486591,55.413557],[-133.474707,55.412207],[-133.461873,55.42219],[-133.452603,55.419897],[-133.428835,55.425023],[-133.41196,55.419493],[-133.410296,55.402627],[-133.423844,55.381298],[-133.442621,55.381973],[-133.493009,55.366172],[-133.503942,55.367523],[-133.513449,55.354418],[-133.542446,55.335091],[-133.567165,55.343472],[-133.577385,55.339011],[-133.57073,55.332522],[-133.57382,55.314537],[-133.582614,55.305339],[-133.601866,55.299386],[-133.591884,55.291402],[-133.61066,55.251864],[-133.605431,55.239399],[-133.614463,55.235604],[-133.634904,55.251593],[-133.643935,55.269878],[-133.668416,55.276241],[-133.66604,55.287071],[-133.672457,55.293973],[-133.662237,55.301551],[-133.668179,55.305745],[-133.687668,55.300468],[-133.690283,55.307233]]],[[[-133.693537,55.866158],[-133.676499,55.873921],[-133.672627,55.872824],[-133.676161,55.855693],[-133.681033,55.851788],[-133.693537,55.866158]]],[[[-133.706819,55.889478],[-133.696316,55.892263],[-133.692519,55.882751],[-133.703136,55.878996],[-133.700764,55.887508],[-133.706819,55.889478]]],[[[-133.715322,55.664332],[-133.711503,55.673334],[-133.703752,55.672838],[-133.709201,55.661772],[-133.715322,55.664332]]],[[[-133.716665,56.395778],[-133.70692,56.398803],[-133.689808,56.388806],[-133.697651,56.385253],[-133.716903,56.391963],[-133.716665,56.395778]]],[[[-133.727822,55.599373],[-133.71644,55.606881],[-133.706445,55.605348],[-133.693768,55.58423],[-133.71479,55.58354],[-133.727822,55.599373]]],[[[-133.780273,56.529457],[-133.772193,56.535356],[-133.763246,56.530093],[-133.765772,56.527331],[-133.780273,56.529457]]],[[[-133.81661,55.954212],[-133.807816,55.952082],[-133.804488,55.956607],[-133.809955,55.970442],[-133.795219,55.964988],[-133.781671,55.979619],[-133.782859,55.98866],[-133.76028,56.007136],[-133.753862,56.00594],[-133.742454,56.02361],[-133.708941,56.039679],[-133.710367,56.044724],[-133.701097,56.049635],[-133.702048,56.066224],[-133.69777,56.071398],[-133.660454,56.084264],[-133.599608,56.082673],[-133.578217,56.073653],[-133.558965,56.084662],[-133.546843,56.078031],[-133.533295,56.079224],[-133.521174,56.074449],[-133.501446,56.078959],[-133.505487,56.088375],[-133.518797,56.094342],[-133.58202,56.097789],[-133.625991,56.105743],[-133.645005,56.119922],[-133.643817,56.127739],[-133.630744,56.130521],[-133.635735,56.147736],[-133.625753,56.148796],[-133.610779,56.1386],[-133.581544,56.129196],[-133.558014,56.142837],[-133.541852,56.143235],[-133.535435,56.156077],[-133.551834,56.16018],[-133.555875,56.185981],[-133.565858,56.186246],[-133.567759,56.177383],[-133.58606,56.178309],[-133.592953,56.189552],[-133.60864,56.190742],[-133.603649,56.19709],[-133.610066,56.203437],[-133.649045,56.197883],[-133.663069,56.209385],[-133.679468,56.211765],[-133.6721,56.222734],[-133.664019,56.216523],[-133.646193,56.224188],[-133.64144,56.218109],[-133.632408,56.21877],[-133.627892,56.246512],[-133.646906,56.262224],[-133.661643,56.284263],[-133.647382,56.295343],[-133.65784,56.29864],[-133.654987,56.302465],[-133.664732,56.310903],[-133.655938,56.32817],[-133.649521,56.328829],[-133.630744,56.322108],[-133.623851,56.309321],[-133.611492,56.306552],[-133.602936,56.311694],[-133.616483,56.320263],[-133.618385,56.326193],[-133.61268,56.33041],[-133.616008,56.333968],[-133.639063,56.345956],[-133.624802,56.35873],[-133.591289,56.351751],[-133.539475,56.348722],[-133.529493,56.343848],[-133.48362,56.342926],[-133.465319,56.33265],[-133.451771,56.33489],[-133.41707,56.328038],[-133.417545,56.33186],[-133.404235,56.336866],[-133.361215,56.334231],[-133.356462,56.336076],[-133.358363,56.339501],[-133.32081,56.333968],[-133.309401,56.323426],[-133.297993,56.326918],[-133.290387,56.322437],[-133.273512,56.33601],[-133.253784,56.334627],[-133.232512,56.32336],[-133.198642,56.336669],[-133.188001,56.329289],[-133.173179,56.327325],[-133.180086,56.323962],[-133.154422,56.311996],[-133.151044,56.307277],[-133.154751,56.303791],[-133.14255,56.297585],[-133.137915,56.289144],[-133.143857,56.284263],[-133.141718,56.279315],[-133.130547,56.282614],[-133.117475,56.27529],[-133.126863,56.269418],[-133.120921,56.268362],[-133.120683,56.26163],[-133.112602,56.262686],[-133.114266,56.249417],[-133.105828,56.244597],[-133.094658,56.25054],[-133.073861,56.246116],[-133.069107,56.238192],[-133.073623,56.23304],[-133.070295,56.225311],[-133.04724,56.207535],[-133.047359,56.200197],[-133.059956,56.192925],[-133.037852,56.183005],[-133.046765,56.150914],[-133.058768,56.147141],[-133.066968,56.149656],[-133.067443,56.14575],[-133.058411,56.141977],[-133.059837,56.137673],[-133.07695,56.131448],[-133.076,56.120055],[-133.068156,56.115351],[-133.071721,56.110116],[-133.086458,56.115616],[-133.089072,56.10667],[-133.109394,56.096264],[-133.123179,56.116477],[-133.133994,56.116941],[-133.13637,56.105014],[-133.128408,56.094607],[-133.122347,56.093812],[-133.111533,56.073322],[-133.103689,56.075113],[-133.092637,56.061447],[-133.09644,56.054546],[-133.093469,56.04625],[-133.070445,56.036571],[-133.066389,56.04279],[-133.043476,56.045428],[-133.014422,56.05635],[-132.991095,56.041025],[-132.985468,56.045636],[-132.986831,56.051206],[-132.982515,56.051588],[-132.970022,56.037224],[-132.971421,56.05521],[-132.96721,56.061238],[-132.954518,56.05631],[-132.947014,56.061817],[-132.935769,56.061182],[-132.924517,56.047626],[-132.925311,56.022215],[-132.910575,56.022547],[-132.90859,56.02763],[-132.897027,56.021617],[-132.892519,56.025147],[-132.88111,56.022841],[-132.873038,56.025997],[-132.874026,56.031036],[-132.86269,56.028844],[-132.845569,56.03616],[-132.83639,56.022682],[-132.848863,56.027147],[-132.852829,56.024563],[-132.839927,56.01254],[-132.82703,56.022481],[-132.822645,56.012955],[-132.810493,56.016379],[-132.793517,56.001886],[-132.771888,55.991917],[-132.733741,55.984007],[-132.716153,55.959334],[-132.616802,55.908743],[-132.614663,55.897084],[-132.581745,55.879823],[-132.56784,55.861086],[-132.544667,55.849547],[-132.518165,55.824455],[-132.49927,55.815041],[-132.493565,55.801818],[-132.469798,55.783645],[-132.490357,55.76874],[-132.473719,55.767203],[-132.493209,55.759447],[-132.480731,55.752559],[-132.479186,55.74266],[-132.467421,55.742325],[-132.466827,55.735233],[-132.444128,55.71944],[-132.446861,55.70384],[-132.458983,55.701162],[-132.461003,55.695737],[-132.455418,55.683277],[-132.462548,55.666926],[-132.454229,55.664178],[-132.452566,55.668736],[-132.441395,55.67068],[-132.43878,55.661832],[-132.445435,55.65258],[-132.442702,55.640308],[-132.455774,55.628032],[-132.455774,55.615282],[-132.449714,55.616692],[-132.439612,55.630514],[-132.429511,55.630447],[-132.429035,55.643192],[-132.418102,55.644936],[-132.418102,55.667664],[-132.389581,55.670345],[-132.355117,55.643326],[-132.357137,55.637692],[-132.345729,55.624879],[-132.347274,55.603804],[-132.326595,55.592457],[-132.327784,55.575262],[-132.303422,55.559269],[-132.296529,55.536075],[-132.262541,55.53984],[-132.257431,55.533452],[-132.239486,55.528744],[-132.238535,55.523631],[-132.198367,55.51428],[-132.164617,55.49052],[-132.159366,55.474732],[-132.143209,55.470776],[-132.147054,55.467965],[-132.143236,55.457423],[-132.154644,55.459693],[-132.15656,55.450939],[-132.178473,55.450977],[-132.185848,55.45953],[-132.214931,55.469176],[-132.243048,55.490503],[-132.39406,55.533844],[-132.397915,55.53827],[-132.422124,55.539043],[-132.430047,55.547296],[-132.462612,55.55595],[-132.472845,55.562246],[-132.474193,55.570643],[-132.490602,55.586743],[-132.500352,55.585291],[-132.498328,55.600954],[-132.529882,55.604254],[-132.531854,55.596907],[-132.550526,55.600659],[-132.557882,55.595978],[-132.558194,55.58742],[-132.572798,55.588484],[-132.571706,55.578691],[-132.565788,55.575472],[-132.583157,55.571399],[-132.57737,55.563142],[-132.566899,55.567983],[-132.558786,55.562149],[-132.545974,55.56478],[-132.521119,55.550739],[-132.539913,55.54959],[-132.540614,55.543737],[-132.549539,55.541185],[-132.54942,55.532241],[-132.574614,55.520739],[-132.58115,55.507887],[-132.589469,55.504858],[-132.591608,55.501964],[-132.585548,55.498733],[-132.625002,55.490722],[-132.62631,55.487557],[-132.612405,55.484729],[-132.625953,55.477389],[-132.641996,55.476581],[-132.651266,55.463445],[-132.674202,55.457246],[-132.667072,55.45354],[-132.671588,55.445182],[-132.667191,55.439924],[-132.659228,55.43952],[-132.656257,55.44707],[-132.626904,55.468632],[-132.602066,55.475907],[-132.568078,55.474358],[-132.56071,55.498935],[-132.564038,55.502301],[-132.532188,55.5093],[-132.524345,55.520739],[-132.515551,55.514212],[-132.517452,55.508762],[-132.524226,55.508156],[-132.516858,55.503108],[-132.499151,55.507954],[-132.492258,55.499406],[-132.494397,55.495906],[-132.478948,55.505531],[-132.411328,55.515289],[-132.406812,55.505464],[-132.409189,55.492607],[-132.398494,55.489173],[-132.39683,55.475436],[-132.362366,55.483854],[-132.350839,55.474897],[-132.333488,55.48042],[-132.318633,55.47914],[-132.31281,55.473819],[-132.317682,55.470317],[-132.294628,55.458796],[-132.280604,55.444306],[-132.301283,55.437565],[-132.314711,55.43952],[-132.321723,55.433654],[-132.364387,55.429271],[-132.395285,55.434868],[-132.404554,55.427653],[-132.41834,55.432913],[-132.426659,55.42853],[-132.420954,55.421314],[-132.394334,55.413759],[-132.396236,55.406743],[-132.383282,55.400265],[-132.378885,55.392436],[-132.361891,55.389669],[-132.362842,55.405663],[-132.351433,55.414164],[-132.322555,55.40094],[-132.316851,55.404921],[-132.327071,55.407012],[-132.32814,55.413422],[-132.265512,55.424214],[-132.26361,55.417604],[-132.25339,55.414029],[-132.258263,55.407822],[-132.248042,55.400602],[-132.248993,55.395946],[-132.230692,55.393044],[-132.230098,55.382243],[-132.22059,55.379677],[-132.221185,55.373128],[-132.212034,55.374411],[-132.202408,55.367928],[-132.193614,55.372452],[-132.181254,55.368333],[-132.172817,55.373128],[-132.163072,55.370291],[-132.174243,55.358404],[-132.146434,55.339755],[-132.152376,55.333807],[-132.146078,55.327385],[-132.152495,55.320623],[-132.145008,55.320218],[-132.145721,55.312576],[-132.138234,55.308924],[-132.127301,55.311223],[-132.13253,55.302633],[-132.116724,55.292958],[-132.111733,55.284025],[-132.094739,55.282604],[-132.101988,55.271232],[-132.094264,55.266695],[-132.114942,55.252812],[-132.140017,55.252948],[-132.132055,55.243735],[-132.13966,55.239263],[-132.166875,55.237231],[-132.232712,55.248003],[-132.240555,55.238247],[-132.228434,55.235537],[-132.240555,55.22571],[-132.25541,55.227472],[-132.2585,55.217846],[-132.26872,55.211134],[-132.268126,55.205438],[-132.240437,55.208015],[-132.240674,55.212287],[-132.232831,55.21188],[-132.22677,55.220558],[-132.202527,55.217033],[-132.188266,55.224219],[-132.161408,55.218796],[-132.147266,55.208354],[-132.137521,55.215948],[-132.127776,55.216287],[-132.125043,55.213033],[-132.129084,55.204828],[-132.105672,55.195401],[-132.102463,55.198724],[-132.10591,55.203946],[-132.092481,55.209982],[-132.098304,55.217575],[-132.08749,55.2251],[-132.073585,55.224083],[-132.076675,55.226659],[-132.070733,55.232758],[-132.077745,55.237637],[-132.076913,55.245158],[-132.063841,55.261346],[-132.045539,55.269201],[-132.046965,55.274143],[-132.03009,55.279964],[-132.019751,55.27861],[-131.992418,55.259585],[-131.990397,55.248409],[-131.998954,55.245496],[-131.990279,55.244074],[-131.9942,55.235604],[-131.985406,55.232758],[-131.982316,55.22693],[-131.987545,55.219812],[-131.979227,55.217372],[-131.978989,55.212558],[-131.989684,55.2091],[-131.976493,55.191127],[-131.976612,55.174164],[-131.992299,55.163439],[-131.990873,55.157261],[-132.007867,55.159026],[-132.001331,55.153187],[-132.002044,55.145785],[-132.018681,55.15373],[-132.0352,55.145242],[-132.031991,55.140351],[-132.017374,55.139808],[-132.026049,55.128259],[-132.058849,55.119765],[-132.039478,55.116706],[-132.005728,55.122007],[-131.996458,55.118338],[-131.993131,55.109637],[-132.021177,55.097672],[-132.023554,55.092572],[-132.037577,55.093388],[-132.034725,55.088287],[-132.042331,55.084206],[-132.06491,55.085158],[-132.087371,55.079104],[-132.083924,55.068898],[-132.097948,55.067333],[-132.088678,55.062093],[-132.104365,55.059915],[-132.106623,55.055014],[-132.089748,55.054266],[-132.092719,55.046437],[-132.086064,55.042487],[-132.086301,55.03704],[-132.092124,55.040649],[-132.133124,55.028594],[-132.148336,55.016536],[-132.168538,55.014083],[-132.175431,55.017354],[-132.193733,55.005769],[-132.229979,55.001544],[-132.226532,54.9905],[-132.212866,54.987364],[-132.194446,54.988386],[-132.186246,54.995886],[-132.160101,54.993023],[-132.156417,54.990159],[-132.163428,54.98184],[-132.153802,54.979249],[-132.158318,54.973247],[-132.139304,54.972769],[-132.14382,54.988318],[-132.131936,54.9905],[-132.134431,54.994454],[-132.118745,55.000112],[-132.114704,55.008427],[-132.100087,55.003793],[-132.082617,55.009381],[-132.062533,55.023894],[-132.051006,55.018648],[-132.0434,55.030502],[-132.047678,55.033158],[-132.023435,55.041058],[-132.010363,55.031796],[-132.005371,55.036972],[-131.97994,55.037857],[-131.982673,55.027777],[-131.991824,55.026619],[-131.984099,55.020624],[-131.989447,55.012448],[-131.977206,55.010199],[-131.973047,55.00243],[-131.990279,55.008427],[-131.979464,54.993636],[-131.980058,54.983613],[-131.992418,54.982318],[-131.980534,54.976043],[-131.987426,54.970041],[-131.979821,54.969768],[-131.97578,54.961854],[-131.967105,54.960285],[-131.96663,54.952574],[-131.976018,54.948957],[-131.97067,54.943565],[-131.971977,54.927384],[-131.97887,54.919872],[-131.974711,54.909899],[-131.978989,54.908327],[-131.972096,54.896575],[-131.977919,54.892269],[-131.977087,54.882699],[-131.970314,54.864921],[-131.986357,54.867794],[-132.024742,54.885844],[-132.022841,54.900197],[-132.051244,54.89555],[-132.04031,54.869914],[-132.02902,54.872717],[-132.014522,54.868819],[-131.994319,54.855277],[-131.974235,54.850351],[-131.97269,54.841182],[-131.961638,54.834543],[-131.952369,54.803115],[-131.955577,54.789824],[-131.96247,54.783588],[-131.99325,54.779065],[-132.007867,54.782081],[-131.996339,54.772279],[-131.999667,54.765081],[-132.013571,54.766658],[-132.012621,54.756441],[-132.000618,54.751777],[-131.995151,54.740048],[-131.998241,54.729069],[-132.011789,54.72104],[-132.011789,54.714587],[-132.018087,54.710194],[-132.014641,54.691309],[-132.055759,54.701268],[-132.089866,54.700787],[-132.100087,54.696117],[-132.085826,54.685814],[-132.094145,54.683547],[-132.117675,54.685333],[-132.118626,54.690279],[-132.166875,54.691653],[-132.163785,54.704976],[-132.198011,54.707173],[-132.200863,54.725295],[-132.212747,54.726942],[-132.214173,54.722138],[-132.231999,54.716921],[-132.241981,54.726393],[-132.262422,54.72804],[-132.279297,54.711704],[-132.311859,54.714862],[-132.320178,54.718843],[-132.31281,54.72955],[-132.316375,54.740665],[-132.37532,54.75164],[-132.36605,54.770154],[-132.371042,54.782903],[-132.397899,54.774267],[-132.429035,54.785918],[-132.504855,54.775501],[-132.509371,54.781258],[-132.502241,54.787837],[-132.463499,54.794415],[-132.458983,54.798936],[-132.464925,54.809211],[-132.456844,54.821674],[-132.442345,54.829341],[-132.40812,54.817976],[-132.404079,54.826877],[-132.361772,54.818387],[-132.322317,54.833722],[-132.344184,54.84125],[-132.344897,54.851924],[-132.352978,54.862869],[-132.411209,54.876273],[-132.410972,54.885297],[-132.42238,54.89678],[-132.442345,54.894319],[-132.459696,54.910992],[-132.46754,54.908259],[-132.465876,54.901017],[-132.483939,54.904023],[-132.483939,54.89637],[-132.523157,54.896233],[-132.532901,54.901836],[-132.529574,54.906209],[-132.54027,54.917276],[-132.52791,54.922467],[-132.530049,54.932573],[-132.563087,54.934485],[-132.616327,54.971337],[-132.613713,54.991523],[-132.601116,55.002839],[-132.575208,54.99834],[-132.572119,55.001475],[-132.573782,55.015514],[-132.593985,55.017149],[-132.597075,55.030502],[-132.588043,55.039628],[-132.556194,55.050521],[-132.551678,55.06046],[-132.56998,55.071212],[-132.556432,55.078288],[-132.552154,55.085226],[-132.554768,55.090667],[-132.531713,55.100867],[-132.532901,55.105763],[-132.524583,55.10889],[-132.529812,55.115823],[-132.56071,55.107938],[-132.559046,55.125473],[-132.575208,55.126288],[-132.608959,55.088627],[-132.625834,55.052836],[-132.635104,55.054334],[-132.638431,55.07924],[-132.624646,55.083594],[-132.633202,55.088355],[-132.633202,55.0957],[-132.62631,55.100731],[-132.628686,55.111065],[-132.596837,55.154817],[-132.584953,55.157397],[-132.58329,55.167037],[-132.596124,55.173417],[-132.608246,55.195536],[-132.628449,55.205167],[-132.654593,55.232419],[-132.675272,55.237705],[-132.679312,55.23269],[-132.646512,55.191602],[-132.635579,55.186039],[-132.63035,55.173689],[-132.638431,55.151693],[-132.650315,55.149928],[-132.663863,55.13811],[-132.72478,55.15276],[-132.770344,55.176539],[-132.800529,55.181561],[-132.800053,55.193773],[-132.812888,55.195129],[-132.820732,55.201505],[-132.832853,55.200013],[-132.811937,55.173417],[-132.774861,55.163038],[-132.769393,55.15373],[-132.744184,55.138474],[-132.714013,55.139333],[-132.688819,55.125201],[-132.699233,55.115553],[-132.700948,55.105893],[-132.717615,55.115277],[-132.731781,55.10956],[-132.724164,55.10027],[-132.712378,55.098548],[-132.714912,55.080468],[-132.69286,55.07924],[-132.698802,55.066721],[-132.683353,55.047117],[-132.685967,55.028458],[-132.695474,55.019602],[-132.694761,55.012516],[-132.707121,55.004065],[-132.711874,55.004065],[-132.711399,55.012925],[-132.71639,55.01456],[-132.732552,55.004338],[-132.749903,55.009926],[-132.756083,55.005701],[-132.747526,54.999022],[-132.748715,54.99125],[-132.755607,54.988386],[-132.770819,55.00611],[-132.782228,55.008836],[-132.791497,55.002839],[-132.810036,55.007201],[-132.836656,55.019738],[-132.873259,55.023962],[-132.893937,55.036631],[-132.883479,55.048343],[-132.889659,55.052836],[-132.869218,55.066585],[-132.86494,55.088355],[-132.856384,55.090803],[-132.882766,55.106442],[-132.885618,55.116095],[-132.874447,55.123163],[-132.877062,55.127104],[-132.914615,55.125337],[-132.920795,55.133083],[-132.93767,55.136072],[-132.938383,55.143],[-132.932203,55.145717],[-132.91723,55.140283],[-132.910337,55.143],[-132.903444,55.150471],[-132.907009,55.15536],[-132.893224,55.161878],[-132.899641,55.175182],[-132.913189,55.174639],[-132.917943,55.168802],[-132.947653,55.175317],[-132.949316,55.186582],[-132.933154,55.19323],[-132.939334,55.210321],[-132.968806,55.211134],[-132.969519,55.220761],[-132.97665,55.221846],[-133.014678,55.202997],[-133.026562,55.209643],[-133.040348,55.207744],[-133.048666,55.220355],[-133.045814,55.23269],[-133.002319,55.242719],[-133.009212,55.248816],[-133.042962,55.248138],[-133.047953,55.254235],[-133.041536,55.262091],[-133.04938,55.267508],[-133.068394,55.267102],[-133.074336,55.26033],[-133.071959,55.253557],[-133.107611,55.260872],[-133.11997,55.255183],[-133.103095,55.243667],[-133.086695,55.242041],[-133.079565,55.227133],[-133.103333,55.225642],[-133.095965,55.216694],[-133.095014,55.207066],[-133.085031,55.198114],[-133.106185,55.189838],[-133.075049,55.191602],[-133.070771,55.179661],[-133.059837,55.169073],[-133.061026,55.160113],[-133.065779,55.163507],[-133.088359,55.162014],[-133.093826,55.155903],[-133.071246,55.155767],[-133.068156,55.150607],[-133.084318,55.144087],[-133.06982,55.144359],[-133.054133,55.134441],[-133.027988,55.139333],[-133.010638,55.122891],[-133.01658,55.114735],[-133.006359,55.097876],[-133.009212,55.085226],[-132.990673,55.079784],[-132.971658,55.06046],[-133.005171,55.07094],[-133.025374,55.084954],[-133.056272,55.082505],[-133.061026,55.080056],[-133.060075,55.075022],[-133.03702,55.069987],[-133.03298,55.063318],[-133.009449,55.05515],[-133.008974,55.047254],[-133.016104,55.044939],[-132.996139,55.03595],[-132.996852,55.030229],[-132.984731,55.028049],[-132.987107,55.020692],[-132.962626,55.021374],[-132.95407,55.015923],[-132.962626,54.988386],[-132.955258,54.986341],[-132.955496,54.974474],[-132.943612,54.968745],[-132.94694,54.962605],[-132.908673,54.944862],[-132.908198,54.937899],[-132.931966,54.933802],[-132.896076,54.929023],[-132.914615,54.920691],[-132.911525,54.911948],[-132.888946,54.89965],[-132.855195,54.897053],[-132.850204,54.884067],[-132.81574,54.85986],[-132.816216,54.85384],[-132.840697,54.847272],[-132.842598,54.84125],[-132.799578,54.846588],[-132.773433,54.835501],[-132.76559,54.828109],[-132.767254,54.824001],[-132.749903,54.819893],[-132.747289,54.80332],[-132.742773,54.801265],[-132.747051,54.794689],[-132.729463,54.78537],[-132.731126,54.780984],[-132.716866,54.769331],[-132.720193,54.764944],[-132.715677,54.761241],[-132.725897,54.755892],[-132.722332,54.744232],[-132.730176,54.742449],[-132.72661,54.734216],[-132.681927,54.727079],[-132.69999,54.719942],[-132.69904,54.714313],[-132.704982,54.712665],[-132.697614,54.698521],[-132.724947,54.702366],[-132.729225,54.698521],[-132.672182,54.674477],[-132.675985,54.66788],[-132.690721,54.663619],[-132.707358,54.672003],[-132.727799,54.664444],[-132.750141,54.668567],[-132.747051,54.673515],[-132.751567,54.677226],[-132.777474,54.671729],[-132.7461,54.686844],[-132.761074,54.693713],[-132.794825,54.684371],[-132.800053,54.687669],[-132.797439,54.692614],[-132.808848,54.700443],[-132.815978,54.699482],[-132.822633,54.690828],[-132.844975,54.686707],[-132.843787,54.69124],[-132.874923,54.704838],[-132.854958,54.706211],[-132.885143,54.737784],[-132.872308,54.752875],[-132.887282,54.764258],[-132.903444,54.768509],[-132.907247,54.771525],[-132.904395,54.77646],[-132.942186,54.782766],[-132.95407,54.793044],[-132.971421,54.799073],[-132.975699,54.810033],[-132.992099,54.818661],[-133.009449,54.820304],[-133.002081,54.823043],[-133.001368,54.831668],[-133.015867,54.83906],[-133.023235,54.853566],[-133.031791,54.853019],[-133.035356,54.857808],[-133.028939,54.864237],[-133.036545,54.864648],[-133.028226,54.87217],[-133.048666,54.870255],[-133.054133,54.875316],[-133.0432,54.884203],[-133.058174,54.890765],[-133.074098,54.905526],[-133.087408,54.906619],[-133.084794,54.911402],[-133.07695,54.911948],[-133.075762,54.918096],[-133.117118,54.920418],[-133.134469,54.930935],[-133.126863,54.933802],[-133.147304,54.937626],[-133.153721,54.9465],[-133.167744,54.949366],[-133.166793,54.954826],[-133.153246,54.962605],[-133.158237,54.964788],[-133.158237,54.973929],[-133.169883,54.978567],[-133.16608,54.980749],[-133.170121,54.98184],[-133.167982,54.985386],[-133.153008,54.994386],[-133.162753,54.995204],[-133.157286,55.000385],[-133.159901,55.00243],[-133.172973,55.004747],[-133.165367,55.023145],[-133.197216,55.031183],[-133.211002,55.042624],[-133.211002,55.050385],[-133.226451,55.056376],[-133.212665,55.059915],[-133.172022,55.052564],[-133.173211,55.059643],[-133.197216,55.06359],[-133.238097,55.08441],[-133.238097,55.102091],[-133.221935,55.107666],[-133.164179,55.099644],[-133.128289,55.102499],[-133.148492,55.109841],[-133.186996,55.111609],[-133.23168,55.123706],[-133.231918,55.127783],[-133.205297,55.134577],[-133.200068,55.140419],[-133.218845,55.14531],[-133.228115,55.159298],[-133.245465,55.165408],[-133.241187,55.168938],[-133.199593,55.155496],[-133.182718,55.15373],[-133.178202,55.157533],[-133.200544,55.162014],[-133.205535,55.172467],[-133.222648,55.174367],[-133.239761,55.183461],[-133.237147,55.195536],[-133.228352,55.200149],[-133.230967,55.205167],[-133.216944,55.2091],[-133.223599,55.216016],[-133.223836,55.237976],[-133.215518,55.24448],[-133.184619,55.249358],[-133.170596,55.247055],[-133.119733,55.268997],[-133.176063,55.264258],[-133.206486,55.273195],[-133.220984,55.272924],[-133.232868,55.267102],[-133.240712,55.242041],[-133.256161,55.220084],[-133.273987,55.214118],[-133.308688,55.213982],[-133.334833,55.202726],[-133.356937,55.223473],[-133.368346,55.226455],[-133.382844,55.220761],[-133.380467,55.225913],[-133.38427,55.228082],[-133.395441,55.224693],[-133.396867,55.214796],[-133.416357,55.208015],[-133.440838,55.210728],[-133.460328,55.225235],[-133.456763,55.229031],[-133.462705,55.23784],[-133.454623,55.243261],[-133.465319,55.245022],[-133.470786,55.258163],[-133.468171,55.262903],[-133.471499,55.266289],[-133.463655,55.273872],[-133.428003,55.269674],[-133.403522,55.284567],[-133.406137,55.289033],[-133.428479,55.282942],[-133.453673,55.287951],[-133.461754,55.302024],[-133.457713,55.309465],[-133.463655,55.319203],[-133.448444,55.320421],[-133.433708,55.328264],[-133.386647,55.32326],[-133.382131,55.328534],[-133.402334,55.334483],[-133.399482,55.340431],[-133.381418,55.336105],[-133.374288,55.342593],[-133.35456,55.346513],[-133.328653,55.34435],[-133.318195,55.338268],[-133.317958,55.330832],[-133.311303,55.333807],[-133.305123,55.328264],[-133.3075,55.317581],[-133.296566,55.30703],[-133.297755,55.30243],[-133.314155,55.296206],[-133.318671,55.275632],[-133.305836,55.27834],[-133.297993,55.291334],[-133.283969,55.288492],[-133.271135,55.293635],[-133.250932,55.276986],[-133.228352,55.276715],[-133.2255,55.281589],[-133.242613,55.289575],[-133.24499,55.299453],[-133.237384,55.309735],[-133.273036,55.329616],[-133.292526,55.353269],[-133.262816,55.347324],[-133.233581,55.350972],[-133.233106,55.354215],[-133.267332,55.357053],[-133.269709,55.360701],[-133.254259,55.369616],[-133.239048,55.371102],[-133.225738,55.382716],[-133.21528,55.383661],[-133.176063,55.377719],[-133.158237,55.361646],[-133.156098,55.377179],[-133.148492,55.381365],[-133.129953,55.37907],[-133.127814,55.384606],[-133.13233,55.389331],[-133.147066,55.387306],[-133.161802,55.393516],[-133.125199,55.40013],[-133.127101,55.411465],[-133.12306,55.415378],[-133.106423,55.397026],[-133.040053,55.40706],[-133.038181,55.417433],[-133.080359,55.42428],[-133.084301,55.428369],[-132.994542,55.45214],[-133.038818,55.456992],[-133.072527,55.449214],[-133.118639,55.459638],[-133.142075,55.457718],[-133.148492,55.463917],[-133.139987,55.471489],[-133.154491,55.477297],[-133.127494,55.479631],[-133.126541,55.484163],[-133.137397,55.489703],[-133.13086,55.514571],[-133.105388,55.537988],[-133.110557,55.550467],[-133.107163,55.556266],[-133.098173,55.560932],[-133.087479,55.557356],[-133.08225,55.562573],[-133.09705,55.578965],[-133.105854,55.577426],[-133.103931,55.567704],[-133.13486,55.554508],[-133.139332,55.547386],[-133.138256,55.529066],[-133.148503,55.52648],[-133.155819,55.534629],[-133.152487,55.541326],[-133.160695,55.547749],[-133.158032,55.563482],[-133.134428,55.587589],[-133.131139,55.599547],[-133.176255,55.60178],[-133.173704,55.589898],[-133.182811,55.586696],[-133.164222,55.582922],[-133.164742,55.579157],[-133.18175,55.580134],[-133.197929,55.587823],[-133.21509,55.586463],[-133.220415,55.57854],[-133.228262,55.577538],[-133.241163,55.585212],[-133.246656,55.58296],[-133.248888,55.571452],[-133.264462,55.568492],[-133.251426,55.577991],[-133.275844,55.577114],[-133.277225,55.582453],[-133.291343,55.588336],[-133.336734,55.59897],[-133.342794,55.606369],[-133.360027,55.607966],[-133.378275,55.618854],[-133.405372,55.616569],[-133.386571,55.621877],[-133.400279,55.634257],[-133.399361,55.638506],[-133.417857,55.634516],[-133.435452,55.645717],[-133.419215,55.654755],[-133.409031,55.642963],[-133.403253,55.65693],[-133.414178,55.666547],[-133.395676,55.665164],[-133.390822,55.682437],[-133.374322,55.681305],[-133.386117,55.672786],[-133.379387,55.670223],[-133.354829,55.68927],[-133.364467,55.695659],[-133.373439,55.689815],[-133.390592,55.694258],[-133.393703,55.716021],[-133.384427,55.736311],[-133.376665,55.734765],[-133.368695,55.723934],[-133.361263,55.723245],[-133.357657,55.713665],[-133.345494,55.706644],[-133.326683,55.711232],[-133.331731,55.717681],[-133.328675,55.722426],[-133.335675,55.722073],[-133.338687,55.72861],[-133.326789,55.734382],[-133.344669,55.740608],[-133.347668,55.744666],[-133.341488,55.750686],[-133.348618,55.754565],[-133.369534,55.758979],[-133.397105,55.745469],[-133.423487,55.739716],[-133.451296,55.750552],[-133.463418,55.74868],[-133.4734,55.75724],[-133.488849,55.757909],[-133.495742,55.768339],[-133.513093,55.773286],[-133.522838,55.764595],[-133.511667,55.754298],[-133.50929,55.742927],[-133.500733,55.740251],[-133.498357,55.733828],[-133.487899,55.733962],[-133.488612,55.71308],[-133.494554,55.705447],[-133.536148,55.692857],[-133.582495,55.70451],[-133.60246,55.716026],[-133.643579,55.728743],[-133.654037,55.738512],[-133.649573,55.742721],[-133.655385,55.75035],[-133.665372,55.748629],[-133.663598,55.754701],[-133.673608,55.756084],[-133.669236,55.767457],[-133.681132,55.76727],[-133.68446,55.77342],[-133.702286,55.77997],[-133.702048,55.783712],[-133.687312,55.787588],[-133.653561,55.792131],[-133.66901,55.802075],[-133.661808,55.806399],[-133.663544,55.816371],[-133.656414,55.823253],[-133.637044,55.826076],[-133.6388,55.829648],[-133.632863,55.83372],[-133.620049,55.828727],[-133.600083,55.798411],[-133.590101,55.795873],[-133.597944,55.828593],[-133.581782,55.83727],[-133.553261,55.836335],[-133.53591,55.824722],[-133.511667,55.818713],[-133.516183,55.81257],[-133.489562,55.814173],[-133.498357,55.802686],[-133.497881,55.796541],[-133.487186,55.789592],[-133.4734,55.792399],[-133.471023,55.795205],[-133.480531,55.80322],[-133.467696,55.807629],[-133.463655,55.805758],[-133.461754,55.789592],[-133.408038,55.790127],[-133.401859,55.795472],[-133.365256,55.784915],[-133.378328,55.794804],[-133.375238,55.802152],[-133.384983,55.80656],[-133.382369,55.822585],[-133.368346,55.817378],[-133.370723,55.808697],[-133.357175,55.800281],[-133.349569,55.806694],[-133.330792,55.806426],[-133.321998,55.814039],[-133.330317,55.828059],[-133.343865,55.830329],[-133.363354,55.845277],[-133.337447,55.844343],[-133.332218,55.854617],[-133.34743,55.869155],[-133.351233,55.877289],[-133.347668,55.879956],[-133.353134,55.884089],[-133.388073,55.877956],[-133.413267,55.885555],[-133.419685,55.882356],[-133.423012,55.890887],[-133.407088,55.896218],[-133.413505,55.904746],[-133.429192,55.901548],[-133.434896,55.909808],[-133.452009,55.906611],[-133.464368,55.910475],[-133.454386,55.916868],[-133.437986,55.917002],[-133.434896,55.924992],[-133.425151,55.929919],[-133.425151,55.938972],[-133.435847,55.939372],[-133.447731,55.930851],[-133.456763,55.930851],[-133.482432,55.942833],[-133.497881,55.940037],[-133.494791,55.948955],[-133.505487,55.948423],[-133.499307,55.960798],[-133.477678,55.979685],[-133.484571,55.986865],[-133.490751,55.985802],[-133.490988,55.993513],[-133.471261,55.989392],[-133.465081,55.99338],[-133.478867,56.009328],[-133.473876,56.016901],[-133.480055,56.027661],[-133.486948,56.028059],[-133.497643,56.013846],[-133.538762,55.980683],[-133.593666,55.96725],[-133.619573,55.931584],[-133.633834,55.92932],[-133.63835,55.919998],[-133.659979,55.921996],[-133.674715,55.913205],[-133.685648,55.916402],[-133.703949,55.906012],[-133.700147,55.899483],[-133.713786,55.893891],[-133.727541,55.908611],[-133.724495,55.916905],[-133.729022,55.922581],[-133.754317,55.912881],[-133.770384,55.927849],[-133.787765,55.925132],[-133.787902,55.916995],[-133.79712,55.917201],[-133.814352,55.941635],[-133.81661,55.954212]]],[[[-133.823146,55.444306],[-133.813876,55.449429],[-133.819343,55.453338],[-133.815065,55.456033],[-133.780364,55.469239],[-133.782978,55.484729],[-133.767766,55.500214],[-133.755645,55.499541],[-133.750178,55.506137],[-133.715952,55.517577],[-133.715002,55.521882],[-133.723558,55.529147],[-133.760161,55.533721],[-133.75208,55.547842],[-133.737581,55.553892],[-133.732828,55.561554],[-133.724509,55.560479],[-133.724271,55.554026],[-133.719755,55.552951],[-133.661999,55.557253],[-133.64346,55.547438],[-133.637518,55.52982],[-133.625159,55.538832],[-133.626347,55.55443],[-133.622544,55.555371],[-133.596399,55.547976],[-133.584278,55.536814],[-133.589507,55.518922],[-133.585942,55.503714],[-133.631576,55.490385],[-133.63324,55.476783],[-133.643698,55.467487],[-133.640608,55.453607],[-133.667466,55.437969],[-133.688144,55.451316],[-133.716903,55.456437],[-133.728549,55.463714],[-133.730213,55.469912],[-133.73972,55.472068],[-133.786068,55.458863],[-133.815302,55.438913],[-133.820531,55.438778],[-133.823146,55.444306]]],[[[-133.833841,56.422604],[-133.804845,56.421026],[-133.796763,56.410903],[-133.7787,56.402355],[-133.774184,56.392095],[-133.786543,56.396173],[-133.807697,56.394857],[-133.820769,56.402223],[-133.833841,56.422604]]],[[[-133.839783,56.494178],[-133.835981,56.499819],[-133.815778,56.493915],[-133.805082,56.483942],[-133.776323,56.472916],[-133.774897,56.463988],[-133.787969,56.454533],[-133.801755,56.465958],[-133.81863,56.468715],[-133.84121,56.490241],[-133.839783,56.494178]]],[[[-133.844775,56.538499],[-133.840021,56.540333],[-133.834079,56.536402],[-133.840496,56.533781],[-133.844775,56.538499]]],[[[-133.943531,55.901348],[-133.943531,55.916402],[-133.9364,55.92133],[-133.909305,55.92679],[-133.896945,55.937042],[-133.867949,55.936776],[-133.855114,55.930785],[-133.845131,55.903613],[-133.857966,55.897617],[-133.839427,55.888821],[-133.842517,55.879356],[-133.858917,55.882289],[-133.865809,55.877223],[-133.843705,55.867088],[-133.871989,55.843876],[-133.909067,55.845611],[-133.910018,55.850948],[-133.930696,55.867889],[-133.930696,55.881223],[-133.943293,55.892553],[-133.943531,55.901348]]],[[[-133.949116,56.88757],[-133.924873,56.873545],[-133.918693,56.865491],[-133.935093,56.867829],[-133.949116,56.88757]]],[[[-133.993349,57.126144],[-133.975693,57.131709],[-133.971204,57.130881],[-133.985293,57.122316],[-133.993349,57.126144]]],[[[-134.022928,56.930456],[-134.008658,56.926663],[-133.993792,56.914749],[-134.026362,56.927929],[-134.022928,56.930456]]],[[[-134.139498,55.951683],[-134.110976,55.9864],[-134.099805,55.98414],[-134.121909,55.953546],[-134.11668,55.944763],[-134.124286,55.927855],[-134.137358,55.934646],[-134.139498,55.951683]]],[[[-134.366957,55.910541],[-134.337485,55.928122],[-134.298981,55.918134],[-134.289236,55.919466],[-134.280917,55.927989],[-134.266656,55.929586],[-134.263329,55.895218],[-134.256674,55.888821],[-134.249068,55.889887],[-134.245027,55.89815],[-134.228865,55.891886],[-134.227677,55.907211],[-134.209613,55.908809],[-134.200819,55.899616],[-134.195115,55.900016],[-134.190123,55.909475],[-134.176813,55.9184],[-134.149718,55.922662],[-134.120008,55.917734],[-134.118582,55.913605],[-134.130466,55.898816],[-134.169208,55.89042],[-134.226726,55.865488],[-134.236233,55.853082],[-134.250732,55.846011],[-134.274024,55.843075],[-134.27141,55.828393],[-134.282105,55.822652],[-134.293276,55.83133],[-134.314192,55.826791],[-134.33083,55.837737],[-134.341763,55.839071],[-134.346041,55.852149],[-134.317044,55.868555],[-134.318233,55.877623],[-134.336772,55.882422],[-134.343427,55.89042],[-134.353409,55.890554],[-134.354835,55.896418],[-134.366719,55.904146],[-134.366957,55.910541]]],[[[-134.421148,56.837158],[-134.409739,56.855876],[-134.382406,56.864451],[-134.352459,56.883934],[-134.353647,56.893153],[-134.32061,56.902239],[-134.319659,56.907171],[-134.283294,56.904056],[-134.164216,56.847168],[-134.134982,56.849767],[-134.159463,56.867439],[-134.145202,56.868479],[-134.143538,56.872636],[-134.161602,56.877961],[-134.151857,56.882506],[-134.154234,56.885493],[-134.170396,56.886402],[-134.216744,56.901331],[-134.224349,56.907171],[-134.204384,56.90769],[-134.202245,56.911972],[-134.234332,56.927151],[-134.245265,56.92754],[-134.239323,56.920535],[-134.243126,56.919108],[-134.273074,56.931431],[-134.270459,56.93558],[-134.254059,56.937525],[-134.200819,56.928577],[-134.194402,56.922092],[-134.171822,56.914827],[-134.159463,56.915475],[-134.162077,56.925335],[-134.147579,56.942841],[-134.136883,56.945305],[-134.147103,56.954508],[-134.141399,56.955934],[-134.111689,56.940378],[-134.06035,56.930134],[-134.044188,56.920276],[-134.046565,56.904965],[-134.033968,56.898605],[-134.01424,56.872376],[-133.999504,56.824544],[-133.983817,56.825715],[-133.978588,56.833647],[-133.968844,56.831307],[-133.966704,56.805811],[-133.942936,56.805551],[-133.946264,56.802168],[-133.942936,56.79527],[-133.9282,56.778736],[-133.927487,56.761022],[-133.907522,56.759849],[-133.941748,56.734957],[-133.915841,56.720874],[-133.907284,56.721135],[-133.899203,56.704046],[-133.877099,56.721396],[-133.872821,56.731828],[-133.87805,56.740692],[-133.863789,56.752031],[-133.87187,56.761934],[-133.86783,56.781861],[-133.874009,56.787589],[-133.891598,56.790323],[-133.887319,56.794619],[-133.892311,56.805681],[-133.872583,56.810495],[-133.85238,56.803339],[-133.813876,56.801257],[-133.822433,56.79527],[-133.815065,56.788891],[-133.82576,56.783553],[-133.820531,56.779907],[-133.791059,56.788631],[-133.757588,56.785119],[-133.728854,56.800894],[-133.723288,56.812242],[-133.740519,56.816314],[-133.771027,56.807759],[-133.758316,56.825266],[-133.785946,56.820363],[-133.811737,56.828836],[-133.816253,56.834818],[-133.835268,56.835598],[-133.83503,56.842488],[-133.819343,56.850547],[-133.826473,56.855226],[-133.848102,56.857175],[-133.85547,56.847818],[-133.868067,56.844568],[-133.858322,56.859904],[-133.872821,56.859254],[-133.883279,56.86679],[-133.896589,56.885103],[-133.890409,56.889518],[-133.898253,56.893283],[-133.896575,56.901405],[-133.877812,56.900552],[-133.873296,56.914957],[-133.928438,56.940508],[-133.926299,56.944008],[-133.892786,56.940767],[-133.890409,56.946601],[-133.949591,56.975758],[-133.987105,57.000948],[-134.009246,57.003401],[-134.012677,57.011642],[-134.02424,57.01845],[-134.050516,57.024234],[-134.026124,57.027794],[-134.017806,57.038141],[-134.033255,57.055465],[-134.028263,57.063478],[-134.012101,57.071619],[-133.978351,57.077949],[-133.956247,57.076011],[-133.944125,57.084278],[-133.916554,57.091381],[-133.910612,57.09887],[-133.90158,57.095771],[-133.880902,57.099774],[-133.799853,57.081178],[-133.729975,57.07937],[-133.700028,57.064512],[-133.681964,57.060893],[-133.640057,57.055539],[-133.597385,57.057425],[-133.572021,57.04353],[-133.547295,57.042943],[-133.532967,57.034365],[-133.516244,57.031972],[-133.487542,57.033356],[-133.480579,57.025378],[-133.456921,57.023394],[-133.448963,57.017126],[-133.41071,57.007818],[-133.385961,57.005752],[-133.344221,57.012786],[-133.324998,57.0095821333567],[-133.325,57.004167],[-133.318778,57.003723],[-133.296627,56.977586],[-133.292944,56.965977],[-133.278305,56.953215],[-133.274714,56.944034],[-133.253406,56.932445],[-133.271077,56.930558],[-133.27005,56.922946],[-133.274089,56.92185],[-133.370041,56.906566],[-133.370511,56.898074],[-133.375904,56.894736],[-133.411949,56.895098],[-133.440042,56.882355],[-133.501473,56.881188],[-133.50296,56.873278],[-133.484833,56.864183],[-133.493788,56.857475],[-133.490062,56.849596],[-133.477317,56.845565],[-133.487695,56.838848],[-133.489101,56.827435],[-133.496354,56.825244],[-133.495847,56.817405],[-133.512534,56.812257],[-133.517254,56.802201],[-133.515689,56.795983],[-133.49529,56.795656],[-133.496498,56.786925],[-133.489352,56.784521],[-133.491517,56.775843],[-133.498708,56.771005],[-133.488892,56.758062],[-133.493508,56.748772],[-133.543568,56.75059],[-133.553139,56.756334],[-133.557282,56.76721],[-133.579378,56.757841],[-133.509352,56.712954],[-133.474631,56.712177],[-133.46965,56.706046],[-133.445792,56.705627],[-133.462705,56.696652],[-133.502089,56.696724],[-133.512298,56.68525],[-133.485627,56.674035],[-133.484867,56.653749],[-133.472097,56.641952],[-133.441307,56.637626],[-133.431989,56.630391],[-133.42689,56.618538],[-133.424998,56.590198],[-133.448672,56.583266],[-133.442826,56.566917],[-133.446014,56.553316],[-133.438461,56.546319],[-133.439855,56.5356],[-133.425495,56.535003],[-133.404057,56.513342],[-133.422598,56.50258],[-133.422298915832,56.4961951827239],[-133.435664,56.50428],[-133.442571,56.500315],[-133.439571,56.486554],[-133.41744,56.473984],[-133.418863,56.47],[-133.434017,56.466744],[-133.428305,56.460593],[-133.43579,56.455929],[-133.482169,56.45364],[-133.494693,56.4498],[-133.508018,56.438373],[-133.5247,56.435863],[-133.540853,56.439458],[-133.655286,56.438017],[-133.660335,56.454139],[-133.671506,56.461887],[-133.666753,56.464382],[-133.67008,56.486698],[-133.666515,56.502967],[-133.685529,56.514509],[-133.685767,56.519098],[-133.673645,56.522376],[-133.675547,56.53496],[-133.664613,56.553305],[-133.677924,56.555662],[-133.683628,56.564962],[-133.692422,56.562997],[-133.707396,56.546623],[-133.715239,56.547933],[-133.716665,56.559592],[-133.709297,56.570462],[-133.711674,56.575961],[-133.655106,56.59049],[-133.661761,56.600566],[-133.680063,56.609854],[-133.67935,56.615609],[-133.683866,56.618617],[-133.699077,56.612209],[-133.700265,56.607761],[-133.691234,56.603968],[-133.693373,56.59651],[-133.70288,56.589312],[-133.721419,56.584993],[-133.728787,56.564962],[-133.738532,56.559068],[-133.793198,56.557103],[-133.783453,56.563914],[-133.795575,56.571509],[-133.795813,56.58015],[-133.836931,56.596379],[-133.835505,56.605537],[-133.839783,56.608154],[-133.856896,56.610377],[-133.874722,56.606061],[-133.893499,56.614563],[-133.902056,56.613386],[-133.903244,56.609331],[-133.887557,56.600043],[-133.886844,56.595332],[-133.873772,56.595856],[-133.874485,56.590621],[-133.85143,56.584208],[-133.84121,56.56889],[-133.85238,56.565617],[-133.853569,56.558806],[-133.878288,56.558806],[-133.861888,56.545051],[-133.875673,56.536926],[-133.873534,56.52054],[-133.890172,56.518574],[-133.883041,56.514246],[-133.889221,56.509132],[-133.930102,56.513984],[-133.931052,56.499688],[-133.927725,56.494046],[-133.90158,56.492341],[-133.893024,56.484336],[-133.860699,56.47738],[-133.860224,56.463463],[-133.853807,56.464645],[-133.842636,56.456897],[-133.853807,56.455321],[-133.855708,56.450987],[-133.840021,56.442973],[-133.844062,56.436929],[-133.834792,56.430096],[-133.847152,56.432987],[-133.864978,56.428387],[-133.88423,56.443499],[-133.907047,56.438769],[-133.908711,56.431936],[-133.88827,56.423524],[-133.895163,56.421552],[-133.874722,56.39591],[-133.884943,56.392226],[-133.887557,56.380779],[-133.891122,56.389858],[-133.921308,56.402618],[-133.919406,56.393673],[-133.913226,56.391174],[-133.929151,56.375646],[-133.912751,56.374462],[-133.907047,56.366696],[-133.878763,56.357743],[-133.871633,56.363799],[-133.860462,56.35129],[-133.849766,56.349841],[-133.831465,56.322964],[-133.844537,56.312156],[-133.866879,56.303981],[-133.851667,56.286571],[-133.867117,56.286044],[-133.869256,56.278523],[-133.876624,56.275884],[-133.889221,56.283537],[-133.891835,56.297387],[-133.910374,56.302135],[-133.953394,56.346022],[-133.962426,56.349183],[-133.984055,56.342992],[-133.975736,56.329554],[-133.960525,56.32705],[-133.972171,56.324019],[-133.975974,56.315847],[-133.934855,56.300289],[-133.929389,56.279051],[-133.915841,56.274433],[-133.909899,56.258726],[-133.900392,56.254765],[-133.88114,56.223197],[-133.905858,56.199668],[-133.921308,56.212227],[-133.956009,56.205486],[-133.953632,56.198875],[-133.941986,56.199007],[-133.948878,56.195305],[-133.950067,56.188692],[-133.944363,56.187767],[-133.9446,56.18155],[-133.930815,56.161702],[-133.937708,56.158393],[-133.937232,56.153098],[-133.928676,56.142771],[-133.938421,56.135223],[-133.946502,56.136812],[-133.960525,56.130322],[-133.951731,56.126613],[-133.961,56.104483],[-133.955771,56.098253],[-133.95791,56.093745],[-133.971933,56.081546],[-133.9774,56.086452],[-133.994275,56.079821],[-134.015904,56.086452],[-134.034205,56.104748],[-134.043713,56.108062],[-134.044901,56.117471],[-134.026837,56.148332],[-134.033017,56.154025],[-134.024461,56.164614],[-134.024223,56.172024],[-134.032779,56.17467],[-134.034443,56.192528],[-134.059162,56.217118],[-134.055359,56.226236],[-134.060826,56.238918],[-134.042049,56.253049],[-134.05013,56.29475],[-134.064866,56.307277],[-134.066292,56.316374],[-134.080315,56.313342],[-134.073898,56.279711],[-134.083405,56.27628],[-134.07366,56.256085],[-134.073898,56.24156],[-134.083881,56.233106],[-134.081741,56.228482],[-134.097191,56.231388],[-134.09624,56.211434],[-134.104321,56.207336],[-134.095289,56.198478],[-134.104321,56.186444],[-134.096478,56.179169],[-134.098141,56.174406],[-134.115492,56.173347],[-134.115017,56.164217],[-134.140924,56.163423],[-134.199868,56.180095],[-134.193689,56.169378],[-134.170634,56.163555],[-134.188222,56.154422],[-134.167781,56.146611],[-134.166118,56.139196],[-134.142825,56.145949],[-134.129277,56.141712],[-134.104083,56.142903],[-134.108124,56.139725],[-134.10242,56.133633],[-134.11264,56.118929],[-134.113115,56.106339],[-134.101231,56.098651],[-134.09006,56.098386],[-134.087446,56.094939],[-134.092675,56.087911],[-134.120246,56.077434],[-134.121909,56.070138],[-134.142587,56.088442],[-134.153283,56.088839],[-134.136408,56.066025],[-134.110738,56.049569],[-134.116205,56.02713],[-134.13308,56.001488],[-134.140211,56.00295],[-134.137121,56.008797],[-134.156848,56.015174],[-134.158037,56.02009],[-134.178002,56.023012],[-134.178952,56.0424],[-134.157561,56.043595],[-134.155422,56.049038],[-134.166593,56.055807],[-134.211039,56.05939],[-134.235996,56.069342],[-134.229103,56.0899],[-134.221735,56.099976],[-134.210802,56.103953],[-134.235045,56.114158],[-134.250019,56.113761],[-134.259288,56.118796],[-134.261427,56.130719],[-134.237897,56.142374],[-134.227439,56.140652],[-134.218883,56.148597],[-134.210326,56.147405],[-134.209375,56.155216],[-134.225775,56.164084],[-134.248355,56.161967],[-134.256674,56.155349],[-134.263329,56.163555],[-134.255961,56.1752],[-134.255723,56.200594],[-134.24788,56.201123],[-134.246929,56.205353],[-134.250256,56.210377],[-134.261427,56.211566],[-134.264517,56.218307],[-134.256674,56.222404],[-134.268795,56.235748],[-134.27759,56.257406],[-134.274975,56.265326],[-134.223874,56.278787],[-134.208187,56.293563],[-134.20581,56.310705],[-134.190123,56.310046],[-134.179903,56.314924],[-134.172773,56.327445],[-134.192262,56.327313],[-134.197016,56.322174],[-134.232906,56.312287],[-134.237422,56.309914],[-134.23148,56.303585],[-134.234332,56.295805],[-134.243364,56.294882],[-134.250019,56.288286],[-134.263329,56.293958],[-134.281392,56.287099],[-134.299456,56.289605],[-134.291137,56.298179],[-134.294702,56.309519],[-134.273074,56.315583],[-134.274975,56.327709],[-134.293752,56.341675],[-134.292801,56.354056],[-134.260714,56.370118],[-134.248593,56.370908],[-134.251445,56.380779],[-134.243126,56.395778],[-134.231955,56.395778],[-134.234569,56.40893],[-134.250494,56.41511],[-134.24788,56.427073],[-134.23861,56.430621],[-134.253109,56.441659],[-134.24574,56.463332],[-134.237659,56.460443],[-134.2253,56.463857],[-134.224112,56.475017],[-134.213891,56.47633],[-134.192976,56.456766],[-134.192976,56.448885],[-134.181567,56.445601],[-134.153521,56.392226],[-134.137596,56.379726],[-134.126901,56.380253],[-134.137358,56.39591],[-134.134031,56.403407],[-134.14639,56.416951],[-134.147579,56.431279],[-134.157086,56.436666],[-134.141399,56.451906],[-134.124048,56.457816],[-134.154471,56.49995],[-134.168257,56.499032],[-134.17515,56.514902],[-134.187034,56.51582],[-134.196778,56.52644],[-134.20177,56.541251],[-134.261903,56.55933],[-134.294702,56.558282],[-134.301595,56.550815],[-134.320134,56.554484],[-134.322273,56.562473],[-134.293989,56.576484],[-134.292326,56.584077],[-134.30825,56.595725],[-134.295415,56.608677],[-134.302784,56.61744],[-134.294465,56.623717],[-134.280442,56.62084],[-134.27854,56.628816],[-134.289949,56.634437],[-134.289949,56.641103],[-134.298981,56.648944],[-134.313004,56.650251],[-134.321798,56.644501],[-134.33178,56.647899],[-134.329166,56.654171],[-134.343664,56.672849],[-134.366957,56.671674],[-134.370047,56.689821],[-134.40047,56.726742],[-134.400708,56.743821],[-134.390487,56.759849],[-134.396667,56.769749],[-134.3912,56.773787],[-134.399044,56.776261],[-134.411403,56.800606],[-134.421148,56.837158]]],[[[-134.666604931081,56.2544001480913],[-134.645993,56.265722],[-134.643616,56.271661],[-134.626503,56.26427],[-134.623414,56.256085],[-134.631732,56.247239],[-134.638863,56.248427],[-134.652173,56.234559],[-134.649558,56.224914],[-134.661205,56.211699],[-134.65241,56.200594],[-134.666433570706,56.1665545119093],[-134.666604931081,56.2544001480913]]]]}},{"type":"Feature","properties":{"GEOID":"02016","NAME":"Aleutians West","state":"AK","wildfire_risk_score":0.0,"wildfire_eal_total":0.0,"risk_band":"Low","source":"FEMA National Risk Index v1.20 (December 2025)"},"geometry":{"type":"MultiPolygon","coordinates":[[[[179.482464,51.982834],[179.526743,51.981164],[179.539223,51.985178],[179.582857,52.016841],[179.647641,52.026259],[179.704433,52.004877],[179.773922,51.970693],[179.77847,51.962217],[179.767251,51.947572],[179.758993,51.946595],[179.743012,51.911749],[179.649484,51.87367],[179.614364,51.871772],[179.521868,51.896765],[179.484634,51.921268],[179.475569,51.937456],[179.482464,51.982834]]],[[[178.625536,51.637303],[178.645511,51.657634],[178.664013,51.661935],[178.675528,51.659064],[178.689903,51.644422],[178.738019,51.632734],[178.804128,51.635034],[178.90391,51.614914],[178.919136,51.605546],[178.920826,51.586137],[179.002896,51.552486],[179.076803,51.498518],[179.143656,51.469442],[179.191082,51.462935],[179.218031,51.43894],[179.23027,51.413419],[179.236253,51.409606],[179.386221,51.404401],[179.467581,51.371629],[179.450191,51.365142],[179.399469,51.359433],[179.366788,51.371837],[179.261618,51.357688],[179.220471,51.376667],[179.218185,51.387377],[179.2065,51.393284],[179.060354,51.454875],[179.013516,51.49728],[178.951626,51.541963],[178.843631,51.578642],[178.831825,51.580534],[178.785061,51.571866],[178.706047,51.593182],[178.634021,51.623981],[178.625536,51.637303]]],[[[178.446964,51.978222],[178.463385,51.987849],[178.478586,51.987549],[178.552612,51.973968],[178.570619,51.968064],[178.591597,51.952652],[178.590245,51.945457],[178.539395,51.903246],[178.502493,51.899644],[178.484831,51.909898],[178.468045,51.931635],[178.446964,51.978222]]],[[[178.236931,51.828209],[178.310298,51.819993],[178.335631,51.807031],[178.380741,51.763907],[178.36368,51.773948],[178.335664,51.769926],[178.308563,51.775701],[178.246209,51.817078],[178.236931,51.828209]]],[[[178.09461,52.033294],[178.119144,52.051659],[178.141695,52.051034],[178.179962,52.033247],[178.190963,52.003546],[178.174473,51.991684],[178.132547,51.986982],[178.105874,51.998357],[178.09461,52.033294]]],[[[178.018402,51.87915],[178.031158,51.87915],[178.032684,51.874561],[178.022491,51.870995],[178.018402,51.87915]]],[[[177.356934,52.123669],[177.36879,52.125786],[177.371338,52.121761],[177.361801,52.11668],[177.356934,52.123669]]],[[[177.203323,51.896562],[177.272695,51.920054],[177.291312,51.91943],[177.341518,51.955016],[177.345577,51.963005],[177.413484,51.979724],[177.483712,51.984877],[177.497441,51.993328],[177.505747,52.016374],[177.505319,52.038768],[177.563396,52.121959],[177.602673,52.13732],[177.661607,52.112746],[177.675952,52.092167],[177.659451,52.069439],[177.632555,52.064844],[177.601645,52.016377],[177.572068,52.001812],[177.538223,51.978897],[177.532729,51.97007],[177.543534,51.956175],[177.579823,51.950836],[177.607535,51.95472],[177.611553,51.950829],[177.610618,51.936713],[177.606529,51.925069],[177.601005,51.922254],[177.560513,51.916364],[177.409536,51.930821],[177.373934,51.91976],[177.348816,51.904469],[177.326781,51.873636],[177.334229,51.866769],[177.334017,51.844444],[177.321687,51.828543],[177.311768,51.825971],[177.294035,51.837301],[177.293424,51.84561],[177.27337,51.857123],[177.235523,51.87326],[177.203996,51.880531],[177.203323,51.896562]]],[[[175.874353,52.371004],[175.906734,52.375651],[175.95056,52.368357],[175.966521,52.359728],[175.94418,52.336437],[175.911286,52.334831],[175.890684,52.344514],[175.873317,52.361138],[175.874353,52.371004]]],[[[174.066195,52.731042],[174.09665,52.743485],[174.145326,52.72855],[174.159252,52.707387],[174.109409,52.70856],[174.071842,52.718295],[174.066195,52.731042]]],[[[173.954075,52.75141],[174.003651,52.744283],[174.021702,52.730286],[174.004827,52.719857],[173.9726,52.729423],[173.96088,52.738136],[173.954075,52.75141]]],[[[173.867436,52.775128],[173.897452,52.77178],[173.940037,52.75186],[173.932926,52.746649],[173.925271,52.752433],[173.894753,52.75078],[173.861653,52.773579],[173.867436,52.775128]]],[[[173.356103,52.405563],[173.380058,52.431843],[173.440111,52.453664],[173.445696,52.455031],[173.476243,52.441909],[173.501022,52.440926],[173.530105,52.449968],[173.550002,52.467067],[173.545302,52.476],[173.555739,52.479472],[173.587554,52.476785],[173.623883,52.506948],[173.680586,52.512878],[173.772799,52.509905],[173.754979,52.496127],[173.739385,52.493257],[173.707741,52.477377],[173.691601,52.445935],[173.712323,52.421033],[173.725696,52.356579],[173.644793,52.357598],[173.606767,52.378249],[173.588794,52.400973],[173.559891,52.401165],[173.512162,52.385035],[173.483843,52.383485],[173.3955,52.402647],[173.356103,52.405563]]],[[[172.461667,52.92716],[172.643266,53.004979],[172.746566,53.01075],[173.107249,52.993228],[173.159648,52.974163],[173.172406,52.960545],[173.211752,52.939489],[173.251326,52.944362],[173.295399,52.926987],[173.421682,52.845477],[173.42767,52.830763],[173.302331,52.823286],[173.224051,52.856403],[173.204948,52.848911],[173.187952,52.8315],[173.166899,52.795229],[173.142678,52.786254],[173.11856,52.78444],[172.998472,52.796979],[172.903628,52.761667],[172.809387,52.78929],[172.763366,52.823656],[172.766693,52.862669],[172.754236,52.87749],[172.640372,52.925441],[172.585075,52.921327],[172.512996,52.905181],[172.469022,52.911337],[172.461667,52.92716]]],[[[-166.05953,53.861865],[-166.042298,53.867892],[-166.038614,53.861445],[-166.048478,53.856819],[-166.05953,53.861865]]],[[[-166.310401,53.788353],[-166.297447,53.799514],[-166.277958,53.78091],[-166.272491,53.783228],[-166.271184,53.80162],[-166.254427,53.804076],[-166.247416,53.81369],[-166.235769,53.800567],[-166.239453,53.793127],[-166.237433,53.77768],[-166.230897,53.777469],[-166.224242,53.786106],[-166.22852,53.790108],[-166.212714,53.790459],[-166.214378,53.805269],[-166.207367,53.810954],[-166.219132,53.820846],[-166.210219,53.821478],[-166.214378,53.830316],[-166.192512,53.83803],[-166.172428,53.827931],[-166.168625,53.830807],[-166.177181,53.842027],[-166.151155,53.846725],[-166.134874,53.84378],[-166.121921,53.851001],[-166.123585,53.855067],[-166.108135,53.846584],[-166.084724,53.841746],[-166.134043,53.820776],[-166.141767,53.808989],[-166.139984,53.803304],[-166.113959,53.793759],[-166.131666,53.787791],[-166.126437,53.781191],[-166.117405,53.779576],[-166.118237,53.773466],[-166.132022,53.76855],[-166.16197,53.767777],[-166.180984,53.77445],[-166.19572,53.770376],[-166.195364,53.765951],[-166.159118,53.74684],[-166.181935,53.741428],[-166.1691,53.734891],[-166.185262,53.729549],[-166.211764,53.727861],[-166.221627,53.731447],[-166.221271,53.7209],[-166.207486,53.707537],[-166.23672,53.710351],[-166.249436,53.715485],[-166.264053,53.735946],[-166.290911,53.738336],[-166.300181,53.7519],[-166.295546,53.755413],[-166.302439,53.761596],[-166.301488,53.779717],[-166.310401,53.788353]]],[[[-166.577196,53.90519],[-166.568165,53.91009],[-166.564599,53.91016],[-166.57066,53.896648],[-166.577196,53.90519]]],[[[-166.82527,53.668659],[-166.822214,53.669508],[-166.820356,53.666719],[-166.825268,53.666898],[-166.82527,53.668659]]],[[[-166.848745,53.696386],[-166.84209,53.698216],[-166.831633,53.691391],[-166.846606,53.691672],[-166.848745,53.696386]]],[[[-167.852229,53.3111],[-167.849258,53.315502],[-167.835711,53.31749],[-167.815983,53.315147],[-167.787937,53.336724],[-167.753949,53.348006],[-167.749789,53.359851],[-167.734697,53.357582],[-167.728517,53.362759],[-167.733271,53.365596],[-167.725071,53.369921],[-167.729824,53.372757],[-167.709621,53.380697],[-167.699639,53.378925],[-167.693103,53.388353],[-167.67908,53.38899],[-167.671355,53.385092],[-167.674445,53.379988],[-167.666007,53.377153],[-167.655906,53.389983],[-167.644259,53.393668],[-167.638674,53.388778],[-167.643309,53.379138],[-167.639268,53.373112],[-167.62786,53.374104],[-167.620016,53.384383],[-167.600408,53.37935],[-167.599576,53.372474],[-167.593515,53.371126],[-167.586384,53.376019],[-167.607538,53.394235],[-167.58068,53.393668],[-167.575689,53.399124],[-167.584602,53.406988],[-167.581274,53.407839],[-167.551327,53.402596],[-167.542533,53.389983],[-167.509495,53.392888],[-167.510921,53.390124],[-167.495591,53.382115],[-167.488936,53.392109],[-167.518408,53.410247],[-167.523162,53.408689],[-167.521736,53.398841],[-167.555367,53.414851],[-167.531243,53.408618],[-167.522805,53.411664],[-167.525182,53.415772],[-167.513773,53.412018],[-167.497017,53.421013],[-167.485727,53.419243],[-167.475745,53.430219],[-167.476101,53.442962],[-167.469565,53.446926],[-167.417157,53.433334],[-167.413235,53.423633],[-167.398023,53.41301],[-167.384951,53.416055],[-167.397904,53.447563],[-167.392794,53.450464],[-167.375206,53.433547],[-167.327789,53.405784],[-167.319232,53.411593],[-167.333612,53.434679],[-167.341574,53.439281],[-167.33789,53.443316],[-167.345021,53.451101],[-167.343,53.455489],[-167.326363,53.456833],[-167.325293,53.451101],[-167.315192,53.450889],[-167.313647,53.444661],[-167.286552,53.431493],[-167.28263,53.433193],[-167.297722,53.451597],[-167.259931,53.453437],[-167.262902,53.457965],[-167.30414,53.46589],[-167.288453,53.47169],[-167.29998,53.47742],[-167.294989,53.483289],[-167.200987,53.462211],[-167.191836,53.469993],[-167.204671,53.477702],[-167.198848,53.481168],[-167.188746,53.47162],[-167.175199,53.473742],[-167.160225,53.46688],[-167.150004,53.471195],[-167.149291,53.475651],[-167.157135,53.480956],[-167.183636,53.48831],[-167.181141,53.493896],[-167.162483,53.492269],[-167.155233,53.496723],[-167.160819,53.501954],[-167.160344,53.510577],[-167.188746,53.52047],[-167.188033,53.524073],[-167.069906,53.507114],[-167.053863,53.516937],[-167.052199,53.52478],[-167.090585,53.525627],[-167.087257,53.530643],[-167.092248,53.538483],[-167.136694,53.551052],[-167.134436,53.556135],[-167.142161,53.560371],[-167.128494,53.565735],[-167.128376,53.569688],[-167.143706,53.576321],[-167.14537,53.583376],[-167.159987,53.597131],[-167.16379,53.616169],[-167.145845,53.613984],[-167.142518,53.615746],[-167.146796,53.623571],[-167.106271,53.634494],[-167.095219,53.633578],[-167.085712,53.626037],[-167.073234,53.624134],[-167.066817,53.616874],[-167.054814,53.620117],[-167.052556,53.602491],[-167.038295,53.594945],[-167.044356,53.608414],[-167.039246,53.617227],[-167.043762,53.626319],[-167.052793,53.630477],[-167.051367,53.63386],[-166.996345,53.622372],[-166.993255,53.625755],[-166.997176,53.629561],[-167.011437,53.633507],[-167.00704,53.642315],[-167.07157,53.666684],[-167.060875,53.669218],[-167.070025,53.681538],[-167.065509,53.689561],[-167.054338,53.700608],[-167.035324,53.708276],[-166.997889,53.715872],[-166.973052,53.71116],[-166.959504,53.716224],[-166.895687,53.716716],[-166.892716,53.702296],[-166.86125,53.679146],[-166.858643,53.672567],[-166.864761,53.662438],[-166.859807,53.657931],[-166.858487,53.645361],[-166.846106,53.642475],[-166.827701,53.661328],[-166.822509,53.652104],[-166.810218,53.644678],[-166.806979,53.634762],[-166.791591,53.625605],[-166.785998,53.630125],[-166.78809,53.638945],[-166.798595,53.644499],[-166.790276,53.649007],[-166.79581,53.658175],[-166.806016,53.662294],[-166.80386,53.670794],[-166.815233,53.676258],[-166.81297,53.682798],[-166.825572,53.682945],[-166.824264,53.69913],[-166.834009,53.70511],[-166.832464,53.707994],[-166.80525,53.70701],[-166.789444,53.696316],[-166.760329,53.691039],[-166.741908,53.696457],[-166.737987,53.701945],[-166.774827,53.701874],[-166.794911,53.71538],[-166.775897,53.716927],[-166.769242,53.722131],[-166.737987,53.714887],[-166.690807,53.71538],[-166.71208,53.727685],[-166.75094,53.729795],[-166.768172,53.735911],[-166.79812,53.735137],[-166.831038,53.740761],[-166.877624,53.737598],[-166.856114,53.744697],[-166.863957,53.753059],[-166.92207,53.759242],[-166.963188,53.777505],[-166.979826,53.774274],[-166.987907,53.7643],[-167.008466,53.755659],[-167.027243,53.757064],[-167.036037,53.768936],[-167.056121,53.780875],[-167.092011,53.791126],[-167.08904,53.795268],[-167.098785,53.798216],[-167.083454,53.799409],[-167.080602,53.808392],[-167.093556,53.819969],[-167.152025,53.829158],[-167.15761,53.836943],[-167.15048,53.838696],[-167.158204,53.84732],[-167.155709,53.858887],[-167.145607,53.865965],[-167.125642,53.863302],[-167.118512,53.866596],[-167.104013,53.879208],[-167.083216,53.91856],[-167.074779,53.924788],[-167.035324,53.933675],[-167.026292,53.951582],[-167.009536,53.960043],[-166.977211,53.957106],[-166.951423,53.963608],[-166.954632,53.973884],[-166.930745,53.970599],[-166.885229,53.988979],[-166.857183,53.97675],[-166.840902,53.978078],[-166.818917,53.992892],[-166.781839,53.998411],[-166.746068,54.014404],[-166.725865,53.999389],[-166.702454,53.999039],[-166.69057,54.011611],[-166.668465,54.016709],[-166.625683,54.006164],[-166.602747,53.985416],[-166.59835,53.970389],[-166.588605,53.959623],[-166.625445,53.950742],[-166.624851,53.943748],[-166.631387,53.936543],[-166.646599,53.928427],[-166.647193,53.922619],[-166.622712,53.901549],[-166.61986,53.892026],[-166.628654,53.884111],[-166.637329,53.883551],[-166.637686,53.877386],[-166.619266,53.868348],[-166.595973,53.883761],[-166.576127,53.878647],[-166.586585,53.87094],[-166.58504,53.865194],[-166.593477,53.857625],[-166.593359,53.850475],[-166.607144,53.843885],[-166.60144,53.836452],[-166.61166,53.828878],[-166.607857,53.826984],[-166.589912,53.831543],[-166.573275,53.851457],[-166.546773,53.86134],[-166.544634,53.874093],[-166.556281,53.866105],[-166.564599,53.877666],[-166.543089,53.891745],[-166.543921,53.898328],[-166.551765,53.903229],[-166.55022,53.90918],[-166.530373,53.922899],[-166.512666,53.926608],[-166.50209,53.91702],[-166.513736,53.897768],[-166.512785,53.90582],[-166.516826,53.90729],[-166.536672,53.897418],[-166.535365,53.891465],[-166.526689,53.888314],[-166.537385,53.877736],[-166.524907,53.873182],[-166.502803,53.889014],[-166.469765,53.903369],[-166.458,53.897768],[-166.443026,53.902949],[-166.44671,53.90701],[-166.444333,53.91275],[-166.432925,53.91548],[-166.444452,53.932975],[-166.4416,53.951791],[-166.435896,53.955008],[-166.420922,53.945147],[-166.410939,53.947175],[-166.408919,53.956966],[-166.416287,53.961511],[-166.40987,53.984647],[-166.402621,53.984018],[-166.396797,53.990796],[-166.382299,53.995267],[-166.376,54.009446],[-166.367206,54.008259],[-166.355085,53.992822],[-166.362096,53.985975],[-166.36067,53.978986],[-166.366256,53.970389],[-166.380516,53.959903],[-166.376238,53.954798],[-166.379209,53.947665],[-166.373386,53.944658],[-166.363641,53.942909],[-166.351757,53.949274],[-166.334169,53.946966],[-166.325494,53.950952],[-166.323117,53.960602],[-166.306598,53.965846],[-166.292694,53.962909],[-166.28794,53.965985],[-166.290911,53.974374],[-166.275818,53.983808],[-166.263103,53.971578],[-166.260132,53.958434],[-166.264172,53.950602],[-166.255378,53.949693],[-166.249198,53.94095],[-166.261558,53.91772],[-166.256329,53.91471],[-166.241593,53.91849],[-166.232204,53.927657],[-166.231372,53.94109],[-166.221984,53.932345],[-166.204752,53.931996],[-166.216755,53.927028],[-166.220083,53.91688],[-166.212239,53.91387],[-166.221509,53.902669],[-166.250981,53.899168],[-166.23874,53.885162],[-166.243494,53.877246],[-166.285088,53.868558],[-166.303033,53.871361],[-166.320502,53.868137],[-166.331554,53.872061],[-166.336902,53.884321],[-166.349856,53.885652],[-166.35247,53.88229],[-166.347598,53.877876],[-166.354372,53.876896],[-166.356035,53.856854],[-166.385032,53.846549],[-166.387053,53.831964],[-166.433519,53.827265],[-166.412841,53.809445],[-166.418426,53.804533],[-166.43447,53.801866],[-166.442313,53.795619],[-166.455148,53.802006],[-166.457762,53.797514],[-166.454316,53.793513],[-166.459307,53.789792],[-166.519084,53.790213],[-166.516588,53.780805],[-166.508507,53.781086],[-166.510408,53.775257],[-166.491869,53.778769],[-166.480223,53.773782],[-166.500901,53.768796],[-166.50209,53.758399],[-166.605956,53.738722],[-166.604886,53.735208],[-166.548318,53.733099],[-166.556756,53.72199],[-166.582901,53.713199],[-166.574938,53.704548],[-166.536553,53.712988],[-166.543208,53.705673],[-166.535246,53.702648],[-166.551289,53.688998],[-166.549031,53.682805],[-166.5236,53.695824],[-166.526927,53.698075],[-166.518252,53.708979],[-166.522768,53.719458],[-166.516707,53.723607],[-166.496861,53.729584],[-166.492701,53.723607],[-166.470835,53.723818],[-166.467864,53.740831],[-166.439936,53.75601],[-166.412722,53.763176],[-166.398224,53.748843],[-166.40476,53.736754],[-166.378021,53.736192],[-166.372079,53.745962],[-166.38218,53.761209],[-166.372911,53.757626],[-166.372435,53.773221],[-166.341062,53.786703],[-166.320621,53.768725],[-166.317175,53.757134],[-166.320146,53.742026],[-166.333218,53.731622],[-166.299824,53.735137],[-166.267143,53.722904],[-166.263221,53.703985],[-166.285801,53.696105],[-166.274987,53.686535],[-166.308975,53.683157],[-166.314917,53.674428],[-166.338447,53.682594],[-166.348073,53.681538],[-166.346766,53.670415],[-166.363285,53.666402],[-166.373743,53.68555],[-166.380041,53.686605],[-166.381467,53.670838],[-166.399412,53.673161],[-166.405592,53.67837],[-166.415099,53.674287],[-166.4006,53.660346],[-166.401432,53.652529],[-166.414267,53.660065],[-166.425438,53.659431],[-166.432925,53.646894],[-166.443739,53.646471],[-166.448136,53.63541],[-166.471904,53.645767],[-166.486997,53.642174],[-166.503753,53.653797],[-166.508626,53.649993],[-166.501614,53.631111],[-166.509101,53.631041],[-166.529542,53.645837],[-166.544753,53.650275],[-166.547249,53.647457],[-166.534414,53.638158],[-166.531918,53.630266],[-166.553072,53.624416],[-166.55533,53.617579],[-166.524669,53.607991],[-166.514924,53.59833],[-166.507556,53.581189],[-166.511953,53.578297],[-166.543921,53.602985],[-166.563411,53.605382],[-166.567927,53.598894],[-166.55937,53.595862],[-166.568165,53.584858],[-166.562817,53.575333],[-166.573869,53.557689],[-166.600608,53.562771],[-166.576602,53.530149],[-166.596805,53.536859],[-166.602747,53.544768],[-166.624138,53.5555],[-166.631744,53.578155],[-166.641726,53.575897],[-166.654918,53.591771],[-166.663831,53.592829],[-166.66799,53.58775],[-166.659434,53.580837],[-166.665732,53.579073],[-166.644697,53.559806],[-166.643866,53.54904],[-166.636854,53.539931],[-166.640776,53.53753],[-166.634239,53.53308],[-166.636379,53.523119],[-166.662167,53.524674],[-166.675239,53.533433],[-166.700077,53.537459],[-166.70483,53.551229],[-166.711485,53.555677],[-166.711248,53.548828],[-166.717427,53.54791],[-166.716596,53.540778],[-166.720161,53.540143],[-166.70792,53.530325],[-166.676309,53.52206],[-166.666683,53.518103],[-166.660503,53.509058],[-166.647906,53.506655],[-166.653254,53.490891],[-166.663712,53.483749],[-166.686886,53.491386],[-166.692115,53.505877],[-166.711485,53.498314],[-166.738581,53.507927],[-166.745236,53.515206],[-166.743453,53.522907],[-166.760329,53.529477],[-166.771143,53.53986],[-166.776015,53.55377],[-166.772331,53.565418],[-166.799546,53.557583],[-166.794198,53.539507],[-166.771975,53.527005],[-166.779224,53.526299],[-166.78481,53.513722],[-166.769242,53.509906],[-166.777204,53.495981],[-166.745592,53.486153],[-166.742503,53.481486],[-166.742859,53.464298],[-166.761279,53.456656],[-166.747969,53.445687],[-166.749158,53.440944],[-166.790633,53.451632],[-166.796099,53.455949],[-166.79194,53.464934],[-166.801566,53.47215],[-166.81036,53.470523],[-166.808696,53.463307],[-166.815589,53.455099],[-166.809172,53.426926],[-166.817253,53.439033],[-166.844824,53.452906],[-166.838169,53.464793],[-166.84114,53.470099],[-166.848508,53.461255],[-166.865027,53.463944],[-166.870374,53.460194],[-166.864789,53.455595],[-166.867641,53.443917],[-166.872751,53.432237],[-166.88,53.428413],[-166.886418,53.441511],[-166.88,53.457788],[-166.881308,53.463449],[-166.887131,53.464227],[-166.896044,53.450004],[-166.897945,53.441723],[-166.894261,53.438254],[-166.898896,53.434502],[-166.928725,53.441794],[-166.934904,53.450995],[-166.922307,53.462388],[-166.941678,53.460406],[-166.955701,53.464298],[-166.963188,53.45984],[-166.958197,53.451844],[-166.964377,53.43252],[-166.980658,53.424448],[-166.998365,53.428909],[-166.992304,53.435564],[-166.994205,53.439812],[-166.982321,53.44873],[-166.984223,53.45418],[-166.999672,53.451632],[-167.013576,53.455736],[-167.027362,53.449792],[-167.051011,53.448801],[-167.050892,53.43698],[-167.059924,53.427988],[-167.087257,53.421474],[-167.103538,53.423244],[-167.114115,53.416799],[-167.127187,53.427351],[-167.138002,53.426289],[-167.170683,53.397742],[-167.20479,53.395333],[-167.217149,53.382363],[-167.234737,53.384631],[-167.248047,53.375629],[-167.291305,53.372438],[-167.296415,53.369744],[-167.294038,53.360667],[-167.307348,53.334276],[-167.368551,53.333992],[-167.37069,53.341017],[-167.383287,53.344281],[-167.405986,53.33016],[-167.418464,53.330728],[-167.436052,53.322353],[-167.452808,53.32072],[-167.453284,53.31142],[-167.442707,53.305242],[-167.461246,53.303822],[-167.475269,53.286988],[-167.493689,53.279883],[-167.48751,53.262542],[-167.492382,53.257423],[-167.504385,53.258916],[-167.537185,53.278675],[-167.559646,53.275051],[-167.589355,53.286774],[-167.605874,53.285283],[-167.615738,53.275619],[-167.614906,53.26965],[-167.623344,53.257139],[-167.614787,53.248536],[-167.631306,53.252802],[-167.655787,53.247683],[-167.649607,53.232463],[-167.657451,53.226451],[-167.660541,53.239611],[-167.667552,53.244731],[-167.662323,53.248856],[-167.671593,53.260445],[-167.692271,53.26869],[-167.704155,53.268335],[-167.705937,53.264141],[-167.70974,53.266771],[-167.705106,53.272599],[-167.709384,53.274376],[-167.759415,53.273594],[-167.761911,53.280913],[-167.77023,53.283755],[-167.796969,53.277858],[-167.798989,53.29228],[-167.804456,53.297465],[-167.814914,53.301229],[-167.830719,53.29782],[-167.852229,53.3111]]],[[[-168.043618,53.936069],[-168.034349,53.936349],[-168.026268,53.926833],[-168.038152,53.928372],[-168.043618,53.936069]]],[[[-168.407211,52.995932],[-168.402814,52.999222],[-168.397585,52.995789],[-168.407449,52.993929],[-168.407211,52.995932]]],[[[-168.450707,53.049472],[-168.439892,53.049329],[-168.439179,53.0464],[-168.447855,53.042614],[-168.450707,53.049472]]],[[[-168.486478,52.980408],[-168.469959,52.992069],[-168.444408,52.978905],[-168.46877,52.975184],[-168.486478,52.980408]]],[[[-169.115854,52.822132],[-169.107297,52.830964],[-169.066654,52.836564],[-169.064871,52.846183],[-169.050848,52.85501],[-169.067367,52.865773],[-169.001054,52.870364],[-168.967304,52.879617],[-168.953043,52.899622],[-168.955539,52.90808],[-168.972889,52.913813],[-168.95946,52.936739],[-168.927136,52.934949],[-168.916084,52.929361],[-168.881739,52.9381],[-168.878055,52.942755],[-168.861061,52.940392],[-168.854525,52.953782],[-168.87033,52.959939],[-168.862606,52.96631],[-168.865101,52.976329],[-168.859278,52.983914],[-168.874252,52.991783],[-168.872469,53.0048],[-168.863081,53.007375],[-168.861061,53.016384],[-168.850246,53.014668],[-168.840858,53.022174],[-168.845136,53.017027],[-168.839789,53.014739],[-168.800453,53.028965],[-168.804493,53.042256],[-168.785598,53.046614],[-168.765038,53.075682],[-168.767296,53.090172],[-168.805087,53.107155],[-168.806038,53.117284],[-168.794629,53.130121],[-168.802235,53.139889],[-168.792966,53.152932],[-168.796768,53.159702],[-168.776566,53.158206],[-168.768128,53.167895],[-168.765276,53.181358],[-168.729624,53.202789],[-168.705024,53.208484],[-168.692071,53.218091],[-168.692665,53.227198],[-168.662123,53.228763],[-168.643346,53.239789],[-168.619578,53.258561],[-168.614349,53.273132],[-168.58761,53.271142],[-168.563129,53.255219],[-168.536272,53.250456],[-168.512385,53.253655],[-168.48826,53.263359],[-168.485408,53.265349],[-168.490875,53.271035],[-168.483507,53.274873],[-168.452371,53.273736],[-168.43811,53.25426],[-168.383206,53.262648],[-168.365617,53.252553],[-168.346128,53.260658],[-168.348267,53.277005],[-168.334957,53.281979],[-168.342325,53.295192],[-168.366568,53.292919],[-168.373936,53.301158],[-168.36538,53.308118],[-168.371084,53.317348],[-168.426463,53.323453],[-168.436208,53.332112],[-168.423849,53.340237],[-168.41149,53.34123],[-168.385583,53.382434],[-168.387365,53.392924],[-168.40424,53.397388],[-168.400556,53.403765],[-168.409588,53.410708],[-168.40733,53.422323],[-168.391287,53.430679],[-168.344464,53.470877],[-168.344464,53.479435],[-168.325687,53.478233],[-168.286945,53.49128],[-168.226694,53.53082],[-168.182961,53.536258],[-168.156578,53.546922],[-168.147784,53.542826],[-168.121045,53.552782],[-168.101199,53.553276],[-168.083967,53.564782],[-168.079332,53.556171],[-168.0703,53.553276],[-168.034054,53.555606],[-168.007315,53.566688],[-167.97915,53.562594],[-167.962631,53.553488],[-167.966078,53.545368],[-167.955858,53.533292],[-167.939933,53.5275],[-167.876473,53.520081],[-167.796018,53.523331],[-167.785204,53.510471],[-167.789838,53.488133],[-167.803505,53.476111],[-167.850209,53.450853],[-167.859122,53.439316],[-167.857458,53.43075],[-167.840702,53.415028],[-167.84605,53.403411],[-167.838682,53.39675],[-167.840939,53.386191],[-167.873026,53.367617],[-167.897864,53.365844],[-167.908322,53.354922],[-167.979388,53.335837],[-167.995194,53.327605],[-168.001611,53.317667],[-168.108091,53.290255],[-168.115341,53.284927],[-168.114628,53.274909],[-168.235963,53.251522],[-168.270427,53.241638],[-168.295145,53.228941],[-168.296334,53.222111],[-168.331273,53.206171],[-168.328896,53.199195],[-168.308931,53.195635],[-168.342919,53.1841],[-168.342206,53.176693],[-168.335313,53.170709],[-168.342919,53.167717],[-168.340305,53.155177],[-168.347673,53.154464],[-168.363835,53.169142],[-168.37667,53.164868],[-168.3674,53.154464],[-168.371441,53.143774],[-168.361458,53.134506],[-168.363122,53.130798],[-168.372391,53.130656],[-168.376907,53.124523],[-168.393545,53.124095],[-168.41755,53.107547],[-168.45035,53.075717],[-168.458907,53.054401],[-168.485646,53.047543],[-168.49848,53.034896],[-168.498599,53.045972],[-168.514286,53.046257],[-168.516425,53.038898],[-168.523437,53.036183],[-168.52308,53.027678],[-168.53639,53.036254],[-168.544234,53.029608],[-168.552434,53.033467],[-168.588086,53.02775],[-168.602941,53.013953],[-168.61839,53.008161],[-168.615062,53.003084],[-168.626114,52.999651],[-168.630036,52.990925],[-168.652972,52.974684],[-168.67472,52.973682],[-168.685772,52.968386],[-168.688505,52.961944],[-168.679949,52.953281],[-168.680424,52.94519],[-168.68803,52.945047],[-168.685059,52.949272],[-168.688743,52.952351],[-168.700033,52.950704],[-168.692427,52.956074],[-168.704549,52.965952],[-168.720592,52.960154],[-168.722969,52.956718],[-168.71572,52.956074],[-168.716314,52.949701],[-168.728554,52.943042],[-168.761235,52.956145],[-168.784885,52.9492],[-168.789638,52.937957],[-168.781557,52.929648],[-168.756719,52.919331],[-168.753986,52.912308],[-168.757432,52.906647],[-168.771456,52.908797],[-168.785954,52.90464],[-168.799026,52.921624],[-168.818516,52.923988],[-168.835867,52.912738],[-168.859516,52.912523],[-168.872826,52.900769],[-168.91549,52.880262],[-168.957559,52.866921],[-168.974553,52.867997],[-168.989289,52.856948],[-169.005927,52.862688],[-169.026842,52.861612],[-169.052393,52.843168],[-169.05168,52.837857],[-169.042054,52.837641],[-169.051561,52.83118],[-169.092086,52.830318],[-169.115854,52.822132]]],[[[-169.259412,52.763241],[-169.190604,52.796307],[-169.158755,52.805145],[-169.15305,52.801265],[-169.203082,52.770216],[-169.259412,52.763241]]],[[[-169.763055,52.982161],[-169.75545,52.991318],[-169.746774,52.993822],[-169.752241,52.99747],[-169.746418,53.006266],[-169.749151,53.020852],[-169.74,53.028714],[-169.725027,53.022281],[-169.708508,53.032574],[-169.681769,53.035575],[-169.667033,53.021424],[-169.668459,53.006266],[-169.66121,53.001046],[-169.662636,52.997112],[-169.674757,52.997184],[-169.683314,52.991819],[-169.69603,52.970211],[-169.693059,52.964986],[-169.696267,52.95883],[-169.717302,52.951384],[-169.719204,52.946873],[-169.73596,52.947231],[-169.744635,52.952315],[-169.745705,52.964055],[-169.756757,52.9647],[-169.763055,52.982161]]],[[[-169.786862,56.614247],[-169.589707,56.601362],[-169.503429,56.607118],[-169.465519,56.595343],[-169.482514,56.58435],[-169.48394,56.577084],[-169.498319,56.57008],[-169.540151,56.561044],[-169.55762,56.539427],[-169.576278,56.53176],[-169.654475,56.543424],[-169.668736,56.552267],[-169.665527,56.565824],[-169.682165,56.579506],[-169.750497,56.587622],[-169.762976,56.6011],[-169.786862,56.614247]]],[[[-169.799302,53.05708],[-169.788487,53.060079],[-169.782426,53.07429],[-169.766977,53.082214],[-169.753429,53.077431],[-169.740238,53.061222],[-169.748082,53.046293],[-169.768879,53.046222],[-169.769829,53.051508],[-169.799302,53.05708]]],[[[-170.010955,52.831575],[-170.000735,52.848516],[-169.9879,52.857271],[-169.947495,52.861719],[-169.899959,52.850382],[-169.875953,52.851386],[-169.862168,52.857845],[-169.870249,52.870759],[-169.865733,52.877932],[-169.852185,52.881804],[-169.821525,52.878792],[-169.786348,52.882808],[-169.782783,52.884816],[-169.788012,52.891413],[-169.77898,52.892417],[-169.745942,52.890696],[-169.74618,52.883525],[-169.741189,52.882665],[-169.722412,52.888402],[-169.715995,52.883382],[-169.703635,52.883956],[-169.69912,52.873341],[-169.673926,52.869755],[-169.668459,52.863872],[-169.676065,52.859136],[-169.67036,52.849233],[-169.686285,52.839902],[-169.690088,52.831575],[-169.674876,52.818362],[-169.684621,52.818362],[-169.690563,52.811323],[-169.711717,52.802702],[-169.700308,52.778699],[-169.719322,52.771797],[-169.737148,52.774386],[-169.743566,52.780137],[-169.740951,52.783443],[-169.748557,52.786174],[-169.748795,52.795948],[-169.773989,52.809311],[-169.806313,52.807013],[-169.813444,52.80888],[-169.81487,52.815202],[-169.833171,52.815058],[-169.857652,52.82741],[-169.87215,52.824538],[-169.880232,52.818218],[-169.878568,52.814196],[-169.923014,52.788905],[-169.943217,52.793217],[-169.949872,52.787181],[-169.960567,52.787324],[-169.964132,52.79293],[-169.995269,52.806007],[-170.000497,52.825112],[-170.010955,52.831575]]],[[[-170.121476,52.899586],[-170.097946,52.906897],[-170.087726,52.922663],[-170.041378,52.921373],[-169.994555,52.911771],[-170.000973,52.908188],[-169.996219,52.903744],[-170.000497,52.875923],[-170.05041,52.857845],[-170.097708,52.873341],[-170.121476,52.899586]]],[[[-170.183749,52.724391],[-170.174717,52.730437],[-170.179946,52.752021],[-170.170914,52.764823],[-170.172102,52.771294],[-170.16521,52.773882],[-170.169488,52.785671],[-170.128607,52.786246],[-170.126943,52.791421],[-170.11292,52.788402],[-170.098184,52.777189],[-170.079407,52.778483],[-170.075129,52.772444],[-170.052074,52.769137],[-170.054926,52.745259],[-170.062057,52.738065],[-170.059442,52.733603],[-170.066097,52.73274],[-170.077743,52.720792],[-170.12314,52.717049],[-170.159268,52.723384],[-170.168775,52.718489],[-170.183511,52.720505],[-170.183749,52.724391]]],[[[-170.421467,57.161766],[-170.416714,57.191784],[-170.390688,57.206591],[-170.35052,57.204467],[-170.302509,57.219012],[-170.284445,57.211225],[-170.224074,57.211804],[-170.15277,57.224931],[-170.126863,57.235094],[-170.120684,57.248405],[-170.097748,57.248598],[-170.102858,57.240303],[-170.098698,57.238052],[-170.125437,57.229627],[-170.142669,57.215666],[-170.158831,57.193136],[-170.161921,57.184829],[-170.15895,57.175168],[-170.174399,57.160864],[-170.199593,57.156868],[-170.214924,57.146554],[-170.233225,57.146941],[-170.254854,57.140558],[-170.261865,57.134367],[-170.256755,57.129982],[-170.260321,57.124435],[-170.268283,57.123531],[-170.289436,57.10753],[-170.301083,57.10882],[-170.278741,57.116886],[-170.286941,57.121661],[-170.28599,57.131594],[-170.300132,57.136625],[-170.286941,57.142492],[-170.301439,57.153194],[-170.333764,57.151969],[-170.337566,57.146361],[-170.351233,57.143911],[-170.355511,57.154548],[-170.421467,57.161766]]],[[[-170.842359,52.561568],[-170.835229,52.567203],[-170.838081,52.57977],[-170.83,52.594499],[-170.83404,52.600129],[-170.820493,52.611965],[-170.825484,52.625385],[-170.819779,52.635195],[-170.774858,52.640532],[-170.753467,52.64904],[-170.748238,52.659854],[-170.735403,52.666197],[-170.743009,52.67225],[-170.726134,52.682193],[-170.709258,52.678447],[-170.703792,52.683634],[-170.692859,52.679744],[-170.68145,52.682049],[-170.683351,52.687236],[-170.674557,52.69732],[-170.664099,52.700633],[-170.647462,52.694439],[-170.633439,52.697464],[-170.598975,52.69055],[-170.562848,52.674556],[-170.564511,52.669656],[-170.559996,52.667926],[-170.567126,52.660142],[-170.556668,52.652501],[-170.564749,52.649905],[-170.564036,52.641397],[-170.577822,52.634762],[-170.581862,52.626395],[-170.591369,52.624375],[-170.608482,52.601717],[-170.639381,52.596665],[-170.662911,52.595798],[-170.676934,52.601573],[-170.706406,52.597386],[-170.715913,52.58959],[-170.735879,52.584247],[-170.74396,52.572114],[-170.766302,52.562724],[-170.789594,52.543359],[-170.813837,52.556222],[-170.835229,52.556366],[-170.842359,52.561568]]],[[[-171.177725,52.562435],[-171.168218,52.562146],[-171.159899,52.578759],[-171.139459,52.586413],[-171.119969,52.581936],[-171.116879,52.571103],[-171.119969,52.56388],[-171.114978,52.559545],[-171.167743,52.557667],[-171.177725,52.562435]]],[[[-171.314866,52.482607],[-171.311063,52.499684],[-171.293713,52.515452],[-171.254971,52.530348],[-171.228113,52.514295],[-171.218131,52.513283],[-171.215279,52.505326],[-171.201968,52.501854],[-171.195551,52.49433],[-171.212664,52.471894],[-171.209574,52.468999],[-171.233105,52.45669],[-171.236194,52.448288],[-171.241899,52.452489],[-171.269707,52.45162],[-171.283017,52.459296],[-171.305835,52.450027],[-171.314866,52.482607]]],[[[-172.632206,52.271131],[-172.619372,52.300501],[-172.597743,52.312127],[-172.587522,52.331376],[-172.572073,52.34009],[-172.571241,52.345608],[-172.578491,52.347641],[-172.577183,52.350689],[-172.561853,52.34931],[-172.560308,52.354029],[-172.550088,52.35294],[-172.544502,52.357948],[-172.505523,52.365931],[-172.487459,52.372897],[-172.475932,52.384431],[-172.451451,52.390016],[-172.435526,52.391467],[-172.425781,52.386027],[-172.407124,52.391394],[-172.401419,52.387768],[-172.407955,52.38211],[-172.405816,52.377903],[-172.37777,52.367019],[-172.325481,52.365786],[-172.305515,52.354319],[-172.301713,52.330505],[-172.294939,52.32789],[-172.309556,52.325639],[-172.316211,52.316995],[-172.340573,52.311836],[-172.350675,52.304352],[-172.392031,52.292724],[-172.39524,52.283783],[-172.410926,52.276003],[-172.439686,52.283274],[-172.453471,52.281602],[-172.454897,52.275712],[-172.478427,52.264586],[-172.514674,52.263931],[-172.532618,52.2472],[-172.561021,52.256948],[-172.606775,52.252365],[-172.632087,52.26444],[-172.632206,52.271131]]],[[[-172.965671,52.071646],[-172.960917,52.0734],[-172.955451,52.06887],[-172.965671,52.069163],[-172.965671,52.071646]]],[[[-174.053769,52.13063],[-174.036418,52.135882],[-174.023108,52.130047],[-173.997676,52.128004],[-173.995537,52.123188],[-173.944911,52.126982],[-173.900941,52.137049],[-173.878361,52.149739],[-173.872894,52.146239],[-173.886204,52.136028],[-173.876935,52.136028],[-173.884541,52.132381],[-173.887631,52.119394],[-173.899277,52.111659],[-173.864338,52.118227],[-173.871706,52.110345],[-173.85388,52.112972],[-173.829637,52.128442],[-173.832489,52.123626],[-173.824408,52.121],[-173.832964,52.116183],[-173.828448,52.110637],[-173.835816,52.10582],[-173.81704,52.105674],[-173.805631,52.091511],[-173.796599,52.090051],[-173.794222,52.092825],[-173.802779,52.106404],[-173.798025,52.112097],[-173.786141,52.113848],[-173.771643,52.131651],[-173.738843,52.132527],[-173.714837,52.127858],[-173.709133,52.133694],[-173.673243,52.137633],[-173.60289,52.154698],[-173.584114,52.143759],[-173.561059,52.14128],[-173.533488,52.15251],[-173.529923,52.159364],[-173.51376,52.15251],[-173.515186,52.142593],[-173.544183,52.120562],[-173.518039,52.117059],[-173.514949,52.103484],[-173.508531,52.102024],[-173.504729,52.110491],[-173.495459,52.103776],[-173.486903,52.10655],[-173.477158,52.118227],[-173.461946,52.1156],[-173.459094,52.107572],[-173.446972,52.104214],[-173.427007,52.105236],[-173.437465,52.116329],[-173.420115,52.116037],[-173.409181,52.101294],[-173.388979,52.104068],[-173.383274,52.109323],[-173.386364,52.117059],[-173.379947,52.116475],[-173.372341,52.11341],[-173.375431,52.107134],[-173.368776,52.101148],[-173.354515,52.098374],[-173.359031,52.095162],[-173.356654,52.091219],[-173.340254,52.088882],[-173.335263,52.098228],[-173.273466,52.109323],[-173.232823,52.10071],[-173.240904,52.096476],[-173.232823,52.09487],[-173.214759,52.097498],[-173.186951,52.109761],[-173.177681,52.106404],[-173.168649,52.109907],[-173.154151,52.103046],[-173.163183,52.093117],[-173.164371,52.087568],[-173.158905,52.086254],[-173.138702,52.088444],[-173.136087,52.098666],[-173.142029,52.102754],[-173.122064,52.109031],[-173.09069,52.097644],[-173.055989,52.096622],[-173.033885,52.101148],[-172.999421,52.094432],[-172.952599,52.096184],[-172.959254,52.087422],[-172.998471,52.086692],[-173.029369,52.075153],[-173.050285,52.072961],[-173.096632,52.078951],[-173.161281,52.058788],[-173.201212,52.058934],[-173.216898,52.065656],[-173.241142,52.057619],[-173.268237,52.059811],[-173.296759,52.052796],[-173.333837,52.054842],[-173.358556,52.047096],[-173.359269,52.04271],[-173.370439,52.04461],[-173.37448,52.039494],[-173.389454,52.036862],[-173.39397,52.028674],[-173.398723,52.028235],[-173.403239,52.040663],[-173.477633,52.045341],[-173.492607,52.034815],[-173.479534,52.026187],[-173.495459,52.021361],[-173.511859,52.023116],[-173.513523,52.030575],[-173.535865,52.031306],[-173.550838,52.025602],[-173.572943,52.040956],[-173.561772,52.049142],[-173.563435,52.05265],[-173.597899,52.053965],[-173.617389,52.047973],[-173.661359,52.05908],[-173.661122,52.050019],[-173.665162,52.048265],[-173.683939,52.05075],[-173.689406,52.052796],[-173.6818,52.066241],[-173.689406,52.070039],[-173.6982,52.066533],[-173.700577,52.059373],[-173.712223,52.056158],[-173.749301,52.048703],[-173.761898,52.053673],[-173.783051,52.052065],[-173.827498,52.041394],[-173.852216,52.043733],[-173.875984,52.054111],[-173.889532,52.046949],[-173.900465,52.047826],[-173.907358,52.058788],[-173.931126,52.053235],[-173.947764,52.074276],[-173.962975,52.079243],[-173.962737,52.08786],[-173.971056,52.098374],[-173.980326,52.100126],[-173.979613,52.105528],[-173.99221,52.105236],[-173.992447,52.10071],[-174.00243,52.098228],[-174.01574,52.101148],[-174.028812,52.110199],[-174.034279,52.108593],[-174.03832,52.116183],[-174.033091,52.120124],[-174.049015,52.120708],[-174.053769,52.13063]]],[[[-174.497279,52.01295],[-174.493833,52.031086],[-174.480523,52.026699],[-174.476363,52.015657],[-174.497279,52.01295]]],[[[-174.655098,52.168403],[-174.637035,52.179189],[-174.625626,52.180355],[-174.63133,52.168403],[-174.655098,52.168403]]],[[[-175.14151,52.226676],[-175.125467,52.223837],[-175.124041,52.21845],[-175.137707,52.215246],[-175.14151,52.226676]]],[[[-175.341993,52.023555],[-175.323929,52.026919],[-175.299924,52.019752],[-175.291842,52.026919],[-175.296834,52.031598],[-175.276631,52.030282],[-175.261182,52.045926],[-175.245019,52.033645],[-175.216736,52.033207],[-175.205089,52.038032],[-175.197959,52.051042],[-175.182272,52.054988],[-175.164446,52.052504],[-175.158504,52.058204],[-175.142342,52.059519],[-175.119525,52.056596],[-175.110017,52.046072],[-175.131409,52.035985],[-175.132597,52.030867],[-175.093855,52.036277],[-175.046557,52.059957],[-175.035624,52.068724],[-175.031583,52.079097],[-175.018748,52.075445],[-175.000209,52.077928],[-174.999734,52.067848],[-174.992366,52.062149],[-174.978581,52.064049],[-174.966697,52.072085],[-174.965983,52.079243],[-174.97145,52.083186],[-174.94483,52.084501],[-174.926291,52.095308],[-174.926766,52.109615],[-174.905851,52.117059],[-174.901572,52.115016],[-174.89872,52.083333],[-174.891352,52.081288],[-174.883984,52.08713],[-174.883033,52.100856],[-174.83621,52.107134],[-174.84857,52.0956],[-174.840251,52.091803],[-174.813631,52.096622],[-174.781544,52.091803],[-174.771799,52.08231],[-174.760391,52.097206],[-174.747556,52.095746],[-174.741376,52.099688],[-174.738286,52.104652],[-174.753498,52.11487],[-174.735196,52.120854],[-174.715707,52.119978],[-174.710953,52.115746],[-174.719034,52.108739],[-174.711191,52.104652],[-174.664368,52.110053],[-174.657,52.106696],[-174.651058,52.110637],[-174.646067,52.104798],[-174.630142,52.11414],[-174.584508,52.10071],[-174.581418,52.105674],[-174.614455,52.119978],[-174.610415,52.123918],[-174.598768,52.122897],[-174.603522,52.139967],[-174.586884,52.14303],[-174.564305,52.134569],[-174.525325,52.135882],[-174.513441,52.136831],[-174.508094,52.144489],[-174.507975,52.148062],[-174.544577,52.148354],[-174.559908,52.155062],[-174.56169,52.158853],[-174.554441,52.160457],[-174.56478,52.175035],[-174.558006,52.179262],[-174.538873,52.178606],[-174.514392,52.170444],[-174.511302,52.176056],[-174.501914,52.172922],[-174.494546,52.180792],[-174.476363,52.183416],[-174.454853,52.176129],[-174.436671,52.176712],[-174.425262,52.16782],[-174.410882,52.170152],[-174.413616,52.17489],[-174.407793,52.182978],[-174.455566,52.201118],[-174.462697,52.21044],[-174.460676,52.217576],[-174.426094,52.213572],[-174.380103,52.217285],[-174.360376,52.212261],[-174.352651,52.198642],[-174.340648,52.197258],[-174.330903,52.211023],[-174.31688,52.204906],[-174.304758,52.214227],[-174.295846,52.21328],[-174.300956,52.222891],[-174.295608,52.225002],[-174.286814,52.218231],[-174.287646,52.209348],[-174.283011,52.207236],[-174.269938,52.224493],[-174.276237,52.229442],[-174.268275,52.230025],[-174.262808,52.237885],[-174.248904,52.24327],[-174.238089,52.24116],[-174.230721,52.246763],[-174.228939,52.264004],[-174.236426,52.274622],[-174.293825,52.276149],[-174.317237,52.286182],[-174.37012,52.279493],[-174.378202,52.282474],[-174.374517,52.292797],[-174.392106,52.29505],[-174.40708,52.288726],[-174.418845,52.291343],[-174.429065,52.298539],[-174.447961,52.302608],[-174.459845,52.31823],[-174.440236,52.326946],[-174.409338,52.321135],[-174.376181,52.321716],[-174.364773,52.313362],[-174.345402,52.318302],[-174.326744,52.329851],[-174.321158,52.339727],[-174.332211,52.37384],[-174.316999,52.380442],[-174.287289,52.377903],[-174.274454,52.381892],[-174.273741,52.395383],[-174.282417,52.403866],[-174.257579,52.396108],[-174.24213,52.401474],[-174.22062,52.400821],[-174.207785,52.410826],[-174.188652,52.416118],[-174.162507,52.413291],[-174.148722,52.420177],[-174.137788,52.411696],[-174.136838,52.405316],[-174.069812,52.390814],[-174.062563,52.386172],[-174.058522,52.372099],[-174.003737,52.357875],[-174.003143,52.354391],[-174.015383,52.349746],[-174.014908,52.34372],[-173.989001,52.318883],[-173.993279,52.291343],[-174.00861,52.284001],[-174.019186,52.270622],[-174.036656,52.268586],[-174.040459,52.254693],[-174.036299,52.251711],[-174.040577,52.249164],[-174.035943,52.246836],[-174.059948,52.225293],[-174.090015,52.223109],[-174.106177,52.229224],[-174.122458,52.224638],[-174.135887,52.230243],[-174.155852,52.223619],[-174.176768,52.234683],[-174.207072,52.218231],[-174.207547,52.21379],[-174.18889,52.195],[-174.177956,52.19988],[-174.157516,52.191139],[-174.148959,52.176056],[-174.151574,52.170225],[-174.136957,52.169861],[-174.140878,52.161842],[-174.1366,52.15878],[-174.11509,52.15251],[-174.102493,52.140259],[-174.088826,52.138873],[-174.079438,52.128077],[-174.0874,52.113191],[-174.084429,52.108593],[-174.102255,52.099834],[-174.10796,52.112535],[-174.133867,52.12151],[-174.130302,52.126107],[-174.133154,52.12815],[-174.16738,52.1183],[-174.164052,52.11268],[-174.171896,52.107936],[-174.186751,52.115673],[-174.218005,52.104871],[-174.220026,52.101002],[-174.214321,52.097279],[-174.218124,52.093409],[-174.244982,52.093555],[-174.250924,52.097863],[-174.267799,52.095673],[-174.279683,52.100053],[-174.282892,52.114578],[-174.306779,52.111002],[-174.310938,52.113702],[-174.305709,52.117935],[-174.30975,52.121437],[-174.329953,52.121729],[-174.343381,52.110199],[-174.371784,52.108155],[-174.372378,52.102462],[-174.365961,52.098009],[-174.372973,52.091949],[-174.396978,52.092022],[-174.378796,52.08063],[-174.398523,52.077052],[-174.39068,52.071646],[-174.394007,52.068359],[-174.389729,52.063318],[-174.408149,52.056815],[-174.413616,52.047973],[-174.408743,52.042125],[-174.415042,52.028381],[-174.439998,52.032841],[-174.435007,52.038324],[-174.420627,52.041102],[-174.422766,52.047096],[-174.446653,52.048484],[-174.461033,52.0715],[-174.506073,52.071135],[-174.513917,52.07486],[-174.517363,52.083186],[-174.530673,52.089028],[-174.537922,52.085815],[-174.526633,52.070039],[-174.489198,52.043368],[-174.502152,52.04271],[-174.517363,52.0517],[-174.521047,52.059811],[-174.543627,52.060907],[-174.569177,52.071719],[-174.572386,52.06719],[-174.565612,52.059884],[-174.537803,52.050019],[-174.546716,52.038105],[-174.562641,52.03847],[-174.574287,52.050531],[-174.587003,52.045999],[-174.586171,52.040517],[-174.604591,52.048777],[-174.61802,52.036789],[-174.616713,52.031598],[-174.631568,52.034523],[-174.639412,52.031452],[-174.638461,52.026187],[-174.647849,52.024432],[-174.659733,52.034815],[-174.705487,52.038616],[-174.710359,52.032256],[-174.690275,52.022092],[-174.713449,52.008854],[-174.735791,52.007611],[-174.787486,52.031891],[-174.824564,52.028162],[-174.873883,52.042856],[-174.886004,52.041833],[-174.890877,52.04958],[-174.902761,52.03635],[-174.913575,52.040517],[-174.929856,52.033572],[-174.967647,52.038105],[-174.972757,52.022312],[-174.979531,52.018875],[-174.989395,52.028454],[-175.001873,52.027211],[-175.01756,52.033792],[-175.02469,52.023994],[-175.012806,52.015071],[-175.014946,52.009659],[-175.025166,52.00644],[-175.038,52.010537],[-175.083873,52.010975],[-175.092904,52.000441],[-175.110017,52.006294],[-175.171814,52.009074],[-175.182272,52.013901],[-175.216498,52.00644],[-175.248585,52.014633],[-175.264509,52.012585],[-175.276156,52.018728],[-175.294932,52.017412],[-175.308242,52.007757],[-175.323691,52.007318],[-175.321077,52.013462],[-175.341993,52.023555]]],[[[-175.497673,51.978193],[-175.465705,51.982146],[-175.451682,51.99027],[-175.431123,51.981707],[-175.432073,51.977681],[-175.487334,51.974387],[-175.498267,51.975119],[-175.497673,51.978193]]],[[[-175.529641,52.178533],[-175.510627,52.185164],[-175.497317,52.180792],[-175.491137,52.173578],[-175.500644,52.161332],[-175.513716,52.160895],[-175.528809,52.171683],[-175.529641,52.178533]]],[[[-175.745098,51.952053],[-175.739512,51.962233],[-175.742364,51.966626],[-175.732501,51.975046],[-175.684133,51.965528],[-175.670466,51.972776],[-175.655968,51.966992],[-175.641945,51.969409],[-175.599281,51.958791],[-175.578365,51.963844],[-175.581099,51.958132],[-175.597499,51.953811],[-175.640637,51.961427],[-175.70386,51.953518],[-175.710872,51.951247],[-175.711466,51.93938],[-175.722756,51.93176],[-175.738918,51.93916],[-175.745098,51.952053]]],[[[-175.876535,51.943776],[-175.860253,51.953225],[-175.843735,51.954031],[-175.834228,51.94927],[-175.831613,51.955788],[-175.798219,51.959304],[-175.79299,51.956741],[-175.797387,51.950588],[-175.786097,51.939527],[-175.782889,51.92729],[-175.77148,51.924432],[-175.764587,51.928243],[-175.759358,51.924139],[-175.761616,51.917102],[-175.791326,51.914903],[-175.799407,51.92128],[-175.81961,51.921427],[-175.838149,51.938648],[-175.876535,51.943776]]],[[[-175.960435,51.984561],[-175.912305,51.995319],[-175.892934,51.989465],[-175.886992,51.991514],[-175.888656,51.995026],[-175.842903,51.990855],[-175.81866,51.994222],[-175.807013,51.987562],[-175.849558,51.976437],[-175.878198,51.982366],[-175.883071,51.977535],[-175.872851,51.967871],[-175.883427,51.963917],[-175.933815,51.973362],[-175.935004,51.977388],[-175.94463,51.97241],[-175.960435,51.984561]]],[[[-176.018786,51.961501],[-176.005832,51.964063],[-175.991096,51.955642],[-175.999534,51.952639],[-176.002861,51.945168],[-176.010467,51.948025],[-176.018786,51.961501]]],[[[-176.055151,51.933885],[-176.050278,51.947732],[-176.029957,51.95447],[-176.027699,51.943849],[-176.036731,51.940333],[-176.025916,51.933445],[-176.049328,51.929269],[-176.055151,51.933885]]],[[[-176.113739,51.935937],[-176.110411,51.937549],[-176.092704,51.941065],[-176.09924,51.929782],[-176.111362,51.929195],[-176.113739,51.935937]]],[[[-176.116235,51.887956],[-176.09104,51.888983],[-176.065846,51.90321],[-175.997514,51.912668],[-175.988482,51.910395],[-175.991096,51.90189],[-176.021638,51.89397],[-176.018786,51.885756],[-175.987056,51.889276],[-175.985986,51.880841],[-175.956514,51.894117],[-175.957464,51.887956],[-175.950572,51.884729],[-175.96412,51.875999],[-175.953424,51.868588],[-175.958059,51.865873],[-175.956989,51.859855],[-175.96412,51.856772],[-175.960079,51.84745],[-175.963525,51.846202],[-175.982302,51.849138],[-176.000366,51.863158],[-176.010586,51.860589],[-176.034592,51.866313],[-176.054794,51.86147],[-176.064183,51.874458],[-176.116235,51.887956]]],[[[-176.134536,51.958571],[-176.118136,51.95718],[-176.094843,51.96399],[-176.087832,51.95176],[-176.127405,51.948098],[-176.13204,51.948904],[-176.134536,51.958571]]],[[[-176.167098,51.950442],[-176.164365,51.956814],[-176.158185,51.955935],[-176.143449,51.946999],[-176.167098,51.950442]]],[[[-176.212495,52.061638],[-176.206909,52.076613],[-176.182904,52.086692],[-176.18635,52.096476],[-176.182547,52.10071],[-176.164246,52.101586],[-176.14951,52.11757],[-176.117542,52.110564],[-176.091872,52.110491],[-176.075354,52.104141],[-176.055983,52.109469],[-176.031739,52.079243],[-176.014864,52.073692],[-176.008328,52.075883],[-176.002386,52.068797],[-176.012487,52.05075],[-176.009516,52.047096],[-175.988957,52.0354],[-175.974934,52.040956],[-175.972082,52.038032],[-175.98147,52.028308],[-176.000009,52.025749],[-176.011893,52.032549],[-176.021876,52.025091],[-176.016766,52.018801],[-176.020331,52.017704],[-176.027223,52.016973],[-176.036255,52.023482],[-176.050278,52.01829],[-176.043861,52.009659],[-176.05931,52.004977],[-176.060142,51.99949],[-176.03685,52.000148],[-176.037325,51.995685],[-176.022945,51.982366],[-176.033641,51.973142],[-176.066559,51.967139],[-176.084504,51.970873],[-176.085693,51.988221],[-176.099953,51.997148],[-176.11564,51.992465],[-176.13513,52.000587],[-176.153075,51.996051],[-176.188014,51.999636],[-176.178744,52.018363],[-176.200135,52.036058],[-176.199898,52.048557],[-176.212495,52.061638]]],[[[-176.234956,51.829019],[-176.223903,51.83974],[-176.210712,51.836583],[-176.20477,51.840328],[-176.206315,51.853396],[-176.217367,51.855378],[-176.210712,51.859194],[-176.21808,51.863451],[-176.218437,51.875705],[-176.207147,51.881501],[-176.185162,51.883115],[-176.171495,51.88018],[-176.161631,51.868294],[-176.133942,51.855745],[-176.130971,51.850459],[-176.141785,51.839961],[-176.138933,51.835335],[-176.107559,51.839887],[-176.112313,51.852295],[-176.070957,51.853836],[-176.068699,51.8451],[-176.028531,51.843999],[-176.028887,51.834967],[-176.015696,51.829166],[-176.01938,51.827036],[-176.01225,51.820205],[-176.014389,51.809111],[-175.996087,51.803967],[-176.009041,51.799779],[-176.023658,51.804629],[-176.026629,51.807421],[-176.018905,51.814034],[-176.026273,51.826008],[-176.03887,51.827697],[-176.053725,51.816752],[-176.061331,51.82351],[-176.078325,51.820939],[-176.119919,51.82946],[-176.105777,51.810948],[-176.090565,51.804114],[-176.094962,51.79162],[-176.109223,51.798897],[-176.135368,51.801395],[-176.138458,51.797574],[-176.135368,51.792723],[-176.152837,51.782872],[-176.146182,51.775005],[-176.158185,51.768901],[-176.171376,51.774123],[-176.186469,51.788533],[-176.170069,51.795883],[-176.169475,51.802424],[-176.20786,51.81227],[-176.214872,51.810287],[-176.232935,51.821453],[-176.234956,51.829019]]],[[[-176.991965,51.62925],[-176.973189,51.63552],[-176.98436,51.656315],[-176.970931,51.668626],[-176.969386,51.677396],[-176.947044,51.682185],[-176.952154,51.68447],[-176.936348,51.68948],[-176.931357,51.701928],[-176.916978,51.695226],[-176.900696,51.696625],[-176.88192,51.715036],[-176.86445,51.721368],[-176.872531,51.724607],[-176.870392,51.731526],[-176.877879,51.736237],[-176.87372,51.74102],[-176.892378,51.744773],[-176.887743,51.751174],[-176.8635,51.746539],[-176.8553,51.739401],[-176.84199,51.749408],[-176.867302,51.755735],[-176.866708,51.762503],[-176.882039,51.762356],[-176.904024,51.771108],[-176.909372,51.786475],[-176.921493,51.787283],[-176.914007,51.798897],[-176.908778,51.796251],[-176.908065,51.801763],[-176.914125,51.80529],[-176.910441,51.80845],[-176.88905,51.809185],[-176.895943,51.816238],[-176.890952,51.823584],[-176.904024,51.824171],[-176.906876,51.829239],[-176.890357,51.829092],[-176.881088,51.816899],[-176.866471,51.826081],[-176.847694,51.806098],[-176.836879,51.810728],[-176.838424,51.818662],[-176.825233,51.80507],[-176.809665,51.81014],[-176.810259,51.815209],[-176.795761,51.814842],[-176.805268,51.821453],[-176.802416,51.822702],[-176.783877,51.814842],[-176.776984,51.819544],[-176.783164,51.828284],[-176.797068,51.829313],[-176.802772,51.836803],[-176.791364,51.836289],[-176.765932,51.858314],[-176.761892,51.865286],[-176.762842,51.882308],[-176.7979,51.907536],[-176.809427,51.926301],[-176.790532,51.956411],[-176.771161,51.965125],[-176.721248,51.96864],[-176.656481,51.95231],[-176.628197,51.962269],[-176.629147,51.976693],[-176.613342,51.985696],[-176.616194,51.993746],[-176.603835,51.994185],[-176.590049,52.001282],[-176.564736,51.998063],[-176.556774,51.992941],[-176.552971,51.970909],[-176.565449,51.94894],[-176.560577,51.937732],[-176.544415,51.92806],[-176.549049,51.917066],[-176.555586,51.913254],[-176.555229,51.907902],[-176.572104,51.9145],[-176.616907,51.902697],[-176.626771,51.884949],[-176.627246,51.864845],[-176.653034,51.858607],[-176.651846,51.850753],[-176.594684,51.852735],[-176.588623,51.858093],[-176.582087,51.854277],[-176.595991,51.845541],[-176.596466,51.839887],[-176.58993,51.839373],[-176.591475,51.835261],[-176.577927,51.841209],[-176.547742,51.844293],[-176.54287,51.835775],[-176.515893,51.827256],[-176.51827,51.838786],[-176.50187,51.849432],[-176.466218,51.852368],[-176.454096,51.839373],[-176.457661,51.83438],[-176.454334,51.829166],[-176.449105,51.827256],[-176.442331,51.831883],[-176.448511,51.841943],[-176.441143,51.841503],[-176.443282,51.845174],[-176.437815,51.847083],[-176.427001,51.83695],[-176.421296,51.837611],[-176.424505,51.853543],[-176.399786,51.867854],[-176.380297,51.866313],[-176.363065,51.87167],[-176.341555,51.863084],[-176.317549,51.872257],[-176.291761,51.873211],[-176.28059,51.858827],[-176.290335,51.83717],[-176.313865,51.833572],[-176.341911,51.835922],[-176.353439,51.830928],[-176.353558,51.826522],[-176.318262,51.8299],[-176.308874,51.828945],[-176.306378,51.816458],[-176.286651,51.825126],[-176.277976,51.816238],[-176.270251,51.820719],[-176.266686,51.818001],[-176.267755,51.807054],[-176.280947,51.804335],[-176.269181,51.799632],[-176.281778,51.788974],[-176.26526,51.779858],[-176.273103,51.771255],[-176.280234,51.77552],[-176.296277,51.769122],[-176.292355,51.763606],[-176.291999,51.73999],[-176.306854,51.753455],[-176.313865,51.754191],[-176.321233,51.748967],[-176.313033,51.74205],[-176.318619,51.734986],[-176.334187,51.734176],[-176.348091,51.72608],[-176.368056,51.737782],[-176.377088,51.730275],[-176.397053,51.732999],[-176.401807,51.766916],[-176.3923,51.774564],[-176.405253,51.777137],[-176.40252,51.786916],[-176.406679,51.790738],[-176.42094,51.793752],[-176.419989,51.785445],[-176.430091,51.783534],[-176.426763,51.775667],[-176.44138,51.773093],[-176.428902,51.761032],[-176.419633,51.760002],[-176.419514,51.75625],[-176.425931,51.755073],[-176.419989,51.750659],[-176.425456,51.739769],[-176.437459,51.735722],[-176.447679,51.738003],[-176.452195,51.731821],[-176.460038,51.733514],[-176.46705,51.726668],[-176.47727,51.727846],[-176.472873,51.736826],[-176.474656,51.746171],[-176.48238,51.74698],[-176.489392,51.739548],[-176.51518,51.729171],[-176.517438,51.720706],[-176.507931,51.716656],[-176.532293,51.717834],[-176.534194,51.713785],[-176.518626,51.709956],[-176.520765,51.702812],[-176.543345,51.699424],[-176.543226,51.706421],[-176.556299,51.706568],[-176.578997,51.687932],[-176.586603,51.691763],[-176.607994,51.679164],[-176.6074,51.670763],[-176.633782,51.668847],[-176.631643,51.6572],[-176.656362,51.655209],[-176.635802,51.675332],[-176.615362,51.67688],[-176.598368,51.691321],[-176.608707,51.693605],[-176.642457,51.686533],[-176.659808,51.690437],[-176.670385,51.674448],[-176.67288,51.682259],[-176.69035,51.675553],[-176.69237,51.679754],[-176.70164,51.677027],[-176.703066,51.682996],[-176.722793,51.682407],[-176.725527,51.678059],[-176.719109,51.6701],[-176.732063,51.668552],[-176.73444,51.657863],[-176.719109,51.649311],[-176.722318,51.645845],[-176.718634,51.643706],[-176.718515,51.630209],[-176.723625,51.624528],[-176.752503,51.631684],[-176.750008,51.636257],[-176.758802,51.638175],[-176.763674,51.637142],[-176.762842,51.631684],[-176.7733,51.632348],[-176.801228,51.610361],[-176.808358,51.609328],[-176.821787,51.62475],[-176.821787,51.631684],[-176.831769,51.637511],[-176.831056,51.641494],[-176.81739,51.641125],[-176.813112,51.647394],[-176.824045,51.652702],[-176.815488,51.659633],[-176.822262,51.662065],[-176.836523,51.681007],[-176.835453,51.692279],[-176.823688,51.69552],[-176.82868,51.72019],[-176.835216,51.721074],[-176.845198,51.700529],[-176.866114,51.683585],[-176.868372,51.676733],[-176.864094,51.672311],[-176.868016,51.665751],[-176.88703,51.658306],[-176.890595,51.645476],[-176.904737,51.638913],[-176.917928,51.60977],[-176.935635,51.592793],[-176.947282,51.591316],[-176.979487,51.600913],[-176.991965,51.62925]]],[[[-177.466812,51.904003],[-177.464905,51.913521],[-177.442062,51.921135],[-177.426834,51.916378],[-177.420166,51.9021],[-177.45253,51.889729],[-177.469464,51.90046],[-177.466812,51.904003]]],[[[-177.705261,51.70724],[-177.691381,51.715621],[-177.662655,51.721472],[-177.661153,51.726116],[-177.639983,51.736061],[-177.640237,51.741278],[-177.597498,51.726464],[-177.57995,51.728121],[-177.555197,51.721125],[-177.536977,51.72147],[-177.515591,51.724978],[-177.512044,51.742544],[-177.504492,51.74508],[-177.497974,51.738624],[-177.482928,51.739509],[-177.465442,51.745774],[-177.462223,51.755808],[-177.450806,51.754338],[-177.443319,51.759561],[-177.434624,51.754133],[-177.412064,51.754411],[-177.394372,51.763133],[-177.389889,51.771587],[-177.375343,51.766622],[-177.344749,51.777947],[-177.287877,51.78199],[-177.231071,51.801322],[-177.205675,51.820639],[-177.213126,51.830414],[-177.199222,51.849579],[-177.204808,51.863084],[-177.19912,51.883142],[-177.199764,51.924816],[-177.191399,51.938001],[-177.181271,51.943167],[-177.131106,51.940853],[-177.114252,51.932969],[-177.100704,51.935387],[-177.054768,51.908944],[-177.047583,51.900277],[-177.049425,51.894759],[-177.074726,51.884148],[-177.067666,51.859341],[-177.120377,51.839687],[-177.132672,51.830855],[-177.137663,51.810213],[-177.115319,51.784538],[-177.122325,51.777597],[-177.115202,51.770005],[-177.122214,51.770519],[-177.135412,51.755673],[-177.121041,51.73797],[-177.122808,51.729355],[-177.145982,51.712607],[-177.146457,51.705832],[-177.175454,51.708409],[-177.199579,51.698798],[-177.22097,51.705427],[-177.22299,51.71106],[-177.237013,51.706421],[-177.244738,51.71106],[-177.255909,51.704874],[-177.242597,51.695815],[-177.244268,51.689315],[-177.277538,51.678612],[-177.299252,51.684949],[-177.298691,51.69261],[-177.324867,51.692028],[-177.316353,51.700811],[-177.322977,51.711416],[-177.364528,51.732962],[-177.376175,51.728398],[-177.398279,51.733587],[-177.397585,51.728784],[-177.417678,51.730875],[-177.421572,51.728067],[-177.419551,51.721515],[-177.444717,51.725419],[-177.483963,51.701707],[-177.490005,51.705106],[-177.50575,51.698475],[-177.521473,51.702376],[-177.566181,51.697617],[-177.577722,51.701902],[-177.588797,51.698166],[-177.616753,51.703978],[-177.641901,51.687527],[-177.635883,51.659541],[-177.651386,51.653604],[-177.656875,51.661586],[-177.671848,51.658785],[-177.674701,51.67279],[-177.670886,51.684937],[-177.691576,51.688411],[-177.689912,51.704764],[-177.707802,51.703268],[-177.705261,51.70724]]],[[[-178.226949,51.877723],[-178.1951,51.908086],[-178.170382,51.913217],[-178.092185,51.918788],[-178.052492,51.912484],[-178.046162,51.917971],[-178.033061,51.911823],[-178.014041,51.913819],[-178.002345,51.909968],[-177.963723,51.917919],[-177.95216,51.91471],[-177.95188,51.902422],[-177.904132,51.878568],[-177.919476,51.865845],[-177.922249,51.854531],[-177.90723,51.853367],[-177.899047,51.845958],[-177.883539,51.842225],[-177.871516,51.849674],[-177.858325,51.843868],[-177.86116,51.829423],[-177.856752,51.826582],[-177.825245,51.829628],[-177.814472,51.838032],[-177.786211,51.843755],[-177.769453,51.838819],[-177.759689,51.828184],[-177.734909,51.82585],[-177.691714,51.843975],[-177.614511,51.853033],[-177.622697,51.844756],[-177.625144,51.829276],[-177.638217,51.829129],[-177.648437,51.823694],[-177.651051,51.816789],[-177.713313,51.815586],[-177.746361,51.806209],[-177.755506,51.808843],[-177.763949,51.801359],[-177.820755,51.787246],[-177.819804,51.78313],[-177.799936,51.777236],[-177.796308,51.770831],[-177.778448,51.770188],[-177.777972,51.764746],[-177.808423,51.761873],[-177.812911,51.74871],[-177.82123,51.747238],[-177.840244,51.731784],[-177.835966,51.717208],[-177.809584,51.702628],[-177.83454,51.703806],[-177.829311,51.693936],[-177.839769,51.693789],[-177.839531,51.687454],[-177.866152,51.677138],[-177.884215,51.684212],[-177.888256,51.690253],[-177.903467,51.689958],[-177.898238,51.679791],[-177.918679,51.672274],[-177.923195,51.664756],[-177.918916,51.660775],[-177.927235,51.65473],[-177.927948,51.647062],[-177.914401,51.632164],[-177.900615,51.598662],[-177.934841,51.596595],[-177.935079,51.607372],[-177.953618,51.611652],[-177.95956,51.624196],[-177.954093,51.629951],[-177.954568,51.641162],[-177.964789,51.647357],[-177.977623,51.639835],[-177.975722,51.649126],[-177.98927,51.648536],[-177.990458,51.640277],[-178.00662,51.635262],[-178.009472,51.628475],[-178.015414,51.633934],[-178.007096,51.642637],[-178.008759,51.646324],[-178.023258,51.649274],[-178.027536,51.657237],[-178.033716,51.652076],[-178.041084,51.665051],[-178.039182,51.670063],[-178.052492,51.667115],[-178.056295,51.655467],[-178.059385,51.664609],[-178.067369,51.669207],[-178.071832,51.670349],[-178.084579,51.659891],[-178.112863,51.669768],[-178.120469,51.676696],[-178.106756,51.690605],[-178.107872,51.703217],[-178.114765,51.704985],[-178.110724,51.709109],[-178.080151,51.702826],[-178.073646,51.708078],[-178.045349,51.703555],[-178.043698,51.708814],[-178.026823,51.707047],[-178.013038,51.718681],[-177.991817,51.714681],[-177.978336,51.716325],[-177.975009,51.721479],[-177.959567,51.721248],[-177.949577,51.742529],[-177.959084,51.772395],[-177.987606,51.776806],[-178.022544,51.791157],[-178.030151,51.790922],[-178.042035,51.778718],[-178.049136,51.783664],[-178.058434,51.780336],[-178.064376,51.792098],[-178.091141,51.80175],[-178.087669,51.808854],[-178.09884,51.818258],[-178.118092,51.82149],[-178.127599,51.829863],[-178.176086,51.83941],[-178.179413,51.842053],[-178.176863,51.846663],[-178.209599,51.854093],[-178.225286,51.864809],[-178.229802,51.871706],[-178.226949,51.877723]]],[[[-178.310494,51.480805],[-178.281853,51.483765],[-178.27294,51.479102],[-178.288271,51.471996],[-178.310494,51.480805]]],[[[-178.686622,51.602574],[-178.685909,51.608331],[-178.657863,51.610103],[-178.650732,51.614973],[-178.625301,51.608627],[-178.613654,51.613055],[-178.606049,51.603165],[-178.582756,51.607593],[-178.565881,51.601836],[-178.575626,51.591206],[-178.573486,51.583527],[-178.593689,51.581902],[-178.630767,51.590467],[-178.637422,51.585594],[-178.649306,51.59091],[-178.676402,51.587514],[-178.686622,51.602574]]],[[[-178.861554,51.575846],[-178.832795,51.576732],[-178.818059,51.567869],[-178.785259,51.560038],[-178.761729,51.562402],[-178.741288,51.556196],[-178.733683,51.54319],[-178.751033,51.539199],[-178.761253,51.54319],[-178.820198,51.540529],[-178.83232,51.548807],[-178.83327,51.562107],[-178.861554,51.575846]]],[[[-178.870586,51.785372],[-178.859534,51.81925],[-178.835647,51.834453],[-178.817465,51.837758],[-178.795123,51.834527],[-178.763036,51.821307],[-178.760897,51.81543],[-178.742596,51.803527],[-178.742239,51.793531],[-178.733683,51.781916],[-178.751033,51.765151],[-178.750795,51.75728],[-178.757094,51.752131],[-178.780624,51.746171],[-178.809384,51.74573],[-178.873201,51.782284],[-178.870586,51.785372]]],[[[-178.990419,51.383118],[-178.97693,51.398756],[-178.957989,51.400053],[-178.954778,51.389562],[-178.92808,51.383833],[-178.922039,51.378075],[-178.921279,51.370411],[-178.909529,51.361586],[-178.914416,51.358229],[-178.908523,51.342178],[-178.942864,51.345087],[-178.954522,51.350546],[-178.960911,51.347118],[-178.954654,51.332789],[-178.968424,51.31995],[-178.99071,51.311975],[-178.986064,51.332349],[-178.987855,51.347703],[-178.972415,51.365153],[-178.989517,51.373001],[-178.990419,51.383118]]],[[[-179.058828,51.586591],[-179.041002,51.585114],[-179.036843,51.572116],[-179.031852,51.570048],[-179.058947,51.572486],[-179.058828,51.586591]]],[[[-179.146711,51.277085],[-179.113037,51.300664],[-179.094788,51.300882],[-179.075327,51.28457],[-179.07597,51.270384],[-179.069327,51.262596],[-179.074495,51.258644],[-179.057505,51.252672],[-179.061584,51.248184],[-179.073576,51.250705],[-179.084816,51.245629],[-179.098338,51.226112],[-179.11894,51.222441],[-179.129125,51.215661],[-179.128017,51.223672],[-179.140419,51.231171],[-179.140816,51.250573],[-179.135987,51.26221],[-179.145307,51.268187],[-179.146711,51.277085]]]]}},{"type":"Feature","properties":{"GEOID":"02164","NAME":"Lake and Peninsula","state":"AK","wildfire_risk_score":45.452,"wildfire_eal_total":20504.34,"risk_band":"Moderate","source":"FEMA National Risk Index v1.20 (December 2025)"},"geometry":{"type":"MultiPolygon","coordinates":[[[[-156.489788,57.011467],[-156.487174,57.014443],[-156.46911,57.010949],[-156.463881,57.002666],[-156.470774,56.998783],[-156.489788,57.011467]]],[[[-156.513556,57.031262],[-156.505475,57.041349],[-156.495255,57.041737],[-156.474339,57.024406],[-156.501672,57.025829],[-156.513556,57.031262]]],[[[-156.730736,56.984313],[-156.724319,56.993119],[-156.706612,56.994413],[-156.728954,56.979845],[-156.730736,56.984313]]],[[[-156.761252,56.928674],[-156.758555,56.929709],[-156.756406,56.928715],[-156.759614,56.926639],[-156.761252,56.928674]]],[[[-156.770026,56.948413],[-156.765452,56.95048],[-156.758631,56.949133],[-156.764842,56.945406],[-156.770026,56.948413]]],[[[-156.784265,56.913555],[-156.782015,56.916612],[-156.777796,56.915654],[-156.780303,56.912559],[-156.784265,56.913555]]],[[[-157.329254,56.538394],[-157.315706,56.543373],[-157.300495,56.560142],[-157.269358,56.573107],[-157.26817,56.580831],[-157.254385,56.581223],[-157.244877,56.587506],[-157.227527,56.576249],[-157.14529,56.584889],[-157.131504,56.580307],[-157.077076,56.580569],[-157.035957,56.562893],[-157.022409,56.562369],[-157.028827,56.557261],[-157.025737,56.55582],[-156.989372,56.54927],[-156.971783,56.537739],[-156.988183,56.532889],[-157.004583,56.537214],[-157.00696,56.544684],[-157.01718,56.548614],[-157.119383,56.552545],[-157.141011,56.542456],[-157.150281,56.52817],[-157.183556,56.532234],[-157.19544,56.527253],[-157.193539,56.522402],[-157.211602,56.531185],[-157.242025,56.533151],[-157.262941,56.526073],[-157.304297,56.53171],[-157.325213,56.525942],[-157.329254,56.538394]]],[[[-157.429396,56.645685],[-157.413352,56.647515],[-157.396596,56.642679],[-157.393744,56.636602],[-157.398497,56.633138],[-157.424286,56.636014],[-157.429396,56.645685]]],[[[-157.740519,56.48933],[-157.726139,56.504418],[-157.730417,56.510779],[-157.70653,56.498974],[-157.733863,56.488937],[-157.732794,56.481391],[-157.740519,56.48933]]],[[[-157.903963,56.346443],[-157.883285,56.350131],[-157.859042,56.362904],[-157.830283,56.366854],[-157.807465,56.356452],[-157.807941,56.351712],[-157.8203,56.347629],[-157.818636,56.341043],[-157.793442,56.324836],[-157.81721,56.321805],[-157.822677,56.309809],[-157.827668,56.309677],[-157.851674,56.318509],[-157.865222,56.333797],[-157.89303,56.330766],[-157.892555,56.33709],[-157.90634,56.343809],[-157.903963,56.346443]]],[[[-158.159469,56.144519],[-158.136652,56.148226],[-158.107417,56.145711],[-158.089354,56.156037],[-158.093156,56.145181],[-158.109319,56.140546],[-158.114785,56.13366],[-158.132611,56.139619],[-158.154715,56.139487],[-158.159469,56.144519]]],[[[-158.525886,56.174922],[-158.520231,56.174783],[-158.518123,56.172427],[-158.524531,56.172031],[-158.525886,56.174922]]],[[[-158.857436,55.930634],[-158.851782,55.931223],[-158.849545,55.927741],[-158.857353,55.926765],[-158.857436,55.930634]]],[[[-158.893471,56.8802645164557],[-158.861775,56.890021],[-158.838774,56.89001],[-158.858502,56.888127],[-158.893481293768,56.8723331119733],[-158.893471,56.8802645164557]]],[[[-158.89897,55.826265],[-158.875202,55.855759],[-158.887323,55.865362],[-158.8733,55.878031],[-158.844779,55.877764],[-158.819347,55.884963],[-158.818871,55.889362],[-158.829805,55.891228],[-158.823863,55.894427],[-158.799857,55.893227],[-158.790588,55.883897],[-158.772762,55.88443],[-158.747805,55.875897],[-158.751608,55.86683],[-158.745666,55.850555],[-158.718333,55.849621],[-158.700982,55.840147],[-158.704072,55.838145],[-158.699556,55.831738],[-158.709063,55.825597],[-158.732356,55.8276],[-158.726176,55.840281],[-158.75042,55.841215],[-158.758976,55.835609],[-158.771335,55.846953],[-158.797956,55.844951],[-158.803185,55.849888],[-158.802472,55.856292],[-158.794153,55.859627],[-158.794628,55.863895],[-158.80675,55.863362],[-158.816495,55.868563],[-158.816019,55.862161],[-158.846205,55.856559],[-158.865457,55.839613],[-158.860941,55.833207],[-158.864744,55.826131],[-158.876628,55.822927],[-158.868784,55.815316],[-158.83646,55.815049],[-158.838123,55.809974],[-158.885184,55.809172],[-158.89897,55.826265]]],[[[-159.084663,55.863735],[-159.083356,55.864602],[-159.061014,55.863668],[-159.080028,55.857999],[-159.084663,55.863735]]],[[[-159.090249,55.84399],[-159.082049,55.844457],[-159.0748,55.841454],[-159.078365,55.840453],[-159.090249,55.84399]]],[[[-159.129347,55.885936],[-159.121979,55.888668],[-159.113541,55.885536],[-159.120078,55.88207],[-159.129347,55.885936]]],[[[-159.184887,55.842501],[-159.153709,55.864735],[-159.146816,55.878003],[-159.096785,55.860667],[-159.094883,55.856065],[-159.112353,55.84786],[-159.083356,55.834648],[-159.113304,55.82517],[-159.130892,55.825837],[-159.163216,55.839186],[-159.187222,55.839719],[-159.184887,55.842501]]],[[[-159.365097,55.792992],[-159.35017,55.808618],[-159.314024,55.815289],[-159.312598,55.807208],[-159.30212,55.801927],[-159.302616,55.797523],[-159.29192,55.798459],[-159.293703,55.780017],[-159.284552,55.780686],[-159.273262,55.774336],[-159.283473,55.760291],[-159.308201,55.747323],[-159.31141,55.748593],[-159.307963,55.756886],[-159.313905,55.761835],[-159.310102,55.767718],[-159.324601,55.77467],[-159.327691,55.784428],[-159.344923,55.791511],[-159.360372,55.785163],[-159.365097,55.792992]]],[[[-159.369998,55.832378],[-159.36358,55.838518],[-159.35954,55.83685],[-159.34932,55.82824],[-159.350508,55.821231],[-159.363462,55.822433],[-159.369998,55.832378]]],[[[-159.399351,55.718751],[-159.383808,55.730267],[-159.380218,55.740299],[-159.387111,55.748593],[-159.373801,55.75682],[-159.370948,55.772464],[-159.339931,55.772598],[-159.326859,55.765512],[-159.382238,55.725511],[-159.384259,55.718751],[-159.396618,55.713663],[-159.401134,55.714333],[-159.399351,55.718751]]],[[[-159.501672,55.848593],[-159.496562,55.855531],[-159.493354,55.842522],[-159.497038,55.841988],[-159.501672,55.848593]]],[[[-159.900149,56.494239],[-159.588036,56.494245],[-159.588041,56.580961],[-159.275928,56.580967],[-159.275932,56.667682],[-159.051089,56.667687],[-159.051094,56.754401],[-158.893607,56.754404],[-158.893549949186,56.8074500598134],[-158.858977,56.797325],[-158.783395,56.785283],[-158.750714,56.794331],[-158.699613,56.798951],[-158.688917,56.795567],[-158.680242,56.799993],[-158.664317,56.797259],[-158.649343,56.802791],[-158.65992,56.8132],[-158.656117,56.818989],[-158.657306,56.836805],[-158.651245,56.844346],[-158.659282,56.854441],[-158.672042,56.859162],[-158.675845,56.877803],[-158.694384,56.89001],[-158.681311,56.922713],[-158.693195,56.930495],[-158.696718,56.943538],[-158.679529,56.990753],[-158.637103,57.040441],[-158.540248,57.125106],[-158.379577,57.246502],[-158.307085,57.289555],[-158.267749,57.300664],[-158.231265,57.318956],[-158.183848,57.335893],[-158.083785,57.357181],[-158.081051,57.371281],[-157.989767,57.413336],[-157.930006,57.473981],[-157.870348,57.493593],[-157.803043,57.534492],[-157.7565,57.553894],[-157.700407,57.565178],[-157.68068,57.563457],[-157.693633,57.553193],[-157.685552,57.55026],[-157.6758,57.531732],[-157.657135,57.519911],[-157.65676,57.505828],[-157.647497,57.491829],[-157.598799,57.488739],[-157.587747,57.493784],[-157.569921,57.520916],[-157.601806,57.611966],[-157.698253,57.614377],[-157.711222,57.637704],[-157.705398,57.710402],[-157.658219,57.798791],[-157.634689,57.896565],[-157.612584,58.021085],[-157.580617,58.123276],[-157.527257,58.190928],[-157.53011,58.164798],[-157.481029,58.16135],[-157.415191,58.169437],[-157.403426,58.177396],[-157.391542,58.194687],[-157.388334,58.205333],[-157.44193,58.207336],[-157.494814,58.24213],[-157.53617,58.271641],[-157.540924,58.27989],[-157.530228,58.29076],[-157.539854,58.292821],[-157.545083,58.299317],[-157.546628,58.334083],[-157.534625,58.389315],[-157.503014,58.441972],[-157.493745,58.44987],[-157.478177,58.481569],[-157.451918,58.505618],[-157.43789,58.505666],[-157.399861,58.525713],[-157.378351,58.523231],[-157.363971,58.530862],[-157.317454,58.561975],[-157.290172,58.592413],[-157.260883170367,58.6159309981664],[-156.316015,58.615944],[-156.316032,58.885114],[-157.008041142882,58.885099386311],[-156.986893,58.894741],[-156.977742,58.904993],[-156.972988,58.948236],[-156.960846,58.9655],[-156.928899,58.969255],[-156.929255,58.973788],[-156.945893,58.983403],[-156.971325,58.983097],[-157.015414,58.967846],[-157.038588,58.951239],[-157.045956,58.942289],[-157.037994,58.933889],[-157.042391,58.914627],[-157.06604,58.901555],[-157.082915,58.874844],[-157.196292273831,58.851058198154],[-157.196306,59.086122],[-157.275221,59.086121],[-157.275233,59.259482],[-157.106808,59.259483],[-157.106814,59.346162],[-156.769965,59.346166],[-156.769971,59.432843],[-156.675483,59.432844],[-156.675489,59.519521],[-156.505345,59.519523],[-156.505349,59.606199],[-156.165066,59.606202],[-156.165068,59.692877],[-156.000145,59.692879],[-156.000086,60.90619],[-153.440884,60.906236],[-153.440886,60.819578],[-153.397284,60.819581],[-153.397276,60.472948],[-153.528441,60.472939],[-153.528392,60.126281],[-153.65698,60.126277],[-153.656977,59.779607],[-153.78307,59.779597],[-153.783068,59.692926],[-153.953198,59.692918],[-153.953181,59.519569],[-154.123327,59.519552],[-154.123321,59.432887],[-154.412028,59.432882],[-154.412013,59.259524],[-154.748861,59.259518],[-154.748834,59.086159],[-154.695105,59.086159],[-154.695036,58.739431],[-154.642558,58.739431],[-154.642545,58.652747],[-154.312354,58.652751],[-154.312355,58.464929],[-154.367496,58.464928],[-154.367435,58.421583],[-154.45004,58.421583],[-154.449931,58.392686],[-154.482813,58.392686],[-154.482772,58.363789],[-154.591275,58.363787],[-154.591283,58.33489],[-154.754785,58.334887],[-154.754791,58.305989],[-154.892044,58.305986],[-154.89199,58.291538],[-155.028056,58.291535],[-155.027969,58.262638],[-155.081806,58.262637],[-155.081808,58.233739],[-155.245315,58.233737],[-155.245317,58.19039],[-155.354766,58.190388],[-155.354494,58.103695],[-155.29991,58.103695],[-155.299824,58.045899],[-155.352472,58.045899],[-155.352115,57.885934],[-155.459858,57.885933],[-155.459828,57.842584],[-155.541123,57.842584],[-155.541038,57.813684],[-155.703033,57.813681],[-155.70287,57.755887],[-155.756733,57.755881],[-155.756741,57.71253],[-155.778017,57.71253],[-155.777955,57.683633],[-155.911439,57.683628],[-155.911372,57.640278],[-155.857482,57.640278],[-155.857482,57.625829],[-155.831693,57.625828],[-155.83164,57.611408],[-155.884404,57.611378],[-155.884393,57.596928],[-155.911305,57.596927],[-155.911283,57.582477],[-155.938185,57.582477],[-155.938152,57.568027],[-155.965044,57.568027],[-155.965175,57.611377],[-156.017941,57.611377],[-156.01794,57.596926],[-156.071749,57.597001],[-156.071722,57.568025],[-156.098614,57.568025],[-156.098582,57.553575],[-156.125463,57.553574],[-156.125376,57.524674],[-156.20526,57.524661],[-156.205277,57.539122],[-156.365729,57.539119],[-156.365714,57.510221],[-156.392563,57.510218],[-156.392541,57.495768],[-156.44622,57.495766],[-156.44609,57.452415],[-156.499325,57.452414],[-156.499321,57.38016],[-156.55283,57.380159],[-156.552809,57.365708],[-156.540438,57.365708],[-156.540396,57.351258],[-156.619162,57.351256],[-156.619127,57.307903],[-156.672532,57.307903],[-156.672403,57.250099],[-156.751389,57.250097],[-156.751385,57.177841],[-156.331851937733,57.1778549649295],[-156.350865,57.166338],[-156.346356,57.162701],[-156.368215,57.143005],[-156.395905,57.137331],[-156.406838,57.139394],[-156.405056,57.126302],[-156.410166,57.121851],[-156.426209,57.118625],[-156.435835,57.12727],[-156.465664,57.124883],[-156.462336,57.118174],[-156.469348,57.112108],[-156.434409,57.107591],[-156.427873,57.102621],[-156.446768,57.103783],[-156.448907,57.101266],[-156.438568,57.090614],[-156.440826,57.082542],[-156.476122,57.07744],[-156.483252,57.073177],[-156.481707,57.069365],[-156.490264,57.067492],[-156.485867,57.064326],[-156.514864,57.048169],[-156.551585,57.043515],[-156.564182,57.048557],[-156.57571,57.043515],[-156.590208,57.049979],[-156.592823,57.046424],[-156.610886,57.049009],[-156.612906,57.042803],[-156.584147,57.035174],[-156.58284,57.029871],[-156.571907,57.027931],[-156.56953,57.017711],[-156.560523,57.016283],[-156.553368,57.00807],[-156.550753,56.999721],[-156.557646,56.989817],[-156.548614,56.983536],[-156.558002,56.977028],[-156.585098,56.988393],[-156.590802,56.985447],[-156.600191,56.992148],[-156.636258,56.992342],[-156.655629,57.004381],[-156.6668,57.003928],[-156.662582,56.998265],[-156.671376,56.996064],[-156.679694,56.99943],[-156.676189,57.005546],[-156.698531,57.029871],[-156.715644,57.03776],[-156.740125,57.035433],[-156.754148,57.026831],[-156.761753,57.032846],[-156.774469,57.033687],[-156.782194,57.026055],[-156.78053,57.022304],[-156.76829,57.017711],[-156.766507,57.009235],[-156.747136,56.998362],[-156.787898,56.966049],[-156.788849,56.942006],[-156.796692,56.929752],[-156.796336,56.918856],[-156.802159,56.914899],[-156.799231,56.910403],[-156.806419,56.90495],[-156.815588,56.906919],[-156.819747,56.903285],[-156.817133,56.900754],[-156.827222,56.89696],[-156.840188,56.901014],[-156.850764,56.919635],[-156.849576,56.926575],[-156.878929,56.94447],[-156.885822,56.952053],[-156.886298,56.964041],[-156.905312,56.966373],[-156.923613,56.962486],[-156.934309,56.955099],[-156.936469,56.936534],[-156.944177,56.925832],[-156.933824,56.91765],[-156.945921,56.916649],[-156.948838,56.909707],[-156.966467,56.913905],[-156.988001,56.911947],[-157.027123,56.891343],[-157.077036,56.835411],[-157.075609,56.825593],[-157.085592,56.819284],[-157.097714,56.83333],[-157.13705,56.833655],[-157.148102,56.829039],[-157.154519,56.815837],[-157.137169,56.803867],[-157.148934,56.799572],[-157.14076,56.790054],[-157.143586,56.785254],[-157.155826,56.781543],[-157.161372,56.774134],[-157.175791,56.775423],[-157.178168,56.770864],[-157.200748,56.764351],[-157.215603,56.774967],[-157.225229,56.774055],[-157.2282,56.781282],[-157.2446,56.785384],[-157.244481,56.790591],[-157.274072,56.793325],[-157.273404,56.796568],[-157.289165,56.802566],[-157.298283,56.818567],[-157.312457,56.822211],[-157.333967,56.838076],[-157.383167,56.862056],[-157.405679,56.864216],[-157.436932,56.858522],[-157.45759,56.848204],[-157.471227,56.833525],[-157.467146,56.819273],[-157.462361,56.809603],[-157.450925,56.802222],[-157.42112,56.801691],[-157.419889,56.785058],[-157.401706,56.772948],[-157.401587,56.762853],[-157.415016,56.769887],[-157.428207,56.769822],[-157.463978,56.754319],[-157.477169,56.763961],[-157.509731,56.764807],[-157.535556,56.748204],[-157.561783,56.706011],[-157.550792,56.681029],[-157.543957,56.675403],[-157.523517,56.676252],[-157.510207,56.666654],[-157.4761,56.669723],[-157.471109,56.655942],[-157.450074,56.641242],[-157.46683,56.622809],[-157.533262,56.612609],[-157.542769,56.618298],[-157.605041,56.620521],[-157.629403,56.610647],[-157.650319,56.613851],[-157.677771,56.608161],[-157.675394,56.613132],[-157.67991,56.61869],[-157.703127,56.625131],[-157.708653,56.63543],[-157.715831,56.63869],[-157.718017,56.653033],[-157.732164,56.66266],[-157.736799,56.675616],[-157.763698,56.679247],[-157.786513,56.676239],[-157.828698,56.661559],[-157.83464,56.657902],[-157.833214,56.649801],[-157.841057,56.64379],[-157.860309,56.643921],[-157.874332,56.649801],[-157.918541,56.643137],[-157.943972,56.631112],[-157.95752,56.610385],[-157.969285,56.608488],[-157.971068,56.602994],[-157.979841,56.603695],[-157.984616,56.597237],[-158.004342,56.604166],[-158.027398,56.602602],[-158.062218,56.581532],[-158.057227,56.572826],[-158.069705,56.576296],[-158.101792,56.567785],[-158.12651,56.55305],[-158.124847,56.543158],[-158.13376,56.540276],[-158.133165,56.532216],[-158.125441,56.52848],[-158.021124,56.550735],[-157.979505,56.555343],[-157.962393,56.565624],[-157.951459,56.563463],[-157.911173,56.57479],[-157.870054,56.562088],[-157.846999,56.56163],[-157.839987,56.566606],[-157.830956,56.55901],[-157.820617,56.557832],[-157.823857,56.551921],[-157.818596,56.548727],[-157.829173,56.546434],[-157.833689,56.538179],[-157.827628,56.521597],[-157.815982,56.514254],[-157.828817,56.515434],[-157.82026,56.501926],[-157.84997,56.495301],[-157.857576,56.488609],[-157.863042,56.472859],[-157.887642,56.472399],[-157.920442,56.486378],[-157.960135,56.488215],[-157.974395,56.500483],[-158.001966,56.497793],[-158.030607,56.511566],[-158.08147,56.509664],[-158.135423,56.522122],[-158.148258,56.516877],[-158.154319,56.507435],[-158.145762,56.4974],[-158.12758,56.498515],[-158.11427,56.489658],[-158.123421,56.473778],[-158.1214,56.468789],[-158.130082,56.460939],[-158.160855,56.466688],[-158.173096,56.463799],[-158.180464,56.456445],[-158.201617,56.462946],[-158.245469,56.460385],[-158.246895,56.464915],[-158.284686,56.47975],[-158.32628,56.483097],[-158.374173,56.459335],[-158.405309,56.453687],[-158.464729,56.397562],[-158.475068,56.396181],[-158.505372,56.377826],[-158.507154,56.370521],[-158.500856,56.356105],[-158.488853,56.340695],[-158.495389,56.334305],[-158.46865,56.341617],[-158.432795,56.343505],[-158.436088,56.333712],[-158.429077,56.326201],[-158.418975,56.323895],[-158.421827,56.329298],[-158.415054,56.331999],[-158.405784,56.327124],[-158.397337,56.328921],[-158.398178,56.320863],[-158.411013,56.308406],[-158.410775,56.302077],[-158.401744,56.295021],[-158.379996,56.299637],[-158.376431,56.307747],[-158.381778,56.310713],[-158.331271,56.324817],[-158.32056,56.322628],[-158.314399,56.314753],[-158.293243,56.315459],[-158.282191,56.303264],[-158.249866,56.303396],[-158.239171,56.29357],[-158.201829,56.291343],[-158.195794,56.285986],[-158.209817,56.282028],[-158.209223,56.273715],[-158.21671,56.274045],[-158.21873,56.267578],[-158.233585,56.265532],[-158.238934,56.260187],[-158.250817,56.260846],[-158.256165,56.253056],[-158.283736,56.249029],[-158.310712,56.236416],[-158.353376,56.230538],[-158.368231,56.238728],[-158.404358,56.24203],[-158.406735,56.23886],[-158.378451,56.227234],[-158.399129,56.203775],[-158.388552,56.203907],[-158.371677,56.218117],[-158.363834,56.218844],[-158.297996,56.212103],[-158.308692,56.195379],[-158.338521,56.180499],[-158.333648,56.176795],[-158.310712,56.17911],[-158.249034,56.197957],[-158.17493,56.236227],[-158.114508,56.239322],[-158.157171,56.228225],[-158.160142,56.217125],[-158.150754,56.213755],[-158.178562,56.2125],[-158.186287,56.192073],[-158.216472,56.1928],[-158.233466,56.185195],[-158.257353,56.183211],[-158.259373,56.177589],[-158.245707,56.173752],[-158.252124,56.168393],[-158.266147,56.166474],[-158.279576,56.171503],[-158.348266,56.154231],[-158.34981,56.149796],[-158.339332,56.145422],[-158.336619,56.136356],[-158.348741,56.124369],[-158.37548,56.133442],[-158.382795,56.151159],[-158.377566,56.154535],[-158.375783,56.175776],[-158.385409,56.187946],[-158.396462,56.172931],[-158.391589,56.168366],[-158.407157,56.151093],[-158.407038,56.125732],[-158.411198,56.132289],[-158.434015,56.140103],[-158.44269,56.138249],[-158.43065,56.130777],[-158.413456,56.108971],[-158.405731,56.10685],[-158.394425,56.090078],[-158.400264,56.061892],[-158.426528,56.069588],[-158.427598,56.075823],[-158.422012,56.082587],[-158.434118,56.085773],[-158.442334,56.095914],[-158.434728,56.103536],[-158.449583,56.118379],[-158.456477,56.108],[-158.465032,56.104729],[-158.484403,56.114603],[-158.491771,56.113278],[-158.489276,56.104398],[-158.50116,56.09419],[-158.477629,56.093063],[-158.462893,56.079139],[-158.460279,56.068726],[-158.493554,56.048753],[-158.481551,56.047957],[-158.452316,56.026911],[-158.441858,56.032954],[-158.460873,56.048952],[-158.458139,56.054991],[-158.409653,56.043775],[-158.419635,56.018742],[-158.410722,56.0119],[-158.431401,55.992762],[-158.445696,55.99758],[-158.444235,56.000937],[-158.455836,56.008923],[-158.453742,56.013096],[-158.487374,56.037535],[-158.503893,56.037867],[-158.506388,56.031825],[-158.50211,56.019805],[-158.505794,56.014956],[-158.494742,56.010239],[-158.495114,55.989207],[-158.499852,55.980996],[-158.507696,55.978868],[-158.530156,56.002997],[-158.542872,56.009708],[-158.540971,56.015089],[-158.554043,56.021465],[-158.558437,56.032124],[-158.552142,56.041717],[-158.531939,56.039128],[-158.503893,56.055257],[-158.492484,56.070318],[-158.527423,56.054062],[-158.581852,56.043974],[-158.586897,56.036965],[-158.598367,56.048822],[-158.59742,56.056849],[-158.588388,56.062025],[-158.592429,56.069323],[-158.551785,56.075955],[-158.548339,56.080664],[-158.593617,56.082057],[-158.595994,56.094986],[-158.584942,56.104862],[-158.5954,56.109699],[-158.567234,56.123414],[-158.542278,56.114006],[-158.552617,56.128382],[-158.545962,56.131892],[-158.557727,56.134078],[-158.550716,56.137057],[-158.547032,56.148114],[-158.538594,56.151358],[-158.537287,56.157381],[-158.51031,56.161617],[-158.494267,56.156256],[-158.487374,56.15983],[-158.493197,56.169226],[-158.518272,56.178554],[-158.49498,56.183779],[-158.521362,56.188078],[-158.479174,56.188805],[-158.466458,56.183052],[-158.455168,56.190128],[-158.471331,56.195352],[-158.516846,56.198062],[-158.574365,56.189136],[-158.621901,56.201963],[-158.624159,56.199054],[-158.613107,56.189004],[-158.589814,56.184044],[-158.578762,56.176107],[-158.549818,56.177372],[-158.55024,56.171608],[-158.583278,56.156786],[-158.583918,56.141933],[-158.601104,56.129177],[-158.610849,56.122884],[-158.628912,56.120301],[-158.636518,56.113211],[-158.65066,56.116789],[-158.657553,56.113344],[-158.664564,56.119241],[-158.654582,56.121758],[-158.640678,56.13666],[-158.649353,56.147783],[-158.724103,56.155793],[-158.671932,56.140633],[-158.666822,56.126262],[-158.679538,56.122023],[-158.69677,56.10632],[-158.677518,56.106386],[-158.660405,56.099957],[-158.648402,56.088621],[-158.667535,56.077282],[-158.656602,56.073435],[-158.66504,56.055058],[-158.690828,56.048089],[-158.718399,56.052802],[-158.725529,56.04935],[-158.723865,56.038531],[-158.717092,56.033684],[-158.684648,56.031294],[-158.665159,56.036008],[-158.639964,56.019738],[-158.640559,56.010505],[-158.63628,56.006851],[-158.643886,55.990835],[-158.639608,55.984453],[-158.660048,55.98186],[-158.666109,55.986713],[-158.693442,55.982325],[-158.692492,55.974878],[-158.668961,55.972351],[-158.65375,55.963173],[-158.652918,55.957253],[-158.667892,55.950732],[-158.681202,55.951265],[-158.701405,55.967563],[-158.712813,55.965235],[-158.720538,55.954858],[-158.734799,55.952063],[-158.750723,55.961044],[-158.742048,55.974679],[-158.714239,55.978403],[-158.730758,55.986314],[-158.732567,55.998116],[-158.719112,56.003329],[-158.73266,56.015155],[-158.740384,56.015886],[-158.749416,56.008312],[-158.77152,56.019273],[-158.776274,56.013627],[-158.770688,56.001535],[-158.777343,55.992696],[-158.796239,55.985251],[-158.809248,55.986203],[-158.814778,55.998677],[-158.825592,56.002199],[-158.824166,56.014358],[-158.843656,56.015354],[-158.858392,56.005655],[-158.858511,55.993427],[-158.883075,55.97254],[-158.90165,55.948936],[-158.913058,55.915384],[-158.921258,55.914185],[-158.915316,55.928369],[-158.928508,55.931764],[-158.95798,55.934626],[-158.996603,55.930299],[-159.011933,55.919779],[-159.00207,55.906459],[-159.002545,55.896465],[-159.008171,55.890073],[-159.032611,55.893533],[-159.066005,55.92211],[-159.086089,55.924174],[-159.132437,55.909456],[-159.153115,55.90879],[-159.174031,55.888602],[-159.20588,55.899597],[-159.27552,55.890801],[-159.286453,55.882603],[-159.288236,55.875403],[-159.284188,55.871037],[-159.290613,55.864268],[-159.3145,55.857065],[-159.322699,55.861934],[-159.315569,55.87187],[-159.320323,55.875003],[-159.355024,55.876803],[-159.401134,55.856665],[-159.402085,55.835515],[-159.408977,55.824569],[-159.407195,55.80427],[-159.398044,55.797657],[-159.406482,55.796989],[-159.409928,55.788972],[-159.419673,55.786767],[-159.436111,55.794305],[-159.444035,55.808411],[-159.456989,55.812417],[-159.455444,55.815355],[-159.467446,55.821965],[-159.472675,55.830643],[-159.47422,55.842922],[-159.461504,55.861867],[-159.4722,55.873603],[-159.460791,55.88207],[-159.454094,55.896242],[-159.48747,55.901054],[-159.531976,55.886735],[-159.547426,55.865935],[-159.536136,55.859266],[-159.52235,55.87247],[-159.517835,55.871136],[-159.528292,55.860667],[-159.531501,55.848593],[-159.519023,55.842922],[-159.516052,55.849928],[-159.512368,55.846592],[-159.500365,55.80821],[-159.505713,55.801999],[-159.497536,55.786433],[-159.494404,55.765798],[-159.503768,55.747878],[-159.52235,55.737623],[-159.52235,55.733809],[-159.541008,55.727519],[-159.555269,55.710718],[-159.554081,55.705093],[-159.533521,55.697593],[-159.539582,55.669387],[-159.521519,55.66751],[-159.53471,55.664025],[-159.542434,55.647263],[-159.561443,55.638756],[-159.56136,55.887197],[-159.867971,55.887193],[-159.86797,55.973918],[-159.806406,55.973919],[-159.806389,56.320805],[-159.900133,56.320803],[-159.900149,56.494239]]]]}},{"type":"Feature","properties":{"GEOID":"02063","NAME":"Chugach","state":"AK","wildfire_risk_score":1.304,"wildfire_eal_total":694.5,"risk_band":"Low","source":"FEMA National Risk Index v1.20 (December 2025)"},"geometry":{"type":"MultiPolygon","coordinates":[[[[-144.394547,60.051102],[-144.384803,60.05217],[-144.375533,60.040421],[-144.37791,60.033299],[-144.366026,59.989819],[-144.369353,59.987203],[-144.393597,59.993504],[-144.392408,60.003724],[-144.383852,60.013586],[-144.394072,60.032468],[-144.390269,60.038641],[-144.395736,60.042083],[-144.394547,60.051102]]],[[[-144.433527,60.155591],[-144.402628,60.155473],[-144.336554,60.142933],[-144.325145,60.124587],[-144.325145,60.113456],[-144.348913,60.091184],[-144.375295,60.115351],[-144.424733,60.142459],[-144.433527,60.155591]]],[[[-144.60632,59.792134],[-144.574946,59.831216],[-144.565439,59.852351],[-144.444222,59.920441],[-144.44755,59.927469],[-144.439469,59.937591],[-144.432101,59.940448],[-144.417602,59.9364],[-144.396924,59.942234],[-144.344635,59.970198],[-144.342258,59.984469],[-144.32253,59.992791],[-144.303991,59.986728],[-144.222467,60.009428],[-144.192282,60.000991],[-144.413086,59.904117],[-144.446599,59.875143],[-144.494848,59.857483],[-144.526222,59.839456],[-144.563775,59.808633],[-144.571381,59.809469],[-144.603468,59.788666],[-144.60632,59.792134]]],[[[-145.091662,60.322886],[-145.068369,60.35864],[-145.045552,60.37004],[-145.039372,60.36769],[-145.044126,60.354761],[-145.084769,60.32265],[-145.090474,60.319826],[-145.091662,60.322886]]],[[[-145.653656,60.394355],[-145.632027,60.395882],[-145.611586,60.393533],[-145.628937,60.390128],[-145.653656,60.394355]]],[[[-145.731377,60.62051],[-145.726505,60.62564],[-145.722464,60.626048],[-145.729119,60.619985],[-145.731377,60.62051]]],[[[-145.747896,60.595372],[-145.743023,60.603481],[-145.731971,60.602548],[-145.735061,60.594613],[-145.747896,60.595372]]],[[[-145.773364,60.549579],[-145.771118,60.550237],[-145.77029,60.550082],[-145.774625,60.548164],[-145.773364,60.549579]]],[[[-145.807435,60.613396],[-145.802681,60.619169],[-145.785211,60.621618],[-145.802087,60.612871],[-145.807435,60.613396]]],[[[-145.970514,60.681433],[-145.962933,60.684176],[-145.959114,60.68169],[-145.965877,60.678875],[-145.970514,60.681433]]],[[[-146.009581,60.67291],[-145.985813,60.678497],[-145.981773,60.67646],[-145.988903,60.671746],[-146.009581,60.67291]]],[[[-146.011601,60.396234],[-145.953132,60.407856],[-145.902031,60.39776],[-145.869469,60.400461],[-145.819081,60.387309],[-145.757522,60.39095],[-145.742073,60.381789],[-145.750629,60.363342],[-145.759899,60.356877],[-145.831202,60.350293],[-145.86733,60.357347],[-145.891098,60.373448],[-146.005422,60.39048],[-146.011601,60.396234]]],[[[-146.022772,60.462388],[-146.017543,60.467778],[-145.992349,60.462271],[-146.022535,60.458404],[-146.022772,60.462388]]],[[[-146.336985,60.463911],[-146.320347,60.478437],[-146.320823,60.487454],[-146.325814,60.490849],[-146.320347,60.494946],[-146.325101,60.500682],[-146.312266,60.501384],[-146.290162,60.516595],[-146.222423,60.518466],[-146.200081,60.525133],[-146.160627,60.528057],[-146.14494,60.521858],[-146.12545,60.528057],[-146.111902,60.541385],[-146.102633,60.53402],[-146.082192,60.544541],[-146.017543,60.554591],[-146.018256,60.563002],[-146.009225,60.562068],[-146.004709,60.565221],[-146.008987,60.56709],[-145.998054,60.570127],[-145.974286,60.560899],[-145.939347,60.559381],[-145.962402,60.564988],[-145.95955,60.570944],[-145.971196,60.573513],[-145.939109,60.584839],[-145.912727,60.582854],[-145.904408,60.589157],[-145.828113,60.590091],[-145.796264,60.59686],[-145.782478,60.610393],[-145.760374,60.615408],[-145.792698,60.593009],[-145.791035,60.588924],[-145.774872,60.587757],[-145.772971,60.592892],[-145.7618,60.592309],[-145.766554,60.585072],[-145.822646,60.552487],[-146.027764,60.503139],[-146.101682,60.473752],[-146.233357,60.450317],[-146.317733,60.452895],[-146.329142,60.455357],[-146.336985,60.463911]]],[[[-146.716645,60.863497],[-146.709318,60.86175],[-146.705625,60.858138],[-146.713371,60.859478],[-146.716645,60.863497]]],[[[-146.731771,60.381554],[-146.730107,60.389423],[-146.717986,60.38637],[-146.71038,60.389541],[-146.713945,60.401635],[-146.70111,60.406682],[-146.706339,60.412785],[-146.684235,60.425457],[-146.665458,60.429328],[-146.668786,60.44],[-146.623389,60.47914],[-146.605801,60.484292],[-146.580369,60.482067],[-146.53925,60.4864],[-146.515007,60.471058],[-146.468422,60.472932],[-146.444179,60.467426],[-146.392364,60.482887],[-146.373825,60.475275],[-146.350057,60.477149],[-146.358614,60.471409],[-146.349582,60.468129],[-146.358851,60.455943],[-146.376202,60.4502],[-146.357663,60.447972],[-146.361941,60.440821],[-146.358851,60.436013],[-146.365031,60.428859],[-146.354573,60.41877],[-146.363605,60.410438],[-146.359802,60.406447],[-146.12545,60.431674],[-146.123073,60.428155],[-146.132343,60.425105],[-146.12545,60.420882],[-146.124262,60.413372],[-146.087897,60.409264],[-146.090273,60.384256],[-146.075062,60.36722],[-146.176076,60.363929],[-146.192,60.359933],[-146.197229,60.348294],[-146.223849,60.345942],[-146.251183,60.334298],[-146.265919,60.341709],[-146.286121,60.342885],[-146.378104,60.329004],[-146.48601,60.294042],[-146.588212,60.244654],[-146.62838,60.2338],[-146.653099,60.237104],[-146.66118,60.245715],[-146.660942,60.253264],[-146.684948,60.254325],[-146.701348,60.270005],[-146.701348,60.278491],[-146.681145,60.288859],[-146.669024,60.287681],[-146.667835,60.293688],[-146.656189,60.300284],[-146.63456,60.299106],[-146.624102,60.309703],[-146.56801,60.322415],[-146.565871,60.32571],[-146.569911,60.327592],[-146.563256,60.334063],[-146.526178,60.335945],[-146.520949,60.341591],[-146.530694,60.341121],[-146.531407,60.344766],[-146.515245,60.359816],[-146.565871,60.350763],[-146.613406,60.353232],[-146.617209,60.351116],[-146.613882,60.346295],[-146.634085,60.332298],[-146.65405,60.328063],[-146.688038,60.345472],[-146.724641,60.343238],[-146.731296,60.3577],[-146.722264,60.367338],[-146.731771,60.381554]]],[[[-146.73632,60.878409],[-146.732795,60.878248],[-146.729572,60.874413],[-146.737303,60.87699],[-146.73632,60.878409]]],[[[-146.81686,60.895014],[-146.786913,60.900101],[-146.777881,60.897673],[-146.780614,60.892355],[-146.757797,60.885822],[-146.784536,60.883162],[-146.791904,60.89224],[-146.81686,60.895014]]],[[[-146.817336,60.817867],[-146.811988,60.821633],[-146.817217,60.844048],[-146.799629,60.850531],[-146.803194,60.855972],[-146.794043,60.865173],[-146.776217,60.865694],[-146.760411,60.853657],[-146.751142,60.853946],[-146.74829,60.858287],[-146.758272,60.863553],[-146.754113,60.867892],[-146.777762,60.874892],[-146.765165,60.881659],[-146.744487,60.877842],[-146.701348,60.848332],[-146.705983,60.839473],[-146.726542,60.8448],[-146.731177,60.840168],[-146.717154,60.835593],[-146.714064,60.821518],[-146.727374,60.811261],[-146.797608,60.805696],[-146.817336,60.817867]]],[[[-146.844907,60.845842],[-146.820901,60.855046],[-146.814365,60.854004],[-146.832191,60.845321],[-146.844907,60.845842]]],[[[-147.070813,60.962565],[-147.064341,60.972427],[-147.052347,60.97815],[-147.041956,60.976908],[-147.028315,60.985229],[-147.020873,60.979831],[-147.02524,60.978443],[-147.025543,60.972091],[-147.03695,60.974066],[-147.038853,60.966209],[-147.053678,60.958189],[-147.067631,60.957465],[-147.070813,60.962565]]],[[[-147.173522,60.91126],[-147.169134,60.912648],[-147.165088,60.911669],[-147.166974,60.90972],[-147.173522,60.91126]]],[[[-147.266168,60.963963],[-147.261839,60.965944],[-147.24833,60.963036],[-147.256648,60.959549],[-147.266168,60.963963]]],[[[-147.324632,60.878438],[-147.291495,60.883707],[-147.293505,60.889785],[-147.266634,60.883372],[-147.255984,60.893121],[-147.259421,60.897395],[-147.255514,60.900329],[-147.229614,60.90353],[-147.221636,60.909148],[-147.208571,60.906949],[-147.224577,60.890695],[-147.221307,60.884879],[-147.203586,60.898681],[-147.202973,60.90561],[-147.19109,60.900809],[-147.171385,60.903704],[-147.194574,60.893274],[-147.187104,60.891409],[-147.159996,60.900509],[-147.154955,60.898149],[-147.14639,60.911617],[-147.130817,60.911824],[-147.143182,60.906788],[-147.145967,60.897572],[-147.131491,60.899507],[-147.121127,60.910418],[-147.115971,60.909701],[-147.116365,60.899523],[-147.121497,60.894802],[-147.15941,60.876971],[-147.170013,60.877417],[-147.163211,60.87141],[-147.124476,60.874051],[-147.125834,60.880006],[-147.104448,60.887745],[-147.100025,60.903481],[-147.094748,60.890307],[-147.07821,60.897444],[-147.072241,60.893605],[-147.091437,60.872804],[-147.148676,60.852309],[-147.163191,60.859101],[-147.191634,60.86136],[-147.175869,60.877366],[-147.178664,60.881359],[-147.216812,60.873252],[-147.215711,60.869124],[-147.229023,60.865634],[-147.248961,60.872519],[-147.299001,60.871925],[-147.324632,60.878438]]],[[[-147.406127,60.519427],[-147.387632,60.52795],[-147.315854,60.530333],[-147.343303,60.5221],[-147.406127,60.519427]]],[[[-147.417753,59.868932],[-147.397788,59.877999],[-147.386617,59.874897],[-147.411811,59.86404],[-147.417753,59.868932]]],[[[-147.418764,60.70106],[-147.40997,60.708736],[-147.394996,60.705247],[-147.361721,60.714433],[-147.362197,60.704898],[-147.355304,60.702339],[-147.376933,60.68419],[-147.38953,60.683143],[-147.394996,60.684656],[-147.390481,60.690125],[-147.414724,60.695825],[-147.418764,60.70106]]],[[[-147.433136,60.521233],[-147.426384,60.521883],[-147.420953,60.518199],[-147.430641,60.513937],[-147.433136,60.521233]]],[[[-147.460063,60.879808],[-147.43118,60.878119],[-147.421788,60.866431],[-147.447029,60.8677],[-147.460063,60.879808]]],[[[-147.461026,60.934277],[-147.456849,60.934669],[-147.455971,60.928924],[-147.460368,60.928173],[-147.461026,60.934277]]],[[[-147.462539,59.843482],[-147.46063,59.846243],[-147.456391,59.845389],[-147.458837,59.842653],[-147.462539,59.843482]]],[[[-147.467523,60.924424],[-147.463409,60.923905],[-147.458848,60.918052],[-147.46508,60.917113],[-147.469425,60.920554],[-147.467523,60.924424]]],[[[-147.470911,60.859795],[-147.464856,60.86328],[-147.458801,60.859885],[-147.467058,60.856579],[-147.470911,60.859795]]],[[[-147.483413,60.729428],[-147.43659,60.728963],[-147.434689,60.738723],[-147.41306,60.731752],[-147.404741,60.742673],[-147.382162,60.737213],[-147.410446,60.717339],[-147.464399,60.720129],[-147.48175,60.724198],[-147.486503,60.727917],[-147.483413,60.729428]]],[[[-147.502903,60.654618],[-147.481274,60.659509],[-147.462022,60.652288],[-147.436353,60.654618],[-147.436353,60.659393],[-147.462735,60.660907],[-147.446335,60.664633],[-147.449425,60.673016],[-147.479373,60.676858],[-147.487216,60.68419],[-147.478897,60.685354],[-147.480086,60.691055],[-147.476045,60.693266],[-147.461785,60.686867],[-147.455843,60.690823],[-147.459645,60.695593],[-147.448712,60.698966],[-147.443008,60.698268],[-147.433263,60.683608],[-147.417338,60.688379],[-147.404266,60.686285],[-147.396898,60.669524],[-147.391431,60.669174],[-147.388817,60.658694],[-147.379547,60.651706],[-147.364573,60.651939],[-147.360295,60.665798],[-147.332724,60.664401],[-147.332487,60.669058],[-147.342945,60.673482],[-147.334864,60.676392],[-147.302301,60.661722],[-147.322029,60.653569],[-147.324643,60.645764],[-147.345797,60.628166],[-147.388104,60.627117],[-147.373605,60.632828],[-147.387391,60.634577],[-147.393095,60.642851],[-147.385965,60.648444],[-147.389768,60.651822],[-147.40997,60.645414],[-147.421617,60.629332],[-147.473906,60.617322],[-147.487454,60.617905],[-147.477947,60.626067],[-147.464399,60.62735],[-147.464399,60.638073],[-147.444196,60.637491],[-147.438254,60.649026],[-147.489593,60.643783],[-147.50219,60.648677],[-147.502903,60.654618]]],[[[-147.503318,60.25762],[-147.498564,60.264105],[-147.466715,60.265284],[-147.451028,60.273417],[-147.440808,60.273299],[-147.43653,60.285436],[-147.392322,60.30428],[-147.393748,60.293446],[-147.39042,60.291797],[-147.357145,60.304163],[-147.339794,60.303692],[-147.341933,60.274242],[-147.387093,60.261275],[-147.391846,60.253965],[-147.408959,60.25479],[-147.431301,60.248068],[-147.47646,60.227184],[-147.490721,60.22506],[-147.491434,60.230489],[-147.50308,60.234383],[-147.488582,60.247242],[-147.509498,60.253021],[-147.503318,60.25762]]],[[[-147.577792,60.868355],[-147.557957,60.877589],[-147.548105,60.868467],[-147.554557,60.867931],[-147.552598,60.863322],[-147.577792,60.868355]]],[[[-147.586889,60.501265],[-147.57492,60.49956],[-147.573807,60.495304],[-147.582146,60.49394],[-147.586889,60.501265]]],[[[-147.591208,60.518268],[-147.58269,60.518701],[-147.58059,60.517585],[-147.589084,60.514683],[-147.591208,60.518268]]],[[[-147.614842,60.524344],[-147.607542,60.527714],[-147.604765,60.520136],[-147.612494,60.519586],[-147.614842,60.524344]]],[[[-147.629171,60.560029],[-147.619409,60.568271],[-147.609711,60.564205],[-147.612348,60.555388],[-147.60531,60.543391],[-147.599131,60.549443],[-147.598661,60.558357],[-147.576672,60.551496],[-147.579414,60.561141],[-147.571186,60.564263],[-147.586641,60.570838],[-147.564352,60.580769],[-147.562748,60.571494],[-147.551561,60.571361],[-147.556934,60.560767],[-147.54958,60.555028],[-147.561756,60.545995],[-147.563396,60.542216],[-147.557048,60.538669],[-147.565418,60.535182],[-147.573039,60.540792],[-147.582681,60.539746],[-147.586409,60.534268],[-147.579376,60.525566],[-147.59496,60.524193],[-147.615954,60.535084],[-147.627701,60.548898],[-147.619079,60.555209],[-147.629171,60.560029]]],[[[-147.676404,60.80777],[-147.664294,60.812858],[-147.658146,60.812949],[-147.672864,60.803681],[-147.677149,60.803044],[-147.676404,60.80777]]],[[[-147.722607,60.818036],[-147.713851,60.818763],[-147.707517,60.817855],[-147.725402,60.813858],[-147.722607,60.818036]]],[[[-147.739881,60.790656],[-147.714924,60.799296],[-147.707319,60.796919],[-147.718727,60.79402],[-147.721817,60.785726],[-147.739881,60.790656]]],[[[-147.774696,60.663333],[-147.751549,60.696923],[-147.735742,60.693607],[-147.765663,60.661397],[-147.774696,60.663333]]],[[[-147.815106,60.758221],[-147.807857,60.767334],[-147.799182,60.765999],[-147.805243,60.757524],[-147.815106,60.758221]]],[[[-147.853135,60.791526],[-147.853016,60.794715],[-147.837805,60.793846],[-147.851828,60.786248],[-147.853135,60.791526]]],[[[-147.929478,59.786267],[-147.900956,59.795954],[-147.896678,59.810658],[-147.913316,59.837181],[-147.887171,59.86225],[-147.861977,59.871915],[-147.782116,59.874062],[-147.754783,59.882531],[-147.759061,59.889567],[-147.797565,59.888851],[-147.803745,59.899462],[-147.814441,59.901846],[-147.814916,59.908758],[-147.806122,59.920911],[-147.765954,59.930797],[-147.760963,59.934607],[-147.767856,59.939132],[-147.740047,59.955082],[-147.685143,59.954249],[-147.681815,59.961745],[-147.666604,59.965196],[-147.685618,59.981133],[-147.707247,59.982917],[-147.695363,59.996706],[-147.59839,60.019874],[-147.578425,60.029256],[-147.572245,60.039584],[-147.558222,60.0454],[-147.555132,60.051807],[-147.48882,60.070431],[-147.435342,60.094732],[-147.423933,60.10658],[-147.404919,60.112621],[-147.399927,60.125646],[-147.386855,60.127659],[-147.374733,60.14056],[-147.374258,60.160315],[-147.343597,60.170012],[-147.332664,60.180296],[-147.33409,60.183841],[-147.316026,60.190459],[-147.316739,60.200855],[-147.301766,60.208177],[-147.301766,60.212428],[-147.324821,60.214554],[-147.31151,60.223998],[-147.29416,60.224824],[-147.27158,60.235445],[-147.289406,60.218686],[-147.283227,60.216325],[-147.265163,60.224824],[-147.25114,60.224352],[-147.246624,60.235445],[-147.226421,60.243468],[-147.211685,60.239339],[-147.18863,60.252667],[-147.18554,60.255734],[-147.225946,60.254908],[-147.21525,60.259271],[-147.217389,60.263633],[-147.213349,60.267052],[-147.189818,60.27106],[-147.192195,60.275656],[-147.233314,60.289559],[-147.219291,60.297333],[-147.221905,60.304045],[-147.167239,60.309696],[-147.184345,60.323462],[-147.215488,60.327586],[-147.210542,60.34707],[-147.190709,60.349711],[-147.180725,60.356562],[-147.161843,60.359933],[-147.153369,60.370291],[-147.113153,60.38059],[-147.088326,60.373525],[-147.08885,60.364689],[-147.140508,60.341335],[-147.140485,60.335316],[-147.089042,60.342878],[-147.072405,60.338997],[-147.002051,60.344289],[-147.00324,60.334174],[-147.015362,60.322644],[-147.085952,60.291444],[-147.113286,60.265755],[-147.111146,60.262218],[-147.06266,60.269763],[-147.065274,60.272356],[-147.061471,60.27542],[-147.035564,60.280252],[-147.027483,60.289795],[-147.018927,60.289677],[-147.003478,60.299099],[-146.98375,60.297333],[-146.952139,60.309932],[-146.923142,60.309461],[-146.915536,60.303927],[-146.916487,60.290973],[-146.946672,60.270706],[-146.965686,60.24854],[-146.987553,60.244057],[-146.999912,60.233793],[-147.058857,60.205579],[-147.080486,60.200619],[-147.084289,60.193531],[-147.133488,60.180414],[-147.199326,60.151208],[-147.264688,60.102197],[-147.303192,60.082169],[-147.319116,60.066043],[-147.35762,60.044925],[-147.381151,60.007164],[-147.3802,59.999677],[-147.369267,59.993735],[-147.38329,59.978279],[-147.375209,59.971143],[-147.339794,59.962102],[-147.342884,59.957581],[-147.352629,59.961031],[-147.372594,59.95294],[-147.38329,59.960437],[-147.397075,59.958533],[-147.421081,59.966147],[-147.459347,59.953297],[-147.466002,59.946275],[-147.496188,59.938894],[-147.501654,59.926867],[-147.499277,59.919124],[-147.485967,59.908401],[-147.44366,59.903157],[-147.450078,59.879907],[-147.435104,59.871318],[-147.534929,59.834075],[-147.542773,59.835031],[-147.541347,59.84339],[-147.549666,59.84733],[-147.573671,59.852344],[-147.616097,59.850553],[-147.651274,59.83312],[-147.654601,59.826192],[-147.646045,59.817828],[-147.660305,59.81508],[-147.68241,59.798943],[-147.699523,59.805518],[-147.742305,59.801573],[-147.854252,59.765449],[-147.876475,59.763893],[-147.9088,59.771432],[-147.929478,59.786267]]],[[[-147.949372,60.497257],[-147.941039,60.51168],[-147.934861,60.511202],[-147.939307,60.500084],[-147.949372,60.497257]]],[[[-147.969231,60.250364],[-147.958297,60.259209],[-147.938332,60.261449],[-147.930489,60.286434],[-147.91599,60.297388],[-147.883904,60.292795],[-147.878437,60.299155],[-147.862275,60.302099],[-147.842072,60.295033],[-147.797151,60.306102],[-147.775759,60.314107],[-147.77362,60.319522],[-147.743673,60.325053],[-147.765539,60.342816],[-147.773383,60.333641],[-147.838269,60.314931],[-147.89246,60.315285],[-147.90482,60.336817],[-147.869881,60.347637],[-147.866553,60.354339],[-147.869405,60.357866],[-147.882953,60.361863],[-147.857759,60.376082],[-147.856571,60.38912],[-147.840646,60.403796],[-147.830426,60.421517],[-147.828524,60.439462],[-147.810936,60.445911],[-147.810936,60.451303],[-147.794061,60.461148],[-147.791446,60.478017],[-147.778612,60.484107],[-147.768391,60.475206],[-147.784791,60.445911],[-147.781226,60.43829],[-147.775046,60.436179],[-147.760073,60.4506],[-147.752467,60.443332],[-147.738206,60.442159],[-147.731551,60.44427],[-147.730363,60.45646],[-147.718479,60.464546],[-147.719192,60.469935],[-147.732502,60.472864],[-147.724183,60.480945],[-147.721093,60.507752],[-147.696374,60.514772],[-147.687105,60.496048],[-147.668566,60.495463],[-147.660722,60.503305],[-147.645986,60.507752],[-147.661658,60.524531],[-147.660785,60.536401],[-147.642421,60.541083],[-147.621418,60.525946],[-147.615369,60.513047],[-147.61775,60.508001],[-147.610344,60.507779],[-147.602951,60.500439],[-147.607392,60.484133],[-147.623882,60.491366],[-147.639094,60.488673],[-147.626972,60.475441],[-147.623073,60.46284],[-147.65255,60.452293],[-147.63673,60.437358],[-147.61202,60.431996],[-147.612535,60.423487],[-147.649314,60.408726],[-147.677122,60.409548],[-147.694235,60.397692],[-147.67427,60.383365],[-147.626021,60.392173],[-147.617702,60.366094],[-147.64147,60.347637],[-147.638381,60.344462],[-147.642421,60.336347],[-147.666427,60.329524],[-147.662386,60.324935],[-147.663575,60.315049],[-147.679737,60.302334],[-147.694235,60.297624],[-147.701603,60.285845],[-147.727035,60.277361],[-147.718003,60.265693],[-147.745574,60.255907],[-147.733928,60.245764],[-147.734879,60.236327],[-147.701603,60.245764],[-147.698038,60.242815],[-147.721806,60.201501],[-147.741058,60.195595],[-147.7634,60.201737],[-147.764351,60.193941],[-147.745574,60.184252],[-147.76031,60.155404],[-147.770055,60.15292],[-147.795011,60.164865],[-147.799052,60.17456],[-147.785267,60.180943],[-147.78693,60.185197],[-147.822345,60.178815],[-147.848252,60.194059],[-147.831852,60.198548],[-147.82995,60.206934],[-147.814264,60.213783],[-147.812837,60.221102],[-147.827811,60.223581],[-147.864176,60.214609],[-147.871782,60.223817],[-147.883904,60.218623],[-147.930014,60.229719],[-147.940234,60.222047],[-147.954495,60.228302],[-147.947602,60.240338],[-147.949979,60.243051],[-147.969231,60.250364]]],[[[-148.021408,60.724029],[-148.004073,60.72968],[-147.990758,60.728206],[-147.990507,60.71764],[-147.976438,60.716411],[-147.973674,60.702645],[-147.949808,60.70203],[-147.947044,60.703751],[-147.958852,60.706579],[-147.956591,60.709406],[-147.96865,60.720343],[-147.96865,60.724643],[-147.959354,60.725994],[-147.973172,60.730908],[-147.981462,60.741101],[-147.962118,60.7508],[-147.951315,60.745644],[-147.948551,60.740364],[-147.953074,60.735084],[-147.946793,60.73275],[-147.945537,60.726977],[-147.939256,60.726609],[-147.94629,60.722063],[-147.924433,60.71002],[-147.918906,60.712232],[-147.934734,60.739382],[-147.902828,60.734715],[-147.873936,60.712601],[-147.874439,60.707193],[-147.866902,60.708422],[-147.855597,60.698465],[-147.846301,60.701292],[-147.845547,60.691948],[-147.859365,60.676941],[-147.868158,60.677556],[-147.8664,60.670665],[-147.87268,60.669189],[-147.883986,60.671527],[-147.888759,60.678048],[-147.913128,60.675464],[-147.914887,60.683707],[-147.922172,60.68383],[-147.929458,60.67977],[-147.925187,60.672019],[-147.930212,60.670788],[-147.928453,60.659834],[-147.935236,60.655525],[-147.971413,60.673126],[-147.973926,60.685921],[-148.001058,60.686413],[-148.002817,60.690595],[-147.995531,60.699817],[-148.002063,60.703751],[-147.99729,60.711003],[-148.021408,60.724029]]],[[[-148.046097,60.161176],[-148.026251,60.183283],[-148.001057,60.174064],[-148.004503,60.165906],[-148.029341,60.14781],[-148.044077,60.150235],[-148.046097,60.161176]]],[[[-148.057506,59.949581],[-148.033738,59.967072],[-148.028984,59.977301],[-148.01615,59.979679],[-148.007355,59.990023],[-147.987866,59.99347],[-147.985964,60.004879],[-147.96077,60.017116],[-147.941756,60.020323],[-147.933437,60.040744],[-147.913947,60.047628],[-147.88091,60.069337],[-147.851438,60.07906],[-147.84193,60.066372],[-147.825293,60.068744],[-147.815548,60.05973],[-147.822441,60.046085],[-147.859281,60.014503],[-147.866649,59.994897],[-147.899924,59.975517],[-148.031599,59.937915],[-148.057506,59.949581]]],[[[-148.085958,59.926603],[-148.079794,59.92793],[-148.07569,59.925353],[-148.08342,59.922859],[-148.085958,59.926603]]],[[[-148.155334,60.312813],[-148.148441,60.328583],[-148.121108,60.332818],[-148.110888,60.341287],[-148.0933,60.342228],[-148.090923,60.349754],[-148.099242,60.351165],[-148.099717,60.354927],[-148.090923,60.362568],[-148.075711,60.363626],[-148.055271,60.376551],[-148.024135,60.372674],[-148.006071,60.387006],[-148.001793,60.386536],[-148.002981,60.379371],[-147.992048,60.378549],[-147.987532,60.370794],[-147.991335,60.348931],[-148.004883,60.338229],[-148.017242,60.314578],[-148.018193,60.292677],[-148.025798,60.276301],[-148.03174,60.281368],[-148.053607,60.273708],[-148.118018,60.276065],[-148.127763,60.280307],[-148.120633,60.29091],[-148.124673,60.293973],[-148.139885,60.290321],[-148.151056,60.294208],[-148.155334,60.312813]]],[[[-148.153053,59.997868],[-148.130711,60.001314],[-148.138555,60.011057],[-148.157807,60.010939],[-148.121442,60.025429],[-148.127146,60.026854],[-148.119303,60.050594],[-148.107656,60.049052],[-148.107181,60.056171],[-148.096961,60.064356],[-148.100526,60.067795],[-148.077233,60.091624],[-148.044196,60.100512],[-148.039918,60.103236],[-148.040868,60.110818],[-148.027083,60.114015],[-148.018051,60.122896],[-148.019239,60.115318],[-148.010683,60.100748],[-148.001651,60.09909],[-148.002126,60.111291],[-147.99357,60.120055],[-147.999274,60.129289],[-147.979785,60.144319],[-147.982399,60.14917],[-147.975744,60.15402],[-147.976932,60.160644],[-147.959819,60.146449],[-147.962909,60.125975],[-147.956017,60.123488],[-147.940092,60.131183],[-147.923217,60.123607],[-147.91466,60.13213],[-147.890655,60.116029],[-147.889704,60.103473],[-147.895408,60.099327],[-147.935338,60.08558],[-147.939854,60.079297],[-147.981686,60.062458],[-147.988816,60.046441],[-148.029935,60.044542],[-148.046097,60.030535],[-148.065825,60.030298],[-148.121204,59.985624],[-148.136415,59.986219],[-148.158044,59.996442],[-148.153053,59.997868]]],[[[-148.158352,60.627407],[-148.142272,60.630501],[-148.138408,60.629591],[-148.139346,60.622959],[-148.154072,60.618466],[-148.157731,60.618744],[-148.158352,60.627407]]],[[[-148.194127,60.268471],[-148.18815,60.269173],[-148.186935,60.266721],[-148.19199,60.26607],[-148.194127,60.268471]]],[[[-148.250264,59.93851],[-148.201064,59.940296],[-148.177296,59.951247],[-148.216989,59.952318],[-148.219128,59.955769],[-148.183238,59.968024],[-148.18823,59.974447],[-148.220792,59.973495],[-148.216276,59.978371],[-148.181812,59.980155],[-148.164335,59.960003],[-148.15484,59.959775],[-148.146598,59.967266],[-148.164523,59.972085],[-148.157807,59.976832],[-148.146113,59.977495],[-148.139418,59.96831],[-148.11218,59.966935],[-148.090308,59.983969],[-148.09292,59.988121],[-148.083175,59.990499],[-148.064161,60.00583],[-148.054654,60.007018],[-148.011634,60.038608],[-147.994283,60.035877],[-147.994045,60.027804],[-148.012584,60.016522],[-148.033262,59.995491],[-148.033738,59.990023],[-148.104091,59.950652],[-148.162323,59.936248],[-148.202015,59.932914],[-148.22507,59.931485],[-148.228398,59.937081],[-148.249789,59.932914],[-148.250264,59.93851]]],[[[-148.657109931101,60.6657962821788],[-148.603134,60.697557],[-148.571047,60.738535],[-148.540148,60.747479],[-148.525412,60.756073],[-148.523999,60.764155],[-148.505569,60.768542],[-148.48156,60.764896],[-148.471816,60.761994],[-148.472766,60.756131],[-148.449592,60.752473],[-148.44086,60.760344],[-148.445819,60.761728],[-148.440323,60.76745],[-148.395996,60.779287],[-148.362126,60.766347],[-148.376506,60.757582],[-148.364609,60.747184],[-148.362958,60.739058],[-148.373535,60.728717],[-148.400749,60.71814],[-148.40063,60.709303],[-148.390984,60.70173],[-148.4017,60.695172],[-148.393619,60.694648],[-148.389103,60.6879],[-148.383517,60.690751],[-148.387915,60.684293],[-148.381378,60.682373],[-148.398372,60.676553],[-148.395164,60.67213],[-148.408355,60.664154],[-148.449355,60.65175],[-148.450424,60.646857],[-148.422497,60.638176],[-148.431648,60.627802],[-148.425468,60.629201],[-148.429984,60.625238],[-148.430103,60.614976],[-148.422972,60.616551],[-148.410494,60.635729],[-148.389341,60.651109],[-148.351787,60.655943],[-148.352381,60.66264],[-148.361532,60.665377],[-148.361889,60.670907],[-148.351312,60.682256],[-148.349886,60.690518],[-148.336695,60.69523],[-148.319938,60.717035],[-148.299973,60.723138],[-148.298428,60.731564],[-148.283217,60.742659],[-148.285392,60.74836],[-148.269523,60.757389],[-148.229756,60.76414],[-148.22546,60.763271],[-148.228788,60.757873],[-148.155701,60.758976],[-148.146194,60.757292],[-148.141797,60.750093],[-148.112325,60.746783],[-148.103412,60.737083],[-148.099371,60.714884],[-148.111137,60.707094],[-148.097826,60.69808],[-148.098777,60.686271],[-148.087844,60.676902],[-148.094024,60.670674],[-148.089745,60.661184],[-148.107452,60.653031],[-148.108403,60.64744],[-148.13122,60.638176],[-148.156201,60.635574],[-148.163587,60.629714],[-148.180701,60.643942],[-148.184996,60.665652],[-148.204507,60.669688],[-148.230651,60.690845],[-148.229774,60.696802],[-148.245563,60.692112],[-148.245401,60.682222],[-148.232606,60.666993],[-148.205377,60.650414],[-148.201289,60.639946],[-148.211276,60.628709],[-148.196736,60.6219],[-148.190343,60.607564],[-148.251962,60.582772],[-148.266104,60.585282],[-148.284999,60.565315],[-148.296764,60.567592],[-148.299022,60.553106],[-148.312927,60.546036],[-148.316712,60.536039],[-148.326356,60.532769],[-148.320176,60.529378],[-148.32386,60.525051],[-148.332654,60.53119],[-148.354402,60.531775],[-148.373891,60.54405],[-148.382804,60.540368],[-148.408487,60.545825],[-148.418456,60.556553],[-148.426073,60.555497],[-148.440798,60.563446],[-148.425349,60.5753],[-148.438065,60.576818],[-148.449355,60.569052],[-148.483105,60.572205],[-148.525888,60.563855],[-148.546653,60.553041],[-148.558925,60.551763],[-148.561814,60.54594],[-148.634032,60.513471],[-148.637835,60.505632],[-148.649719,60.503291],[-148.65708372304,60.496376835586],[-148.657109931101,60.6657962821788]]],[[[-148.657110669819,60.6932764726646],[-148.649243,60.700116],[-148.653759,60.702442],[-148.650194,60.710234],[-148.629516,60.722092],[-148.621252,60.720797],[-148.624762,60.708838],[-148.657105796572,60.6803018840611],[-148.657110669819,60.6932764726646]]],[[[-148.671356797737,59.9212955263693],[-148.58618,59.938585],[-148.586485,60.061336],[-148.571963,60.061333],[-148.572027,60.126316],[-148.563026,60.126314],[-148.563715,60.415172],[-148.66447,60.415183],[-148.664217,60.45879],[-148.658166,60.462237],[-148.637478,60.460021],[-148.610591,60.48047],[-148.581861,60.49223],[-148.56974,60.505047],[-148.536227,60.510839],[-148.447683,60.545494],[-148.444839,60.537504],[-148.428906,60.531563],[-148.44163,60.523531],[-148.434262,60.521367],[-148.438422,60.516103],[-148.39501,60.520893],[-148.384112,60.519144],[-148.382567,60.51195],[-148.367474,60.511775],[-148.37401,60.506919],[-148.373535,60.501419],[-148.405384,60.498083],[-148.397065,60.491996],[-148.364265,60.490884],[-148.363434,60.495391],[-148.353451,60.495157],[-148.358561,60.50253],[-148.35357,60.504637],[-148.326712,60.498376],[-148.349767,60.484444],[-148.360463,60.483742],[-148.353332,60.480521],[-148.358799,60.4749],[-148.334199,60.473963],[-148.304964,60.484034],[-148.289872,60.481224],[-148.273591,60.489362],[-148.266223,60.487781],[-148.266698,60.469043],[-148.26135,60.461896],[-148.264559,60.452462],[-148.289159,60.433878],[-148.278582,60.431709],[-148.25624,60.44449],[-148.242692,60.44537],[-148.230927,60.469336],[-148.235324,60.470917],[-148.235205,60.485498],[-148.248515,60.492289],[-148.247802,60.505281],[-148.252318,60.507738],[-148.247327,60.518677],[-148.230571,60.520256],[-148.225847,60.528521],[-148.203594,60.54253],[-148.195037,60.557838],[-148.187333,60.55966],[-148.180064,60.514524],[-148.183629,60.50569],[-148.176261,60.498083],[-148.166872,60.501711],[-148.157128,60.498317],[-148.165922,60.517916],[-148.169487,60.541712],[-148.163307,60.563738],[-148.147264,60.582422],[-148.12169,60.579934],[-148.114942,60.585225],[-148.114466,60.593693],[-148.10375,60.597432],[-148.080841,60.594015],[-148.082186,60.584606],[-148.07287,60.580671],[-148.070612,60.561752],[-148.051954,60.570687],[-148.036267,60.560409],[-148.069186,60.544926],[-148.078693,60.545803],[-148.079644,60.536861],[-148.092122,60.52967],[-148.095093,60.521425],[-148.067285,60.532184],[-148.065145,60.527448],[-148.04114,60.544517],[-148.027949,60.546036],[-148.023908,60.539023],[-147.998952,60.534522],[-148.00014,60.527682],[-148.012024,60.527799],[-148.012856,60.517039],[-147.995386,60.51505],[-147.980962,60.519931],[-147.960091,60.50136],[-147.97459,60.490123],[-147.972926,60.482102],[-148.006439,60.469277],[-148.009647,60.46172],[-148.005013,60.457736],[-147.987068,60.460431],[-147.988613,60.453985],[-148.001091,60.448652],[-147.999189,60.442673],[-147.99396,60.448769],[-147.968766,60.449238],[-147.974114,60.456095],[-147.967578,60.465176],[-147.955575,60.462833],[-147.936204,60.437455],[-147.94892,60.433292],[-147.947019,60.430184],[-147.959259,60.418218],[-147.965439,60.415519],[-147.969836,60.420975],[-147.986949,60.416927],[-147.986236,60.410649],[-147.999308,60.410356],[-148.033178,60.391631],[-148.047438,60.391748],[-148.067403,60.383762],[-148.065621,60.390985],[-148.077861,60.390691],[-148.088557,60.375069],[-148.098205,60.371648],[-148.104719,60.377478],[-148.11898,60.378241],[-148.138707,60.39257],[-148.145719,60.392336],[-148.146907,60.388225],[-148.153206,60.390691],[-148.156415,60.387403],[-148.152849,60.382],[-148.13942,60.378476],[-148.138351,60.370369],[-148.12516,60.362965],[-148.12771,60.352613],[-148.171151,60.334392],[-148.192185,60.33651],[-148.196939,60.343978],[-148.219518,60.345272],[-148.222014,60.342096],[-148.211081,60.327392],[-148.216095,60.321331],[-148.207159,60.30391],[-148.209298,60.300319],[-148.22962,60.293429],[-148.250298,60.278644],[-148.289634,60.271691],[-148.297477,60.261671],[-148.327069,60.261553],[-148.325167,60.255481],[-148.308635,60.251132],[-148.315898,60.244984],[-148.340141,60.245574],[-148.344657,60.256896],[-148.339903,60.275757],[-148.345132,60.286479],[-148.357967,60.282827],[-148.374842,60.285065],[-148.407404,60.273164],[-148.414772,60.267506],[-148.397184,60.261376],[-148.37817,60.26114],[-148.364147,60.252532],[-148.357254,60.238495],[-148.339428,60.235428],[-148.386132,60.206625],[-148.45494,60.178447],[-148.438065,60.178033],[-148.405384,60.18666],[-148.368544,60.206152],[-148.362364,60.198239],[-148.350599,60.195404],[-148.334149,60.216643],[-148.330515,60.21613],[-148.333605,60.211526],[-148.322077,60.215776],[-148.289872,60.235015],[-148.275752,60.24927],[-148.215003,60.260551],[-148.183035,60.247461],[-148.190403,60.238908],[-148.20502,60.234779],[-148.257072,60.237139],[-148.260281,60.232124],[-148.246852,60.233304],[-148.24725,60.227834],[-148.260399,60.227875],[-148.295101,60.208573],[-148.288446,60.2032],[-148.283454,60.209282],[-148.258973,60.218432],[-148.226055,60.225161],[-148.220945,60.219613],[-148.215121,60.222387],[-148.20704,60.218964],[-148.209536,60.214536],[-148.201336,60.209754],[-148.187669,60.21371],[-148.187075,60.202373],[-148.195156,60.194104],[-148.200979,60.173955],[-148.217974,60.159884],[-148.214765,60.146399],[-148.202881,60.14705],[-148.183748,60.164792],[-148.183391,60.17094],[-148.169962,60.173482],[-148.180658,60.176378],[-148.162357,60.197944],[-148.163188,60.205326],[-148.147502,60.206743],[-148.155345,60.209282],[-148.154206,60.220275],[-148.149403,60.236195],[-148.141322,60.239557],[-148.124328,60.233422],[-148.122189,60.222269],[-148.092954,60.219967],[-148.086774,60.214182],[-148.100505,60.205602],[-148.107452,60.206271],[-148.105359,60.202161],[-148.120168,60.184297],[-148.132052,60.184474],[-148.122783,60.179865],[-148.129676,60.169522],[-148.12079,60.167309],[-148.138113,60.161599],[-148.128368,60.153261],[-148.113038,60.153557],[-148.121476,60.13717],[-148.117792,60.131074],[-148.105789,60.13859],[-148.105076,60.143619],[-148.099609,60.142436],[-148.101392,60.136578],[-148.088913,60.139714],[-148.090815,60.146577],[-148.085586,60.154385],[-148.092003,60.158583],[-148.086299,60.161777],[-148.089864,60.16627],[-148.08,60.170526],[-148.082377,60.191682],[-148.068354,60.191328],[-148.068286,60.196106],[-148.060035,60.198239],[-148.06158,60.201783],[-148.042804,60.19688],[-148.038882,60.188315],[-148.048355,60.179206],[-148.052396,60.16697],[-148.065349,60.156741],[-148.061665,60.148993],[-148.075332,60.142722],[-148.077946,60.133136],[-148.100407,60.117272],[-148.097436,60.108508],[-148.086081,60.11143],[-148.085314,60.108271],[-148.10825,60.082794],[-148.116332,60.081609],[-148.118057,60.075167],[-148.142714,60.055755],[-148.138436,60.044839],[-148.144259,60.039735],[-148.180862,60.02246],[-148.230299,60.012483],[-148.248481,60.015037],[-148.265713,60.011176],[-148.277478,60.01961],[-148.296255,60.019254],[-148.316121,60.028095],[-148.313962,60.033859],[-148.264168,60.028991],[-148.191795,60.035284],[-148.187754,60.04021],[-148.221029,60.044661],[-148.28651,60.041219],[-148.306,60.052552],[-148.260247,60.065067],[-148.221267,60.060619],[-148.18312,60.070464],[-148.199519,60.073369],[-148.193577,60.076333],[-148.194885,60.080364],[-148.202728,60.082913],[-148.223763,60.076926],[-148.24456,60.086943],[-148.2486,60.082439],[-148.292452,60.088721],[-148.290788,60.111054],[-148.303861,60.118042],[-148.29067,60.134497],[-148.296493,60.137101],[-148.292452,60.14006],[-148.291629,60.156738],[-148.280093,60.16561],[-148.306475,60.159284],[-148.31622,60.166261],[-148.332145,60.161353],[-148.33464,60.166852],[-148.330243,60.175187],[-148.334284,60.176014],[-148.347832,60.166438],[-148.341771,60.161826],[-148.347237,60.150117],[-148.354843,60.156977],[-148.359716,60.15266],[-148.344742,60.139113],[-148.372788,60.128165],[-148.36425,60.118906],[-148.377423,60.116739],[-148.386692,60.108863],[-148.388475,60.101992],[-148.365658,60.086528],[-148.382057,60.080838],[-148.371288,60.077338],[-148.379681,60.062695],[-148.397863,60.05884],[-148.399646,60.053798],[-148.394417,60.050001],[-148.399646,60.045551],[-148.40131,60.030713],[-148.447776,60.027567],[-148.436843,60.020263],[-148.415927,60.016344],[-148.413312,60.009988],[-148.397756,60.009607],[-148.407489,60.00072],[-148.409747,59.990736],[-148.399883,59.981285],[-148.409747,59.970105],[-148.423533,59.964336],[-148.428643,59.948093],[-148.444567,59.942617],[-148.452411,59.951426],[-148.480457,59.958149],[-148.474753,59.973079],[-148.492816,59.979679],[-148.494242,59.992579],[-148.474158,60.003691],[-148.511593,60.002087],[-148.52627,60.015919],[-148.521338,60.02151],[-148.535836,60.022104],[-148.541422,60.030594],[-148.549384,60.0319],[-148.55592,60.027804],[-148.545225,60.011948],[-148.542729,59.985268],[-148.546175,59.969094],[-148.554969,59.964693],[-148.555207,59.955412],[-148.561161,59.949109],[-148.634777,59.915747],[-148.671356797737,59.9212955263693]]],[[[-148.745865,60.819664],[-148.738281,60.819662],[-148.738363,60.848546],[-148.472065,60.84852],[-148.472123,61.166295],[-148.462403,61.166295],[-148.462471,61.426267],[-147.744753,61.426276],[-147.744717,61.339962],[-147.207359,61.339603],[-147.206579,61.297357],[-146.208008,61.297383],[-146.207985,61.210731],[-144.41642,61.210774],[-144.416409,61.124106],[-144.426098,61.124104],[-144.426087,61.037453],[-143.717215,61.037469],[-143.7172,60.86415],[-143.362754,60.86415],[-143.362748,60.777498],[-142.84281,60.777491],[-142.842776,60.608511],[-141.965993,60.608553],[-141.965972,60.521891],[-143.193519,60.521828],[-143.893325,60.024166],[-143.893326,59.9860945666667],[-143.897029,59.985938],[-143.960782,59.997783],[-143.986927,60.01311],[-144.010457,60.017149],[-144.070115,60.020118],[-144.125494,60.01513],[-144.184224,60.022333],[-144.255267,60.0238],[-144.241957,60.033893],[-144.216828,60.040189],[-144.147863,60.042738],[-144.112184,60.036742],[-144.095784,60.040659],[-144.09697,60.044331],[-144.064173,60.039472],[-144.041593,60.043507],[-144.067738,60.06854],[-144.066074,60.071979],[-144.107193,60.089761],[-144.105469,60.095828],[-144.1103,60.098939],[-144.138329,60.098294],[-144.151499,60.106573],[-144.197036,60.11393],[-144.213021,60.126802],[-144.278084,60.135359],[-144.299,60.144589],[-144.285215,60.156656],[-144.31231,60.163515],[-144.283789,60.171792],[-144.225082,60.176402],[-144.233876,60.181012],[-144.305655,60.178766],[-144.371968,60.167535],[-144.431388,60.169309],[-144.477022,60.165289],[-144.529074,60.183494],[-144.546425,60.182903],[-144.562825,60.17321],[-144.577323,60.179948],[-144.590395,60.175929],[-144.622245,60.191765],[-144.712325,60.209719],[-144.805971,60.213498],[-144.925999,60.225893],[-144.927188,60.231086],[-144.898191,60.240643],[-144.845188,60.2489],[-144.805258,60.249726],[-144.731815,60.263994],[-144.781728,60.280494],[-144.815003,60.279316],[-144.881315,60.290626],[-144.89011,60.289919],[-144.889159,60.284264],[-144.911263,60.280376],[-144.951193,60.284736],[-144.957848,60.288152],[-144.966642,60.306289],[-144.950243,60.320885],[-144.950005,60.326063],[-144.90342,60.362401],[-144.901994,60.37098],[-144.882504,60.38543],[-144.885031,60.392746],[-144.878995,60.399191],[-144.807159,60.461919],[-144.843524,60.46274],[-144.887342,60.456048],[-144.912095,60.44214],[-144.910312,60.43399],[-144.920651,60.425604],[-144.958324,60.425193],[-144.973416,60.418095],[-145.015961,60.412815],[-145.053158,60.400373],[-145.082274,60.377707],[-145.107587,60.344561],[-145.111508,60.30414],[-145.125056,60.296662],[-145.139792,60.295602],[-145.155598,60.298429],[-145.153221,60.303375],[-145.168076,60.306789],[-145.200282,60.307378],[-145.222386,60.301962],[-145.302127,60.328563],[-145.312289,60.3372],[-145.341226,60.340091],[-145.336472,60.343502],[-145.341107,60.346795],[-145.364518,60.345972],[-145.388405,60.353673],[-145.446756,60.380996],[-145.459136,60.378955],[-145.505458,60.394268],[-145.50879,60.397907],[-145.502491,60.403542],[-145.506532,60.408061],[-145.494886,60.409705],[-145.49441,60.417508],[-145.543967,60.425545],[-145.534935,60.428302],[-145.560248,60.431234],[-145.605644,60.449232],[-145.666015,60.454976],[-145.689427,60.45146],[-145.693824,60.459312],[-145.732922,60.457027],[-145.755739,60.464644],[-145.777725,60.454976],[-145.87755,60.445188],[-145.928176,60.456265],[-145.938515,60.452339],[-145.9469,60.455395],[-145.963471,60.466928],[-145.93079,60.480984],[-145.914272,60.494683],[-145.900003,60.495493],[-145.900248,60.488361],[-145.892643,60.489239],[-145.846652,60.511067],[-145.795669,60.522706],[-145.792223,60.531009],[-145.783785,60.535744],[-145.756803,60.538381],[-145.77107,60.545096],[-145.744331,60.560695],[-145.742667,60.568871],[-145.713237,60.581392],[-145.699564,60.592596],[-145.694955,60.605821],[-145.682647,60.612269],[-145.673027,60.631177],[-145.623352,60.650929],[-145.619549,60.657452],[-145.62763,60.665953],[-145.647833,60.66834],[-145.674453,60.653142],[-145.766672,60.628729],[-145.850869,60.61179],[-145.902744,60.613571],[-145.886701,60.622201],[-145.859368,60.624707],[-145.812663,60.641084],[-145.838927,60.643764],[-145.838808,60.647434],[-145.898941,60.627505],[-145.880046,60.640093],[-145.890147,60.641317],[-145.874817,60.64924],[-145.902625,60.652094],[-145.868875,60.664731],[-145.854139,60.676664],[-145.863289,60.679865],[-145.837382,60.687313],[-145.84454,60.690169],[-145.873153,60.68516],[-145.898347,60.674219],[-145.900843,60.666652],[-145.883611,60.672008],[-145.899417,60.660247],[-145.926631,60.649531],[-145.931028,60.643065],[-145.926987,60.63817],[-145.938158,60.633509],[-145.937445,60.625174],[-146.010056,60.617536],[-146.011126,60.621909],[-146.003164,60.624999],[-146.010651,60.625873],[-145.996628,60.6338],[-146.00352,60.642336],[-145.982961,60.650143],[-145.983793,60.658122],[-145.963115,60.660684],[-145.970126,60.668427],[-145.978564,60.668835],[-145.937031,60.682822],[-145.94517,60.688796],[-145.911538,60.696647],[-145.929602,60.701186],[-146.015998,60.675296],[-146.021584,60.671687],[-146.0179,60.668893],[-146.026575,60.666041],[-146.122241,60.64356],[-146.148624,60.632081],[-146.190693,60.625086],[-146.200676,60.628642],[-146.254272,60.622346],[-146.25838,60.626288],[-146.270257,60.644928],[-146.270553,60.64991],[-146.264136,60.653346],[-146.240843,60.656083],[-146.231217,60.664236],[-146.217313,60.666041],[-146.213748,60.674307],[-146.17465,60.694905],[-146.157893,60.696649],[-146.151832,60.699907],[-146.154566,60.702814],[-146.139711,60.709966],[-146.10085,60.717931],[-146.102785,60.720275],[-146.087421,60.723103],[-146.08861,60.728101],[-146.057355,60.736932],[-146.063534,60.741695],[-146.087651,60.735164],[-146.073042,60.742566],[-146.07934,60.745006],[-146.073279,60.748606],[-146.063416,60.751161],[-146.022891,60.745761],[-146.038103,60.75569],[-146.061475,60.757205],[-146.043926,60.773973],[-146.044045,60.787258],[-146.050106,60.789346],[-146.061633,60.788418],[-146.071972,60.773451],[-146.103346,60.754471],[-146.12694,60.732905],[-146.137201,60.730406],[-146.133122,60.739049],[-146.119975,60.742977],[-146.139015,60.744548],[-146.160692,60.724724],[-146.170088,60.723998],[-146.170871,60.731817],[-146.177712,60.728694],[-146.202356,60.735584],[-146.200147,60.744449],[-146.177247,60.752448],[-146.176397,60.758899],[-146.22587,60.744948],[-146.232881,60.719558],[-146.255575,60.713508],[-146.297768,60.713687],[-146.316544,60.721883],[-146.309533,60.735538],[-146.314917,60.746409],[-146.301817,60.761094],[-146.279704,60.769098],[-146.274238,60.776874],[-146.293014,60.767706],[-146.319753,60.766777],[-146.331994,60.753948],[-146.329855,60.73792],[-146.344234,60.736177],[-146.360014,60.718529],[-146.389006,60.715667],[-146.401374,60.693487],[-146.468255,60.683104],[-146.494712,60.669458],[-146.504536,60.670874],[-146.496805,60.680541],[-146.527878,60.690116],[-146.584885,60.689727],[-146.585954,60.694439],[-146.596056,60.695137],[-146.604953,60.686675],[-146.622795,60.681407],[-146.651942,60.684546],[-146.665102,60.693508],[-146.664389,60.70136],[-146.655357,60.706768],[-146.69398,60.729321],[-146.700991,60.743438],[-146.673012,60.740913],[-146.657615,60.728914],[-146.62636,60.718744],[-146.623151,60.730541],[-146.628499,60.733737],[-146.633134,60.730018],[-146.634916,60.733795],[-146.626835,60.748839],[-146.613882,60.750987],[-146.605801,60.760857],[-146.597125,60.76045],[-146.57621,60.752671],[-146.585004,60.737571],[-146.575497,60.729902],[-146.573952,60.737745],[-146.564682,60.743438],[-146.535923,60.748606],[-146.513938,60.743205],[-146.527485,60.734492],[-146.521662,60.734027],[-146.500152,60.742566],[-146.516433,60.756329],[-146.547569,60.764223],[-146.551847,60.770201],[-146.522494,60.777222],[-146.510372,60.772638],[-146.505738,60.777222],[-146.502648,60.771478],[-146.458202,60.77171],[-146.444416,60.767822],[-146.442396,60.778208],[-146.43681,60.779949],[-146.33437,60.78778],[-146.278991,60.809812],[-146.193545,60.818505],[-146.25142,60.818273],[-146.253797,60.820359],[-146.241913,60.836694],[-146.255342,60.839415],[-146.245595,60.841888],[-146.172035,60.847926],[-146.162409,60.842716],[-146.105604,60.834551],[-146.091937,60.83652],[-146.112496,60.841616],[-146.116775,60.848332],[-146.141969,60.848795],[-146.147792,60.857072],[-146.170966,60.862859],[-146.173224,60.867835],[-146.196279,60.876164],[-146.21969,60.871306],[-146.210658,60.868644],[-146.211859,60.864668],[-146.247023,60.858576],[-146.248093,60.861759],[-146.230386,60.865],[-146.232762,60.867719],[-146.22278,60.872752],[-146.229316,60.880733],[-146.241319,60.881023],[-146.269603,60.864016],[-146.26782,60.855741],[-146.281843,60.852152],[-146.2904,60.843584],[-146.289568,60.837794],[-146.300858,60.838952],[-146.313692,60.833682],[-146.31151,60.829251],[-146.35386,60.817635],[-146.415419,60.814332],[-146.419816,60.819316],[-146.38357,60.83652],[-146.392008,60.842079],[-146.434196,60.823256],[-146.456062,60.818447],[-146.447268,60.812478],[-146.500984,60.814506],[-146.558502,60.808247],[-146.547094,60.815433],[-146.580131,60.821923],[-146.566702,60.822908],[-146.573239,60.832929],[-146.558146,60.832061],[-146.553868,60.8393],[-146.573952,60.845727],[-146.57621,60.850416],[-146.572407,60.851573],[-146.578111,60.854873],[-146.605444,60.842253],[-146.620418,60.819953],[-146.635035,60.817867],[-146.642047,60.820417],[-146.635035,60.828469],[-146.634085,60.844627],[-146.638363,60.847],[-146.622082,60.850242],[-146.614951,60.859213],[-146.614951,60.867256],[-146.623851,60.869866],[-146.635748,60.887036],[-146.642285,60.886285],[-146.642998,60.876164],[-146.664745,60.869686],[-146.662012,60.861933],[-146.677105,60.860313],[-146.696476,60.873041],[-146.7042,60.873099],[-146.706933,60.875933],[-146.698971,60.87547],[-146.708241,60.88958],[-146.700041,60.88773],[-146.697426,60.892529],[-146.737356,60.909058],[-146.728325,60.912698],[-146.737713,60.926041],[-146.73498,60.930372],[-146.744606,60.932566],[-146.763382,60.948439],[-146.7534,60.962056],[-146.741516,60.960267],[-146.731177,60.955825],[-146.727017,60.941571],[-146.702299,60.930891],[-146.674015,60.932046],[-146.658803,60.941687],[-146.650722,60.93984],[-146.650841,60.929505],[-146.599265,60.922576],[-146.591302,60.928639],[-146.599146,60.93551],[-146.594986,60.936722],[-146.610554,60.947574],[-146.636937,60.953806],[-146.681383,60.946823],[-146.703962,60.955998],[-146.698496,60.95969],[-146.720125,60.96667],[-146.718342,60.971341],[-146.722739,60.973879],[-146.718461,60.98074],[-146.70836,60.97532],[-146.69707,60.980278],[-146.703368,60.985697],[-146.695049,60.989501],[-146.69802,61.001429],[-146.687087,61.008111],[-146.681977,61.020954],[-146.667122,61.035057],[-146.647632,61.023832],[-146.63765,61.032006],[-146.607346,61.01842],[-146.607464,61.025272],[-146.561236,61.019802],[-146.560404,61.024293],[-146.566821,61.026941],[-146.613763,61.036956],[-146.577755,61.032697],[-146.573952,61.037244],[-146.654299,61.049152],[-146.662368,61.063417],[-146.657021,61.067786],[-146.61103,61.085317],[-146.577517,61.083248],[-146.568128,61.077214],[-146.529496,61.083445],[-146.467946,61.077846],[-146.379308,61.089867],[-146.334014,61.083075],[-146.233973,61.086966],[-146.235043,61.09317],[-146.246994,61.099487],[-146.237081,61.107645],[-146.239565,61.109832],[-146.257686,61.109527],[-146.290232,61.127947],[-146.307097,61.123137],[-146.336034,61.127751],[-146.35386,61.122414],[-146.398306,61.124308],[-146.423025,61.135841],[-146.47983,61.131194],[-146.496587,61.124078],[-146.567297,61.122242],[-146.58441,61.115469],[-146.591065,61.116846],[-146.57716,61.120692],[-146.580844,61.123734],[-146.569436,61.133489],[-146.571218,61.136357],[-146.584172,61.137791],[-146.587262,61.143527],[-146.606751,61.142036],[-146.595105,61.137734],[-146.59665,61.133489],[-146.591778,61.131194],[-146.647157,61.107775],[-146.671519,61.088304],[-146.675322,61.083708],[-146.672826,61.078306],[-146.688989,61.067786],[-146.696119,61.055998],[-146.767185,61.043688],[-146.774078,61.045069],[-146.778048,61.052861],[-146.775501,61.06272],[-146.795386,61.068367],[-146.79479,61.060099],[-146.804465,61.051766],[-146.800768,61.045591],[-146.80386,61.040184],[-146.797564,61.037444],[-146.791606,61.044028],[-146.785996,61.041505],[-146.795782,61.030523],[-146.853338,60.995158],[-146.86713,60.970303],[-146.931054,60.941258],[-146.978364,60.929967],[-146.99203,60.937588],[-147.051503,60.944441],[-147.040199,60.950692],[-147.019883,60.948927],[-147.023777,60.958495],[-146.970045,60.97026],[-146.986603,60.982347],[-146.975365,60.985922],[-146.971772,60.99368],[-146.989891,60.996935],[-146.988053,61.005743],[-146.996834,61.005676],[-146.987168,61.008799],[-146.985396,61.014519],[-146.999118,61.021545],[-146.996903,61.032524],[-146.990248,61.036323],[-147.008074,61.050707],[-147.006596,61.059874],[-147.01543,61.065761],[-147.013347,61.072118],[-147.026969,61.077444],[-147.028395,61.083305],[-147.040636,61.091292],[-147.046578,61.09089],[-147.041943,61.101459],[-147.062027,61.118626],[-147.051094,61.12448],[-147.023523,61.128267],[-146.997259,61.145076],[-147.03303,61.153047],[-147.067375,61.151154],[-147.086864,61.155283],[-147.117763,61.144846],[-147.127864,61.132915],[-147.112415,61.127579],[-147.109801,61.116444],[-147.095302,61.112713],[-147.105641,61.09807],[-147.123467,61.096979],[-147.132499,61.089166],[-147.105879,61.077214],[-147.105166,61.069339],[-147.095421,61.061462],[-147.097441,61.052317],[-147.091975,61.049269],[-147.109801,61.036553],[-147.08813,61.04001],[-147.086033,61.034309],[-147.090311,61.031258],[-147.084844,61.02602],[-147.086033,61.017614],[-147.094827,61.008687],[-147.108018,61.006614],[-147.134995,60.980451],[-147.148661,60.976127],[-147.145096,60.971687],[-147.149968,60.96592],[-147.135571,60.946248],[-147.13856,60.94111],[-147.161258,60.939897],[-147.170171,60.932219],[-147.180273,60.931064],[-147.188591,60.936318],[-147.184432,60.940244],[-147.186096,60.945727],[-147.193107,60.947054],[-147.204397,60.940879],[-147.216162,60.947805],[-147.220559,60.951555],[-147.218064,60.958998],[-147.227571,60.961825],[-147.219575,60.969505],[-147.220797,60.983449],[-147.211765,60.99803],[-147.222104,61.008227],[-147.227571,61.00598],[-147.229353,60.990827],[-147.250388,60.982296],[-147.252765,60.976531],[-147.282356,60.97457],[-147.279266,60.965689],[-147.272968,60.963036],[-147.27986,60.960152],[-147.268927,60.950401],[-147.255617,60.947862],[-147.258588,60.939551],[-147.251509,60.930374],[-147.25942,60.924539],[-147.25942,60.917377],[-147.266907,60.928986],[-147.281694,60.916366],[-147.319909,60.930256],[-147.33215,60.929967],[-147.317057,60.916511],[-147.303153,60.914142],[-147.303153,60.906169],[-147.32906,60.907556],[-147.328936,60.896774],[-147.364593,60.88403],[-147.364237,60.877206],[-147.383132,60.871363],[-147.369585,60.88403],[-147.387411,60.889869],[-147.388361,60.893685],[-147.383608,60.894957],[-147.388718,60.899118],[-147.404999,60.901661],[-147.408683,60.893107],[-147.423062,60.891835],[-147.453248,60.894899],[-147.44481,60.912236],[-147.438393,60.912005],[-147.438274,60.915818],[-147.402741,60.922287],[-147.433164,60.924366],[-147.450396,60.9168],[-147.456219,60.921767],[-147.428291,60.942899],[-147.41712,60.944515],[-147.414268,60.950805],[-147.389074,60.963094],[-147.391332,60.96592],[-147.403216,60.968227],[-147.401552,60.973129],[-147.408683,60.970592],[-147.423419,60.955133],[-147.443146,60.949997],[-147.443978,60.94313],[-147.451822,60.94059],[-147.472126,60.956764],[-147.460972,60.961248],[-147.461091,60.974397],[-147.451109,60.986043],[-147.456219,60.990769],[-147.437799,61.001717],[-147.410465,61.001544],[-147.40595,61.006038],[-147.408445,61.011394],[-147.449564,61.006499],[-147.47761,60.984429],[-147.484978,60.964421],[-147.501497,60.951267],[-147.497759,60.946701],[-147.505062,60.944226],[-147.502329,60.93678],[-147.509221,60.92581],[-147.506845,60.920843],[-147.495674,60.917666],[-147.490445,60.910329],[-147.492821,60.907556],[-147.512192,60.911716],[-147.517778,60.893165],[-147.552004,60.90091],[-147.547435,60.914148],[-147.531682,60.924366],[-147.542021,60.928466],[-147.531444,60.9317],[-147.533227,60.941167],[-147.538733,60.941854],[-147.531088,60.953517],[-147.547488,60.9699],[-147.543923,60.974916],[-147.55034,60.979356],[-147.540952,60.982181],[-147.544808,60.985986],[-147.540476,60.995379],[-147.530375,60.990884],[-147.524076,60.996532],[-147.524996,61.007354],[-147.520987,61.012086],[-147.524671,61.016174],[-147.544754,61.01652],[-147.525027,61.02625],[-147.531682,61.031891],[-147.523007,61.035747],[-147.54107,61.039603],[-147.525859,61.049556],[-147.542378,61.050822],[-147.515758,61.063934],[-147.4807,61.069684],[-147.496506,61.070833],[-147.511598,61.078938],[-147.509459,61.095026],[-147.52233,61.099942],[-147.520155,61.112943],[-147.543804,61.135669],[-147.516827,61.143814],[-147.530018,61.152072],[-147.54832,61.149721],[-147.559847,61.145076],[-147.571256,61.130103],[-147.555925,61.116617],[-147.559609,61.10611],[-147.550815,61.099104],[-147.551766,61.092613],[-147.554262,61.082846],[-147.56876,61.073707],[-147.568404,61.063762],[-147.602629,61.029474],[-147.599896,61.023429],[-147.583972,61.019629],[-147.597757,61.011798],[-147.595618,61.000853],[-147.625209,60.964421],[-147.653968,60.957325],[-147.67322,60.958825],[-147.66918,60.94942],[-147.653849,60.948728],[-147.623308,60.956056],[-147.615345,60.961998],[-147.602867,60.953056],[-147.594667,60.954556],[-147.59645,60.945438],[-147.592172,60.942206],[-147.608809,60.922691],[-147.603937,60.918186],[-147.613919,60.918013],[-147.597749,60.913905],[-147.601441,60.903742],[-147.594786,60.901257],[-147.599421,60.894205],[-147.613206,60.890043],[-147.641134,60.893801],[-147.590627,60.882989],[-147.58718,60.873388],[-147.599183,60.870264],[-147.590753,60.86711],[-147.597995,60.864768],[-147.595729,60.856479],[-147.600372,60.850126],[-147.626873,60.843758],[-147.623445,60.849017],[-147.627399,60.848923],[-147.66502,60.838489],[-147.673102,60.842073],[-147.663618,60.853261],[-147.67738,60.855336],[-147.674171,60.862454],[-147.679628,60.86344],[-147.672745,60.864132],[-147.682371,60.871074],[-147.670962,60.877206],[-147.662762,60.874603],[-147.664109,60.883877],[-147.668456,60.884045],[-147.660258,60.892329],[-147.677816,60.890551],[-147.698414,60.87709],[-147.73882,60.889349],[-147.738079,60.893593],[-147.719449,60.897095],[-147.722301,60.902933],[-147.733353,60.903337],[-147.723727,60.915471],[-147.7286,60.918995],[-147.716478,60.933432],[-147.722539,60.936953],[-147.729119,60.933999],[-147.733353,60.939782],[-147.7532,60.932104],[-147.753556,60.917319],[-147.760997,60.912879],[-147.767579,60.917493],[-147.809411,60.916453],[-147.81262,60.913276],[-147.785405,60.91056],[-147.765649,60.902372],[-147.787016,60.872753],[-147.813333,60.868182],[-147.797646,60.85684],[-147.775423,60.85875],[-147.753913,60.846479],[-147.750212,60.852141],[-147.742861,60.842542],[-147.746901,60.83623],[-147.743455,60.834551],[-147.750215,60.829464],[-147.730905,60.827303],[-147.732521,60.815665],[-147.75011,60.812768],[-147.747971,60.821923],[-147.75415,60.827716],[-147.762588,60.826558],[-147.760211,60.820706],[-147.777563,60.80965],[-147.793841,60.812523],[-147.792695,60.819276],[-147.815366,60.819262],[-147.825135,60.813337],[-147.831679,60.81604],[-147.83447,60.822893],[-147.814396,60.829669],[-147.799388,60.843771],[-147.810443,60.849461],[-147.831826,60.8379],[-147.842369,60.838038],[-147.838113,60.832936],[-147.853521,60.822022],[-147.878177,60.827772],[-147.908464,60.849223],[-147.91101,60.859421],[-147.907246,60.870573],[-147.913448,60.872686],[-147.916679,60.887789],[-147.937074,60.888744],[-147.948936,60.895937],[-147.950578,60.888031],[-147.930843,60.875714],[-147.940663,60.871725],[-147.935369,60.867235],[-147.949521,60.848813],[-147.919598,60.831472],[-147.914379,60.824748],[-147.919525,60.811019],[-147.961451,60.802774],[-147.964396,60.806226],[-147.958406,60.80873],[-147.969587,60.811532],[-147.970423,60.82417],[-147.981106,60.825078],[-147.986335,60.822853],[-147.990667,60.791984],[-148.033891,60.78213],[-148.070018,60.788742],[-148.110661,60.786886],[-148.144355,60.797089],[-148.139658,60.807876],[-148.142748,60.814483],[-148.150862,60.815987],[-148.147026,60.828272],[-148.134667,60.834296],[-148.124209,60.847614],[-148.129597,60.861114],[-148.119931,60.874348],[-148.096163,60.891696],[-148.106858,60.900482],[-148.104006,60.911808],[-148.065502,60.930521],[-148.064789,60.936872],[-148.045299,60.95084],[-148.013212,60.963417],[-148.015589,60.971606],[-147.997763,60.97841],[-147.996128,60.98626],[-147.951178,61.011371],[-147.946662,61.015633],[-147.950619,61.029211],[-147.940245,61.043953],[-147.908871,61.066958],[-147.922419,61.072707],[-147.945711,61.067418],[-147.949039,61.071672],[-147.910297,61.087534],[-147.883439,61.108671],[-147.859671,61.119923],[-147.831625,61.144479],[-147.770304,61.176122],[-147.763501,61.185476],[-147.685927,61.201207],[-147.636728,61.218377],[-147.620566,61.228903],[-147.628171,61.233136],[-147.673093,61.222039],[-147.694246,61.225471],[-147.763415,61.205887],[-147.740356,61.225128],[-147.739881,61.232678],[-147.719203,61.241599],[-147.715826,61.249669],[-147.697098,61.263433],[-147.730611,61.27383],[-147.775267,61.243138],[-147.81166,61.226501],[-147.806193,61.221696],[-147.831863,61.19468],[-147.843747,61.193764],[-147.850581,61.184043],[-147.872506,61.17532],[-147.886465,61.159171],[-147.905068,61.151246],[-147.913797,61.140214],[-147.93668,61.132662],[-147.975897,61.108786],[-147.982809,61.097813],[-147.992772,61.095692],[-148.001566,61.08673],[-147.998001,61.081673],[-148.002992,61.07857],[-148.001091,61.054077],[-148.06883,61.010795],[-148.067435,61.004068],[-148.09009,61.00511],[-148.093073,61.019203],[-148.099728,61.02047],[-148.102105,61.034516],[-148.116603,61.037738],[-148.121119,61.043953],[-148.12207,61.068453],[-148.141797,61.078915],[-148.137044,61.082707],[-148.153206,61.099827],[-148.136806,61.113838],[-148.134667,61.120382],[-148.141084,61.126236],[-148.166278,61.113953],[-148.178638,61.115101],[-148.182916,61.09753],[-148.195513,61.084546],[-148.217042,61.084646],[-148.229263,61.089947],[-148.264678,61.083972],[-148.274523,61.077396],[-148.29106,61.081903],[-148.302706,61.07857],[-148.303419,61.074202],[-148.293559,61.066927],[-148.325048,61.066268],[-148.335506,61.057068],[-148.399204,61.057758],[-148.408949,61.051086],[-148.40277,61.046714],[-148.366642,61.042572],[-148.357549,61.035079],[-148.374486,61.023924],[-148.371605,61.018386],[-148.377338,61.011602],[-148.401581,60.996969],[-148.441274,60.983714],[-148.432004,60.971491],[-148.418694,60.970453],[-148.379239,60.983137],[-148.361889,60.993166],[-148.327187,61.026572],[-148.286896,61.046939],[-148.164852,61.070178],[-148.173646,61.058793],[-148.167704,61.056378],[-148.169368,61.04798],[-148.163188,61.044873],[-148.182916,61.009758],[-148.177649,60.999608],[-148.18244,60.989363],[-148.198127,60.983829],[-148.200029,60.974028],[-148.192423,60.969184],[-148.204061,60.966466],[-148.218568,60.951878],[-148.223559,60.954071],[-148.221895,60.959263],[-148.239246,60.958686],[-148.233805,60.941774],[-148.245426,60.936064],[-148.265584,60.936331],[-148.268005,60.943222],[-148.30128,60.955802],[-148.318393,60.953494],[-148.316254,60.947377],[-148.296289,60.940567],[-148.292248,60.920473],[-148.265391,60.91435],[-148.278463,60.89528],[-148.286069,60.894471],[-148.295814,60.879091],[-148.293199,60.876083],[-148.310074,60.866712],[-148.302706,60.863819],[-148.292962,60.868216],[-148.290109,60.863125],[-148.306272,60.834991],[-148.31622,60.831717],[-148.332179,60.840898],[-148.332892,60.845877],[-148.356897,60.852013],[-148.365929,60.850045],[-148.367355,60.856991],[-148.373297,60.858842],[-148.38328,60.858495],[-148.401581,60.845529],[-148.393738,60.838697],[-148.369176,60.83398],[-148.343164,60.822146],[-148.336951,60.815617],[-148.3397,60.806871],[-148.357278,60.802122],[-148.358656,60.806849],[-148.386643,60.803702],[-148.394454,60.813371],[-148.427013,60.828967],[-148.493196,60.828505],[-148.513528,60.835802],[-148.514479,60.825607],[-148.537534,60.820741],[-148.605273,60.825376],[-148.628565,60.811121],[-148.718408,60.786074],[-148.714605,60.775168],[-148.665881,60.777837],[-148.571998,60.806369],[-148.552206,60.805662],[-148.552032,60.798368],[-148.567957,60.78793],[-148.563679,60.78329],[-148.528977,60.799992],[-148.490594,60.807286],[-148.487146,60.80347],[-148.480428,60.807323],[-148.454108,60.804977],[-148.455059,60.795469],[-148.450754,60.790713],[-148.467181,60.78213],[-148.524937,60.783754],[-148.548467,60.778185],[-148.604322,60.759614],[-148.657134948127,60.7248451338516],[-148.657119,60.732976],[-148.745618,60.733007],[-148.745865,60.819664]]]]}},{"type":"Feature","properties":{"GEOID":"02060","NAME":"Bristol Bay","state":"AK","wildfire_risk_score":34.224,"wildfire_eal_total":17520.04,"risk_band":"Moderate","source":"FEMA National Risk Index v1.20 (December 2025)"},"geometry":{"type":"Polygon","coordinates":[[[-157.259987,58.616619],[-157.220175,58.639077],[-157.202349,58.643963],[-157.164796,58.67147],[-157.10799,58.692534],[-157.089927,58.704512],[-157.051779,58.711919],[-157.045362,58.721053],[-157.06402,58.7308],[-157.062594,58.769702],[-157.054869,58.779004],[-157.035379,58.785102],[-156.996756,58.816498],[-156.993548,58.836798],[-156.987487,58.843562],[-156.989151,58.852108],[-157.015771,58.867472],[-157.008041142882,58.885099386311],[-156.316032,58.885114],[-156.316015,58.615944],[-157.259987,58.616619]]]}}]}