{"type":"FeatureCollection","metadata":{"state":"AL","boundary_source":"U.S. Census Bureau 2024 Cartographic Boundary File (counties, 1:500,000)","risk_source":"FEMA National Risk Index v1.20 (December 2025)"},"features":[{"type":"Feature","properties":{"GEOID":"01069","NAME":"Houston","state":"AL","wildfire_risk_score":51.94,"wildfire_eal_total":41391.86,"risk_band":"Moderate","source":"FEMA National Risk Index v1.20 (December 2025)"},"geometry":{"type":"Polygon","coordinates":[[[-85.71209,31.197266],[-85.692311,31.210558],[-85.689092,31.23609],[-85.677885,31.240185],[-85.671138,31.250173],[-85.675113,31.255562],[-85.659985,31.270889],[-85.635307,31.275555],[-85.602956,31.272378],[-85.585534,31.264179],[-85.564996,31.263195],[-85.546113,31.253868],[-85.486189,31.245897],[-85.485442,31.287095],[-85.417065,31.286188],[-85.417434,31.314973],[-85.087651,31.308677],[-85.09316,31.289688],[-85.114601,31.277333],[-85.112352,31.25958],[-85.096763,31.225651],[-85.098704,31.211286],[-85.106963,31.202693],[-85.107516,31.186451],[-85.098507,31.180153],[-85.100207,31.16549],[-85.076628,31.156927],[-85.064028,31.142495],[-85.054677,31.120818],[-85.035615,31.108192],[-85.026068,31.08418],[-85.028573,31.074583],[-85.011392,31.053546],[-85.009409,31.032378],[-84.999626,31.009079],[-85.002499,31.000682],[-85.4882980060804,30.9970829525603],[-85.48576,31.199886],[-85.585733,31.194875],[-85.71209,31.197266]]]}},{"type":"Feature","properties":{"GEOID":"01023","NAME":"Choctaw","state":"AL","wildfire_risk_score":52.449,"wildfire_eal_total":37998.08,"risk_band":"Moderate","source":"FEMA National Risk Index v1.20 (December 2025)"},"geometry":{"type":"Polygon","coordinates":[[[-88.473227,31.893856],[-88.421453,32.30868],[-87.930661,32.310574],[-87.92825,32.287843],[-87.933553,32.282366],[-87.945536,32.284782],[-87.938201,32.293723],[-87.937948,32.303008],[-87.945733,32.305101],[-87.965641,32.297151],[-87.97729,32.30822],[-87.990125,32.294685],[-88.006191,32.29526],[-88.004225,32.283687],[-88.019145,32.28524],[-88.020121,32.271769],[-88.008824,32.259104],[-88.008659,32.249111],[-88.015228,32.238017],[-88.007523,32.219319],[-88.012773,32.203055],[-88.007077,32.185313],[-88.020512,32.146031],[-88.038986,32.142471],[-88.042729,32.12111],[-88.052064,32.103503],[-88.043902,32.083331],[-88.068157,32.062409],[-88.091566,32.071066],[-88.118211,32.053443],[-88.113399,32.041176],[-88.117433,32.01682],[-88.113584,32.00624],[-88.095071,31.993078],[-88.090854,31.996864],[-88.094018,32.005367],[-88.088426,32.006183],[-88.066353,31.983136],[-88.07549,31.977421],[-88.069781,31.959704],[-88.078249,31.953525],[-88.096675,31.965019],[-88.122584,31.947674],[-88.116559,31.938779],[-88.104109,31.941571],[-88.089221,31.921793],[-88.067717,31.936905],[-88.054698,31.925003],[-88.059527,31.920308],[-88.073832,31.923214],[-88.088645,31.910775],[-88.129434,31.904936],[-88.142704,31.862643],[-88.156501,31.855637],[-88.170101,31.827753],[-88.180495,31.820128],[-88.165275,31.788971],[-88.163137,31.773617],[-88.148165,31.756676],[-88.138337,31.751175],[-88.118179,31.761942],[-88.104918,31.760798],[-88.093383,31.737524],[-88.088288,31.699303],[-88.4644269792809,31.6979519029488],[-88.473227,31.893856]]]}},{"type":"Feature","properties":{"GEOID":"01113","NAME":"Russell","state":"AL","wildfire_risk_score":55.662,"wildfire_eal_total":52963.63,"risk_band":"Moderate","source":"FEMA National Risk Index v1.20 (December 2025)"},"geometry":{"type":"Polygon","coordinates":[[[-85.434697,32.317613],[-85.434045,32.40984],[-85.330143,32.410842],[-85.333843,32.468639],[-85.059297,32.472977],[-85.060784,32.509177],[-85.0007888680774,32.5101947811796],[-84.994831,32.486042],[-84.998231,32.469842],[-84.995331,32.453243],[-84.971831,32.442843],[-84.96303,32.424244],[-84.979431,32.412244],[-84.981098,32.402833],[-84.96873,32.391457],[-84.983386,32.391761],[-84.988554,32.384081],[-84.971962,32.377698],[-84.98409,32.373522],[-84.983466,32.363186],[-85.004582,32.345196],[-85.007103,32.328362],[-85.001874,32.322015],[-84.9338,32.29826],[-84.889174,32.259232],[-84.901454,32.257424],[-84.907227,32.24905],[-84.924427,32.249797],[-84.923027,32.244549],[-84.912727,32.24335],[-84.928227,32.219851],[-84.972128,32.218251],[-84.980229,32.207751],[-84.963228,32.20225],[-84.964628,32.195152],[-85.011267,32.180493],[-85.045593,32.143758],[-85.061144,32.134065],[-85.045511,32.086867],[-85.053232,32.080604],[-85.056029,32.063055],[-85.104978,32.062539],[-85.104781,32.069753],[-85.113187,32.069575],[-85.113374,32.062393],[-85.185067,32.061708],[-85.194536,32.069153],[-85.195747,32.081843],[-85.22842,32.10163],[-85.234227,32.119553],[-85.245495,32.119143],[-85.245425,32.123424],[-85.236261,32.123665],[-85.259778,32.13854],[-85.257747,32.148251],[-85.427441,32.146551],[-85.434697,32.317613]]]}},{"type":"Feature","properties":{"GEOID":"01071","NAME":"Jackson","state":"AL","wildfire_risk_score":61.196,"wildfire_eal_total":66720.89,"risk_band":"Moderate","source":"FEMA National Risk Index v1.20 (December 2025)"},"geometry":{"type":"MultiPolygon","coordinates":[[[[-86.154227,34.533779],[-86.149806,34.533633],[-86.149789,34.530153],[-86.154275,34.530055],[-86.154227,34.533779]]],[[[-86.358739,34.665055],[-86.358121,34.735034],[-86.342251,34.74431],[-86.337854,34.763039],[-86.341753,34.780861],[-86.334022,34.787968],[-86.346102,34.804274],[-86.344807,34.812564],[-86.326546,34.831325],[-86.338324,34.835854],[-86.334897,34.847886],[-86.346966,34.857689],[-86.345195,34.867608],[-86.3513,34.873662],[-86.339839,34.885005],[-86.341599,34.894774],[-86.318819,34.902131],[-86.311325,34.912325],[-86.32624,34.937102],[-86.311036,34.934699],[-86.293259,34.945045],[-86.288562,34.939623],[-86.280086,34.939253],[-86.272236,34.924099],[-86.263378,34.922777],[-86.255771,34.929228],[-86.259576,34.94547],[-86.287048,34.957738],[-86.28983,34.968777],[-86.295178,34.96716],[-86.313005,34.97585],[-86.309182,34.980241],[-86.311274,34.991098],[-85.605165,34.984678],[-85.583145,34.860371],[-85.602162,34.851361],[-85.600965,34.846964],[-85.61779,34.834225],[-85.627068,34.831879],[-85.634268,34.798978],[-85.660198,34.754963],[-85.673379,34.744915],[-85.693037,34.74425],[-85.785471,34.624584],[-85.938544,34.525354],[-85.962343,34.499755],[-85.983697,34.491215],[-85.985049,34.486152],[-86.00384,34.480031],[-86.021961,34.481544],[-86.034848,34.473423],[-86.057712,34.475994],[-86.074358,34.466698],[-86.087628,34.466558],[-86.087372,34.480645],[-86.096154,34.488738],[-86.10427,34.50712],[-86.094763,34.51915],[-86.108379,34.519617],[-86.110951,34.529335],[-86.119568,34.524469],[-86.128781,34.533634],[-86.147764,34.520904],[-86.139846,34.533296],[-86.149806,34.533633],[-86.144127,34.534259],[-86.143265,34.541172],[-86.15508,34.550202],[-86.149433,34.549747],[-86.148464,34.599069],[-86.326853,34.599403],[-86.331615,34.605411],[-86.325865,34.609587],[-86.359034,34.63261],[-86.358739,34.665055]]]]}},{"type":"Feature","properties":{"GEOID":"01089","NAME":"Madison","state":"AL","wildfire_risk_score":36.069,"wildfire_eal_total":22634.15,"risk_band":"Low","source":"FEMA National Risk Index v1.20 (December 2025)"},"geometry":{"type":"Polygon","coordinates":[[[-86.789554,34.567991],[-86.7836280170906,34.9919250273269],[-86.311274,34.991098],[-86.309182,34.980241],[-86.313005,34.97585],[-86.295178,34.96716],[-86.28983,34.968777],[-86.287048,34.957738],[-86.259576,34.94547],[-86.255771,34.929228],[-86.26597,34.922421],[-86.272236,34.924099],[-86.280086,34.939253],[-86.288562,34.939623],[-86.293259,34.945045],[-86.311036,34.934699],[-86.32624,34.937102],[-86.311325,34.912325],[-86.318819,34.902131],[-86.341599,34.894774],[-86.339839,34.885005],[-86.3513,34.873662],[-86.345195,34.867608],[-86.346966,34.857689],[-86.334897,34.847886],[-86.338324,34.835854],[-86.326546,34.831325],[-86.344807,34.812564],[-86.346102,34.804274],[-86.334022,34.787968],[-86.341753,34.780861],[-86.337854,34.763039],[-86.342251,34.74431],[-86.358121,34.735034],[-86.359034,34.63261],[-86.325865,34.609587],[-86.331615,34.605411],[-86.326853,34.599403],[-86.303407,34.593333],[-86.306824,34.582184],[-86.299686,34.580105],[-86.331423,34.573261],[-86.328847,34.565242],[-86.306646,34.560738],[-86.312964,34.550501],[-86.311187,34.539277],[-86.324499,34.529144],[-86.334322,34.509593],[-86.355519,34.523484],[-86.36921,34.513745],[-86.390811,34.52007],[-86.389035,34.499707],[-86.412478,34.494089],[-86.423914,34.479581],[-86.453112,34.484089],[-86.468831,34.475652],[-86.499988,34.482292],[-86.531749,34.501275],[-86.55055,34.539387],[-86.553542,34.561659],[-86.580792,34.581931],[-86.614169,34.577227],[-86.646393,34.548921],[-86.667895,34.553521],[-86.674154,34.559589],[-86.677797,34.579473],[-86.702185,34.589004],[-86.720475,34.583567],[-86.761004,34.552453],[-86.790056,34.55079],[-86.789554,34.567991]]]}},{"type":"Feature","properties":{"GEOID":"01121","NAME":"Talladega","state":"AL","wildfire_risk_score":79.135,"wildfire_eal_total":254724.99,"risk_band":"High","source":"FEMA National Risk Index v1.20 (December 2025)"},"geometry":{"type":"Polygon","coordinates":[[[-86.50359,33.175978],[-86.489315,33.200735],[-86.470116,33.195907],[-86.46202,33.200021],[-86.466415,33.226208],[-86.458026,33.241434],[-86.439171,33.240921],[-86.428487,33.250113],[-86.42437,33.260562],[-86.434096,33.275512],[-86.433527,33.282623],[-86.404495,33.27275],[-86.358289,33.294459],[-86.367542,33.318384],[-86.364236,33.327681],[-86.368276,33.340137],[-86.362216,33.346924],[-86.344908,33.348509],[-86.341113,33.354599],[-86.352857,33.372537],[-86.373523,33.383011],[-86.378665,33.390983],[-86.364414,33.406159],[-86.346277,33.410724],[-86.324286,33.443227],[-86.3041,33.458236],[-86.296977,33.480783],[-86.28732,33.487278],[-86.287804,33.499066],[-86.281999,33.509895],[-86.264527,33.513581],[-86.265604,33.496352],[-86.260107,33.490128],[-86.235328,33.494532],[-86.225706,33.521662],[-86.190495,33.543729],[-86.192673,33.55314],[-86.210392,33.561492],[-86.220321,33.589693],[-86.213014,33.594667],[-86.186654,33.591633],[-86.184185,33.597352],[-86.198009,33.604765],[-86.200121,33.611569],[-86.172098,33.61631],[-86.164613,33.634297],[-86.174318,33.662338],[-86.20373,33.67973],[-86.204984,33.689521],[-86.200574,33.69469],[-86.178819,33.698207],[-86.169162,33.676314],[-86.15904,33.671911],[-86.145562,33.679098],[-86.050669,33.67459],[-86.045696,33.662954],[-86.025797,33.646285],[-86.021587,33.601163],[-85.995585,33.600885],[-85.994935,33.586475],[-85.794559,33.585565],[-85.796852,33.541849],[-85.850865,33.498723],[-85.904909,33.498655],[-85.905338,33.45471],[-85.922817,33.454576],[-85.923762,33.396206],[-85.940875,33.396054],[-85.941262,33.381749],[-85.976525,33.38187],[-85.980293,33.29419],[-86.118198,33.29632],[-86.120567,33.194511],[-86.17283,33.195681],[-86.17437,33.104394],[-86.491029,33.102944],[-86.484148,33.113185],[-86.459926,33.125117],[-86.463821,33.133819],[-86.481835,33.145541],[-86.487684,33.16696],[-86.50359,33.175978]]]}},{"type":"Feature","properties":{"GEOID":"01087","NAME":"Macon","state":"AL","wildfire_risk_score":52.831,"wildfire_eal_total":35952.21,"risk_band":"Moderate","source":"FEMA National Risk Index v1.20 (December 2025)"},"geometry":{"type":"Polygon","coordinates":[[[-86.023012,32.419978],[-86.007354,32.428688],[-85.992562,32.430127],[-85.990389,32.434531],[-85.996451,32.445766],[-85.992142,32.452498],[-85.982675,32.439442],[-85.974344,32.446275],[-85.980629,32.450535],[-85.977654,32.453922],[-85.964011,32.449562],[-85.955808,32.440731],[-85.929961,32.454281],[-85.89442,32.447578],[-85.879861,32.449526],[-85.882219,32.454988],[-85.874495,32.472924],[-85.852718,32.477013],[-85.870305,32.481474],[-85.886148,32.493053],[-85.797156,32.494236],[-85.798585,32.581089],[-85.712654,32.581834],[-85.712756,32.595731],[-85.695854,32.595933],[-85.695654,32.582034],[-85.661253,32.582334],[-85.661053,32.567935],[-85.489348,32.496937],[-85.438575,32.49709],[-85.433543,32.234648],[-85.857334,32.232461],[-85.877182,32.248697],[-85.878595,32.265765],[-85.871339,32.27342],[-85.877868,32.291528],[-85.898844,32.305171],[-85.898689,32.274987],[-85.919293,32.274382],[-85.920535,32.280786],[-85.940602,32.287447],[-85.954322,32.302208],[-85.958555,32.323293],[-85.966007,32.324838],[-85.966839,32.331881],[-85.991283,32.336098],[-85.994227,32.360571],[-85.999929,32.362462],[-85.999214,32.367314],[-86.004477,32.368374],[-86.014579,32.38429],[-86.010993,32.40513],[-86.020261,32.410021],[-86.023012,32.419978]]]}},{"type":"Feature","properties":{"GEOID":"01041","NAME":"Crenshaw","state":"AL","wildfire_risk_score":25.159,"wildfire_eal_total":7013.3,"risk_band":"Low","source":"FEMA National Risk Index v1.20 (December 2025)"},"geometry":{"type":"Polygon","coordinates":[[[-86.503948,31.568698],[-86.499246,31.568476],[-86.499533,31.655247],[-86.448635,31.655617],[-86.44625,31.759406],[-86.44235,31.759322],[-86.441942,31.774204],[-86.446287,31.774172],[-86.446411,31.831661],[-86.438341,31.835539],[-86.438363,31.84284],[-86.446619,31.846429],[-86.448198,31.964629],[-86.405005,31.963775],[-86.406047,32.036819],[-86.396357,32.036985],[-86.396505,32.043971],[-86.406162,32.043805],[-86.406276,32.050731],[-86.303616,32.051664],[-86.302217,31.965065],[-86.191379,31.966453],[-86.185796,31.962607],[-86.174969,31.930597],[-86.177815,31.925109],[-86.173091,31.892387],[-86.182307,31.870287],[-86.186224,31.838723],[-86.182949,31.83239],[-86.193604,31.818925],[-86.192933,31.812005],[-86.199408,31.807861],[-86.199378,31.79045],[-86.148339,31.790951],[-86.147114,31.663],[-86.159821,31.660434],[-86.16173,31.641307],[-86.16914,31.63931],[-86.169073,31.633317],[-86.178677,31.628191],[-86.180354,31.622028],[-86.179672,31.616414],[-86.145895,31.617741],[-86.14395,31.537675],[-86.156768,31.537527],[-86.156561,31.530203],[-86.194784,31.529949],[-86.193951,31.440072],[-86.261876,31.441168],[-86.260189,31.455716],[-86.277031,31.455602],[-86.280155,31.52851],[-86.298887,31.528497],[-86.301421,31.52118],[-86.319666,31.511987],[-86.323479,31.501526],[-86.329789,31.501988],[-86.338539,31.48756],[-86.364692,31.487132],[-86.3703,31.473689],[-86.375556,31.474014],[-86.375217,31.468126],[-86.395686,31.450684],[-86.39994,31.527128],[-86.499213,31.525331],[-86.503948,31.568698]]]}},{"type":"Feature","properties":{"GEOID":"01073","NAME":"Jefferson","state":"AL","wildfire_risk_score":79.071,"wildfire_eal_total":330328.57,"risk_band":"High","source":"FEMA National Risk Index v1.20 (December 2025)"},"geometry":{"type":"Polygon","coordinates":[[[-87.3372,33.475396],[-87.327148,33.49308],[-87.314615,33.487247],[-87.303477,33.489945],[-87.297712,33.480209],[-87.287326,33.479801],[-87.287384,33.501187],[-87.268269,33.497143],[-87.261361,33.500683],[-87.261312,33.506513],[-87.2755,33.520826],[-87.270209,33.530322],[-87.251435,33.514015],[-87.241013,33.525303],[-87.237304,33.538328],[-87.213931,33.536382],[-87.200291,33.548879],[-87.187618,33.551488],[-87.185794,33.555882],[-87.196914,33.5624],[-87.204577,33.578835],[-87.196924,33.599339],[-87.179555,33.599275],[-87.17943,33.613794],[-87.144413,33.613406],[-87.144473,33.628198],[-87.092733,33.62785],[-87.0927,33.656873],[-87.057757,33.656363],[-87.057252,33.685473],[-87.039793,33.685356],[-87.040638,33.728969],[-87.031582,33.728979],[-87.031694,33.743651],[-87.023355,33.743576],[-87.023286,33.772727],[-87.005889,33.772572],[-87.005965,33.787237],[-86.970928,33.786462],[-86.97124,33.801211],[-86.953726,33.800782],[-86.953664,33.815297],[-86.936537,33.81531],[-86.883947,33.843237],[-86.759144,33.840617],[-86.64529,33.773012],[-86.647765,33.765896],[-86.638997,33.765825],[-86.639187,33.769384],[-86.632978,33.765716],[-86.542758,33.765173],[-86.542642,33.735636],[-86.53381,33.73546],[-86.533889,33.721284],[-86.525073,33.721236],[-86.525124,33.648708],[-86.533816,33.648891],[-86.533686,33.634382],[-86.542817,33.634374],[-86.542775,33.619843],[-86.551345,33.61997],[-86.551992,33.561023],[-86.543081,33.561171],[-86.543034,33.553964],[-86.516743,33.553379],[-86.517199,33.524136],[-86.54313,33.524583],[-86.543344,33.517288],[-86.560624,33.517512],[-86.56072,33.510632],[-86.569488,33.510599],[-86.569616,33.503352],[-86.57786,33.496122],[-86.587012,33.496073],[-86.587046,33.481572],[-86.59581,33.481482],[-86.595764,33.474325],[-86.604585,33.474179],[-86.604626,33.467127],[-86.674418,33.466521],[-86.67445,33.451738],[-86.692018,33.451962],[-86.692098,33.444619],[-86.700642,33.441115],[-86.700356,33.430632],[-86.717747,33.430779],[-86.717878,33.416309],[-86.752339,33.417209],[-86.752374,33.398997],[-86.761266,33.395211],[-86.761023,33.388321],[-86.778436,33.388589],[-86.778644,33.366878],[-86.804436,33.367502],[-86.80458,33.363374],[-86.813429,33.360526],[-86.830229,33.360766],[-86.830688,33.332015],[-86.882538,33.332961],[-86.882566,33.325648],[-86.891286,33.325792],[-86.891364,33.318658],[-86.899758,33.315067],[-86.900071,33.307763],[-86.917271,33.303792],[-86.926135,33.296529],[-86.926167,33.27816],[-86.947823,33.274445],[-86.94781,33.267115],[-86.969575,33.267474],[-86.969639,33.260162],[-86.982744,33.252994],[-86.982887,33.246007],[-87.065738,33.246907],[-87.065754,33.275937],[-87.087546,33.279666],[-87.087497,33.290675],[-87.126756,33.290844],[-87.127142,33.306013],[-87.162007,33.306587],[-87.162175,33.321012],[-87.179638,33.321112],[-87.180006,33.342979],[-87.197414,33.343093],[-87.197584,33.358134],[-87.214917,33.358317],[-87.214826,33.365799],[-87.231999,33.365851],[-87.232045,33.395137],[-87.249311,33.395583],[-87.248698,33.410432],[-87.253762,33.410308],[-87.253788,33.417813],[-87.266984,33.417946],[-87.266836,33.424702],[-87.284275,33.425708],[-87.284363,33.440578],[-87.314395,33.441719],[-87.314114,33.45573],[-87.335577,33.456251],[-87.335514,33.470429],[-87.341698,33.470501],[-87.3372,33.475396]]]}},{"type":"Feature","properties":{"GEOID":"01043","NAME":"Cullman","state":"AL","wildfire_risk_score":65.076,"wildfire_eal_total":90331.2,"risk_band":"High","source":"FEMA National Risk Index v1.20 (December 2025)"},"geometry":{"type":"Polygon","coordinates":[[[-87.151036,33.993225],[-87.111992,33.992385],[-87.110111,34.313799],[-86.477525,34.302758],[-86.477005,34.289357],[-86.459449,34.289148],[-86.459648,34.27456],[-86.451111,34.274539],[-86.456278,34.263372],[-86.45302,34.259317],[-86.487113,34.26017],[-86.497864,34.24882],[-86.510968,34.254918],[-86.519603,34.251766],[-86.525434,34.238411],[-86.52403,34.226128],[-86.540107,34.22577],[-86.541854,34.217474],[-86.54725,34.216134],[-86.54238,34.211993],[-86.554332,34.205155],[-86.549073,34.200201],[-86.555796,34.189129],[-86.545314,34.186134],[-86.573969,34.165436],[-86.585248,34.145396],[-86.590645,34.145934],[-86.587657,34.13738],[-86.59898,34.133272],[-86.604296,34.125182],[-86.599349,34.120228],[-86.613801,34.113749],[-86.624127,34.122211],[-86.64025,34.112572],[-86.63921,34.106646],[-86.653448,34.107223],[-86.65682,34.091646],[-86.6686,34.08383],[-86.672689,34.088404],[-86.687193,34.079879],[-86.687751,34.091791],[-86.692474,34.092405],[-86.704244,34.081497],[-86.684309,34.054469],[-86.690339,34.053553],[-86.695983,34.061563],[-86.704342,34.058134],[-86.709505,34.047402],[-86.701702,34.035561],[-86.709746,34.029047],[-86.720304,34.032354],[-86.723624,34.017701],[-86.743861,34.008176],[-86.741783,33.998782],[-86.761322,33.995438],[-86.757401,33.990119],[-86.762544,33.984953],[-86.762404,33.976247],[-86.776003,33.972274],[-86.772535,33.965556],[-86.782555,33.969177],[-86.791678,33.963558],[-86.787714,33.957503],[-86.793914,33.952059],[-86.821564,33.957133],[-86.820609,33.941381],[-86.834315,33.949995],[-86.841601,33.949255],[-86.860451,33.934351],[-86.859426,33.929217],[-86.877416,33.936363],[-86.886098,33.933469],[-86.883187,33.924718],[-86.886605,33.91693],[-86.908867,33.912689],[-86.916933,33.91537],[-86.925341,33.908082],[-86.927412,33.897847],[-86.921158,33.894911],[-86.924172,33.876471],[-86.920198,33.873453],[-86.932324,33.867292],[-86.945708,33.867051],[-86.951437,33.871501],[-86.947656,33.861911],[-86.962111,33.867691],[-86.959667,33.857974],[-86.992155,33.859636],[-86.998594,33.869604],[-87.00671,33.866597],[-87.007077,33.888927],[-87.091836,33.890093],[-87.100659,33.898966],[-87.081996,33.906401],[-87.085584,33.919164],[-87.105225,33.93598],[-87.112377,33.959487],[-87.136884,33.966602],[-87.138193,33.977632],[-87.151036,33.993225]]]}},{"type":"Feature","properties":{"GEOID":"01033","NAME":"Colbert","state":"AL","wildfire_risk_score":28.276,"wildfire_eal_total":10288.75,"risk_band":"Low","source":"FEMA National Risk Index v1.20 (December 2025)"},"geometry":{"type":"Polygon","coordinates":[[[-88.139246,34.587795],[-88.097583,34.894675],[-88.079079,34.894421],[-88.058395,34.90435],[-88.040871,34.906613],[-87.973222,34.88255],[-87.952547,34.867949],[-87.939203,34.850379],[-87.927634,34.816658],[-87.917414,34.801483],[-87.840685,34.743779],[-87.806963,34.732061],[-87.761033,34.735303],[-87.733718,34.745229],[-87.707572,34.772919],[-87.613694,34.79903],[-87.591475,34.809253],[-87.580637,34.821802],[-87.54629,34.830431],[-87.518819,34.831824],[-87.508997,34.823122],[-87.484508,34.813709],[-87.42651,34.800022],[-87.426155,34.786411],[-87.433685,34.78087],[-87.434391,34.773614],[-87.416095,34.766999],[-87.417499,34.759361],[-87.427851,34.751907],[-87.422498,34.741],[-87.432117,34.737433],[-87.435638,34.729803],[-87.426175,34.709601],[-87.452772,34.692664],[-87.452745,34.677831],[-87.443121,34.675214],[-87.44849,34.666068],[-87.443404,34.661092],[-87.447698,34.658725],[-87.44577,34.650968],[-87.459921,34.649784],[-87.459496,34.644349],[-87.477224,34.651481],[-87.48371,34.647973],[-87.476822,34.637798],[-87.484656,34.637364],[-87.483577,34.630133],[-87.506615,34.616911],[-87.502717,34.60948],[-87.514525,34.598325],[-87.507123,34.585925],[-87.511328,34.578569],[-87.518558,34.577482],[-87.517815,34.56623],[-87.523211,34.57005],[-87.524406,34.56693],[-87.597932,34.568203],[-88.139988,34.581703],[-88.139246,34.587795]]]}},{"type":"Feature","properties":{"GEOID":"01099","NAME":"Monroe","state":"AL","wildfire_risk_score":42.239,"wildfire_eal_total":19801.4,"risk_band":"Moderate","source":"FEMA National Risk Index v1.20 (December 2025)"},"geometry":{"type":"Polygon","coordinates":[[[-87.784378,31.328914],[-87.765816,31.346791],[-87.763049,31.364234],[-87.752502,31.358513],[-87.750632,31.335415],[-87.73883,31.3331],[-87.72686,31.3382],[-87.721861,31.354674],[-87.725837,31.373741],[-87.706045,31.400957],[-87.688439,31.405877],[-87.665572,31.423166],[-87.64419,31.426354],[-87.62121,31.41002],[-87.609581,31.40782],[-87.597091,31.412932],[-87.573733,31.435088],[-87.562787,31.477686],[-87.604605,31.499999],[-87.621251,31.516854],[-87.599256,31.527441],[-87.565413,31.553573],[-87.566841,31.697115],[-87.516131,31.697824],[-87.518363,31.814386],[-87.500953,31.814018],[-87.50093,31.829251],[-86.906899,31.830628],[-86.905899,31.753035],[-86.933897,31.746158],[-86.948725,31.734883],[-87.00447,31.714859],[-87.024453,31.712553],[-87.0511,31.71834],[-87.060954,31.704848],[-87.05597,31.677432],[-87.062647,31.671287],[-87.078618,31.666081],[-87.089933,31.652585],[-87.135051,31.642417],[-87.143924,31.589485],[-87.154479,31.576428],[-87.159868,31.548623],[-87.167733,31.534801],[-87.165491,31.521168],[-87.197237,31.479626],[-87.205708,31.459395],[-87.229543,31.453701],[-87.268563,31.420679],[-87.274381,31.410943],[-87.296721,31.401278],[-87.318568,31.377853],[-87.332179,31.355251],[-87.34607,31.35049],[-87.360024,31.317496],[-87.397547,31.297619],[-87.420876,31.276319],[-87.427455,31.260386],[-87.489206,31.260076],[-87.507724,31.248731],[-87.525891,31.246674],[-87.539631,31.235127],[-87.559287,31.227291],[-87.586546,31.238953],[-87.640734,31.244333],[-87.660602,31.251907],[-87.676419,31.261992],[-87.690614,31.282916],[-87.702168,31.285642],[-87.714287,31.302117],[-87.765152,31.297346],[-87.780255,31.30775],[-87.784378,31.328914]]]}},{"type":"Feature","properties":{"GEOID":"01131","NAME":"Wilcox","state":"AL","wildfire_risk_score":45.706,"wildfire_eal_total":21270.94,"risk_band":"Moderate","source":"FEMA National Risk Index v1.20 (December 2025)"},"geometry":{"type":"Polygon","coordinates":[[[-87.667945,32.002158],[-87.622756,32.005482],[-87.624005,32.132345],[-87.522125,32.132783],[-87.523405,32.25483],[-87.514066,32.265993],[-87.504247,32.268876],[-87.476495,32.267691],[-87.471262,32.263064],[-87.444429,32.268889],[-87.436797,32.265337],[-87.437525,32.258508],[-87.42275,32.244118],[-87.409079,32.236736],[-87.391934,32.239735],[-87.386681,32.231712],[-87.388599,32.223166],[-87.374521,32.221922],[-87.373516,32.209594],[-87.361974,32.202359],[-87.363507,32.196149],[-87.354024,32.202019],[-87.349441,32.197414],[-87.347583,32.201998],[-87.328662,32.195332],[-87.325214,32.19939],[-87.320578,32.192194],[-87.322975,32.184403],[-87.317505,32.184885],[-87.316858,32.180279],[-87.310607,32.185183],[-87.312466,32.177438],[-87.307428,32.176085],[-87.304303,32.167218],[-87.298646,32.16747],[-87.302149,32.16362],[-87.29253,32.167904],[-87.28404,32.156025],[-87.282588,32.144526],[-87.272219,32.149169],[-87.268637,32.144053],[-87.256574,32.14472],[-87.258341,32.139698],[-87.251999,32.142648],[-87.260662,32.125144],[-87.258434,32.120362],[-87.244928,32.121989],[-87.235592,32.113376],[-87.234028,32.101694],[-87.223273,32.093586],[-87.205039,32.093618],[-87.196048,32.084407],[-87.190314,32.086081],[-87.194679,32.075718],[-87.191578,32.070256],[-87.175585,32.064701],[-87.174191,32.05218],[-87.17786,32.047514],[-86.856576,32.048352],[-86.857583,31.962167],[-86.908939,31.961673],[-86.906899,31.830628],[-87.620112,31.827123],[-87.620951,31.870395],[-87.633032,31.876039],[-87.666836,31.875747],[-87.667945,32.002158]]]}},{"type":"Feature","properties":{"GEOID":"01065","NAME":"Hale","state":"AL","wildfire_risk_score":25.573,"wildfire_eal_total":7142.12,"risk_band":"Low","source":"FEMA National Risk Index v1.20 (December 2025)"},"geometry":{"type":"Polygon","coordinates":[[[-87.870464,32.762442],[-87.864892,32.773696],[-87.852461,32.77247],[-87.839332,32.779766],[-87.831683,32.790711],[-87.819466,32.796722],[-87.819136,32.805827],[-87.813151,32.808416],[-87.817775,32.815762],[-87.815136,32.822729],[-87.820432,32.826863],[-87.817624,32.834915],[-87.832885,32.841757],[-87.830236,32.848197],[-87.820028,32.84977],[-87.831819,32.855261],[-87.832866,32.863132],[-87.820144,32.864938],[-87.821167,32.88145],[-87.810422,32.879258],[-87.818218,32.891748],[-87.806856,32.887096],[-87.805433,32.897129],[-87.782929,32.895375],[-87.778608,32.901911],[-87.769261,32.898457],[-87.759981,32.906711],[-87.775016,32.920015],[-87.775043,32.926876],[-87.765356,32.924384],[-87.758749,32.935174],[-87.752167,32.928371],[-87.75055,32.931406],[-87.757792,32.936099],[-87.741419,32.935864],[-87.732132,32.945573],[-87.733083,32.952447],[-87.74844,32.949844],[-87.738502,32.959558],[-87.747099,32.965576],[-87.75054,32.977584],[-87.735327,32.974573],[-87.727863,32.985813],[-87.709015,32.988144],[-87.706329,32.996305],[-87.715709,33.006824],[-87.421936,33.003379],[-87.421387,32.830829],[-87.472174,32.83062],[-87.473915,32.655867],[-87.525198,32.655713],[-87.524485,32.482028],[-87.728744,32.480918],[-87.728521,32.524532],[-87.812559,32.52456],[-87.798176,32.540534],[-87.79877,32.563468],[-87.789845,32.559733],[-87.787112,32.563747],[-87.787701,32.582289],[-87.781259,32.585379],[-87.771532,32.581266],[-87.770276,32.569559],[-87.765623,32.567926],[-87.755793,32.581806],[-87.736786,32.58919],[-87.75001,32.61394],[-87.784566,32.605049],[-87.798436,32.610447],[-87.813401,32.633875],[-87.810214,32.638137],[-87.773803,32.641705],[-87.753061,32.633583],[-87.743783,32.654352],[-87.75001,32.659414],[-87.765446,32.650229],[-87.787661,32.654162],[-87.793923,32.666128],[-87.785782,32.678877],[-87.795431,32.694255],[-87.796043,32.715632],[-87.807071,32.713775],[-87.814668,32.706629],[-87.824169,32.706758],[-87.83077,32.712856],[-87.826016,32.73104],[-87.808183,32.733142],[-87.804341,32.742928],[-87.807255,32.751306],[-87.823176,32.765895],[-87.83379,32.769669],[-87.834921,32.760095],[-87.860296,32.756722],[-87.870464,32.762442]]]}},{"type":"Feature","properties":{"GEOID":"01091","NAME":"Marengo","state":"AL","wildfire_risk_score":38.836,"wildfire_eal_total":14564.06,"risk_band":"Low","source":"FEMA National Risk Index v1.20 (December 2025)"},"geometry":{"type":"Polygon","coordinates":[[[-88.118211,32.053443],[-88.091566,32.071066],[-88.068157,32.062409],[-88.043902,32.083331],[-88.052064,32.103503],[-88.042729,32.12111],[-88.038986,32.142471],[-88.020512,32.146031],[-88.007077,32.185313],[-88.012773,32.203055],[-88.007523,32.219319],[-88.015228,32.238017],[-88.008659,32.249111],[-88.008824,32.259104],[-88.020121,32.271769],[-88.019145,32.28524],[-88.004225,32.283687],[-88.006191,32.29526],[-87.990125,32.294685],[-87.97729,32.30822],[-87.963545,32.296942],[-87.941694,32.305109],[-87.936877,32.29883],[-87.944645,32.282953],[-87.928705,32.285517],[-87.931799,32.297266],[-87.928689,32.307927],[-87.941974,32.314649],[-87.951892,32.328915],[-87.963906,32.332774],[-87.970943,32.344347],[-87.985183,32.343311],[-88.019476,32.370461],[-88.045615,32.37514],[-88.040329,32.419966],[-88.031623,32.43361],[-87.994566,32.455242],[-87.975056,32.457559],[-87.962519,32.465702],[-87.945065,32.491251],[-87.909077,32.520876],[-87.881397,32.521545],[-87.855631,32.515096],[-87.844575,32.518183],[-87.841507,32.525573],[-87.85342,32.532086],[-87.84326,32.547268],[-87.824977,32.544789],[-87.816633,32.537596],[-87.823911,32.52872],[-87.823383,32.520443],[-87.817851,32.517794],[-87.812559,32.52456],[-87.728521,32.524532],[-87.728744,32.480918],[-87.524485,32.482028],[-87.52429,32.307293],[-87.47308,32.307614],[-87.472206,32.264919],[-87.504247,32.268876],[-87.514066,32.265993],[-87.523405,32.25483],[-87.522125,32.132783],[-87.624005,32.132345],[-87.622756,32.005482],[-87.667945,32.002158],[-87.667769,31.991355],[-88.07349,31.990182],[-88.090543,32.007052],[-88.094018,32.005367],[-88.091331,31.99479],[-88.095071,31.993078],[-88.113584,32.00624],[-88.117433,32.01682],[-88.113399,32.041176],[-88.118211,32.053443]]]}},{"type":"Feature","properties":{"GEOID":"01101","NAME":"Montgomery","state":"AL","wildfire_risk_score":51.622,"wildfire_eal_total":41304.98,"risk_band":"Moderate","source":"FEMA National Risk Index v1.20 (December 2025)"},"geometry":{"type":"Polygon","coordinates":[[[-86.496905,32.343277],[-86.489766,32.350472],[-86.491902,32.364327],[-86.476703,32.364418],[-86.462497,32.378135],[-86.458759,32.405731],[-86.444721,32.399841],[-86.425072,32.402437],[-86.397855,32.412821],[-86.399041,32.426461],[-86.350343,32.433356],[-86.310714,32.41172],[-86.306722,32.419347],[-86.311813,32.430213],[-86.325303,32.442449],[-86.315971,32.449635],[-86.307697,32.468253],[-86.313248,32.488973],[-86.30539,32.488774],[-86.298127,32.476788],[-86.288589,32.472608],[-86.278069,32.486035],[-86.260864,32.487195],[-86.266159,32.493803],[-86.262006,32.50169],[-86.237068,32.49498],[-86.236713,32.485968],[-86.229465,32.489348],[-86.22139,32.479843],[-86.22714,32.477891],[-86.227981,32.470084],[-86.221088,32.468271],[-86.212741,32.474176],[-86.200246,32.450904],[-86.188885,32.456297],[-86.18074,32.447983],[-86.194775,32.440871],[-86.19008,32.432474],[-86.171754,32.440378],[-86.154731,32.434925],[-86.151034,32.424636],[-86.12545,32.434049],[-86.13035,32.42334],[-86.125034,32.41979],[-86.118542,32.424152],[-86.115287,32.415995],[-86.086196,32.421578],[-86.076985,32.411915],[-86.049694,32.406263],[-86.044784,32.406925],[-86.044036,32.415975],[-86.037782,32.421401],[-86.023012,32.419978],[-86.020261,32.410021],[-86.010993,32.40513],[-86.014579,32.38429],[-86.004477,32.368374],[-85.999214,32.367314],[-85.999929,32.362462],[-85.994227,32.360571],[-85.991283,32.336098],[-85.966839,32.331881],[-85.966007,32.324838],[-85.958555,32.323293],[-85.954322,32.302208],[-85.948706,32.295495],[-85.918834,32.277653],[-85.919293,32.274382],[-85.986557,32.272342],[-85.986546,32.250636],[-85.999157,32.250543],[-85.995563,31.967554],[-86.302217,31.965065],[-86.303616,32.051664],[-86.406276,32.050731],[-86.408771,32.244309],[-86.412,32.248316],[-86.418907,32.244787],[-86.422236,32.253717],[-86.448746,32.263595],[-86.455671,32.273476],[-86.48063,32.271458],[-86.478215,32.275325],[-86.48484,32.276394],[-86.480755,32.280813],[-86.489396,32.287458],[-86.484872,32.29054],[-86.48965,32.293353],[-86.488226,32.298623],[-86.484349,32.298772],[-86.491055,32.301622],[-86.482982,32.312658],[-86.488093,32.3188],[-86.480175,32.315105],[-86.48158,32.323341],[-86.474313,32.323141],[-86.478539,32.328297],[-86.474394,32.330877],[-86.486366,32.329498],[-86.478207,32.339246],[-86.487767,32.338592],[-86.488934,32.342352],[-86.493208,32.33715],[-86.498531,32.339747],[-86.496905,32.343277]]]}},{"type":"Feature","properties":{"GEOID":"01095","NAME":"Marshall","state":"AL","wildfire_risk_score":63.168,"wildfire_eal_total":79149.52,"risk_band":"High","source":"FEMA National Risk Index v1.20 (December 2025)"},"geometry":{"type":"Polygon","coordinates":[[[-86.581722,34.312258],[-86.58132,34.371094],[-86.553232,34.543127],[-86.550166,34.545963],[-86.534517,34.504283],[-86.499988,34.482292],[-86.468831,34.475652],[-86.453112,34.484089],[-86.424739,34.479284],[-86.412478,34.494089],[-86.389035,34.499707],[-86.390811,34.52007],[-86.36921,34.513745],[-86.355519,34.523484],[-86.336945,34.509534],[-86.32982,34.513131],[-86.33301,34.517951],[-86.311187,34.539277],[-86.312964,34.550501],[-86.306646,34.560738],[-86.328847,34.565242],[-86.331423,34.573261],[-86.299686,34.580105],[-86.306824,34.582184],[-86.303407,34.593333],[-86.326958,34.599744],[-86.148464,34.599069],[-86.149433,34.549747],[-86.15508,34.550202],[-86.143265,34.541172],[-86.144127,34.534259],[-86.149806,34.533633],[-86.139846,34.533296],[-86.147764,34.520904],[-86.128781,34.533634],[-86.119568,34.524469],[-86.110951,34.529335],[-86.110155,34.5205],[-86.097846,34.521696],[-86.094763,34.51915],[-86.10427,34.50712],[-86.096154,34.488738],[-86.087372,34.480645],[-86.08965,34.468319],[-86.083415,34.464571],[-86.074358,34.466698],[-86.057712,34.475994],[-86.110362,34.427797],[-86.110021,34.403867],[-86.118894,34.403845],[-86.118828,34.392983],[-86.110025,34.392945],[-86.105611,34.186232],[-86.167161,34.187466],[-86.193775,34.181371],[-86.303516,34.099073],[-86.409017,34.205002],[-86.444758,34.250094],[-86.444133,34.259115],[-86.456278,34.263372],[-86.451111,34.274539],[-86.459648,34.27456],[-86.459449,34.289148],[-86.477005,34.289357],[-86.477525,34.302758],[-86.581936,34.304694],[-86.581722,34.312258]],[[-86.149806,34.533633],[-86.154227,34.533779],[-86.154275,34.530055],[-86.149789,34.530153],[-86.149806,34.533633]]]}},{"type":"Feature","properties":{"GEOID":"01003","NAME":"Baldwin","state":"AL","wildfire_risk_score":90.776,"wildfire_eal_total":1500313.98,"risk_band":"High","source":"FEMA National Risk Index v1.20 (December 2025)"},"geometry":{"type":"Polygon","coordinates":[[[-88.02858,30.226763],[-88.011734,30.232448],[-87.966847,30.235618],[-87.948979,30.256564],[-87.936041,30.261469],[-87.893201,30.239237],[-87.860085,30.240289],[-87.817743,30.254292],[-87.78775,30.254244],[-87.768003,30.262455],[-87.747171,30.287768],[-87.772758,30.311701],[-87.809266,30.332702],[-87.82988,30.353809],[-87.837368,30.376334],[-87.865017,30.38345],[-87.906343,30.40938],[-87.921278,30.473848],[-87.936969,30.483105],[-87.911141,30.525848],[-87.901711,30.550879],[-87.904168,30.565985],[-87.914956,30.585893],[-87.91253,30.615795],[-87.921437,30.62689],[-87.919346,30.63606],[-87.925375,30.648894],[-87.936717,30.657432],[-87.955989,30.658862],[-87.985559,30.677509],[-88.0089012750009,30.6834340138575],[-88.00166,30.704619],[-88.01254,30.716887],[-88.014218,30.737935],[-88.026319,30.753358],[-88.020198,30.764588],[-88.022198,30.774487],[-88.014158,30.783283],[-87.992389,30.791256],[-87.98937,30.809739],[-87.944546,30.827046],[-87.950491,30.844994],[-87.980971,30.86187],[-87.986414,30.875174],[-87.976152,30.892754],[-87.958843,30.903992],[-87.952311,30.924882],[-87.923944,30.936305],[-87.92833,30.946261],[-87.940546,30.951901],[-87.945899,30.964143],[-87.965187,30.967784],[-87.956619,30.989778],[-87.958404,31.003124],[-87.964797,31.007776],[-87.953939,31.01248],[-87.95022,31.019576],[-87.95779,31.032827],[-87.941152,31.048161],[-87.941561,31.061342],[-87.948702,31.067859],[-87.963823,31.068287],[-87.976839,31.087468],[-87.946577,31.121685],[-87.939696,31.145805],[-87.943726,31.149685],[-87.966284,31.148261],[-87.974113,31.161146],[-87.941318,31.16305],[-87.946979,31.176104],[-87.946588,31.19293],[-87.914221,31.186735],[-87.906237,31.199162],[-87.899211,31.197352],[-87.889581,31.204349],[-87.876672,31.198387],[-87.874996,31.214741],[-87.869774,31.215765],[-87.859946,31.204633],[-87.849544,31.206105],[-87.863757,31.2311],[-87.85455,31.237233],[-87.841342,31.225411],[-87.83565,31.228639],[-87.844628,31.239335],[-87.837105,31.247254],[-87.843412,31.255986],[-87.852782,31.254141],[-87.851959,31.259109],[-87.835477,31.257778],[-87.824096,31.27926],[-87.799612,31.269543],[-87.783896,31.277767],[-87.808973,31.306638],[-87.807135,31.317735],[-87.798929,31.316212],[-87.792338,31.299884],[-87.77158,31.293719],[-87.760132,31.299566],[-87.750309,31.296927],[-87.744393,31.301694],[-87.717944,31.303307],[-87.705345,31.294488],[-87.702168,31.285642],[-87.690614,31.282916],[-87.676419,31.261992],[-87.660602,31.251907],[-87.640734,31.244333],[-87.61589,31.244458],[-87.615431,30.997361],[-87.598928,30.997457],[-87.589187,30.964464],[-87.616013,30.901453],[-87.622203,30.897508],[-87.620788,30.887494],[-87.629454,30.880115],[-87.634938,30.865886],[-87.615923,30.834693],[-87.605776,30.831304],[-87.600486,30.820627],[-87.581869,30.812403],[-87.545044,30.778666],[-87.54616,30.77202],[-87.536528,30.761383],[-87.532607,30.743489],[-87.511729,30.733535],[-87.502317,30.72159],[-87.481225,30.716508],[-87.466338,30.700835],[-87.451404,30.699806],[-87.406958,30.675165],[-87.396177,30.650454],[-87.395026,30.615281],[-87.406558,30.599928],[-87.418647,30.561837],[-87.426037,30.560073],[-87.43544,30.54914],[-87.446586,30.527068],[-87.447702,30.510458],[-87.431178,30.495795],[-87.435578,30.480496],[-87.425078,30.465596],[-87.399877,30.450997],[-87.370768,30.446865],[-87.366591,30.436648],[-87.403477,30.410198],[-87.429578,30.406498],[-87.440678,30.391498],[-87.438678,30.380798],[-87.451378,30.367199],[-87.450962,30.346262],[-87.459978,30.3363],[-87.49998,30.328957],[-87.504701,30.324039],[-87.50278,30.307301],[-87.483679,30.304801],[-87.450078,30.3111],[-87.452378,30.300201],[-87.51838,30.283901],[-87.518324,30.280435],[-87.659984,30.250594],[-87.80056,30.229365],[-87.962253,30.229522],[-88.021364,30.223334],[-88.02858,30.226763]]]}},{"type":"Feature","properties":{"GEOID":"01005","NAME":"Barbour","state":"AL","wildfire_risk_score":48.855,"wildfire_eal_total":25909.32,"risk_band":"Moderate","source":"FEMA National Risk Index v1.20 (December 2025)"},"geometry":{"type":"Polygon","coordinates":[[[-85.748032,31.619181],[-85.74174,31.619403],[-85.731172,31.62994],[-85.727022,31.64382],[-85.716961,31.655071],[-85.716006,31.687699],[-85.720642,31.693063],[-85.706122,31.707245],[-85.708963,31.711702],[-85.70399,31.736469],[-85.689321,31.752692],[-85.671247,31.76094],[-85.66623,31.772877],[-85.662451,31.784555],[-85.670946,31.795376],[-85.674618,31.819732],[-85.668309,31.834761],[-85.678128,31.856001],[-85.656003,31.88197],[-85.657773,31.888501],[-85.648771,31.902887],[-85.648767,31.911615],[-85.604769,31.960852],[-85.604047,31.970246],[-85.592468,31.98624],[-85.593572,31.9927],[-85.587344,31.997355],[-85.534843,31.995056],[-85.529626,31.999537],[-85.51236,31.999694],[-85.512643,32.014055],[-85.470642,32.014156],[-85.471142,32.022255],[-85.463042,32.022354],[-85.46254,32.014361],[-85.428476,32.014951],[-85.427442,32.13935],[-85.410042,32.139451],[-85.410241,32.146651],[-85.257747,32.148251],[-85.259778,32.13854],[-85.236261,32.123665],[-85.245425,32.123424],[-85.245495,32.119143],[-85.234227,32.119553],[-85.22842,32.10163],[-85.195747,32.081843],[-85.194536,32.069153],[-85.185067,32.061708],[-85.113374,32.062393],[-85.113187,32.069575],[-85.104781,32.069753],[-85.104978,32.062539],[-85.056029,32.063055],[-85.056253,32.028336],[-85.04931,32.022694],[-85.06803,31.993357],[-85.067829,31.967358],[-85.08673,31.959158],[-85.07893,31.940159],[-85.113131,31.911859],[-85.10983,31.90806],[-85.11203,31.89476],[-85.134331,31.89146],[-85.128431,31.87756],[-85.140731,31.857461],[-85.137731,31.845861],[-85.141831,31.839261],[-85.13262,31.826833],[-85.132231,31.795162],[-85.141931,31.781963],[-85.12563,31.764463],[-85.154332,31.773866],[-85.165379,31.760007],[-85.188662,31.746212],[-85.204292,31.742981],[-85.210883,31.725478],[-85.209513,31.710474],[-85.216076,31.702409],[-85.416038,31.706664],[-85.416437,31.619466],[-85.748032,31.619181]]]}},{"type":"Feature","properties":{"GEOID":"01129","NAME":"Washington","state":"AL","wildfire_risk_score":65.84,"wildfire_eal_total":93829.96,"risk_band":"High","source":"FEMA National Risk Index v1.20 (December 2025)"},"geometry":{"type":"Polygon","coordinates":[[[-88.4644269792809,31.6979519029488],[-88.088288,31.699303],[-88.078863,31.662555],[-88.091189,31.657059],[-88.083974,31.63032],[-88.074261,31.616382],[-88.078922,31.601213],[-88.051449,31.583504],[-88.02205,31.581895],[-88.018531,31.571965],[-88.039716,31.574503],[-88.031277,31.560494],[-87.979134,31.537901],[-87.973418,31.531445],[-87.943212,31.527019],[-87.925519,31.50385],[-87.906143,31.491752],[-87.919088,31.467141],[-87.91545,31.449766],[-87.935366,31.441182],[-87.919848,31.435422],[-87.911139,31.424402],[-87.927853,31.406561],[-87.907342,31.406068],[-87.905037,31.39828],[-87.930946,31.395231],[-87.934925,31.384399],[-87.945923,31.377991],[-87.941922,31.374753],[-87.925106,31.379659],[-87.917821,31.375705],[-87.921181,31.387318],[-87.91076,31.390945],[-87.895612,31.381357],[-87.889812,31.385983],[-87.891117,31.39607],[-87.88729,31.392197],[-87.892814,31.372344],[-87.889255,31.360655],[-87.908068,31.323041],[-87.917079,31.326922],[-87.910117,31.334061],[-87.912495,31.338124],[-87.921753,31.339492],[-87.926275,31.310689],[-87.956104,31.316449],[-87.963794,31.313976],[-87.959702,31.303373],[-87.947507,31.296272],[-87.948777,31.288605],[-87.957143,31.282581],[-87.953449,31.269352],[-87.974397,31.270407],[-87.986978,31.257167],[-87.969227,31.25836],[-87.963378,31.250171],[-87.944034,31.244291],[-87.930958,31.227103],[-87.950294,31.204195],[-87.941318,31.16305],[-87.972869,31.162694],[-87.98882,31.173306],[-88.022649,31.144267],[-88.329782,31.143821],[-88.329927,31.114357],[-88.432007,31.114298],[-88.4644269792809,31.6979519029488]]]}},{"type":"Feature","properties":{"GEOID":"01107","NAME":"Pickens","state":"AL","wildfire_risk_score":27.894,"wildfire_eal_total":7876.89,"risk_band":"Low","source":"FEMA National Risk Index v1.20 (December 2025)"},"geometry":{"type":"Polygon","coordinates":[[[-88.340432,32.991199],[-88.274619,33.534008],[-87.946519,33.524065],[-87.840683,33.524839],[-87.839938,33.150084],[-87.851675,33.146759],[-87.85671,33.140158],[-87.864827,33.143431],[-87.884802,33.132047],[-87.902447,33.128135],[-87.906918,33.121101],[-87.912471,33.123621],[-87.923417,33.117049],[-87.927146,33.121104],[-87.932972,33.113475],[-87.94691,33.108137],[-87.957493,33.087218],[-87.967207,33.083437],[-87.969709,33.077572],[-87.980704,33.080982],[-87.989516,33.073143],[-88.011395,33.071289],[-88.030963,33.061697],[-88.027319,33.055946],[-88.032298,33.052877],[-88.039342,33.058973],[-88.031377,33.042544],[-88.041468,33.041172],[-88.046501,33.03698],[-88.043428,33.032626],[-88.057055,33.039707],[-88.064997,33.051344],[-88.077783,33.052695],[-88.079904,33.047815],[-88.074274,33.049259],[-88.073593,33.044517],[-88.084473,33.045181],[-88.080174,33.039661],[-88.083464,33.036385],[-88.091625,33.038857],[-88.107751,33.033628],[-88.116923,33.042285],[-88.131308,33.036398],[-88.140472,33.041097],[-88.143956,33.035899],[-88.147654,33.03842],[-88.150212,33.035328],[-88.142601,33.025841],[-88.163543,33.019136],[-88.171757,33.008668],[-88.171852,32.99586],[-88.340432,32.991199]]]}},{"type":"Feature","properties":{"GEOID":"01049","NAME":"DeKalb","state":"AL","wildfire_risk_score":73.76,"wildfire_eal_total":170342.07,"risk_band":"High","source":"FEMA National Risk Index v1.20 (December 2025)"},"geometry":{"type":"Polygon","coordinates":[[[-86.118894,34.403845],[-86.110021,34.403867],[-86.110362,34.427797],[-86.057712,34.475994],[-86.034848,34.473423],[-86.021961,34.481544],[-86.00384,34.480031],[-85.985049,34.486152],[-85.983697,34.491215],[-85.962343,34.499755],[-85.938544,34.525354],[-85.785471,34.624584],[-85.693037,34.74425],[-85.673379,34.744915],[-85.660198,34.754963],[-85.634268,34.798978],[-85.627068,34.831879],[-85.61779,34.834225],[-85.600965,34.846964],[-85.602162,34.851361],[-85.583145,34.860371],[-85.513709,34.52417],[-85.523931,34.524587],[-85.522954,34.516836],[-85.534819,34.513015],[-85.5444,34.500085],[-85.558203,34.502553],[-85.560386,34.489909],[-85.576787,34.484437],[-85.570952,34.477475],[-85.570535,34.467169],[-85.580325,34.470306],[-85.578222,34.461534],[-85.583917,34.457961],[-85.57949,34.44019],[-85.590544,34.429081],[-85.589437,34.424203],[-85.600683,34.420926],[-85.599189,34.416506],[-85.610735,34.40654],[-85.615507,34.393874],[-85.626821,34.397623],[-85.620337,34.386978],[-85.629927,34.380861],[-85.629183,34.37239],[-85.637612,34.366439],[-85.645481,34.369489],[-85.647307,34.364314],[-85.664154,34.361937],[-85.676447,34.347373],[-85.675283,34.343396],[-85.774165,34.259094],[-85.809045,34.258921],[-85.808417,34.239377],[-85.843801,34.244595],[-85.843617,34.200006],[-86.106086,34.200756],[-86.110025,34.392945],[-86.118828,34.392983],[-86.118894,34.403845]]]}},{"type":"Feature","properties":{"GEOID":"01001","NAME":"Autauga","state":"AL","wildfire_risk_score":45.738,"wildfire_eal_total":36262.24,"risk_band":"Moderate","source":"FEMA National Risk Index v1.20 (December 2025)"},"geometry":{"type":"Polygon","coordinates":[[[-86.921196,32.657542],[-86.91461,32.664355],[-86.71339,32.661732],[-86.714219,32.705694],[-86.413116,32.707386],[-86.411172,32.409937],[-86.440876,32.400016],[-86.46056,32.404701],[-86.462497,32.378135],[-86.476703,32.364418],[-86.491902,32.364327],[-86.490865,32.346772],[-86.532531,32.338775],[-86.539251,32.3452],[-86.542537,32.363517],[-86.547899,32.369242],[-86.579213,32.37586],[-86.595335,32.361345],[-86.614841,32.374266],[-86.613738,32.399689],[-86.619812,32.406474],[-86.651507,32.399317],[-86.655597,32.376147],[-86.683537,32.353395],[-86.714118,32.362887],[-86.719893,32.376699],[-86.717193,32.400367],[-86.720954,32.404812],[-86.749981,32.389105],[-86.778365,32.394601],[-86.782141,32.390473],[-86.782218,32.370288],[-86.773163,32.340728],[-86.798268,32.308632],[-86.816107,32.30997],[-86.820273,32.315007],[-86.820921,32.33324],[-86.809259,32.345501],[-86.807378,32.354356],[-86.815399,32.370821],[-86.827244,32.378816],[-86.843758,32.400416],[-86.846149,32.409725],[-86.843781,32.417067],[-86.824394,32.424725],[-86.849898,32.438325],[-86.866016,32.437548],[-86.85995,32.450628],[-86.862426,32.456451],[-86.869776,32.458899],[-86.869054,32.467962],[-86.88497,32.481907],[-86.878989,32.486897],[-86.884007,32.490722],[-86.882349,32.495915],[-86.890668,32.503461],[-86.890829,32.513742],[-86.903818,32.530473],[-86.90233,32.536409],[-86.906742,32.536977],[-86.903096,32.540626],[-86.906518,32.54317],[-86.904782,32.553579],[-86.899601,32.556989],[-86.898707,32.577446],[-86.905241,32.588226],[-86.906389,32.607367],[-86.912122,32.611285],[-86.910859,32.629088],[-86.918817,32.644278],[-86.913146,32.647775],[-86.921196,32.657542]]]}},{"type":"Feature","properties":{"GEOID":"01025","NAME":"Clarke","state":"AL","wildfire_risk_score":43.925,"wildfire_eal_total":24894.02,"risk_band":"Moderate","source":"FEMA National Risk Index v1.20 (December 2025)"},"geometry":{"type":"Polygon","coordinates":[[[-88.180495,31.820128],[-88.170101,31.827753],[-88.156501,31.855637],[-88.142704,31.862643],[-88.129434,31.904936],[-88.088645,31.910775],[-88.073832,31.923214],[-88.059527,31.920308],[-88.055248,31.923478],[-88.067717,31.936905],[-88.089221,31.921793],[-88.104109,31.941571],[-88.116559,31.938779],[-88.122584,31.947674],[-88.096675,31.965019],[-88.079315,31.95325],[-88.070763,31.958645],[-88.075931,31.97546],[-88.066353,31.983136],[-88.07349,31.990182],[-87.667769,31.991355],[-87.666836,31.875747],[-87.633032,31.876039],[-87.620951,31.870395],[-87.620112,31.827123],[-87.50093,31.829251],[-87.500953,31.814018],[-87.518363,31.814386],[-87.516131,31.697824],[-87.566841,31.697115],[-87.565413,31.553573],[-87.599256,31.527441],[-87.621251,31.516854],[-87.604605,31.499999],[-87.562787,31.477686],[-87.573733,31.435088],[-87.607946,31.408057],[-87.62121,31.41002],[-87.646584,31.426521],[-87.665572,31.423166],[-87.688439,31.405877],[-87.704012,31.40247],[-87.725837,31.373741],[-87.722758,31.343621],[-87.736019,31.33393],[-87.752631,31.337389],[-87.752502,31.358513],[-87.763049,31.364234],[-87.765816,31.346791],[-87.781681,31.33333],[-87.784796,31.324672],[-87.780255,31.30775],[-87.765703,31.295266],[-87.788489,31.297409],[-87.79744,31.305314],[-87.798929,31.316212],[-87.807135,31.317735],[-87.808973,31.306638],[-87.783896,31.277767],[-87.799612,31.269543],[-87.824096,31.27926],[-87.835477,31.257778],[-87.851959,31.259109],[-87.852782,31.254141],[-87.843412,31.255986],[-87.837105,31.247254],[-87.844628,31.239335],[-87.83565,31.228639],[-87.841342,31.225411],[-87.85455,31.237233],[-87.863757,31.2311],[-87.849544,31.206105],[-87.859946,31.204633],[-87.869774,31.215765],[-87.874996,31.214741],[-87.876672,31.198387],[-87.889581,31.204349],[-87.899211,31.197352],[-87.906237,31.199162],[-87.914221,31.186735],[-87.946588,31.19293],[-87.950294,31.204195],[-87.930958,31.227103],[-87.944034,31.244291],[-87.963378,31.250171],[-87.969227,31.25836],[-87.986978,31.257167],[-87.974397,31.270407],[-87.953449,31.269352],[-87.957143,31.282581],[-87.948777,31.288605],[-87.947507,31.296272],[-87.959702,31.303373],[-87.963794,31.313976],[-87.956104,31.316449],[-87.926275,31.310689],[-87.921753,31.339492],[-87.912495,31.338124],[-87.910117,31.334061],[-87.917079,31.326922],[-87.908068,31.323041],[-87.889255,31.360655],[-87.892814,31.372344],[-87.88729,31.392197],[-87.891117,31.39607],[-87.889812,31.385983],[-87.895612,31.381357],[-87.91076,31.390945],[-87.921181,31.387318],[-87.917821,31.375705],[-87.925106,31.379659],[-87.941922,31.374753],[-87.945923,31.377991],[-87.934925,31.384399],[-87.930946,31.395231],[-87.905037,31.39828],[-87.907342,31.406068],[-87.927853,31.406561],[-87.911139,31.424402],[-87.919848,31.435422],[-87.935366,31.441182],[-87.91545,31.449766],[-87.919088,31.467141],[-87.906143,31.491752],[-87.925519,31.50385],[-87.943212,31.527019],[-87.973418,31.531445],[-87.979134,31.537901],[-88.031277,31.560494],[-88.039716,31.574503],[-88.018531,31.571965],[-88.02205,31.581895],[-88.051449,31.583504],[-88.078922,31.601213],[-88.074261,31.616382],[-88.083974,31.63032],[-88.091189,31.657059],[-88.079488,31.661534],[-88.078747,31.670682],[-88.086946,31.686181],[-88.093383,31.737524],[-88.107335,31.761949],[-88.122025,31.760774],[-88.138337,31.751175],[-88.154262,31.761907],[-88.163137,31.773617],[-88.165275,31.788971],[-88.180495,31.820128]]]}},{"type":"Feature","properties":{"GEOID":"01047","NAME":"Dallas","state":"AL","wildfire_risk_score":42.176,"wildfire_eal_total":18797.15,"risk_band":"Low","source":"FEMA National Risk Index v1.20 (December 2025)"},"geometry":{"type":"Polygon","coordinates":[[[-87.47308,32.307614],[-87.421744,32.308101],[-87.423153,32.482965],[-87.110817,32.489948],[-87.099953,32.506324],[-87.098234,32.518908],[-87.091081,32.524699],[-87.089967,32.534416],[-87.079638,32.539786],[-87.076856,32.554153],[-87.081856,32.560853],[-87.080447,32.572037],[-87.040711,32.59919],[-87.047873,32.620776],[-87.046398,32.633144],[-87.032081,32.664],[-87.030762,32.674554],[-87.035919,32.686498],[-87.033255,32.695844],[-87.017762,32.729532],[-87.01766,32.663269],[-86.917595,32.664169],[-86.921145,32.65623],[-86.913146,32.647775],[-86.918817,32.644278],[-86.910859,32.629088],[-86.912122,32.611285],[-86.906389,32.607367],[-86.905241,32.588226],[-86.898707,32.577446],[-86.899601,32.556989],[-86.904782,32.553579],[-86.906518,32.54317],[-86.903096,32.540626],[-86.906742,32.536977],[-86.90233,32.536409],[-86.903818,32.530473],[-86.890829,32.513742],[-86.890668,32.503461],[-86.882349,32.495915],[-86.884007,32.490722],[-86.878989,32.486897],[-86.88497,32.481907],[-86.869054,32.467962],[-86.869776,32.458899],[-86.85995,32.450628],[-86.866016,32.437548],[-86.849898,32.438325],[-86.824394,32.424725],[-86.843781,32.417067],[-86.845119,32.405184],[-86.827244,32.378816],[-86.815399,32.370821],[-86.806867,32.351781],[-86.814912,32.340803],[-86.850412,32.328947],[-86.850507,32.309857],[-86.8262,32.305619],[-86.858429,32.284038],[-86.864423,32.271821],[-86.834357,32.236699],[-86.819408,32.233663],[-86.810448,32.237589],[-86.810313,32.224747],[-86.908302,32.225028],[-86.906956,32.04797],[-87.17786,32.047514],[-87.174191,32.05218],[-87.175585,32.064701],[-87.191578,32.070256],[-87.194679,32.075718],[-87.188941,32.082161],[-87.190314,32.086081],[-87.196048,32.084407],[-87.205039,32.093618],[-87.223273,32.093586],[-87.234028,32.101694],[-87.235592,32.113376],[-87.244928,32.121989],[-87.258434,32.120362],[-87.260662,32.125144],[-87.251999,32.142648],[-87.258341,32.139698],[-87.256574,32.14472],[-87.268637,32.144053],[-87.272219,32.149169],[-87.282588,32.144526],[-87.28404,32.156025],[-87.29253,32.167904],[-87.302149,32.16362],[-87.298646,32.16747],[-87.304303,32.167218],[-87.307428,32.176085],[-87.312466,32.177438],[-87.310607,32.185183],[-87.316858,32.180279],[-87.317505,32.184885],[-87.322975,32.184403],[-87.320578,32.192194],[-87.325214,32.19939],[-87.328662,32.195332],[-87.347583,32.201998],[-87.349441,32.197414],[-87.354024,32.202019],[-87.363507,32.196149],[-87.361974,32.202359],[-87.373516,32.209594],[-87.374521,32.221922],[-87.388599,32.223166],[-87.386681,32.231712],[-87.391934,32.239735],[-87.409079,32.236736],[-87.42275,32.244118],[-87.437525,32.258508],[-87.436797,32.265337],[-87.444429,32.268889],[-87.471262,32.263064],[-87.47308,32.307614]]]}},{"type":"Feature","properties":{"GEOID":"01035","NAME":"Conecuh","state":"AL","wildfire_risk_score":49.873,"wildfire_eal_total":29052.68,"risk_band":"Moderate","source":"FEMA National Risk Index v1.20 (December 2025)"},"geometry":{"type":"Polygon","coordinates":[[[-87.427204,31.26436],[-87.420876,31.276319],[-87.394454,31.300212],[-87.360024,31.317496],[-87.34607,31.35049],[-87.332179,31.355251],[-87.318568,31.377853],[-87.296721,31.401278],[-87.274381,31.410943],[-87.268563,31.420679],[-87.229543,31.453701],[-87.205708,31.459395],[-87.197237,31.479626],[-87.165491,31.521168],[-87.167733,31.534801],[-87.159868,31.548623],[-87.154479,31.576428],[-87.143924,31.589485],[-87.135051,31.642417],[-87.089933,31.652585],[-87.078618,31.666081],[-87.062647,31.671287],[-87.05597,31.677432],[-87.060954,31.704848],[-87.0511,31.71834],[-87.024453,31.712553],[-86.98932,31.718562],[-86.977916,31.727251],[-86.957051,31.731596],[-86.933897,31.746158],[-86.911502,31.752762],[-86.905899,31.753035],[-86.906461,31.632622],[-86.893745,31.615767],[-86.888106,31.592207],[-86.874565,31.577993],[-86.866254,31.54642],[-86.852528,31.53627],[-86.84351,31.535654],[-86.838022,31.525204],[-86.701554,31.523946],[-86.70122,31.436641],[-86.67167,31.434242],[-86.673009,31.424987],[-86.665366,31.418773],[-86.669054,31.413937],[-86.662082,31.402798],[-86.665825,31.392073],[-86.675414,31.389459],[-86.667459,31.369014],[-86.681241,31.362163],[-86.678704,31.357626],[-86.683534,31.352751],[-86.702791,31.345387],[-86.699084,31.340568],[-86.700282,31.192217],[-86.720419,31.191265],[-86.71665,31.184874],[-86.721007,31.18346],[-86.736549,31.186038],[-86.73261,31.190007],[-86.741399,31.195347],[-86.756671,31.193158],[-86.763512,31.181133],[-86.766996,31.182769],[-86.762899,31.196915],[-86.772519,31.202243],[-86.765327,31.207015],[-86.772592,31.210657],[-86.763573,31.220923],[-86.772592,31.242588],[-86.772263,31.250655],[-86.763961,31.261293],[-87.427455,31.260386],[-87.427204,31.26436]]]}},{"type":"Feature","properties":{"GEOID":"01097","NAME":"Mobile","state":"AL","wildfire_risk_score":93.48,"wildfire_eal_total":2257029.66,"risk_band":"High","source":"FEMA National Risk Index v1.20 (December 2025)"},"geometry":{"type":"MultiPolygon","coordinates":[[[[-88.053375,30.506987],[-88.03867,30.520405],[-88.029165,30.519648],[-88.02433,30.490774],[-88.053375,30.506987]]],[[[-88.225723,30.321556],[-88.220732,30.322114],[-88.219581,30.321414],[-88.225421,30.319893],[-88.225723,30.321556]]],[[[-88.261902,30.335077],[-88.257704,30.340859],[-88.261547,30.346618],[-88.25947,30.366778],[-88.253294,30.334804],[-88.256207,30.325115],[-88.261902,30.335077]]],[[[-88.327302,30.229882],[-88.201468,30.251179],[-88.141143,30.255024],[-88.117738,30.279124],[-88.074854,30.249119],[-88.109382,30.24333],[-88.13776,30.249654],[-88.199799,30.24779],[-88.304773,30.228031],[-88.327302,30.229882]]],[[[-88.432007,31.114298],[-88.329927,31.114357],[-88.329782,31.143821],[-88.022649,31.144267],[-87.98882,31.173306],[-87.973466,31.164293],[-87.974186,31.156806],[-87.966284,31.148261],[-87.940121,31.147237],[-87.946577,31.121685],[-87.976878,31.085339],[-87.963823,31.068287],[-87.948702,31.067859],[-87.941561,31.061342],[-87.941152,31.048161],[-87.95779,31.032827],[-87.95022,31.019576],[-87.953939,31.01248],[-87.964797,31.007776],[-87.958404,31.003124],[-87.956619,30.989778],[-87.964907,30.966817],[-87.945899,30.964143],[-87.940546,30.951901],[-87.92833,30.946261],[-87.923944,30.936305],[-87.952311,30.924882],[-87.958843,30.903992],[-87.976152,30.892754],[-87.986414,30.875174],[-87.980971,30.86187],[-87.950491,30.844994],[-87.944546,30.827046],[-87.987065,30.811445],[-87.991582,30.80636],[-87.992389,30.791256],[-88.014158,30.783283],[-88.022198,30.774487],[-88.020198,30.764588],[-88.026274,30.751477],[-88.014218,30.737935],[-88.014897,30.722989],[-88.000997,30.698289],[-88.0089012750009,30.6834340138575],[-88.020105,30.675666],[-88.023981,30.660006],[-88.038407,30.647898],[-88.044716,30.649917],[-88.061877,30.643586],[-88.054693,30.63376],[-88.060293,30.626562],[-88.053998,30.612491],[-88.064898,30.588292],[-88.085625,30.569915],[-88.082792,30.528713],[-88.090734,30.52357],[-88.103768,30.500903],[-88.096867,30.471053],[-88.106437,30.452738],[-88.107274,30.377246],[-88.139037,30.312793],[-88.146318,30.330989],[-88.191583,30.318684],[-88.195664,30.321242],[-88.193224,30.326038],[-88.198361,30.338819],[-88.188532,30.345053],[-88.187104,30.362699],[-88.209231,30.360017],[-88.224536,30.371307],[-88.288105,30.387328],[-88.29987,30.385585],[-88.303317,30.37318],[-88.311517,30.370206],[-88.315082,30.391633],[-88.338018,30.404753],[-88.343735,30.401988],[-88.357362,30.406623],[-88.364022,30.388006],[-88.374671,30.385608],[-88.395023,30.369425],[-88.432007,31.114298]]]]}},{"type":"Feature","properties":{"GEOID":"01115","NAME":"St. Clair","state":"AL","wildfire_risk_score":71.756,"wildfire_eal_total":209554.32,"risk_band":"High","source":"FEMA National Risk Index v1.20 (December 2025)"},"geometry":{"type":"Polygon","coordinates":[[[-86.577528,33.801977],[-86.521771,33.801901],[-86.512672,33.810567],[-86.505015,33.808643],[-86.445029,33.825851],[-86.430215,33.819508],[-86.396033,33.843811],[-86.391512,33.852725],[-86.366008,33.872868],[-86.342694,33.88647],[-86.339338,33.894843],[-86.348025,33.90139],[-86.346233,33.915573],[-86.324199,33.929538],[-86.322782,33.934249],[-86.327623,33.93726],[-86.318888,33.955308],[-86.290011,33.983719],[-86.274422,33.988628],[-86.267838,33.975309],[-86.251387,33.965708],[-86.230207,33.982787],[-86.198781,33.988841],[-86.189766,33.983454],[-86.192154,33.97308],[-86.168141,33.965181],[-86.166708,33.9282],[-86.146124,33.917084],[-86.142717,33.899391],[-86.134722,33.896537],[-86.129826,33.902465],[-86.110552,33.903428],[-86.111577,33.886519],[-86.10004,33.873137],[-86.100345,33.86315],[-86.070346,33.866233],[-86.056979,33.85778],[-86.05469,33.84584],[-86.066972,33.839198],[-86.056018,33.833289],[-86.051439,33.824134],[-86.064349,33.810408],[-86.064364,33.797775],[-86.048671,33.778699],[-86.043993,33.763595],[-86.060121,33.761116],[-86.081597,33.742973],[-86.099162,33.736438],[-86.116587,33.723802],[-86.121104,33.711198],[-86.137396,33.715351],[-86.145772,33.704259],[-86.144201,33.683144],[-86.151675,33.67293],[-86.169162,33.676314],[-86.171996,33.689639],[-86.180603,33.699006],[-86.203261,33.69183],[-86.20373,33.67973],[-86.172437,33.659831],[-86.164613,33.634297],[-86.172098,33.61631],[-86.200121,33.611569],[-86.198009,33.604765],[-86.184185,33.597352],[-86.186654,33.591633],[-86.213014,33.594667],[-86.220321,33.589693],[-86.210392,33.561492],[-86.192673,33.55314],[-86.190495,33.543729],[-86.225706,33.521662],[-86.235328,33.494532],[-86.260107,33.490128],[-86.265604,33.496352],[-86.264527,33.513581],[-86.280896,33.5108],[-86.286344,33.504489],[-86.28732,33.487278],[-86.296977,33.480783],[-86.3041,33.458236],[-86.324286,33.443227],[-86.346277,33.410724],[-86.364414,33.406159],[-86.378665,33.390983],[-86.378222,33.502411],[-86.481939,33.502544],[-86.481549,33.546073],[-86.516783,33.54602],[-86.516743,33.553379],[-86.543034,33.553964],[-86.543081,33.561171],[-86.551992,33.561023],[-86.551345,33.61997],[-86.542775,33.619843],[-86.542817,33.634374],[-86.533686,33.634382],[-86.533816,33.648891],[-86.525124,33.648708],[-86.525073,33.721236],[-86.533889,33.721284],[-86.53381,33.73546],[-86.542642,33.735636],[-86.542758,33.765173],[-86.577799,33.765316],[-86.577528,33.801977]]]}},{"type":"Feature","properties":{"GEOID":"01055","NAME":"Etowah","state":"AL","wildfire_risk_score":72.678,"wildfire_eal_total":160663.03,"risk_band":"High","source":"FEMA National Risk Index v1.20 (December 2025)"},"geometry":{"type":"Polygon","coordinates":[[[-86.369625,33.941185],[-86.350634,33.955823],[-86.35152,33.960122],[-86.339337,33.971484],[-86.341714,33.977135],[-86.333895,33.981941],[-86.332388,34.04648],[-86.322687,34.072215],[-86.303516,34.099073],[-86.193775,34.181371],[-86.167161,34.187466],[-86.105611,34.186232],[-86.106086,34.200756],[-85.843617,34.200006],[-85.841365,34.110695],[-85.833205,34.109944],[-85.811967,34.125096],[-85.792177,34.126363],[-85.795942,34.097334],[-85.737137,33.989203],[-85.740968,33.935301],[-85.846174,33.95726],[-85.846387,33.95002],[-85.881768,33.950299],[-85.881868,33.943099],[-85.899668,33.942999],[-85.899568,33.906399],[-85.934269,33.906398],[-85.934469,33.920998],[-85.951769,33.920898],[-85.951769,33.913598],[-85.96917,33.914598],[-85.96917,33.892898],[-85.98647,33.893698],[-85.98637,33.879198],[-85.99497,33.879598],[-85.995169,33.864897],[-86.021471,33.866098],[-86.021271,33.851498],[-86.048772,33.852698],[-86.049072,33.841598],[-86.065272,33.842198],[-86.05469,33.84584],[-86.054675,33.850456],[-86.056979,33.85778],[-86.06812,33.865686],[-86.100345,33.86315],[-86.10004,33.873137],[-86.111577,33.886519],[-86.109122,33.902576],[-86.129826,33.902465],[-86.134722,33.896537],[-86.142717,33.899391],[-86.146124,33.917084],[-86.166708,33.9282],[-86.168141,33.965181],[-86.192154,33.97308],[-86.189766,33.983454],[-86.198781,33.988841],[-86.230207,33.982787],[-86.251387,33.965708],[-86.267838,33.975309],[-86.270453,33.984459],[-86.277828,33.989302],[-86.291999,33.982101],[-86.318888,33.955308],[-86.325622,33.940147],[-86.369625,33.941185]]]}},{"type":"Feature","properties":{"GEOID":"01109","NAME":"Pike","state":"AL","wildfire_risk_score":33.874,"wildfire_eal_total":13938.96,"risk_band":"Low","source":"FEMA National Risk Index v1.20 (December 2025)"},"geometry":{"type":"Polygon","coordinates":[[[-86.199408,31.807861],[-86.192933,31.812005],[-86.193604,31.818925],[-86.182949,31.83239],[-86.186224,31.838723],[-86.182307,31.870287],[-86.173091,31.892387],[-86.177815,31.925109],[-86.174969,31.930597],[-86.185796,31.962607],[-86.191379,31.966453],[-85.995563,31.967554],[-85.996853,32.051049],[-85.984054,32.047453],[-85.975912,32.054425],[-85.950253,32.05455],[-85.954553,32.06175],[-85.946298,32.06189],[-85.946278,32.054571],[-85.911755,32.054752],[-85.911458,32.047355],[-85.893652,32.047351],[-85.892651,31.989053],[-85.888996,31.98895],[-85.889029,31.981774],[-85.88425,31.981852],[-85.88435,31.967253],[-85.790048,31.967254],[-85.791047,31.880357],[-85.657668,31.880275],[-85.678128,31.856001],[-85.668309,31.834761],[-85.674618,31.819732],[-85.670946,31.795376],[-85.662451,31.784555],[-85.66623,31.772877],[-85.671247,31.76094],[-85.689321,31.752692],[-85.70399,31.736469],[-85.708963,31.711702],[-85.706122,31.707245],[-85.720642,31.693063],[-85.716006,31.687699],[-85.716961,31.655071],[-85.727022,31.64382],[-85.731172,31.62994],[-85.748251,31.618048],[-86.179672,31.616414],[-86.179873,31.626409],[-86.158882,31.64754],[-86.159821,31.660434],[-86.147114,31.663],[-86.148339,31.790951],[-86.199378,31.79045],[-86.199408,31.807861]]]}},{"type":"Feature","properties":{"GEOID":"01009","NAME":"Blount","state":"AL","wildfire_risk_score":65.045,"wildfire_eal_total":93367.26,"risk_band":"High","source":"FEMA National Risk Index v1.20 (December 2025)"},"geometry":{"type":"Polygon","coordinates":[[[-86.963358,33.858221],[-86.959391,33.85932],[-86.962111,33.867691],[-86.947656,33.861911],[-86.951437,33.871501],[-86.943072,33.866571],[-86.92054,33.872419],[-86.924172,33.876471],[-86.921158,33.894911],[-86.927412,33.897847],[-86.925341,33.908082],[-86.914911,33.91585],[-86.908867,33.912689],[-86.886605,33.91693],[-86.883187,33.924718],[-86.886098,33.933469],[-86.877416,33.936363],[-86.859426,33.929217],[-86.860451,33.934351],[-86.841601,33.949255],[-86.834315,33.949995],[-86.820609,33.941381],[-86.821564,33.957133],[-86.793914,33.952059],[-86.787714,33.957503],[-86.791678,33.963558],[-86.782555,33.969177],[-86.772535,33.965556],[-86.776003,33.972274],[-86.762404,33.976247],[-86.762544,33.984953],[-86.757401,33.990119],[-86.761322,33.995438],[-86.741783,33.998782],[-86.743861,34.008176],[-86.723624,34.017701],[-86.720304,34.032354],[-86.709746,34.029047],[-86.701702,34.035561],[-86.709505,34.047402],[-86.704342,34.058134],[-86.695983,34.061563],[-86.690339,34.053553],[-86.684309,34.054469],[-86.704561,34.08049],[-86.692474,34.092405],[-86.687751,34.091791],[-86.687193,34.079879],[-86.672689,34.088404],[-86.6686,34.08383],[-86.65682,34.091646],[-86.653448,34.107223],[-86.63921,34.106646],[-86.64025,34.112572],[-86.622264,34.122659],[-86.613801,34.113749],[-86.599349,34.120228],[-86.604296,34.125182],[-86.59898,34.133272],[-86.587657,34.13738],[-86.590645,34.145934],[-86.585248,34.145396],[-86.573969,34.165436],[-86.545314,34.186134],[-86.555796,34.189129],[-86.549073,34.200201],[-86.554332,34.205155],[-86.54238,34.211993],[-86.54725,34.216134],[-86.541854,34.217474],[-86.540107,34.22577],[-86.52403,34.226128],[-86.525434,34.238411],[-86.514881,34.25437],[-86.497864,34.24882],[-86.487113,34.26017],[-86.444133,34.259115],[-86.444758,34.250094],[-86.409017,34.205002],[-86.303516,34.099073],[-86.322687,34.072215],[-86.332388,34.04648],[-86.333895,33.981941],[-86.341714,33.977135],[-86.339337,33.971484],[-86.35152,33.960122],[-86.350634,33.955823],[-86.370152,33.93977],[-86.325622,33.940147],[-86.324199,33.929538],[-86.344875,33.917127],[-86.348795,33.909931],[-86.348025,33.90139],[-86.339338,33.894843],[-86.342694,33.88647],[-86.366008,33.872868],[-86.391512,33.852725],[-86.396033,33.843811],[-86.430215,33.819508],[-86.445029,33.825851],[-86.505015,33.808643],[-86.512672,33.810567],[-86.521771,33.801901],[-86.577528,33.801977],[-86.577799,33.765316],[-86.632978,33.765716],[-86.639187,33.769384],[-86.638997,33.765825],[-86.647765,33.765896],[-86.64529,33.773012],[-86.759144,33.840617],[-86.883947,33.843237],[-86.936537,33.81531],[-86.953664,33.815297],[-86.954305,33.844862],[-86.96296,33.844865],[-86.963358,33.858221]]]}},{"type":"Feature","properties":{"GEOID":"01119","NAME":"Sumter","state":"AL","wildfire_risk_score":34.415,"wildfire_eal_total":10589.27,"risk_band":"Low","source":"FEMA National Risk Index v1.20 (December 2025)"},"geometry":{"type":"Polygon","coordinates":[[[-88.4149186209757,32.3645243746791],[-88.340432,32.991199],[-88.171852,32.99586],[-88.168737,32.973287],[-88.158065,32.96091],[-88.166895,32.954031],[-88.185283,32.961878],[-88.187198,32.952047],[-88.172299,32.942892],[-88.173186,32.935209],[-88.17967,32.931331],[-88.198321,32.935578],[-88.207497,32.924064],[-88.204803,32.918028],[-88.189754,32.910731],[-88.179966,32.871675],[-88.154808,32.85582],[-88.167082,32.83762],[-88.178053,32.838135],[-88.181795,32.834079],[-88.178343,32.828535],[-88.161256,32.829921],[-88.152042,32.823855],[-88.135075,32.83377],[-88.103748,32.796911],[-88.074007,32.805184],[-88.064004,32.790674],[-88.077772,32.773322],[-88.100218,32.780161],[-88.109633,32.770989],[-88.101427,32.739261],[-88.08149,32.72056],[-88.087851,32.70738],[-88.116758,32.698528],[-88.110089,32.690762],[-88.093303,32.683799],[-88.07033,32.686546],[-88.052624,32.697327],[-88.040708,32.689584],[-88.057987,32.674384],[-88.05266,32.66077],[-88.056187,32.644083],[-88.079024,32.63859],[-88.079159,32.619684],[-88.053729,32.593052],[-87.980162,32.609693],[-87.928689,32.632284],[-87.916745,32.628546],[-87.904841,32.614576],[-87.880578,32.621595],[-87.85979,32.621223],[-87.840889,32.605763],[-87.855408,32.590097],[-87.863802,32.595703],[-87.862095,32.606484],[-87.875014,32.609727],[-87.896924,32.601354],[-87.898355,32.592321],[-87.875014,32.571824],[-87.873811,32.544286],[-87.86242,32.532739],[-87.844318,32.529108],[-87.842104,32.521597],[-87.855631,32.515096],[-87.881397,32.521545],[-87.909077,32.520876],[-87.945065,32.491251],[-87.962519,32.465702],[-87.975056,32.457559],[-87.994566,32.455242],[-88.031623,32.43361],[-88.038433,32.425044],[-88.045615,32.37514],[-88.019476,32.370461],[-87.985183,32.343311],[-87.970943,32.344347],[-87.963906,32.332774],[-87.951892,32.328915],[-87.941974,32.314649],[-87.930661,32.310574],[-88.421453,32.30868],[-88.4149186209757,32.3645243746791]]]}},{"type":"Feature","properties":{"GEOID":"01051","NAME":"Elmore","state":"AL","wildfire_risk_score":61.864,"wildfire_eal_total":89218.38,"risk_band":"Moderate","source":"FEMA National Risk Index v1.20 (December 2025)"},"geometry":{"type":"Polygon","coordinates":[[[-86.413335,32.750591],[-86.336768,32.753783],[-86.336694,32.76813],[-86.319163,32.767837],[-86.31948,32.753698],[-85.972159,32.75493],[-85.972763,32.769225],[-85.955561,32.769126],[-85.954859,32.754824],[-85.87986,32.754528],[-85.880346,32.739976],[-85.893402,32.727663],[-85.89127,32.714989],[-85.90747,32.699302],[-85.911714,32.67784],[-85.887747,32.64761],[-85.894559,32.614731],[-85.885358,32.543134],[-85.890392,32.500135],[-85.875815,32.484927],[-85.855413,32.480383],[-85.852932,32.475392],[-85.874495,32.472924],[-85.882219,32.454988],[-85.878407,32.451864],[-85.889641,32.447521],[-85.929961,32.454281],[-85.955808,32.440731],[-85.964011,32.449562],[-85.977654,32.453922],[-85.980629,32.450535],[-85.974344,32.446275],[-85.982675,32.439442],[-85.992142,32.452498],[-85.996451,32.445766],[-85.990389,32.434531],[-85.992562,32.430127],[-86.007354,32.428688],[-86.020674,32.419542],[-86.037782,32.421401],[-86.044036,32.415975],[-86.044784,32.406925],[-86.049694,32.406263],[-86.076985,32.411915],[-86.086196,32.421578],[-86.115287,32.415995],[-86.118542,32.424152],[-86.125034,32.41979],[-86.13035,32.42334],[-86.12545,32.434049],[-86.151034,32.424636],[-86.154731,32.434925],[-86.171754,32.440378],[-86.19008,32.432474],[-86.194775,32.440871],[-86.18074,32.447983],[-86.188885,32.456297],[-86.200246,32.450904],[-86.212741,32.474176],[-86.221088,32.468271],[-86.227981,32.470084],[-86.22714,32.477891],[-86.22139,32.479843],[-86.229465,32.489348],[-86.236713,32.485968],[-86.237068,32.49498],[-86.262006,32.50169],[-86.266159,32.493803],[-86.260864,32.487195],[-86.278069,32.486035],[-86.288589,32.472608],[-86.298127,32.476788],[-86.30539,32.488774],[-86.313248,32.488973],[-86.307697,32.468253],[-86.315971,32.449635],[-86.325303,32.442449],[-86.311813,32.430213],[-86.306722,32.419347],[-86.310714,32.41172],[-86.350343,32.433356],[-86.399041,32.426461],[-86.396293,32.414437],[-86.411172,32.409937],[-86.413335,32.750591]]]}},{"type":"Feature","properties":{"GEOID":"01063","NAME":"Greene","state":"AL","wildfire_risk_score":14.154,"wildfire_eal_total":2786.0,"risk_band":"Low","source":"FEMA National Risk Index v1.20 (December 2025)"},"geometry":{"type":"Polygon","coordinates":[[[-88.207497,32.924064],[-88.198321,32.935578],[-88.17967,32.931331],[-88.173186,32.935209],[-88.172299,32.942892],[-88.187198,32.952047],[-88.185283,32.961878],[-88.166895,32.954031],[-88.158065,32.96091],[-88.168737,32.973287],[-88.171757,33.008668],[-88.163543,33.019136],[-88.142601,33.025841],[-88.150212,33.035328],[-88.147654,33.03842],[-88.143956,33.035899],[-88.140472,33.041097],[-88.131308,33.036398],[-88.116923,33.042285],[-88.107751,33.033628],[-88.091625,33.038857],[-88.083464,33.036385],[-88.080174,33.039661],[-88.084473,33.045181],[-88.074953,33.04312],[-88.074274,33.049259],[-88.080231,33.049351],[-88.074873,33.052765],[-88.064997,33.051344],[-88.057055,33.039707],[-88.043428,33.032626],[-88.046501,33.03698],[-88.041468,33.041172],[-88.031377,33.042544],[-88.039342,33.058973],[-88.032298,33.052877],[-88.027319,33.055946],[-88.030963,33.061697],[-88.011395,33.071289],[-87.989516,33.073143],[-87.980704,33.080982],[-87.969709,33.077572],[-87.967207,33.083437],[-87.957493,33.087218],[-87.94691,33.108137],[-87.932972,33.113475],[-87.927146,33.121104],[-87.923417,33.117049],[-87.912471,33.123621],[-87.906918,33.121101],[-87.902447,33.128135],[-87.884802,33.132047],[-87.864827,33.143431],[-87.85671,33.140158],[-87.837521,33.153637],[-87.838985,33.093961],[-87.831459,33.093857],[-87.832233,33.017258],[-87.710995,33.017721],[-87.715709,33.006824],[-87.706329,32.996305],[-87.709015,32.988144],[-87.727863,32.985813],[-87.735327,32.974573],[-87.75054,32.977584],[-87.747099,32.965576],[-87.738502,32.959558],[-87.74844,32.949844],[-87.734796,32.952576],[-87.729941,32.949258],[-87.741419,32.935864],[-87.757792,32.936099],[-87.750338,32.929208],[-87.755284,32.928168],[-87.758749,32.935174],[-87.765356,32.924384],[-87.775043,32.926876],[-87.775016,32.920015],[-87.759981,32.906711],[-87.769261,32.898457],[-87.778608,32.901911],[-87.782929,32.895375],[-87.805433,32.897129],[-87.806856,32.887096],[-87.818218,32.891748],[-87.810422,32.879258],[-87.821167,32.88145],[-87.820144,32.864938],[-87.832866,32.863132],[-87.831819,32.855261],[-87.820028,32.84977],[-87.830236,32.848197],[-87.832885,32.841757],[-87.817624,32.834915],[-87.820432,32.826863],[-87.815136,32.822729],[-87.817775,32.815762],[-87.813151,32.808416],[-87.819136,32.805827],[-87.819466,32.796722],[-87.831683,32.790711],[-87.839332,32.779766],[-87.852461,32.77247],[-87.864892,32.773696],[-87.870464,32.762442],[-87.860296,32.756722],[-87.836018,32.759821],[-87.835204,32.769053],[-87.830205,32.769578],[-87.807255,32.751306],[-87.804071,32.744827],[-87.807411,32.733812],[-87.826016,32.73104],[-87.83077,32.712856],[-87.824169,32.706758],[-87.814668,32.706629],[-87.807071,32.713775],[-87.796043,32.715632],[-87.795431,32.694255],[-87.785782,32.678877],[-87.793923,32.666128],[-87.787661,32.654162],[-87.765446,32.650229],[-87.75001,32.659414],[-87.743158,32.651743],[-87.753061,32.633583],[-87.773803,32.641705],[-87.810214,32.638137],[-87.812742,32.631462],[-87.798436,32.610447],[-87.784566,32.605049],[-87.75001,32.61394],[-87.736786,32.58919],[-87.755793,32.581806],[-87.765623,32.567926],[-87.770276,32.569559],[-87.771532,32.581266],[-87.781259,32.585379],[-87.787701,32.582289],[-87.787112,32.563747],[-87.789845,32.559733],[-87.79877,32.563468],[-87.798176,32.540534],[-87.817851,32.517794],[-87.823383,32.520443],[-87.823911,32.52872],[-87.816633,32.537596],[-87.824977,32.544789],[-87.844555,32.547044],[-87.85342,32.532086],[-87.864425,32.534307],[-87.874454,32.545696],[-87.875014,32.571824],[-87.898355,32.592321],[-87.896924,32.601354],[-87.875014,32.609727],[-87.862095,32.606484],[-87.863802,32.595703],[-87.855408,32.590097],[-87.840889,32.605763],[-87.85979,32.621223],[-87.880578,32.621595],[-87.904841,32.614576],[-87.916745,32.628546],[-87.928689,32.632284],[-87.980162,32.609693],[-88.056838,32.593232],[-88.079159,32.619684],[-88.081143,32.628366],[-88.077628,32.640312],[-88.056187,32.644083],[-88.05266,32.66077],[-88.057987,32.674384],[-88.041442,32.69098],[-88.052624,32.697327],[-88.07033,32.686546],[-88.093303,32.683799],[-88.110089,32.690762],[-88.116758,32.698528],[-88.087851,32.70738],[-88.08149,32.72056],[-88.101427,32.739261],[-88.109633,32.770989],[-88.100218,32.780161],[-88.077772,32.773322],[-88.064473,32.792189],[-88.074007,32.805184],[-88.103748,32.796911],[-88.135075,32.83377],[-88.14457,32.830928],[-88.148012,32.824208],[-88.161256,32.829921],[-88.178343,32.828535],[-88.18154,32.836091],[-88.167082,32.83762],[-88.158541,32.845793],[-88.155714,32.858984],[-88.179966,32.871675],[-88.189754,32.910731],[-88.204803,32.918028],[-88.207497,32.924064]]]}},{"type":"Feature","properties":{"GEOID":"01117","NAME":"Shelby","state":"AL","wildfire_risk_score":74.3,"wildfire_eal_total":301662.28,"risk_band":"High","source":"FEMA National Risk Index v1.20 (December 2025)"},"geometry":{"type":"Polygon","coordinates":[[[-87.026846,33.246459],[-86.982887,33.246007],[-86.982744,33.252994],[-86.969639,33.260162],[-86.969575,33.267474],[-86.94781,33.267115],[-86.947823,33.274445],[-86.926167,33.27816],[-86.926135,33.296529],[-86.917271,33.303792],[-86.900071,33.307763],[-86.899758,33.315067],[-86.891364,33.318658],[-86.891286,33.325792],[-86.882566,33.325648],[-86.882538,33.332961],[-86.830688,33.332015],[-86.830229,33.360766],[-86.813429,33.360526],[-86.80458,33.363374],[-86.804436,33.367502],[-86.778644,33.366878],[-86.778436,33.388589],[-86.761023,33.388321],[-86.761266,33.395211],[-86.752374,33.398997],[-86.752339,33.417209],[-86.717878,33.416309],[-86.717747,33.430779],[-86.700356,33.430632],[-86.700642,33.441115],[-86.692098,33.444619],[-86.692018,33.451962],[-86.67445,33.451738],[-86.674418,33.466521],[-86.604626,33.467127],[-86.604585,33.474179],[-86.595764,33.474325],[-86.59581,33.481482],[-86.587046,33.481572],[-86.587012,33.496073],[-86.57786,33.496122],[-86.569616,33.503352],[-86.569488,33.510599],[-86.56072,33.510632],[-86.560624,33.517512],[-86.543344,33.517288],[-86.54313,33.524583],[-86.517199,33.524136],[-86.516783,33.54602],[-86.481549,33.546073],[-86.481939,33.502544],[-86.378222,33.502411],[-86.378482,33.387194],[-86.352857,33.372537],[-86.34121,33.351847],[-86.367382,33.34321],[-86.364236,33.327681],[-86.367542,33.318384],[-86.358289,33.294459],[-86.404495,33.27275],[-86.433527,33.282623],[-86.434096,33.275512],[-86.424503,33.259175],[-86.435527,33.241994],[-86.458026,33.241434],[-86.466415,33.226208],[-86.46202,33.200021],[-86.470116,33.195907],[-86.489315,33.200735],[-86.501571,33.182249],[-86.502721,33.174034],[-86.487684,33.16696],[-86.481835,33.145541],[-86.463821,33.133819],[-86.459926,33.125117],[-86.484148,33.113185],[-86.493489,33.099159],[-86.511142,33.088431],[-86.506026,33.067748],[-86.5207,33.054602],[-86.516446,33.04222],[-86.517344,33.020566],[-86.536859,33.024433],[-86.550487,33.018819],[-86.563261,33.01954],[-86.566599,33.026677],[-86.598271,33.046245],[-86.602343,33.054639],[-86.616435,33.053859],[-86.618206,33.06141],[-86.60909,33.066442],[-86.610143,33.070002],[-86.881638,33.071861],[-86.881182,33.049901],[-86.898519,33.04981],[-86.898596,33.057059],[-86.916217,33.057146],[-86.920081,33.064318],[-86.933972,33.064059],[-86.933992,33.078797],[-86.951659,33.078741],[-86.950876,33.098585],[-86.969291,33.098397],[-86.969563,33.158135],[-87.025596,33.165795],[-87.021381,33.209781],[-87.025719,33.209722],[-87.026846,33.246459]]]}},{"type":"Feature","properties":{"GEOID":"01085","NAME":"Lowndes","state":"AL","wildfire_risk_score":31.489,"wildfire_eal_total":9039.84,"risk_band":"Low","source":"FEMA National Risk Index v1.20 (December 2025)"},"geometry":{"type":"Polygon","coordinates":[[[-86.908509,32.22381],[-86.810313,32.224747],[-86.810448,32.237589],[-86.819408,32.233663],[-86.834357,32.236699],[-86.854983,32.256701],[-86.864367,32.274918],[-86.858429,32.284038],[-86.847327,32.287906],[-86.848755,32.292288],[-86.8262,32.305619],[-86.850507,32.309857],[-86.850412,32.328947],[-86.814912,32.340803],[-86.820921,32.33324],[-86.820273,32.315007],[-86.816107,32.30997],[-86.798268,32.308632],[-86.791073,32.314611],[-86.773163,32.340728],[-86.782218,32.370288],[-86.782141,32.390473],[-86.778365,32.394601],[-86.749981,32.389105],[-86.720954,32.404812],[-86.717193,32.400367],[-86.719893,32.376699],[-86.714118,32.362887],[-86.683537,32.353395],[-86.655597,32.376147],[-86.651507,32.399317],[-86.619812,32.406474],[-86.613738,32.399689],[-86.614841,32.374266],[-86.595335,32.361345],[-86.575392,32.37608],[-86.544042,32.366356],[-86.539251,32.3452],[-86.532531,32.338775],[-86.496774,32.344437],[-86.498531,32.339747],[-86.493208,32.33715],[-86.488934,32.342352],[-86.487767,32.338592],[-86.478904,32.339927],[-86.486366,32.329498],[-86.475008,32.332003],[-86.478539,32.328297],[-86.473401,32.324447],[-86.480796,32.324461],[-86.480175,32.315105],[-86.488093,32.3188],[-86.482982,32.312658],[-86.491055,32.301622],[-86.484349,32.298772],[-86.48965,32.293353],[-86.484872,32.29054],[-86.489396,32.287458],[-86.480755,32.280813],[-86.48484,32.276394],[-86.478215,32.275325],[-86.48063,32.271458],[-86.472083,32.273435],[-86.471758,32.269706],[-86.455671,32.273476],[-86.448746,32.263595],[-86.422236,32.253717],[-86.418907,32.244787],[-86.412,32.248316],[-86.408771,32.244309],[-86.406162,32.043805],[-86.396505,32.043971],[-86.396357,32.036985],[-86.406047,32.036819],[-86.405005,31.963775],[-86.857583,31.962167],[-86.856576,32.048352],[-86.906956,32.04797],[-86.908509,32.22381]]]}},{"type":"Feature","properties":{"GEOID":"01061","NAME":"Geneva","state":"AL","wildfire_risk_score":37.786,"wildfire_eal_total":14890.36,"risk_band":"Low","source":"FEMA National Risk Index v1.20 (December 2025)"},"geometry":{"type":"Polygon","coordinates":[[[-86.193476,31.192213],[-86.125482,31.192754],[-86.125405,31.182057],[-86.116736,31.182099],[-86.116734,31.193015],[-85.585733,31.194875],[-85.48576,31.199886],[-85.4882980060804,30.9970829525603],[-86.1872472578628,30.9940490694821],[-86.193476,31.192213]]]}},{"type":"Feature","properties":{"GEOID":"01039","NAME":"Covington","state":"AL","wildfire_risk_score":49.65,"wildfire_eal_total":31512.11,"risk_band":"Moderate","source":"FEMA National Risk Index v1.20 (December 2025)"},"geometry":{"type":"Polygon","coordinates":[[[-86.700062,31.347024],[-86.683534,31.352751],[-86.678704,31.357626],[-86.681241,31.362163],[-86.667459,31.369014],[-86.675414,31.389459],[-86.665825,31.392073],[-86.662082,31.402798],[-86.669054,31.413937],[-86.665366,31.418773],[-86.673009,31.424987],[-86.67167,31.434242],[-86.70122,31.436641],[-86.701554,31.523946],[-86.39994,31.527128],[-86.398536,31.451325],[-86.395686,31.450684],[-86.375217,31.468126],[-86.375556,31.474014],[-86.3703,31.473689],[-86.364692,31.487132],[-86.338539,31.48756],[-86.329789,31.501988],[-86.323479,31.501526],[-86.319666,31.511987],[-86.301421,31.52118],[-86.298887,31.528497],[-86.280155,31.52851],[-86.277031,31.455602],[-86.260189,31.455716],[-86.261876,31.441168],[-86.193951,31.440072],[-86.193276,31.125121],[-86.1872472578628,30.9940490694821],[-86.6883130015449,30.9945961283541],[-86.688063,31.000179],[-86.70022,31.000418],[-86.700062,31.347024]]]}},{"type":"Feature","properties":{"GEOID":"01111","NAME":"Randolph","state":"AL","wildfire_risk_score":63.772,"wildfire_eal_total":88662.13,"risk_band":"High","source":"FEMA National Risk Index v1.20 (December 2025)"},"geometry":{"type":"Polygon","coordinates":[[[-85.65308,33.212117],[-85.648812,33.212035],[-85.648267,33.226492],[-85.652728,33.226599],[-85.650466,33.306154],[-85.641435,33.305959],[-85.641197,33.317034],[-85.645512,33.320551],[-85.641132,33.323932],[-85.649915,33.324211],[-85.643482,33.495885],[-85.352573,33.492438],[-85.354491,33.498866],[-85.347744,33.501378],[-85.304439,33.482884],[-85.232378,33.108077],[-85.653654,33.106634],[-85.65308,33.212117]]]}},{"type":"Feature","properties":{"GEOID":"01059","NAME":"Franklin","state":"AL","wildfire_risk_score":37.723,"wildfire_eal_total":14232.52,"risk_band":"Low","source":"FEMA National Risk Index v1.20 (December 2025)"},"geometry":{"type":"Polygon","coordinates":[[[-88.16591,34.380926],[-88.139988,34.581703],[-87.529667,34.567081],[-87.529722,34.304598],[-88.173632,34.321054],[-88.16591,34.380926]]]}},{"type":"Feature","properties":{"GEOID":"01093","NAME":"Marion","state":"AL","wildfire_risk_score":37.087,"wildfire_eal_total":12675.91,"risk_band":"Low","source":"FEMA National Risk Index v1.20 (December 2025)"},"geometry":{"type":"Polygon","coordinates":[[[-88.2060052962786,34.0683576964181],[-88.173632,34.321054],[-87.634725,34.306997],[-87.635932,33.915251],[-87.951785,33.91993],[-87.951929,34.022202],[-87.98743,34.022903],[-87.98693,34.052102],[-88.207229,34.058333],[-88.2060052962786,34.0683576964181]]]}},{"type":"Feature","properties":{"GEOID":"01103","NAME":"Morgan","state":"AL","wildfire_risk_score":48.919,"wildfire_eal_total":37921.9,"risk_band":"Moderate","source":"FEMA National Risk Index v1.20 (December 2025)"},"geometry":{"type":"Polygon","coordinates":[[[-87.110156,34.377747],[-87.105073,34.686037],[-87.054196,34.6511],[-87.028121,34.649145],[-86.923305,34.586692],[-86.838554,34.556632],[-86.784232,34.55019],[-86.761004,34.552453],[-86.720475,34.583567],[-86.702185,34.589004],[-86.681486,34.582963],[-86.675083,34.574597],[-86.674154,34.559589],[-86.658664,34.55014],[-86.641046,34.550962],[-86.617993,34.574747],[-86.593016,34.582811],[-86.564887,34.573707],[-86.550902,34.555227],[-86.58132,34.371094],[-86.581936,34.304694],[-87.110111,34.313799],[-87.110156,34.377747]]]}},{"type":"Feature","properties":{"GEOID":"01105","NAME":"Perry","state":"AL","wildfire_risk_score":23.155,"wildfire_eal_total":5614.33,"risk_band":"Low","source":"FEMA National Risk Index v1.20 (December 2025)"},"geometry":{"type":"Polygon","coordinates":[[[-87.524384,32.389786],[-87.525198,32.655713],[-87.473915,32.655867],[-87.472174,32.83062],[-87.421387,32.830829],[-87.4212,32.874508],[-87.319473,32.875124],[-87.319184,32.831522],[-87.019157,32.837034],[-87.017762,32.729532],[-87.033255,32.695844],[-87.035919,32.686498],[-87.030762,32.674554],[-87.032081,32.664],[-87.046398,32.633144],[-87.047873,32.620776],[-87.040051,32.601681],[-87.057007,32.584443],[-87.080447,32.572037],[-87.081856,32.560853],[-87.076856,32.554153],[-87.079638,32.539786],[-87.089967,32.534416],[-87.091081,32.524699],[-87.098234,32.518908],[-87.099953,32.506324],[-87.110817,32.489948],[-87.423153,32.482965],[-87.421744,32.308101],[-87.52429,32.307293],[-87.524384,32.389786]]]}},{"type":"Feature","properties":{"GEOID":"01013","NAME":"Butler","state":"AL","wildfire_risk_score":31.075,"wildfire_eal_total":9859.78,"risk_band":"Low","source":"FEMA National Risk Index v1.20 (December 2025)"},"geometry":{"type":"Polygon","coordinates":[[[-86.908939,31.961673],[-86.448198,31.964629],[-86.446619,31.846429],[-86.438363,31.84284],[-86.438341,31.835539],[-86.446411,31.831661],[-86.446287,31.774172],[-86.441942,31.774204],[-86.44235,31.759322],[-86.44625,31.759406],[-86.448635,31.655617],[-86.499533,31.655247],[-86.499246,31.568476],[-86.503948,31.568698],[-86.499213,31.525331],[-86.838022,31.525204],[-86.84351,31.535654],[-86.852528,31.53627],[-86.866254,31.54642],[-86.874565,31.577993],[-86.888106,31.592207],[-86.893745,31.615767],[-86.906461,31.632622],[-86.908939,31.961673]]]}},{"type":"Feature","properties":{"GEOID":"01075","NAME":"Lamar","state":"AL","wildfire_risk_score":24.714,"wildfire_eal_total":7759.86,"risk_band":"Low","source":"FEMA National Risk Index v1.20 (December 2025)"},"geometry":{"type":"Polygon","coordinates":[[[-88.2741407842769,33.5378608340953],[-88.207229,34.058333],[-87.98693,34.052102],[-87.98743,34.022903],[-87.951929,34.022202],[-87.946519,33.524065],[-88.274619,33.534008],[-88.2741407842769,33.5378608340953]]]}},{"type":"Feature","properties":{"GEOID":"01019","NAME":"Cherokee","state":"AL","wildfire_risk_score":68.225,"wildfire_eal_total":106943.64,"risk_band":"High","source":"FEMA National Risk Index v1.20 (December 2025)"},"geometry":{"type":"Polygon","coordinates":[[[-85.843836,34.24345],[-85.808417,34.239377],[-85.809045,34.258921],[-85.774165,34.259094],[-85.675283,34.343396],[-85.676447,34.347373],[-85.664154,34.361937],[-85.647307,34.364314],[-85.645481,34.369489],[-85.637612,34.366439],[-85.629183,34.37239],[-85.629927,34.380861],[-85.620337,34.386978],[-85.626821,34.397623],[-85.615507,34.393874],[-85.610735,34.40654],[-85.599189,34.416506],[-85.600683,34.420926],[-85.589437,34.424203],[-85.590544,34.429081],[-85.57949,34.44019],[-85.583917,34.457961],[-85.578222,34.461534],[-85.580325,34.470306],[-85.570535,34.467169],[-85.570952,34.477475],[-85.576787,34.484437],[-85.560386,34.489909],[-85.558203,34.502553],[-85.5444,34.500085],[-85.534819,34.513015],[-85.522954,34.516836],[-85.523931,34.524587],[-85.513709,34.52417],[-85.47045,34.328239],[-85.398837,33.964129],[-85.425444,33.960645],[-85.425627,33.957069],[-85.495289,33.95691],[-85.49582,33.942394],[-85.530094,33.941423],[-85.529432,33.95598],[-85.738975,33.96846],[-85.737137,33.989203],[-85.797071,34.100179],[-85.790769,34.12463],[-85.797096,34.12871],[-85.811967,34.125096],[-85.833205,34.109944],[-85.841365,34.110695],[-85.843836,34.24345]]]}},{"type":"Feature","properties":{"GEOID":"01077","NAME":"Lauderdale","state":"AL","wildfire_risk_score":23.791,"wildfire_eal_total":9265.14,"risk_band":"Low","source":"FEMA National Risk Index v1.20 (December 2025)"},"geometry":{"type":"Polygon","coordinates":[[[-88.202959,35.008028],[-87.210759,34.999024],[-87.214915,34.81633],[-87.255893,34.788204],[-87.278047,34.778945],[-87.278302,34.773563],[-87.260676,34.758626],[-87.297905,34.750812],[-87.344224,34.796493],[-87.370249,34.804992],[-87.42651,34.800022],[-87.484508,34.813709],[-87.508997,34.823122],[-87.518819,34.831824],[-87.54629,34.830431],[-87.580637,34.821802],[-87.591475,34.809253],[-87.613694,34.79903],[-87.707572,34.772919],[-87.733718,34.745229],[-87.761033,34.735303],[-87.806963,34.732061],[-87.840685,34.743779],[-87.917414,34.801483],[-87.927634,34.816658],[-87.939203,34.850379],[-87.952547,34.867949],[-87.973222,34.88255],[-88.040871,34.906613],[-88.097888,34.892202],[-88.139721,34.909631],[-88.154617,34.922392],[-88.176106,34.962519],[-88.198811,34.991192],[-88.202959,35.008028]]]}},{"type":"Feature","properties":{"GEOID":"01083","NAME":"Limestone","state":"AL","wildfire_risk_score":25.763,"wildfire_eal_total":12639.45,"risk_band":"Low","source":"FEMA National Risk Index v1.20 (December 2025)"},"geometry":{"type":"Polygon","coordinates":[[[-87.278636,34.775043],[-87.276499,34.780755],[-87.255893,34.788204],[-87.214915,34.81633],[-87.210759,34.999024],[-86.7836280170906,34.9919250273269],[-86.790056,34.55079],[-86.838554,34.556632],[-86.923305,34.586692],[-87.028121,34.649145],[-87.05107,34.649764],[-87.085502,34.669525],[-87.125013,34.701591],[-87.135761,34.721419],[-87.154701,34.733919],[-87.222773,34.763226],[-87.260676,34.758626],[-87.278636,34.775043]]]}},{"type":"Feature","properties":{"GEOID":"01015","NAME":"Calhoun","state":"AL","wildfire_risk_score":81.52,"wildfire_eal_total":340442.52,"risk_band":"High","source":"FEMA National Risk Index v1.20 (December 2025)"},"geometry":{"type":"Polygon","coordinates":[[[-86.146225,33.702176],[-86.137396,33.715351],[-86.121104,33.711198],[-86.116587,33.723802],[-86.099162,33.736438],[-86.081597,33.742973],[-86.060121,33.761116],[-86.044363,33.763058],[-86.044871,33.771899],[-86.065051,33.803695],[-86.051715,33.827109],[-86.066439,33.841094],[-86.049072,33.841598],[-86.048772,33.852698],[-86.021271,33.851498],[-86.021471,33.866098],[-85.995169,33.864897],[-85.99497,33.879598],[-85.98637,33.879198],[-85.98647,33.893698],[-85.96917,33.892898],[-85.96917,33.914598],[-85.951769,33.913598],[-85.951769,33.920898],[-85.934469,33.920998],[-85.934269,33.906398],[-85.899568,33.906399],[-85.899668,33.942999],[-85.881868,33.943099],[-85.881768,33.950299],[-85.846387,33.95002],[-85.846174,33.95726],[-85.740968,33.935301],[-85.738975,33.96846],[-85.529432,33.95598],[-85.532482,33.889152],[-85.601858,33.88975],[-85.601899,33.874865],[-85.637014,33.875944],[-85.637126,33.846497],[-85.585201,33.84592],[-85.585985,33.802095],[-85.603391,33.802344],[-85.603469,33.787755],[-85.62089,33.787944],[-85.621245,33.773508],[-85.638049,33.773339],[-85.638586,33.649158],[-85.64704,33.648772],[-85.64719,33.641529],[-85.655549,33.638127],[-85.65581,33.627166],[-85.690684,33.627789],[-85.689954,33.612909],[-85.724953,33.613539],[-85.724517,33.59943],[-85.7423,33.600006],[-85.744118,33.556075],[-85.796054,33.55622],[-85.794559,33.585565],[-85.994935,33.586475],[-85.995585,33.600885],[-86.021587,33.601163],[-86.025797,33.646285],[-86.045696,33.662954],[-86.050669,33.67459],[-86.145562,33.679098],[-86.146225,33.702176]]]}},{"type":"Feature","properties":{"GEOID":"01021","NAME":"Chilton","state":"AL","wildfire_risk_score":63.263,"wildfire_eal_total":93972.23,"risk_band":"High","source":"FEMA National Risk Index v1.20 (December 2025)"},"geometry":{"type":"Polygon","coordinates":[[[-87.019157,32.837034],[-86.876118,32.836264],[-86.876866,33.049925],[-86.881182,33.049901],[-86.881638,33.071861],[-86.610143,33.070002],[-86.60909,33.066442],[-86.618206,33.06141],[-86.616435,33.053859],[-86.602343,33.054639],[-86.598271,33.046245],[-86.566599,33.026677],[-86.563261,33.01954],[-86.550487,33.018819],[-86.536859,33.024433],[-86.517344,33.020566],[-86.522111,33.003331],[-86.510622,32.98538],[-86.518234,32.970461],[-86.515959,32.929361],[-86.505751,32.913276],[-86.490511,32.905619],[-86.478711,32.872659],[-86.458239,32.868329],[-86.448453,32.85861],[-86.447837,32.850976],[-86.460691,32.833464],[-86.457015,32.813899],[-86.442493,32.812497],[-86.443834,32.804482],[-86.428674,32.792316],[-86.413402,32.788182],[-86.396737,32.762946],[-86.371151,32.750627],[-86.413335,32.750591],[-86.413116,32.707386],[-86.714219,32.705694],[-86.71339,32.661732],[-87.01766,32.663269],[-87.019157,32.837034]]]}},{"type":"Feature","properties":{"GEOID":"01007","NAME":"Bibb","state":"AL","wildfire_risk_score":48.664,"wildfire_eal_total":32606.12,"risk_band":"Moderate","source":"FEMA National Risk Index v1.20 (December 2025)"},"geometry":{"type":"Polygon","coordinates":[[[-87.421936,33.003379],[-87.318539,33.006179],[-87.311577,33.093933],[-87.281945,33.13306],[-87.199317,33.130657],[-87.199153,33.196554],[-87.152071,33.232484],[-87.121871,33.235843],[-87.121517,33.221744],[-87.104101,33.221457],[-87.076642,33.246831],[-87.026846,33.246459],[-87.025719,33.209722],[-87.021381,33.209781],[-87.025596,33.165795],[-86.969563,33.158135],[-86.969291,33.098397],[-86.950876,33.098585],[-86.951659,33.078741],[-86.933992,33.078797],[-86.933972,33.064059],[-86.920081,33.064318],[-86.916217,33.057146],[-86.898596,33.057059],[-86.898519,33.04981],[-86.876866,33.049925],[-86.876118,32.836264],[-87.319184,32.831522],[-87.319473,32.875124],[-87.4212,32.874508],[-87.421936,33.003379]]]}},{"type":"Feature","properties":{"GEOID":"01011","NAME":"Bullock","state":"AL","wildfire_risk_score":46.088,"wildfire_eal_total":22294.38,"risk_band":"Moderate","source":"FEMA National Risk Index v1.20 (December 2025)"},"geometry":{"type":"Polygon","coordinates":[[[-85.999157,32.250543],[-85.986546,32.250636],[-85.986557,32.272342],[-85.898689,32.274987],[-85.896601,32.305225],[-85.893683,32.29845],[-85.877868,32.291528],[-85.871339,32.27342],[-85.878595,32.265765],[-85.876386,32.246589],[-85.870125,32.246433],[-85.86286,32.234893],[-85.854967,32.231996],[-85.433543,32.234648],[-85.427441,32.146551],[-85.410241,32.146651],[-85.410042,32.139451],[-85.427442,32.13935],[-85.428476,32.014951],[-85.46254,32.014361],[-85.463042,32.022354],[-85.471142,32.022255],[-85.470642,32.014156],[-85.512643,32.014055],[-85.51236,31.999694],[-85.529626,31.999537],[-85.534843,31.995056],[-85.590615,31.995588],[-85.604769,31.960852],[-85.648767,31.911615],[-85.657668,31.880275],[-85.791047,31.880357],[-85.790048,31.967254],[-85.88435,31.967253],[-85.88425,31.981852],[-85.889029,31.981774],[-85.888996,31.98895],[-85.892651,31.989053],[-85.893652,32.047351],[-85.911458,32.047355],[-85.911755,32.054752],[-85.946278,32.054571],[-85.946298,32.06189],[-85.954553,32.06175],[-85.950253,32.05455],[-85.975912,32.054425],[-85.984054,32.047453],[-85.996853,32.051049],[-85.999157,32.250543]]]}},{"type":"Feature","properties":{"GEOID":"01027","NAME":"Clay","state":"AL","wildfire_risk_score":71.088,"wildfire_eal_total":125076.53,"risk_band":"High","source":"FEMA National Risk Index v1.20 (December 2025)"},"geometry":{"type":"Polygon","coordinates":[[[-86.173899,33.126278],[-86.17283,33.195681],[-86.120567,33.194511],[-86.118198,33.29632],[-85.980293,33.29419],[-85.976525,33.38187],[-85.941262,33.381749],[-85.940875,33.396054],[-85.923762,33.396206],[-85.922817,33.454576],[-85.905338,33.45471],[-85.904909,33.498655],[-85.85189,33.498742],[-85.852421,33.491644],[-85.869308,33.491574],[-85.870053,33.476757],[-85.887675,33.476768],[-85.887782,33.469427],[-85.782735,33.469349],[-85.782689,33.483638],[-85.765631,33.483477],[-85.765427,33.498593],[-85.643482,33.495885],[-85.649915,33.324211],[-85.641132,33.323932],[-85.645512,33.320551],[-85.641197,33.317034],[-85.641435,33.305959],[-85.650466,33.306154],[-85.652728,33.226599],[-85.648267,33.226492],[-85.648812,33.212035],[-85.65308,33.212117],[-85.653654,33.106634],[-85.974715,33.105286],[-85.97456,33.090507],[-86.00917,33.09026],[-86.009313,33.104642],[-86.17437,33.104394],[-86.173899,33.126278]]]}},{"type":"Feature","properties":{"GEOID":"01037","NAME":"Coosa","state":"AL","wildfire_risk_score":64.44,"wildfire_eal_total":97346.76,"risk_band":"High","source":"FEMA National Risk Index v1.20 (December 2025)"},"geometry":{"type":"Polygon","coordinates":[[[-86.522283,33.004395],[-86.516582,33.023184],[-86.5207,33.054602],[-86.506026,33.067748],[-86.512106,33.085876],[-86.491029,33.102944],[-86.009313,33.104642],[-86.007565,32.827773],[-86.013884,32.826245],[-86.007472,32.8251],[-86.013549,32.819791],[-86.007308,32.812201],[-86.007086,32.802242],[-85.999748,32.801526],[-86.007032,32.795786],[-86.007187,32.754984],[-86.31948,32.753698],[-86.319163,32.767837],[-86.336694,32.76813],[-86.336768,32.753783],[-86.388017,32.757543],[-86.405906,32.772983],[-86.413402,32.788182],[-86.428674,32.792316],[-86.443834,32.804482],[-86.442493,32.812497],[-86.457015,32.813899],[-86.460691,32.833464],[-86.447837,32.850976],[-86.448453,32.85861],[-86.458239,32.868329],[-86.478711,32.872659],[-86.490511,32.905619],[-86.505751,32.913276],[-86.515959,32.929361],[-86.518234,32.970461],[-86.510622,32.98538],[-86.522283,33.004395]]]}},{"type":"Feature","properties":{"GEOID":"01133","NAME":"Winston","state":"AL","wildfire_risk_score":59.128,"wildfire_eal_total":47105.41,"risk_band":"Moderate","source":"FEMA National Risk Index v1.20 (December 2025)"},"geometry":{"type":"Polygon","coordinates":[[[-87.636573,34.12508],[-87.634725,34.306997],[-87.109911,34.299299],[-87.111992,33.992385],[-87.151036,33.993225],[-87.172507,34.005304],[-87.189608,34.003004],[-87.199606,33.985004],[-87.216735,33.993907],[-87.636118,34.002203],[-87.636573,34.12508]]]}},{"type":"Feature","properties":{"GEOID":"01045","NAME":"Dale","state":"AL","wildfire_risk_score":44.561,"wildfire_eal_total":23378.32,"risk_band":"Moderate","source":"FEMA National Risk Index v1.20 (December 2025)"},"geometry":{"type":"Polygon","coordinates":[[[-85.791556,31.252113],[-85.789142,31.617964],[-85.416437,31.619466],[-85.417065,31.286188],[-85.485442,31.287095],[-85.486189,31.245897],[-85.546113,31.253868],[-85.564996,31.263195],[-85.585534,31.264179],[-85.602956,31.272378],[-85.635307,31.275555],[-85.659985,31.270889],[-85.675113,31.255562],[-85.671138,31.250173],[-85.677885,31.240185],[-85.689092,31.23609],[-85.692311,31.210558],[-85.710333,31.195173],[-85.791402,31.196349],[-85.791556,31.252113]]]}},{"type":"Feature","properties":{"GEOID":"01123","NAME":"Tallapoosa","state":"AL","wildfire_risk_score":75.064,"wildfire_eal_total":189599.9,"risk_band":"High","source":"FEMA National Risk Index v1.20 (December 2025)"},"geometry":{"type":"Polygon","coordinates":[[[-86.012407,32.827959],[-86.007565,32.827773],[-86.00917,33.09026],[-85.97456,33.090507],[-85.974715,33.105286],[-85.593177,33.10734],[-85.593151,32.72853],[-85.609994,32.727949],[-85.610253,32.713929],[-85.679854,32.71253],[-85.679654,32.69793],[-85.696755,32.697429],[-85.695854,32.595933],[-85.712756,32.595731],[-85.712654,32.581834],[-85.798585,32.581089],[-85.797156,32.494236],[-85.888369,32.495193],[-85.891091,32.516922],[-85.885558,32.548034],[-85.894559,32.614731],[-85.887747,32.64761],[-85.905882,32.667624],[-85.911607,32.684379],[-85.90747,32.699302],[-85.89127,32.714989],[-85.893402,32.727663],[-85.880346,32.739976],[-85.87986,32.754528],[-85.954859,32.754824],[-85.955561,32.769126],[-85.972763,32.769225],[-85.972159,32.75493],[-86.007187,32.754984],[-86.007032,32.795786],[-85.999748,32.801526],[-86.007086,32.802242],[-86.007308,32.812201],[-86.013549,32.819791],[-86.007472,32.8251],[-86.012407,32.827959]]]}},{"type":"Feature","properties":{"GEOID":"01017","NAME":"Chambers","state":"AL","wildfire_risk_score":51.654,"wildfire_eal_total":37771.03,"risk_band":"Moderate","source":"FEMA National Risk Index v1.20 (December 2025)"},"geometry":{"type":"Polygon","coordinates":[[[-85.593638,32.845124],[-85.593177,33.10734],[-85.232378,33.108077],[-85.1844,32.861317],[-85.177127,32.853895],[-85.16231,32.856479],[-85.155884,32.849918],[-85.154584,32.839805],[-85.168016,32.829203],[-85.164104,32.82128],[-85.167939,32.811612],[-85.151913,32.794104],[-85.141903,32.791821],[-85.139285,32.784921],[-85.122189,32.773353],[-85.137382,32.769068],[-85.142567,32.760682],[-85.135038,32.74653],[-85.284843,32.745131],[-85.285043,32.730731],[-85.404547,32.730531],[-85.404808,32.73773],[-85.413447,32.73743],[-85.413447,32.744729],[-85.430548,32.74503],[-85.430549,32.73033],[-85.482049,32.73053],[-85.481849,32.73783],[-85.49075,32.73773],[-85.490662,32.730629],[-85.568073,32.729022],[-85.568081,32.736499],[-85.576753,32.736362],[-85.576793,32.72885],[-85.593151,32.72853],[-85.593638,32.845124]]]}},{"type":"Feature","properties":{"GEOID":"01057","NAME":"Fayette","state":"AL","wildfire_risk_score":27.513,"wildfire_eal_total":8876.54,"risk_band":"Low","source":"FEMA National Risk Index v1.20 (December 2025)"},"geometry":{"type":"Polygon","coordinates":[[[-87.951785,33.91993],[-87.635932,33.915251],[-87.63604,33.871999],[-87.531602,33.867618],[-87.528338,33.692049],[-87.423843,33.689112],[-87.423701,33.602096],[-87.631718,33.609833],[-87.63161,33.580669],[-87.666633,33.579807],[-87.666661,33.521667],[-87.946519,33.524065],[-87.951785,33.91993]]]}},{"type":"Feature","properties":{"GEOID":"01125","NAME":"Tuscaloosa","state":"AL","wildfire_risk_score":57.093,"wildfire_eal_total":63525.84,"risk_band":"Moderate","source":"FEMA National Risk Index v1.20 (December 2025)"},"geometry":{"type":"Polygon","coordinates":[[[-87.840683,33.524839],[-87.736652,33.519568],[-87.666661,33.521667],[-87.666633,33.579807],[-87.63161,33.580669],[-87.631718,33.609833],[-87.371118,33.601697],[-87.37104,33.587065],[-87.318532,33.587393],[-87.318237,33.514166],[-87.266923,33.512929],[-87.260521,33.503667],[-87.268269,33.497143],[-87.287384,33.501187],[-87.284849,33.483038],[-87.288508,33.47936],[-87.297712,33.480209],[-87.303477,33.489945],[-87.314615,33.487247],[-87.330278,33.491961],[-87.341698,33.470501],[-87.335514,33.470429],[-87.335577,33.456251],[-87.314114,33.45573],[-87.314395,33.441719],[-87.284363,33.440578],[-87.284275,33.425708],[-87.266836,33.424702],[-87.266984,33.417946],[-87.253788,33.417813],[-87.253762,33.410308],[-87.248698,33.410432],[-87.249311,33.395583],[-87.232045,33.395137],[-87.231999,33.365851],[-87.214826,33.365799],[-87.214917,33.358317],[-87.197584,33.358134],[-87.197414,33.343093],[-87.180006,33.342979],[-87.179638,33.321112],[-87.162175,33.321012],[-87.162007,33.306587],[-87.127142,33.306013],[-87.126756,33.290844],[-87.087497,33.290675],[-87.087546,33.279666],[-87.065754,33.275937],[-87.065738,33.246907],[-87.076642,33.246831],[-87.104101,33.221457],[-87.121517,33.221744],[-87.121871,33.235843],[-87.143344,33.236186],[-87.199153,33.196554],[-87.199317,33.130657],[-87.281945,33.13306],[-87.311577,33.093933],[-87.318539,33.006179],[-87.625429,33.004723],[-87.715709,33.006824],[-87.710995,33.017721],[-87.832233,33.017258],[-87.831459,33.093857],[-87.838985,33.093961],[-87.840683,33.524839]]]}},{"type":"Feature","properties":{"GEOID":"01127","NAME":"Walker","state":"AL","wildfire_risk_score":62.468,"wildfire_eal_total":71460.45,"risk_band":"High","source":"FEMA National Risk Index v1.20 (December 2025)"},"geometry":{"type":"Polygon","coordinates":[[[-87.636118,34.002203],[-87.216735,33.993907],[-87.199606,33.985004],[-87.189608,34.003004],[-87.168907,34.005104],[-87.143661,33.986361],[-87.136884,33.966602],[-87.111196,33.958219],[-87.105225,33.93598],[-87.092846,33.92821],[-87.082067,33.907928],[-87.100659,33.898966],[-87.091836,33.890093],[-87.007077,33.888927],[-87.00671,33.866597],[-86.998594,33.869604],[-86.992155,33.859636],[-86.963358,33.858221],[-86.96296,33.844865],[-86.954305,33.844862],[-86.953726,33.800782],[-86.97124,33.801211],[-86.970928,33.786462],[-87.005965,33.787237],[-87.005889,33.772572],[-87.023286,33.772727],[-87.023355,33.743576],[-87.031694,33.743651],[-87.031582,33.728979],[-87.040638,33.728969],[-87.039793,33.685356],[-87.057252,33.685473],[-87.057757,33.656363],[-87.0927,33.656873],[-87.092733,33.62785],[-87.144473,33.628198],[-87.144413,33.613406],[-87.17943,33.613794],[-87.179555,33.599275],[-87.196924,33.599339],[-87.204949,33.575419],[-87.196914,33.5624],[-87.186516,33.556951],[-87.187618,33.551488],[-87.200291,33.548879],[-87.213931,33.536382],[-87.237304,33.538328],[-87.249469,33.51455],[-87.256145,33.514769],[-87.2687,33.530583],[-87.2755,33.520826],[-87.266923,33.512929],[-87.318237,33.514166],[-87.318532,33.587393],[-87.37104,33.587065],[-87.371118,33.601697],[-87.423701,33.602096],[-87.423843,33.689112],[-87.528338,33.692049],[-87.531602,33.867618],[-87.63604,33.871999],[-87.636118,34.002203]]]}},{"type":"Feature","properties":{"GEOID":"01081","NAME":"Lee","state":"AL","wildfire_risk_score":72.392,"wildfire_eal_total":204779.69,"risk_band":"High","source":"FEMA National Risk Index v1.20 (December 2025)"},"geometry":{"type":"Polygon","coordinates":[[[-85.696755,32.697429],[-85.679654,32.69793],[-85.679854,32.71253],[-85.610253,32.713929],[-85.609994,32.727949],[-85.576793,32.72885],[-85.576753,32.736362],[-85.568081,32.736499],[-85.568073,32.729022],[-85.490662,32.730629],[-85.49075,32.73773],[-85.481849,32.73783],[-85.482049,32.73053],[-85.430549,32.73033],[-85.430548,32.74503],[-85.413447,32.744729],[-85.413447,32.73743],[-85.404808,32.73773],[-85.404547,32.730531],[-85.285043,32.730731],[-85.284843,32.745131],[-85.134794631893,32.7467952506839],[-85.113329,32.735751],[-85.122738,32.715727],[-85.117037,32.692033],[-85.112637,32.683434],[-85.093536,32.669734],[-85.088483,32.657758],[-85.105337,32.644835],[-85.096597,32.634667],[-85.083635,32.635973],[-85.089441,32.625429],[-85.067535,32.579546],[-85.059672,32.576742],[-85.032071,32.545429],[-85.022509,32.542923],[-85.0007888680774,32.5101947811796],[-85.060784,32.509177],[-85.059297,32.472977],[-85.333843,32.468639],[-85.330143,32.410842],[-85.434045,32.40984],[-85.438575,32.49709],[-85.489348,32.496937],[-85.661053,32.567935],[-85.661253,32.582334],[-85.695654,32.582034],[-85.696755,32.697429]]]}},{"type":"Feature","properties":{"GEOID":"01029","NAME":"Cleburne","state":"AL","wildfire_risk_score":67.271,"wildfire_eal_total":93497.72,"risk_band":"High","source":"FEMA National Risk Index v1.20 (December 2025)"},"geometry":{"type":"Polygon","coordinates":[[[-85.887675,33.476768],[-85.870053,33.476757],[-85.869308,33.491574],[-85.852421,33.491644],[-85.85189,33.498742],[-85.796852,33.541849],[-85.796054,33.55622],[-85.744118,33.556075],[-85.7423,33.600006],[-85.724517,33.59943],[-85.724953,33.613539],[-85.689954,33.612909],[-85.690684,33.627789],[-85.65581,33.627166],[-85.655549,33.638127],[-85.64719,33.641529],[-85.64704,33.648772],[-85.638586,33.649158],[-85.638049,33.773339],[-85.621245,33.773508],[-85.62089,33.787944],[-85.603469,33.787755],[-85.603391,33.802344],[-85.585985,33.802095],[-85.585201,33.84592],[-85.637126,33.846497],[-85.637014,33.875944],[-85.601899,33.874865],[-85.601858,33.88975],[-85.532482,33.889152],[-85.530094,33.941423],[-85.49582,33.942394],[-85.495289,33.95691],[-85.425627,33.957069],[-85.425444,33.960645],[-85.398837,33.964129],[-85.304439,33.482884],[-85.347744,33.501378],[-85.354491,33.498866],[-85.352573,33.492438],[-85.765427,33.498593],[-85.765631,33.483477],[-85.782689,33.483638],[-85.782735,33.469349],[-85.887782,33.469427],[-85.887675,33.476768]]]}},{"type":"Feature","properties":{"GEOID":"01067","NAME":"Henry","state":"AL","wildfire_risk_score":33.779,"wildfire_eal_total":11675.18,"risk_band":"Low","source":"FEMA National Risk Index v1.20 (December 2025)"},"geometry":{"type":"Polygon","coordinates":[[[-85.418035,31.44077],[-85.416038,31.706664],[-85.216076,31.702409],[-85.209513,31.710474],[-85.210883,31.725478],[-85.204292,31.742981],[-85.188662,31.746212],[-85.165379,31.760007],[-85.154332,31.773866],[-85.1269541364676,31.7623302614517],[-85.129231,31.758663],[-85.11893,31.732664],[-85.12653,31.716764],[-85.12553,31.694965],[-85.092429,31.659966],[-85.079925,31.655287],[-85.084503,31.639026],[-85.058169,31.620227],[-85.05796,31.57084],[-85.041305,31.540987],[-85.048263,31.526012],[-85.044986,31.51823],[-85.071621,31.468384],[-85.065875,31.430586],[-85.075523,31.424761],[-85.079978,31.410472],[-85.077626,31.39888],[-85.092487,31.362881],[-85.091791,31.355207],[-85.085918,31.353146],[-85.089411,31.336033],[-85.083776,31.31821],[-85.087651,31.308677],[-85.417434,31.314973],[-85.418035,31.44077]]]}},{"type":"Feature","properties":{"GEOID":"01031","NAME":"Coffee","state":"AL","wildfire_risk_score":56.457,"wildfire_eal_total":58419.28,"risk_band":"Moderate","source":"FEMA National Risk Index v1.20 (December 2025)"},"geometry":{"type":"Polygon","coordinates":[[[-86.196365,31.425431],[-86.194784,31.529949],[-86.156561,31.530203],[-86.156768,31.537527],[-86.14395,31.537675],[-86.145895,31.617741],[-85.789142,31.617964],[-85.791402,31.196349],[-86.116734,31.193015],[-86.116736,31.182099],[-86.125405,31.182057],[-86.125482,31.192754],[-86.193476,31.192213],[-86.196365,31.425431]]]}},{"type":"Feature","properties":{"GEOID":"01053","NAME":"Escambia","state":"AL","wildfire_risk_score":74.014,"wildfire_eal_total":153692.47,"risk_band":"High","source":"FEMA National Risk Index v1.20 (December 2025)"},"geometry":{"type":"Polygon","coordinates":[[[-87.615576,31.125172],[-87.61589,31.244458],[-87.586546,31.238953],[-87.559287,31.227291],[-87.539631,31.235127],[-87.525891,31.246674],[-87.507724,31.248731],[-87.489206,31.260076],[-86.763961,31.261293],[-86.772263,31.250655],[-86.772592,31.242588],[-86.763573,31.220923],[-86.772592,31.210657],[-86.765327,31.207015],[-86.772519,31.202243],[-86.762899,31.196915],[-86.766996,31.182769],[-86.763512,31.181133],[-86.756671,31.193158],[-86.741399,31.195347],[-86.73261,31.190007],[-86.736549,31.186038],[-86.725985,31.183825],[-86.71665,31.184874],[-86.720419,31.191265],[-86.700282,31.192217],[-86.70022,31.000418],[-86.688063,31.000179],[-86.6883130015449,30.9945961283541],[-87.039989,30.999594],[-87.615431,30.997361],[-87.615576,31.125172]]]}},{"type":"Feature","properties":{"GEOID":"01079","NAME":"Lawrence","state":"AL","wildfire_risk_score":33.142,"wildfire_eal_total":12783.3,"risk_band":"Low","source":"FEMA National Risk Index v1.20 (December 2025)"},"geometry":{"type":"Polygon","coordinates":[[[-87.530277,34.45756],[-87.529667,34.567081],[-87.515665,34.568132],[-87.518558,34.577482],[-87.511328,34.578569],[-87.507123,34.585925],[-87.514525,34.598325],[-87.502717,34.60948],[-87.506615,34.616911],[-87.483577,34.630133],[-87.484656,34.637364],[-87.476822,34.637798],[-87.48371,34.647973],[-87.477224,34.651481],[-87.459496,34.644349],[-87.459921,34.649784],[-87.44577,34.650968],[-87.447698,34.658725],[-87.443404,34.661092],[-87.44849,34.666068],[-87.443121,34.675214],[-87.452745,34.677831],[-87.452772,34.692664],[-87.426175,34.709601],[-87.435638,34.729803],[-87.432117,34.737433],[-87.424273,34.737961],[-87.427851,34.751907],[-87.416228,34.762407],[-87.418732,34.769127],[-87.434391,34.773614],[-87.433685,34.78087],[-87.426155,34.786411],[-87.42651,34.800022],[-87.370249,34.804992],[-87.344224,34.796493],[-87.297905,34.750812],[-87.250018,34.762314],[-87.216254,34.761148],[-87.138858,34.724101],[-87.125013,34.701591],[-87.105073,34.686037],[-87.109911,34.299299],[-87.529722,34.304598],[-87.530277,34.45756]]]}}]}