{"type":"FeatureCollection","metadata":{"state":"AR","boundary_source":"U.S. Census Bureau 2024 Cartographic Boundary File (counties, 1:500,000)","risk_source":"FEMA National Risk Index v1.20 (December 2025)"},"features":[{"type":"Feature","properties":{"GEOID":"05017","NAME":"Chicot","state":"AR","wildfire_risk_score":8.429,"wildfire_eal_total":1700.16,"risk_band":"Low","source":"FEMA National Risk Index v1.20 (December 2025)"},"geometry":{"type":"Polygon","coordinates":[[[-91.460417,33.170191],[-91.454804,33.505315],[-91.451202,33.507806],[-91.453462,33.563675],[-91.349594,33.563572],[-91.350751,33.519343],[-91.34633,33.51927],[-91.346021,33.53356],[-91.333091,33.533533],[-91.333383,33.526166],[-91.324128,33.525913],[-91.32464,33.518679],[-91.245756,33.51719],[-91.244819,33.553601],[-91.242382,33.561456],[-91.2338268514749,33.5613433881257],[-91.219487,33.530191],[-91.185417,33.507531],[-91.1826,33.499185],[-91.195634,33.488468],[-91.208535,33.468606],[-91.231661,33.4571],[-91.235181,33.438972],[-91.206807,33.433846],[-91.176507,33.444627],[-91.169809,33.452011],[-91.176974,33.487254],[-91.168019,33.49833],[-91.132152,33.481558],[-91.117786,33.458081],[-91.118946,33.446211],[-91.131885,33.430063],[-91.17628,33.416979],[-91.199354,33.418321],[-91.205272,33.414231],[-91.208113,33.402007],[-91.171968,33.38103],[-91.148816,33.378765],[-91.121239,33.38842],[-91.096307,33.412825],[-91.097531,33.433725],[-91.090255,33.448115],[-91.075765,33.455669],[-91.059828,33.450257],[-91.058152,33.428705],[-91.064444,33.418462],[-91.101456,33.38719],[-91.120409,33.363809],[-91.142219,33.348989],[-91.141615,33.299539],[-91.125539,33.280255],[-91.128078,33.268502],[-91.11725,33.26056],[-91.106142,33.241799],[-91.098706,33.238508],[-91.07853,33.283306],[-91.052369,33.285415],[-91.043624,33.274636],[-91.050407,33.251202],[-91.070697,33.227302],[-91.10026,33.219428],[-91.080787,33.182213],[-91.085707,33.137189],[-91.099872,33.131123],[-91.128078,33.128914],[-91.150362,33.130695],[-91.163111,33.142186],[-91.183662,33.141691],[-91.192563,33.137084],[-91.201995,33.123125],[-91.200167,33.10693],[-91.180836,33.098364],[-91.170555,33.087384],[-91.150217,33.082129],[-91.121195,33.059166],[-91.128326,33.034282],[-91.161838,33.01985],[-91.166095,33.004291],[-91.4603776475285,33.0059093538278],[-91.460417,33.170191]]]}},{"type":"Feature","properties":{"GEOID":"05121","NAME":"Randolph","state":"AR","wildfire_risk_score":40.045,"wildfire_eal_total":20308.86,"risk_band":"Moderate","source":"FEMA National Risk Index v1.20 (December 2025)"},"geometry":{"type":"Polygon","coordinates":[[[-91.4068735134311,36.4971189963869],[-90.7842436722685,36.4985236581613],[-90.777478,36.489283],[-90.770321,36.487748],[-90.768145,36.477084],[-90.772973,36.474833],[-90.77919,36.436979],[-90.767592,36.432455],[-90.773812,36.427903],[-90.778251,36.430074],[-90.777927,36.425841],[-90.769644,36.424236],[-90.762657,36.428786],[-90.756123,36.422702],[-90.761539,36.417887],[-90.768444,36.420678],[-90.77037,36.413297],[-90.7487,36.412866],[-90.749933,36.280211],[-90.765324,36.287075],[-90.781276,36.283879],[-90.780875,36.289184],[-90.787603,36.293908],[-90.795021,36.286167],[-90.806219,36.28812],[-90.809812,36.14966],[-91.054853,36.151517],[-91.065703,36.141534],[-91.063785,36.118376],[-91.073476,36.114868],[-91.081162,36.121057],[-91.071773,36.126178],[-91.078208,36.125237],[-91.085832,36.131886],[-91.082876,36.15085],[-91.119679,36.153735],[-91.126013,36.160593],[-91.132875,36.160595],[-91.135262,36.16692],[-91.14245,36.166882],[-91.148587,36.1763],[-91.143888,36.180046],[-91.15732,36.189994],[-91.155954,36.197498],[-91.16123,36.204813],[-91.185341,36.206411],[-91.195397,36.212689],[-91.198005,36.221068],[-91.20386,36.218583],[-91.227217,36.224945],[-91.227494,36.233984],[-91.23467,36.242082],[-91.241915,36.225696],[-91.240871,36.257669],[-91.25892,36.25788],[-91.258485,36.330886],[-91.275972,36.330872],[-91.274863,36.374583],[-91.292435,36.374745],[-91.291546,36.389176],[-91.310087,36.389798],[-91.30873,36.420427],[-91.349067,36.420914],[-91.348901,36.435586],[-91.353379,36.435606],[-91.353247,36.4504],[-91.35761,36.45037],[-91.357388,36.465081],[-91.361899,36.464919],[-91.361853,36.472167],[-91.380599,36.472379],[-91.380477,36.47964],[-91.398455,36.479932],[-91.39819,36.487064],[-91.40724,36.487192],[-91.4068735134311,36.4971189963869]]]}},{"type":"Feature","properties":{"GEOID":"05073","NAME":"Lafayette","state":"AR","wildfire_risk_score":21.628,"wildfire_eal_total":5522.47,"risk_band":"Low","source":"FEMA National Risk Index v1.20 (December 2025)"},"geometry":{"type":"Polygon","coordinates":[[[-93.863322,33.098852],[-93.854328,33.103895],[-93.856061,33.114381],[-93.847817,33.125362],[-93.848566,33.140182],[-93.839508,33.148264],[-93.830304,33.14723],[-93.822157,33.137517],[-93.814588,33.135843],[-93.810381,33.155121],[-93.799771,33.162501],[-93.788642,33.159885],[-93.786291,33.147256],[-93.775341,33.13945],[-93.777075,33.157027],[-93.772626,33.166211],[-93.760322,33.166138],[-93.742589,33.154835],[-93.734875,33.156613],[-93.736622,33.166081],[-93.755773,33.167459],[-93.758245,33.177958],[-93.72838,33.184027],[-93.725993,33.188526],[-93.739225,33.198568],[-93.735128,33.208208],[-93.700302,33.225888],[-93.702409,33.229513],[-93.721803,33.222134],[-93.729015,33.227564],[-93.708324,33.255119],[-93.725578,33.269181],[-93.728978,33.28008],[-93.720788,33.288256],[-93.706309,33.278267],[-93.689925,33.27702],[-93.686657,33.304376],[-93.692684,33.317284],[-93.671742,33.321798],[-93.664921,33.329487],[-93.681525,33.339239],[-93.707572,33.340392],[-93.708158,33.353333],[-93.700856,33.358545],[-93.697929,33.370473],[-93.671791,33.377768],[-93.686685,33.388651],[-93.694903,33.385953],[-93.704287,33.372793],[-93.718421,33.375084],[-93.723455,33.382165],[-93.720101,33.386319],[-93.699096,33.38775],[-93.715046,33.397602],[-93.71811,33.408107],[-93.731975,33.419809],[-93.731403,33.424112],[-93.716344,33.430046],[-93.71466,33.439089],[-93.720435,33.440965],[-93.736261,33.427062],[-93.746318,33.440698],[-93.742437,33.445366],[-93.725839,33.445733],[-93.737109,33.457757],[-93.731841,33.470467],[-93.719951,33.48203],[-93.483217,33.476172],[-93.483931,33.447368],[-93.365644,33.444491],[-93.376602,33.432902],[-93.388736,33.403814],[-93.39622,33.399252],[-93.402286,33.373209],[-93.412913,33.362476],[-93.410362,33.35249],[-93.428955,33.315193],[-93.422812,33.303064],[-93.436174,33.289164],[-93.433115,33.273894],[-93.440697,33.259483],[-93.481748,33.260065],[-93.4905578365116,33.0184422416463],[-93.8071375448562,33.019378905277],[-93.807528,33.026577],[-93.827857,33.03374],[-93.818583,33.041977],[-93.818904,33.049356],[-93.840631,33.05754],[-93.836833,33.077036],[-93.855083,33.087268],[-93.863322,33.098852]]]}},{"type":"Feature","properties":{"GEOID":"05057","NAME":"Hempstead","state":"AR","wildfire_risk_score":32.761,"wildfire_eal_total":11730.21,"risk_band":"Moderate","source":"FEMA National Risk Index v1.20 (December 2025)"},"geometry":{"type":"Polygon","coordinates":[[[-93.969451,33.740212],[-93.959111,33.739028],[-93.959053,33.734463],[-93.952617,33.739012],[-93.956951,33.750927],[-93.831577,33.748236],[-93.823076,34.008893],[-93.749844,34.006872],[-93.721807,33.996556],[-93.699986,33.995197],[-93.681536,33.983296],[-93.64658,33.982878],[-93.640559,33.974211],[-93.627875,33.973768],[-93.629866,33.967951],[-93.62561,33.969943],[-93.61573,33.959182],[-93.604531,33.96475],[-93.591123,33.964287],[-93.579008,33.956801],[-93.569892,33.961185],[-93.567722,33.956932],[-93.543341,33.950598],[-93.532526,33.954903],[-93.528249,33.942938],[-93.499125,33.945707],[-93.50063,33.948654],[-93.493843,33.948747],[-93.497693,33.954031],[-93.490492,33.95666],[-93.475994,33.951789],[-93.477652,33.961324],[-93.467306,33.96422],[-93.465874,33.958862],[-93.460728,33.963077],[-93.456452,33.96012],[-93.460895,33.825052],[-93.471247,33.825329],[-93.483217,33.476172],[-93.719951,33.48203],[-93.74929,33.513645],[-93.741722,33.52845],[-93.747542,33.534444],[-93.764641,33.515311],[-93.756476,33.501651],[-93.77267,33.4989],[-93.780186,33.521602],[-93.770198,33.526333],[-93.768981,33.532131],[-93.783575,33.527784],[-93.797459,33.535005],[-93.795302,33.541118],[-93.782934,33.548489],[-93.783688,33.555967],[-93.788811,33.55607],[-93.797777,33.542255],[-93.805862,33.541869],[-93.809303,33.54869],[-93.800466,33.558531],[-93.800932,33.564781],[-93.827763,33.573822],[-93.812457,33.598136],[-93.8182,33.613318],[-93.833906,33.607224],[-93.84332,33.618093],[-93.85286,33.613888],[-93.860184,33.61719],[-93.865336,33.631367],[-93.875228,33.634185],[-93.884548,33.62742],[-93.89518,33.639743],[-93.915455,33.628933],[-93.911405,33.640525],[-93.901846,33.64732],[-93.915084,33.658924],[-93.913227,33.663189],[-93.931276,33.662953],[-93.930451,33.654626],[-93.940529,33.647684],[-93.946701,33.660356],[-93.964488,33.668399],[-93.967717,33.675836],[-93.960598,33.692481],[-93.966739,33.704122],[-93.951333,33.706899],[-93.956092,33.714254],[-93.951222,33.72164],[-93.954182,33.728181],[-93.959039,33.727927],[-93.958737,33.713847],[-93.964317,33.713378],[-93.96937,33.727846],[-93.96285,33.735033],[-93.969451,33.740212]]]}},{"type":"Feature","properties":{"GEOID":"05045","NAME":"Faulkner","state":"AR","wildfire_risk_score":77.767,"wildfire_eal_total":403732.92,"risk_band":"High","source":"FEMA National Risk Index v1.20 (December 2025)"},"geometry":{"type":"Polygon","coordinates":[[[-92.599245,35.000334],[-92.592529,35.014217],[-92.560185,35.035427],[-92.543725,35.059008],[-92.540712,35.087729],[-92.553883,35.117762],[-92.543025,35.126073],[-92.533943,35.114761],[-92.521689,35.114597],[-92.515884,35.129048],[-92.505986,35.138169],[-92.513066,35.143482],[-92.504094,35.147542],[-92.501517,35.163281],[-92.507252,35.166867],[-92.500467,35.168654],[-92.499756,35.17495],[-92.528976,35.190302],[-92.524662,35.205301],[-92.527696,35.209468],[-92.519145,35.21708],[-92.525225,35.218064],[-92.52379,35.221862],[-92.529665,35.219423],[-92.531503,35.224259],[-92.52772,35.230787],[-92.521991,35.227535],[-92.522524,35.23112],[-92.515154,35.233127],[-92.512379,35.244456],[-92.511223,35.240198],[-92.503706,35.240777],[-92.503339,35.246534],[-92.514442,35.256326],[-92.493653,35.266394],[-92.498968,35.266876],[-92.494024,35.273668],[-92.484883,35.275489],[-92.481468,35.368417],[-92.111535,35.362633],[-92.12154,35.012204],[-92.22717,35.014595],[-92.229886,34.927517],[-92.419073,34.93155],[-92.413068,34.924913],[-92.41767,34.923851],[-92.414479,34.922146],[-92.417615,34.913671],[-92.435135,34.907686],[-92.436699,34.903042],[-92.437701,34.906722],[-92.439426,34.903086],[-92.449612,34.903305],[-92.4424,34.871108],[-92.447233,34.856981],[-92.436413,34.842962],[-92.456006,34.851795],[-92.464567,34.862754],[-92.451089,34.90522],[-92.465813,34.92467],[-92.473547,34.947],[-92.485422,34.953041],[-92.527876,34.950805],[-92.561077,34.957021],[-92.588064,34.975568],[-92.599245,35.000334]]]}},{"type":"Feature","properties":{"GEOID":"05011","NAME":"Bradley","state":"AR","wildfire_risk_score":27.449,"wildfire_eal_total":7063.55,"risk_band":"Low","source":"FEMA National Risk Index v1.20 (December 2025)"},"geometry":{"type":"Polygon","coordinates":[[[-92.381527,33.340605],[-92.377618,33.361608],[-92.372186,33.366994],[-92.376186,33.376983],[-92.359868,33.379745],[-92.356001,33.400929],[-92.341428,33.414553],[-92.337236,33.422944],[-92.340637,33.430167],[-92.328331,33.443214],[-92.329679,33.456154],[-92.319377,33.472248],[-92.322423,33.485674],[-92.311049,33.499869],[-92.323759,33.531524],[-92.314104,33.551019],[-92.325872,33.571054],[-92.320952,33.585568],[-92.330515,33.603079],[-92.320743,33.634102],[-92.320533,33.646723],[-92.327067,33.661677],[-92.320101,33.682331],[-92.329018,33.694857],[-92.330918,33.707745],[-91.97588,33.704417],[-91.976159,33.529686],[-92.008223,33.529702],[-92.008442,33.52262],[-92.002598,33.519939],[-92.00474,33.516053],[-91.999587,33.515528],[-92.006333,33.511235],[-92.000422,33.508406],[-91.999045,33.499986],[-92.008176,33.494075],[-92.00893,33.486841],[-92.000072,33.472953],[-92.015217,33.456626],[-92.012686,33.447365],[-91.996295,33.442205],[-91.992054,33.436453],[-92.000468,33.427056],[-92.002005,33.415498],[-91.986871,33.387246],[-91.959866,33.379042],[-91.969532,33.369077],[-91.966875,33.357578],[-91.971293,33.350406],[-91.979113,33.346228],[-91.989302,33.348401],[-91.973467,33.32071],[-91.977274,33.30245],[-91.99333,33.29804],[-91.993699,33.304323],[-92.000827,33.304073],[-92.009204,33.297255],[-92.001141,33.287024],[-92.005756,33.282537],[-92.010323,33.284915],[-92.026957,33.274468],[-92.03123,33.282802],[-92.041997,33.278201],[-92.036487,33.268501],[-92.048027,33.263526],[-92.044701,33.25664],[-92.052272,33.252803],[-92.05986,33.257331],[-92.064419,33.249861],[-92.073303,33.251013],[-92.071174,33.238491],[-92.088706,33.238584],[-92.090341,33.235207],[-92.08552,33.233275],[-92.093742,33.221373],[-92.102379,33.218534],[-92.104366,33.223908],[-92.116092,33.223192],[-92.114159,33.208133],[-92.128054,33.209247],[-92.135963,33.196598],[-92.138418,33.187773],[-92.13153,33.189085],[-92.128375,33.183576],[-92.135112,33.183448],[-92.12955,33.179814],[-92.137549,33.162904],[-92.147892,33.161729],[-92.145115,33.167484],[-92.150229,33.170383],[-92.161545,33.168422],[-92.159138,33.16301],[-92.164484,33.161309],[-92.172273,33.164555],[-92.162635,33.17195],[-92.167509,33.184387],[-92.17457,33.182719],[-92.173903,33.189881],[-92.181543,33.187598],[-92.174378,33.195146],[-92.179462,33.198967],[-92.180152,33.214031],[-92.19568,33.201722],[-92.201664,33.205068],[-92.210327,33.202164],[-92.215821,33.209825],[-92.223021,33.209713],[-92.223051,33.221036],[-92.210855,33.22492],[-92.234071,33.233198],[-92.225797,33.241931],[-92.225047,33.253696],[-92.23631,33.258485],[-92.243918,33.250159],[-92.25735,33.257012],[-92.266823,33.25452],[-92.270877,33.266564],[-92.292691,33.264362],[-92.291147,33.274429],[-92.297483,33.281031],[-92.303651,33.272492],[-92.312882,33.272318],[-92.309448,33.264643],[-92.326473,33.262723],[-92.327567,33.279558],[-92.337963,33.2758],[-92.346318,33.281659],[-92.359113,33.281961],[-92.350277,33.298842],[-92.353752,33.305142],[-92.365306,33.305705],[-92.378679,33.314836],[-92.376911,33.337654],[-92.381527,33.340605]]]}},{"type":"Feature","properties":{"GEOID":"05085","NAME":"Lonoke","state":"AR","wildfire_risk_score":52.195,"wildfire_eal_total":63440.91,"risk_band":"Moderate","source":"FEMA National Risk Index v1.20 (December 2025)"},"geometry":{"type":"Polygon","coordinates":[[[-92.120056,35.056194],[-92.11839,35.067277],[-92.089054,35.064782],[-92.068236,35.075179],[-92.049997,35.067095],[-92.012923,35.076319],[-91.995414,35.058911],[-91.983869,35.059332],[-91.979201,35.053268],[-91.970353,35.049656],[-91.961835,35.052242],[-91.949397,35.044531],[-91.925343,35.045919],[-91.902143,35.027821],[-91.895204,35.032917],[-91.875437,35.023585],[-91.852639,35.024556],[-91.811262,35.033528],[-91.802509,35.030698],[-91.803703,34.921524],[-91.693705,34.919605],[-91.700772,34.672067],[-91.675252,34.663025],[-91.661244,34.645312],[-91.641683,34.635231],[-91.639148,34.622779],[-91.653134,34.602295],[-91.659629,34.600027],[-91.66499,34.5798],[-91.652158,34.566712],[-91.648877,34.569663],[-91.636431,34.566424],[-91.632955,34.55327],[-91.63855,34.542082],[-91.667782,34.52155],[-91.679017,34.506999],[-91.675783,34.504557],[-91.681019,34.499462],[-91.679592,34.492144],[-91.683424,34.492503],[-91.67551,34.48291],[-92.030254,34.489539],[-92.029656,34.621659],[-92.109066,34.622947],[-92.108545,34.645125],[-92.098774,34.66245],[-92.092867,34.704817],[-92.097087,34.721979],[-92.078795,34.721772],[-92.070806,35.011561],[-92.12154,35.012204],[-92.120056,35.056194]]]}},{"type":"Feature","properties":{"GEOID":"05099","NAME":"Nevada","state":"AR","wildfire_risk_score":29.485,"wildfire_eal_total":7828.0,"risk_band":"Moderate","source":"FEMA National Risk Index v1.20 (December 2025)"},"geometry":{"type":"Polygon","coordinates":[[[-93.483217,33.476172],[-93.471247,33.825329],[-93.460895,33.825052],[-93.456665,33.95682],[-93.451336,33.960511],[-93.432815,33.954848],[-93.427846,33.95942],[-93.430017,33.954874],[-93.420068,33.954127],[-93.418216,33.948889],[-93.414025,33.953725],[-93.399608,33.951325],[-93.397973,33.95585],[-93.391259,33.951507],[-93.388263,33.955377],[-93.391504,33.95781],[-93.381069,33.959318],[-93.362437,33.944982],[-93.358878,33.948329],[-93.350527,33.933758],[-93.339662,33.934147],[-93.33795,33.916279],[-93.325176,33.917882],[-93.321557,33.907161],[-93.312572,33.90672],[-93.301405,33.896973],[-93.298239,33.886663],[-93.307543,33.882072],[-93.303765,33.868948],[-93.289607,33.844084],[-93.274614,33.841133],[-93.276303,33.835321],[-93.260906,33.83765],[-93.265175,33.832942],[-93.258168,33.828759],[-93.244044,33.82952],[-93.240281,33.824059],[-93.24155,33.828995],[-93.23601,33.831186],[-93.232662,33.826392],[-93.231203,33.829673],[-93.225976,33.826442],[-93.225981,33.830678],[-93.218491,33.828467],[-93.21935,33.821624],[-93.214683,33.826267],[-93.209553,33.818678],[-93.208939,33.822933],[-93.19541,33.819079],[-93.178975,33.800271],[-93.174716,33.806345],[-93.167525,33.804216],[-93.156535,33.813746],[-93.155414,33.809817],[-93.146306,33.809545],[-93.150524,33.812718],[-93.140263,33.815629],[-93.127419,33.79791],[-93.12859,33.792763],[-93.104405,33.777093],[-93.116328,33.452922],[-93.221147,33.455081],[-93.221349,33.440487],[-93.483931,33.447368],[-93.483217,33.476172]]]}},{"type":"Feature","properties":{"GEOID":"05037","NAME":"Cross","state":"AR","wildfire_risk_score":12.5,"wildfire_eal_total":3387.26,"risk_band":"Low","source":"FEMA National Risk Index v1.20 (December 2025)"},"geometry":{"type":"Polygon","coordinates":[[[-91.041129,35.222669],[-91.039251,35.44295],[-90.716186,35.445848],[-90.716119,35.449773],[-90.610797,35.448769],[-90.61094,35.441744],[-90.502392,35.441647],[-90.506526,35.17875],[-90.502215,35.178818],[-90.503017,35.143286],[-91.042566,35.148188],[-91.041129,35.222669]]]}},{"type":"Feature","properties":{"GEOID":"05007","NAME":"Benton","state":"AR","wildfire_risk_score":92.78,"wildfire_eal_total":2623584.04,"risk_band":"High","source":"FEMA National Risk Index v1.20 (December 2025)"},"geometry":{"type":"Polygon","coordinates":[[[-94.617919,36.499414],[-93.8666890960689,36.4987886377683],[-93.866823,36.386145],[-93.872687,36.384529],[-93.872719,36.393715],[-93.881941,36.394198],[-93.884283,36.392098],[-93.878795,36.388205],[-93.883423,36.390567],[-93.882349,36.385488],[-93.890128,36.377899],[-93.885099,36.372244],[-93.875448,36.379211],[-93.881467,36.371282],[-93.877727,36.368343],[-93.866976,36.376577],[-93.864639,36.344774],[-93.867801,36.343313],[-93.864704,36.34201],[-93.868081,36.335991],[-93.862297,36.339421],[-93.862464,36.334243],[-93.852514,36.333524],[-93.858337,36.320388],[-93.855789,36.317749],[-93.849319,36.330578],[-93.842727,36.322694],[-93.832929,36.322887],[-93.832556,36.312969],[-93.82167,36.309006],[-93.814885,36.312947],[-93.815078,36.306551],[-93.868987,36.307363],[-93.869865,36.234833],[-93.944341,36.236103],[-93.942933,36.232133],[-93.955221,36.232995],[-93.957608,36.222017],[-93.972089,36.22854],[-93.97585,36.222315],[-93.973702,36.204238],[-93.982811,36.211783],[-93.995272,36.209704],[-94.00192,36.216564],[-94.008776,36.215277],[-94.008374,36.222497],[-93.997048,36.224898],[-94.001961,36.230459],[-94.025912,36.221943],[-94.024783,36.215269],[-94.01432,36.215958],[-94.017509,36.208149],[-94.333639,36.214689],[-94.336184,36.142009],[-94.389818,36.142722],[-94.391125,36.099396],[-94.5521649859981,36.1021279002748],[-94.617919,36.499414]]]}},{"type":"Feature","properties":{"GEOID":"05139","NAME":"Union","state":"AR","wildfire_risk_score":27.926,"wildfire_eal_total":8848.45,"risk_band":"Low","source":"FEMA National Risk Index v1.20 (December 2025)"},"geometry":{"type":"Polygon","coordinates":[[[-92.986328,33.097701],[-92.978483,33.377142],[-92.794247,33.372582],[-92.785435,33.376864],[-92.777398,33.374942],[-92.756072,33.387582],[-92.747903,33.383673],[-92.72616,33.384335],[-92.716223,33.378657],[-92.714926,33.370512],[-92.701809,33.36645],[-92.690196,33.368626],[-92.681514,33.365825],[-92.684856,33.363629],[-92.682166,33.360067],[-92.66084,33.355985],[-92.645906,33.36853],[-92.623979,33.359178],[-92.613192,33.360126],[-92.610652,33.364475],[-92.59885,33.361029],[-92.603195,33.364429],[-92.594392,33.373739],[-92.578853,33.36714],[-92.573132,33.369957],[-92.561664,33.36196],[-92.547268,33.366325],[-92.546441,33.359464],[-92.531821,33.355619],[-92.535437,33.348223],[-92.529073,33.343941],[-92.526841,33.332523],[-92.519255,33.332003],[-92.52675,33.320659],[-92.524238,33.316942],[-92.499891,33.327617],[-92.488087,33.315534],[-92.480688,33.327838],[-92.470783,33.314275],[-92.460013,33.32022],[-92.458852,33.314854],[-92.471025,33.306298],[-92.458493,33.304013],[-92.473036,33.293661],[-92.460072,33.283213],[-92.452892,33.287416],[-92.443,33.273447],[-92.432664,33.276595],[-92.431386,33.269468],[-92.377067,33.280026],[-92.371408,33.288009],[-92.361139,33.291598],[-92.356915,33.302002],[-92.350309,33.29628],[-92.359113,33.281961],[-92.346318,33.281659],[-92.337963,33.2758],[-92.327567,33.279558],[-92.324996,33.26212],[-92.309448,33.264643],[-92.312882,33.272318],[-92.303651,33.272492],[-92.297483,33.281031],[-92.291147,33.274429],[-92.292691,33.264362],[-92.270877,33.266564],[-92.266823,33.25452],[-92.25735,33.257012],[-92.243918,33.250159],[-92.23631,33.258485],[-92.225047,33.253696],[-92.225797,33.241931],[-92.234071,33.233198],[-92.210855,33.22492],[-92.222203,33.221879],[-92.224311,33.211687],[-92.215821,33.209825],[-92.210327,33.202164],[-92.201664,33.205068],[-92.19568,33.201722],[-92.180152,33.214031],[-92.179462,33.198967],[-92.174378,33.195146],[-92.181543,33.187598],[-92.172649,33.189427],[-92.17457,33.182719],[-92.167509,33.184387],[-92.168676,33.179144],[-92.162791,33.173295],[-92.17148,33.163351],[-92.159871,33.161875],[-92.161545,33.168422],[-92.150229,33.170383],[-92.145115,33.167484],[-92.146673,33.161303],[-92.138767,33.16382],[-92.11074,33.157401],[-92.108279,33.145754],[-92.119457,33.144396],[-92.113177,33.133138],[-92.11814,33.121899],[-92.127425,33.120269],[-92.137054,33.101655],[-92.14366,33.098346],[-92.132582,33.09672],[-92.135132,33.088966],[-92.12945,33.070486],[-92.115054,33.070977],[-92.108784,33.051607],[-92.115269,33.04719],[-92.110177,33.043095],[-92.108796,33.032501],[-92.082699,33.031154],[-92.07872,33.017862],[-92.0689596390547,33.008162087981],[-92.9887766133733,33.0172983171707],[-92.986328,33.097701]]]}},{"type":"Feature","properties":{"GEOID":"05003","NAME":"Ashley","state":"AR","wildfire_risk_score":32.093,"wildfire_eal_total":10757.61,"risk_band":"Moderate","source":"FEMA National Risk Index v1.20 (December 2025)"},"geometry":{"type":"Polygon","coordinates":[[[-92.14366,33.098346],[-92.137054,33.101655],[-92.127425,33.120269],[-92.11814,33.121899],[-92.113177,33.133138],[-92.119457,33.144396],[-92.108279,33.145754],[-92.111651,33.158731],[-92.137236,33.161206],[-92.12955,33.179814],[-92.135112,33.183448],[-92.128375,33.183576],[-92.13153,33.189085],[-92.138418,33.187773],[-92.128054,33.209247],[-92.114159,33.208133],[-92.116092,33.223192],[-92.104366,33.223908],[-92.102379,33.218534],[-92.093742,33.221373],[-92.088106,33.226696],[-92.08552,33.233275],[-92.090341,33.235207],[-92.086297,33.240227],[-92.071174,33.238491],[-92.073303,33.251013],[-92.064419,33.249861],[-92.05986,33.257331],[-92.052272,33.252803],[-92.044701,33.25664],[-92.048027,33.263526],[-92.036487,33.268501],[-92.041997,33.278201],[-92.03123,33.282802],[-92.026957,33.274468],[-92.001461,33.285558],[-92.009204,33.297255],[-92.000827,33.304073],[-91.993699,33.304323],[-91.99333,33.29804],[-91.977274,33.30245],[-91.973467,33.32071],[-91.989302,33.348401],[-91.979113,33.346228],[-91.971293,33.350406],[-91.966875,33.357578],[-91.969532,33.369077],[-91.959866,33.379042],[-91.986871,33.387246],[-91.990179,33.398292],[-91.45737,33.388974],[-91.4603776475285,33.0059093538278],[-92.0689596390547,33.008162087981],[-92.07872,33.017862],[-92.082699,33.031154],[-92.108796,33.032501],[-92.110177,33.043095],[-92.115269,33.04719],[-92.108784,33.051607],[-92.115054,33.070977],[-92.12945,33.070486],[-92.135132,33.088966],[-92.132582,33.09672],[-92.14366,33.098346]]]}},{"type":"Feature","properties":{"GEOID":"05133","NAME":"Sevier","state":"AR","wildfire_risk_score":58.047,"wildfire_eal_total":42229.43,"risk_band":"Moderate","source":"FEMA National Risk Index v1.20 (December 2025)"},"geometry":{"type":"Polygon","coordinates":[[[-94.4773177317554,33.9409503011619],[-94.4702836220645,34.1901816463447],[-94.098337,34.19112],[-94.089837,34.184122],[-94.097394,34.176987],[-94.09676,34.162398],[-94.102874,34.159823],[-94.091332,34.156482],[-94.098262,34.143942],[-94.091453,34.140735],[-94.103562,34.13638],[-94.080467,34.125619],[-94.093473,34.112145],[-94.081679,34.101669],[-94.090037,34.080849],[-94.095263,34.078086],[-94.073484,34.068393],[-94.086643,34.057347],[-94.082478,34.046938],[-94.087439,34.034291],[-94.079459,34.023525],[-94.083491,34.023127],[-94.08178,34.019361],[-94.070861,34.010677],[-94.075853,34.007351],[-94.066651,33.999212],[-94.069675,33.995597],[-94.06613,33.995051],[-94.064733,33.983107],[-94.068178,33.979637],[-94.057733,33.968313],[-94.060313,33.960974],[-94.069448,33.955351],[-94.064876,33.945286],[-94.06992,33.938232],[-94.064847,33.933014],[-94.070321,33.931595],[-94.070276,33.927226],[-94.060243,33.907766],[-94.053318,33.903873],[-94.052798,33.885911],[-94.019768,33.872486],[-94.017051,33.867754],[-94.021794,33.857313],[-94.015709,33.852935],[-94.019269,33.850602],[-94.008772,33.848285],[-94.001485,33.838245],[-94.004421,33.834949],[-93.994227,33.830881],[-93.988425,33.819396],[-93.972918,33.809431],[-93.97304,33.803611],[-93.964332,33.794905],[-93.969208,33.793753],[-93.967936,33.787469],[-93.960288,33.78547],[-93.963257,33.779248],[-93.959243,33.777192],[-93.969453,33.773213],[-93.967089,33.761292],[-93.961833,33.75846],[-93.965975,33.754959],[-93.959322,33.755125],[-93.95891,33.751058],[-94.041783,33.753337],[-94.040865,33.781979],[-94.086413,33.783172],[-94.119442,33.791675],[-94.121999,33.785067],[-94.132947,33.787916],[-94.139242,33.780358],[-94.15057,33.792097],[-94.154662,33.789994],[-94.15182,33.784839],[-94.161722,33.783959],[-94.171869,33.795608],[-94.171067,33.789411],[-94.18615,33.785854],[-94.190257,33.78857],[-94.185023,33.793899],[-94.18586,33.811755],[-94.217163,33.802625],[-94.221341,33.816167],[-94.229723,33.80108],[-94.239006,33.80225],[-94.238678,33.807165],[-94.249934,33.811464],[-94.252613,33.818511],[-94.26811,33.817223],[-94.279709,33.829022],[-94.301552,33.821255],[-94.304185,33.824123],[-94.296082,33.828878],[-94.305459,33.834717],[-94.302858,33.853196],[-94.326515,33.853738],[-94.319253,33.860218],[-94.334406,33.861],[-94.339531,33.870659],[-94.334309,33.877836],[-94.337194,33.881207],[-94.371258,33.877292],[-94.374184,33.88097],[-94.365596,33.8819],[-94.362793,33.888069],[-94.390445,33.896616],[-94.384882,33.915466],[-94.38946,33.919971],[-94.395621,33.918599],[-94.400085,33.925864],[-94.386143,33.925431],[-94.379677,33.93336],[-94.382794,33.939451],[-94.420379,33.943892],[-94.421993,33.939495],[-94.414626,33.936734],[-94.411412,33.928405],[-94.413956,33.926136],[-94.431834,33.932103],[-94.442493,33.930724],[-94.448269,33.93825],[-94.448784,33.929075],[-94.466335,33.94457],[-94.4773177317554,33.9409503011619]]]}},{"type":"Feature","properties":{"GEOID":"05131","NAME":"Sebastian","state":"AR","wildfire_risk_score":90.363,"wildfire_eal_total":1347125.45,"risk_band":"High","source":"FEMA National Risk Index v1.20 (December 2025)"},"geometry":{"type":"Polygon","coordinates":[[[-94.4476029001943,34.941921],[-94.431596,35.369538],[-94.43559,35.386122],[-94.423622,35.410524],[-94.4237,35.440024],[-94.410285,35.44873],[-94.390886,35.449781],[-94.349547,35.424423],[-94.337248,35.407414],[-94.348312,35.382568],[-94.344537,35.372881],[-94.282586,35.343437],[-94.269393,35.345307],[-94.25329,35.356031],[-94.229449,35.353266],[-94.209727,35.357758],[-94.172857,35.378283],[-94.137725,35.381137],[-94.132251,35.387602],[-94.133378,35.40283],[-94.161342,35.432776],[-94.150531,35.446172],[-94.119908,35.451108],[-94.085566,35.442764],[-94.074437,35.444997],[-94.08222,35.214782],[-94.064314,35.214536],[-94.064779,35.199877],[-94.047022,35.199466],[-94.046565,35.214081],[-94.028872,35.214176],[-94.031236,35.140908],[-94.139343,35.143362],[-94.140463,35.099674],[-94.158645,35.099847],[-94.15892,35.092475],[-94.176861,35.092941],[-94.181599,35.085727],[-94.195145,35.086122],[-94.195091,35.078897],[-94.222921,35.079361],[-94.223192,35.07216],[-94.250683,35.065606],[-94.250852,35.058171],[-94.228234,35.057464],[-94.230524,34.968527],[-94.293254,34.953047],[-94.324174,34.955912],[-94.342759,34.946952],[-94.350323,34.948198],[-94.360669,34.960844],[-94.374641,34.962957],[-94.374579,34.947938],[-94.392173,34.943542],[-94.409405,34.949895],[-94.430242,34.930746],[-94.4478837250622,34.9340835669104],[-94.4476029001943,34.941921]]]}},{"type":"Feature","properties":{"GEOID":"05015","NAME":"Carroll","state":"AR","wildfire_risk_score":64.917,"wildfire_eal_total":81216.47,"risk_band":"Moderate","source":"FEMA National Risk Index v1.20 (December 2025)"},"geometry":{"type":"Polygon","coordinates":[[[-93.89012,36.378675],[-93.882349,36.385488],[-93.883423,36.390567],[-93.878795,36.388205],[-93.884283,36.392098],[-93.881941,36.394198],[-93.872719,36.393715],[-93.872687,36.384529],[-93.866823,36.386145],[-93.8666890960689,36.4987886377683],[-93.2931173059246,36.4983426438173],[-93.298658,36.497022],[-93.294931,36.489246],[-93.3023,36.482633],[-93.296049,36.481635],[-93.295732,36.427857],[-93.30082,36.12155],[-93.551135,36.126271],[-93.550751,36.154985],[-93.585524,36.15567],[-93.584878,36.185674],[-93.611684,36.18657],[-93.611239,36.201081],[-93.620058,36.201248],[-93.618301,36.258876],[-93.641804,36.267652],[-93.630958,36.277912],[-93.639062,36.282722],[-93.643084,36.278019],[-93.648236,36.282745],[-93.651606,36.277245],[-93.662649,36.274874],[-93.663555,36.284644],[-93.656828,36.286574],[-93.660222,36.294476],[-93.6548,36.299185],[-93.657604,36.303019],[-93.815074,36.306482],[-93.814885,36.312947],[-93.82167,36.309006],[-93.832556,36.312969],[-93.832929,36.322887],[-93.842727,36.322694],[-93.849319,36.330578],[-93.855789,36.317749],[-93.858337,36.320388],[-93.852514,36.333524],[-93.862464,36.334243],[-93.862297,36.339421],[-93.868081,36.335991],[-93.864704,36.34201],[-93.867801,36.343313],[-93.864639,36.344774],[-93.866976,36.376577],[-93.877727,36.368343],[-93.881467,36.371282],[-93.875448,36.379211],[-93.885099,36.372244],[-93.89012,36.378675]]]}},{"type":"Feature","properties":{"GEOID":"05021","NAME":"Clay","state":"AR","wildfire_risk_score":6.075,"wildfire_eal_total":1297.53,"risk_band":"Low","source":"FEMA National Risk Index v1.20 (December 2025)"},"geometry":{"type":"Polygon","coordinates":[[[-90.806219,36.28812],[-90.795021,36.286167],[-90.787603,36.293908],[-90.780875,36.289184],[-90.781276,36.283879],[-90.765324,36.287075],[-90.749933,36.280211],[-90.7487,36.412866],[-90.77037,36.413297],[-90.768444,36.420678],[-90.761539,36.417887],[-90.756123,36.422702],[-90.762657,36.428786],[-90.769644,36.424236],[-90.777927,36.425841],[-90.778251,36.430074],[-90.773812,36.427903],[-90.767592,36.432455],[-90.77919,36.436979],[-90.772973,36.474833],[-90.768145,36.477084],[-90.770321,36.487748],[-90.777478,36.489283],[-90.7842436722685,36.4985236581613],[-90.152481,36.497952],[-90.159048,36.493734],[-90.155997,36.490385],[-90.159376,36.480084],[-90.142269,36.472138],[-90.152888,36.47093],[-90.155804,36.463555],[-90.142475,36.463422],[-90.137323,36.455411],[-90.134136,36.436602],[-90.144139,36.425806],[-90.134231,36.422827],[-90.138512,36.413952],[-90.131038,36.415069],[-90.109495,36.404073],[-90.080426,36.400763],[-90.064514,36.382085],[-90.066297,36.3593],[-90.077723,36.349484],[-90.074074,36.342895],[-90.081961,36.322097],[-90.069266,36.313152],[-90.06398,36.303038],[-90.0778,36.288349],[-90.075934,36.281485],[-90.083731,36.272332],[-90.114922,36.265595],[-90.118219,36.253491],[-90.130565,36.242092],[-90.12466,36.235549],[-90.126366,36.229367],[-90.14224,36.227522],[-90.152497,36.215582],[-90.167745,36.21332],[-90.1903598148148,36.201384],[-90.32096,36.200575],[-90.319581,36.259139],[-90.806676,36.267032],[-90.806219,36.28812]]]}},{"type":"Feature","properties":{"GEOID":"05041","NAME":"Desha","state":"AR","wildfire_risk_score":3.212,"wildfire_eal_total":690.6,"risk_band":"Low","source":"FEMA National Risk Index v1.20 (December 2025)"},"geometry":{"type":"Polygon","coordinates":[[[-91.557326,33.797308],[-91.548656,33.976815],[-91.465712,33.975759],[-91.465232,34.004734],[-91.42227,33.998536],[-91.421985,34.011715],[-91.406953,34.002034],[-91.387874,33.979836],[-91.373343,33.982157],[-91.360929,34.002303],[-91.354438,34.004753],[-91.345696,33.999311],[-91.33824,33.985221],[-91.331267,33.983592],[-91.326021,33.989162],[-91.340322,34.012595],[-91.331598,34.016635],[-91.318373,34.003975],[-91.312046,33.974644],[-91.322466,33.966795],[-91.337686,33.97354],[-91.34765,33.971254],[-91.357591,33.962765],[-91.353336,33.956907],[-91.311775,33.95939],[-91.290241,33.968469],[-91.290821,33.955617],[-91.270833,33.941486],[-91.262475,33.957284],[-91.251859,33.956778],[-91.239438,33.97376],[-91.230239,33.977792],[-91.2307,33.964145],[-91.239448,33.949173],[-91.236472,33.942842],[-91.229177,33.940506],[-91.215527,33.954623],[-91.197319,33.953213],[-91.170177,33.9587],[-91.161786,33.943499],[-91.174246,33.92856],[-91.164217,33.92129],[-91.154447,33.930157],[-91.136901,33.926225],[-91.151496,33.937346],[-91.14074,33.946219],[-91.152124,33.953574],[-91.139182,33.955484],[-91.135655,33.96202],[-91.147444,33.974408],[-91.158812,33.978992],[-91.156448,33.990751],[-91.162246,34.00584],[-91.169862,34.014594],[-91.184368,34.017529],[-91.183571,34.027615],[-91.195249,34.035317],[-91.196874,34.050207],[-91.187815,34.062052],[-91.193995,34.072607],[-91.18361,34.072575],[-91.185093,34.082593],[-91.167695,34.094332],[-91.157914,34.085904],[-91.149917,34.08537],[-91.150694,34.103535],[-91.141264,34.101657],[-91.142404,34.111301],[-91.123643,34.106333],[-91.117918,34.119039],[-90.9555783321976,34.1188764008596],[-90.921294,34.093514],[-90.888085,34.09781],[-90.871923,34.086652],[-90.872369,34.076022],[-90.887837,34.055403],[-90.886252,34.039208],[-90.891243,34.027942],[-90.919508,34.021348],[-90.964625,34.026798],[-90.988184,34.019211],[-90.978678,33.99717],[-90.961548,33.979945],[-90.96372,33.967688],[-90.970856,33.961868],[-90.98666,33.960527],[-91.000108,33.966428],[-91.018948,34.003225],[-91.048712,33.99268],[-91.074691,34.009018],[-91.086202,34.006418],[-91.090484,33.991418],[-91.087753,33.959313],[-91.023122,33.943216],[-91.010194,33.93159],[-91.034606,33.898264],[-91.069777,33.872721],[-91.073145,33.860155],[-91.070194,33.84534],[-91.049083,33.816026],[-90.996809,33.79694],[-90.989299,33.788016],[-90.989444,33.780576],[-91.001322,33.768571],[-91.01837,33.764131],[-91.053386,33.778283],[-91.108427,33.771712],[-91.129444,33.783726],[-91.144963,33.768075],[-91.140814,33.760131],[-91.148807,33.73136],[-91.126232,33.709183],[-91.101867,33.704908],[-91.060529,33.71513],[-91.030402,33.687766],[-91.03684,33.671316],[-91.091351,33.657764],[-91.133416,33.67679],[-91.160367,33.706602],[-91.210659,33.700399],[-91.223914,33.693739],[-91.230634,33.677147],[-91.224474,33.665191],[-91.212226,33.656956],[-91.182485,33.653505],[-91.159986,33.642897],[-91.137441,33.626874],[-91.129512,33.601603],[-91.13686,33.590193],[-91.164855,33.570175],[-91.215449,33.569271],[-91.242382,33.561456],[-91.245756,33.51719],[-91.32464,33.518679],[-91.324128,33.525913],[-91.333383,33.526166],[-91.333091,33.533533],[-91.346021,33.53356],[-91.34633,33.51927],[-91.350751,33.519343],[-91.349594,33.563572],[-91.453462,33.563675],[-91.450284,33.780543],[-91.557656,33.783322],[-91.557326,33.797308]]]}},{"type":"Feature","properties":{"GEOID":"05063","NAME":"Independence","state":"AR","wildfire_risk_score":70.483,"wildfire_eal_total":154567.87,"risk_band":"High","source":"FEMA National Risk Index v1.20 (December 2025)"},"geometry":{"type":"Polygon","coordinates":[[[-91.870982,35.810523],[-91.849917,35.844255],[-91.849456,35.867301],[-91.753447,35.942849],[-91.463132,35.93685],[-91.464678,35.892549],[-91.198556,35.890024],[-91.202384,35.8871],[-91.197676,35.884124],[-91.210977,35.88314],[-91.204877,35.873583],[-91.207477,35.871813],[-91.212348,35.881317],[-91.218205,35.881326],[-91.209893,35.861966],[-91.221644,35.851698],[-91.208537,35.849695],[-91.228993,35.843063],[-91.234504,35.833894],[-91.248483,35.833116],[-91.24687,35.828664],[-91.23222,35.82433],[-91.2394,35.821296],[-91.230597,35.813939],[-91.254322,35.807981],[-91.25962,35.810985],[-91.261063,35.80389],[-91.247484,35.799366],[-91.271958,35.78816],[-91.281032,35.791962],[-91.282145,35.784435],[-91.288315,35.780731],[-91.280108,35.774302],[-91.290905,35.773113],[-91.291889,35.765485],[-91.311304,35.765846],[-91.311029,35.756666],[-91.317443,35.756709],[-91.318428,35.748982],[-91.333343,35.740297],[-91.327592,35.730175],[-91.333477,35.724445],[-91.332617,35.717925],[-91.339557,35.712298],[-91.345441,35.721263],[-91.353986,35.709198],[-91.35565,35.695671],[-91.346978,35.688419],[-91.347183,35.680166],[-91.353107,35.678141],[-91.342759,35.672365],[-91.346164,35.664718],[-91.337583,35.662425],[-91.340625,35.652761],[-91.32332,35.6477],[-91.321191,35.639457],[-91.347749,35.636341],[-91.35974,35.642249],[-91.368941,35.639954],[-91.369655,35.52637],[-91.793577,35.534078],[-91.789645,35.711784],[-91.806834,35.704558],[-91.837176,35.705019],[-91.836121,35.748855],[-91.864471,35.76972],[-91.870982,35.810523]]]}},{"type":"Feature","properties":{"GEOID":"05019","NAME":"Clark","state":"AR","wildfire_risk_score":31.011,"wildfire_eal_total":11867.63,"risk_band":"Moderate","source":"FEMA National Risk Index v1.20 (December 2025)"},"geometry":{"type":"Polygon","coordinates":[[[-93.502172,34.219907],[-93.501506,34.253701],[-93.480423,34.253272],[-93.478485,34.340839],[-93.355795,34.338698],[-93.356877,34.280308],[-93.19828,34.277301],[-93.199498,34.248062],[-93.090003,34.24566],[-93.090855,34.237487],[-93.084496,34.235622],[-93.082592,34.240025],[-93.080487,34.235096],[-93.034967,34.236605],[-93.039373,34.222478],[-93.030067,34.220622],[-93.034321,34.216675],[-93.027272,34.211176],[-93.025833,34.202211],[-93.03656,34.194946],[-93.042988,34.180638],[-93.038851,34.155318],[-93.028964,34.161537],[-92.886136,34.155699],[-92.89306,33.983293],[-92.949116,33.986338],[-92.953515,33.97724],[-92.961217,33.973977],[-92.947876,33.962174],[-92.938861,33.968419],[-92.938532,33.949576],[-92.92816,33.946928],[-92.934913,33.938455],[-92.933129,33.93164],[-92.923322,33.929648],[-92.918318,33.936125],[-92.913356,33.933208],[-92.919997,33.925869],[-92.908988,33.91852],[-92.909502,33.909706],[-92.893071,33.903848],[-92.91262,33.893499],[-92.90259,33.881122],[-92.906471,33.874699],[-92.900084,33.866823],[-92.905883,33.862592],[-92.900045,33.856946],[-92.883842,33.85607],[-92.876352,33.844926],[-92.878892,33.837019],[-92.89327,33.834373],[-92.888269,33.823615],[-92.895036,33.822858],[-92.899682,33.81633],[-92.893326,33.809278],[-92.896545,33.806356],[-92.91865,33.82155],[-92.927863,33.815083],[-92.928816,33.822544],[-92.932264,33.812621],[-92.939827,33.8105],[-92.936383,33.80727],[-92.942678,33.796984],[-92.944391,33.801166],[-92.953615,33.798634],[-92.969743,33.787934],[-92.981202,33.788419],[-92.982377,33.783567],[-92.992667,33.782445],[-92.992821,33.777393],[-93.009026,33.778551],[-93.031882,33.769938],[-93.040804,33.772187],[-93.04422,33.779175],[-93.055575,33.778483],[-93.055105,33.78265],[-93.068717,33.788534],[-93.08273,33.78466],[-93.07896,33.781798],[-93.086807,33.776241],[-93.112125,33.779039],[-93.115539,33.78667],[-93.12859,33.792763],[-93.127419,33.79791],[-93.140263,33.815629],[-93.150524,33.812718],[-93.146306,33.809545],[-93.155414,33.809817],[-93.156535,33.813746],[-93.167525,33.804216],[-93.174716,33.806345],[-93.178975,33.800271],[-93.19541,33.819079],[-93.208939,33.822933],[-93.209553,33.818678],[-93.214683,33.826267],[-93.21935,33.821624],[-93.218491,33.828467],[-93.225981,33.830678],[-93.225976,33.826442],[-93.231203,33.829673],[-93.232662,33.826392],[-93.23601,33.831186],[-93.24155,33.828995],[-93.240281,33.824059],[-93.244044,33.82952],[-93.258168,33.828759],[-93.265175,33.832942],[-93.260906,33.83765],[-93.276303,33.835321],[-93.274614,33.841133],[-93.289607,33.844084],[-93.307543,33.882072],[-93.298239,33.886663],[-93.301405,33.896973],[-93.312572,33.90672],[-93.321557,33.907161],[-93.325176,33.917882],[-93.33795,33.916279],[-93.342373,33.936443],[-93.350527,33.933758],[-93.358878,33.948329],[-93.362437,33.944982],[-93.368139,33.952858],[-93.373455,33.951039],[-93.370153,33.96017],[-93.377052,33.962261],[-93.371668,33.963523],[-93.381158,33.9739],[-93.376059,33.977016],[-93.383178,33.992841],[-93.393938,34.002418],[-93.404553,34.004304],[-93.400316,34.01147],[-93.408406,34.012358],[-93.412284,34.032712],[-93.434583,34.050467],[-93.435069,34.07049],[-93.444087,34.07969],[-93.440347,34.084472],[-93.44482,34.114381],[-93.44146,34.120265],[-93.452368,34.125078],[-93.444068,34.130652],[-93.457307,34.130682],[-93.455216,34.137752],[-93.459755,34.143113],[-93.45242,34.13949],[-93.449315,34.146143],[-93.443687,34.147037],[-93.453729,34.153544],[-93.456413,34.163192],[-93.454681,34.173051],[-93.447305,34.174121],[-93.454831,34.177206],[-93.44846,34.180243],[-93.460365,34.190519],[-93.442985,34.208348],[-93.450226,34.205206],[-93.458721,34.212113],[-93.463824,34.20522],[-93.489558,34.207729],[-93.489262,34.211805],[-93.502208,34.214106],[-93.502172,34.219907]]]}},{"type":"Feature","properties":{"GEOID":"05097","NAME":"Montgomery","state":"AR","wildfire_risk_score":61.45,"wildfire_eal_total":52675.03,"risk_band":"Moderate","source":"FEMA National Risk Index v1.20 (December 2025)"},"geometry":{"type":"Polygon","coordinates":[[[-93.934894,34.393211],[-93.930214,34.666049],[-93.879286,34.66564],[-93.879079,34.690813],[-93.870248,34.690761],[-93.869932,34.712517],[-93.816923,34.711231],[-93.816771,34.718511],[-93.781123,34.718078],[-93.780884,34.732411],[-93.745793,34.732126],[-93.745262,34.746605],[-93.394402,34.743393],[-93.393946,34.685219],[-93.402245,34.685231],[-93.40818,34.339467],[-93.935435,34.350233],[-93.934894,34.393211]]]}},{"type":"Feature","properties":{"GEOID":"05025","NAME":"Cleveland","state":"AR","wildfire_risk_score":25.413,"wildfire_eal_total":6823.16,"risk_band":"Low","source":"FEMA National Risk Index v1.20 (December 2025)"},"geometry":{"type":"Polygon","coordinates":[[[-92.473959,34.00622],[-92.471609,34.057098],[-91.953677,34.064163],[-91.953025,33.977188],[-91.976442,33.97727],[-91.97588,33.704417],[-92.330918,33.707745],[-92.33063,33.722801],[-92.336242,33.727893],[-92.332853,33.731873],[-92.341936,33.742983],[-92.32712,33.777775],[-92.341234,33.804662],[-92.335589,33.810968],[-92.340627,33.824635],[-92.339072,33.835586],[-92.343939,33.841895],[-92.350108,33.841829],[-92.353348,33.85311],[-92.38009,33.867507],[-92.38369,33.876559],[-92.394456,33.884758],[-92.40055,33.913409],[-92.410214,33.916817],[-92.410055,33.925609],[-92.421325,33.940414],[-92.436081,33.946318],[-92.438135,33.954123],[-92.443155,33.952905],[-92.444087,33.959068],[-92.452018,33.961171],[-92.455993,33.972409],[-92.475602,33.972696],[-92.473959,34.00622]]]}},{"type":"Feature","properties":{"GEOID":"05039","NAME":"Dallas","state":"AR","wildfire_risk_score":13.868,"wildfire_eal_total":3130.36,"risk_band":"Low","source":"FEMA National Risk Index v1.20 (December 2025)"},"geometry":{"type":"Polygon","coordinates":[[[-92.960612,33.975284],[-92.953515,33.97724],[-92.949116,33.986338],[-92.89306,33.983293],[-92.886136,34.155699],[-92.5205,34.14586],[-92.493624,34.144252],[-92.491711,34.132899],[-92.475642,34.135395],[-92.476045,34.131742],[-92.466903,34.134023],[-92.468673,34.1374],[-92.448768,34.123221],[-92.43594,34.126992],[-92.426631,34.125182],[-92.412284,34.11308],[-92.405478,34.115404],[-92.400465,34.109214],[-92.405463,34.106968],[-92.390755,34.102573],[-92.388177,34.09478],[-92.38379,34.096513],[-92.375224,34.086749],[-92.370448,34.076656],[-92.373569,34.074524],[-92.35495,34.067148],[-92.353589,34.071752],[-92.347329,34.070533],[-92.346251,34.066027],[-92.336792,34.063394],[-92.336695,34.059477],[-92.471609,34.057098],[-92.475602,33.972696],[-92.455993,33.972409],[-92.452018,33.961171],[-92.444087,33.959068],[-92.443155,33.952905],[-92.438135,33.954123],[-92.436081,33.946318],[-92.421325,33.940414],[-92.410055,33.925609],[-92.410214,33.916817],[-92.40055,33.913409],[-92.394456,33.884758],[-92.38369,33.876559],[-92.38009,33.867507],[-92.353348,33.85311],[-92.350108,33.841829],[-92.341792,33.840247],[-92.335589,33.810968],[-92.341234,33.804662],[-92.334249,33.795065],[-92.893216,33.810069],[-92.899682,33.81633],[-92.895036,33.822858],[-92.888269,33.823615],[-92.89327,33.834373],[-92.878892,33.837019],[-92.876352,33.844926],[-92.883842,33.85607],[-92.900045,33.856946],[-92.905883,33.862592],[-92.900084,33.866823],[-92.906471,33.874699],[-92.90259,33.881122],[-92.91262,33.893499],[-92.893071,33.903848],[-92.909502,33.909706],[-92.908988,33.91852],[-92.919997,33.925869],[-92.913356,33.933208],[-92.918318,33.936125],[-92.923322,33.929648],[-92.933129,33.93164],[-92.934913,33.938455],[-92.92816,33.946928],[-92.938532,33.949576],[-92.938861,33.968419],[-92.947876,33.962174],[-92.960612,33.975284]]]}},{"type":"Feature","properties":{"GEOID":"05117","NAME":"Prairie","state":"AR","wildfire_risk_score":20.42,"wildfire_eal_total":5369.05,"risk_band":"Low","source":"FEMA National Risk Index v1.20 (December 2025)"},"geometry":{"type":"Polygon","coordinates":[[[-91.803635,34.925756],[-91.802359,35.040532],[-91.798159,35.042462],[-91.789158,35.03958],[-91.765992,35.050008],[-91.744455,35.047091],[-91.710993,35.062709],[-91.701489,35.06303],[-91.686836,35.059857],[-91.689036,35.057057],[-91.679427,35.05054],[-91.669772,35.054571],[-91.65204,35.049611],[-91.644153,35.042711],[-91.638481,35.026427],[-91.607857,35.020811],[-91.602947,35.026299],[-91.585162,35.025332],[-91.584005,35.091584],[-91.465269,35.089457],[-91.46796,35.08386],[-91.446027,35.06781],[-91.460976,35.06334],[-91.475394,35.066951],[-91.478955,35.061054],[-91.475854,35.056373],[-91.461202,35.052043],[-91.439976,35.061698],[-91.441689,35.052226],[-91.363795,35.051952],[-91.368372,34.900876],[-91.376381,34.899724],[-91.383181,34.904857],[-91.386756,34.900186],[-91.383425,34.89568],[-91.372381,34.896411],[-91.351071,34.874715],[-91.343868,34.875587],[-91.347645,34.868947],[-91.364713,34.868195],[-91.359885,34.84629],[-91.373154,34.842221],[-91.377136,34.834298],[-91.370613,34.824844],[-91.374765,34.665964],[-91.446983,34.667531],[-91.447489,34.653052],[-91.447888,34.609135],[-91.41226,34.608582],[-91.412619,34.593825],[-91.376982,34.592868],[-91.37782,34.56348],[-91.594429,34.56805],[-91.595929,34.48051],[-91.67822,34.481913],[-91.678065,34.490046],[-91.683424,34.492503],[-91.679592,34.492144],[-91.675143,34.513347],[-91.63855,34.542082],[-91.632955,34.55327],[-91.636431,34.566424],[-91.648877,34.569663],[-91.652158,34.566712],[-91.66499,34.5798],[-91.659629,34.600027],[-91.653134,34.602295],[-91.639148,34.622779],[-91.641683,34.635231],[-91.661244,34.645312],[-91.675252,34.663025],[-91.700772,34.672067],[-91.693705,34.919605],[-91.803703,34.921524],[-91.803635,34.925756]]]}},{"type":"Feature","properties":{"GEOID":"05067","NAME":"Jackson","state":"AR","wildfire_risk_score":44.243,"wildfire_eal_total":21347.6,"risk_band":"Moderate","source":"FEMA National Risk Index v1.20 (December 2025)"},"geometry":{"type":"Polygon","coordinates":[[[-91.58317,35.480393],[-91.582094,35.530332],[-91.369655,35.52637],[-91.368941,35.639954],[-91.35974,35.642249],[-91.347749,35.636341],[-91.321191,35.639457],[-91.32332,35.6477],[-91.340625,35.652761],[-91.337583,35.662425],[-91.346164,35.664718],[-91.342759,35.672365],[-91.353107,35.678141],[-91.347183,35.680166],[-91.346978,35.688419],[-91.35565,35.695671],[-91.353986,35.709198],[-91.345441,35.721263],[-91.339557,35.712298],[-91.332617,35.717925],[-91.333477,35.724445],[-91.327592,35.730175],[-91.333343,35.740297],[-91.318428,35.748982],[-91.317443,35.756709],[-91.311029,35.756666],[-91.311304,35.765846],[-91.291889,35.765485],[-91.290905,35.773113],[-91.280108,35.774302],[-91.288315,35.780731],[-91.282145,35.784435],[-91.281032,35.791962],[-91.271958,35.78816],[-91.247484,35.799366],[-91.261063,35.80389],[-91.25962,35.810985],[-91.254322,35.807981],[-91.230597,35.813939],[-91.2394,35.821296],[-91.23222,35.82433],[-91.24687,35.828664],[-91.248483,35.833116],[-91.234504,35.833894],[-91.228993,35.843063],[-91.208537,35.849695],[-91.221644,35.851698],[-91.209893,35.861966],[-91.218205,35.881326],[-91.212348,35.881317],[-91.207477,35.871813],[-91.204877,35.873583],[-91.210977,35.88314],[-91.197676,35.884124],[-91.202384,35.8871],[-91.198545,35.890038],[-91.032562,35.885028],[-91.039633,35.354255],[-91.251555,35.357561],[-91.253007,35.445779],[-91.350335,35.445043],[-91.347257,35.439106],[-91.584454,35.442309],[-91.58317,35.480393]]]}},{"type":"Feature","properties":{"GEOID":"05075","NAME":"Lawrence","state":"AR","wildfire_risk_score":35.655,"wildfire_eal_total":14096.11,"risk_band":"Moderate","source":"FEMA National Risk Index v1.20 (December 2025)"},"geometry":{"type":"Polygon","coordinates":[[[-91.356893,35.907091],[-91.348624,36.125486],[-91.348459,36.157626],[-91.352036,36.157968],[-91.349834,36.230967],[-91.332156,36.230815],[-91.331107,36.244615],[-91.259326,36.243467],[-91.25892,36.25788],[-91.240871,36.257669],[-91.241915,36.225696],[-91.23467,36.242082],[-91.227494,36.233984],[-91.227217,36.224945],[-91.20386,36.218583],[-91.198005,36.221068],[-91.195397,36.212689],[-91.185341,36.206411],[-91.16123,36.204813],[-91.155954,36.197498],[-91.15732,36.189994],[-91.143888,36.180046],[-91.148587,36.1763],[-91.14245,36.166882],[-91.135262,36.16692],[-91.132875,36.160595],[-91.126013,36.160593],[-91.119679,36.153735],[-91.082876,36.15085],[-91.085832,36.131886],[-91.078208,36.125237],[-91.071773,36.126178],[-91.081162,36.121057],[-91.073476,36.114868],[-91.063785,36.118376],[-91.065703,36.141534],[-91.054853,36.151517],[-90.747519,36.149112],[-90.77065,36.124996],[-90.771319,36.108634],[-90.789736,36.100228],[-90.794358,36.088212],[-90.805113,36.08766],[-90.821998,36.077895],[-90.825484,36.055173],[-90.840544,36.036469],[-90.83775,36.022853],[-90.854873,36.002561],[-90.854075,35.995205],[-90.860034,35.995722],[-90.858228,35.990423],[-90.84681,35.988614],[-90.847402,35.983939],[-90.841128,35.981585],[-90.84882,35.977163],[-90.84402,35.973455],[-90.852002,35.97106],[-90.854422,35.959278],[-90.861542,35.955605],[-90.856609,35.950467],[-90.864765,35.947269],[-90.860665,35.945492],[-90.865747,35.941465],[-90.860171,35.925238],[-90.872203,35.924388],[-90.872852,35.880872],[-91.1387,35.890028],[-91.35742,35.89066],[-91.356893,35.907091]]]}},{"type":"Feature","properties":{"GEOID":"05091","NAME":"Miller","state":"AR","wildfire_risk_score":64.281,"wildfire_eal_total":79498.04,"risk_band":"Moderate","source":"FEMA National Risk Index v1.20 (December 2025)"},"geometry":{"type":"Polygon","coordinates":[[[-94.0434321405283,33.5515808344304],[-94.008878,33.565347],[-94.000368,33.564421],[-93.994231,33.557952],[-93.998079,33.544608],[-93.984422,33.535006],[-93.973434,33.553815],[-93.983479,33.562927],[-93.980611,33.569704],[-93.963957,33.572532],[-93.958111,33.552971],[-93.950137,33.550086],[-93.94327,33.55344],[-93.931473,33.58009],[-93.919822,33.579986],[-93.909397,33.569177],[-93.903177,33.5709],[-93.904404,33.579625],[-93.915949,33.58619],[-93.905748,33.595273],[-93.898774,33.591658],[-93.897301,33.580418],[-93.879728,33.590679],[-93.863117,33.610209],[-93.832996,33.60283],[-93.81931,33.613942],[-93.812457,33.598136],[-93.827763,33.573822],[-93.79998,33.56339],[-93.80821,33.543773],[-93.797777,33.542255],[-93.788811,33.55607],[-93.783688,33.555967],[-93.782934,33.548489],[-93.795302,33.541118],[-93.797459,33.535005],[-93.783575,33.527784],[-93.768981,33.532131],[-93.770198,33.526333],[-93.780186,33.521602],[-93.77267,33.4989],[-93.756476,33.501651],[-93.763444,33.518858],[-93.747542,33.534444],[-93.743372,33.532494],[-93.74929,33.513645],[-93.719951,33.48203],[-93.736634,33.460413],[-93.727045,33.443878],[-93.742437,33.445366],[-93.746383,33.441895],[-93.736261,33.427062],[-93.720435,33.440965],[-93.71466,33.439089],[-93.716344,33.430046],[-93.731403,33.424112],[-93.731975,33.419809],[-93.71811,33.408107],[-93.715046,33.397602],[-93.699096,33.38775],[-93.720101,33.386319],[-93.723455,33.382165],[-93.716977,33.373992],[-93.705964,33.372283],[-93.694903,33.385953],[-93.686685,33.388651],[-93.671791,33.377768],[-93.681391,33.372238],[-93.695869,33.372208],[-93.700856,33.358545],[-93.708158,33.353333],[-93.707572,33.340392],[-93.681525,33.339239],[-93.664921,33.329487],[-93.671742,33.321798],[-93.692684,33.317284],[-93.686657,33.304376],[-93.689925,33.27702],[-93.706309,33.278267],[-93.720788,33.288256],[-93.728978,33.28008],[-93.725578,33.269181],[-93.708324,33.255119],[-93.729015,33.227564],[-93.721803,33.222134],[-93.702409,33.229513],[-93.700302,33.225888],[-93.735128,33.208208],[-93.739225,33.198568],[-93.725993,33.188526],[-93.72838,33.184027],[-93.758245,33.177958],[-93.755773,33.167459],[-93.736622,33.166081],[-93.733962,33.157833],[-93.742589,33.154835],[-93.760322,33.166138],[-93.772626,33.166211],[-93.777075,33.157027],[-93.775341,33.13945],[-93.786291,33.147256],[-93.788642,33.159885],[-93.799771,33.162501],[-93.811386,33.153142],[-93.812522,33.136623],[-93.822157,33.137517],[-93.832852,33.148479],[-93.848566,33.140182],[-93.847817,33.125362],[-93.856061,33.114381],[-93.853951,33.104904],[-93.864218,33.096637],[-93.837333,33.077725],[-93.840631,33.05754],[-93.818904,33.049356],[-93.818583,33.041977],[-93.827857,33.03374],[-93.807528,33.026577],[-93.8071375448562,33.019378905277],[-94.042964,33.019219],[-94.0434321405283,33.5515808344304]]]}},{"type":"Feature","properties":{"GEOID":"05081","NAME":"Little River","state":"AR","wildfire_risk_score":37.882,"wildfire_eal_total":14818.03,"risk_band":"Moderate","source":"FEMA National Risk Index v1.20 (December 2025)"},"geometry":{"type":"Polygon","coordinates":[[[-94.485577,33.65331],[-94.4773197138202,33.9408589841988],[-94.466335,33.94457],[-94.448784,33.929075],[-94.448269,33.93825],[-94.442493,33.930724],[-94.431834,33.932103],[-94.413956,33.926136],[-94.414626,33.936734],[-94.422087,33.942161],[-94.408441,33.945249],[-94.380546,33.937381],[-94.388231,33.92392],[-94.400085,33.925864],[-94.395621,33.918599],[-94.38946,33.919971],[-94.384882,33.915466],[-94.38943,33.895448],[-94.361877,33.886942],[-94.374184,33.88097],[-94.372723,33.877723],[-94.339311,33.882254],[-94.334309,33.877836],[-94.339531,33.870659],[-94.334406,33.861],[-94.319253,33.860218],[-94.326515,33.853738],[-94.302858,33.853196],[-94.305459,33.834717],[-94.296082,33.828878],[-94.303896,33.822184],[-94.279709,33.829022],[-94.26811,33.817223],[-94.252613,33.818511],[-94.249934,33.811464],[-94.238678,33.807165],[-94.239006,33.80225],[-94.229723,33.80108],[-94.221341,33.816167],[-94.217163,33.802625],[-94.18586,33.811755],[-94.185023,33.793899],[-94.190257,33.78857],[-94.18615,33.785854],[-94.171067,33.789411],[-94.171869,33.795608],[-94.161722,33.783959],[-94.15182,33.784839],[-94.154662,33.789994],[-94.15057,33.792097],[-94.139242,33.780358],[-94.132947,33.787916],[-94.121999,33.785067],[-94.119442,33.791675],[-94.086413,33.783172],[-94.040865,33.781979],[-94.041783,33.753337],[-93.956951,33.750927],[-93.952617,33.739012],[-93.959053,33.734463],[-93.959111,33.739028],[-93.969451,33.740212],[-93.96285,33.735033],[-93.96937,33.727846],[-93.964317,33.713378],[-93.958737,33.713847],[-93.959039,33.727927],[-93.954182,33.728181],[-93.951222,33.72164],[-93.956092,33.714254],[-93.951333,33.706899],[-93.966739,33.704122],[-93.960598,33.692481],[-93.967717,33.675836],[-93.964488,33.668399],[-93.946701,33.660356],[-93.940529,33.647684],[-93.930451,33.654626],[-93.931276,33.662953],[-93.913227,33.663189],[-93.915084,33.658924],[-93.901846,33.64732],[-93.911405,33.640525],[-93.915455,33.628933],[-93.89518,33.639743],[-93.884548,33.62742],[-93.870636,33.633422],[-93.861335,33.628247],[-93.857962,33.61564],[-93.84332,33.618093],[-93.833906,33.607224],[-93.824931,33.607937],[-93.836285,33.602968],[-93.863117,33.610209],[-93.879728,33.590679],[-93.898965,33.580131],[-93.897998,33.590234],[-93.905748,33.595273],[-93.915949,33.58619],[-93.904404,33.579625],[-93.903177,33.5709],[-93.909397,33.569177],[-93.919822,33.579986],[-93.931473,33.58009],[-93.94327,33.55344],[-93.950137,33.550086],[-93.958111,33.552971],[-93.963957,33.572532],[-93.980611,33.569704],[-93.983479,33.562927],[-93.973434,33.553815],[-93.984422,33.535006],[-93.998079,33.544608],[-93.994231,33.557952],[-94.000368,33.564421],[-94.061896,33.549764],[-94.073744,33.558285],[-94.05985,33.559249],[-94.056096,33.567252],[-94.066846,33.568909],[-94.071353,33.57484],[-94.088943,33.575322],[-94.119902,33.566999],[-94.122879,33.553112],[-94.128658,33.550952],[-94.135142,33.571033],[-94.145239,33.564987],[-94.151456,33.568387],[-94.14216,33.58139],[-94.156782,33.575749],[-94.162266,33.588906],[-94.183913,33.594682],[-94.196536,33.581719],[-94.217198,33.580737],[-94.211329,33.573774],[-94.194399,33.573678],[-94.189884,33.562454],[-94.196395,33.555123],[-94.205634,33.567229],[-94.226392,33.552912],[-94.250197,33.556765],[-94.251108,33.56528],[-94.236836,33.580914],[-94.236972,33.587411],[-94.242777,33.589709],[-94.257801,33.582508],[-94.275601,33.557964],[-94.290901,33.558872],[-94.290372,33.567905],[-94.280605,33.574908],[-94.283582,33.581891],[-94.289129,33.582144],[-94.301023,33.573022],[-94.309582,33.551673],[-94.319492,33.548864],[-94.33059,33.552692],[-94.33494,33.563592],[-94.344023,33.567824],[-94.352433,33.562172],[-94.347383,33.551078],[-94.355945,33.54318],[-94.381667,33.544035],[-94.401616,33.559378],[-94.397688,33.564903],[-94.380091,33.568943],[-94.379649,33.580607],[-94.382887,33.583268],[-94.403342,33.568424],[-94.412175,33.568691],[-94.430039,33.591124],[-94.451622,33.591361],[-94.458232,33.59827],[-94.468086,33.599436],[-94.472166,33.604199],[-94.452325,33.618817],[-94.462736,33.63091],[-94.448451,33.634497],[-94.446871,33.640178],[-94.459198,33.645146],[-94.466075,33.636262],[-94.485875,33.637867],[-94.485577,33.65331]]]}},{"type":"Feature","properties":{"GEOID":"05009","NAME":"Boone","state":"AR","wildfire_risk_score":65.585,"wildfire_eal_total":117561.19,"risk_band":"High","source":"FEMA National Risk Index v1.20 (December 2025)"},"geometry":{"type":"Polygon","coordinates":[[[-93.301155,36.483826],[-93.294931,36.489246],[-93.298658,36.497022],[-93.2931173059246,36.4983426438173],[-92.8540084274629,36.4979827644585],[-92.854602,36.464639],[-92.859972,36.472175],[-92.873564,36.475655],[-92.884897,36.490854],[-92.890725,36.114245],[-93.30082,36.12155],[-93.295732,36.427857],[-93.296049,36.481635],[-93.301155,36.483826]]]}},{"type":"Feature","properties":{"GEOID":"05103","NAME":"Ouachita","state":"AR","wildfire_risk_score":28.499,"wildfire_eal_total":8069.19,"risk_band":"Low","source":"FEMA National Risk Index v1.20 (December 2025)"},"geometry":{"type":"Polygon","coordinates":[[[-93.116377,33.452454],[-93.104405,33.777093],[-93.086807,33.776241],[-93.07896,33.781798],[-93.08273,33.78466],[-93.068717,33.788534],[-93.051073,33.776517],[-93.04422,33.779175],[-93.035416,33.770355],[-93.009026,33.778551],[-92.992821,33.777393],[-92.992667,33.782445],[-92.982377,33.783567],[-92.981202,33.788419],[-92.969743,33.787934],[-92.944391,33.801166],[-92.942678,33.796984],[-92.936383,33.80727],[-92.939827,33.8105],[-92.932264,33.812621],[-92.928816,33.822544],[-92.927863,33.815083],[-92.916934,33.82119],[-92.896545,33.806356],[-92.893216,33.810069],[-92.583027,33.802299],[-92.585323,33.73646],[-92.591122,33.726103],[-92.599612,33.722881],[-92.599359,33.711206],[-92.63505,33.692997],[-92.635866,33.684697],[-92.65257,33.660753],[-92.682601,33.659969],[-92.703948,33.649322],[-92.713962,33.654949],[-92.726743,33.649122],[-92.726384,33.63828],[-92.731253,33.635337],[-92.734972,33.619657],[-92.727268,33.610367],[-92.713499,33.605481],[-92.710107,33.581556],[-92.714904,33.556591],[-92.718773,33.551817],[-92.729371,33.563707],[-92.749461,33.543862],[-92.759327,33.552305],[-92.771024,33.548436],[-92.774605,33.551881],[-92.776721,33.539257],[-92.759228,33.531872],[-92.763843,33.525736],[-92.762275,33.5183],[-92.772967,33.511437],[-92.753744,33.502742],[-92.763648,33.500223],[-92.765191,33.492189],[-92.752183,33.484005],[-92.740962,33.483975],[-92.735655,33.494983],[-92.716464,33.482873],[-92.721559,33.465724],[-92.728061,33.46806],[-92.723647,33.459602],[-92.717574,33.458577],[-92.716899,33.451939],[-92.705986,33.453721],[-92.707206,33.4594],[-92.703584,33.458496],[-92.705695,33.431539],[-92.67332,33.430577],[-92.65546,33.43544],[-92.651012,33.429014],[-92.655704,33.423464],[-92.643547,33.425453],[-92.646264,33.41583],[-92.633996,33.411505],[-92.6359,33.404474],[-92.64606,33.405418],[-92.643724,33.396477],[-92.617658,33.40962],[-92.60743,33.402185],[-92.589897,33.402613],[-92.583154,33.392548],[-92.586162,33.384958],[-92.580715,33.37363],[-92.573643,33.373142],[-92.568601,33.378861],[-92.567156,33.3672],[-92.594392,33.373739],[-92.603195,33.364429],[-92.59885,33.361029],[-92.610652,33.364475],[-92.613192,33.360126],[-92.623979,33.359178],[-92.645906,33.36853],[-92.66084,33.355985],[-92.673008,33.357088],[-92.690196,33.368626],[-92.701809,33.36645],[-92.714926,33.370512],[-92.720142,33.382169],[-92.756072,33.387582],[-92.777398,33.374942],[-92.785435,33.376864],[-92.794247,33.372582],[-93.118951,33.380298],[-93.116377,33.452454]]]}},{"type":"Feature","properties":{"GEOID":"05061","NAME":"Howard","state":"AR","wildfire_risk_score":45.674,"wildfire_eal_total":22687.3,"risk_band":"Moderate","source":"FEMA National Risk Index v1.20 (December 2025)"},"geometry":{"type":"Polygon","coordinates":[[[-94.254898,34.346195],[-94.254662,34.355792],[-93.935435,34.350233],[-93.937009,34.263024],[-93.924384,34.262961],[-93.925851,34.186534],[-93.820722,34.183802],[-93.831577,33.748236],[-93.956951,33.750927],[-93.965975,33.754959],[-93.961833,33.75846],[-93.967089,33.761292],[-93.969453,33.773213],[-93.959243,33.777192],[-93.963257,33.779248],[-93.960288,33.78547],[-93.969125,33.790677],[-93.964777,33.796222],[-93.978653,33.816635],[-93.988425,33.819396],[-93.994227,33.830881],[-94.004421,33.834949],[-94.001485,33.838245],[-94.008772,33.848285],[-94.019269,33.850602],[-94.015709,33.852935],[-94.021794,33.857313],[-94.017051,33.867754],[-94.019768,33.872486],[-94.052798,33.885911],[-94.053318,33.903873],[-94.060243,33.907766],[-94.070276,33.927226],[-94.070321,33.931595],[-94.064847,33.933014],[-94.06992,33.938232],[-94.064876,33.945286],[-94.069448,33.955351],[-94.060313,33.960974],[-94.057733,33.968313],[-94.068178,33.979637],[-94.064733,33.983107],[-94.06613,33.995051],[-94.069675,33.995597],[-94.066651,33.999212],[-94.075853,34.007351],[-94.070861,34.010677],[-94.08178,34.019361],[-94.083491,34.023127],[-94.079459,34.023525],[-94.087439,34.034291],[-94.082478,34.046938],[-94.086643,34.057347],[-94.073484,34.068393],[-94.095263,34.078086],[-94.090037,34.080849],[-94.081679,34.101669],[-94.093473,34.112145],[-94.080467,34.125619],[-94.103562,34.13638],[-94.091453,34.140735],[-94.098262,34.143942],[-94.091332,34.156482],[-94.102874,34.159823],[-94.09676,34.162398],[-94.097394,34.176987],[-94.090909,34.18004],[-94.089666,34.186601],[-94.098337,34.19112],[-94.243788,34.1925],[-94.243893,34.269053],[-94.256261,34.269215],[-94.254898,34.346195]]]}},{"type":"Feature","properties":{"GEOID":"05013","NAME":"Calhoun","state":"AR","wildfire_risk_score":7.57,"wildfire_eal_total":3053.38,"risk_band":"Low","source":"FEMA National Risk Index v1.20 (December 2025)"},"geometry":{"type":"Polygon","coordinates":[[[-92.776721,33.539257],[-92.774605,33.551881],[-92.771024,33.548436],[-92.759327,33.552305],[-92.749461,33.543862],[-92.729371,33.563707],[-92.718773,33.551817],[-92.714904,33.556591],[-92.710107,33.581556],[-92.713499,33.605481],[-92.727268,33.610367],[-92.734972,33.619657],[-92.731253,33.635337],[-92.726384,33.63828],[-92.726743,33.649122],[-92.713962,33.654949],[-92.703948,33.649322],[-92.682601,33.659969],[-92.65257,33.660753],[-92.635866,33.684697],[-92.63505,33.692997],[-92.599359,33.711206],[-92.599612,33.722881],[-92.591122,33.726103],[-92.585323,33.73646],[-92.583027,33.802299],[-92.333523,33.794217],[-92.331771,33.781315],[-92.32712,33.777775],[-92.341936,33.742983],[-92.332853,33.731873],[-92.336242,33.727893],[-92.33063,33.722801],[-92.333022,33.711139],[-92.329018,33.694857],[-92.320101,33.682331],[-92.327067,33.661677],[-92.320533,33.646723],[-92.320743,33.634102],[-92.330515,33.603079],[-92.320952,33.585568],[-92.325872,33.571054],[-92.314104,33.551019],[-92.323006,33.524432],[-92.317398,33.521103],[-92.311049,33.499869],[-92.322423,33.485674],[-92.319377,33.472248],[-92.329679,33.456154],[-92.328331,33.443214],[-92.340637,33.430167],[-92.337236,33.422944],[-92.341428,33.414553],[-92.356001,33.400929],[-92.359868,33.379745],[-92.376186,33.376983],[-92.372186,33.366994],[-92.377618,33.361608],[-92.382298,33.338675],[-92.376911,33.337654],[-92.378679,33.314836],[-92.365306,33.305705],[-92.353752,33.305142],[-92.350277,33.298842],[-92.358275,33.30166],[-92.361139,33.291598],[-92.371408,33.288009],[-92.377067,33.280026],[-92.431386,33.269468],[-92.432664,33.276595],[-92.445288,33.274449],[-92.445247,33.280589],[-92.452892,33.287416],[-92.460072,33.283213],[-92.473762,33.295308],[-92.458493,33.304013],[-92.471025,33.306298],[-92.458852,33.314854],[-92.460013,33.32022],[-92.470783,33.314275],[-92.480688,33.327838],[-92.488087,33.315534],[-92.499891,33.327617],[-92.524238,33.316942],[-92.52675,33.320659],[-92.519255,33.332003],[-92.526841,33.332523],[-92.529073,33.343941],[-92.535437,33.348223],[-92.531821,33.355619],[-92.546441,33.359464],[-92.547268,33.366325],[-92.561664,33.36196],[-92.567156,33.3672],[-92.568601,33.378861],[-92.573643,33.373142],[-92.580715,33.37363],[-92.586162,33.384958],[-92.583154,33.392548],[-92.589897,33.402613],[-92.60743,33.402185],[-92.617658,33.40962],[-92.643724,33.396477],[-92.64606,33.405418],[-92.6359,33.404474],[-92.633996,33.411505],[-92.646264,33.41583],[-92.643547,33.425453],[-92.655704,33.423464],[-92.651012,33.429014],[-92.65546,33.43544],[-92.67332,33.430577],[-92.70464,33.430839],[-92.707223,33.445659],[-92.703584,33.458496],[-92.707206,33.4594],[-92.705986,33.453721],[-92.716899,33.451939],[-92.717574,33.458577],[-92.723647,33.459602],[-92.728061,33.46806],[-92.721559,33.465724],[-92.716464,33.482873],[-92.735655,33.494983],[-92.740962,33.483975],[-92.752183,33.484005],[-92.765191,33.492189],[-92.763648,33.500223],[-92.753744,33.502742],[-92.772967,33.511437],[-92.762275,33.5183],[-92.763843,33.525736],[-92.759228,33.531872],[-92.776721,33.539257]]]}},{"type":"Feature","properties":{"GEOID":"05095","NAME":"Monroe","state":"AR","wildfire_risk_score":20.324,"wildfire_eal_total":5053.98,"risk_band":"Low","source":"FEMA National Risk Index v1.20 (December 2025)"},"geometry":{"type":"Polygon","coordinates":[[[-91.447489,34.653052],[-91.446983,34.667531],[-91.374765,34.665964],[-91.370613,34.824844],[-91.377136,34.834298],[-91.373154,34.842221],[-91.359885,34.84629],[-91.364713,34.868195],[-91.347645,34.868947],[-91.343868,34.875587],[-91.360332,34.880367],[-91.372381,34.896411],[-91.383425,34.89568],[-91.384874,34.903907],[-91.36919,34.899785],[-91.368658,34.912665],[-91.294713,34.91246],[-91.293142,34.985234],[-91.238144,34.984809],[-91.237363,35.004289],[-91.14975,35.002469],[-91.152457,34.911847],[-91.117223,34.911812],[-91.117413,34.867138],[-91.100029,34.867127],[-91.102542,34.734864],[-91.049474,34.734184],[-91.054775,34.470829],[-91.000316,34.469386],[-91.002721,34.336362],[-91.063064,34.336573],[-91.078029,34.348253],[-91.092591,34.343716],[-91.095344,34.350121],[-91.107762,34.353404],[-91.104512,34.364135],[-91.13069,34.381076],[-91.136033,34.401568],[-91.147747,34.401591],[-91.16638,34.413043],[-91.165425,34.418323],[-91.153243,34.421157],[-91.161601,34.435422],[-91.169687,34.433293],[-91.17485,34.450638],[-91.179828,34.45179],[-91.190656,34.439954],[-91.201449,34.445257],[-91.217618,34.442324],[-91.220254,34.453578],[-91.210338,34.450563],[-91.206339,34.454719],[-91.222542,34.462358],[-91.210167,34.484177],[-91.217397,34.487156],[-91.228005,34.479376],[-91.242099,34.487992],[-91.252093,34.487669],[-91.255092,34.492956],[-91.251788,34.502252],[-91.266833,34.505184],[-91.261354,34.513249],[-91.261994,34.527319],[-91.300153,34.532596],[-91.293075,34.545828],[-91.291609,34.561762],[-91.37782,34.56348],[-91.376982,34.592868],[-91.412619,34.593825],[-91.41226,34.608582],[-91.447888,34.609135],[-91.447489,34.653052]]]}},{"type":"Feature","properties":{"GEOID":"05107","NAME":"Phillips","state":"AR","wildfire_risk_score":18.289,"wildfire_eal_total":3993.34,"risk_band":"Low","source":"FEMA National Risk Index v1.20 (December 2025)"},"geometry":{"type":"Polygon","coordinates":[[[-91.117477,34.121007],[-91.110806,34.131191],[-91.099459,34.129792],[-91.095684,34.140803],[-91.078469,34.144207],[-91.090269,34.154145],[-91.083177,34.161235],[-91.094289,34.176076],[-91.086994,34.180946],[-91.094057,34.189537],[-91.086674,34.202264],[-91.078635,34.196703],[-91.071611,34.199439],[-91.069467,34.211694],[-91.060626,34.216766],[-91.066539,34.224135],[-91.065419,34.238389],[-91.079215,34.251196],[-91.07105,34.249492],[-91.062838,34.254706],[-91.068581,34.260324],[-91.064994,34.265265],[-91.075169,34.26765],[-91.073648,34.279194],[-91.077949,34.282296],[-91.070672,34.297975],[-91.064858,34.295677],[-91.064831,34.287907],[-91.058271,34.289631],[-91.064729,34.310403],[-91.052775,34.311084],[-91.053238,34.316426],[-91.064334,34.319462],[-91.054513,34.323439],[-91.056337,34.336652],[-91.002721,34.336362],[-91.000316,34.469386],[-91.054775,34.470829],[-91.052011,34.645717],[-90.5873178302659,34.6413598989377],[-90.591144,34.619204],[-90.573762,34.592133],[-90.540493,34.557871],[-90.542528,34.54015],[-90.581294,34.51561],[-90.592662,34.490579],[-90.593104,34.477322],[-90.577694,34.430975],[-90.586232,34.409172],[-90.606039,34.393257],[-90.640909,34.388863],[-90.658542,34.375705],[-90.655346,34.371846],[-90.666788,34.35582],[-90.657488,34.322231],[-90.661395,34.315398],[-90.678097,34.313031],[-90.693129,34.32257],[-90.691551,34.338618],[-90.681498,34.352603],[-90.676245,34.371111],[-90.715803,34.360335],[-90.757304,34.367392],[-90.769231,34.358433],[-90.768691,34.347782],[-90.742773,34.321295],[-90.735153,34.30256],[-90.738025,34.289279],[-90.752929,34.274605],[-90.765623,34.269513],[-90.816736,34.280649],[-90.829623,34.278573],[-90.840537,34.23803],[-90.83813,34.219997],[-90.847149,34.20613],[-90.876796,34.214389],[-90.89658,34.2258],[-90.906334,34.244382],[-90.923152,34.24653],[-90.935548,34.237847],[-90.934544,34.217854],[-90.925542,34.206989],[-90.914425,34.195726],[-90.887561,34.182414],[-90.854406,34.186833],[-90.812374,34.180767],[-90.807564,34.161821],[-90.815878,34.149879],[-90.836099,34.137876],[-90.853471,34.137511],[-90.91001,34.165508],[-90.958644,34.135484],[-90.961044,34.130514],[-90.9555783321976,34.1188764008596],[-91.117477,34.121007]]]}},{"type":"Feature","properties":{"GEOID":"05001","NAME":"Arkansas","state":"AR","wildfire_risk_score":19.847,"wildfire_eal_total":5208.49,"risk_band":"Low","source":"FEMA National Risk Index v1.20 (December 2025)"},"geometry":{"type":"Polygon","coordinates":[[[-91.710249,34.294454],[-91.70525,34.482731],[-91.595929,34.48051],[-91.594429,34.56805],[-91.291609,34.561762],[-91.293075,34.545828],[-91.300153,34.532596],[-91.261994,34.527319],[-91.261354,34.513249],[-91.266833,34.505184],[-91.251788,34.502252],[-91.255092,34.492956],[-91.252093,34.487669],[-91.242099,34.487992],[-91.228005,34.479376],[-91.217397,34.487156],[-91.208916,34.482488],[-91.222667,34.46385],[-91.206339,34.454719],[-91.210338,34.450563],[-91.220254,34.453578],[-91.217618,34.442324],[-91.201449,34.445257],[-91.190656,34.439954],[-91.176192,34.451541],[-91.169687,34.433293],[-91.161601,34.435422],[-91.153243,34.421157],[-91.165425,34.418323],[-91.16638,34.413043],[-91.147747,34.401591],[-91.136033,34.401568],[-91.13069,34.381076],[-91.104512,34.364135],[-91.107762,34.353404],[-91.095344,34.350121],[-91.092591,34.343716],[-91.078029,34.348253],[-91.069937,34.339084],[-91.05661,34.336863],[-91.053195,34.332154],[-91.055371,34.322036],[-91.064334,34.319462],[-91.052124,34.313258],[-91.054865,34.309494],[-91.064473,34.311796],[-91.058271,34.289631],[-91.064831,34.287907],[-91.064858,34.295677],[-91.070672,34.297975],[-91.077949,34.282296],[-91.073648,34.279194],[-91.075169,34.26765],[-91.064994,34.265265],[-91.068581,34.260324],[-91.062838,34.254706],[-91.07105,34.249492],[-91.077976,34.252375],[-91.078779,34.248355],[-91.065419,34.238389],[-91.066539,34.224135],[-91.060626,34.216766],[-91.069467,34.211694],[-91.071611,34.199439],[-91.078635,34.196703],[-91.086674,34.202264],[-91.094057,34.189537],[-91.086994,34.180946],[-91.094289,34.176076],[-91.083177,34.161235],[-91.090269,34.154145],[-91.078469,34.144207],[-91.095684,34.140803],[-91.099459,34.129792],[-91.110806,34.131191],[-91.123643,34.106333],[-91.142404,34.111301],[-91.141264,34.101657],[-91.150694,34.103535],[-91.149917,34.08537],[-91.157914,34.085904],[-91.167695,34.094332],[-91.186401,34.080954],[-91.18361,34.072575],[-91.193995,34.072607],[-91.187815,34.062052],[-91.196874,34.050207],[-91.195249,34.035317],[-91.184588,34.030167],[-91.184368,34.017529],[-91.169862,34.014594],[-91.162246,34.00584],[-91.156448,33.990751],[-91.158812,33.978992],[-91.147444,33.974408],[-91.135655,33.96202],[-91.139182,33.955484],[-91.152124,33.953574],[-91.14074,33.946219],[-91.151496,33.937346],[-91.136901,33.926225],[-91.154447,33.930157],[-91.162768,33.921873],[-91.171146,33.922981],[-91.173248,33.931724],[-91.161786,33.943499],[-91.170177,33.9587],[-91.217665,33.954009],[-91.232941,33.940552],[-91.239448,33.949173],[-91.2307,33.964145],[-91.230239,33.977792],[-91.239438,33.97376],[-91.251859,33.956778],[-91.262475,33.957284],[-91.270833,33.941486],[-91.290821,33.955617],[-91.290241,33.968469],[-91.311775,33.95939],[-91.3501,33.955324],[-91.357591,33.962765],[-91.34765,33.971254],[-91.337686,33.97354],[-91.322466,33.966795],[-91.312046,33.974644],[-91.318373,34.003975],[-91.331598,34.016635],[-91.338599,34.015835],[-91.34014,34.010718],[-91.328038,33.995556],[-91.32829,33.984684],[-91.336355,33.983513],[-91.345696,33.999311],[-91.354438,34.004753],[-91.360929,34.002303],[-91.373343,33.982157],[-91.39186,33.981623],[-91.406953,34.002034],[-91.432769,34.018965],[-91.438236,34.028035],[-91.433491,34.061187],[-91.445074,34.080577],[-91.431833,34.087401],[-91.442414,34.087832],[-91.438027,34.096392],[-91.448225,34.121104],[-91.443185,34.126304],[-91.450891,34.12828],[-91.451931,34.133865],[-91.463516,34.135689],[-91.476021,34.13542],[-91.493259,34.127324],[-91.49679,34.130623],[-91.496469,34.149993],[-91.515219,34.142905],[-91.515108,34.157061],[-91.520752,34.164108],[-91.514767,34.171149],[-91.527396,34.183323],[-91.523571,34.19119],[-91.530687,34.20219],[-91.52975,34.217644],[-91.540178,34.224599],[-91.561036,34.225497],[-91.576755,34.223139],[-91.580751,34.21493],[-91.595655,34.212433],[-91.5928,34.228685],[-91.599107,34.231477],[-91.711675,34.233864],[-91.710249,34.294454]]]}},{"type":"Feature","properties":{"GEOID":"05147","NAME":"Woodruff","state":"AR","wildfire_risk_score":11.609,"wildfire_eal_total":2454.55,"risk_band":"Low","source":"FEMA National Risk Index v1.20 (December 2025)"},"geometry":{"type":"Polygon","coordinates":[[[-91.478955,35.061054],[-91.473221,35.06771],[-91.460976,35.06334],[-91.446027,35.06781],[-91.468639,35.084957],[-91.462623,35.102229],[-91.459831,35.092179],[-91.452806,35.088296],[-91.449415,35.089889],[-91.452616,35.101607],[-91.424235,35.104838],[-91.427619,35.111352],[-91.436761,35.104649],[-91.444429,35.105385],[-91.43889,35.118439],[-91.449572,35.130811],[-91.450846,35.140538],[-91.435853,35.134947],[-91.42804,35.137908],[-91.43489,35.143751],[-91.435494,35.154107],[-91.461755,35.156182],[-91.459503,35.16713],[-91.454019,35.169928],[-91.437699,35.165436],[-91.422154,35.176992],[-91.435924,35.181868],[-91.426419,35.183851],[-91.430841,35.192922],[-91.413063,35.194276],[-91.404606,35.214556],[-91.39674,35.211577],[-91.392856,35.192433],[-91.380738,35.188033],[-91.377144,35.195715],[-91.390502,35.201765],[-91.380497,35.216368],[-91.394788,35.221238],[-91.377897,35.223096],[-91.387247,35.229882],[-91.388643,35.23712],[-91.3851,35.246166],[-91.372566,35.255665],[-91.371312,35.264077],[-91.377592,35.267531],[-91.381767,35.253311],[-91.391946,35.252291],[-91.400553,35.264648],[-91.411842,35.264835],[-91.414004,35.304613],[-91.428692,35.293141],[-91.437434,35.296118],[-91.43868,35.304693],[-91.427522,35.3105],[-91.435571,35.313811],[-91.427876,35.321334],[-91.425014,35.332859],[-91.441986,35.340054],[-91.444814,35.346282],[-91.42887,35.350792],[-91.423036,35.358893],[-91.436174,35.363694],[-91.438448,35.368895],[-91.430781,35.371366],[-91.411019,35.360911],[-91.411048,35.367834],[-91.422078,35.369146],[-91.425681,35.375083],[-91.406405,35.386393],[-91.392192,35.375083],[-91.384868,35.374739],[-91.384154,35.378946],[-91.400181,35.393746],[-91.368441,35.408302],[-91.372206,35.420201],[-91.365646,35.430527],[-91.360917,35.41134],[-91.3504,35.410434],[-91.345783,35.424679],[-91.357767,35.429063],[-91.347726,35.437853],[-91.350335,35.445043],[-91.253007,35.445779],[-91.251555,35.357561],[-91.039633,35.354255],[-91.045445,35.001048],[-91.237363,35.004289],[-91.238144,34.984809],[-91.293142,34.985234],[-91.294713,34.91246],[-91.368658,34.912665],[-91.363795,35.051952],[-91.441689,35.052226],[-91.439976,35.061698],[-91.461202,35.052043],[-91.478955,35.061054]]]}},{"type":"Feature","properties":{"GEOID":"05069","NAME":"Jefferson","state":"AR","wildfire_risk_score":57.634,"wildfire_eal_total":48244.97,"risk_band":"Moderate","source":"FEMA National Risk Index v1.20 (December 2025)"},"geometry":{"type":"Polygon","coordinates":[[[-92.232591,34.120795],[-92.232456,34.230943],[-92.212827,34.230399],[-92.207985,34.492869],[-91.70525,34.482731],[-91.711675,34.233864],[-91.599107,34.231477],[-91.5928,34.228685],[-91.595655,34.212433],[-91.580751,34.21493],[-91.573993,34.223692],[-91.53646,34.223073],[-91.528406,34.215365],[-91.530687,34.20219],[-91.523571,34.19119],[-91.527396,34.183323],[-91.515034,34.172485],[-91.520752,34.164108],[-91.515108,34.157061],[-91.515219,34.142905],[-91.494809,34.14898],[-91.49679,34.130623],[-91.491329,34.127031],[-91.476021,34.13542],[-91.451931,34.133865],[-91.450891,34.12828],[-91.442853,34.125354],[-91.448225,34.121104],[-91.438027,34.096392],[-91.442414,34.087832],[-91.431833,34.087401],[-91.445074,34.080577],[-91.462265,34.08547],[-91.46222,34.064965],[-91.481845,34.058596],[-91.490464,34.063176],[-91.490353,34.074497],[-91.507743,34.074384],[-91.531159,34.098614],[-91.545816,34.10462],[-91.563621,34.104681],[-91.583901,34.088804],[-91.603509,34.08719],[-91.610611,34.096478],[-91.605709,34.114397],[-91.585242,34.122596],[-91.58505,34.130365],[-91.593749,34.133428],[-91.625111,34.129242],[-91.649268,34.138458],[-91.695202,34.171282],[-91.71226,34.176173],[-91.727381,34.175276],[-91.726713,34.065113],[-91.744729,34.064979],[-91.745092,34.094019],[-91.797864,34.094748],[-91.953659,34.093435],[-91.953677,34.064163],[-92.233303,34.062367],[-92.232591,34.120795]]]}},{"type":"Feature","properties":{"GEOID":"05093","NAME":"Mississippi","state":"AR","wildfire_risk_score":11.673,"wildfire_eal_total":2567.68,"risk_band":"Low","source":"FEMA National Risk Index v1.20 (December 2025)"},"geometry":{"type":"Polygon","coordinates":[[[-90.2888,35.996419],[-89.733056,36.000809],[-89.722916,35.989061],[-89.718497,35.963123],[-89.654027,35.930183],[-89.644307,35.920943],[-89.642047,35.895573],[-89.649963,35.881781],[-89.669079,35.87451],[-89.714934,35.906247],[-89.743132,35.911176],[-89.767242,35.890852],[-89.773858,35.86766],[-89.762109,35.857165],[-89.69741,35.836683],[-89.693499,35.831727],[-89.696497,35.820583],[-89.72817,35.802697],[-89.765391,35.811207],[-89.781662,35.805228],[-89.799565,35.788331],[-89.79895,35.759356],[-89.825451,35.745188],[-89.846753,35.744129],[-89.852359,35.755426],[-89.863064,35.757134],[-89.894107,35.750839],[-89.911984,35.758313],[-89.958336,35.72656],[-89.955665,35.690089],[-89.934467,35.664943],[-89.919285,35.655297],[-89.898916,35.650904],[-89.886979,35.653637],[-89.876446,35.666726],[-89.8622,35.670419],[-89.851176,35.657432],[-89.851825,35.644262],[-89.856619,35.634444],[-89.890259,35.616416],[-89.911275,35.617594],[-89.945405,35.601611],[-89.956592,35.590622],[-89.95669,35.581426],[-89.941995,35.556903],[-89.910681,35.547451],[-89.913176,35.536728],[-89.90679,35.537468],[-89.90231,35.530225],[-89.908934,35.51424],[-89.924373,35.511303],[-89.958749,35.523837],[-89.958498,35.541703],[-89.989363,35.560043],[-90.008293,35.560065],[-90.038109,35.549731],[-90.04909,35.522257],[-90.047678,35.50261],[-90.035112,35.482711],[-90.011917,35.462597],[-90.002675,35.430529],[-90.048086,35.411737],[-90.056782,35.403863],[-90.041563,35.39662],[-90.054322,35.389277],[-90.069528,35.408132],[-90.062018,35.41518],[-90.074082,35.433983],[-90.067798,35.466224],[-90.079007,35.476874],[-90.107723,35.476935],[-90.120024,35.4666],[-90.129435,35.442119],[-90.1400604342279,35.4366666127721],[-90.286926,35.438439],[-90.2888,35.996419]]]}},{"type":"Feature","properties":{"GEOID":"05145","NAME":"White","state":"AR","wildfire_risk_score":79.389,"wildfire_eal_total":335475.52,"risk_band":"High","source":"FEMA National Risk Index v1.20 (December 2025)"},"geometry":{"type":"Polygon","coordinates":[[[-92.119748,35.06656],[-92.111535,35.362633],[-91.852222,35.358384],[-91.850034,35.436483],[-91.835511,35.441795],[-91.828681,35.454714],[-91.819237,35.449825],[-91.795997,35.45561],[-91.793577,35.534078],[-91.582094,35.530332],[-91.584454,35.442309],[-91.347257,35.439106],[-91.357767,35.429063],[-91.345783,35.424679],[-91.3504,35.410434],[-91.360917,35.41134],[-91.365646,35.430527],[-91.372206,35.420201],[-91.368441,35.408302],[-91.400181,35.393746],[-91.384154,35.378946],[-91.384868,35.374739],[-91.392192,35.375083],[-91.406405,35.386393],[-91.425681,35.375083],[-91.422078,35.369146],[-91.411048,35.367834],[-91.411019,35.360911],[-91.430781,35.371366],[-91.438448,35.368895],[-91.436174,35.363694],[-91.423036,35.358893],[-91.42887,35.350792],[-91.444814,35.346282],[-91.441986,35.340054],[-91.425014,35.332859],[-91.427876,35.321334],[-91.435571,35.313811],[-91.427522,35.3105],[-91.43868,35.304693],[-91.437434,35.296118],[-91.428692,35.293141],[-91.414004,35.304613],[-91.411842,35.264835],[-91.400553,35.264648],[-91.388222,35.251259],[-91.379727,35.255634],[-91.377592,35.267531],[-91.371022,35.260541],[-91.388643,35.23712],[-91.379034,35.221213],[-91.394788,35.221238],[-91.380497,35.216368],[-91.390502,35.201765],[-91.377639,35.197075],[-91.378983,35.189378],[-91.392856,35.192433],[-91.39674,35.211577],[-91.404606,35.214556],[-91.413063,35.194276],[-91.430841,35.192922],[-91.426419,35.183851],[-91.435924,35.181868],[-91.422154,35.176992],[-91.437699,35.165436],[-91.456668,35.169167],[-91.46315,35.161111],[-91.458753,35.155016],[-91.435494,35.154107],[-91.43489,35.143751],[-91.42804,35.137908],[-91.439179,35.13546],[-91.449232,35.141364],[-91.45204,35.138014],[-91.43889,35.118439],[-91.444429,35.105385],[-91.436761,35.104649],[-91.427619,35.111352],[-91.424299,35.10703],[-91.426897,35.102628],[-91.452616,35.101607],[-91.450005,35.088921],[-91.459831,35.092179],[-91.460957,35.102508],[-91.465269,35.089457],[-91.584005,35.091584],[-91.585162,35.025332],[-91.602947,35.026299],[-91.607857,35.020811],[-91.640232,35.02705],[-91.644153,35.042711],[-91.656125,35.051583],[-91.671891,35.054491],[-91.679427,35.05054],[-91.689036,35.057057],[-91.686836,35.059857],[-91.701489,35.06303],[-91.710993,35.062709],[-91.744455,35.047091],[-91.765992,35.050008],[-91.789158,35.03958],[-91.798159,35.042462],[-91.802359,35.040532],[-91.802509,35.030698],[-91.811262,35.033528],[-91.875437,35.023585],[-91.895204,35.032917],[-91.902143,35.027821],[-91.925343,35.045919],[-91.949397,35.044531],[-91.961835,35.052242],[-91.970353,35.049656],[-91.979201,35.053268],[-91.983869,35.059332],[-91.995414,35.058911],[-92.012923,35.076319],[-92.049997,35.067095],[-92.068236,35.075179],[-92.089054,35.064782],[-92.119748,35.06656]]]}},{"type":"Feature","properties":{"GEOID":"05023","NAME":"Cleburne","state":"AR","wildfire_risk_score":75.795,"wildfire_eal_total":207472.55,"risk_band":"High","source":"FEMA National Risk Index v1.20 (December 2025)"},"geometry":{"type":"Polygon","coordinates":[[[-92.252745,35.36442],[-92.2408,35.712124],[-91.806834,35.704558],[-91.789645,35.711784],[-91.795997,35.45561],[-91.819237,35.449825],[-91.828681,35.454714],[-91.835511,35.441795],[-91.850034,35.436483],[-91.852222,35.358384],[-92.252745,35.36442]]]}},{"type":"Feature","properties":{"GEOID":"05127","NAME":"Scott","state":"AR","wildfire_risk_score":67.08,"wildfire_eal_total":124230.37,"risk_band":"High","source":"FEMA National Risk Index v1.20 (December 2025)"},"geometry":{"type":"Polygon","coordinates":[[[-94.4533001508935,34.766112966887],[-94.4478837250622,34.9340835669104],[-94.430242,34.930746],[-94.409405,34.949895],[-94.392173,34.943542],[-94.374579,34.947938],[-94.374641,34.962957],[-94.360669,34.960844],[-94.350323,34.948198],[-94.342759,34.946952],[-94.324174,34.955912],[-94.293254,34.953047],[-94.230524,34.968527],[-94.228234,35.057464],[-94.250852,35.058171],[-94.250751,35.065393],[-94.223192,35.07216],[-94.222921,35.079361],[-94.195091,35.078897],[-94.195145,35.086122],[-94.181599,35.085727],[-94.176861,35.092941],[-94.15892,35.092475],[-94.158645,35.099847],[-94.140463,35.099674],[-94.141765,35.055685],[-94.07353,35.054183],[-94.074449,35.026432],[-93.704962,35.019716],[-93.709985,34.745978],[-93.745262,34.746605],[-93.745793,34.732126],[-93.780884,34.732411],[-93.781123,34.718078],[-93.816771,34.718511],[-93.816923,34.711231],[-93.869932,34.712517],[-93.870248,34.690761],[-93.879079,34.690813],[-93.879286,34.66564],[-93.930214,34.666049],[-93.929941,34.680132],[-94.035286,34.683607],[-94.035236,34.692917],[-94.317639,34.697522],[-94.316787,34.726545],[-94.4545765776714,34.7289498283625],[-94.4533001508935,34.766112966887]]]}},{"type":"Feature","properties":{"GEOID":"05077","NAME":"Lee","state":"AR","wildfire_risk_score":7.316,"wildfire_eal_total":1314.11,"risk_band":"Low","source":"FEMA National Risk Index v1.20 (December 2025)"},"geometry":{"type":"Polygon","coordinates":[[[-91.102438,34.738082],[-91.09921,34.911635],[-90.942971,34.906783],[-90.408539,34.904021],[-90.4079479071649,34.8268307074263],[-90.438729,34.825248],[-90.449691,34.83992],[-90.429366,34.866609],[-90.440058,34.88545],[-90.462272,34.891738],[-90.476044,34.885842],[-90.484348,34.874925],[-90.481955,34.857805],[-90.455379,34.820785],[-90.469374,34.812604],[-90.476455,34.793587],[-90.449047,34.747462],[-90.448423,34.739117],[-90.455381,34.732641],[-90.491666,34.721388],[-90.524166,34.731388],[-90.494393,34.757431],[-90.492777,34.772499],[-90.511388,34.789999],[-90.511111,34.798288],[-90.521111,34.801944],[-90.540833,34.795833],[-90.547778,34.783333],[-90.539444,34.755277],[-90.545556,34.738889],[-90.558333,34.739167],[-90.567778,34.733333],[-90.571944,34.712777],[-90.559444,34.710833],[-90.532444,34.696237],[-90.516666,34.695555],[-90.474166,34.705277],[-90.463685,34.692644],[-90.468822,34.670026],[-90.5081,34.636682],[-90.524481,34.628504],[-90.541609,34.628612],[-90.554129,34.640871],[-90.552642,34.659707],[-90.539968,34.676839],[-90.545689,34.6884],[-90.556234,34.693576],[-90.570102,34.693432],[-90.568407,34.668878],[-90.5873178302659,34.6413598989377],[-91.052011,34.645717],[-91.049474,34.734184],[-91.102542,34.734864],[-91.102438,34.738082]]]}},{"type":"Feature","properties":{"GEOID":"05005","NAME":"Baxter","state":"AR","wildfire_risk_score":71.947,"wildfire_eal_total":136320.68,"risk_band":"High","source":"FEMA National Risk Index v1.20 (December 2025)"},"geometry":{"type":"Polygon","coordinates":[[[-92.595147,36.355888],[-92.553886,36.378445],[-92.549548,36.38692],[-92.533104,36.386557],[-92.5291298703286,36.4986088420019],[-92.1502863617131,36.4986337657382],[-92.159928,36.173792],[-92.213888,36.175065],[-92.215231,36.133469],[-92.19564,36.133009],[-92.197449,36.059239],[-92.305109,36.061087],[-92.307215,35.974007],[-92.414396,35.975798],[-92.409142,36.134675],[-92.426787,36.134866],[-92.426397,36.149465],[-92.40869,36.14937],[-92.407624,36.157773],[-92.413968,36.162872],[-92.428196,36.163567],[-92.425948,36.17833],[-92.432798,36.168311],[-92.442358,36.164387],[-92.468797,36.181405],[-92.479162,36.193673],[-92.478507,36.202425],[-92.459043,36.217349],[-92.476518,36.228198],[-92.471298,36.255938],[-92.494154,36.25631],[-92.520653,36.268811],[-92.542055,36.262647],[-92.543192,36.269173],[-92.525647,36.286582],[-92.524202,36.300032],[-92.546977,36.313649],[-92.568281,36.306309],[-92.575373,36.308549],[-92.570318,36.324383],[-92.561214,36.334926],[-92.552861,36.336519],[-92.534813,36.329342],[-92.529497,36.348499],[-92.535654,36.350908],[-92.580663,36.342637],[-92.595147,36.355888]]]}},{"type":"Feature","properties":{"GEOID":"05105","NAME":"Perry","state":"AR","wildfire_risk_score":55.057,"wildfire_eal_total":50190.98,"risk_band":"Moderate","source":"FEMA National Risk Index v1.20 (December 2025)"},"geometry":{"type":"Polygon","coordinates":[[[-93.305682,34.875463],[-93.28835,34.875268],[-93.288184,34.888872],[-93.270667,34.889123],[-93.270374,34.90368],[-93.252575,34.903791],[-93.252301,34.918209],[-93.235018,34.918091],[-93.235063,34.932592],[-93.217452,34.932698],[-93.217338,34.947782],[-93.200492,34.947591],[-93.200017,34.962326],[-93.181733,34.961903],[-93.181354,34.976295],[-93.160177,34.97599],[-93.160162,34.990457],[-93.142165,34.990165],[-93.141769,35.004639],[-93.124065,35.0041],[-93.123736,35.018605],[-93.105949,35.018128],[-93.105564,35.034277],[-93.087263,35.033942],[-93.087201,35.048275],[-93.069425,35.048087],[-93.069223,35.062626],[-93.051491,35.062352],[-93.051254,35.076828],[-92.704697,35.07212],[-92.676391,35.078445],[-92.653377,35.103795],[-92.633907,35.114899],[-92.623118,35.110925],[-92.620611,35.099685],[-92.625224,35.093136],[-92.647613,35.082354],[-92.648274,35.077305],[-92.631483,35.07579],[-92.602505,35.08279],[-92.576438,35.109898],[-92.565954,35.114935],[-92.550293,35.110307],[-92.541264,35.089768],[-92.541169,35.071717],[-92.548453,35.049368],[-92.563438,35.032701],[-92.592529,35.014217],[-92.599245,35.000334],[-92.584399,34.97153],[-92.56607,34.959262],[-92.544203,34.952897],[-92.544559,34.936371],[-92.647754,34.939222],[-92.649646,34.910173],[-92.753891,34.911579],[-92.755399,34.853745],[-92.739732,34.853599],[-92.740329,34.82783],[-92.756285,34.842635],[-92.783526,34.839822],[-92.799897,34.8513],[-92.817972,34.847931],[-92.829814,34.855347],[-93.074011,34.858199],[-93.075178,34.771892],[-93.287785,34.773242],[-93.288283,34.86087],[-93.305864,34.861049],[-93.305682,34.875463]]]}},{"type":"Feature","properties":{"GEOID":"05029","NAME":"Conway","state":"AR","wildfire_risk_score":74.905,"wildfire_eal_total":183393.03,"risk_band":"High","source":"FEMA National Risk Index v1.20 (December 2025)"},"geometry":{"type":"Polygon","coordinates":[[[-93.040124,35.109496],[-93.024837,35.111977],[-93.018236,35.118445],[-93.012032,35.114426],[-92.980718,35.117199],[-92.980515,35.123336],[-92.975257,35.125351],[-92.979101,35.131061],[-92.955966,35.140256],[-92.924951,35.167982],[-92.855096,35.173839],[-92.850951,35.462959],[-92.479672,35.455559],[-92.484883,35.275489],[-92.494024,35.273668],[-92.498968,35.266876],[-92.493653,35.266394],[-92.514442,35.256326],[-92.503339,35.246534],[-92.503706,35.240777],[-92.511223,35.240198],[-92.512379,35.244456],[-92.515154,35.233127],[-92.522524,35.23112],[-92.521991,35.227535],[-92.52772,35.230787],[-92.531503,35.224259],[-92.529665,35.219423],[-92.52379,35.221862],[-92.525225,35.218064],[-92.519145,35.21708],[-92.527696,35.209468],[-92.524662,35.205301],[-92.528976,35.190302],[-92.499756,35.17495],[-92.500467,35.168654],[-92.507252,35.166867],[-92.501517,35.163281],[-92.504094,35.147542],[-92.513066,35.143482],[-92.505986,35.138169],[-92.515884,35.129048],[-92.521689,35.114597],[-92.533943,35.114761],[-92.544187,35.125902],[-92.554443,35.113418],[-92.573393,35.11216],[-92.602505,35.08279],[-92.631483,35.07579],[-92.648274,35.077305],[-92.647613,35.082354],[-92.625224,35.093136],[-92.620611,35.099685],[-92.623118,35.110925],[-92.633907,35.114899],[-92.653377,35.103795],[-92.678367,35.077317],[-92.718939,35.071862],[-93.040561,35.07688],[-93.02531,35.090931],[-93.027591,35.099116],[-93.038946,35.103445],[-93.040124,35.109496]]]}},{"type":"Feature","properties":{"GEOID":"05113","NAME":"Polk","state":"AR","wildfire_risk_score":82.443,"wildfire_eal_total":355649.32,"risk_band":"High","source":"FEMA National Risk Index v1.20 (December 2025)"},"geometry":{"type":"Polygon","coordinates":[[[-94.4686660864144,34.2492051629228],[-94.4545765776714,34.7289498283625],[-94.316787,34.726545],[-94.317639,34.697522],[-94.035236,34.692917],[-94.035286,34.683607],[-93.929941,34.680132],[-93.935435,34.350233],[-94.254662,34.355792],[-94.256261,34.269215],[-94.243893,34.269053],[-94.243788,34.1925],[-94.4702836220645,34.1901816463447],[-94.4686660864144,34.2492051629228]]]}},{"type":"Feature","properties":{"GEOID":"05031","NAME":"Craighead","state":"AR","wildfire_risk_score":43.83,"wildfire_eal_total":26801.85,"risk_band":"Moderate","source":"FEMA National Risk Index v1.20 (December 2025)"},"geometry":{"type":"Polygon","coordinates":[[[-91.036793,35.723153],[-91.032562,35.885028],[-90.872852,35.880872],[-90.872203,35.924388],[-90.860171,35.925238],[-90.865747,35.941465],[-90.860665,35.945492],[-90.864765,35.947269],[-90.856609,35.950467],[-90.861542,35.955605],[-90.854422,35.959278],[-90.851989,35.967879],[-90.387324,35.964691],[-90.386318,35.987577],[-90.3778638390322,35.9957178722202],[-90.2890760510731,35.9964173016992],[-90.286789,35.69991],[-90.50058,35.707268],[-90.607964,35.704407],[-91.037012,35.708419],[-91.036793,35.723153]]]}},{"type":"Feature","properties":{"GEOID":"05027","NAME":"Columbia","state":"AR","wildfire_risk_score":31.807,"wildfire_eal_total":10358.61,"risk_band":"Moderate","source":"FEMA National Risk Index v1.20 (December 2025)"},"geometry":{"type":"Polygon","coordinates":[[[-93.490558,33.018669],[-93.481748,33.260065],[-93.440697,33.259483],[-93.433115,33.273894],[-93.436174,33.289164],[-93.422812,33.303064],[-93.428955,33.315193],[-93.410362,33.35249],[-93.412913,33.362476],[-93.402286,33.373209],[-93.39622,33.399252],[-93.388736,33.403814],[-93.376602,33.432902],[-93.365644,33.444491],[-93.221349,33.440487],[-93.221147,33.455081],[-93.116328,33.452922],[-93.118951,33.380298],[-92.978483,33.377142],[-92.9887766133733,33.0172983171707],[-93.490558,33.018669]]]}},{"type":"Feature","properties":{"GEOID":"05125","NAME":"Saline","state":"AR","wildfire_risk_score":61.514,"wildfire_eal_total":101164.64,"risk_band":"Moderate","source":"FEMA National Risk Index v1.20 (December 2025)"},"geometry":{"type":"Polygon","coordinates":[[[-93.075071,34.801271],[-93.074011,34.858199],[-92.829814,34.855347],[-92.817972,34.847931],[-92.799897,34.8513],[-92.783526,34.839822],[-92.756285,34.842635],[-92.740329,34.82783],[-92.739732,34.853599],[-92.651248,34.851682],[-92.654324,34.764541],[-92.549656,34.761691],[-92.552015,34.689333],[-92.499088,34.687992],[-92.500302,34.673611],[-92.443286,34.672041],[-92.445217,34.627043],[-92.346461,34.625635],[-92.348692,34.582289],[-92.244212,34.58089],[-92.245841,34.493584],[-92.403372,34.495707],[-92.40467,34.451892],[-92.589469,34.455577],[-92.597181,34.452617],[-92.601495,34.438994],[-92.623377,34.425394],[-92.624287,34.420009],[-92.616658,34.41381],[-92.621402,34.415267],[-92.622086,34.411103],[-92.686189,34.414696],[-92.685066,34.473102],[-92.738821,34.473932],[-92.738264,34.503241],[-92.793189,34.503573],[-92.791498,34.561985],[-92.808952,34.562248],[-92.808028,34.590406],[-92.876916,34.59117],[-92.875394,34.635196],[-92.979978,34.637249],[-92.979054,34.684886],[-92.969754,34.684769],[-92.969317,34.772263],[-93.075178,34.771892],[-93.075071,34.801271]]]}},{"type":"Feature","properties":{"GEOID":"05137","NAME":"Stone","state":"AR","wildfire_risk_score":68.098,"wildfire_eal_total":96562.62,"risk_band":"High","source":"FEMA National Risk Index v1.20 (December 2025)"},"geometry":{"type":"Polygon","coordinates":[[[-92.417997,35.730506],[-92.414396,35.975798],[-92.307215,35.974007],[-92.305109,36.061087],[-92.197449,36.059239],[-92.19564,36.133009],[-92.1907,36.126187],[-92.188816,36.105167],[-92.176686,36.102162],[-92.15199,36.116284],[-92.141978,36.114943],[-92.112683,36.064258],[-92.080528,36.057108],[-92.057775,36.036073],[-92.057221,36.029619],[-92.06304,36.024632],[-92.084641,36.022754],[-92.097592,36.014753],[-92.098193,36.001909],[-92.085663,35.986557],[-92.082942,35.974507],[-92.087763,35.963209],[-92.109599,35.951609],[-92.113401,35.939357],[-92.109034,35.931945],[-92.093395,35.926162],[-92.072749,35.928573],[-92.038923,35.944867],[-92.029451,35.938155],[-92.026383,35.921074],[-92.016616,35.916178],[-91.99938,35.922897],[-91.985619,35.938081],[-91.968037,35.94006],[-91.89653,35.88296],[-91.859033,35.880538],[-91.849456,35.867301],[-91.849917,35.844255],[-91.870982,35.810523],[-91.864471,35.76972],[-91.836121,35.748855],[-91.837176,35.705019],[-92.418409,35.716028],[-92.417997,35.730506]]]}},{"type":"Feature","properties":{"GEOID":"05051","NAME":"Garland","state":"AR","wildfire_risk_score":72.869,"wildfire_eal_total":155460.93,"risk_band":"High","source":"FEMA National Risk Index v1.20 (December 2025)"},"geometry":{"type":"Polygon","coordinates":[[[-93.406925,34.408954],[-93.402245,34.685231],[-93.393946,34.685219],[-93.394487,34.77242],[-92.969317,34.772263],[-92.969754,34.684769],[-92.979054,34.684886],[-92.979978,34.637249],[-92.875394,34.635196],[-92.876916,34.59117],[-92.808028,34.590406],[-92.808952,34.562248],[-92.791498,34.561985],[-92.793189,34.503573],[-92.915064,34.506132],[-92.913462,34.448361],[-92.947826,34.449001],[-92.948081,34.389255],[-93.407203,34.397447],[-93.406925,34.408954]]]}},{"type":"Feature","properties":{"GEOID":"05101","NAME":"Newton","state":"AR","wildfire_risk_score":50.986,"wildfire_eal_total":29625.87,"risk_band":"Moderate","source":"FEMA National Risk Index v1.20 (December 2025)"},"geometry":{"type":"Polygon","coordinates":[[[-93.523646,35.881514],[-93.506,35.881029],[-93.504866,35.925142],[-93.48692,35.924333],[-93.486232,35.953355],[-93.468394,35.953157],[-93.468082,35.967582],[-93.450788,35.967497],[-93.44574,36.080787],[-93.480274,36.081554],[-93.479521,36.125054],[-92.94466,36.115547],[-92.945496,36.071674],[-92.938469,36.071665],[-92.951373,35.724635],[-93.519643,35.734464],[-93.517057,35.823332],[-93.526056,35.823643],[-93.523646,35.881514]]]}},{"type":"Feature","properties":{"GEOID":"05109","NAME":"Pike","state":"AR","wildfire_risk_score":49.905,"wildfire_eal_total":35488.76,"risk_band":"Moderate","source":"FEMA National Risk Index v1.20 (December 2025)"},"geometry":{"type":"Polygon","coordinates":[[[-93.936634,34.277958],[-93.935435,34.350233],[-93.478485,34.340839],[-93.480423,34.253272],[-93.501506,34.253701],[-93.502208,34.214106],[-93.489262,34.211805],[-93.489558,34.207729],[-93.463824,34.20522],[-93.458721,34.212113],[-93.450226,34.205206],[-93.442985,34.208348],[-93.460365,34.190519],[-93.44846,34.180243],[-93.454831,34.177206],[-93.447305,34.174121],[-93.454681,34.173051],[-93.456413,34.163192],[-93.453729,34.153544],[-93.443687,34.147037],[-93.449315,34.146143],[-93.45242,34.13949],[-93.459755,34.143113],[-93.455216,34.137752],[-93.457307,34.130682],[-93.444068,34.130652],[-93.452112,34.126348],[-93.451198,34.122617],[-93.44146,34.120265],[-93.44482,34.114381],[-93.440347,34.084472],[-93.444087,34.07969],[-93.435069,34.07049],[-93.434583,34.050467],[-93.412284,34.032712],[-93.408406,34.012358],[-93.400316,34.01147],[-93.404553,34.004304],[-93.393938,34.002418],[-93.383178,33.992841],[-93.376059,33.977016],[-93.381158,33.9739],[-93.371668,33.963523],[-93.377052,33.962261],[-93.370153,33.96017],[-93.390164,33.958499],[-93.391259,33.951507],[-93.397973,33.95585],[-93.399608,33.951325],[-93.414025,33.953725],[-93.418216,33.948889],[-93.420068,33.954127],[-93.430017,33.954874],[-93.427846,33.95942],[-93.432815,33.954848],[-93.451336,33.960511],[-93.456665,33.95682],[-93.459632,33.963088],[-93.465874,33.958862],[-93.467306,33.96422],[-93.477652,33.961324],[-93.475994,33.951789],[-93.490492,33.95666],[-93.497693,33.954031],[-93.493843,33.948747],[-93.50063,33.948654],[-93.499125,33.945707],[-93.528249,33.942938],[-93.532526,33.954903],[-93.543341,33.950598],[-93.567722,33.956932],[-93.569892,33.961185],[-93.579008,33.956801],[-93.591123,33.964287],[-93.604531,33.96475],[-93.61573,33.959182],[-93.62561,33.969943],[-93.629866,33.967951],[-93.627875,33.973768],[-93.640559,33.974211],[-93.64658,33.982878],[-93.681536,33.983296],[-93.699986,33.995197],[-93.721807,33.996556],[-93.749844,34.006872],[-93.823076,34.008893],[-93.820722,34.183802],[-93.925851,34.186534],[-93.924384,34.262961],[-93.937009,34.263024],[-93.936634,34.277958]]]}},{"type":"Feature","properties":{"GEOID":"05115","NAME":"Pope","state":"AR","wildfire_risk_score":72.328,"wildfire_eal_total":213626.66,"risk_band":"High","source":"FEMA National Risk Index v1.20 (December 2025)"},"geometry":{"type":"Polygon","coordinates":[[[-93.298718,35.33738],[-93.295873,35.470049],[-93.223821,35.468685],[-93.221295,35.599058],[-93.167825,35.597822],[-93.164451,35.728873],[-92.809745,35.722417],[-92.813462,35.548917],[-92.849277,35.549474],[-92.855096,35.173839],[-92.894363,35.169541],[-92.935652,35.176847],[-92.961509,35.16968],[-92.979403,35.17192],[-93.011574,35.16629],[-93.029041,35.158155],[-93.029454,35.127546],[-93.044031,35.11907],[-93.066223,35.118638],[-93.087654,35.12969],[-93.093027,35.139095],[-93.079897,35.150602],[-93.084365,35.163179],[-93.076266,35.174958],[-93.081442,35.182054],[-93.090327,35.183657],[-93.111503,35.170867],[-93.126314,35.175808],[-93.136021,35.188377],[-93.138931,35.207003],[-93.154002,35.233138],[-93.182927,35.261693],[-93.198539,35.271328],[-93.242734,35.277629],[-93.284675,35.318705],[-93.298903,35.327125],[-93.298718,35.33738]]]}},{"type":"Feature","properties":{"GEOID":"05149","NAME":"Yell","state":"AR","wildfire_risk_score":68.193,"wildfire_eal_total":111286.5,"risk_band":"High","source":"FEMA National Risk Index v1.20 (December 2025)"},"geometry":{"type":"Polygon","coordinates":[[[-93.708751,34.833047],[-93.706843,35.134886],[-93.663263,35.133835],[-93.662882,35.148223],[-93.529736,35.145502],[-93.529139,35.159989],[-93.511321,35.159717],[-93.510998,35.17421],[-93.493932,35.173936],[-93.493862,35.180836],[-93.484109,35.180602],[-93.483907,35.201894],[-93.474773,35.201648],[-93.474545,35.209793],[-93.45707,35.208627],[-93.457022,35.215782],[-93.279929,35.212556],[-93.278215,35.312436],[-93.238606,35.275322],[-93.198539,35.271328],[-93.182927,35.261693],[-93.154002,35.233138],[-93.138931,35.207003],[-93.136021,35.188377],[-93.126314,35.175808],[-93.111503,35.170867],[-93.090327,35.183657],[-93.081442,35.182054],[-93.076266,35.174958],[-93.084365,35.163179],[-93.079897,35.150602],[-93.093027,35.139095],[-93.087654,35.12969],[-93.069424,35.119827],[-93.048132,35.118215],[-93.032884,35.124688],[-93.027497,35.132218],[-93.029041,35.158155],[-93.011574,35.16629],[-92.979403,35.17192],[-92.961509,35.16968],[-92.935652,35.176847],[-92.900911,35.169993],[-92.931236,35.164018],[-92.955966,35.140256],[-92.979101,35.131061],[-92.975257,35.125351],[-92.980515,35.123336],[-92.980718,35.117199],[-93.012032,35.114426],[-93.018236,35.118445],[-93.024837,35.111977],[-93.040124,35.109496],[-93.038946,35.103445],[-93.027591,35.099116],[-93.025681,35.089232],[-93.040561,35.07688],[-93.051254,35.076828],[-93.051491,35.062352],[-93.069223,35.062626],[-93.069425,35.048087],[-93.087201,35.048275],[-93.087263,35.033942],[-93.105564,35.034277],[-93.105949,35.018128],[-93.123736,35.018605],[-93.124065,35.0041],[-93.141769,35.004639],[-93.142165,34.990165],[-93.160162,34.990457],[-93.160177,34.97599],[-93.181354,34.976295],[-93.181733,34.961903],[-93.200017,34.962326],[-93.200492,34.947591],[-93.217338,34.947782],[-93.217452,34.932698],[-93.235063,34.932592],[-93.235018,34.918091],[-93.252301,34.918209],[-93.252575,34.903791],[-93.270374,34.90368],[-93.270667,34.889123],[-93.288184,34.888872],[-93.28835,34.875268],[-93.305682,34.875463],[-93.305864,34.861049],[-93.288283,34.86087],[-93.287785,34.773242],[-93.394487,34.77242],[-93.394402,34.743393],[-93.709985,34.745978],[-93.708751,34.833047]]]}},{"type":"Feature","properties":{"GEOID":"05059","NAME":"Hot Spring","state":"AR","wildfire_risk_score":55.248,"wildfire_eal_total":46807.45,"risk_band":"Moderate","source":"FEMA National Risk Index v1.20 (December 2025)"},"geometry":{"type":"Polygon","coordinates":[[[-93.407223,34.397291],[-92.948081,34.389255],[-92.947826,34.449001],[-92.913462,34.448361],[-92.915064,34.506132],[-92.738264,34.503241],[-92.738821,34.473932],[-92.685066,34.473102],[-92.686189,34.414696],[-92.668654,34.414504],[-92.678382,34.149645],[-93.028964,34.161537],[-93.038851,34.155318],[-93.042988,34.180638],[-93.03656,34.194946],[-93.025833,34.202211],[-93.027272,34.211176],[-93.034321,34.216675],[-93.030067,34.220622],[-93.039373,34.222478],[-93.034967,34.236605],[-93.080487,34.235096],[-93.082592,34.240025],[-93.084496,34.235622],[-93.090855,34.237487],[-93.090003,34.24566],[-93.199498,34.248062],[-93.19828,34.277301],[-93.356877,34.280308],[-93.355795,34.338698],[-93.40818,34.339467],[-93.407223,34.397291]]]}},{"type":"Feature","properties":{"GEOID":"05053","NAME":"Grant","state":"AR","wildfire_risk_score":24.141,"wildfire_eal_total":9875.92,"risk_band":"Low","source":"FEMA National Risk Index v1.20 (December 2025)"},"geometry":{"type":"Polygon","coordinates":[[[-92.675989,34.239444],[-92.668654,34.414504],[-92.617903,34.413142],[-92.617092,34.416936],[-92.624287,34.420009],[-92.623377,34.425394],[-92.601495,34.438994],[-92.597181,34.452617],[-92.589469,34.455577],[-92.40467,34.451892],[-92.403372,34.495707],[-92.208042,34.492809],[-92.212827,34.230399],[-92.232456,34.230943],[-92.233303,34.062367],[-92.336695,34.059477],[-92.347329,34.070533],[-92.353589,34.071752],[-92.35495,34.067148],[-92.373569,34.074524],[-92.370448,34.076656],[-92.375224,34.086749],[-92.38379,34.096513],[-92.388177,34.09478],[-92.390755,34.102573],[-92.405463,34.106968],[-92.400465,34.109214],[-92.405478,34.115404],[-92.412284,34.11308],[-92.426631,34.125182],[-92.43594,34.126992],[-92.448768,34.123221],[-92.468673,34.1374],[-92.466903,34.134023],[-92.476045,34.131742],[-92.475642,34.135395],[-92.491711,34.132899],[-92.493624,34.144252],[-92.678382,34.149645],[-92.675989,34.239444]]]}},{"type":"Feature","properties":{"GEOID":"05083","NAME":"Logan","state":"AR","wildfire_risk_score":71.565,"wildfire_eal_total":157680.94,"risk_band":"High","source":"FEMA National Risk Index v1.20 (December 2025)"},"geometry":{"type":"Polygon","coordinates":[[[-94.14067,35.094259],[-94.139343,35.143362],[-94.031236,35.140908],[-94.02814,35.231271],[-93.920157,35.229585],[-93.917127,35.319046],[-93.810086,35.313031],[-93.806947,35.424174],[-93.790214,35.397055],[-93.761436,35.378398],[-93.750227,35.364751],[-93.689073,35.377],[-93.669369,35.404222],[-93.625772,35.380865],[-93.608674,35.38039],[-93.564196,35.390897],[-93.531663,35.411588],[-93.520455,35.410637],[-93.503889,35.397048],[-93.495367,35.395715],[-93.45328,35.427198],[-93.43473,35.428874],[-93.423105,35.41836],[-93.42698,35.393062],[-93.416611,35.365091],[-93.396876,35.346576],[-93.42271,35.336699],[-93.418935,35.326848],[-93.371777,35.330557],[-93.331145,35.339607],[-93.291573,35.323372],[-93.278215,35.312436],[-93.279929,35.212556],[-93.457022,35.215782],[-93.45707,35.208627],[-93.474545,35.209793],[-93.474773,35.201648],[-93.483907,35.201894],[-93.484109,35.180602],[-93.493862,35.180836],[-93.493932,35.173936],[-93.510998,35.17421],[-93.511321,35.159717],[-93.529139,35.159989],[-93.529736,35.145502],[-93.662882,35.148223],[-93.663263,35.133835],[-93.706843,35.134886],[-93.709061,35.046787],[-93.704414,35.0465],[-93.704962,35.019716],[-94.074449,35.026432],[-94.07353,35.054183],[-94.141765,35.055685],[-94.14067,35.094259]]]}},{"type":"Feature","properties":{"GEOID":"05129","NAME":"Searcy","state":"AR","wildfire_risk_score":67.971,"wildfire_eal_total":103421.11,"risk_band":"High","source":"FEMA National Risk Index v1.20 (December 2025)"},"geometry":{"type":"Polygon","coordinates":[[[-92.949615,35.805283],[-92.938469,36.071665],[-92.945496,36.071674],[-92.94463,36.115253],[-92.83691,36.113795],[-92.837821,36.070125],[-92.411563,36.062757],[-92.416846,35.788632],[-92.629837,35.790823],[-92.63143,35.718381],[-92.951373,35.724635],[-92.949615,35.805283]]]}},{"type":"Feature","properties":{"GEOID":"05047","NAME":"Franklin","state":"AR","wildfire_risk_score":82.538,"wildfire_eal_total":327014.65,"risk_band":"High","source":"FEMA National Risk Index v1.20 (December 2025)"},"geometry":{"type":"Polygon","coordinates":[[[-94.081606,35.231969],[-94.074437,35.444997],[-94.039523,35.46455],[-94.057625,35.473548],[-94.039227,35.483962],[-94.048784,35.493229],[-94.028955,35.507844],[-94.041112,35.531212],[-94.040665,35.542102],[-94.034778,35.546661],[-94.035622,35.552165],[-94.023406,35.556689],[-94.022878,35.574204],[-94.076064,35.575601],[-94.073958,35.662463],[-93.984235,35.660659],[-93.982845,35.704024],[-93.965035,35.703314],[-93.964235,35.732029],[-93.911668,35.730805],[-93.911188,35.745319],[-93.892862,35.745065],[-93.892252,35.75942],[-93.910836,35.759752],[-93.910585,35.774298],[-93.695856,35.76862],[-93.710043,35.375237],[-93.718467,35.369361],[-93.751783,35.365182],[-93.761436,35.378398],[-93.790214,35.397055],[-93.806947,35.424174],[-93.810086,35.313031],[-93.917127,35.319046],[-93.920157,35.229585],[-94.02814,35.231271],[-94.028872,35.214176],[-94.046565,35.214081],[-94.047022,35.199466],[-94.064779,35.199877],[-94.064314,35.214536],[-94.08222,35.214782],[-94.081606,35.231969]]]}},{"type":"Feature","properties":{"GEOID":"05123","NAME":"St. Francis","state":"AR","wildfire_risk_score":27.067,"wildfire_eal_total":6783.8,"risk_band":"Low","source":"FEMA National Risk Index v1.20 (December 2025)"},"geometry":{"type":"Polygon","coordinates":[[[-91.152298,34.925483],[-91.14975,35.002469],[-91.045445,35.001048],[-91.042566,35.148188],[-90.503017,35.143286],[-90.400438,35.148231],[-90.408539,34.904021],[-90.942971,34.906783],[-91.09921,34.911635],[-91.100029,34.867127],[-91.117413,34.867138],[-91.117223,34.911812],[-91.152457,34.911847],[-91.152298,34.925483]]]}},{"type":"Feature","properties":{"GEOID":"05135","NAME":"Sharp","state":"AR","wildfire_risk_score":54.517,"wildfire_eal_total":35592.66,"risk_band":"Moderate","source":"FEMA National Risk Index v1.20 (December 2025)"},"geometry":{"type":"Polygon","coordinates":[[[-91.709555,35.976037],[-91.709528,36.00097],[-91.682207,36.000567],[-91.682008,36.011623],[-91.691201,36.011803],[-91.691142,36.019083],[-91.681783,36.022736],[-91.679943,36.164744],[-91.674971,36.164766],[-91.674176,36.208568],[-91.692115,36.209088],[-91.691443,36.25316],[-91.566077,36.249962],[-91.565898,36.337408],[-91.454363,36.335535],[-91.4500224283775,36.4975622246975],[-91.4068735134311,36.4971189963869],[-91.40724,36.487192],[-91.39819,36.487064],[-91.398455,36.479932],[-91.380477,36.47964],[-91.380599,36.472379],[-91.361853,36.472167],[-91.361899,36.464919],[-91.357388,36.465081],[-91.35761,36.45037],[-91.353247,36.4504],[-91.353379,36.435606],[-91.348901,36.435586],[-91.349067,36.420914],[-91.30873,36.420427],[-91.310087,36.389798],[-91.291546,36.389176],[-91.292435,36.374745],[-91.274863,36.374583],[-91.275972,36.330872],[-91.258485,36.330886],[-91.259326,36.243467],[-91.331107,36.244615],[-91.332156,36.230815],[-91.349834,36.230967],[-91.352036,36.157968],[-91.348459,36.157626],[-91.348624,36.125486],[-91.35742,35.89066],[-91.464678,35.892549],[-91.463132,35.93685],[-91.710483,35.941784],[-91.709555,35.976037]]]}},{"type":"Feature","properties":{"GEOID":"05035","NAME":"Crittenden","state":"AR","wildfire_risk_score":5.821,"wildfire_eal_total":1445.57,"risk_band":"Low","source":"FEMA National Risk Index v1.20 (December 2025)"},"geometry":{"type":"Polygon","coordinates":[[[-90.505589,35.226673],[-90.502392,35.441647],[-90.1400604342279,35.4366666127721],[-90.16888,35.421878],[-90.178341,35.382092],[-90.165282,35.373982],[-90.13551,35.376668],[-90.146191,35.399468],[-90.139295,35.410521],[-90.129342,35.41383],[-90.111624,35.409589],[-90.078613,35.380618],[-90.078263,35.37493],[-90.096182,35.348852],[-90.109966,35.304988],[-90.139504,35.298828],[-90.157325,35.301492],[-90.163812,35.296115],[-90.168794,35.279088],[-90.152094,35.255989],[-90.139717,35.252301],[-90.112051,35.255677],[-90.092603,35.246775],[-90.075466,35.214047],[-90.080677,35.208536],[-90.08856,35.212318],[-90.096466,35.194848],[-90.11606,35.19859],[-90.116743,35.186906],[-90.101426,35.171089],[-90.068673,35.155999],[-90.065182,35.139401],[-90.089667,35.118053],[-90.106838,35.119445],[-90.141805,35.133041],[-90.167358,35.123585],[-90.176843,35.112088],[-90.181374,35.094013],[-90.175,35.076064],[-90.181157,35.053943],[-90.207315,35.025773],[-90.251797,35.03161],[-90.264818,35.040448],[-90.296968,35.038175],[-90.309256,35.009592],[-90.307336,34.991927],[-90.292995,34.974303],[-90.270706,34.958757],[-90.245935,34.948721],[-90.241334,34.919033],[-90.243208,34.9091],[-90.257858,34.893385],[-90.317741,34.871058],[-90.314893,34.863955],[-90.303293,34.858565],[-90.303944,34.850517],[-90.311312,34.844223],[-90.328557,34.849733],[-90.338449,34.858517],[-90.362258,34.842765],[-90.4079479071649,34.8268307074263],[-90.407717,35.002493],[-90.402679,35.0025],[-90.400438,35.148231],[-90.503031,35.144215],[-90.505589,35.226673]]]}},{"type":"Feature","properties":{"GEOID":"05055","NAME":"Greene","state":"AR","wildfire_risk_score":29.962,"wildfire_eal_total":11216.25,"risk_band":"Moderate","source":"FEMA National Risk Index v1.20 (December 2025)"},"geometry":{"type":"Polygon","coordinates":[[[-90.860034,35.995722],[-90.854075,35.995205],[-90.854873,36.002561],[-90.83775,36.022853],[-90.840544,36.036469],[-90.825484,36.055173],[-90.820738,36.079758],[-90.794358,36.088212],[-90.789736,36.100228],[-90.771319,36.108634],[-90.77065,36.124996],[-90.747519,36.149112],[-90.809812,36.14966],[-90.806676,36.267032],[-90.319581,36.259139],[-90.32096,36.200575],[-90.1903598148148,36.201384],[-90.201655,36.19607],[-90.204449,36.18694],[-90.220425,36.184764],[-90.229339,36.17364],[-90.23537,36.159153],[-90.231386,36.147348],[-90.235585,36.139474],[-90.266256,36.120559],[-90.293109,36.114368],[-90.29991,36.098236],[-90.319168,36.089976],[-90.320746,36.071326],[-90.333261,36.067504],[-90.337146,36.047754],[-90.34909,36.040131],[-90.351732,36.025347],[-90.38603,35.988457],[-90.387324,35.964691],[-90.851989,35.967879],[-90.84402,35.973455],[-90.84882,35.977163],[-90.841128,35.981585],[-90.847402,35.983939],[-90.84681,35.988614],[-90.858228,35.990423],[-90.860034,35.995722]]]}},{"type":"Feature","properties":{"GEOID":"05089","NAME":"Marion","state":"AR","wildfire_risk_score":64.981,"wildfire_eal_total":76971.11,"risk_band":"High","source":"FEMA National Risk Index v1.20 (December 2025)"},"geometry":{"type":"Polygon","coordinates":[[[-92.889908,36.158356],[-92.884897,36.490854],[-92.873564,36.475655],[-92.859972,36.472175],[-92.854602,36.464639],[-92.8540084274629,36.4979827644585],[-92.5291298703286,36.4986088420019],[-92.533104,36.386557],[-92.549548,36.38692],[-92.553886,36.378445],[-92.592723,36.358659],[-92.594952,36.353609],[-92.580663,36.342637],[-92.535654,36.350908],[-92.529497,36.348499],[-92.534813,36.329342],[-92.552861,36.336519],[-92.561214,36.334926],[-92.570318,36.324383],[-92.575373,36.308549],[-92.568281,36.306309],[-92.546977,36.313649],[-92.524202,36.300032],[-92.525647,36.286582],[-92.543192,36.269173],[-92.542055,36.262647],[-92.520653,36.268811],[-92.494154,36.25631],[-92.471298,36.255938],[-92.476518,36.228198],[-92.459043,36.217349],[-92.478507,36.202425],[-92.479162,36.193673],[-92.468797,36.181405],[-92.442358,36.164387],[-92.432798,36.168311],[-92.425948,36.17833],[-92.428196,36.163567],[-92.413968,36.162872],[-92.407624,36.157773],[-92.40869,36.14937],[-92.426397,36.149465],[-92.426787,36.134866],[-92.409142,36.134675],[-92.411563,36.062757],[-92.837821,36.070125],[-92.83691,36.113795],[-92.890725,36.114245],[-92.889908,36.158356]]]}},{"type":"Feature","properties":{"GEOID":"05119","NAME":"Pulaski","state":"AR","wildfire_risk_score":71.819,"wildfire_eal_total":171211.23,"risk_band":"High","source":"FEMA National Risk Index v1.20 (December 2025)"},"geometry":{"type":"Polygon","coordinates":[[[-92.754868,34.878651],[-92.753891,34.911579],[-92.649646,34.910173],[-92.648491,34.939039],[-92.544559,34.936371],[-92.544203,34.952897],[-92.485422,34.953041],[-92.470006,34.942953],[-92.465813,34.92467],[-92.451089,34.90522],[-92.453608,34.889053],[-92.464922,34.870823],[-92.462895,34.858861],[-92.436413,34.842962],[-92.447233,34.856981],[-92.4424,34.871108],[-92.449612,34.903305],[-92.439426,34.903086],[-92.437701,34.906722],[-92.438303,34.903312],[-92.436699,34.903042],[-92.435135,34.907686],[-92.417615,34.913671],[-92.414479,34.922146],[-92.41767,34.923851],[-92.413068,34.924913],[-92.419073,34.93155],[-92.229886,34.927517],[-92.22717,35.014595],[-92.070806,35.011561],[-92.078795,34.721772],[-92.097087,34.721979],[-92.092867,34.704817],[-92.098774,34.66245],[-92.108545,34.645125],[-92.109066,34.622947],[-92.029656,34.621659],[-92.030254,34.489539],[-92.245841,34.493584],[-92.244212,34.58089],[-92.348692,34.582289],[-92.346461,34.625635],[-92.445217,34.627043],[-92.443286,34.672041],[-92.500302,34.673611],[-92.499088,34.687992],[-92.552015,34.689333],[-92.549656,34.761691],[-92.654324,34.764541],[-92.651248,34.851682],[-92.755399,34.853745],[-92.754868,34.878651]]]}},{"type":"Feature","properties":{"GEOID":"05111","NAME":"Poinsett","state":"AR","wildfire_risk_score":7.443,"wildfire_eal_total":1847.57,"risk_band":"Low","source":"FEMA National Risk Index v1.20 (December 2025)"},"geometry":{"type":"Polygon","coordinates":[[[-91.039096,35.486882],[-91.037012,35.708419],[-90.607964,35.704407],[-90.50058,35.707268],[-90.286789,35.69991],[-90.286926,35.438439],[-90.61094,35.441744],[-90.610797,35.448769],[-90.716119,35.449773],[-90.716186,35.445848],[-91.039251,35.44295],[-91.039096,35.486882]]]}},{"type":"Feature","properties":{"GEOID":"05141","NAME":"Van Buren","state":"AR","wildfire_risk_score":75.191,"wildfire_eal_total":159850.62,"risk_band":"High","source":"FEMA National Risk Index v1.20 (December 2025)"},"geometry":{"type":"Polygon","coordinates":[[[-92.850172,35.492084],[-92.849277,35.549474],[-92.813462,35.548917],[-92.809745,35.722417],[-92.63143,35.718381],[-92.629837,35.790823],[-92.416846,35.788632],[-92.418409,35.716028],[-92.2408,35.712124],[-92.252843,35.36365],[-92.481468,35.368417],[-92.479672,35.455559],[-92.850951,35.462959],[-92.850172,35.492084]]]}},{"type":"Feature","properties":{"GEOID":"05079","NAME":"Lincoln","state":"AR","wildfire_risk_score":16.73,"wildfire_eal_total":4146.95,"risk_band":"Low","source":"FEMA National Risk Index v1.20 (December 2025)"},"geometry":{"type":"Polygon","coordinates":[[[-91.976442,33.97727],[-91.953025,33.977188],[-91.953659,34.093435],[-91.745092,34.094019],[-91.744729,34.064979],[-91.726713,34.065113],[-91.727381,34.175276],[-91.716678,34.176189],[-91.701324,34.174436],[-91.649268,34.138458],[-91.625111,34.129242],[-91.593749,34.133428],[-91.58505,34.130365],[-91.585242,34.122596],[-91.605709,34.114397],[-91.610611,34.096478],[-91.603509,34.08719],[-91.583901,34.088804],[-91.563621,34.104681],[-91.545816,34.10462],[-91.531159,34.098614],[-91.507743,34.074384],[-91.490353,34.074497],[-91.490464,34.063176],[-91.481845,34.058596],[-91.46222,34.064965],[-91.464098,34.084404],[-91.448968,34.083322],[-91.438012,34.07409],[-91.433491,34.061187],[-91.438236,34.028035],[-91.421985,34.011715],[-91.42227,33.998536],[-91.465232,34.004734],[-91.465712,33.975759],[-91.548656,33.976815],[-91.557656,33.783322],[-91.664067,33.792245],[-91.975866,33.791726],[-91.976442,33.97727]]]}},{"type":"Feature","properties":{"GEOID":"05065","NAME":"Izard","state":"AR","wildfire_risk_score":62.055,"wildfire_eal_total":56478.97,"risk_band":"Moderate","source":"FEMA National Risk Index v1.20 (December 2025)"},"geometry":{"type":"Polygon","coordinates":[[[-92.214452,36.157585],[-92.213888,36.175065],[-92.159928,36.173792],[-92.156931,36.261221],[-91.691443,36.25316],[-91.692115,36.209088],[-91.674176,36.208568],[-91.674971,36.164766],[-91.679943,36.164744],[-91.681783,36.022736],[-91.691142,36.019083],[-91.691201,36.011803],[-91.682008,36.011623],[-91.682207,36.000567],[-91.709528,36.00097],[-91.710483,35.941784],[-91.753447,35.942849],[-91.849456,35.867301],[-91.859033,35.880538],[-91.89653,35.88296],[-91.968037,35.94006],[-91.985619,35.938081],[-91.99938,35.922897],[-92.016616,35.916178],[-92.026383,35.921074],[-92.029451,35.938155],[-92.038923,35.944867],[-92.072749,35.928573],[-92.101346,35.927868],[-92.112729,35.937016],[-92.111108,35.948767],[-92.087763,35.963209],[-92.082942,35.974507],[-92.099393,36.010852],[-92.08938,36.021283],[-92.06304,36.024632],[-92.057221,36.029619],[-92.057775,36.036073],[-92.080528,36.057108],[-92.112683,36.064258],[-92.141978,36.114943],[-92.15199,36.116284],[-92.176686,36.102162],[-92.188816,36.105167],[-92.193927,36.131475],[-92.215231,36.133469],[-92.214452,36.157585]]]}},{"type":"Feature","properties":{"GEOID":"05087","NAME":"Madison","state":"AR","wildfire_risk_score":71.215,"wildfire_eal_total":154420.58,"risk_band":"High","source":"FEMA National Risk Index v1.20 (December 2025)"},"geometry":{"type":"Polygon","coordinates":[[[-93.961514,35.803942],[-93.960629,35.83326],[-93.951872,35.833121],[-93.944108,36.091122],[-93.887891,36.235129],[-93.869865,36.234833],[-93.868987,36.307363],[-93.657604,36.303019],[-93.6548,36.299185],[-93.660222,36.294476],[-93.656828,36.286574],[-93.663555,36.284644],[-93.663658,36.276889],[-93.651606,36.277245],[-93.648236,36.282745],[-93.643084,36.278019],[-93.639062,36.282722],[-93.630958,36.277912],[-93.641804,36.267652],[-93.618301,36.258876],[-93.620058,36.201248],[-93.611239,36.201081],[-93.611684,36.18657],[-93.584878,36.185674],[-93.585524,36.15567],[-93.550751,36.154985],[-93.551135,36.126271],[-93.479521,36.125054],[-93.480274,36.081554],[-93.44574,36.080787],[-93.450788,35.967497],[-93.468082,35.967582],[-93.468394,35.953157],[-93.486232,35.953355],[-93.48692,35.924333],[-93.504866,35.925142],[-93.506,35.881029],[-93.523646,35.881514],[-93.526056,35.823643],[-93.517057,35.823332],[-93.519185,35.763487],[-93.910585,35.774298],[-93.910836,35.759752],[-93.963054,35.761005],[-93.961514,35.803942]]]}},{"type":"Feature","properties":{"GEOID":"05033","NAME":"Crawford","state":"AR","wildfire_risk_score":91.062,"wildfire_eal_total":1582040.38,"risk_band":"High","source":"FEMA National Risk Index v1.20 (December 2025)"},"geometry":{"type":"Polygon","coordinates":[[[-94.4929444807692,35.7592458746266],[-94.124927,35.750327],[-94.124269,35.764757],[-93.892252,35.75942],[-93.892862,35.745065],[-93.911188,35.745319],[-93.911668,35.730805],[-93.964235,35.732029],[-93.965035,35.703314],[-93.982845,35.704024],[-93.984235,35.660659],[-94.073958,35.662463],[-94.076064,35.575601],[-94.022878,35.574204],[-94.023406,35.556689],[-94.035622,35.552165],[-94.034778,35.546661],[-94.040665,35.542102],[-94.041112,35.531212],[-94.028955,35.507844],[-94.048784,35.493229],[-94.039227,35.483962],[-94.057625,35.473548],[-94.039523,35.46455],[-94.080706,35.443282],[-94.11601,35.451027],[-94.150531,35.446172],[-94.161342,35.432776],[-94.133378,35.40283],[-94.132251,35.387602],[-94.137725,35.381137],[-94.172857,35.378283],[-94.209727,35.357758],[-94.229449,35.353266],[-94.25329,35.356031],[-94.269393,35.345307],[-94.282586,35.343437],[-94.344537,35.372881],[-94.348312,35.382568],[-94.33745,35.400668],[-94.340192,35.414654],[-94.38609,35.448709],[-94.410285,35.44873],[-94.4237,35.440024],[-94.423622,35.410524],[-94.430840561531,35.393455904411],[-94.4929444807692,35.7592458746266]]]}},{"type":"Feature","properties":{"GEOID":"05071","NAME":"Johnson","state":"AR","wildfire_risk_score":67.398,"wildfire_eal_total":102133.04,"risk_band":"High","source":"FEMA National Risk Index v1.20 (December 2025)"},"geometry":{"type":"Polygon","coordinates":[[[-93.7094,35.39454],[-93.695856,35.76862],[-93.519185,35.763487],[-93.519643,35.734464],[-93.164451,35.728873],[-93.167825,35.597822],[-93.221295,35.599058],[-93.223821,35.468685],[-93.295873,35.470049],[-93.298903,35.327125],[-93.331145,35.339607],[-93.371777,35.330557],[-93.418935,35.326848],[-93.42271,35.336699],[-93.396876,35.346576],[-93.414473,35.361079],[-93.42698,35.393062],[-93.424184,35.421678],[-93.439762,35.429935],[-93.45328,35.427198],[-93.495367,35.395715],[-93.503889,35.397048],[-93.520455,35.410637],[-93.531663,35.411588],[-93.564196,35.390897],[-93.608674,35.38039],[-93.625772,35.380865],[-93.666655,35.404675],[-93.673569,35.401055],[-93.686448,35.378702],[-93.705911,35.374251],[-93.710043,35.375237],[-93.7094,35.39454]]]}},{"type":"Feature","properties":{"GEOID":"05143","NAME":"Washington","state":"AR","wildfire_risk_score":94.052,"wildfire_eal_total":3018081.46,"risk_band":"High","source":"FEMA National Risk Index v1.20 (December 2025)"},"geometry":{"type":"Polygon","coordinates":[[[-94.5521649859981,36.1021279002748],[-94.391125,36.099396],[-94.389818,36.142722],[-94.336184,36.142009],[-94.333639,36.214689],[-94.017509,36.208149],[-94.01432,36.215958],[-94.024783,36.215269],[-94.025912,36.221943],[-94.001961,36.230459],[-93.997048,36.224898],[-94.008374,36.222497],[-94.008776,36.215277],[-94.00192,36.216564],[-93.995272,36.209704],[-93.982811,36.211783],[-93.976713,36.203802],[-93.972089,36.22854],[-93.957608,36.222017],[-93.955221,36.232995],[-93.942933,36.232133],[-93.944341,36.236103],[-93.887891,36.235129],[-93.944108,36.091122],[-93.951872,35.833121],[-93.960629,35.83326],[-93.963054,35.761005],[-94.124269,35.764757],[-94.124927,35.750327],[-94.4929444807692,35.7592458746266],[-94.5521649859981,36.1021279002748]]]}},{"type":"Feature","properties":{"GEOID":"05043","NAME":"Drew","state":"AR","wildfire_risk_score":25.668,"wildfire_eal_total":7068.75,"risk_band":"Low","source":"FEMA National Risk Index v1.20 (December 2025)"},"geometry":{"type":"Polygon","coordinates":[[[-92.015217,33.456626],[-92.000072,33.472953],[-92.00893,33.486841],[-92.008176,33.494075],[-91.999045,33.499986],[-92.000422,33.508406],[-92.006333,33.511235],[-91.999587,33.515528],[-92.00474,33.516053],[-92.002598,33.519939],[-92.008442,33.52262],[-92.008223,33.529702],[-91.976159,33.529686],[-91.975866,33.791726],[-91.664067,33.792245],[-91.537131,33.781566],[-91.450284,33.780543],[-91.454362,33.520452],[-91.451202,33.507806],[-91.454804,33.505315],[-91.45737,33.388974],[-91.990179,33.398292],[-92.002005,33.415498],[-92.000468,33.427056],[-91.992054,33.436453],[-91.996295,33.442205],[-92.012686,33.447365],[-92.015217,33.456626]]]}},{"type":"Feature","properties":{"GEOID":"05049","NAME":"Fulton","state":"AR","wildfire_risk_score":56.043,"wildfire_eal_total":38119.86,"risk_band":"Moderate","source":"FEMA National Risk Index v1.20 (December 2025)"},"geometry":{"type":"Polygon","coordinates":[[[-92.159059,36.275042],[-92.1502863617131,36.4986337657382],[-91.4500224283775,36.4975622246975],[-91.454363,36.335535],[-91.565898,36.337408],[-91.566077,36.249962],[-92.159195,36.26131],[-92.159059,36.275042]]]}}]}