{"type":"FeatureCollection","metadata":{"state":"CO","boundary_source":"U.S. Census Bureau 2024 Cartographic Boundary File (counties, 1:500,000)","risk_source":"FEMA National Risk Index v1.20 (December 2025)"},"features":[{"type":"Feature","properties":{"GEOID":"08067","NAME":"La Plata","state":"CO","wildfire_risk_score":97.551,"wildfire_eal_total":10688876.78,"risk_band":"High","source":"FEMA National Risk Index v1.20 (December 2025)"},"geometry":{"type":"Polygon","coordinates":[[[-108.379612,37.004177],[-108.3718,37.029105],[-108.355392,37.025588],[-108.354386,37.038812],[-108.334792,37.05422],[-108.321065,37.0971],[-108.31013,37.1054],[-108.310326,37.129348],[-108.290459,37.145975],[-108.297415,37.17116],[-108.29263,37.198319],[-108.297283,37.213233],[-108.290423,37.223584],[-108.261448,37.235031],[-108.238589,37.262667],[-108.234838,37.274768],[-108.219688,37.287415],[-108.217989,37.29725],[-108.212504,37.300151],[-108.216477,37.311615],[-108.203051,37.326792],[-108.207779,37.334527],[-108.197776,37.354939],[-108.173032,37.366388],[-108.152473,37.362589],[-108.140477,37.372818],[-108.120481,37.374715],[-108.105857,37.382068],[-108.105336,37.405573],[-108.087287,37.427769],[-108.080041,37.429187],[-108.078042,37.438881],[-108.053028,37.437521],[-108.043283,37.444349],[-108.033146,37.46494],[-108.037932,37.503189],[-108.031531,37.509309],[-108.034745,37.532496],[-108.025437,37.539719],[-108.018279,37.567141],[-108.023006,37.590999],[-108.016639,37.592471],[-108.014298,37.603594],[-108.004844,37.606048],[-107.987221,37.625004],[-107.972098,37.630215],[-107.970086,37.639587],[-107.482179,37.639501],[-107.481736999155,37.0000045803143],[-108.379302869798,36.9994588578443],[-108.379612,37.004177]]]}},{"type":"Feature","properties":{"GEOID":"08059","NAME":"Jefferson","state":"CO","wildfire_risk_score":99.523,"wildfire_eal_total":48732848.02,"risk_band":"High","source":"FEMA National Risk Index v1.20 (December 2025)"},"geometry":{"type":"MultiPolygon","coordinates":[[[[-105.05578,39.625998],[-105.05344,39.627714],[-105.05333,39.627989],[-105.053483,39.624253],[-105.05578,39.625998]]],[[[-105.059138,39.638243],[-105.053342,39.63877],[-105.053457,39.629526],[-105.059541,39.635375],[-105.059138,39.638243]]],[[[-105.063539,39.652979],[-105.06256,39.652991],[-105.062589,39.651854],[-105.06356,39.651859],[-105.063539,39.652979]]],[[[-105.081573,39.635688],[-105.08087,39.635683],[-105.08087,39.635001],[-105.081605,39.635002],[-105.081573,39.635688]]],[[[-105.39915,39.581588],[-105.397849,39.912886],[-105.147143,39.913889],[-105.165689,39.910503],[-105.165557,39.890988],[-105.134852,39.889292],[-105.136308,39.89202],[-105.128895,39.890353],[-105.128678,39.899985],[-105.147396,39.900094],[-105.147121,39.91389],[-105.108609,39.914137],[-105.100641,39.908638],[-105.100102,39.902206],[-105.090624,39.898903],[-105.071688,39.899832],[-105.071775,39.907018],[-105.062392,39.907025],[-105.062384,39.913987],[-105.052892,39.914224],[-105.053246,39.791063],[-105.065008,39.790159],[-105.062659,39.783847],[-105.053183,39.783797],[-105.053221,39.682291],[-105.06262,39.67928],[-105.062622,39.675008],[-105.053251,39.675037],[-105.053256,39.667785],[-105.081451,39.667743],[-105.081453,39.662056],[-105.067288,39.656879],[-105.070833,39.649579],[-105.05715,39.652946],[-105.053581,39.65116],[-105.074292,39.644274],[-105.076803,39.638735],[-105.073307,39.636563],[-105.109875,39.635072],[-105.109924,39.627085],[-105.091256,39.624198],[-105.080952,39.631327],[-105.065088,39.619785],[-105.097029,39.618362],[-105.097006,39.614514],[-105.058232,39.614409],[-105.05724,39.620914],[-105.053516,39.620864],[-105.05414,39.566088],[-105.04874,39.566088],[-105.060714,39.559941],[-105.076419,39.540055],[-105.078402,39.51149],[-105.085227,39.50543],[-105.086751,39.493423],[-105.098707,39.485394],[-105.117646,39.485392],[-105.116276,39.481451],[-105.134993,39.470785],[-105.132941,39.461912],[-105.124184,39.454985],[-105.123471,39.434313],[-105.170963,39.407825],[-105.164337,39.391136],[-105.173515,39.383203],[-105.166574,39.361754],[-105.177193,39.349579],[-105.178729,39.340786],[-105.187837,39.334186],[-105.182305,39.329797],[-105.188184,39.327961],[-105.188587,39.317384],[-105.198156,39.310432],[-105.196,39.302082],[-105.207681,39.298194],[-105.202576,39.293321],[-105.206981,39.293202],[-105.220778,39.268662],[-105.217833,39.260115],[-105.225105,39.260525],[-105.2236,39.25599],[-105.228121,39.253766],[-105.23458,39.255091],[-105.235631,39.244261],[-105.247275,39.240425],[-105.253567,39.243156],[-105.263568,39.228811],[-105.259735,39.210905],[-105.276291,39.207216],[-105.282929,39.199953],[-105.287377,39.179442],[-105.313063,39.160019],[-105.315634,39.145801],[-105.323285,39.144992],[-105.321962,39.136967],[-105.329445,39.129487],[-105.397875,39.129564],[-105.39915,39.581588]]]]}},{"type":"Feature","properties":{"GEOID":"08065","NAME":"Lake","state":"CO","wildfire_risk_score":23.41,"wildfire_eal_total":13011.98,"risk_band":"Low","source":"FEMA National Risk Index v1.20 (December 2025)"},"geometry":{"type":"Polygon","coordinates":[[[-106.586157,39.09405],[-106.580311,39.102164],[-106.563989,39.106041],[-106.564986,39.114007],[-106.558171,39.120223],[-106.564574,39.132422],[-106.558679,39.143847],[-106.561265,39.155677],[-106.551677,39.161465],[-106.538526,39.157894],[-106.534516,39.163126],[-106.52116,39.15733],[-106.511077,39.163532],[-106.51,39.174653],[-106.499607,39.183848],[-106.493649,39.198326],[-106.489749,39.227718],[-106.49874,39.234931],[-106.497349,39.242727],[-106.48106,39.259888],[-106.483292,39.272669],[-106.504031,39.284761],[-106.50269,39.298067],[-106.485121,39.312566],[-106.476224,39.314748],[-106.468272,39.307315],[-106.450652,39.316698],[-106.432085,39.316698],[-106.426947,39.323355],[-106.428676,39.335402],[-106.434931,39.341099],[-106.43348,39.354174],[-106.403925,39.379848],[-106.380633,39.37615],[-106.37082,39.360637],[-106.358022,39.35514],[-106.312371,39.362278],[-106.283812,39.349469],[-106.259075,39.362012],[-106.251074,39.357832],[-106.226905,39.374241],[-106.225627,39.37963],[-106.135529,39.379546],[-106.138505,39.372241],[-106.152909,39.362479],[-106.139926,39.339553],[-106.151246,39.320694],[-106.169474,39.322232],[-106.183972,39.309354],[-106.180911,39.2988],[-106.186759,39.279851],[-106.180482,39.261097],[-106.18512,39.242694],[-106.168304,39.23072],[-106.170158,39.222994],[-106.184744,39.209308],[-106.17932,39.193493],[-106.185526,39.186587],[-106.17841,39.17458],[-106.172946,39.138765],[-106.210173,39.103918],[-106.178556,39.103291],[-106.16941,39.086804],[-106.191577,39.067983],[-106.191006,39.056073],[-106.577966,39.057908],[-106.577076,39.079437],[-106.584916,39.08483],[-106.586157,39.09405]]]}},{"type":"Feature","properties":{"GEOID":"08055","NAME":"Huerfano","state":"CO","wildfire_risk_score":87.564,"wildfire_eal_total":653105.27,"risk_band":"High","source":"FEMA National Risk Index v1.20 (December 2025)"},"geometry":{"type":"Polygon","coordinates":[[[-105.501286,37.598603],[-105.493273,37.600919],[-105.498602,37.614137],[-105.491513,37.625003],[-105.486976,37.653483],[-105.477242,37.666199],[-105.481374,37.693755],[-105.477732,37.706889],[-105.454245,37.723951],[-105.452727,37.741276],[-105.459789,37.752765],[-105.449337,37.779305],[-105.454912,37.795696],[-105.435179,37.804767],[-105.435583,37.828505],[-105.428674,37.843666],[-105.428893,37.851733],[-105.450537,37.878112],[-105.478495,37.87985],[-105.473204,37.89597],[-105.440272,37.897461],[-105.413635,37.890527],[-105.377088,37.916102],[-105.317081,37.938949],[-105.306574,37.932292],[-105.297431,37.909349],[-105.286736,37.900194],[-105.280549,37.901215],[-105.261842,37.925637],[-105.263942,37.932059],[-105.249742,37.951521],[-105.237598,37.957568],[-105.238864,37.96256],[-105.215366,37.97052],[-105.214221,37.98026],[-105.197073,37.992416],[-105.200044,38.000835],[-105.194586,38.00756],[-105.168652,38.018946],[-105.147969,38.006239],[-105.153199,38.000784],[-105.152491,37.992113],[-105.141241,37.98686],[-105.142145,37.979799],[-105.131025,37.972681],[-105.135647,37.965277],[-105.126411,37.96075],[-105.126207,37.951534],[-105.108507,37.943399],[-105.088011,37.948588],[-105.084383,37.955384],[-105.0778,37.952964],[-105.066056,37.944209],[-105.0632,37.916976],[-105.054307,37.917509],[-105.038665,37.904444],[-105.032954,37.905322],[-105.034803,37.894583],[-105.013729,37.881271],[-104.646383,37.900527],[-104.351109,37.817488],[-104.456723,37.74788],[-104.45493,37.740839],[-104.548417,37.609424],[-104.548652,37.5747],[-104.620338,37.530053],[-104.627653,37.510902],[-104.649229,37.49532],[-104.689702,37.494419],[-104.696111,37.485425],[-104.691764,37.479031],[-104.699931,37.469838],[-104.700739,37.450183],[-104.695075,37.439915],[-104.711355,37.437477],[-104.736799,37.424949],[-104.749091,37.413975],[-104.748938,37.407029],[-104.771869,37.406473],[-104.787422,37.400107],[-104.803718,37.402935],[-104.826668,37.395651],[-104.838287,37.398675],[-104.88426,37.385817],[-104.925753,37.397048],[-104.938861,37.389209],[-104.952631,37.389715],[-104.971228,37.376243],[-104.994736,37.375829],[-105.004788,37.363173],[-105.023606,37.356836],[-105.023991,37.340815],[-105.036832,37.341468],[-105.050594,37.331049],[-105.068046,37.326046],[-105.075126,37.316665],[-105.094331,37.314615],[-105.097971,37.304151],[-105.115425,37.296294],[-105.131963,37.300902],[-105.165472,37.291241],[-105.166765,37.388396],[-105.156212,37.39923],[-105.138567,37.400691],[-105.12972,37.409254],[-105.139416,37.415585],[-105.140913,37.427919],[-105.144886,37.428965],[-105.156185,37.45709],[-105.17537,37.456288],[-105.176683,37.475594],[-105.182196,37.479211],[-105.174816,37.485102],[-105.177612,37.491142],[-105.17132,37.513246],[-105.183788,37.540896],[-105.179238,37.54841],[-105.196044,37.569867],[-105.218333,37.582439],[-105.20377,37.594449],[-105.193237,37.592168],[-105.195645,37.608939],[-105.184441,37.615984],[-105.187549,37.619669],[-105.201507,37.619194],[-105.214534,37.626425],[-105.221216,37.621171],[-105.235978,37.620773],[-105.243362,37.629229],[-105.253797,37.631694],[-105.255303,37.640258],[-105.266939,37.638353],[-105.28492,37.645886],[-105.297623,37.658143],[-105.34856,37.637758],[-105.370305,37.639396],[-105.400312,37.613415],[-105.4084,37.618],[-105.442279,37.611851],[-105.454492,37.590483],[-105.471447,37.581263],[-105.485516,37.577899],[-105.501286,37.598603]]]}},{"type":"Feature","properties":{"GEOID":"08033","NAME":"Dolores","state":"CO","wildfire_risk_score":79.771,"wildfire_eal_total":347970.67,"risk_band":"Moderate","source":"FEMA National Risk Index v1.20 (December 2025)"},"geometry":{"type":"Polygon","coordinates":[[[-109.043137,37.499992],[-109.041654683556,37.8810851664933],[-108.820522,37.880851],[-108.816731,37.895505],[-108.256498,37.894607],[-108.25773,37.890585],[-108.247934,37.87938],[-108.237837,37.876392],[-108.229586,37.861041],[-108.227005,37.843475],[-108.212354,37.832038],[-108.210164,37.821125],[-108.183171,37.826479],[-108.174906,37.832592],[-108.150174,37.834326],[-108.147241,37.838853],[-108.140345,37.832353],[-108.120951,37.853841],[-108.108232,37.853645],[-108.090526,37.839994],[-108.068937,37.851327],[-108.057948,37.841081],[-108.046966,37.850992],[-108.030865,37.855495],[-107.989208,37.85664],[-107.973344,37.833591],[-107.95054,37.835638],[-107.938673,37.823008],[-107.921347,37.823714],[-107.903435,37.806359],[-107.892508,37.802657],[-107.886257,37.785454],[-107.873847,37.786483],[-107.860845,37.775517],[-107.870437,37.763473],[-107.861912,37.756024],[-107.875622,37.738851],[-107.872966,37.722416],[-107.877195,37.716309],[-107.901349,37.719002],[-107.937206,37.702562],[-107.952628,37.706788],[-107.968875,37.696485],[-107.97506,37.683648],[-107.957078,37.648894],[-107.960061,37.642638],[-107.970086,37.639587],[-108.408293,37.631886],[-108.917081,37.631902],[-109.043461439769,37.4848200409003],[-109.043137,37.499992]]]}},{"type":"Feature","properties":{"GEOID":"08077","NAME":"Mesa","state":"CO","wildfire_risk_score":89.949,"wildfire_eal_total":1425618.68,"risk_band":"High","source":"FEMA National Risk Index v1.20 (December 2025)"},"geometry":{"type":"Polygon","coordinates":[[[-109.060253,38.599328],[-109.050765,39.366677],[-107.430949,39.366178],[-107.430514,39.348222],[-107.450819,39.330034],[-107.462527,39.327224],[-107.465187,39.314515],[-107.451667,39.304528],[-107.4388,39.309019],[-107.437479,39.299564],[-107.412972,39.292002],[-107.396955,39.294465],[-107.394216,39.279814],[-107.377727,39.273335],[-107.400297,39.252946],[-107.430521,39.256505],[-107.42973,39.241014],[-107.451075,39.230673],[-107.474701,39.229046],[-107.484393,39.235217],[-107.49497,39.218225],[-107.509835,39.216555],[-107.527505,39.203884],[-107.523304,39.197786],[-107.541576,39.196235],[-107.542842,39.182198],[-107.556929,39.17834],[-107.568439,39.181339],[-107.619108,39.154886],[-107.632415,39.140919],[-107.637893,39.14202],[-107.651314,39.130931],[-107.662674,39.116239],[-107.660309,39.111771],[-107.680815,39.100256],[-107.686883,39.088629],[-107.70778,39.083695],[-107.721624,39.065255],[-107.741881,39.064023],[-107.74389,39.057706],[-107.755609,39.053898],[-107.76549,39.043294],[-107.80213,39.064788],[-107.858888,39.080112],[-107.907415,39.060533],[-107.917497,39.064029],[-107.982173,39.059878],[-107.987204,39.052876],[-108.032022,39.027322],[-108.038297,39.015727],[-108.047801,39.011452],[-108.053779,39.014052],[-108.094786,38.979684],[-108.087305,38.96318],[-108.120793,38.927209],[-108.130657,38.922305],[-108.140922,38.924173],[-108.144834,38.916402],[-108.141122,38.906484],[-108.146953,38.907471],[-108.152478,38.901268],[-108.16631,38.902245],[-108.176988,38.895315],[-108.378951,38.829036],[-108.379136,38.499987],[-109.059962,38.499987],[-109.060253,38.599328]]]}},{"type":"Feature","properties":{"GEOID":"08123","NAME":"Weld","state":"CO","wildfire_risk_score":87.691,"wildfire_eal_total":1320474.27,"risk_band":"High","source":"FEMA National Risk Index v1.20 (December 2025)"},"geometry":{"type":"MultiPolygon","coordinates":[[[[-104.979911,40.033053],[-104.97305,40.033037],[-104.973074,40.029512],[-104.979917,40.029486],[-104.979911,40.033053]]],[[[-105.05672,40.349281],[-104.945551,40.349099],[-104.943371,40.9980837238089],[-103.573773995352,41.0017201653792],[-103.574301,40.702059],[-103.580371,40.702023],[-103.581837,40.52316],[-104.147714,40.524389],[-104.150332,40.000856],[-104.961405,40.000337],[-104.961157,40.044144],[-104.979242,40.043758],[-104.980041,40.040316],[-104.980048,40.029411],[-104.999007,40.025776],[-104.999065,40.014887],[-104.989614,40.01489],[-104.989647,40.007679],[-105.007995,40.007581],[-105.007906,40.000483],[-105.055518,40.000251],[-105.05672,40.349281]]]]}},{"type":"Feature","properties":{"GEOID":"08083","NAME":"Montezuma","state":"CO","wildfire_risk_score":93.607,"wildfire_eal_total":2056514.14,"risk_band":"High","source":"FEMA National Risk Index v1.20 (December 2025)"},"geometry":{"type":"Polygon","coordinates":[[[-109.045898179246,37.3268602238324],[-109.043461439769,37.4848200409003],[-108.917081,37.631902],[-108.408293,37.631886],[-107.970086,37.639587],[-107.972098,37.630215],[-107.987221,37.625004],[-108.004844,37.606048],[-108.014298,37.603594],[-108.016639,37.592471],[-108.023006,37.590999],[-108.018279,37.567141],[-108.025437,37.539719],[-108.034745,37.532496],[-108.031531,37.509309],[-108.037932,37.503189],[-108.033146,37.46494],[-108.044501,37.442704],[-108.053028,37.437521],[-108.078042,37.438881],[-108.080041,37.429187],[-108.087287,37.427769],[-108.105336,37.405573],[-108.105857,37.382068],[-108.120481,37.374715],[-108.140477,37.372818],[-108.152473,37.362589],[-108.173032,37.366388],[-108.197776,37.354939],[-108.207779,37.334527],[-108.203051,37.326792],[-108.216477,37.311615],[-108.212504,37.300151],[-108.217989,37.29725],[-108.219688,37.287415],[-108.234838,37.274768],[-108.238589,37.262667],[-108.261448,37.235031],[-108.290423,37.223584],[-108.297283,37.213233],[-108.29263,37.198319],[-108.297415,37.17116],[-108.290459,37.145975],[-108.310326,37.129348],[-108.31013,37.1054],[-108.321065,37.0971],[-108.334792,37.05422],[-108.354386,37.038812],[-108.355392,37.025588],[-108.372319,37.028481],[-108.379302869798,36.9994588578443],[-109.045223,36.999084],[-109.045898179246,37.3268602238324]]]}},{"type":"Feature","properties":{"GEOID":"08035","NAME":"Douglas","state":"CO","wildfire_risk_score":98.378,"wildfire_eal_total":25736383.12,"risk_band":"High","source":"FEMA National Risk Index v1.20 (December 2025)"},"geometry":{"type":"Polygon","coordinates":[[[-105.327393,39.130873],[-105.321962,39.136967],[-105.323285,39.144992],[-105.315634,39.145801],[-105.313063,39.160019],[-105.287377,39.179442],[-105.282929,39.199953],[-105.276291,39.207216],[-105.259735,39.210905],[-105.263568,39.228811],[-105.253567,39.243156],[-105.247275,39.240425],[-105.235631,39.244261],[-105.23458,39.255091],[-105.228121,39.253766],[-105.2236,39.25599],[-105.225105,39.260525],[-105.217833,39.260115],[-105.220778,39.268662],[-105.206981,39.293202],[-105.202576,39.293321],[-105.207681,39.298194],[-105.196,39.302082],[-105.198156,39.310432],[-105.188587,39.317384],[-105.188184,39.327961],[-105.182305,39.329797],[-105.187837,39.334186],[-105.178729,39.340786],[-105.177193,39.349579],[-105.166574,39.361754],[-105.173515,39.383203],[-105.164337,39.391136],[-105.170963,39.407825],[-105.123471,39.434313],[-105.124184,39.454985],[-105.132941,39.461912],[-105.134993,39.470785],[-105.116276,39.481451],[-105.117646,39.485392],[-105.098707,39.485394],[-105.086751,39.493423],[-105.085227,39.50543],[-105.078402,39.51149],[-105.076419,39.540055],[-105.057252,39.562306],[-105.040285,39.56619],[-104.66016,39.565909],[-104.662483,39.129529],[-105.327393,39.130873]]]}},{"type":"Feature","properties":{"GEOID":"08043","NAME":"Fremont","state":"CO","wildfire_risk_score":94.179,"wildfire_eal_total":2297418.82,"risk_band":"High","source":"FEMA National Risk Index v1.20 (December 2025)"},"geometry":{"type":"Polygon","coordinates":[[[-106.012304,38.445357],[-105.93804,38.50347],[-105.906854,38.506266],[-105.903411,38.548554],[-105.893527,38.550935],[-105.893225,38.558703],[-105.884639,38.56227],[-105.885524,38.569782],[-105.89249,38.573289],[-105.891138,38.583957],[-105.878033,38.600581],[-105.885972,38.620626],[-105.899679,38.621973],[-105.917739,38.633255],[-105.907673,38.65193],[-105.925484,38.666365],[-105.922641,38.677005],[-105.944275,38.684852],[-105.945309,38.690228],[-105.96975,38.693551],[-105.237043,38.697267],[-105.239927,38.647464],[-105.091363,38.647754],[-105.049799,38.652404],[-104.942205,38.650133],[-104.940366,38.258275],[-105.796897,38.265047],[-105.800013,38.269922],[-105.827123,38.278568],[-105.84083,38.29246],[-105.846629,38.290287],[-105.858315,38.298359],[-105.876376,38.315951],[-105.89364,38.346559],[-105.919851,38.367156],[-105.944637,38.378638],[-105.947606,38.390526],[-105.959495,38.397095],[-105.967933,38.408772],[-105.984298,38.419723],[-105.996768,38.420303],[-106.001563,38.43111],[-106.011016,38.437231],[-106.012304,38.445357]]]}},{"type":"Feature","properties":{"GEOID":"08027","NAME":"Custer","state":"CO","wildfire_risk_score":81.616,"wildfire_eal_total":699132.52,"risk_band":"Moderate","source":"FEMA National Risk Index v1.20 (December 2025)"},"geometry":{"type":"Polygon","coordinates":[[[-105.796897,38.265047],[-105.049215,38.257973],[-105.049917,37.915479],[-105.0632,37.916976],[-105.066056,37.944209],[-105.0778,37.952964],[-105.084383,37.955384],[-105.088011,37.948588],[-105.108507,37.943399],[-105.126207,37.951534],[-105.126411,37.96075],[-105.135647,37.965277],[-105.131025,37.972681],[-105.142145,37.979799],[-105.141241,37.98686],[-105.152491,37.992113],[-105.153199,38.000784],[-105.147969,38.006239],[-105.168652,38.018946],[-105.194586,38.00756],[-105.200044,38.000835],[-105.197073,37.992416],[-105.214221,37.98026],[-105.215366,37.97052],[-105.238864,37.96256],[-105.237598,37.957568],[-105.249742,37.951521],[-105.263942,37.932059],[-105.261842,37.925637],[-105.280549,37.901215],[-105.286736,37.900194],[-105.297431,37.909349],[-105.306574,37.932292],[-105.317081,37.938949],[-105.377088,37.916102],[-105.413635,37.890527],[-105.440272,37.897461],[-105.473204,37.89597],[-105.503116,37.923725],[-105.511086,37.939131],[-105.530378,37.953363],[-105.542737,37.95651],[-105.551826,37.950584],[-105.560311,37.951886],[-105.583922,37.967196],[-105.581855,37.977972],[-105.604636,38.005014],[-105.597112,38.013638],[-105.603527,38.031263],[-105.613246,38.038085],[-105.617807,38.05326],[-105.628042,38.057726],[-105.627206,38.06731],[-105.634159,38.06944],[-105.66148,38.100912],[-105.657663,38.117454],[-105.670215,38.128554],[-105.67627,38.146173],[-105.670169,38.153097],[-105.673042,38.159126],[-105.699197,38.167973],[-105.736738,38.209561],[-105.756026,38.218127],[-105.759438,38.228566],[-105.787887,38.242056],[-105.796897,38.265047]]]}},{"type":"Feature","properties":{"GEOID":"08117","NAME":"Summit","state":"CO","wildfire_risk_score":53.562,"wildfire_eal_total":80388.18,"risk_band":"Low","source":"FEMA National Risk Index v1.20 (December 2025)"},"geometry":{"type":"Polygon","coordinates":[[[-106.439202,39.919945],[-106.434508,39.924914],[-106.395257,39.924589],[-106.395433,39.914016],[-106.294624,39.91396],[-106.294777,39.91892],[-106.24691,39.9127],[-106.21686,39.88063],[-106.206499,39.877701],[-106.200566,39.864042],[-106.193082,39.858825],[-106.171143,39.845293],[-106.14889,39.839448],[-106.124989,39.842125],[-106.084115,39.806655],[-106.078082,39.793684],[-106.081207,39.787399],[-106.061897,39.751436],[-106.064785,39.747839],[-106.058548,39.724701],[-106.041583,39.71602],[-106.025906,39.689138],[-105.996339,39.684122],[-105.951036,39.695149],[-105.945601,39.688866],[-105.924618,39.698972],[-105.919581,39.690287],[-105.92629,39.672985],[-105.910753,39.662294],[-105.896812,39.664664],[-105.884861,39.657084],[-105.879613,39.663638],[-105.864767,39.667218],[-105.848665,39.644156],[-105.820992,39.642565],[-105.817239,39.633555],[-105.792732,39.636114],[-105.784603,39.631147],[-105.77627,39.604959],[-105.800433,39.593211],[-105.808083,39.583395],[-105.838369,39.572952],[-105.825771,39.555678],[-105.815807,39.551976],[-105.823206,39.529953],[-105.830016,39.532043],[-105.845377,39.52375],[-105.859507,39.531536],[-105.868065,39.51949],[-105.854117,39.50452],[-105.860395,39.50471],[-105.866584,39.494351],[-105.874714,39.493521],[-105.879087,39.483767],[-105.891974,39.484173],[-105.905959,39.459657],[-105.938663,39.458498],[-105.944155,39.44091],[-105.966786,39.438035],[-105.954837,39.42622],[-105.951698,39.414619],[-105.993025,39.401561],[-105.995928,39.395001],[-106.013851,39.386898],[-106.021966,39.361713],[-106.056096,39.358431],[-106.097206,39.377987],[-106.206732,39.379636],[-106.2104,39.384124],[-106.201244,39.395928],[-106.218983,39.412328],[-106.229769,39.416046],[-106.232687,39.426248],[-106.223175,39.433347],[-106.239259,39.455852],[-106.251638,39.465039],[-106.245547,39.489392],[-106.259512,39.494605],[-106.246416,39.512752],[-106.255767,39.519897],[-106.255774,39.532234],[-106.248567,39.54391],[-106.236748,39.548594],[-106.225333,39.53187],[-106.211705,39.530151],[-106.209926,39.546943],[-106.198707,39.55002],[-106.196267,39.556888],[-106.205719,39.558211],[-106.215027,39.575186],[-106.211224,39.593213],[-106.202105,39.605836],[-106.185191,39.602408],[-106.177604,39.609056],[-106.179344,39.642503],[-106.18384,39.652153],[-106.217165,39.654592],[-106.219965,39.662586],[-106.234317,39.662029],[-106.240476,39.669318],[-106.238745,39.680274],[-106.258247,39.679804],[-106.265897,39.689536],[-106.264084,39.700938],[-106.290916,39.704066],[-106.298346,39.720569],[-106.325415,39.733233],[-106.343275,39.75873],[-106.362198,39.751947],[-106.385478,39.767164],[-106.391033,39.776942],[-106.389025,39.787697],[-106.396862,39.790093],[-106.401889,39.807545],[-106.423739,39.841425],[-106.423625,39.850106],[-106.432969,39.865402],[-106.428683,39.895107],[-106.4304,39.908906],[-106.439202,39.919945]]]}},{"type":"Feature","properties":{"GEOID":"08049","NAME":"Grand","state":"CO","wildfire_risk_score":78.531,"wildfire_eal_total":441026.53,"risk_band":"Moderate","source":"FEMA National Risk Index v1.20 (December 2025)"},"geometry":{"type":"Polygon","coordinates":[[[-106.652741,40.388973],[-106.652112,40.445231],[-106.638601,40.432244],[-106.622167,40.429763],[-106.629153,40.418925],[-106.619525,40.405245],[-106.612321,40.379383],[-106.601046,40.375804],[-106.594616,40.383178],[-106.559301,40.378079],[-106.552922,40.369865],[-106.539031,40.370949],[-106.534921,40.36508],[-106.52972,40.369113],[-106.525279,40.385807],[-106.518899,40.391022],[-106.5123,40.386753],[-106.51048,40.393386],[-106.489842,40.411578],[-106.478248,40.404805],[-106.481283,40.389431],[-106.474494,40.387984],[-106.473082,40.379389],[-106.464395,40.375912],[-106.463178,40.366993],[-106.456146,40.363337],[-106.457018,40.35451],[-106.44342,40.346533],[-106.421793,40.352793],[-106.404016,40.344952],[-106.389732,40.3457],[-106.385264,40.352373],[-106.356482,40.358073],[-106.336996,40.339645],[-106.305512,40.3287],[-106.295931,40.333365],[-106.298621,40.349958],[-106.291071,40.358204],[-106.277947,40.353723],[-106.265662,40.36095],[-106.253573,40.350325],[-106.251223,40.340765],[-106.230463,40.323407],[-106.217064,40.32908],[-106.189178,40.326532],[-106.17049,40.344006],[-106.149384,40.331967],[-106.1368,40.330131],[-106.133171,40.336513],[-106.101621,40.35384],[-106.085681,40.347183],[-106.018622,40.373295],[-106.011605,40.370276],[-106.011183,40.362249],[-105.986654,40.364582],[-105.969368,40.34955],[-105.959659,40.348149],[-105.954343,40.360297],[-105.938701,40.366058],[-105.937312,40.371941],[-105.946712,40.377248],[-105.946607,40.385047],[-105.927536,40.391026],[-105.920734,40.401565],[-105.90332,40.400751],[-105.897669,40.417727],[-105.903265,40.432762],[-105.897069,40.448788],[-105.899345,40.465645],[-105.891754,40.476661],[-105.862474,40.480226],[-105.854926,40.486252],[-105.808543,40.475061],[-105.80569,40.447882],[-105.815784,40.437434],[-105.817266,40.424323],[-105.790951,40.39864],[-105.78725,40.380872],[-105.757117,40.35165],[-105.736345,40.346615],[-105.729088,40.335278],[-105.713127,40.325568],[-105.70168,40.324309],[-105.697648,40.318273],[-105.702109,40.312083],[-105.69014,40.308648],[-105.687368,40.293733],[-105.681165,40.291945],[-105.686403,40.288918],[-105.680579,40.28446],[-105.681508,40.271684],[-105.657235,40.262886],[-105.644262,40.249793],[-105.660006,40.248833],[-105.668444,40.22814],[-105.663462,40.219929],[-105.671255,40.217079],[-105.670559,40.207802],[-105.677645,40.202331],[-105.677554,40.188507],[-105.670626,40.185393],[-105.667729,40.158276],[-105.635656,40.146006],[-105.62609,40.127346],[-105.626566,40.118654],[-105.636681,40.106994],[-105.632022,40.097191],[-105.636004,40.084553],[-105.63262,40.081447],[-105.641121,40.073],[-105.638873,40.067031],[-105.646692,40.06522],[-105.651061,40.058445],[-105.637412,40.045509],[-105.641197,40.034172],[-105.65191,40.020905],[-105.661606,40.016466],[-105.689818,40.015108],[-105.69059,39.996281],[-105.683164,39.992881],[-105.690321,39.969768],[-105.685504,39.958532],[-105.694362,39.949684],[-105.6932,39.941239],[-105.675265,39.933323],[-105.691176,39.897215],[-105.699719,39.891499],[-105.700773,39.878942],[-105.690348,39.851996],[-105.695747,39.839482],[-105.713369,39.838212],[-105.735808,39.805283],[-105.764601,39.794892],[-105.799555,39.803282],[-105.822954,39.785605],[-105.851363,39.788033],[-105.854942,39.796154],[-105.887622,39.7966],[-105.892657,39.782638],[-105.880481,39.759303],[-105.884588,39.752859],[-105.883714,39.737012],[-105.90828,39.726246],[-105.924618,39.698972],[-105.940571,39.690602],[-105.945601,39.688866],[-105.951036,39.695149],[-105.996339,39.684122],[-106.025906,39.689138],[-106.041583,39.71602],[-106.058548,39.724701],[-106.064785,39.747839],[-106.061897,39.751436],[-106.081207,39.787399],[-106.078082,39.793684],[-106.084115,39.806655],[-106.124989,39.842125],[-106.14889,39.839448],[-106.171143,39.845293],[-106.193082,39.858825],[-106.200566,39.864042],[-106.206499,39.877701],[-106.21686,39.88063],[-106.231688,39.900806],[-106.252027,39.914712],[-106.294777,39.91892],[-106.294624,39.91396],[-106.395433,39.914016],[-106.395257,39.924589],[-106.626569,39.924785],[-106.626112,39.999986],[-106.637031,40.002106],[-106.632257,40.341559],[-106.652832,40.341562],[-106.652741,40.388973]]]}},{"type":"Feature","properties":{"GEOID":"08029","NAME":"Delta","state":"CO","wildfire_risk_score":86.737,"wildfire_eal_total":709286.61,"risk_band":"Moderate","source":"FEMA National Risk Index v1.20 (December 2025)"},"geometry":{"type":"Polygon","coordinates":[[[-108.378951,38.829036],[-108.176988,38.895315],[-108.16631,38.902245],[-108.152478,38.901268],[-108.146953,38.907471],[-108.141122,38.906484],[-108.144834,38.916402],[-108.140922,38.924173],[-108.130657,38.922305],[-108.120793,38.927209],[-108.087305,38.96318],[-108.094786,38.979684],[-108.053779,39.014052],[-108.047801,39.011452],[-108.038297,39.015727],[-108.032022,39.027322],[-107.987204,39.052876],[-107.982173,39.059878],[-107.917497,39.064029],[-107.907415,39.060533],[-107.858888,39.080112],[-107.80213,39.064788],[-107.76549,39.043294],[-107.755609,39.053898],[-107.74389,39.057706],[-107.741881,39.064023],[-107.721624,39.065255],[-107.70778,39.083695],[-107.686883,39.088629],[-107.680815,39.100256],[-107.660309,39.111771],[-107.662674,39.116239],[-107.651314,39.130931],[-107.637893,39.14202],[-107.632415,39.140919],[-107.619108,39.154886],[-107.568439,39.181339],[-107.556929,39.17834],[-107.542842,39.182198],[-107.541576,39.196235],[-107.523304,39.197786],[-107.527505,39.203884],[-107.511795,39.215675],[-107.500606,39.217916],[-107.500655,38.668553],[-108.378698,38.668097],[-108.378951,38.829036]]]}},{"type":"Feature","properties":{"GEOID":"08091","NAME":"Ouray","state":"CO","wildfire_risk_score":71.851,"wildfire_eal_total":276994.35,"risk_band":"Moderate","source":"FEMA National Risk Index v1.20 (December 2025)"},"geometry":{"type":"Polygon","coordinates":[[[-108.13238,38.331573],[-107.635697,38.332148],[-107.630962,38.325679],[-107.636497,38.316154],[-107.629236,38.287861],[-107.617137,38.27545],[-107.61157,38.260827],[-107.590701,38.252046],[-107.580243,38.230824],[-107.580784,38.21246],[-107.575576,38.209797],[-107.562293,38.1579],[-107.574019,38.136991],[-107.563205,38.123212],[-107.560855,38.110503],[-107.56465,38.096992],[-107.554098,38.07953],[-107.533107,38.079677],[-107.51683,38.069741],[-107.511,38.060539],[-107.522282,38.057222],[-107.521955,38.042567],[-107.53728,38.032708],[-107.537975,38.008919],[-107.548588,37.998852],[-107.574092,38.006349],[-107.591367,37.992252],[-107.584165,37.976019],[-107.587004,37.968478],[-107.568875,37.965015],[-107.64168,37.964759],[-107.642528,37.933212],[-107.637464,37.923564],[-107.650942,37.909582],[-107.661264,37.909446],[-107.666283,37.902965],[-107.689098,37.901559],[-107.695665,37.89241],[-107.707304,37.893876],[-107.709575,37.899401],[-107.724408,37.898802],[-107.738283,37.905432],[-107.732787,37.929668],[-107.748897,37.953116],[-107.760855,37.959632],[-107.780412,37.961879],[-107.795469,37.98852],[-107.848715,37.992459],[-107.842113,38.005668],[-107.8833,38.007371],[-107.891044,38.013531],[-107.891098,38.02464],[-107.899795,38.025839],[-107.888045,38.04539],[-107.893774,38.057742],[-107.896714,38.086829],[-107.892052,38.087011],[-107.891469,38.115957],[-107.951574,38.116125],[-107.951717,38.144982],[-107.965453,38.144903],[-107.965789,38.152328],[-107.946963,38.152491],[-107.947744,38.173767],[-107.938145,38.173936],[-107.937588,38.218992],[-107.94702,38.218947],[-107.947142,38.226477],[-107.965408,38.226509],[-107.965419,38.234015],[-107.984184,38.233936],[-107.984084,38.248386],[-108.011531,38.248203],[-108.011531,38.255261],[-108.086604,38.255202],[-108.08635,38.284334],[-108.104161,38.284179],[-108.104819,38.313718],[-108.123269,38.313635],[-108.123683,38.320928],[-108.131748,38.320756],[-108.13238,38.331573]]]}},{"type":"Feature","properties":{"GEOID":"08093","NAME":"Park","state":"CO","wildfire_risk_score":94.879,"wildfire_eal_total":4751989.2,"risk_band":"High","source":"FEMA National Risk Index v1.20 (December 2025)"},"geometry":{"type":"Polygon","coordinates":[[[-106.210173,39.103918],[-106.173086,39.138102],[-106.17841,39.17458],[-106.185526,39.186587],[-106.17932,39.193493],[-106.184744,39.209308],[-106.170158,39.222994],[-106.168304,39.23072],[-106.18512,39.242694],[-106.180482,39.261097],[-106.186759,39.279851],[-106.180911,39.2988],[-106.183972,39.309354],[-106.169474,39.322232],[-106.151246,39.320694],[-106.140274,39.338809],[-106.152909,39.362479],[-106.148795,39.36835],[-106.138505,39.372241],[-106.135529,39.379546],[-106.097206,39.377987],[-106.056096,39.358431],[-106.021966,39.361713],[-106.013851,39.386898],[-105.995928,39.395001],[-105.993025,39.401561],[-105.951698,39.414619],[-105.954837,39.42622],[-105.966786,39.438035],[-105.944155,39.44091],[-105.938663,39.458498],[-105.905959,39.459657],[-105.891974,39.484173],[-105.879087,39.483767],[-105.874714,39.493521],[-105.866584,39.494351],[-105.860395,39.50471],[-105.854117,39.50452],[-105.868065,39.51949],[-105.859507,39.531536],[-105.845377,39.52375],[-105.830016,39.532043],[-105.823206,39.529953],[-105.815807,39.551976],[-105.825771,39.555678],[-105.829662,39.564865],[-105.398949,39.566056],[-105.397875,39.129564],[-105.330383,39.129685],[-105.328962,38.697558],[-105.96975,38.693551],[-105.943469,38.723144],[-105.94786,38.743823],[-105.941337,38.745605],[-105.938063,38.755212],[-105.94454,38.768105],[-105.929289,38.774547],[-105.926709,38.785508],[-105.915139,38.790437],[-105.906587,38.806962],[-105.941845,38.84039],[-105.939147,38.846046],[-105.942801,38.852802],[-105.925123,38.872178],[-105.941238,38.885592],[-105.974297,38.882458],[-105.979418,38.894533],[-105.96577,38.905876],[-105.9861,38.918106],[-105.99817,38.915159],[-106.028138,38.942849],[-106.05825,38.941805],[-106.06591,38.931896],[-106.08532,38.93946],[-106.094862,38.936775],[-106.112665,38.941366],[-106.113757,38.955327],[-106.104379,38.974141],[-106.108953,38.987377],[-106.145414,38.997899],[-106.169134,38.991302],[-106.17947,39.011249],[-106.192616,39.017348],[-106.192077,39.029287],[-106.182501,39.038551],[-106.191577,39.067983],[-106.16941,39.086804],[-106.169867,39.090731],[-106.178556,39.103291],[-106.210173,39.103918]]]}},{"type":"Feature","properties":{"GEOID":"08023","NAME":"Costilla","state":"CO","wildfire_risk_score":73.123,"wildfire_eal_total":120808.9,"risk_band":"Moderate","source":"FEMA National Risk Index v1.20 (December 2025)"},"geometry":{"type":"Polygon","coordinates":[[[-105.771391,37.045725],[-105.764206,37.05572],[-105.770357,37.064403],[-105.740764,37.101988],[-105.749781,37.114647],[-105.748834,37.135001],[-105.7323,37.153051],[-105.73791,37.165254],[-105.729746,37.179459],[-105.738992,37.191486],[-105.735977,37.199315],[-105.745765,37.218131],[-105.746693,37.230367],[-105.740778,37.236204],[-105.746219,37.248905],[-105.737579,37.257667],[-105.737653,37.265546],[-105.723532,37.275331],[-105.728102,37.28507],[-105.720098,37.285846],[-105.729165,37.304871],[-105.734563,37.302699],[-105.738409,37.30676],[-105.737126,37.313274],[-105.742474,37.315894],[-105.738935,37.320687],[-105.745849,37.323861],[-105.75059,37.333601],[-105.753278,37.344114],[-105.747272,37.349239],[-105.749846,37.350878],[-105.49631,37.563852],[-105.490668,37.575462],[-105.454492,37.590483],[-105.442279,37.611851],[-105.4084,37.618],[-105.400312,37.613415],[-105.370305,37.639396],[-105.34856,37.637758],[-105.297623,37.658143],[-105.28492,37.645886],[-105.266939,37.638353],[-105.255303,37.640258],[-105.253797,37.631694],[-105.243362,37.629229],[-105.235978,37.620773],[-105.221216,37.621171],[-105.214534,37.626425],[-105.201507,37.619194],[-105.187549,37.619669],[-105.184441,37.615984],[-105.195645,37.608939],[-105.193237,37.592168],[-105.20377,37.594449],[-105.218333,37.582439],[-105.196044,37.569867],[-105.179238,37.54841],[-105.183788,37.540896],[-105.17132,37.513246],[-105.177612,37.491142],[-105.174816,37.485102],[-105.182196,37.479211],[-105.176683,37.475594],[-105.17537,37.456288],[-105.156185,37.45709],[-105.144886,37.428965],[-105.140913,37.427919],[-105.139416,37.415585],[-105.12972,37.409254],[-105.138567,37.400691],[-105.156212,37.39923],[-105.166765,37.388396],[-105.168879,37.375638],[-105.16405,37.343022],[-105.167949,37.337031],[-105.163096,37.328909],[-105.166692,37.323735],[-105.165472,37.291241],[-105.154176,37.293129],[-105.155042271642,36.9953391463601],[-105.718469674138,36.9958459200375],[-105.7267,37.006859],[-105.724705,37.013127],[-105.746017,37.014185],[-105.749714,37.026668],[-105.760961,37.026147],[-105.771391,37.045725]]]}},{"type":"Feature","properties":{"GEOID":"08069","NAME":"Larimer","state":"CO","wildfire_risk_score":97.678,"wildfire_eal_total":15199159.4,"risk_band":"High","source":"FEMA National Risk Index v1.20 (December 2025)"},"geometry":{"type":"Polygon","coordinates":[[[-106.195372,40.989938],[-106.190553863626,40.9976070173843],[-104.943371,40.9980837238089],[-104.945551,40.349099],[-105.05672,40.349281],[-105.055089,40.261793],[-105.289224,40.262781],[-105.390996,40.257884],[-105.653321,40.260457],[-105.678187,40.26812],[-105.682233,40.273164],[-105.680579,40.28446],[-105.686346,40.287486],[-105.681165,40.291945],[-105.687368,40.293733],[-105.69014,40.308648],[-105.702109,40.312083],[-105.697648,40.318273],[-105.70168,40.324309],[-105.713127,40.325568],[-105.729088,40.335278],[-105.736345,40.346615],[-105.752383,40.349093],[-105.774105,40.365233],[-105.790729,40.386263],[-105.790951,40.39864],[-105.817266,40.424323],[-105.815784,40.437434],[-105.80569,40.447882],[-105.804479,40.464224],[-105.810669,40.471087],[-105.806793,40.473913],[-105.854926,40.486252],[-105.852303,40.506553],[-105.869091,40.520738],[-105.881954,40.522853],[-105.907857,40.515493],[-105.911175,40.522181],[-105.905098,40.535361],[-105.911833,40.552688],[-105.910892,40.56642],[-105.921248,40.572559],[-105.930207,40.60619],[-105.942064,40.609077],[-105.947021,40.616689],[-105.948485,40.642318],[-105.971873,40.681856],[-105.972196,40.694811],[-105.988739,40.709605],[-105.99058,40.72718],[-106.0107,40.741041],[-106.015266,40.752816],[-106.022255,40.754689],[-106.029685,40.781562],[-106.045371,40.791857],[-106.046471,40.802447],[-106.057715,40.81712],[-106.101261,40.843563],[-106.098515,40.849736],[-106.108069,40.852507],[-106.105092,40.860514],[-106.130671,40.873868],[-106.127618,40.88489],[-106.131251,40.896608],[-106.158551,40.910619],[-106.185307,40.933973],[-106.189293,40.945893],[-106.184844,40.963831],[-106.195372,40.989938]]]}},{"type":"Feature","properties":{"GEOID":"08107","NAME":"Routt","state":"CO","wildfire_risk_score":80.503,"wildfire_eal_total":645206.98,"risk_band":"Moderate","source":"FEMA National Risk Index v1.20 (December 2025)"},"geometry":{"type":"Polygon","coordinates":[[[-107.442594,40.334755],[-107.432068,40.334879],[-107.428813,40.542207],[-107.371328,40.542399],[-107.371487,40.600302],[-107.314153,40.600281],[-107.317793899405,41.0029672121675],[-106.857773,41.002663],[-106.861608,40.996802],[-106.850535,40.990651],[-106.857402,40.98128],[-106.870584,40.981223],[-106.87319,40.974394],[-106.869891,40.95672],[-106.863992,40.953701],[-106.862104,40.940928],[-106.852247,40.933792],[-106.84877,40.926306],[-106.852349,40.925183],[-106.829365,40.924259],[-106.82503,40.932119],[-106.819007,40.918636],[-106.811312,40.915954],[-106.806335,40.906645],[-106.809751,40.899753],[-106.797821,40.896466],[-106.781271,40.906969],[-106.769004,40.904138],[-106.770071,40.896997],[-106.740853,40.8898],[-106.74682,40.882332],[-106.739341,40.870843],[-106.705756,40.876004],[-106.694159,40.888018],[-106.685883,40.885822],[-106.679479,40.869555],[-106.668161,40.865144],[-106.654541,40.849117],[-106.662644,40.843341],[-106.664014,40.829285],[-106.638393,40.817004],[-106.635961,40.791931],[-106.647497,40.782651],[-106.649161,40.775388],[-106.659237,40.772861],[-106.669699,40.761697],[-106.661313,40.753346],[-106.665189,40.748857],[-106.662952,40.743018],[-106.676694,40.736631],[-106.66952,40.728791],[-106.673807,40.724025],[-106.669784,40.719788],[-106.668924,40.710257],[-106.672479,40.708478],[-106.667953,40.696305],[-106.672862,40.688336],[-106.686882,40.683076],[-106.681057,40.675168],[-106.687231,40.671944],[-106.685765,40.662326],[-106.692082,40.657746],[-106.687731,40.649873],[-106.680142,40.648036],[-106.688656,40.639649],[-106.686774,40.634727],[-106.703622,40.627771],[-106.706218,40.615606],[-106.694148,40.595241],[-106.702341,40.578025],[-106.692188,40.563537],[-106.692851,40.556639],[-106.669845,40.534446],[-106.672064,40.521214],[-106.655808,40.509141],[-106.653113,40.494732],[-106.667281,40.472647],[-106.657881,40.471559],[-106.658957,40.459376],[-106.651755,40.449778],[-106.652832,40.341562],[-106.632257,40.341559],[-106.637031,40.002106],[-106.626112,39.999986],[-106.626555,39.918671],[-107.033968,39.918913],[-107.03205,40.002939],[-107.037359,40.003081],[-107.038097,40.225357],[-107.439386,40.223379],[-107.442594,40.334755]]]}},{"type":"Feature","properties":{"GEOID":"08113","NAME":"San Miguel","state":"CO","wildfire_risk_score":80.121,"wildfire_eal_total":582242.85,"risk_band":"Moderate","source":"FEMA National Risk Index v1.20 (December 2025)"},"geometry":{"type":"Polygon","coordinates":[[[-109.042819,37.997068],[-109.041836576111,38.1530320903539],[-107.965789,38.152328],[-107.965453,38.144903],[-107.951717,38.144982],[-107.951574,38.116125],[-107.891469,38.115957],[-107.892052,38.087011],[-107.896714,38.086829],[-107.893774,38.057742],[-107.888045,38.04539],[-107.899795,38.025839],[-107.891098,38.02464],[-107.889716,38.011615],[-107.8833,38.007371],[-107.842113,38.005668],[-107.848715,37.992459],[-107.795469,37.98852],[-107.780412,37.961879],[-107.760855,37.959632],[-107.748897,37.953116],[-107.732787,37.929668],[-107.741031,37.90135],[-107.75619,37.890035],[-107.76092,37.877557],[-107.782459,37.867772],[-107.779099,37.849775],[-107.785068,37.84657],[-107.783414,37.840368],[-107.789009,37.838121],[-107.796447,37.822725],[-107.80869,37.824106],[-107.828521,37.811858],[-107.8247,37.804852],[-107.828461,37.799625],[-107.822393,37.795837],[-107.82465,37.790228],[-107.844554,37.773648],[-107.860845,37.775517],[-107.873847,37.786483],[-107.886257,37.785454],[-107.892508,37.802657],[-107.903435,37.806359],[-107.921347,37.823714],[-107.938673,37.823008],[-107.95054,37.835638],[-107.971393,37.832428],[-107.989208,37.85664],[-108.030865,37.855495],[-108.046966,37.850992],[-108.057948,37.841081],[-108.068937,37.851327],[-108.090526,37.839994],[-108.108232,37.853645],[-108.120951,37.853841],[-108.140345,37.832353],[-108.147241,37.838853],[-108.150174,37.834326],[-108.174906,37.832592],[-108.183171,37.826479],[-108.210164,37.821125],[-108.212354,37.832038],[-108.227005,37.843475],[-108.229586,37.861041],[-108.237837,37.876392],[-108.247934,37.87938],[-108.25773,37.890585],[-108.256498,37.894607],[-108.816731,37.895505],[-108.820522,37.880851],[-109.041654683556,37.8810851664933],[-109.042819,37.997068]]]}},{"type":"Feature","properties":{"GEOID":"08071","NAME":"Las Animas","state":"CO","wildfire_risk_score":91.826,"wildfire_eal_total":1534471.94,"risk_band":"High","source":"FEMA National Risk Index v1.20 (December 2025)"},"geometry":{"type":"Polygon","coordinates":[[[-105.154176,37.293129],[-105.131963,37.300902],[-105.115425,37.296294],[-105.097971,37.304151],[-105.094331,37.314615],[-105.075126,37.316665],[-105.068046,37.326046],[-105.050594,37.331049],[-105.036832,37.341468],[-105.023991,37.340815],[-105.023606,37.356836],[-105.004788,37.363173],[-104.995505,37.375551],[-104.971228,37.376243],[-104.952631,37.389715],[-104.938861,37.389209],[-104.925753,37.397048],[-104.88426,37.385817],[-104.838287,37.398675],[-104.826668,37.395651],[-104.803718,37.402935],[-104.787422,37.400107],[-104.771869,37.406473],[-104.748938,37.407029],[-104.749091,37.413975],[-104.736799,37.424949],[-104.711355,37.437477],[-104.695075,37.439915],[-104.700739,37.450183],[-104.699931,37.469838],[-104.691764,37.479031],[-104.696111,37.485425],[-104.689702,37.494419],[-104.649229,37.49532],[-104.627653,37.510902],[-104.620338,37.530053],[-104.548652,37.5747],[-104.548417,37.609424],[-104.45493,37.740839],[-104.456723,37.74788],[-104.351109,37.817488],[-104.05929,37.734172],[-104.058196,37.644049],[-103.075938,37.64342],[-103.074663,37.381754],[-103.082537,37.381613],[-103.086102011771,37.0001738632313],[-104.338833,36.993535],[-105.155042271642,36.9953391463601],[-105.154176,37.293129]]]}},{"type":"Feature","properties":{"GEOID":"08057","NAME":"Jackson","state":"CO","wildfire_risk_score":23.982,"wildfire_eal_total":9296.3,"risk_band":"Low","source":"FEMA National Risk Index v1.20 (December 2025)"},"geometry":{"type":"Polygon","coordinates":[[[-106.872822,40.975877],[-106.867035,40.982644],[-106.857402,40.98128],[-106.850535,40.990651],[-106.861608,40.996802],[-106.857773,41.002663],[-106.190553863626,40.9976070173843],[-106.195372,40.989938],[-106.184844,40.963831],[-106.189293,40.945893],[-106.185307,40.933973],[-106.158551,40.910619],[-106.131251,40.896608],[-106.127618,40.88489],[-106.132425,40.876553],[-106.126893,40.869556],[-106.105092,40.860514],[-106.108069,40.852507],[-106.098515,40.849736],[-106.101261,40.843563],[-106.057715,40.81712],[-106.046471,40.802447],[-106.045371,40.791857],[-106.029685,40.781562],[-106.022255,40.754689],[-106.015266,40.752816],[-106.0107,40.741041],[-105.991965,40.728919],[-105.988739,40.709605],[-105.972196,40.694811],[-105.971873,40.681856],[-105.948485,40.642318],[-105.947021,40.616689],[-105.942064,40.609077],[-105.930207,40.60619],[-105.921248,40.572559],[-105.910892,40.56642],[-105.911833,40.552688],[-105.905098,40.535361],[-105.91078,40.520179],[-105.904507,40.514119],[-105.881954,40.522853],[-105.869091,40.520738],[-105.852303,40.506553],[-105.854926,40.486252],[-105.862474,40.480226],[-105.891754,40.476661],[-105.899345,40.465645],[-105.897069,40.448788],[-105.903265,40.432762],[-105.897669,40.417727],[-105.90332,40.400751],[-105.920734,40.401565],[-105.927536,40.391026],[-105.946607,40.385047],[-105.946712,40.377248],[-105.937312,40.371941],[-105.938701,40.366058],[-105.954343,40.360297],[-105.959659,40.348149],[-105.969368,40.34955],[-105.986654,40.364582],[-106.011183,40.362249],[-106.011605,40.370276],[-106.018622,40.373295],[-106.085681,40.347183],[-106.101621,40.35384],[-106.133171,40.336513],[-106.1368,40.330131],[-106.149384,40.331967],[-106.17049,40.344006],[-106.189178,40.326532],[-106.217064,40.32908],[-106.230463,40.323407],[-106.251223,40.340765],[-106.253573,40.350325],[-106.265662,40.36095],[-106.277947,40.353723],[-106.291071,40.358204],[-106.298621,40.349958],[-106.295931,40.333365],[-106.305512,40.3287],[-106.336996,40.339645],[-106.356482,40.358073],[-106.385264,40.352373],[-106.389732,40.3457],[-106.404016,40.344952],[-106.421793,40.352793],[-106.44342,40.346533],[-106.457018,40.35451],[-106.456146,40.363337],[-106.463178,40.366993],[-106.464395,40.375912],[-106.473082,40.379389],[-106.474494,40.387984],[-106.481283,40.389431],[-106.478248,40.404805],[-106.489842,40.411578],[-106.51048,40.393386],[-106.5123,40.386753],[-106.518899,40.391022],[-106.525279,40.385807],[-106.52972,40.369113],[-106.534921,40.36508],[-106.539031,40.370949],[-106.552922,40.369865],[-106.559301,40.378079],[-106.594616,40.383178],[-106.601046,40.375804],[-106.612321,40.379383],[-106.619525,40.405245],[-106.629153,40.418925],[-106.622167,40.429763],[-106.638601,40.432244],[-106.650342,40.439781],[-106.658957,40.459376],[-106.657881,40.471559],[-106.667281,40.472647],[-106.653113,40.494732],[-106.655808,40.509141],[-106.672064,40.521214],[-106.669845,40.534446],[-106.692851,40.556639],[-106.692188,40.563537],[-106.702341,40.578025],[-106.694148,40.595241],[-106.706218,40.615606],[-106.703622,40.627771],[-106.686774,40.634727],[-106.688656,40.639649],[-106.680142,40.648036],[-106.687731,40.649873],[-106.692082,40.657746],[-106.685765,40.662326],[-106.687231,40.671944],[-106.681057,40.675168],[-106.686882,40.683076],[-106.672862,40.688336],[-106.667953,40.696305],[-106.672479,40.708478],[-106.668924,40.710257],[-106.669784,40.719788],[-106.673807,40.724025],[-106.66952,40.728791],[-106.676694,40.736631],[-106.662952,40.743018],[-106.665189,40.748857],[-106.661313,40.753346],[-106.669699,40.761697],[-106.636922,40.789489],[-106.635476,40.811365],[-106.643737,40.82159],[-106.663425,40.827691],[-106.662644,40.843341],[-106.654541,40.849117],[-106.668161,40.865144],[-106.679479,40.869555],[-106.685883,40.885822],[-106.694159,40.888018],[-106.705756,40.876004],[-106.739341,40.870843],[-106.74682,40.882332],[-106.740853,40.8898],[-106.770071,40.896997],[-106.769004,40.904138],[-106.781271,40.906969],[-106.797821,40.896466],[-106.809751,40.899753],[-106.806335,40.906645],[-106.811312,40.915954],[-106.819007,40.918636],[-106.82503,40.932119],[-106.829365,40.924259],[-106.852349,40.925183],[-106.84877,40.926306],[-106.852247,40.933792],[-106.862104,40.940928],[-106.863992,40.953701],[-106.869891,40.95672],[-106.872822,40.975877]]]}},{"type":"Feature","properties":{"GEOID":"08037","NAME":"Eagle","state":"CO","wildfire_risk_score":75.509,"wildfire_eal_total":370206.79,"risk_band":"Moderate","source":"FEMA National Risk Index v1.20 (December 2025)"},"geometry":{"type":"Polygon","coordinates":[[[-107.113703,39.566381],[-107.113672,39.919112],[-106.626555,39.918671],[-106.626569,39.924785],[-106.6185,39.925231],[-106.434508,39.924914],[-106.440301,39.918323],[-106.4304,39.908906],[-106.428103,39.882164],[-106.433962,39.877375],[-106.432969,39.865402],[-106.423625,39.850106],[-106.423739,39.841425],[-106.401889,39.807545],[-106.396862,39.790093],[-106.389025,39.787697],[-106.391033,39.776942],[-106.385478,39.767164],[-106.362198,39.751947],[-106.343275,39.75873],[-106.325415,39.733233],[-106.298346,39.720569],[-106.290916,39.704066],[-106.264084,39.700938],[-106.265897,39.689536],[-106.261321,39.682716],[-106.238745,39.680274],[-106.240476,39.669318],[-106.234317,39.662029],[-106.219965,39.662586],[-106.217165,39.654592],[-106.18384,39.652153],[-106.176156,39.633327],[-106.177604,39.609056],[-106.185191,39.602408],[-106.202105,39.605836],[-106.211224,39.593213],[-106.215027,39.575186],[-106.205719,39.558211],[-106.196267,39.556888],[-106.198707,39.55002],[-106.209926,39.546943],[-106.211705,39.530151],[-106.225333,39.53187],[-106.236748,39.548594],[-106.248567,39.54391],[-106.255774,39.532234],[-106.255767,39.519897],[-106.246416,39.512752],[-106.259512,39.494605],[-106.245547,39.489392],[-106.251638,39.465039],[-106.239259,39.455852],[-106.223175,39.433347],[-106.232687,39.426248],[-106.229769,39.416046],[-106.218983,39.412328],[-106.201244,39.395928],[-106.2104,39.384124],[-106.206732,39.379636],[-106.225627,39.37963],[-106.226905,39.374241],[-106.251074,39.357832],[-106.259075,39.362012],[-106.283812,39.349469],[-106.312371,39.362278],[-106.358022,39.35514],[-106.37082,39.360637],[-106.380633,39.37615],[-106.400634,39.380962],[-106.426487,39.361871],[-107.113446,39.366066],[-107.113703,39.566381]]]}},{"type":"Feature","properties":{"GEOID":"08109","NAME":"Saguache","state":"CO","wildfire_risk_score":64.122,"wildfire_eal_total":98108.63,"risk_band":"Low","source":"FEMA National Risk Index v1.20 (December 2025)"},"geometry":{"type":"Polygon","coordinates":[[[-107.001119,38.147072],[-107.000601,38.425619],[-106.08813,38.42228],[-106.075941,38.423788],[-106.069354,38.43018],[-106.057982,38.444691],[-106.062244,38.45033],[-106.058571,38.456945],[-106.01937,38.454448],[-105.996768,38.420303],[-105.984298,38.419723],[-105.967933,38.408772],[-105.959495,38.397095],[-105.947606,38.390526],[-105.944637,38.378638],[-105.919851,38.367156],[-105.89364,38.346559],[-105.876376,38.315951],[-105.858315,38.298359],[-105.846629,38.290287],[-105.84083,38.29246],[-105.818973,38.273597],[-105.800013,38.269922],[-105.787887,38.242056],[-105.759438,38.228566],[-105.756026,38.218127],[-105.736738,38.209561],[-105.699197,38.167973],[-105.673042,38.159126],[-105.670169,38.153097],[-105.67627,38.146173],[-105.670215,38.128554],[-105.657663,38.117454],[-105.66148,38.100912],[-105.634159,38.06944],[-105.627206,38.06731],[-105.628042,38.057726],[-105.617807,38.05326],[-105.613246,38.038085],[-105.603527,38.031263],[-105.597112,38.013638],[-105.604636,38.005014],[-105.581855,37.977972],[-105.583922,37.967196],[-105.560311,37.951886],[-105.551826,37.950584],[-105.542737,37.95651],[-105.530378,37.953363],[-105.511086,37.939131],[-105.503116,37.923725],[-105.473307,37.896649],[-105.478495,37.87985],[-105.456588,37.879894],[-105.440742,37.869612],[-105.438949,37.861275],[-105.428893,37.851733],[-105.435583,37.828505],[-105.435179,37.804767],[-105.454912,37.795696],[-105.449337,37.779305],[-105.457255,37.751464],[-106.586374,37.747809],[-106.587139,37.834426],[-106.693845,37.835244],[-106.693523,37.873519],[-106.697161,37.876111],[-106.718664,37.872849],[-106.736666,37.887881],[-106.755823,37.880624],[-106.773066,37.885575],[-106.801026,37.913699],[-106.84727,37.91917],[-106.87988,37.949861],[-106.879167,37.96111],[-106.889603,37.961871],[-106.89456,37.967104],[-106.905199,37.963901],[-106.920312,37.967431],[-106.944464,37.953725],[-106.968289,37.974777],[-106.987368,37.969179],[-106.988326,37.962073],[-107.000602,37.956041],[-107.001119,38.147072]]]}},{"type":"Feature","properties":{"GEOID":"08031","NAME":"Denver","state":"CO","wildfire_risk_score":60.623,"wildfire_eal_total":105031.83,"risk_band":"Low","source":"FEMA National Risk Index v1.20 (December 2025)"},"geometry":{"type":"MultiPolygon","coordinates":[[[[-104.934135,39.700181],[-104.931714,39.700208],[-104.931651,39.698398],[-104.934076,39.698436],[-104.934135,39.700181]]],[[[-105.109883,39.629897],[-105.109875,39.635072],[-105.091103,39.635083],[-105.0911,39.638719],[-105.073307,39.636563],[-105.076803,39.638735],[-105.074292,39.644274],[-105.053581,39.65116],[-105.070833,39.649579],[-105.067288,39.656879],[-105.081453,39.662056],[-105.081348,39.670133],[-105.053256,39.667785],[-105.053251,39.675037],[-105.062622,39.675008],[-105.06262,39.67928],[-105.053221,39.682291],[-105.053183,39.783797],[-105.062659,39.783847],[-105.064405,39.79108],[-105.025262,39.791106],[-105.021843,39.794461],[-105.020542,39.791087],[-104.97595,39.791038],[-104.968716,39.798396],[-104.968861,39.791041],[-104.940476,39.794601],[-104.939882,39.790994],[-104.927034,39.791054],[-104.927002,39.783778],[-104.903439,39.783888],[-104.903561,39.798391],[-104.884474,39.798322],[-104.884405,39.812815],[-104.866074,39.812847],[-104.866041,39.798386],[-104.790895,39.798251],[-104.790859,39.841802],[-104.730962,39.845248],[-104.73039,39.896131],[-104.703311,39.895949],[-104.703185,39.906926],[-104.692139,39.906851],[-104.692054,39.914178],[-104.679582,39.914016],[-104.679664,39.907008],[-104.630939,39.906645],[-104.630945,39.899291],[-104.599581,39.899038],[-104.59981,39.881307],[-104.605154,39.881346],[-104.605261,39.873114],[-104.619152,39.87322],[-104.619799,39.822417],[-104.65539,39.822605],[-104.655445,39.812999],[-104.666182,39.813075],[-104.666062,39.822791],[-104.762462,39.823443],[-104.762606,39.798433],[-104.734399,39.798442],[-104.734749,39.769211],[-104.764574,39.769188],[-104.772166,39.7715],[-104.772157,39.776409],[-104.828163,39.772374],[-104.832972,39.766391],[-104.856394,39.768581],[-104.856338,39.758127],[-104.84694,39.754687],[-104.879901,39.754652],[-104.886613,39.729219],[-104.87533,39.725576],[-104.870625,39.710174],[-104.865971,39.711053],[-104.870662,39.698377],[-104.865962,39.696559],[-104.903544,39.698535],[-104.900115,39.692985],[-104.903512,39.689354],[-104.89409,39.692713],[-104.889308,39.682056],[-104.90344,39.678598],[-104.905223,39.686058],[-104.908094,39.679726],[-104.903579,39.676675],[-104.903509,39.667624],[-104.875981,39.664104],[-104.877459,39.672066],[-104.870882,39.674764],[-104.866051,39.670847],[-104.866334,39.660309],[-104.847296,39.657102],[-104.875573,39.64499],[-104.875454,39.651466],[-104.88014,39.653057],[-104.885264,39.624129],[-104.913407,39.624083],[-104.913227,39.638669],[-104.92246,39.645849],[-104.931873,39.645826],[-104.931703,39.653044],[-104.954983,39.652987],[-104.959443,39.661526],[-104.968785,39.660417],[-104.973486,39.667684],[-105.000355,39.667728],[-105.004395,39.660484],[-105.010941,39.660507],[-105.00636,39.6677],[-105.008664,39.678627],[-105.015696,39.678684],[-105.0158,39.660508],[-105.034615,39.653276],[-105.029998,39.638575],[-105.034707,39.638593],[-105.034756,39.633177],[-105.025422,39.628558],[-105.042807,39.627579],[-105.044139,39.631456],[-105.05341,39.631504],[-105.053342,39.63877],[-105.059045,39.63876],[-105.053457,39.629526],[-105.058232,39.614409],[-105.091401,39.614332],[-105.097006,39.614514],[-105.097029,39.618362],[-105.065088,39.619785],[-105.080952,39.631327],[-105.091256,39.624198],[-105.107503,39.624218],[-105.109883,39.629897]],[[-105.081605,39.635002],[-105.08087,39.635001],[-105.08087,39.635683],[-105.081573,39.635688],[-105.081605,39.635002]],[[-105.06356,39.651859],[-105.062589,39.651854],[-105.06256,39.652991],[-105.063539,39.652979],[-105.06356,39.651859]],[[-104.940691,39.703813],[-104.940625,39.6954],[-104.928183,39.696634],[-104.928778,39.70022],[-104.934143,39.70132],[-104.926992,39.703891],[-104.931648,39.711098],[-104.940684,39.711076],[-104.940691,39.703813]],[[-104.933878,39.671192],[-104.931622,39.667473],[-104.927201,39.668965],[-104.931641,39.673374],[-104.933878,39.671192]],[[-104.926429,39.669394],[-104.920702,39.668168],[-104.921016,39.660338],[-104.912985,39.656209],[-104.917559,39.672983],[-104.930242,39.674832],[-104.926429,39.669394]],[[-104.91104,39.679887],[-104.908201,39.680307],[-104.908205,39.68207],[-104.911032,39.682073],[-104.91104,39.679887]],[[-104.904032,39.624116],[-104.902796,39.624304],[-104.903917,39.626829],[-104.904049,39.625436],[-104.904032,39.624116]],[[-104.902671,39.685712],[-104.898783,39.683402],[-104.898786,39.685704],[-104.902671,39.685712]]]]}},{"type":"Feature","properties":{"GEOID":"08015","NAME":"Chaffee","state":"CO","wildfire_risk_score":71.692,"wildfire_eal_total":236262.66,"risk_band":"Moderate","source":"FEMA National Risk Index v1.20 (December 2025)"},"geometry":{"type":"Polygon","coordinates":[[[-106.598936,39.036768],[-106.597233,39.044821],[-106.58073,39.048717],[-106.577966,39.057908],[-106.191006,39.056073],[-106.184815,39.050837],[-106.182501,39.038551],[-106.192077,39.029287],[-106.192616,39.017348],[-106.17947,39.011249],[-106.169134,38.991302],[-106.145414,38.997899],[-106.108953,38.987377],[-106.104379,38.974141],[-106.113757,38.955327],[-106.110995,38.940099],[-106.090653,38.936543],[-106.08532,38.93946],[-106.06591,38.931896],[-106.05825,38.941805],[-106.028138,38.942849],[-105.99817,38.915159],[-105.9861,38.918106],[-105.96577,38.905876],[-105.979418,38.894533],[-105.977144,38.885146],[-105.941238,38.885592],[-105.926846,38.874235],[-105.928438,38.866339],[-105.942801,38.852802],[-105.939147,38.846046],[-105.941845,38.84039],[-105.906587,38.806962],[-105.915139,38.790437],[-105.926709,38.785508],[-105.929289,38.774547],[-105.94454,38.768105],[-105.938063,38.755212],[-105.941337,38.745605],[-105.94786,38.743823],[-105.943469,38.723144],[-105.969899,38.694403],[-105.945309,38.690228],[-105.944275,38.684852],[-105.922641,38.677005],[-105.925484,38.666365],[-105.907673,38.65193],[-105.917739,38.633255],[-105.899679,38.621973],[-105.885972,38.620626],[-105.879176,38.607312],[-105.878033,38.600581],[-105.88982,38.587098],[-105.89249,38.573289],[-105.885524,38.569782],[-105.884639,38.56227],[-105.893225,38.558703],[-105.893527,38.550935],[-105.903411,38.548554],[-105.906854,38.506266],[-105.93804,38.50347],[-106.010751,38.446566],[-106.01768,38.448693],[-106.01937,38.454448],[-106.058571,38.456945],[-106.062244,38.45033],[-106.057982,38.444691],[-106.075941,38.423788],[-106.24694,38.422768],[-106.249484,38.433244],[-106.245529,38.438905],[-106.274119,38.446886],[-106.272655,38.455196],[-106.280609,38.454337],[-106.288933,38.461964],[-106.290543,38.473528],[-106.30449,38.478353],[-106.311381,38.494652],[-106.327228,38.497588],[-106.330975,38.493905],[-106.34423,38.50459],[-106.348108,38.512499],[-106.342597,38.521537],[-106.354185,38.533384],[-106.355386,38.542371],[-106.344619,38.568564],[-106.361024,38.594487],[-106.363843,38.613625],[-106.385368,38.624995],[-106.379899,38.638483],[-106.401189,38.639702],[-106.401719,38.645783],[-106.417223,38.644919],[-106.429545,38.651235],[-106.437861,38.6825],[-106.451867,38.698343],[-106.443493,38.709231],[-106.425275,38.710307],[-106.423467,38.720847],[-106.416665,38.727814],[-106.419953,38.751529],[-106.415099,38.757095],[-106.419259,38.766],[-106.41287,38.790911],[-106.422726,38.808375],[-106.415045,38.815282],[-106.416263,38.82385],[-106.406987,38.829334],[-106.395024,38.822393],[-106.383592,38.824802],[-106.381747,38.832857],[-106.364457,38.846419],[-106.364806,38.853081],[-106.349261,38.855201],[-106.348938,38.865112],[-106.335846,38.87229],[-106.334065,38.881309],[-106.327505,38.882297],[-106.321313,38.892599],[-106.326099,38.911004],[-106.345241,38.907067],[-106.357073,38.912945],[-106.37344,38.906608],[-106.380836,38.925685],[-106.392344,38.918775],[-106.393959,38.912249],[-106.402124,38.910617],[-106.415627,38.91853],[-106.421831,38.928068],[-106.430262,38.924909],[-106.437175,38.914906],[-106.465032,38.910354],[-106.504371,38.936849],[-106.507162,38.946092],[-106.526683,38.955411],[-106.528511,38.959883],[-106.521861,38.968666],[-106.528389,38.980727],[-106.550163,38.991545],[-106.554532,38.998757],[-106.577161,38.990444],[-106.595509,38.991277],[-106.599214,38.997994],[-106.591692,39.024923],[-106.598936,39.036768]]]}},{"type":"Feature","properties":{"GEOID":"08019","NAME":"Clear Creek","state":"CO","wildfire_risk_score":93.989,"wildfire_eal_total":3806860.79,"risk_band":"High","source":"FEMA National Risk Index v1.20 (December 2025)"},"geometry":{"type":"Polygon","coordinates":[[[-105.92703,39.676703],[-105.919581,39.690287],[-105.924618,39.698972],[-105.921407,39.709936],[-105.911775,39.715295],[-105.90828,39.726246],[-105.88944,39.731548],[-105.882375,39.740328],[-105.885001,39.749986],[-105.880481,39.759303],[-105.892657,39.782638],[-105.887622,39.7966],[-105.854942,39.796154],[-105.851363,39.788033],[-105.822954,39.785605],[-105.799555,39.803282],[-105.764601,39.794892],[-105.735808,39.805283],[-105.716981,39.835472],[-105.696345,39.838919],[-105.690348,39.851996],[-105.681095,39.847287],[-105.659783,39.850448],[-105.633283,39.843702],[-105.628949,39.83274],[-105.602623,39.818114],[-105.595636,39.816111],[-105.577946,39.822492],[-105.574361,39.818884],[-105.579796,39.812782],[-105.578481,39.805448],[-105.546717,39.787967],[-105.548184,39.781777],[-105.539452,39.772337],[-105.517655,39.764924],[-105.494921,39.76407],[-105.497128,39.757864],[-105.493025,39.756962],[-105.478801,39.759127],[-105.450341,39.752986],[-105.427919,39.755835],[-105.42259,39.7552],[-105.421397,39.745856],[-105.406587,39.751477],[-105.398712,39.747294],[-105.398949,39.566056],[-105.829662,39.564865],[-105.838369,39.572952],[-105.808083,39.583395],[-105.800433,39.593211],[-105.77627,39.604959],[-105.782674,39.629024],[-105.792732,39.636114],[-105.817239,39.633555],[-105.820992,39.642565],[-105.848665,39.644156],[-105.864767,39.667218],[-105.879613,39.663638],[-105.884861,39.657084],[-105.896812,39.664664],[-105.910753,39.662294],[-105.92703,39.676703]]]}},{"type":"Feature","properties":{"GEOID":"08013","NAME":"Boulder","state":"CO","wildfire_risk_score":97.869,"wildfire_eal_total":15700843.34,"risk_band":"High","source":"FEMA National Risk Index v1.20 (December 2025)"},"geometry":{"type":"MultiPolygon","coordinates":[[[[-105.082566,39.959277],[-105.057709,39.974669],[-105.052828,39.965892],[-105.052889,39.957826],[-105.082566,39.959277]]],[[[-105.693662,39.951154],[-105.685504,39.958532],[-105.690321,39.969768],[-105.683164,39.992881],[-105.69059,39.996281],[-105.689818,40.015108],[-105.661606,40.016466],[-105.65191,40.020905],[-105.641197,40.034172],[-105.637412,40.045509],[-105.651061,40.058445],[-105.646692,40.06522],[-105.638873,40.067031],[-105.641121,40.073],[-105.63262,40.081447],[-105.636004,40.084553],[-105.632022,40.097191],[-105.636681,40.106994],[-105.626566,40.118654],[-105.62609,40.127346],[-105.635656,40.146006],[-105.667729,40.158276],[-105.670626,40.185393],[-105.677554,40.188507],[-105.677645,40.202331],[-105.670559,40.207802],[-105.671255,40.217079],[-105.663462,40.219929],[-105.668444,40.22814],[-105.660006,40.248833],[-105.644262,40.249793],[-105.653321,40.260457],[-105.390996,40.257884],[-105.289224,40.262781],[-105.055089,40.261793],[-105.052797,39.977674],[-105.088031,39.959753],[-105.072002,39.95767],[-105.071899,39.950198],[-105.076568,39.950538],[-105.076637,39.943329],[-105.091072,39.943281],[-105.090853,39.936051],[-105.109236,39.936135],[-105.113419,39.93186],[-105.109414,39.925475],[-105.118657,39.932965],[-105.118557,39.943213],[-105.109353,39.943336],[-105.109333,39.95064],[-105.120837,39.951293],[-105.109517,39.956996],[-105.128002,39.954173],[-105.128165,39.939618],[-105.137578,39.939712],[-105.137604,39.928931],[-105.147041,39.928938],[-105.147143,39.913889],[-105.397849,39.912886],[-105.397971,39.934867],[-105.413971,39.934409],[-105.41911,39.928819],[-105.440034,39.938388],[-105.455651,39.932286],[-105.675798,39.932445],[-105.6932,39.941239],[-105.693662,39.951154]],[[-105.109178,39.956566],[-105.103757,39.957538],[-105.091025,39.957785],[-105.09996,39.958979],[-105.109178,39.956566]]]]}},{"type":"Feature","properties":{"GEOID":"08005","NAME":"Arapahoe","state":"CO","wildfire_risk_score":84.701,"wildfire_eal_total":802119.95,"risk_band":"Moderate","source":"FEMA National Risk Index v1.20 (December 2025)"},"geometry":{"type":"MultiPolygon","coordinates":[[[[-104.911032,39.682073],[-104.908205,39.68207],[-104.908201,39.680307],[-104.91104,39.679887],[-104.911032,39.682073]]],[[[-104.930242,39.674832],[-104.917559,39.672983],[-104.912985,39.656209],[-104.921016,39.660338],[-104.920702,39.668168],[-104.930242,39.674832]]],[[[-104.933885,39.673347],[-104.929651,39.672382],[-104.927201,39.668965],[-104.931622,39.667473],[-104.933885,39.673347]]],[[[-104.940738,39.706344],[-104.940684,39.711076],[-104.931648,39.711098],[-104.926992,39.703891],[-104.934143,39.70132],[-104.928778,39.70022],[-104.928183,39.696634],[-104.940625,39.6954],[-104.940738,39.706344]],[[-104.934076,39.698436],[-104.931651,39.698398],[-104.931714,39.700208],[-104.934135,39.700181],[-104.934076,39.698436]]],[[[-105.054169,39.56771],[-105.05341,39.631504],[-105.038005,39.626836],[-105.025422,39.628558],[-105.034756,39.633177],[-105.034707,39.638593],[-105.029998,39.638575],[-105.034615,39.653276],[-105.0158,39.660508],[-105.015696,39.678684],[-105.006357,39.676759],[-105.010941,39.660507],[-105.004395,39.660484],[-105.000355,39.667728],[-104.973486,39.667684],[-104.968785,39.660417],[-104.959443,39.661526],[-104.954983,39.652987],[-104.931703,39.653044],[-104.931873,39.645826],[-104.92246,39.645849],[-104.913227,39.638669],[-104.913407,39.624083],[-104.885264,39.624129],[-104.88014,39.653057],[-104.875454,39.651466],[-104.875573,39.64499],[-104.847296,39.657102],[-104.866334,39.660309],[-104.866051,39.670847],[-104.870882,39.674764],[-104.877459,39.672066],[-104.875981,39.664104],[-104.903509,39.667624],[-104.903579,39.676675],[-104.908094,39.679726],[-104.905223,39.686058],[-104.90344,39.678598],[-104.889308,39.682056],[-104.89409,39.692713],[-104.903512,39.689354],[-104.900115,39.692985],[-104.903544,39.698535],[-104.865962,39.696559],[-104.870662,39.698377],[-104.865971,39.711053],[-104.870625,39.710174],[-104.87533,39.725576],[-104.886613,39.729219],[-104.884646,39.740156],[-103.706547,39.739894],[-103.707072,39.566295],[-104.43954,39.563647],[-105.054169,39.56771]]],[[[-104.898786,39.685704],[-104.898783,39.683402],[-104.902671,39.685712],[-104.898786,39.685704]]],[[[-104.904049,39.625436],[-104.903917,39.626829],[-104.902796,39.624304],[-104.904032,39.624116],[-104.904049,39.625436]]]]}},{"type":"Feature","properties":{"GEOID":"08111","NAME":"San Juan","state":"CO","wildfire_risk_score":33.62,"wildfire_eal_total":25015.08,"risk_band":"Low","source":"FEMA National Risk Index v1.20 (December 2025)"},"geometry":{"type":"Polygon","coordinates":[[[-107.97506,37.683648],[-107.968875,37.696485],[-107.952628,37.706788],[-107.937206,37.702562],[-107.901349,37.719002],[-107.877195,37.716309],[-107.872966,37.722416],[-107.875622,37.738851],[-107.861912,37.756024],[-107.870481,37.762762],[-107.868192,37.767323],[-107.860845,37.775517],[-107.840852,37.774139],[-107.822393,37.795837],[-107.828461,37.799625],[-107.8247,37.804852],[-107.828521,37.811858],[-107.80869,37.824106],[-107.796447,37.822725],[-107.789009,37.838121],[-107.783414,37.840368],[-107.785068,37.84657],[-107.779099,37.849775],[-107.782459,37.867772],[-107.76092,37.877557],[-107.75619,37.890035],[-107.738283,37.905432],[-107.720864,37.89742],[-107.707779,37.898856],[-107.707304,37.893876],[-107.700639,37.892007],[-107.689098,37.901559],[-107.666283,37.902965],[-107.661264,37.909446],[-107.650942,37.909582],[-107.637464,37.923564],[-107.642528,37.933212],[-107.64168,37.964759],[-107.568875,37.965015],[-107.563369,37.955937],[-107.532593,37.943905],[-107.538146,37.932829],[-107.535902,37.920123],[-107.520291,37.901521],[-107.536468,37.88011],[-107.535539,37.874062],[-107.517859,37.856978],[-107.522378,37.842187],[-107.516204,37.834547],[-107.516817,37.826704],[-107.485685,37.822536],[-107.468843,37.809726],[-107.459273,37.794435],[-107.458141,37.782239],[-107.466908,37.766273],[-107.482176,37.768317],[-107.482179,37.639501],[-107.970086,37.639587],[-107.960061,37.642638],[-107.957078,37.648894],[-107.97506,37.683648]]]}},{"type":"Feature","properties":{"GEOID":"08063","NAME":"Kit Carson","state":"CO","wildfire_risk_score":42.43,"wildfire_eal_total":29931.31,"risk_band":"Low","source":"FEMA National Risk Index v1.20 (December 2025)"},"geometry":{"type":"Polygon","coordinates":[[[-103.163072,39.127991],[-103.155253,39.127984],[-103.153992,39.565959],[-102.049806,39.574058],[-102.046571,39.047038],[-103.163025,39.03761],[-103.163072,39.127991]]]}},{"type":"Feature","properties":{"GEOID":"08125","NAME":"Yuma","state":"CO","wildfire_risk_score":60.178,"wildfire_eal_total":112476.41,"risk_band":"Low","source":"FEMA National Risk Index v1.20 (December 2025)"},"geometry":{"type":"Polygon","coordinates":[[[-102.803767,40.002554],[-102.793305,40.002493],[-102.793582,40.351281],[-102.78018,40.351144],[-102.77996,40.438446],[-102.051465,40.440008],[-102.049806,39.574058],[-102.802932,39.567841],[-102.800417,39.830831],[-102.803767,40.002554]]]}},{"type":"Feature","properties":{"GEOID":"08099","NAME":"Prowers","state":"CO","wildfire_risk_score":79.23,"wildfire_eal_total":247388.03,"risk_band":"Moderate","source":"FEMA National Risk Index v1.20 (December 2025)"},"geometry":{"type":"Polygon","coordinates":[[[-102.747708,37.823451],[-102.740464,37.824064],[-102.74233,38.266971],[-102.044567368215,38.2687491172007],[-102.041585,37.644282],[-102.747615,37.643642],[-102.747708,37.823451]]]}},{"type":"Feature","properties":{"GEOID":"08053","NAME":"Hinsdale","state":"CO","wildfire_risk_score":50.191,"wildfire_eal_total":65259.22,"risk_band":"Low","source":"FEMA National Risk Index v1.20 (December 2025)"},"geometry":{"type":"Polygon","coordinates":[[[-107.591367,37.992252],[-107.574092,38.006349],[-107.548588,37.998852],[-107.537975,38.008919],[-107.53728,38.032708],[-107.521955,38.042567],[-107.522282,38.057222],[-107.511,38.060539],[-107.51683,38.069741],[-107.533107,38.079677],[-107.550289,38.078236],[-107.55955,38.087205],[-107.565394,38.098868],[-107.560855,38.110503],[-107.563205,38.123212],[-107.574019,38.136991],[-107.56862,38.147267],[-107.001119,38.147072],[-107.000602,37.956041],[-107.005624,37.956721],[-107.008973,37.946522],[-107.025506,37.954501],[-107.041363,37.948681],[-107.056384,37.952257],[-107.06778,37.961299],[-107.072001,37.955362],[-107.092144,37.94917],[-107.102532,37.955187],[-107.110669,37.943344],[-107.138191,37.938848],[-107.137356,37.828788],[-107.145138,37.675497],[-107.123868,37.675029],[-107.12868,37.422942],[-107.482131,37.422673],[-107.482176,37.768317],[-107.466908,37.766273],[-107.458141,37.782239],[-107.459273,37.794435],[-107.468843,37.809726],[-107.485685,37.822536],[-107.516817,37.826704],[-107.516204,37.834547],[-107.522378,37.842187],[-107.517859,37.856978],[-107.535539,37.874062],[-107.536468,37.88011],[-107.520291,37.901521],[-107.535902,37.920123],[-107.538146,37.932829],[-107.532593,37.943905],[-107.563369,37.955937],[-107.569035,37.966039],[-107.587004,37.968478],[-107.584165,37.976019],[-107.591367,37.992252]]]}},{"type":"Feature","properties":{"GEOID":"08007","NAME":"Archuleta","state":"CO","wildfire_risk_score":94.466,"wildfire_eal_total":2323058.94,"risk_band":"High","source":"FEMA National Risk Index v1.20 (December 2025)"},"geometry":{"type":"Polygon","coordinates":[[[-107.482304,37.328714],[-107.482131,37.422673],[-107.12868,37.422942],[-107.128737,37.392409],[-106.710767,37.396238],[-106.710775,37.404228],[-106.678373,37.403596],[-106.678354,37.228566],[-106.597384,37.194974],[-106.589178,37.140188],[-106.476275022521,36.9938393436494],[-106.869796,36.992426],[-106.877292,37.000139],[-107.481736999155,37.0000045803143],[-107.482304,37.328714]]]}},{"type":"Feature","properties":{"GEOID":"08081","NAME":"Moffat","state":"CO","wildfire_risk_score":87.468,"wildfire_eal_total":1237267.61,"risk_band":"High","source":"FEMA National Risk Index v1.20 (December 2025)"},"geometry":{"type":"Polygon","coordinates":[[[-109.050946,40.444368],[-109.050076,41.000659],[-107.317793899405,41.0029672121675],[-107.314153,40.600281],[-107.371487,40.600302],[-107.371328,40.542399],[-107.428813,40.542207],[-107.432068,40.334879],[-107.442594,40.334755],[-107.439372,40.220454],[-107.653941,40.224275],[-109.050968717402,40.2226470020202],[-109.050946,40.444368]]]}},{"type":"Feature","properties":{"GEOID":"08009","NAME":"Baca","state":"CO","wildfire_risk_score":80.757,"wildfire_eal_total":254707.01,"risk_band":"Moderate","source":"FEMA National Risk Index v1.20 (December 2025)"},"geometry":{"type":"Polygon","coordinates":[[[-103.08632,37.143426],[-103.082537,37.381613],[-103.074663,37.381754],[-103.075938,37.64342],[-102.041585,37.644282],[-102.042089,36.993016],[-103.086102011771,37.0001738632313],[-103.08632,37.143426]]]}},{"type":"Feature","properties":{"GEOID":"08115","NAME":"Sedgwick","state":"CO","wildfire_risk_score":34.128,"wildfire_eal_total":18989.42,"risk_band":"Low","source":"FEMA National Risk Index v1.20 (December 2025)"},"geometry":{"type":"Polygon","coordinates":[[[-102.653463,41.002332],[-102.051614,41.002377],[-102.051292,40.749591],[-102.65131,40.749402],[-102.653463,41.002332]]]}},{"type":"Feature","properties":{"GEOID":"08103","NAME":"Rio Blanco","state":"CO","wildfire_risk_score":91.635,"wildfire_eal_total":1613024.99,"risk_band":"High","source":"FEMA National Risk Index v1.20 (December 2025)"},"geometry":{"type":"Polygon","coordinates":[[[-109.050615,39.87497],[-109.050968717402,40.2226470020202],[-107.653941,40.224275],[-107.495618,40.219991],[-107.037923,40.224766],[-107.037363,40.091538],[-107.316993,40.090765],[-107.318751,39.914968],[-107.431665,39.917725],[-107.43177,39.828377],[-107.694229,39.830107],[-107.787206,39.825047],[-107.938502,39.824996],[-107.938546,39.694464],[-108.554722,39.69364],[-108.554627,39.650164],[-108.895728,39.650337],[-108.895704,39.660487],[-109.051040251034,39.6604706493518],[-109.050615,39.87497]]]}},{"type":"Feature","properties":{"GEOID":"08075","NAME":"Logan","state":"CO","wildfire_risk_score":63.581,"wildfire_eal_total":97100.37,"risk_band":"Low","source":"FEMA National Risk Index v1.20 (December 2025)"},"geometry":{"type":"Polygon","coordinates":[[[-103.581759,40.55957],[-103.580371,40.702023],[-103.574301,40.702059],[-103.573773995352,41.0017201653792],[-102.653463,41.002332],[-102.65088,40.70534],[-102.664689,40.705189],[-102.664804,40.438473],[-103.465377,40.436346],[-103.4672,40.523253],[-103.581844,40.523383],[-103.581759,40.55957]]]}},{"type":"Feature","properties":{"GEOID":"08001","NAME":"Adams","state":"CO","wildfire_risk_score":80.948,"wildfire_eal_total":571200.32,"risk_band":"Moderate","source":"FEMA National Risk Index v1.20 (December 2025)"},"geometry":{"type":"Polygon","coordinates":[[[-105.053289,39.856764],[-105.052892,39.914224],[-105.034347,39.914181],[-105.0344,39.921371],[-105.015469,39.921309],[-105.015657,39.943131],[-104.997025,39.943239],[-104.997056,39.946772],[-105.016835,39.953117],[-105.015845,39.981193],[-104.997423,39.981213],[-104.997118,39.968528],[-104.988159,39.968466],[-104.988108,39.972175],[-104.99708,39.973954],[-104.987784,39.975746],[-104.980944,40.000325],[-103.705701,40.001366],[-103.706547,39.739894],[-104.884646,39.740156],[-104.879901,39.754652],[-104.84694,39.754687],[-104.856338,39.758127],[-104.856394,39.768581],[-104.832972,39.766391],[-104.828163,39.772374],[-104.781577,39.772795],[-104.78156,39.776483],[-104.772157,39.776409],[-104.772166,39.7715],[-104.764574,39.769188],[-104.734749,39.769211],[-104.734399,39.798442],[-104.762606,39.798433],[-104.762462,39.823443],[-104.666062,39.822791],[-104.666182,39.813075],[-104.655445,39.812999],[-104.65539,39.822605],[-104.619799,39.822417],[-104.619152,39.87322],[-104.605261,39.873114],[-104.605154,39.881346],[-104.59981,39.881307],[-104.599581,39.899038],[-104.630945,39.899291],[-104.630939,39.906645],[-104.679664,39.907008],[-104.679582,39.914016],[-104.692054,39.914178],[-104.692139,39.906851],[-104.703185,39.906926],[-104.703311,39.895949],[-104.73039,39.896131],[-104.730962,39.845248],[-104.790859,39.841802],[-104.790895,39.798251],[-104.866041,39.798386],[-104.866074,39.812847],[-104.884405,39.812815],[-104.884474,39.798322],[-104.903561,39.798391],[-104.903439,39.783888],[-104.927002,39.783778],[-104.927034,39.791054],[-104.939882,39.790994],[-104.940476,39.794601],[-104.968861,39.791041],[-104.968716,39.798396],[-104.97595,39.791038],[-105.020542,39.791087],[-105.021843,39.794461],[-105.053246,39.791063],[-105.053289,39.856764]]]}},{"type":"Feature","properties":{"GEOID":"08047","NAME":"Gilpin","state":"CO","wildfire_risk_score":87.5,"wildfire_eal_total":1216930.68,"risk_band":"High","source":"FEMA National Risk Index v1.20 (December 2025)"},"geometry":{"type":"Polygon","coordinates":[[[-105.700773,39.878942],[-105.699719,39.891499],[-105.691176,39.897215],[-105.675798,39.932445],[-105.455651,39.932286],[-105.440034,39.938388],[-105.41911,39.928819],[-105.413971,39.934409],[-105.397971,39.934867],[-105.397949,39.74604],[-105.406587,39.751477],[-105.421397,39.745856],[-105.42259,39.7552],[-105.427919,39.755835],[-105.450341,39.752986],[-105.478801,39.759127],[-105.493025,39.756962],[-105.497128,39.757864],[-105.494921,39.76407],[-105.517655,39.764924],[-105.539452,39.772337],[-105.548184,39.781777],[-105.546717,39.787967],[-105.578481,39.805448],[-105.579796,39.812782],[-105.574361,39.818884],[-105.577946,39.822492],[-105.595636,39.816111],[-105.628949,39.83274],[-105.633283,39.843702],[-105.659783,39.850448],[-105.686681,39.84958],[-105.696125,39.861516],[-105.700773,39.878942]]]}},{"type":"Feature","properties":{"GEOID":"08095","NAME":"Phillips","state":"CO","wildfire_risk_score":31.52,"wildfire_eal_total":20333.17,"risk_band":"Low","source":"FEMA National Risk Index v1.20 (December 2025)"},"geometry":{"type":"Polygon","coordinates":[[[-102.665098,40.64535],[-102.664689,40.705189],[-102.65088,40.70534],[-102.65131,40.749402],[-102.051292,40.749591],[-102.051465,40.440008],[-102.664804,40.438473],[-102.665098,40.64535]]]}},{"type":"Feature","properties":{"GEOID":"08121","NAME":"Washington","state":"CO","wildfire_risk_score":60.464,"wildfire_eal_total":71067.0,"risk_band":"Low","source":"FEMA National Risk Index v1.20 (December 2025)"},"geometry":{"type":"Polygon","coordinates":[[[-103.706547,39.739894],[-103.705701,40.001366],[-103.471991,40.001529],[-103.470982,40.349759],[-103.464625,40.34992],[-103.465377,40.436346],[-102.77996,40.438446],[-102.78018,40.351144],[-102.793582,40.351281],[-102.793305,40.002493],[-102.803767,40.002554],[-102.800417,39.830831],[-102.802932,39.567841],[-103.707072,39.566295],[-103.706547,39.739894]]]}},{"type":"Feature","properties":{"GEOID":"08089","NAME":"Otero","state":"CO","wildfire_risk_score":75.922,"wildfire_eal_total":205375.03,"risk_band":"Moderate","source":"FEMA National Risk Index v1.20 (December 2025)"},"geometry":{"type":"Polygon","coordinates":[[[-104.061891,37.822715],[-104.058242,38.146492],[-104.02719,38.140489],[-103.994696,38.146654],[-103.974991,38.140336],[-103.974378,38.132119],[-103.933989,38.124417],[-103.923399,38.130424],[-103.914396,38.12476],[-103.91098,38.126563],[-103.912507,38.134346],[-103.906194,38.13486],[-103.898512,38.131132],[-103.900662,38.125409],[-103.866262,38.12876],[-103.846211,38.123405],[-103.835616,38.11334],[-103.81191,38.117845],[-103.803033,38.112533],[-103.619172,38.113355],[-103.619283,38.171455],[-103.509364,38.172514],[-103.51006,38.265169],[-103.399938,38.265435],[-103.398108,37.960627],[-103.404339,37.643576],[-104.058196,37.644049],[-104.061891,37.822715]]]}},{"type":"Feature","properties":{"GEOID":"08101","NAME":"Pueblo","state":"CO","wildfire_risk_score":92.748,"wildfire_eal_total":2152562.59,"risk_band":"High","source":"FEMA National Risk Index v1.20 (December 2025)"},"geometry":{"type":"Polygon","coordinates":[[[-105.050678,38.113824],[-105.049215,38.257973],[-104.940366,38.258275],[-104.941533,38.519569],[-104.053921,38.522393],[-104.061132,37.734704],[-104.646383,37.900527],[-105.013729,37.881271],[-105.034803,37.894583],[-105.031573,37.904147],[-105.038665,37.904444],[-105.049917,37.915479],[-105.050678,38.113824]]]}},{"type":"Feature","properties":{"GEOID":"08003","NAME":"Alamosa","state":"CO","wildfire_risk_score":62.277,"wildfire_eal_total":62139.61,"risk_band":"Low","source":"FEMA National Risk Index v1.20 (December 2025)"},"geometry":{"type":"Polygon","coordinates":[[[-106.039354,37.429814],[-106.038413,37.748353],[-105.457255,37.751464],[-105.452727,37.741276],[-105.454245,37.723951],[-105.477732,37.706889],[-105.481374,37.693755],[-105.477242,37.666199],[-105.486976,37.653483],[-105.491513,37.625003],[-105.498602,37.614137],[-105.493273,37.600919],[-105.501755,37.597571],[-105.485516,37.577899],[-105.49606,37.57006],[-105.49631,37.563852],[-105.743339,37.356798],[-106.038912,37.356953],[-106.039354,37.429814]]]}},{"type":"Feature","properties":{"GEOID":"08011","NAME":"Bent","state":"CO","wildfire_risk_score":64.695,"wildfire_eal_total":149245.31,"risk_band":"Moderate","source":"FEMA National Risk Index v1.20 (December 2025)"},"geometry":{"type":"Polygon","coordinates":[[[-103.404426,37.658203],[-103.398108,37.960627],[-103.399938,38.265435],[-102.74233,38.266971],[-102.740464,37.824064],[-102.747988,37.823216],[-102.747615,37.643642],[-103.404339,37.643576],[-103.404426,37.658203]]]}},{"type":"Feature","properties":{"GEOID":"08014","NAME":"Broomfield","state":"CO","wildfire_risk_score":72.36,"wildfire_eal_total":324866.42,"risk_band":"Moderate","source":"FEMA National Risk Index v1.20 (December 2025)"},"geometry":{"type":"MultiPolygon","coordinates":[[[[-105.106674,39.95783],[-105.09996,39.958979],[-105.091025,39.957785],[-105.109178,39.956566],[-105.106674,39.95783]]],[[[-105.165689,39.910503],[-105.147143,39.913889],[-105.147041,39.928938],[-105.137604,39.928931],[-105.137578,39.939712],[-105.128165,39.939618],[-105.128002,39.954173],[-105.109517,39.956996],[-105.120837,39.951293],[-105.109333,39.95064],[-105.109353,39.943336],[-105.118557,39.943213],[-105.118657,39.932965],[-105.109414,39.925475],[-105.113419,39.93186],[-105.109236,39.936135],[-105.090853,39.936051],[-105.091072,39.943281],[-105.076637,39.943329],[-105.072002,39.95767],[-105.088613,39.95803],[-105.088031,39.959753],[-105.080023,39.961452],[-105.068065,39.970932],[-105.052797,39.977674],[-105.052823,40.00026],[-105.007906,40.000483],[-105.007995,40.007581],[-104.989647,40.007679],[-104.989614,40.01489],[-104.999065,40.014887],[-104.999007,40.025776],[-104.980048,40.029411],[-104.980041,40.040316],[-104.979242,40.043758],[-104.961157,40.044144],[-104.961405,40.000337],[-104.980944,40.000325],[-104.987784,39.975746],[-104.99708,39.973954],[-104.988108,39.972175],[-104.988159,39.968466],[-104.997118,39.968528],[-104.997423,39.981213],[-105.015845,39.981193],[-105.016835,39.953117],[-104.997056,39.946772],[-104.997025,39.943239],[-105.015657,39.943131],[-105.015469,39.921309],[-105.0344,39.921371],[-105.034347,39.914181],[-105.062384,39.913987],[-105.062392,39.907025],[-105.071775,39.907018],[-105.071688,39.899832],[-105.084285,39.898957],[-105.096692,39.899788],[-105.108609,39.914137],[-105.147121,39.91389],[-105.147396,39.900094],[-105.128678,39.899985],[-105.128895,39.890353],[-105.136308,39.89202],[-105.134852,39.889292],[-105.165557,39.890988],[-105.165689,39.910503]],[[-105.080048,39.957928],[-105.052889,39.957826],[-105.052828,39.965892],[-105.057709,39.974669],[-105.080048,39.957928]],[[-104.979917,40.029486],[-104.973074,40.029512],[-104.97305,40.033037],[-104.979911,40.033053],[-104.979917,40.029486]]]]}},{"type":"Feature","properties":{"GEOID":"08085","NAME":"Montrose","state":"CO","wildfire_risk_score":78.562,"wildfire_eal_total":353647.19,"risk_band":"Moderate","source":"FEMA National Risk Index v1.20 (December 2025)"},"geometry":{"type":"Polygon","coordinates":[[[-109.059962,38.499987],[-108.379136,38.499987],[-108.378698,38.668097],[-107.500655,38.668553],[-107.50002,38.301926],[-107.63504,38.301896],[-107.636497,38.316154],[-107.630962,38.325679],[-107.635697,38.332148],[-108.13238,38.331573],[-108.131748,38.320756],[-108.123683,38.320928],[-108.123269,38.313635],[-108.104819,38.313718],[-108.104161,38.284179],[-108.08635,38.284334],[-108.086604,38.255202],[-108.011531,38.255261],[-108.011531,38.248203],[-107.984084,38.248386],[-107.984184,38.233936],[-107.965419,38.234015],[-107.965408,38.226509],[-107.947142,38.226477],[-107.94702,38.218947],[-107.937588,38.218992],[-107.938145,38.173936],[-107.947744,38.173767],[-107.946963,38.152491],[-109.041836576111,38.1530320903539],[-109.060062,38.275489],[-109.059962,38.499987]]]}},{"type":"Feature","properties":{"GEOID":"08017","NAME":"Cheyenne","state":"CO","wildfire_risk_score":30.375,"wildfire_eal_total":17078.15,"risk_band":"Low","source":"FEMA National Risk Index v1.20 (December 2025)"},"geometry":{"type":"Polygon","coordinates":[[[-103.172474,38.690057],[-103.164159,38.690133],[-103.163025,39.03761],[-102.046571,39.047038],[-102.045287815606,38.6151684415595],[-103.172943,38.61245],[-103.172474,38.690057]]]}},{"type":"Feature","properties":{"GEOID":"08025","NAME":"Crowley","state":"CO","wildfire_risk_score":62.659,"wildfire_eal_total":82440.59,"risk_band":"Low","source":"FEMA National Risk Index v1.20 (December 2025)"},"geometry":{"type":"Polygon","coordinates":[[[-104.058402,38.260841],[-104.054725,38.261864],[-104.053921,38.522393],[-103.61299,38.522548],[-103.612983,38.517879],[-103.504666,38.516409],[-103.506985,38.342256],[-103.501747,38.342295],[-103.501764,38.265016],[-103.51006,38.265169],[-103.509364,38.172514],[-103.619283,38.171455],[-103.619172,38.113355],[-103.803033,38.112533],[-103.81191,38.117845],[-103.835616,38.11334],[-103.846211,38.123405],[-103.866262,38.12876],[-103.900662,38.125409],[-103.898512,38.131132],[-103.906194,38.13486],[-103.912507,38.134346],[-103.91098,38.126563],[-103.914396,38.12476],[-103.923399,38.130424],[-103.933989,38.124417],[-103.974378,38.132119],[-103.974991,38.140336],[-103.994696,38.146654],[-104.002561,38.14277],[-104.010227,38.145737],[-104.022594,38.140914],[-104.047045,38.141389],[-104.050406,38.146549],[-104.058242,38.146492],[-104.058402,38.260841]]]}},{"type":"Feature","properties":{"GEOID":"08119","NAME":"Teller","state":"CO","wildfire_risk_score":97.042,"wildfire_eal_total":10629478.55,"risk_band":"High","source":"FEMA National Risk Index v1.20 (December 2025)"},"geometry":{"type":"Polygon","coordinates":[[[-105.330382,39.129474],[-105.033473,39.129783],[-105.027139,39.028954],[-105.028633,38.86873],[-105.066441,38.869177],[-105.072184,38.799382],[-104.939869,38.796543],[-104.942205,38.650133],[-105.049799,38.652404],[-105.091363,38.647754],[-105.239927,38.647464],[-105.237043,38.697267],[-105.328962,38.697558],[-105.330382,39.129474]]]}},{"type":"Feature","properties":{"GEOID":"08021","NAME":"Conejos","state":"CO","wildfire_risk_score":58.333,"wildfire_eal_total":49910.43,"risk_band":"Low","source":"FEMA National Risk Index v1.20 (December 2025)"},"geometry":{"type":"Polygon","coordinates":[[[-106.678373,37.403596],[-106.487968,37.39935],[-106.039331,37.400852],[-106.038912,37.356953],[-105.743339,37.356798],[-105.753278,37.344114],[-105.75059,37.333601],[-105.745849,37.323861],[-105.738935,37.320687],[-105.742474,37.315894],[-105.737126,37.313274],[-105.738409,37.30676],[-105.734563,37.302699],[-105.729165,37.304871],[-105.720098,37.285846],[-105.728102,37.28507],[-105.723532,37.275331],[-105.737653,37.265546],[-105.737579,37.257667],[-105.746219,37.248905],[-105.740778,37.236204],[-105.746693,37.230367],[-105.745765,37.218131],[-105.735977,37.199315],[-105.738992,37.191486],[-105.729818,37.180676],[-105.73791,37.165254],[-105.731404,37.156249],[-105.748834,37.135001],[-105.749781,37.114647],[-105.740764,37.101988],[-105.770357,37.064403],[-105.764206,37.05572],[-105.771391,37.045725],[-105.760961,37.026147],[-105.749714,37.026668],[-105.746017,37.014185],[-105.724705,37.013127],[-105.7267,37.006859],[-105.718469674138,36.9958459200375],[-106.476275022521,36.9938393436494],[-106.589178,37.140188],[-106.597384,37.194974],[-106.678354,37.228566],[-106.678373,37.403596]]]}},{"type":"Feature","properties":{"GEOID":"08051","NAME":"Gunnison","state":"CO","wildfire_risk_score":70.197,"wildfire_eal_total":262397.41,"risk_band":"Moderate","source":"FEMA National Risk Index v1.20 (December 2025)"},"geometry":{"type":"Polygon","coordinates":[[[-107.63504,38.301896],[-107.50002,38.301926],[-107.500606,39.217916],[-107.487753,39.225609],[-107.484393,39.235217],[-107.474701,39.229046],[-107.451075,39.230673],[-107.42973,39.241014],[-107.428073,39.257596],[-107.400297,39.252946],[-107.394486,39.256299],[-107.376088,39.245751],[-107.371521,39.239246],[-107.379236,39.23134],[-107.377213,39.199649],[-107.359857,39.184906],[-107.353427,39.173042],[-107.318741,39.165313],[-107.296281,39.154333],[-107.28249,39.118718],[-107.06632,39.118805],[-107.03633,39.094928],[-107.012486,39.08438],[-106.996958,39.069348],[-106.988972,39.070712],[-106.989756,39.05198],[-107.001622,39.042273],[-106.996145,39.034175],[-106.964307,39.029581],[-106.964695,39.017545],[-106.95098,39.0166],[-106.935065,39.006078],[-106.910073,38.999991],[-106.908196,38.992579],[-106.884353,38.990406],[-106.878041,38.994275],[-106.87809,39.005909],[-106.861687,39.009439],[-106.846898,38.987007],[-106.827248,38.97772],[-106.81693,38.981383],[-106.801874,38.978303],[-106.783989,38.986916],[-106.782514,38.99927],[-106.768594,39.008169],[-106.761903,39.019301],[-106.745119,39.026923],[-106.749357,39.042528],[-106.710315,39.047573],[-106.707851,39.053458],[-106.694969,39.055667],[-106.685314,39.045383],[-106.655492,39.04442],[-106.646846,39.033285],[-106.648392,39.022152],[-106.638334,39.019223],[-106.637887,39.014704],[-106.6116,38.995434],[-106.599214,38.997994],[-106.595509,38.991277],[-106.577161,38.990444],[-106.554532,38.998757],[-106.550163,38.991545],[-106.528389,38.980727],[-106.521861,38.968666],[-106.528511,38.959883],[-106.526683,38.955411],[-106.507162,38.946092],[-106.504371,38.936849],[-106.465032,38.910354],[-106.437175,38.914906],[-106.430262,38.924909],[-106.421831,38.928068],[-106.415627,38.91853],[-106.402124,38.910617],[-106.393959,38.912249],[-106.392344,38.918775],[-106.380836,38.925685],[-106.37344,38.906608],[-106.357073,38.912945],[-106.345241,38.907067],[-106.326099,38.911004],[-106.321313,38.892599],[-106.327505,38.882297],[-106.334065,38.881309],[-106.335846,38.87229],[-106.348938,38.865112],[-106.349261,38.855201],[-106.364806,38.853081],[-106.364457,38.846419],[-106.381747,38.832857],[-106.383592,38.824802],[-106.395024,38.822393],[-106.406987,38.829334],[-106.416263,38.82385],[-106.415045,38.815282],[-106.422726,38.808375],[-106.41287,38.790911],[-106.419259,38.766],[-106.415099,38.757095],[-106.419953,38.751529],[-106.416665,38.727814],[-106.423467,38.720847],[-106.425275,38.710307],[-106.443493,38.709231],[-106.451867,38.698343],[-106.437861,38.6825],[-106.429545,38.651235],[-106.417223,38.644919],[-106.401719,38.645783],[-106.401189,38.639702],[-106.379899,38.638483],[-106.385368,38.624995],[-106.363843,38.613625],[-106.361024,38.594487],[-106.344619,38.568564],[-106.355386,38.542371],[-106.354185,38.533384],[-106.342597,38.521537],[-106.348108,38.512499],[-106.34423,38.50459],[-106.330975,38.493905],[-106.327228,38.497588],[-106.311381,38.494652],[-106.30449,38.478353],[-106.290543,38.473528],[-106.288933,38.461964],[-106.280609,38.454337],[-106.272655,38.455196],[-106.274119,38.446886],[-106.245529,38.438905],[-106.249484,38.433244],[-106.24694,38.422768],[-107.000601,38.425619],[-107.001119,38.147072],[-107.56862,38.147267],[-107.562293,38.1579],[-107.575576,38.209797],[-107.580784,38.21246],[-107.580243,38.230824],[-107.590701,38.252046],[-107.612717,38.26216],[-107.63504,38.301896]]]}},{"type":"Feature","properties":{"GEOID":"08039","NAME":"Elbert","state":"CO","wildfire_risk_score":95.07,"wildfire_eal_total":5125480.56,"risk_band":"High","source":"FEMA National Risk Index v1.20 (December 2025)"},"geometry":{"type":"Polygon","coordinates":[[[-104.662853,39.245823],[-104.66016,39.565909],[-103.714355,39.566331],[-103.715254,39.128246],[-103.721152,39.128307],[-103.721913,39.084972],[-103.719664,38.866827],[-104.055528,38.868868],[-104.051568,39.128138],[-104.662483,39.129529],[-104.662853,39.245823]]]}},{"type":"Feature","properties":{"GEOID":"08045","NAME":"Garfield","state":"CO","wildfire_risk_score":90.967,"wildfire_eal_total":1921508.27,"risk_band":"High","source":"FEMA National Risk Index v1.20 (December 2025)"},"geometry":{"type":"Polygon","coordinates":[[[-109.051362941959,39.4977032760106],[-109.051040251034,39.6604706493518],[-108.895704,39.660487],[-108.895728,39.650337],[-108.554627,39.650164],[-108.554722,39.69364],[-107.938546,39.694464],[-107.938502,39.824996],[-107.787206,39.825047],[-107.694229,39.830107],[-107.43177,39.828377],[-107.431665,39.917725],[-107.318751,39.914968],[-107.316993,40.090765],[-107.037363,40.091538],[-107.037359,40.003081],[-107.03205,40.002939],[-107.033968,39.918913],[-107.113672,39.919112],[-107.113446,39.366066],[-109.050765,39.366677],[-109.051362941959,39.4977032760106]]]}},{"type":"Feature","properties":{"GEOID":"08097","NAME":"Pitkin","state":"CO","wildfire_risk_score":76.59,"wildfire_eal_total":444361.71,"risk_band":"Moderate","source":"FEMA National Risk Index v1.20 (December 2025)"},"geometry":{"type":"Polygon","coordinates":[[[-107.465957,39.32212],[-107.430514,39.348222],[-107.430949,39.366178],[-106.426487,39.361871],[-106.435104,39.347275],[-106.426947,39.323355],[-106.432085,39.316698],[-106.450652,39.316698],[-106.468272,39.307315],[-106.476224,39.314748],[-106.485121,39.312566],[-106.50269,39.298067],[-106.504031,39.284761],[-106.483292,39.272669],[-106.48106,39.259888],[-106.497349,39.242727],[-106.49874,39.234931],[-106.489749,39.227718],[-106.493649,39.198326],[-106.499607,39.183848],[-106.51,39.174653],[-106.511077,39.163532],[-106.52116,39.15733],[-106.534516,39.163126],[-106.538526,39.157894],[-106.551677,39.161465],[-106.561265,39.155677],[-106.558679,39.143847],[-106.564574,39.132422],[-106.558171,39.120223],[-106.564986,39.114007],[-106.563989,39.106041],[-106.580311,39.102164],[-106.586157,39.09405],[-106.584916,39.08483],[-106.577076,39.079437],[-106.577551,39.05321],[-106.597233,39.044821],[-106.599516,39.033788],[-106.591692,39.024923],[-106.599214,38.997994],[-106.613502,38.996318],[-106.637887,39.014704],[-106.638334,39.019223],[-106.648392,39.022152],[-106.646846,39.033285],[-106.655492,39.04442],[-106.685314,39.045383],[-106.692996,39.055065],[-106.703045,39.055917],[-106.710315,39.047573],[-106.749357,39.042528],[-106.745119,39.026923],[-106.761903,39.019301],[-106.768594,39.008169],[-106.782514,38.99927],[-106.783989,38.986916],[-106.801874,38.978303],[-106.81693,38.981383],[-106.827248,38.97772],[-106.846898,38.987007],[-106.861687,39.009439],[-106.87809,39.005909],[-106.878041,38.994275],[-106.884353,38.990406],[-106.908196,38.992579],[-106.910073,38.999991],[-106.935065,39.006078],[-106.95098,39.0166],[-106.964695,39.017545],[-106.964307,39.029581],[-106.996145,39.034175],[-107.001622,39.042273],[-106.989756,39.05198],[-106.988972,39.070712],[-106.996958,39.069348],[-107.012486,39.08438],[-107.03633,39.094928],[-107.06632,39.118805],[-107.28249,39.118718],[-107.296281,39.154333],[-107.318741,39.165313],[-107.353427,39.173042],[-107.359857,39.184906],[-107.377213,39.199649],[-107.379236,39.23134],[-107.371521,39.239246],[-107.394486,39.256299],[-107.391465,39.263881],[-107.379175,39.269101],[-107.378376,39.274804],[-107.394216,39.279814],[-107.398513,39.29511],[-107.412972,39.292002],[-107.437479,39.299564],[-107.4388,39.309019],[-107.449655,39.304559],[-107.456456,39.306927],[-107.465187,39.314515],[-107.465957,39.32212]]]}},{"type":"Feature","properties":{"GEOID":"08041","NAME":"El Paso","state":"CO","wildfire_risk_score":99.268,"wildfire_eal_total":41634096.3,"risk_band":"High","source":"FEMA National Risk Index v1.20 (December 2025)"},"geometry":{"type":"Polygon","coordinates":[[[-105.072529,38.8084],[-105.066441,38.869177],[-105.028633,38.86873],[-105.027139,39.028954],[-105.033473,39.129783],[-104.051568,39.128138],[-104.05426,38.522392],[-104.941533,38.519569],[-104.939869,38.796543],[-105.072184,38.799382],[-105.072529,38.8084]]]}},{"type":"Feature","properties":{"GEOID":"08073","NAME":"Lincoln","state":"CO","wildfire_risk_score":58.429,"wildfire_eal_total":88713.09,"risk_band":"Low","source":"FEMA National Risk Index v1.20 (December 2025)"},"geometry":{"type":"Polygon","coordinates":[[[-104.055528,38.868868],[-103.719664,38.866827],[-103.721913,39.084972],[-103.721152,39.128307],[-103.715254,39.128246],[-103.714355,39.566331],[-103.154376,39.565654],[-103.155253,39.127984],[-103.163072,39.127991],[-103.164159,38.690133],[-103.172474,38.690057],[-103.172878,38.525315],[-103.504674,38.523664],[-103.504666,38.516409],[-103.612983,38.517879],[-103.61299,38.522548],[-104.05426,38.522392],[-104.055528,38.868868]]]}},{"type":"Feature","properties":{"GEOID":"08105","NAME":"Rio Grande","state":"CO","wildfire_risk_score":63.613,"wildfire_eal_total":67086.01,"risk_band":"Low","source":"FEMA National Risk Index v1.20 (December 2025)"},"geometry":{"type":"Polygon","coordinates":[[[-106.711624,37.664273],[-106.695638,37.664271],[-106.693845,37.835244],[-106.587139,37.834426],[-106.586374,37.747809],[-106.038413,37.748353],[-106.039331,37.400852],[-106.487968,37.39935],[-106.710775,37.404228],[-106.711624,37.664273]]]}},{"type":"Feature","properties":{"GEOID":"08061","NAME":"Kiowa","state":"CO","wildfire_risk_score":51.24,"wildfire_eal_total":62329.67,"risk_band":"Low","source":"FEMA National Risk Index v1.20 (December 2025)"},"geometry":{"type":"Polygon","coordinates":[[[-103.505252,38.491281],[-103.504674,38.523664],[-103.172878,38.525315],[-103.172943,38.61245],[-102.045287815606,38.6151684415595],[-102.044567368215,38.2687491172007],[-103.501764,38.265016],[-103.501747,38.342295],[-103.506985,38.342256],[-103.505252,38.491281]]]}},{"type":"Feature","properties":{"GEOID":"08087","NAME":"Morgan","state":"CO","wildfire_risk_score":65.172,"wildfire_eal_total":144520.11,"risk_band":"Moderate","source":"FEMA National Risk Index v1.20 (December 2025)"},"geometry":{"type":"Polygon","coordinates":[[[-104.150494,40.350245],[-104.147714,40.524389],[-103.4672,40.523253],[-103.464625,40.34992],[-103.470982,40.349759],[-103.471991,40.001529],[-104.150332,40.000856],[-104.150494,40.350245]]]}},{"type":"Feature","properties":{"GEOID":"08079","NAME":"Mineral","state":"CO","wildfire_risk_score":45.802,"wildfire_eal_total":51769.16,"risk_band":"Low","source":"FEMA National Risk Index v1.20 (December 2025)"},"geometry":{"type":"Polygon","coordinates":[[[-107.140707,37.75],[-107.138191,37.938848],[-107.110669,37.943344],[-107.102532,37.955187],[-107.092144,37.94917],[-107.072001,37.955362],[-107.06778,37.961299],[-107.044716,37.949323],[-107.025506,37.954501],[-107.008973,37.946522],[-107.005624,37.956721],[-106.989807,37.961032],[-106.987368,37.969179],[-106.968289,37.974777],[-106.944464,37.953725],[-106.920312,37.967431],[-106.905199,37.963901],[-106.897834,37.967891],[-106.879167,37.96111],[-106.87988,37.949861],[-106.84727,37.91917],[-106.801026,37.913699],[-106.773066,37.885575],[-106.755823,37.880624],[-106.736666,37.887881],[-106.718664,37.872849],[-106.70154,37.876354],[-106.693523,37.873519],[-106.695638,37.664271],[-106.711624,37.664273],[-106.710767,37.396238],[-107.128737,37.392409],[-107.123868,37.675029],[-107.145138,37.675497],[-107.140707,37.75]]]}}]}