{"type":"FeatureCollection","metadata":{"state":"FL","boundary_source":"U.S. Census Bureau 2024 Cartographic Boundary File (counties, 1:500,000)","risk_source":"FEMA National Risk Index v1.20 (December 2025)"},"features":[{"type":"Feature","properties":{"GEOID":"12007","NAME":"Bradford","state":"FL","wildfire_risk_score":80.789,"wildfire_eal_total":401547.25,"risk_band":"Low","source":"FEMA National Risk Index v1.20 (December 2025)"},"geometry":{"type":"Polygon","coordinates":[[[-82.418728,29.923093],[-82.408668,29.927051],[-82.390432,29.925572],[-82.37142,29.935229],[-82.358025,29.933574],[-82.347686,29.941734],[-82.342329,29.961317],[-82.322057,29.953988],[-82.307409,29.956156],[-82.279266,29.988649],[-82.259971,30.02809],[-82.225638,30.034264],[-82.207644,30.052717],[-82.17972,30.071224],[-82.169921,30.099203],[-82.142372,30.116303],[-82.137909,30.127354],[-82.140571,30.132723],[-82.14569,30.132037],[-82.142578,30.143117],[-82.049425,30.143136],[-82.046112,29.747129],[-82.049244,29.71867],[-82.055625,29.718232],[-82.054528,29.737562],[-82.060331,29.750443],[-82.073142,29.760361],[-82.088153,29.760931],[-82.08004,29.767038],[-82.079348,29.776005],[-82.109123,29.783085],[-82.108889,29.790713],[-82.117552,29.790595],[-82.117597,29.798188],[-82.124054,29.805289],[-82.123923,29.823686],[-82.129933,29.823675],[-82.133126,29.835949],[-82.173204,29.836976],[-82.19448,29.848521],[-82.208398,29.843949],[-82.233514,29.845297],[-82.244135,29.852392],[-82.271983,29.843199],[-82.281837,29.844448],[-82.305027,29.853171],[-82.305203,29.859924],[-82.313956,29.860145],[-82.314176,29.867604],[-82.323079,29.867233],[-82.334962,29.878714],[-82.35839,29.877371],[-82.362734,29.881462],[-82.375003,29.879433],[-82.397519,29.886069],[-82.404456,29.89575],[-82.406629,29.914054],[-82.418728,29.923093]]]}},{"type":"Feature","properties":{"GEOID":"12009","NAME":"Brevard","state":"FL","wildfire_risk_score":97.169,"wildfire_eal_total":7811077.56,"risk_band":"High","source":"FEMA National Risk Index v1.20 (December 2025)"},"geometry":{"type":"Polygon","coordinates":[[[-80.98725,28.612997],[-80.964463,28.613001],[-80.967895,28.790197],[-80.7329248249869,28.7912445868159],[-80.61679,28.634561],[-80.57424,28.585339],[-80.560973,28.530736],[-80.525224,28.455029],[-80.528962,28.449696],[-80.563782,28.435798],[-80.578105,28.423075],[-80.597508,28.385516],[-80.606204,28.339014],[-80.606823,28.296404],[-80.594164,28.195864],[-80.557853,28.071825],[-80.508871,27.970477],[-80.446973,27.861954],[-80.454033,27.854797],[-80.491079,27.854601],[-80.509075,27.822058],[-80.868881,27.822522],[-80.870135,28.057077],[-80.869313,28.084727],[-80.862877,28.084745],[-80.862815,28.347221],[-80.873907,28.36158],[-80.872792,28.369612],[-80.881501,28.374586],[-80.879604,28.380421],[-80.888388,28.385468],[-80.88299,28.408156],[-80.896538,28.418746],[-80.90118,28.433158],[-80.890172,28.445285],[-80.898346,28.455084],[-80.893446,28.460068],[-80.894522,28.467039],[-80.870796,28.471355],[-80.875871,28.490068],[-80.884077,28.494867],[-80.880155,28.501165],[-80.885741,28.510312],[-80.90663,28.51161],[-80.911412,28.524569],[-80.917517,28.522983],[-80.923377,28.532728],[-80.939311,28.535018],[-80.938975,28.542024],[-80.932091,28.542893],[-80.934086,28.559333],[-80.930043,28.563217],[-80.947146,28.584969],[-80.943344,28.593668],[-80.952222,28.604244],[-80.967922,28.604272],[-80.970987,28.611155],[-80.975587,28.607838],[-80.98725,28.612997]]]}},{"type":"Feature","properties":{"GEOID":"12131","NAME":"Walton","state":"FL","wildfire_risk_score":75.668,"wildfire_eal_total":254684.35,"risk_band":"Low","source":"FEMA National Risk Index v1.20 (December 2025)"},"geometry":{"type":"Polygon","coordinates":[[[-86.397205,30.385581],[-86.3886460004315,30.9941810207682],[-86.035039,30.99332],[-86.037591,30.704572],[-85.844421,30.70313],[-85.865821,30.691146],[-85.863308,30.68549],[-85.867344,30.680492],[-85.875493,30.680836],[-85.870913,30.669634],[-85.875612,30.668466],[-85.867122,30.66313],[-85.890601,30.656452],[-85.896987,30.645705],[-85.901395,30.64759],[-85.915174,30.636974],[-85.91104,30.630867],[-85.913367,30.616374],[-85.908276,30.612476],[-85.915921,30.596788],[-85.909406,30.598012],[-85.909458,30.586877],[-85.89535,30.58635],[-85.893485,30.580814],[-85.889052,30.581537],[-85.890553,30.563845],[-85.879827,30.556205],[-85.877278,30.53195],[-85.880595,30.534983],[-85.887063,30.527957],[-85.882365,30.520951],[-85.887563,30.518546],[-85.879126,30.512158],[-85.883821,30.507842],[-85.878047,30.504366],[-85.868244,30.50704],[-85.865745,30.498277],[-85.858001,30.496905],[-85.859769,30.490134],[-85.871479,30.482134],[-85.87802,30.466845],[-85.886454,30.465917],[-85.885732,30.471509],[-85.889359,30.47114],[-85.90272,30.442441],[-85.916153,30.438502],[-85.933193,30.444887],[-85.952825,30.44417],[-85.963701,30.439935],[-85.969113,30.431105],[-85.968872,30.435754],[-85.979221,30.432579],[-85.98659,30.423515],[-85.983727,30.418482],[-85.993596,30.405082],[-85.9959271127585,30.2691392913069],[-86.188741,30.334188],[-86.313998,30.36639],[-86.3973611301775,30.3786613877174],[-86.397205,30.385581]]]}},{"type":"Feature","properties":{"GEOID":"12053","NAME":"Hernando","state":"FL","wildfire_risk_score":88.009,"wildfire_eal_total":869754.77,"risk_band":"Moderate","source":"FEMA National Risk Index v1.20 (December 2025)"},"geometry":{"type":"Polygon","coordinates":[[[-82.681222,28.464239],[-82.669993,28.468337],[-82.666698,28.475596],[-82.66639,28.49733],[-82.678187,28.499332],[-82.668917,28.507686],[-82.66804,28.528199],[-82.654894,28.532747],[-82.652755,28.537758],[-82.663128,28.550769],[-82.66165,28.554143],[-82.65228,28.552165],[-82.656219,28.57538],[-82.644269,28.584178],[-82.648059,28.590724],[-82.655362,28.592297],[-82.655418,28.604404],[-82.66375,28.60537],[-82.653251,28.616256],[-82.671024,28.628704],[-82.672882,28.641205],[-82.667966,28.647531],[-82.677711,28.654831],[-82.675294,28.661035],[-82.667966,28.663174],[-82.669393,28.669221],[-82.658459,28.670681],[-82.655132,28.680482],[-82.668034,28.683285],[-82.667253,28.691741],[-82.6745857464645,28.6940608503586],[-82.418353,28.694859],[-82.417785,28.665898],[-82.263052,28.667634],[-82.266537,28.660712],[-82.274006,28.660683],[-82.273605,28.653797],[-82.267007,28.648131],[-82.256811,28.64883],[-82.260155,28.635044],[-82.246069,28.626919],[-82.241931,28.612998],[-82.22165,28.593239],[-82.213724,28.575363],[-82.208184,28.572054],[-82.191994,28.574822],[-82.186603,28.568582],[-82.166835,28.563981],[-82.156164,28.57335],[-82.138025,28.565516],[-82.128639,28.544941],[-82.119073,28.540726],[-82.109423,28.543838],[-82.09498,28.523618],[-82.070343,28.531919],[-82.054469,28.521367],[-82.054694,28.478397],[-82.253293,28.478491],[-82.253439,28.434824],[-82.6698903209957,28.4335756565858],[-82.664633,28.452047],[-82.681222,28.464239]]]}},{"type":"Feature","properties":{"GEOID":"12047","NAME":"Hamilton","state":"FL","wildfire_risk_score":69.275,"wildfire_eal_total":105781.17,"risk_band":"Low","source":"FEMA National Risk Index v1.20 (December 2025)"},"geometry":{"type":"Polygon","coordinates":[[[-83.3092496470182,30.6344048972559],[-82.6895389472297,30.5977337059943],[-82.706656,30.584318],[-82.70489,30.57671],[-82.71703,30.569648],[-82.71692,30.564366],[-82.723943,30.564888],[-82.726908,30.558267],[-82.720785,30.553713],[-82.722544,30.547948],[-82.714528,30.531842],[-82.727628,30.530548],[-82.728622,30.525707],[-82.723031,30.517367],[-82.718396,30.521023],[-82.715014,30.505468],[-82.705974,30.504152],[-82.706068,30.492392],[-82.696663,30.489418],[-82.701802,30.477713],[-82.67733,30.471935],[-82.675934,30.464738],[-82.680494,30.461474],[-82.663281,30.452054],[-82.662931,30.448789],[-82.672895,30.448571],[-82.659099,30.440696],[-82.652749,30.42944],[-82.653899,30.422012],[-82.645768,30.407992],[-82.647048,30.395129],[-82.657814,30.391489],[-82.659887,30.381922],[-82.665421,30.379245],[-82.662281,30.370351],[-82.686949,30.353336],[-82.681473,30.342805],[-82.689922,30.333109],[-82.703126,30.332614],[-82.71643,30.321242],[-82.724914,30.328483],[-82.724638,30.333796],[-82.73655,30.328351],[-82.745411,30.317369],[-82.760754,30.324255],[-82.763316,30.330924],[-82.777752,30.323257],[-82.788503,30.324013],[-82.793158,30.327624],[-82.792125,30.335889],[-82.803943,30.345399],[-82.810906,30.33704],[-82.832247,30.34677],[-82.844246,30.340904],[-82.852611,30.349004],[-82.851928,30.356909],[-82.855085,30.353234],[-82.872092,30.366364],[-82.885102,30.365295],[-82.893357,30.374622],[-82.888943,30.386094],[-82.905758,30.388105],[-82.902484,30.385445],[-82.90836,30.380079],[-82.931525,30.390388],[-82.939047,30.399993],[-82.948775,30.401002],[-82.947608,30.40661],[-82.9559,30.413486],[-82.982742,30.419009],[-82.984849,30.425514],[-83.00422,30.431933],[-83.007856,30.422514],[-83.034304,30.43085],[-83.060323,30.430065],[-83.070572,30.424466],[-83.076016,30.426004],[-83.082017,30.442865],[-83.084116,30.438071],[-83.122103,30.43261],[-83.134548,30.419156],[-83.141643,30.422659],[-83.15545,30.416824],[-83.158412,30.400525],[-83.165406,30.398581],[-83.164311,30.393151],[-83.170969,30.385225],[-83.178382,30.393165],[-83.174791,30.398314],[-83.180033,30.41016],[-83.194777,30.416946],[-83.206163,30.412141],[-83.209417,30.420976],[-83.215279,30.418257],[-83.222208,30.423531],[-83.217482,30.44677],[-83.222788,30.452097],[-83.217659,30.455857],[-83.217797,30.464226],[-83.243599,30.472984],[-83.244987,30.492056],[-83.240802,30.49334],[-83.240564,30.505932],[-83.246106,30.512457],[-83.238938,30.518022],[-83.249012,30.531636],[-83.247332,30.541043],[-83.260807,30.552821],[-83.256016,30.562228],[-83.261937,30.568896],[-83.262733,30.580955],[-83.2566,30.587434],[-83.269107,30.622204],[-83.275647,30.628725],[-83.3092496470182,30.6344048972559]]]}},{"type":"Feature","properties":{"GEOID":"12065","NAME":"Jefferson","state":"FL","wildfire_risk_score":71.342,"wildfire_eal_total":114341.54,"risk_band":"Low","source":"FEMA National Risk Index v1.20 (December 2025)"},"geometry":{"type":"Polygon","coordinates":[[[-84.076229,30.12529],[-84.074691,30.434302],[-84.041488,30.463308],[-84.041152,30.521901],[-83.977424,30.522234],[-83.987003,30.54711],[-83.979013,30.550593],[-83.998023,30.571471],[-84.003088,30.606956],[-84.007687,30.609299],[-84.007454,30.6721003570368],[-83.6117200011691,30.6512579664548],[-83.612122,30.638736],[-83.604401,30.638236],[-83.604186,30.581916],[-83.62073,30.58198],[-83.621189,30.567351],[-83.637343,30.567471],[-83.637412,30.552671],[-83.671117,30.552861],[-83.671073,30.53802],[-83.704293,30.538094],[-83.70436,30.523021],[-83.726036,30.522951],[-83.72997,30.518751],[-83.736411,30.502072],[-83.726966,30.48775],[-83.728933,30.472733],[-83.723944,30.461198],[-83.728339,30.45459],[-83.72172,30.434354],[-83.751073,30.407598],[-83.757261,30.385467],[-83.783186,30.378863],[-83.790023,30.390285],[-83.804607,30.376903],[-83.807559,30.348728],[-83.799212,30.346872],[-83.787107,30.331672],[-83.792544,30.319186],[-83.801258,30.315343],[-83.815707,30.317063],[-83.820521,30.313144],[-83.820267,30.299667],[-83.837652,30.280764],[-83.861386,30.270861],[-83.879667,30.26902],[-83.902584,30.247456],[-83.915827,30.245152],[-83.916027,30.234346],[-83.921615,30.228567],[-83.91658,30.22529],[-83.9174,30.217565],[-83.925769,30.204359],[-83.925453,30.19286],[-83.951299,30.186282],[-83.957794,30.162037],[-83.963083,30.157511],[-83.960354,30.152398],[-83.97306,30.146037],[-83.968628,30.13617],[-83.992184,30.096208],[-83.9913855796933,30.0860221582292],[-83.996537,30.08172],[-84.002003,30.085216],[-84.001528,30.094676],[-84.024274,30.103271],[-84.06299,30.101378],[-84.0760425771092,30.0954641099777],[-84.076229,30.12529]]]}},{"type":"Feature","properties":{"GEOID":"12031","NAME":"Duval","state":"FL","wildfire_risk_score":89.917,"wildfire_eal_total":1371418.46,"risk_band":"Moderate","source":"FEMA National Risk Index v1.20 (December 2025)"},"geometry":{"type":"Polygon","coordinates":[[[-82.049331,30.27334],[-81.809526,30.484537],[-81.794918,30.505406],[-81.781624,30.503336],[-81.765316,30.518652],[-81.763748,30.534916],[-81.746923,30.530819],[-81.738424,30.534572],[-81.737488,30.545938],[-81.734135,30.546185],[-81.737779,30.549861],[-81.733106,30.552258],[-81.736311,30.557089],[-81.729813,30.558256],[-81.730935,30.562417],[-81.726786,30.559444],[-81.729104,30.565445],[-81.721883,30.571934],[-81.703935,30.56736],[-81.704592,30.563643],[-81.69756,30.569643],[-81.695521,30.56317],[-81.692095,30.567172],[-81.677568,30.562139],[-81.673941,30.566187],[-81.669397,30.563301],[-81.672938,30.560085],[-81.667833,30.560671],[-81.673006,30.556601],[-81.663733,30.550842],[-81.658633,30.552831],[-81.663742,30.55857],[-81.649898,30.576624],[-81.624513,30.586232],[-81.614382,30.58018],[-81.604313,30.584029],[-81.611002,30.575938],[-81.60146,30.567665],[-81.614177,30.563052],[-81.60963,30.553965],[-81.584406,30.565988],[-81.588915,30.549047],[-81.58541,30.544206],[-81.567809,30.536636],[-81.550926,30.543027],[-81.550778,30.531562],[-81.543018,30.523889],[-81.526312,30.531175],[-81.519948,30.543645],[-81.523814,30.556337],[-81.514014,30.567337],[-81.499575,30.563793],[-81.484397,30.537444],[-81.4555495877088,30.5220161376224],[-81.455926,30.513383],[-81.432395,30.487224],[-81.413197,30.482909],[-81.408082,30.434638],[-81.412475,30.422891],[-81.40371,30.409094],[-81.403678,30.40477],[-81.411581,30.402181],[-81.402998,30.394585],[-81.393469,30.395553],[-81.397569,30.379488],[-81.396203,30.331086],[-81.3798769128199,30.2529135364396],[-81.436929,30.252335],[-81.433783,30.105536],[-81.538707,30.103748],[-81.539009,30.119942],[-81.567787,30.117789],[-81.580882,30.1261],[-81.612312,30.132941],[-81.623688,30.133633],[-81.650514,30.121541],[-81.680215,30.12124],[-81.692116,30.14474],[-81.690516,30.17194],[-81.679626,30.190495],[-81.73349,30.193466],[-81.738924,30.189321],[-82.049411,30.186933],[-82.049331,30.27334]]]}},{"type":"Feature","properties":{"GEOID":"12117","NAME":"Seminole","state":"FL","wildfire_risk_score":92.335,"wildfire_eal_total":2489877.88,"risk_band":"High","source":"FEMA National Risk Index v1.20 (December 2025)"},"geometry":{"type":"Polygon","coordinates":[[[-81.459689,28.644357],[-81.459524,28.713264],[-81.44142,28.715096],[-81.42277,28.736915],[-81.41646,28.755697],[-81.416846,28.824569],[-81.382965,28.851994],[-81.374115,28.869764],[-81.366296,28.873602],[-81.36694,28.879227],[-81.360668,28.872459],[-81.364651,28.865692],[-81.352123,28.862316],[-81.358027,28.847804],[-81.341547,28.847053],[-81.320473,28.83453],[-81.225678,28.832453],[-81.224627,28.821585],[-81.215898,28.814423],[-81.213717,28.804212],[-81.197369,28.79192],[-81.181915,28.797168],[-81.178936,28.781886],[-81.160376,28.790862],[-81.136167,28.792222],[-81.140407,28.795966],[-81.129287,28.799454],[-81.131191,28.805741],[-81.123142,28.814125],[-81.126237,28.821441],[-81.120502,28.825677],[-81.10575,28.828541],[-81.098726,28.821917],[-81.091942,28.824653],[-81.085254,28.815949],[-81.076085,28.819325],[-81.067413,28.812989],[-81.067445,28.803037],[-81.059173,28.794941],[-81.053087,28.773557],[-81.060562,28.761994],[-81.06111,28.750001],[-81.036042,28.724104],[-81.034741,28.709387],[-81.016646,28.693037],[-81.021287,28.674253],[-81.007231,28.663451],[-81.001225,28.641053],[-81.007099,28.636326],[-80.994218,28.621649],[-80.989073,28.624748],[-80.98725,28.612997],[-81.327888,28.610501],[-81.32848,28.639628],[-81.459728,28.640196],[-81.459689,28.644357]]]}},{"type":"Feature","properties":{"GEOID":"12041","NAME":"Gilchrist","state":"FL","wildfire_risk_score":77.226,"wildfire_eal_total":233120.15,"risk_band":"Low","source":"FEMA National Risk Index v1.20 (December 2025)"},"geometry":{"type":"Polygon","coordinates":[[[-82.973054,29.624281],[-82.956018,29.640144],[-82.957077,29.656551],[-82.951819,29.659814],[-82.959135,29.670023],[-82.954325,29.67763],[-82.959408,29.684317],[-82.957376,29.700496],[-82.937199,29.70272],[-82.956591,29.718718],[-82.954458,29.722452],[-82.944278,29.715212],[-82.943282,29.721821],[-82.949689,29.726283],[-82.93834,29.746486],[-82.939853,29.753167],[-82.949707,29.754409],[-82.947623,29.766113],[-82.934999,29.786398],[-82.91984,29.795714],[-82.933417,29.801454],[-82.935355,29.809455],[-82.923828,29.823368],[-82.91231,29.820766],[-82.893371,29.826839],[-82.888403,29.850115],[-82.875542,29.866955],[-82.876033,29.884398],[-82.879802,29.886847],[-82.871725,29.898452],[-82.866765,29.898756],[-82.863266,29.91105],[-82.831473,29.912808],[-82.808508,29.933079],[-82.795074,29.931465],[-82.791139,29.935479],[-82.780486,29.925753],[-82.769861,29.927813],[-82.774296,29.911702],[-82.765352,29.908196],[-82.769383,29.898224],[-82.758321,29.89874],[-82.753646,29.893499],[-82.752854,29.880206],[-82.732941,29.85647],[-82.708953,29.847266],[-82.704555,29.838645],[-82.693668,29.834216],[-82.658554,29.830144],[-82.656301,29.564811],[-82.756458,29.562467],[-82.756868,29.57768],[-82.773025,29.577647],[-82.77291,29.584879],[-82.856518,29.584243],[-82.856612,29.591315],[-82.94181,29.59322],[-82.952162,29.584474],[-82.963706,29.603365],[-82.97216,29.608969],[-82.967701,29.616548],[-82.973054,29.624281]]]}},{"type":"Feature","properties":{"GEOID":"12013","NAME":"Calhoun","state":"FL","wildfire_risk_score":59.637,"wildfire_eal_total":61338.23,"risk_band":"Low","source":"FEMA National Risk Index v1.20 (December 2025)"},"geometry":{"type":"Polygon","coordinates":[[[-85.389656,30.248992],[-85.383948,30.566856],[-85.171891,30.564336],[-85.167713,30.608026],[-84.932519,30.606393],[-84.944919,30.595493],[-84.944318,30.581694],[-84.965418,30.580194],[-84.961518,30.565094],[-84.973718,30.552994],[-84.992279,30.519315],[-84.994463,30.489076],[-85.004307,30.476211],[-84.988313,30.472118],[-84.986909,30.465714],[-84.999916,30.456199],[-85.001534,30.449781],[-84.981229,30.444129],[-85.015176,30.434361],[-85.032931,30.420299],[-85.029424,30.413008],[-85.013656,30.410648],[-85.029885,30.403269],[-85.027413,30.398196],[-85.015566,30.396172],[-85.014607,30.387394],[-85.024635,30.3763],[-85.03124,30.378658],[-85.040199,30.372089],[-85.038574,30.365629],[-85.026007,30.363043],[-85.041417,30.354535],[-85.049968,30.338167],[-85.044271,30.328789],[-85.046271,30.32017],[-85.03429,30.312478],[-85.048148,30.312669],[-85.047448,30.303067],[-85.05692,30.303458],[-85.052777,30.287406],[-85.059282,30.285401],[-85.057996,30.27609],[-85.063951,30.270863],[-85.059712,30.261548],[-85.067742,30.258765],[-85.070031,30.249392],[-85.078711,30.248844],[-85.083429,30.237155],[-85.079847,30.229715],[-85.091024,30.229694],[-85.09091,30.222418],[-85.099512,30.219657],[-85.101812,30.211739],[-85.11137,30.218005],[-85.109917,30.209301],[-85.11823,30.210491],[-85.11566,30.199976],[-85.389679,30.200973],[-85.389656,30.248992]]]}},{"type":"Feature","properties":{"GEOID":"12103","NAME":"Pinellas","state":"FL","wildfire_risk_score":81.139,"wildfire_eal_total":376945.54,"risk_band":"Low","source":"FEMA National Risk Index v1.20 (December 2025)"},"geometry":{"type":"MultiPolygon","coordinates":[[[[-82.69547,27.665486],[-82.693907,27.668738],[-82.685555,27.664742],[-82.695062,27.661584],[-82.69547,27.665486]]],[[[-82.843374,28.119538],[-82.838145,28.12939],[-82.832237,28.129057],[-82.839809,28.119329],[-82.832405,28.106716],[-82.842743,28.111225],[-82.843374,28.119538]]],[[[-82.847773,28.171682],[-82.8430268926063,28.1717337038355],[-82.842651,28.163849],[-82.846601,28.165307],[-82.847773,28.171682]]],[[[-82.852168,27.885972],[-82.842899,27.93386],[-82.832679,27.958005],[-82.828163,28.02013],[-82.818497,28.048696],[-82.813664,28.03125],[-82.816279,28.011947],[-82.809148,28.006491],[-82.817705,27.996628],[-82.810812,27.982566],[-82.810812,27.969552],[-82.80487,27.965983],[-82.786064,28.047945],[-82.822304,28.054069],[-82.834105,28.063764],[-82.838621,28.079492],[-82.836244,28.091864],[-82.82531,28.078654],[-82.825553,28.063735],[-82.812487,28.061778],[-82.800354,28.052647],[-82.783479,28.052647],[-82.786569,28.065232],[-82.779201,28.072782],[-82.783676,28.079898],[-82.780344,28.097064],[-82.783575,28.110022],[-82.778313,28.121585],[-82.783915,28.124131],[-82.785182,28.142422],[-82.79398,28.160865],[-82.798181,28.160987],[-82.794341,28.165607],[-82.800882,28.17091],[-82.651165,28.173266],[-82.6485277932049,28.0181267990881],[-82.655132,28.016773],[-82.657882,28.00017],[-82.663556,27.99987],[-82.66765,28.016348],[-82.665352,28.028103],[-82.676998,28.032928],[-82.690071,28.027473],[-82.675572,28.005442],[-82.692685,27.983825],[-82.693685,27.976071],[-82.688654,27.972986],[-82.700134,27.960307],[-82.721801,27.954613],[-82.724881,27.945752],[-82.720047,27.940991],[-82.725855,27.93622],[-82.702958,27.923942],[-82.688902,27.924401],[-82.684285,27.915829],[-82.651495,27.906522],[-82.645456,27.910129],[-82.638423,27.90463],[-82.629653,27.906965],[-82.638257,27.892904],[-82.616469,27.880844],[-82.603318,27.865172],[-82.596394,27.864081],[-82.598443,27.857582],[-82.588746,27.83043],[-82.594406,27.825221],[-82.587625,27.81901],[-82.605828,27.80307],[-82.607091,27.792888],[-82.62242,27.789194],[-82.623979,27.760373],[-82.63052,27.753905],[-82.623201,27.744578],[-82.627187,27.741061],[-82.62572,27.727006],[-82.63982,27.703907],[-82.652521,27.700307],[-82.677321,27.706207],[-82.679828,27.694886],[-82.680326,27.705783],[-82.68912,27.69947],[-82.697676,27.701996],[-82.698627,27.708098],[-82.713363,27.703679],[-82.719611,27.67407],[-82.724315,27.673319],[-82.723693,27.662357],[-82.712555,27.646647],[-82.714756,27.642887],[-82.70796,27.630129],[-82.698203,27.637786],[-82.705017,27.62531],[-82.736983,27.612636],[-82.735847,27.624894],[-82.745339,27.653777],[-82.738386,27.683681],[-82.740323,27.718206],[-82.790534,27.791048],[-82.828561,27.822254],[-82.846526,27.854301],[-82.852168,27.885972]]]]}},{"type":"Feature","properties":{"GEOID":"12057","NAME":"Hillsborough","state":"FL","wildfire_risk_score":95.674,"wildfire_eal_total":4351483.43,"risk_band":"High","source":"FEMA National Risk Index v1.20 (December 2025)"},"geometry":{"type":"MultiPolygon","coordinates":[[[[-82.420554,27.846539],[-82.40605,27.849954],[-82.405218,27.849009],[-82.419878,27.843628],[-82.420554,27.846539]]],[[[-82.43746,27.867023],[-82.435448,27.884199],[-82.424622,27.884199],[-82.424278,27.868217],[-82.429779,27.863234],[-82.43746,27.867023]]],[[[-82.440982,27.835961],[-82.431221,27.838608],[-82.43222,27.822289],[-82.441689,27.823534],[-82.440982,27.835961]]],[[[-82.576403,27.637754],[-82.572698,27.636943],[-82.5726353851295,27.6368727092786],[-82.5766945787129,27.6350782198384],[-82.576403,27.637754]]],[[[-82.651165,28.173266],[-82.056261,28.171592],[-82.054349,27.646382],[-82.5540885876195,27.6458028420481],[-82.514265,27.705588],[-82.494891,27.718963],[-82.476714,27.723687],[-82.481419,27.743366],[-82.463242,27.750692],[-82.460386,27.747609],[-82.442638,27.757543],[-82.428744,27.77311],[-82.435753,27.775413],[-82.419239,27.792394],[-82.411817,27.793981],[-82.410493,27.810729],[-82.385854,27.819651],[-82.39468,27.833012],[-82.392403,27.846052],[-82.396481,27.844991],[-82.397831,27.853842],[-82.40438,27.857817],[-82.402615,27.882602],[-82.415318,27.900378],[-82.432895,27.898848],[-82.442434,27.915282],[-82.449016,27.907124],[-82.46053,27.908439],[-82.461894,27.938602],[-82.490417,27.919806],[-82.491717,27.914706],[-82.48812,27.895267],[-82.480739,27.889302],[-82.488466,27.863183],[-82.46884,27.843295],[-82.47244,27.822559],[-82.489849,27.822607],[-82.528522,27.836634],[-82.533889,27.832925],[-82.537514,27.835655],[-82.535163,27.840833],[-82.547817,27.851452],[-82.554572,27.847961],[-82.552918,27.862702],[-82.538618,27.864901],[-82.529918,27.877501],[-82.530929,27.886212],[-82.541539,27.884389],[-82.542354,27.890514],[-82.532053,27.895987],[-82.5359,27.900799],[-82.530776,27.905029],[-82.535373,27.918154],[-82.531643,27.936412],[-82.543921,27.940601],[-82.540453,27.94704],[-82.553918,27.966998],[-82.57337,27.963044],[-82.566295,27.972455],[-82.568632,27.97553],[-82.602417,27.982301],[-82.622588,28.000144],[-82.636496,28.00588],[-82.640472,28.016799],[-82.6485277932049,28.0181267990881],[-82.651165,28.173266]]],[[[-82.764241,27.591285],[-82.761494,27.603077],[-82.756101,27.576085],[-82.763319,27.582146],[-82.764241,27.591285]]]]}},{"type":"Feature","properties":{"GEOID":"12075","NAME":"Levy","state":"FL","wildfire_risk_score":87.277,"wildfire_eal_total":552226.95,"risk_band":"Moderate","source":"FEMA National Risk Index v1.20 (December 2025)"},"geometry":{"type":"MultiPolygon","coordinates":[[[[-83.034469,29.125343],[-83.027814,29.127004],[-83.024011,29.119322],[-83.034469,29.121813],[-83.034469,29.125343]]],[[[-83.034469,29.099594],[-83.030666,29.098971],[-83.025912,29.096271],[-83.03405,29.095547],[-83.034469,29.099594]]],[[[-83.075959,29.101632],[-83.061802,29.102502],[-83.059928,29.09966],[-83.065367,29.095648],[-83.075959,29.101632]]],[[[-83.093413,29.131779],[-83.088422,29.134894],[-83.082604,29.128917],[-83.085651,29.12019],[-83.090253,29.118715],[-83.093413,29.131779]]],[[[-83.164817,29.289161],[-83.158063,29.302239],[-83.148028,29.307769],[-83.142026,29.322592],[-83.112947,29.318141],[-83.111888,29.324684],[-83.10452,29.32544],[-83.098798,29.336865],[-83.090389,29.332753],[-83.06167,29.348374],[-83.061415,29.352683],[-83.072051,29.353862],[-83.062248,29.364229],[-83.064654,29.373979],[-83.045386,29.380682],[-83.033861,29.390551],[-83.032957,29.397947],[-83.02325,29.398564],[-83.025869,29.405685],[-83.022217,29.414427],[-83.026881,29.418946],[-83.017179,29.418875],[-83.016067,29.422704],[-83.021184,29.431196],[-82.999847,29.463253],[-82.989937,29.463345],[-82.984923,29.469077],[-82.982878,29.515444],[-82.97268,29.517266],[-82.969401,29.522315],[-82.978557,29.531868],[-82.977347,29.539893],[-82.947901,29.557531],[-82.944462,29.582302],[-82.937329,29.591196],[-82.856612,29.591315],[-82.856518,29.584243],[-82.77291,29.584879],[-82.773025,29.577647],[-82.756868,29.57768],[-82.756458,29.562467],[-82.656301,29.564811],[-82.656331,29.53562],[-82.557106,29.537466],[-82.556766,29.480055],[-82.496331,29.478371],[-82.496247,29.485499],[-82.40662,29.485048],[-82.403237,29.215623],[-82.53486,29.21468],[-82.535591,29.044855],[-82.576974,29.028065],[-82.596641,29.029178],[-82.602131,29.013451],[-82.607473,29.010443],[-82.618224,29.01029],[-82.640988,29.021461],[-82.675472,29.026196],[-82.677095,29.03056],[-82.689814,29.033962],[-82.702833,29.032821],[-82.716921,29.027904],[-82.727945,29.014914],[-82.741897,29.011415],[-82.760551,28.993087],[-82.764055,28.999707],[-82.753513,29.026496],[-82.761612,29.051609],[-82.777061,29.057427],[-82.80487,29.05431],[-82.783479,29.069269],[-82.816925,29.076215],[-82.814615,29.087133],[-82.82019,29.087216],[-82.823659,29.098902],[-82.80178,29.116622],[-82.808446,29.125612],[-82.804736,29.146624],[-82.813902,29.162502],[-82.834216,29.15492],[-82.858179,29.162275],[-82.876396,29.159415],[-82.922613,29.169769],[-82.945302,29.167821],[-82.994776,29.175162],[-83.00318,29.157317],[-83.016643,29.150463],[-83.016405,29.13863],[-83.034435,29.133466],[-83.041361,29.137592],[-83.05316,29.126747],[-83.056867,29.146263],[-83.060851,29.147972],[-83.064654,29.142367],[-83.068249,29.153135],[-83.067744,29.178897],[-83.087839,29.21642],[-83.082084,29.239327],[-83.074734,29.247975],[-83.077265,29.255331],[-83.09721,29.272342],[-83.125567,29.278845],[-83.151531,29.291966],[-83.161568,29.2857],[-83.164817,29.289161]]]]}},{"type":"Feature","properties":{"GEOID":"12086","NAME":"Miami-Dade","state":"FL","wildfire_risk_score":96.851,"wildfire_eal_total":5195708.87,"risk_band":"High","source":"FEMA National Risk Index v1.20 (December 2025)"},"geometry":{"type":"MultiPolygon","coordinates":[[[[-80.176276,25.525054],[-80.17395,25.525375],[-80.17268,25.522087],[-80.17706,25.521704],[-80.176276,25.525054]]],[[[-80.258601,25.359611],[-80.25543,25.380739],[-80.246391,25.388274],[-80.236602,25.389272],[-80.249491,25.395046],[-80.24229,25.399118],[-80.234794,25.393991],[-80.235274,25.401275],[-80.216523,25.405987],[-80.20922,25.41437],[-80.212016,25.428105],[-80.201305,25.4413],[-80.181355,25.490554],[-80.189384,25.49713],[-80.189723,25.504092],[-80.1807,25.506407],[-80.175744,25.517714],[-80.176668,25.485896],[-80.189897,25.461397],[-80.203829,25.414497],[-80.231387,25.387421],[-80.22912,25.383186],[-80.241391,25.355563],[-80.239341,25.350586],[-80.250282,25.344791],[-80.258601,25.359611]]],[[[-80.303522,25.38012],[-80.298175,25.38216],[-80.293678,25.385452],[-80.295002,25.376714],[-80.303522,25.38012]]],[[[-80.303541,25.406007],[-80.300239,25.406652],[-80.299741,25.405385],[-80.301963,25.403001],[-80.303541,25.406007]]],[[[-80.624794,25.182807],[-80.621467,25.183668],[-80.609847,25.182407],[-80.614448,25.175779],[-80.624794,25.182807]]],[[[-80.873096,25.805377],[-80.872932,25.979434],[-80.680038,25.978749],[-80.680016,25.956857],[-80.294972,25.95677],[-80.295104,25.970572],[-80.1178961449456,25.9752479199449],[-80.121008,25.813199],[-80.130845,25.764364],[-80.142851,25.750994],[-80.14514,25.741546],[-80.15937,25.73301],[-80.147602,25.723467],[-80.155889,25.698519],[-80.15293,25.671584],[-80.159427,25.666178],[-80.162633,25.674439],[-80.177309,25.686598],[-80.166868,25.701083],[-80.17243,25.709565],[-80.154256,25.723214],[-80.175116,25.74445],[-80.202632,25.748207],[-80.214358,25.738303],[-80.233058,25.731683],[-80.249122,25.713383],[-80.245111,25.698416],[-80.267332,25.658979],[-80.272002,25.639191],[-80.286321,25.620062],[-80.298273,25.621615],[-80.305395,25.615908],[-80.308545,25.595269],[-80.302674,25.569497],[-80.313443,25.537376],[-80.330423,25.530735],[-80.335823,25.50965],[-80.332676,25.504067],[-80.339773,25.500249],[-80.340542,25.49223],[-80.340026,25.467888],[-80.334084,25.464242],[-80.336942,25.456187],[-80.330637,25.450658],[-80.329056,25.440531],[-80.320442,25.437153],[-80.328222,25.416104],[-80.327924,25.396835],[-80.319803,25.389139],[-80.305424,25.387744],[-80.313785,25.367152],[-80.3228,25.361467],[-80.342602,25.331546],[-80.342275,25.323259],[-80.349313,25.321012],[-80.351642,25.325815],[-80.363091,25.328099],[-80.37064,25.323219],[-80.373669,25.309526],[-80.379021,25.305895],[-80.379136596166,25.288301994072],[-80.385878,25.291078],[-80.398119,25.276786],[-80.3978630482615,25.2534798450631],[-80.410955,25.253466],[-80.418649,25.244749],[-80.41887,25.23631],[-80.435957,25.235812],[-80.435381,25.240497],[-80.443077,25.244313],[-80.444459,25.240156],[-80.467149,25.234727],[-80.468432,25.230185],[-80.476199,25.230662],[-80.482826,25.224786],[-80.493646,25.227346],[-80.494872,25.216014],[-80.487034,25.212306],[-80.48825,25.207434],[-80.500779,25.211566],[-80.497983,25.199932],[-80.519344,25.222613],[-80.529581,25.215004],[-80.539216,25.214908],[-80.539091,25.204384],[-80.547875,25.206836],[-80.548906,25.214448],[-80.562797,25.212301],[-80.558992,25.199647],[-80.565515,25.192939],[-80.577567,25.201217],[-80.576498,25.204121],[-80.570341,25.198688],[-80.563291,25.207383],[-80.579561,25.212094],[-80.584508,25.207282],[-80.58339,25.20111],[-80.59158,25.199245],[-80.594016,25.191471],[-80.609179,25.183689],[-80.603175,25.190198],[-80.605038,25.203516],[-80.625222,25.195303],[-80.630952,25.197631],[-80.638888,25.190679],[-80.652231,25.192793],[-80.663964,25.176699],[-80.637255,25.17826],[-80.63411,25.176462],[-80.646939,25.172792],[-80.656239,25.152497],[-80.652555,25.145935],[-80.673709,25.138297],[-80.674422,25.1426],[-80.655645,25.157553],[-80.653263,25.164549],[-80.65768,25.16956],[-80.669752,25.167206],[-80.670979,25.174519],[-80.677772,25.164335],[-80.678279,25.174698],[-80.698067,25.163394],[-80.697833,25.154649],[-80.705686,25.14906],[-80.70416,25.140808],[-80.717856,25.15597],[-80.726657,25.152881],[-80.723065,25.162514],[-80.732304,25.167616],[-80.730289,25.159832],[-80.737526,25.159167],[-80.74587,25.165662],[-80.747417,25.157975],[-80.722741,25.145407],[-80.74231,25.142525],[-80.755708,25.153035],[-80.75735,25.161044],[-80.768882,25.162269],[-80.77273,25.159],[-80.769493,25.144967],[-80.776821,25.13807],[-80.772036,25.14855],[-80.78315,25.165874],[-80.797243,25.159414],[-80.800526,25.142985],[-80.801981,25.152602],[-80.793544,25.176419],[-80.798037,25.181841],[-80.814593,25.18271],[-80.809883,25.168902],[-80.826359,25.160645],[-80.838886,25.175926],[-80.8578514508822,25.1766112834722],[-80.862191,25.364193],[-80.87319,25.363993],[-80.873096,25.805377]]]]}},{"type":"Feature","properties":{"GEOID":"12071","NAME":"Lee","state":"FL","wildfire_risk_score":96.628,"wildfire_eal_total":4857320.28,"risk_band":"High","source":"FEMA National Risk Index v1.20 (December 2025)"},"geometry":{"type":"MultiPolygon","coordinates":[[[[-82.183575,26.695016],[-82.17383,26.705633],[-82.158143,26.707331],[-82.125795,26.699536],[-82.103624,26.665432],[-82.098961,26.645954],[-82.08779,26.647228],[-82.082086,26.653601],[-82.091355,26.666771],[-82.084974,26.702411],[-82.066575,26.742657],[-82.0598739239255,26.7704052700131],[-81.565748,26.769601],[-81.562216,26.423158],[-81.659506,26.421077],[-81.6579,26.317563],[-81.819019,26.316245],[-81.819119,26.330424],[-81.8457752770578,26.3303814585148],[-81.868983,26.378648],[-81.884271,26.393959],[-81.882513,26.402651],[-81.893902,26.403629],[-81.912844,26.429394],[-81.963931,26.457216],[-81.968943,26.464836],[-81.955909,26.457503],[-81.956622,26.467046],[-81.969509,26.476505],[-82.012715,26.486878],[-82.007249,26.49714],[-82.00905,26.52007],[-81.998313,26.526377],[-81.998117,26.532724],[-82.005899,26.534413],[-82.038724,26.525647],[-82.044714,26.539831],[-82.05808,26.548404],[-82.071628,26.525651],[-82.056892,26.493748],[-82.105672,26.48393],[-82.100625,26.510764],[-82.109149,26.515233],[-82.102051,26.519484],[-82.112034,26.527565],[-82.122491,26.554994],[-82.121611,26.585266],[-82.132007,26.610205],[-82.138654,26.612596],[-82.144596,26.622796],[-82.147686,26.634481],[-82.142554,26.643911],[-82.169314,26.67654],[-82.181565,26.681712],[-82.183575,26.695016]]],[[[-82.224073,26.602896],[-82.21994,26.607071],[-82.214337,26.602944],[-82.187853,26.523524],[-82.179535,26.512465],[-82.17783,26.492217],[-82.170069,26.493446],[-82.168496,26.487738],[-82.149368,26.477605],[-82.128433,26.47758],[-82.088423,26.455182],[-82.076924,26.466106],[-82.062551,26.470131],[-82.032173,26.452685],[-82.013913,26.452058],[-82.063114,26.425459],[-82.082915,26.422059],[-82.126671,26.436279],[-82.148716,26.455458],[-82.172917,26.467658],[-82.186441,26.489221],[-82.205321,26.567928],[-82.220891,26.583905],[-82.224073,26.602896]]],[[[-82.262485,26.683974],[-82.25583,26.703934],[-82.246085,26.706057],[-82.24252,26.696715],[-82.245372,26.68631],[-82.234201,26.676753],[-82.238479,26.662523],[-82.223743,26.626833],[-82.218752,26.625133],[-82.221129,26.613446],[-82.248283,26.661658],[-82.262485,26.677602],[-82.262485,26.683974]]],[[[-82.2720923576117,26.7895176293629],[-82.221492,26.781754],[-82.2010205343136,26.7707662433106],[-82.205442,26.764432],[-82.230636,26.77101],[-82.249888,26.762946],[-82.261941,26.717085],[-82.2720923576117,26.7895176293629]]]]}},{"type":"Feature","properties":{"GEOID":"12113","NAME":"Santa Rosa","state":"FL","wildfire_risk_score":81.33,"wildfire_eal_total":607817.88,"risk_band":"Moderate","source":"FEMA National Risk Index v1.20 (December 2025)"},"geometry":{"type":"Polygon","coordinates":[[[-87.313908,30.848708],[-87.309138,30.863783],[-87.30153,30.863426],[-87.297633,30.87118],[-87.298438,30.881248],[-87.284486,30.887986],[-87.285454,30.903623],[-87.290506,30.908232],[-87.282179,30.9104],[-87.288664,30.915778],[-87.283213,30.918836],[-87.286882,30.925441],[-87.276758,30.925886],[-87.267582,30.934735],[-87.264871,30.930733],[-87.26045,30.935469],[-87.255998,30.931186],[-87.251834,30.943925],[-87.246059,30.942722],[-87.241221,30.94919],[-87.238295,30.958192],[-87.24183,30.96141],[-87.231431,30.968318],[-87.227635,30.961112],[-87.213203,30.962034],[-87.212993,30.966942],[-87.189251,30.976556],[-87.174958,30.98862],[-87.176004,30.996586],[-87.169126,30.993202],[-87.1636472414627,30.9990236362357],[-87.140755,30.999532],[-86.785692460564,30.9969741853795],[-86.7994809735241,30.3872241102845],[-86.9188716905368,30.3709250843817],[-86.918937,30.386514],[-86.972699,30.381113],[-87.101405,30.353146],[-87.153125,30.348375],[-87.179021,30.33593],[-87.231429,30.343309],[-87.233284,30.370331],[-87.151906,30.412598],[-87.121451,30.497419],[-87.157292,30.537953],[-87.209715,30.555266],[-87.23477,30.595813],[-87.246423,30.597934],[-87.245508,30.605841],[-87.259508,30.612049],[-87.260757,30.620289],[-87.252052,30.623584],[-87.259515,30.629929],[-87.256821,30.635309],[-87.264458,30.648683],[-87.268884,30.678573],[-87.265786,30.689049],[-87.273364,30.693521],[-87.272511,30.700552],[-87.267844,30.701073],[-87.269407,30.711687],[-87.280907,30.719363],[-87.302661,30.71937],[-87.312409,30.73477],[-87.310326,30.751662],[-87.299614,30.766108],[-87.310594,30.771708],[-87.305181,30.777235],[-87.308796,30.775968],[-87.31268,30.785521],[-87.305558,30.787275],[-87.307653,30.790869],[-87.302267,30.789442],[-87.305461,30.798574],[-87.292766,30.811283],[-87.301595,30.827992],[-87.301355,30.840696],[-87.307975,30.843009],[-87.306278,30.847987],[-87.313908,30.848708]]]}},{"type":"Feature","properties":{"GEOID":"12037","NAME":"Franklin","state":"FL","wildfire_risk_score":77.64,"wildfire_eal_total":244057.16,"risk_band":"Low","source":"FEMA National Risk Index v1.20 (December 2025)"},"geometry":{"type":"MultiPolygon","coordinates":[[[[-84.674683,29.786234],[-84.656738,29.781746],[-84.644089,29.789671],[-84.624532,29.7901],[-84.60306,29.811648],[-84.588523,29.815056],[-84.580323,29.826913],[-84.57248,29.828459],[-84.572124,29.818665],[-84.579406,29.807853],[-84.623741,29.788498],[-84.667907,29.777897],[-84.674683,29.786234]]],[[[-85.097168,29.626242],[-85.069018,29.609441],[-85.027047,29.596726],[-85.015745,29.598174],[-85.013376,29.604277],[-84.981498,29.608642],[-84.948404,29.622598],[-84.928047,29.638249],[-84.92404,29.646889],[-84.903815,29.648737],[-84.867845,29.666824],[-84.867645,29.670954],[-84.7905,29.689521],[-84.797802,29.694835],[-84.798587,29.702074],[-84.782212,29.692606],[-84.777278,29.695864],[-84.777208,29.707398],[-84.725767,29.736089],[-84.696668,29.770709],[-84.692027,29.764924],[-84.776954,29.692191],[-84.870055,29.658723],[-84.956452,29.613997],[-85.045074,29.586991],[-85.097168,29.626242]]],[[[-85.206226,29.711188],[-85.109401,29.776793],[-85.078222,29.768616],[-85.072638,29.770811],[-85.064765,29.787026],[-85.048536,29.77808],[-85.040078,29.779346],[-85.034344,29.795061],[-85.020534,29.807373],[-85.019693,29.819874],[-85.032573,29.83007],[-85.041214,29.875852],[-85.054359,29.90186],[-85.04118,29.931151],[-85.040208,29.928026],[-85.029642,29.931096],[-85.033239,29.937235],[-85.026215,29.944588],[-85.02647,29.952836],[-85.017939,29.950973],[-85.025439,29.971399],[-85.005321,30.00925],[-85.007626,30.013883],[-84.54445,30.01103],[-84.548871,30.007087],[-84.542419,30.002445],[-84.531218,30.007366],[-84.525007,30.005221],[-84.51896,29.995129],[-84.525393,29.983709],[-84.521743,29.98075],[-84.512102,29.982039],[-84.51413,29.989076],[-84.487087,29.988457],[-84.470202,30.002501],[-84.459675,29.993376],[-84.456892,29.972685],[-84.449482,29.973344],[-84.443417,29.982177],[-84.432566,29.976198],[-84.441994,29.96785],[-84.438904,29.960232],[-84.426188,29.960026],[-84.417816,29.9655],[-84.404322,29.95982],[-84.384133,29.961375],[-84.372116,29.952509],[-84.35591,29.953099],[-84.336511,29.942508],[-84.335953,29.912962],[-84.34446,29.899025],[-84.351705,29.896376],[-84.380861,29.893712],[-84.423336,29.903279],[-84.440805,29.912962],[-84.451705,29.929085],[-84.470323,29.924524],[-84.492025,29.909872],[-84.505994,29.916413],[-84.535873,29.910092],[-84.603303,29.876117],[-84.652697,29.84351],[-84.65645,29.834277],[-84.668284,29.837302],[-84.674423,29.830147],[-84.692053,29.829059],[-84.755595,29.78854],[-84.868271,29.742454],[-84.881777,29.733882],[-84.888031,29.722406],[-84.902142,29.73532],[-84.88618,29.76544],[-84.871125,29.781333],[-84.870649,29.797113],[-84.882058,29.796494],[-84.885148,29.784531],[-84.91511,29.783303],[-84.927558,29.761198],[-84.946595,29.745032],[-84.964176,29.739758],[-84.968841,29.72708],[-85.013851,29.709519],[-85.025146,29.712141],[-85.035859,29.708618],[-85.072123,29.719027],[-85.101682,29.718748],[-85.2174996110487,29.6947430959589],[-85.206226,29.711188]]],[[[-85.222476,29.679336],[-85.184776,29.68271],[-85.156415,29.679628],[-85.114268,29.688658],[-85.093902,29.684838],[-85.074308,29.673981],[-85.091335,29.650461],[-85.096764,29.633057],[-85.120454,29.630015],[-85.14101,29.634038],[-85.187155,29.665689],[-85.222476,29.679336]]]]}},{"type":"Feature","properties":{"GEOID":"12073","NAME":"Leon","state":"FL","wildfire_risk_score":90.045,"wildfire_eal_total":1463879.47,"risk_band":"Moderate","source":"FEMA National Risk Index v1.20 (December 2025)"},"geometry":{"type":"Polygon","coordinates":[[[-84.715144,30.333077],[-84.703061,30.336492],[-84.696399,30.347145],[-84.685358,30.349924],[-84.681272,30.367598],[-84.670479,30.364144],[-84.663507,30.370475],[-84.663577,30.378402],[-84.646408,30.388281],[-84.647668,30.394612],[-84.626025,30.408454],[-84.613173,30.40999],[-84.60692,30.416136],[-84.590539,30.411918],[-84.573603,30.422541],[-84.561463,30.437912],[-84.559462,30.434025],[-84.545889,30.436857],[-84.546396,30.440046],[-84.530567,30.439802],[-84.520177,30.451475],[-84.504385,30.450906],[-84.495307,30.460298],[-84.460506,30.455908],[-84.452614,30.46238],[-84.437886,30.46124],[-84.43481,30.466107],[-84.423959,30.467369],[-84.420939,30.463664],[-84.402926,30.475769],[-84.396326,30.489896],[-84.404564,30.499116],[-84.404956,30.507737],[-84.392423,30.514838],[-84.395915,30.517165],[-84.391824,30.516929],[-84.393757,30.520741],[-84.388303,30.526218],[-84.391587,30.531492],[-84.388284,30.549325],[-84.37906,30.559285],[-84.38199,30.563025],[-84.378384,30.573467],[-84.355424,30.591189],[-84.34634,30.591941],[-84.340864,30.600213],[-84.332107,30.596494],[-84.324759,30.618112],[-84.300583,30.640068],[-84.299378,30.653531],[-84.304058,30.657024],[-84.299213,30.66126],[-84.305324,30.670208],[-84.297497,30.682522],[-84.2825612156871,30.6853214444398],[-84.007454,30.6721003570368],[-84.007687,30.609299],[-84.003088,30.606956],[-83.998023,30.571471],[-83.979013,30.550593],[-83.987003,30.54711],[-83.977424,30.522234],[-84.041152,30.521901],[-84.041488,30.463308],[-84.074691,30.434302],[-84.075539,30.273617],[-84.241222,30.274244],[-84.247673,30.303493],[-84.713351,30.30017],[-84.701017,30.319035],[-84.715144,30.333077]]]}},{"type":"Feature","properties":{"GEOID":"12069","NAME":"Lake","state":"FL","wildfire_risk_score":95.992,"wildfire_eal_total":4470792.45,"risk_band":"High","source":"FEMA National Risk Index v1.20 (December 2025)"},"geometry":{"type":"Polygon","coordinates":[[[-81.95616,28.41358],[-81.95419,28.960053],[-81.658698,28.960345],[-81.659197,29.04776],[-81.638696,29.04776],[-81.641916,29.276766],[-81.63399,29.244779],[-81.619303,29.22859],[-81.612259,29.202828],[-81.560905,29.20019],[-81.553957,29.184647],[-81.531465,29.176919],[-81.531481,29.172334],[-81.52258,29.1677],[-81.5226,29.156031],[-81.504534,29.123711],[-81.506739,29.112184],[-81.500316,29.102501],[-81.502055,29.097802],[-81.48697,29.092911],[-81.467856,29.097043],[-81.459158,29.094224],[-81.454383,29.081984],[-81.460703,29.074661],[-81.455764,29.071548],[-81.455289,29.063071],[-81.446699,29.062323],[-81.43221,29.04442],[-81.42579,29.044812],[-81.409896,29.031267],[-81.402855,29.032469],[-81.378154,28.99894],[-81.37281,28.99919],[-81.375674,28.993999],[-81.355898,28.987047],[-81.364244,28.968642],[-81.369193,28.968937],[-81.36581,28.960855],[-81.370889,28.958262],[-81.35892,28.955945],[-81.360375,28.95174],[-81.353956,28.949575],[-81.359302,28.944571],[-81.354875,28.947241],[-81.354678,28.939582],[-81.349723,28.939641],[-81.355371,28.929929],[-81.351998,28.920651],[-81.359543,28.913961],[-81.356667,28.910538],[-81.360171,28.90665],[-81.352788,28.896685],[-81.357168,28.887149],[-81.364535,28.890262],[-81.363052,28.879707],[-81.374115,28.869764],[-81.382965,28.851994],[-81.416846,28.824569],[-81.419555,28.815181],[-81.414682,28.785564],[-81.646513,28.785872],[-81.646546,28.769812],[-81.658597,28.766442],[-81.657199,28.592567],[-81.648104,28.58448],[-81.652877,28.570946],[-81.657205,28.569827],[-81.657268,28.347098],[-81.790727,28.346413],[-81.790887,28.361837],[-81.857624,28.361868],[-81.857512,28.345965],[-81.957641,28.34518],[-81.95616,28.41358]]]}},{"type":"Feature","properties":{"GEOID":"12083","NAME":"Marion","state":"FL","wildfire_risk_score":96.756,"wildfire_eal_total":5103619.62,"risk_band":"High","source":"FEMA National Risk Index v1.20 (December 2025)"},"geometry":{"type":"Polygon","coordinates":[[[-82.535886,29.131058],[-82.53486,29.21468],[-82.403237,29.215623],[-82.40662,29.485048],[-82.211883,29.484089],[-82.214811,29.477311],[-82.20817,29.466762],[-82.203613,29.471994],[-82.188116,29.456911],[-82.191636,29.452466],[-82.199013,29.455772],[-82.193455,29.46144],[-82.204183,29.460568],[-82.212727,29.465623],[-82.217722,29.457095],[-82.211572,29.449504],[-82.210165,29.428496],[-82.193626,29.420935],[-82.175825,29.42066],[-82.167888,29.427167],[-82.153079,29.422405],[-82.150658,29.426498],[-82.148519,29.417178],[-82.140338,29.420075],[-82.145298,29.423459],[-82.134505,29.435041],[-82.119319,29.428249],[-82.101143,29.438313],[-82.095897,29.430316],[-82.099199,29.418815],[-82.094537,29.430352],[-82.086535,29.426655],[-82.088886,29.432646],[-82.080943,29.440386],[-82.070522,29.434236],[-82.071291,29.443271],[-82.056747,29.439951],[-82.055899,29.471232],[-82.026295,29.494739],[-82.004385,29.501715],[-81.964158,29.503814],[-81.931821,29.516445],[-81.911821,29.503968],[-81.901689,29.515955],[-81.88794,29.5092],[-81.844929,29.521678],[-81.842779,29.486533],[-81.776205,29.487448],[-81.774905,29.429249],[-81.74183,29.42994],[-81.741422,29.371049],[-81.668525,29.371704],[-81.656256,29.338243],[-81.675403,29.338646],[-81.680903,29.32443],[-81.673264,29.306644],[-81.664308,29.299892],[-81.655677,29.29994],[-81.641916,29.276766],[-81.638696,29.04776],[-81.659197,29.04776],[-81.658698,28.960345],[-82.311697,28.960391],[-82.315836,28.973271],[-82.361575,28.993649],[-82.363933,29.001811],[-82.37698,29.000696],[-82.386871,29.009262],[-82.393503,29.008006],[-82.401637,29.018996],[-82.418226,29.01305],[-82.458911,29.047651],[-82.46349,29.044641],[-82.482059,29.052483],[-82.508131,29.037479],[-82.516939,29.044199],[-82.520483,29.039788],[-82.530378,29.043627],[-82.534922,29.040866],[-82.535886,29.131058]]]}},{"type":"Feature","properties":{"GEOID":"12023","NAME":"Columbia","state":"FL","wildfire_risk_score":88.136,"wildfire_eal_total":795129.11,"risk_band":"Moderate","source":"FEMA National Risk Index v1.20 (December 2025)"},"geometry":{"type":"Polygon","coordinates":[[[-82.798903,29.933637],[-82.785765,29.954884],[-82.762206,29.964377],[-82.758583,29.975707],[-82.760411,29.986205],[-82.793975,29.986202],[-82.794594,30.337024],[-82.788503,30.324013],[-82.777752,30.323257],[-82.763316,30.330924],[-82.760754,30.324255],[-82.745411,30.317369],[-82.73655,30.328351],[-82.724638,30.333796],[-82.724914,30.328483],[-82.71643,30.321242],[-82.703126,30.332614],[-82.689922,30.333109],[-82.681473,30.342805],[-82.686949,30.353336],[-82.662281,30.370351],[-82.665421,30.379245],[-82.659887,30.381922],[-82.657814,30.391489],[-82.647048,30.395129],[-82.645555,30.406417],[-82.659099,30.440696],[-82.672895,30.448571],[-82.662931,30.448789],[-82.663281,30.452054],[-82.680494,30.461474],[-82.675934,30.464738],[-82.67733,30.471935],[-82.701802,30.477713],[-82.696663,30.489418],[-82.706068,30.492392],[-82.705974,30.504152],[-82.715014,30.505468],[-82.718396,30.521023],[-82.723031,30.517367],[-82.728622,30.525707],[-82.727628,30.530548],[-82.714528,30.531842],[-82.722544,30.547948],[-82.720785,30.553713],[-82.726908,30.558267],[-82.723943,30.564888],[-82.71692,30.564366],[-82.71703,30.569648],[-82.70489,30.57671],[-82.706656,30.584318],[-82.6895389472297,30.5977337059943],[-82.4597918101678,30.5842868523055],[-82.458257,30.128989],[-82.45258,30.122069],[-82.459311,30.10158],[-82.499039,30.088822],[-82.516615,30.078106],[-82.53186,30.061247],[-82.539116,30.04426],[-82.536566,30.025323],[-82.573116,30.010651],[-82.575991,29.990857],[-82.56928,29.97498],[-82.555313,29.963975],[-82.533301,29.958357],[-82.529439,29.934277],[-82.541554,29.925495],[-82.554735,29.928541],[-82.567856,29.917196],[-82.578266,29.915845],[-82.575876,29.894865],[-82.580029,29.894851],[-82.579997,29.88764],[-82.592553,29.887515],[-82.59234,29.873221],[-82.586485,29.866702],[-82.606276,29.852864],[-82.619739,29.859111],[-82.622927,29.854005],[-82.617813,29.84726],[-82.631251,29.849112],[-82.635797,29.832351],[-82.652107,29.82563],[-82.655512,29.829693],[-82.693668,29.834216],[-82.704555,29.838645],[-82.708953,29.847266],[-82.732941,29.85647],[-82.752854,29.880206],[-82.753646,29.893499],[-82.758321,29.89874],[-82.769383,29.898224],[-82.765352,29.908196],[-82.774296,29.911702],[-82.769861,29.927813],[-82.780486,29.925753],[-82.785564,29.933367],[-82.798903,29.933637]]]}},{"type":"Feature","properties":{"GEOID":"12119","NAME":"Sumter","state":"FL","wildfire_risk_score":92.303,"wildfire_eal_total":1332788.2,"risk_band":"High","source":"FEMA National Risk Index v1.20 (December 2025)"},"geometry":{"type":"Polygon","coordinates":[[[-82.311697,28.960391],[-81.95419,28.960053],[-81.958029,28.308925],[-81.974977,28.310171],[-81.985781,28.30532],[-81.995698,28.318829],[-82.02056,28.323783],[-82.055819,28.312794],[-82.054469,28.521367],[-82.070343,28.531919],[-82.09498,28.523618],[-82.109423,28.543838],[-82.119073,28.540726],[-82.128639,28.544941],[-82.138025,28.565516],[-82.156164,28.57335],[-82.166835,28.563981],[-82.186603,28.568582],[-82.191994,28.574822],[-82.209703,28.572775],[-82.219284,28.582654],[-82.22165,28.593239],[-82.241931,28.612998],[-82.248409,28.629869],[-82.260155,28.635044],[-82.256811,28.64883],[-82.267007,28.648131],[-82.273605,28.653797],[-82.274006,28.660683],[-82.266537,28.660712],[-82.248472,28.701862],[-82.249076,28.717772],[-82.207314,28.756874],[-82.18628,28.760468],[-82.182241,28.768879],[-82.187943,28.77124],[-82.186898,28.779501],[-82.169141,28.792954],[-82.179307,28.803316],[-82.183637,28.823626],[-82.231952,28.856582],[-82.242529,28.876813],[-82.273585,28.897216],[-82.289992,28.935593],[-82.295944,28.938397],[-82.297091,28.948354],[-82.311697,28.960391]]]}},{"type":"Feature","properties":{"GEOID":"12097","NAME":"Osceola","state":"FL","wildfire_risk_score":94.816,"wildfire_eal_total":3577703.3,"risk_band":"High","source":"FEMA National Risk Index v1.20 (December 2025)"},"geometry":{"type":"Polygon","coordinates":[[[-81.657268,28.347098],[-80.862908,28.347487],[-80.862877,28.084745],[-80.869313,28.084727],[-80.870135,28.057077],[-80.868881,27.822522],[-80.881566,27.822511],[-80.880073,27.733699],[-80.873795,27.733854],[-80.87315,27.642288],[-81.142164,27.643238],[-81.132469,27.647468],[-81.131044,27.659307],[-81.144094,27.669275],[-81.150233,27.699808],[-81.145768,27.710175],[-81.150491,27.717381],[-81.168735,27.725993],[-81.165015,27.742184],[-81.171775,27.743152],[-81.1785,27.751936],[-81.17801,27.758929],[-81.172899,27.760487],[-81.180788,27.773735],[-81.18771,27.775453],[-81.185981,27.779038],[-81.209934,27.81724],[-81.208124,27.821125],[-81.23334,27.843701],[-81.246473,27.848789],[-81.250664,27.843671],[-81.250482,27.848854],[-81.259107,27.845985],[-81.301608,27.861943],[-81.297385,27.862311],[-81.314909,27.901244],[-81.308553,27.921578],[-81.31618,27.928572],[-81.317816,27.924263],[-81.347094,27.937279],[-81.345873,27.941451],[-81.338398,27.939197],[-81.33665,27.94958],[-81.34899,27.953325],[-81.349831,27.963758],[-81.376505,27.978251],[-81.386988,28.003619],[-81.415603,27.998172],[-81.428093,28.02154],[-81.440297,28.033872],[-81.44834,28.032303],[-81.458814,28.040069],[-81.457449,28.055084],[-81.440701,28.058569],[-81.428042,28.039347],[-81.393971,28.028027],[-81.392052,28.019601],[-81.378718,28.011743],[-81.375558,28.029709],[-81.362583,28.040482],[-81.365009,28.068222],[-81.346336,28.069669],[-81.346418,28.084696],[-81.455758,28.08489],[-81.456214,28.143163],[-81.524227,28.142805],[-81.524083,28.201012],[-81.557459,28.259362],[-81.657189,28.259217],[-81.657268,28.347098]]]}},{"type":"Feature","properties":{"GEOID":"12121","NAME":"Suwannee","state":"FL","wildfire_risk_score":81.87,"wildfire_eal_total":400551.15,"risk_band":"Moderate","source":"FEMA National Risk Index v1.20 (December 2025)"},"geometry":{"type":"Polygon","coordinates":[[[-83.253236,30.253646],[-83.250564,30.259578],[-83.236954,30.261628],[-83.240199,30.266698],[-83.231671,30.283817],[-83.233007,30.29202],[-83.209924,30.311878],[-83.214357,30.319834],[-83.207897,30.331087],[-83.212551,30.345851],[-83.20871,30.350533],[-83.19121,30.351153],[-83.192869,30.374032],[-83.169333,30.386912],[-83.165406,30.398581],[-83.158412,30.400525],[-83.158052,30.414109],[-83.141643,30.422659],[-83.134548,30.419156],[-83.122103,30.43261],[-83.084116,30.438071],[-83.082017,30.442865],[-83.07535,30.425435],[-83.034304,30.43085],[-83.007856,30.422514],[-83.00422,30.431933],[-82.997757,30.430672],[-82.984849,30.425514],[-82.982742,30.419009],[-82.9559,30.413486],[-82.947608,30.40661],[-82.948775,30.401002],[-82.939047,30.399993],[-82.931525,30.390388],[-82.90836,30.380079],[-82.902484,30.385445],[-82.905758,30.388105],[-82.892013,30.387569],[-82.888943,30.386094],[-82.893357,30.374622],[-82.885102,30.365295],[-82.872092,30.366364],[-82.855085,30.353234],[-82.851928,30.356909],[-82.852611,30.349004],[-82.844246,30.340904],[-82.832247,30.34677],[-82.810906,30.33704],[-82.806779,30.344257],[-82.799598,30.344225],[-82.794594,30.337024],[-82.793975,29.986202],[-82.760411,29.986205],[-82.762206,29.964377],[-82.785765,29.954884],[-82.800477,29.932126],[-82.814423,29.929831],[-82.831473,29.912808],[-82.863266,29.91105],[-82.866765,29.898756],[-82.871725,29.898452],[-82.884196,29.882334],[-82.893092,29.88957],[-82.885902,29.887996],[-82.885156,29.891576],[-82.897866,29.90144],[-82.90565,29.900118],[-82.909,29.889494],[-82.913001,29.889777],[-82.918607,29.896388],[-82.912101,29.904836],[-82.919012,29.908255],[-82.918586,29.915071],[-82.925884,29.921331],[-82.920546,29.930072],[-82.930782,29.957399],[-82.952399,29.959361],[-82.96385,29.994544],[-82.974148,29.996635],[-82.97942,30.007393],[-83.001312,30.008789],[-83.013293,30.032123],[-83.041499,30.054569],[-83.066529,30.065373],[-83.069553,30.081252],[-83.111149,30.090929],[-83.114243,30.102424],[-83.119203,30.104973],[-83.132856,30.096923],[-83.162457,30.110022],[-83.167657,30.100822],[-83.184358,30.094122],[-83.195258,30.104622],[-83.214959,30.104022],[-83.225859,30.113621],[-83.225128,30.137993],[-83.238702,30.15276],[-83.231601,30.166841],[-83.247115,30.179748],[-83.249996,30.190487],[-83.239683,30.226741],[-83.250362,30.232],[-83.253048,30.238725],[-83.242525,30.248231],[-83.250495,30.247485],[-83.253236,30.253646]]]}},{"type":"Feature","properties":{"GEOID":"12125","NAME":"Union","state":"FL","wildfire_risk_score":73.855,"wildfire_eal_total":231130.64,"risk_band":"Low","source":"FEMA National Risk Index v1.20 (December 2025)"},"geometry":{"type":"Polygon","coordinates":[[[-82.575991,29.990857],[-82.573116,30.010651],[-82.534689,30.027781],[-82.539116,30.04426],[-82.519019,30.076011],[-82.499039,30.088822],[-82.457174,30.103472],[-82.452518,30.123887],[-82.458257,30.128989],[-82.458364,30.136449],[-82.142578,30.143117],[-82.14569,30.132037],[-82.140571,30.132723],[-82.137909,30.127354],[-82.142372,30.116303],[-82.169921,30.099203],[-82.184015,30.066846],[-82.207644,30.052717],[-82.225638,30.034264],[-82.259971,30.02809],[-82.279266,29.988649],[-82.304744,29.958389],[-82.322057,29.953988],[-82.342329,29.961317],[-82.347686,29.941734],[-82.358025,29.933574],[-82.37142,29.935229],[-82.390432,29.925572],[-82.41498,29.92642],[-82.422399,29.919923],[-82.436587,29.93085],[-82.448948,29.931515],[-82.453061,29.925675],[-82.461284,29.931621],[-82.469989,29.925794],[-82.484532,29.93973],[-82.49899,29.938881],[-82.510972,29.945207],[-82.524103,29.945254],[-82.529705,29.940881],[-82.533301,29.958357],[-82.555313,29.963975],[-82.56928,29.97498],[-82.575991,29.990857]]]}},{"type":"Feature","properties":{"GEOID":"12123","NAME":"Taylor","state":"FL","wildfire_risk_score":81.425,"wildfire_eal_total":306211.88,"risk_band":"Moderate","source":"FEMA National Risk Index v1.20 (December 2025)"},"geometry":{"type":"MultiPolygon","coordinates":[[[[-83.830048,29.973025],[-83.827844,29.972811],[-83.827012,29.971061],[-83.829032,29.969825],[-83.830048,29.973025]]],[[[-83.991984,30.093408],[-83.968628,30.13617],[-83.97306,30.146037],[-83.960354,30.152398],[-83.963083,30.157511],[-83.957794,30.162037],[-83.951299,30.186282],[-83.925453,30.19286],[-83.925769,30.204359],[-83.9174,30.217565],[-83.91658,30.22529],[-83.921615,30.228567],[-83.916027,30.234346],[-83.915827,30.245152],[-83.902584,30.247456],[-83.879667,30.26902],[-83.861386,30.270861],[-83.837652,30.280764],[-83.820235,30.30354],[-83.468768,30.304212],[-83.469267,30.260351],[-83.36726,30.26044],[-83.37089,29.887934],[-83.352986,29.887859],[-83.35286,29.822222],[-83.318859,29.822623],[-83.319462,29.778328],[-83.336561,29.760721],[-83.345676,29.74349],[-83.343267,29.73713],[-83.347642,29.733856],[-83.344902,29.726811],[-83.35074,29.695301],[-83.365437,29.675834],[-83.363207,29.668238],[-83.373351,29.665951],[-83.398512,29.673935],[-83.4096242129652,29.6684444035402],[-83.424976,29.669533],[-83.436259,29.677389],[-83.455356,29.676444],[-83.483691,29.688209],[-83.483567,29.698542],[-83.490906,29.708361],[-83.498657,29.709796],[-83.492953,29.712686],[-83.509575,29.712405],[-83.547927,29.728081],[-83.55388,29.741123],[-83.559977,29.743034],[-83.566018,29.761434],[-83.585648,29.761392],[-83.578955,29.768378],[-83.589213,29.783261],[-83.581903,29.792063],[-83.588477,29.802242],[-83.586836,29.818941],[-83.594362,29.818552],[-83.595493,29.827984],[-83.618568,29.842336],[-83.63798,29.886073],[-83.677182,29.911581],[-83.680791,29.921574],[-83.727887,29.94097],[-83.746319,29.957831],[-83.757249,29.957943],[-83.782447,29.975539],[-83.82869,29.983187],[-83.862961,30.007858],[-83.925364,30.034568],[-83.933668,30.041152],[-83.933432,30.046305],[-83.945689,30.055009],[-83.95088,30.053407],[-83.95968,30.064943],[-83.989241,30.077688],[-83.98605,30.084595],[-83.9913855796933,30.0860221582292],[-83.991984,30.093408]]]]}},{"type":"Feature","properties":{"GEOID":"12101","NAME":"Pasco","state":"FL","wildfire_risk_score":95.388,"wildfire_eal_total":3769072.4,"risk_band":"High","source":"FEMA National Risk Index v1.20 (December 2025)"},"geometry":{"type":"MultiPolygon","coordinates":[[[[-82.799145,28.185282],[-82.787217,28.192989],[-82.782539,28.207452],[-82.770101,28.207724],[-82.755986,28.228061],[-82.764468,28.232057],[-82.762211,28.242125],[-82.756008,28.240792],[-82.748379,28.246816],[-82.75822,28.254931],[-82.74925,28.255857],[-82.743106,28.273719],[-82.736993,28.274511],[-82.743544,28.278661],[-82.732576,28.28198],[-82.73227,28.287481],[-82.725366,28.290135],[-82.732792,28.291933],[-82.735339,28.299357],[-82.731461,28.325015],[-82.710392,28.35198],[-82.718089,28.357329],[-82.701294,28.374821],[-82.706891,28.386196],[-82.706398,28.403081],[-82.687844,28.40869],[-82.689556,28.413296],[-82.699942,28.41246],[-82.694465,28.415197],[-82.697262,28.4202],[-82.685656,28.420871],[-82.6698903209957,28.4335756565858],[-82.253439,28.434824],[-82.253293,28.478491],[-82.054694,28.478397],[-82.055531,28.258928],[-82.106205,28.259226],[-82.105853,28.17165],[-82.78549,28.172567],[-82.7927715249311,28.1729837128104],[-82.794355,28.175912],[-82.788931,28.176272],[-82.799145,28.185282]]],[[[-82.800717,28.175013],[-82.798318,28.174915],[-82.798433,28.173887],[-82.800115,28.173231],[-82.800717,28.175013]]],[[[-82.804328,28.177312],[-82.80352,28.177909],[-82.801632,28.176547],[-82.804278,28.176409],[-82.804328,28.177312]]],[[[-82.806128,28.174061],[-82.804164,28.174098],[-82.804101,28.173094],[-82.806071,28.173048],[-82.806128,28.174061]]],[[[-82.852432,28.210173],[-82.840446,28.212004],[-82.848442,28.204472],[-82.843063,28.190478],[-82.847055,28.187284],[-82.8430268926063,28.1717337038355],[-82.8480484540197,28.1717169638104],[-82.852432,28.210173]]]]}},{"type":"Feature","properties":{"GEOID":"12033","NAME":"Escambia","state":"FL","wildfire_risk_score":82.634,"wildfire_eal_total":533046.65,"risk_band":"Moderate","source":"FEMA National Risk Index v1.20 (December 2025)"},"geometry":{"type":"Polygon","coordinates":[[[-87.6348442887866,30.866109347267],[-87.592055,30.951492],[-87.589187,30.964464],[-87.598928,30.997457],[-87.1636472414627,30.9990236362357],[-87.169126,30.993202],[-87.176004,30.996586],[-87.174958,30.98862],[-87.189251,30.976556],[-87.212993,30.966942],[-87.213203,30.962034],[-87.227635,30.961112],[-87.231431,30.968318],[-87.24183,30.96141],[-87.238295,30.958192],[-87.241221,30.94919],[-87.246059,30.942722],[-87.251834,30.943925],[-87.255998,30.931186],[-87.26045,30.935469],[-87.264871,30.930733],[-87.267582,30.934735],[-87.276758,30.925886],[-87.286882,30.925441],[-87.283213,30.918836],[-87.288664,30.915778],[-87.282179,30.9104],[-87.290506,30.908232],[-87.285454,30.903623],[-87.284486,30.887986],[-87.298438,30.881248],[-87.297633,30.87118],[-87.30153,30.863426],[-87.309138,30.863783],[-87.313908,30.848708],[-87.306278,30.847987],[-87.307975,30.843009],[-87.301355,30.840696],[-87.301595,30.827992],[-87.292766,30.811283],[-87.305461,30.798574],[-87.302267,30.789442],[-87.307653,30.790869],[-87.305558,30.787275],[-87.31268,30.785521],[-87.308796,30.775968],[-87.305181,30.777235],[-87.310594,30.771708],[-87.299614,30.766108],[-87.310326,30.751662],[-87.312409,30.73477],[-87.302661,30.71937],[-87.280907,30.719363],[-87.269407,30.711687],[-87.267844,30.701073],[-87.272511,30.700552],[-87.273364,30.693521],[-87.265786,30.689049],[-87.268884,30.678573],[-87.264458,30.648683],[-87.256821,30.635309],[-87.259515,30.629929],[-87.252052,30.623584],[-87.260757,30.620289],[-87.259508,30.612049],[-87.245508,30.605841],[-87.246423,30.597934],[-87.23477,30.595813],[-87.209715,30.555266],[-87.157292,30.537953],[-87.121451,30.497419],[-87.151906,30.412598],[-87.233284,30.370331],[-87.231429,30.343309],[-87.179021,30.33593],[-87.153125,30.348375],[-87.101405,30.353146],[-86.972699,30.381113],[-86.918937,30.386514],[-86.9188716905368,30.3709250843817],[-87.20601,30.321469],[-87.270896,30.31675],[-87.3012,30.33029],[-87.330079,30.317673],[-87.518324,30.280435],[-87.51838,30.283901],[-87.452378,30.300201],[-87.450078,30.3111],[-87.483679,30.304801],[-87.50278,30.307301],[-87.504701,30.324039],[-87.49998,30.328957],[-87.459978,30.3363],[-87.450962,30.346262],[-87.451378,30.367199],[-87.438678,30.380798],[-87.440678,30.391498],[-87.429578,30.406498],[-87.403477,30.410198],[-87.366591,30.436648],[-87.370768,30.446865],[-87.399877,30.450997],[-87.425078,30.465596],[-87.435578,30.480496],[-87.431178,30.495795],[-87.447702,30.510458],[-87.446586,30.527068],[-87.43544,30.54914],[-87.426037,30.560073],[-87.418647,30.561837],[-87.406558,30.599928],[-87.397308,30.608728],[-87.393588,30.63088],[-87.396177,30.650454],[-87.406958,30.675165],[-87.451404,30.699806],[-87.466338,30.700835],[-87.481225,30.716508],[-87.502317,30.72159],[-87.511729,30.733535],[-87.532607,30.743489],[-87.536528,30.761383],[-87.54616,30.77202],[-87.545044,30.778666],[-87.581869,30.812403],[-87.600486,30.820627],[-87.605776,30.831304],[-87.615923,30.834693],[-87.6348442887866,30.866109347267]]]}},{"type":"Feature","properties":{"GEOID":"12089","NAME":"Nassau","state":"FL","wildfire_risk_score":86.514,"wildfire_eal_total":967890.63,"risk_band":"Moderate","source":"FEMA National Risk Index v1.20 (December 2025)"},"geometry":{"type":"Polygon","coordinates":[[[-82.050432,30.676266],[-82.036426,30.706585],[-82.039154,30.723178],[-82.044792,30.728481],[-82.038665,30.751087],[-82.018839,30.754595],[-82.011375,30.7626],[-82.023269,30.782693],[-82.021972,30.788233],[-82.004754,30.791389],[-81.977722,30.776636],[-81.962898,30.795847],[-81.963928,30.8181],[-81.949501,30.827867],[-81.938788,30.828836],[-81.92705,30.817569],[-81.910916,30.816125],[-81.904533,30.817743],[-81.90727,30.825555],[-81.901443,30.829922],[-81.892906,30.825513],[-81.881492,30.799917],[-81.870353,30.797483],[-81.868263,30.79285],[-81.841185,30.792269],[-81.839243,30.7866],[-81.807449,30.790119],[-81.798453,30.782251],[-81.794417,30.787004],[-81.783676,30.772879],[-81.786697,30.769802],[-81.78215,30.761341],[-81.771949,30.763811],[-81.769637,30.777116],[-81.740753,30.765007],[-81.741996,30.759071],[-81.719927,30.744634],[-81.694778,30.748414],[-81.688426,30.741482],[-81.672824,30.738935],[-81.668838,30.742514],[-81.672468,30.748435],[-81.679306,30.744745],[-81.683096,30.748492],[-81.663345,30.754402],[-81.659774,30.749441],[-81.662689,30.74304],[-81.652328,30.743101],[-81.653133,30.729799],[-81.646137,30.727591],[-81.635047,30.733276],[-81.630692,30.728095],[-81.624366,30.73634],[-81.620823,30.73162],[-81.623542,30.72468],[-81.610656,30.716217],[-81.600877,30.729444],[-81.596452,30.72725],[-81.597106,30.719326],[-81.58682,30.723735],[-81.573719,30.722336],[-81.560709,30.711689],[-81.549301,30.718292],[-81.538391,30.708656],[-81.531156,30.724219],[-81.487332,30.726081],[-81.472597,30.713312],[-81.444124,30.709714],[-81.425846,30.700452],[-81.441889,30.601385],[-81.443393,30.570486],[-81.437594,30.518685],[-81.479939,30.533454],[-81.499575,30.563793],[-81.514014,30.567337],[-81.523814,30.556337],[-81.519948,30.543645],[-81.526312,30.531175],[-81.543018,30.523889],[-81.550778,30.531562],[-81.550926,30.543027],[-81.567809,30.536636],[-81.58541,30.544206],[-81.588915,30.549047],[-81.584406,30.565988],[-81.60963,30.553965],[-81.614177,30.563052],[-81.60146,30.567665],[-81.611002,30.575938],[-81.605968,30.585512],[-81.614382,30.58018],[-81.624513,30.586232],[-81.649898,30.576624],[-81.663742,30.55857],[-81.658633,30.552831],[-81.663733,30.550842],[-81.673006,30.556601],[-81.667833,30.560671],[-81.672938,30.560085],[-81.669397,30.563301],[-81.673941,30.566187],[-81.677568,30.562139],[-81.692095,30.567172],[-81.695521,30.56317],[-81.69756,30.569643],[-81.704592,30.563643],[-81.703935,30.56736],[-81.721883,30.571934],[-81.729104,30.565445],[-81.726786,30.559444],[-81.730935,30.562417],[-81.729813,30.558256],[-81.736311,30.557089],[-81.733106,30.552258],[-81.737779,30.549861],[-81.734135,30.546185],[-81.737488,30.545938],[-81.738424,30.534572],[-81.746923,30.530819],[-81.763748,30.534916],[-81.765316,30.518652],[-81.781624,30.503336],[-81.794918,30.505406],[-81.809526,30.484537],[-82.049236,30.273432],[-82.0499660029255,30.3623823672342],[-82.036825,30.377884],[-82.04199,30.403266],[-82.034005,30.422357],[-82.037209,30.434518],[-82.017779,30.475081],[-82.01477,30.513009],[-82.018361,30.531184],[-82.005477,30.563495],[-82.015708,30.601704],[-82.027338,30.606726],[-82.028499,30.621829],[-82.049507,30.655548],[-82.050432,30.676266]]]}},{"type":"Feature","properties":{"GEOID":"12105","NAME":"Polk","state":"FL","wildfire_risk_score":96.978,"wildfire_eal_total":6708227.27,"risk_band":"High","source":"FEMA National Risk Index v1.20 (December 2025)"},"geometry":{"type":"Polygon","coordinates":[[[-82.106205,28.259226],[-82.055531,28.258928],[-82.055819,28.312794],[-82.039893,28.320315],[-82.007642,28.323205],[-81.995698,28.318829],[-81.985781,28.30532],[-81.974977,28.310171],[-81.958029,28.308925],[-81.957641,28.34518],[-81.857512,28.345965],[-81.857624,28.361868],[-81.790887,28.361837],[-81.790727,28.346413],[-81.657268,28.347098],[-81.657189,28.259217],[-81.557459,28.259362],[-81.524083,28.201012],[-81.524227,28.142805],[-81.456214,28.143163],[-81.455758,28.08489],[-81.346418,28.084696],[-81.346336,28.069669],[-81.365009,28.068222],[-81.362583,28.040482],[-81.375558,28.029709],[-81.378718,28.011743],[-81.392052,28.019601],[-81.393971,28.028027],[-81.428042,28.039347],[-81.440701,28.058569],[-81.457449,28.055084],[-81.458814,28.040069],[-81.44834,28.032303],[-81.440297,28.033872],[-81.428093,28.02154],[-81.415603,27.998172],[-81.386988,28.003619],[-81.376505,27.978251],[-81.349831,27.963758],[-81.34899,27.953325],[-81.33665,27.94958],[-81.338398,27.939197],[-81.345873,27.941451],[-81.347094,27.937279],[-81.317816,27.924263],[-81.31618,27.928572],[-81.308553,27.921578],[-81.314909,27.901244],[-81.297385,27.862311],[-81.300729,27.86492],[-81.301608,27.861943],[-81.259107,27.845985],[-81.250482,27.848854],[-81.250664,27.843671],[-81.246473,27.848789],[-81.23334,27.843701],[-81.208124,27.821125],[-81.209934,27.81724],[-81.185981,27.779038],[-81.18771,27.775453],[-81.180788,27.773735],[-81.172899,27.760487],[-81.17801,27.758929],[-81.1785,27.751936],[-81.171775,27.743152],[-81.165015,27.742184],[-81.168735,27.725993],[-81.150491,27.717381],[-81.145768,27.710175],[-81.149001,27.692032],[-81.144094,27.669275],[-81.131842,27.661509],[-81.132469,27.647468],[-81.142164,27.643238],[-82.054349,27.646382],[-82.056261,28.171592],[-82.105853,28.17165],[-82.106205,28.259226]]]}},{"type":"Feature","properties":{"GEOID":"12045","NAME":"Gulf","state":"FL","wildfire_risk_score":74.205,"wildfire_eal_total":201721.23,"risk_band":"Low","source":"FEMA National Risk Index v1.20 (December 2025)"},"geometry":{"type":"Polygon","coordinates":[[[-85.417495,29.829933],[-85.411765,29.85979],[-85.391232,29.87432],[-85.410432,29.830733],[-85.406988,29.819187],[-85.410421,29.808099],[-85.401013,29.776545],[-85.40332,29.768348],[-85.392194,29.754322],[-85.388579,29.730158],[-85.371574,29.703107],[-85.371532,29.692095],[-85.363093,29.691099],[-85.360782,29.67866],[-85.313731,29.68646],[-85.30396,29.720621],[-85.302789,29.808864],[-85.31142,29.814373],[-85.317464,29.838894],[-85.336654,29.849295],[-85.363731,29.898915],[-85.3886762139845,29.9243546048056],[-85.389679,30.200973],[-85.11566,30.199976],[-85.138669,30.172546],[-85.139855,30.163499],[-85.133184,30.161024],[-85.138454,30.146341],[-85.132096,30.14482],[-85.145424,30.124664],[-85.130237,30.117359],[-85.14185,30.115447],[-85.140948,30.108863],[-85.148605,30.111455],[-85.144917,30.097474],[-85.154015,30.092043],[-85.134346,30.082046],[-85.138353,30.072778],[-85.13218,30.067466],[-85.136894,30.063816],[-85.135254,30.04327],[-85.129001,30.042546],[-85.131213,30.037965],[-85.11569,30.024064],[-85.107941,30.025394],[-85.104518,30.020174],[-85.098317,30.024551],[-85.098981,30.015322],[-85.083287,30.014243],[-85.071919,30.004796],[-85.058214,30.003927],[-85.049732,29.99012],[-85.03664,29.990527],[-85.027255,29.982118],[-85.017939,29.950973],[-85.02647,29.952836],[-85.026215,29.944588],[-85.033239,29.937235],[-85.029642,29.931096],[-85.040208,29.928026],[-85.04118,29.931151],[-85.054359,29.90186],[-85.041214,29.875852],[-85.032573,29.83007],[-85.019693,29.819874],[-85.020534,29.807373],[-85.034344,29.795061],[-85.040078,29.779346],[-85.048536,29.77808],[-85.064765,29.787026],[-85.072638,29.770811],[-85.078222,29.768616],[-85.109401,29.776793],[-85.206226,29.711188],[-85.2174996110487,29.6947430959589],[-85.250913,29.687155],[-85.245917,29.681621],[-85.222039,29.685467],[-85.232229,29.677355],[-85.298623,29.684019],[-85.32834,29.67875],[-85.351514,29.666669],[-85.367676,29.680815],[-85.387313,29.715367],[-85.409633,29.781618],[-85.417495,29.829933]]]}},{"type":"Feature","properties":{"GEOID":"12029","NAME":"Dixie","state":"FL","wildfire_risk_score":72.933,"wildfire_eal_total":181699.62,"risk_band":"Low","source":"FEMA National Risk Index v1.20 (December 2025)"},"geometry":{"type":"MultiPolygon","coordinates":[[[[-82.918708,29.824083],[-82.903956,29.824294],[-82.91231,29.820766],[-82.918708,29.824083]]],[[[-83.414774,29.663559],[-83.398512,29.673935],[-83.373351,29.665951],[-83.363207,29.668238],[-83.365437,29.675834],[-83.35074,29.695301],[-83.344902,29.726811],[-83.347642,29.733856],[-83.343267,29.73713],[-83.345676,29.74349],[-83.336561,29.760721],[-83.319462,29.778328],[-83.318859,29.822623],[-82.920608,29.824143],[-82.930023,29.818506],[-82.935524,29.807033],[-82.933417,29.801454],[-82.91984,29.795714],[-82.937381,29.783583],[-82.949677,29.757921],[-82.93879,29.750232],[-82.949689,29.726283],[-82.943183,29.717567],[-82.946289,29.714915],[-82.954458,29.722452],[-82.956591,29.718718],[-82.937199,29.70272],[-82.957376,29.700496],[-82.959408,29.684317],[-82.954325,29.67763],[-82.959135,29.670023],[-82.951819,29.659814],[-82.957077,29.656551],[-82.956018,29.640144],[-82.973054,29.624281],[-82.967701,29.616548],[-82.97216,29.608969],[-82.963706,29.603365],[-82.954879,29.585605],[-82.948826,29.585416],[-82.94181,29.59322],[-82.937096,29.588255],[-82.944462,29.582302],[-82.947901,29.557531],[-82.977347,29.539893],[-82.978557,29.531868],[-82.969401,29.522315],[-82.97268,29.517266],[-82.982878,29.515444],[-82.984923,29.469077],[-82.989937,29.463345],[-82.999847,29.463253],[-83.021184,29.431196],[-83.016067,29.422704],[-83.017179,29.418875],[-83.026881,29.418946],[-83.022217,29.414427],[-83.025869,29.405685],[-83.02325,29.398564],[-83.032957,29.397947],[-83.033861,29.390551],[-83.045386,29.380682],[-83.064654,29.373979],[-83.062248,29.364229],[-83.072051,29.353862],[-83.060528,29.349457],[-83.090389,29.332753],[-83.098798,29.336865],[-83.10452,29.32544],[-83.111888,29.324684],[-83.112947,29.318141],[-83.142026,29.322592],[-83.148028,29.307769],[-83.158063,29.302239],[-83.164817,29.289161],[-83.169115,29.289756],[-83.165297,29.299689],[-83.174604,29.307116],[-83.156174,29.324861],[-83.172574,29.33009],[-83.173948,29.346776],[-83.179906,29.348736],[-83.1911,29.368186],[-83.202508,29.371293],[-83.202446,29.394422],[-83.211331,29.398325],[-83.218075,29.420492],[-83.228551,29.421204],[-83.230423,29.427475],[-83.240509,29.433178],[-83.263965,29.435806],[-83.272019,29.432256],[-83.293718,29.437019],[-83.289703,29.444781],[-83.296517,29.447513],[-83.31438,29.47508],[-83.33113,29.475594],[-83.339934,29.485759],[-83.350067,29.489358],[-83.356722,29.499901],[-83.370288,29.499901],[-83.379254,29.503558],[-83.383973,29.512995],[-83.400252,29.517242],[-83.401552,29.523291],[-83.395742,29.526314],[-83.40715,29.570562],[-83.39948,29.612956],[-83.401446,29.633386],[-83.414774,29.663559]]]]}},{"type":"Feature","properties":{"GEOID":"12129","NAME":"Wakulla","state":"FL","wildfire_risk_score":84.478,"wildfire_eal_total":851916.98,"risk_band":"Moderate","source":"FEMA National Risk Index v1.20 (December 2025)"},"geometry":{"type":"Polygon","coordinates":[[[-84.736557,30.26812],[-84.73217,30.267942],[-84.727661,30.275846],[-84.729207,30.287439],[-84.713351,30.30017],[-84.37842,30.3034],[-84.247673,30.303493],[-84.241222,30.274244],[-84.075539,30.273617],[-84.0760425771092,30.0954641099777],[-84.105646,30.091172],[-84.11384,30.085478],[-84.124889,30.090601],[-84.157278,30.072714],[-84.167881,30.071422],[-84.184493,30.077254],[-84.173846,30.090975],[-84.174999,30.095763],[-84.179811,30.091982],[-84.18806,30.094045],[-84.205589,30.114323],[-84.208785,30.107219],[-84.19853,30.087937],[-84.203413,30.08461],[-84.237014,30.08556],[-84.245668,30.093021],[-84.247491,30.10114],[-84.262263,30.103724],[-84.272511,30.092358],[-84.273055,30.063755],[-84.317474,30.048102],[-84.33428,30.03708],[-84.337132,30.032348],[-84.3339,30.02901],[-84.345451,30.026997],[-84.344323,30.02247],[-84.352389,30.012906],[-84.356622,30.01856],[-84.366115,30.008662],[-84.360886,29.997959],[-84.361962,29.987739],[-84.352151,29.979071],[-84.344664,29.985042],[-84.341754,29.970258],[-84.36047,29.971248],[-84.399212,29.983292],[-84.41882,29.983292],[-84.43415,29.990497],[-84.43816,29.977207],[-84.443417,29.982177],[-84.454551,29.971333],[-84.459675,29.993376],[-84.470202,30.002501],[-84.487087,29.988457],[-84.51413,29.989076],[-84.512102,29.982039],[-84.521743,29.98075],[-84.525393,29.983709],[-84.51896,29.995129],[-84.525007,30.005221],[-84.531218,30.007366],[-84.542419,30.002445],[-84.548871,30.007087],[-84.543021,30.012835],[-84.55569,30.014778],[-84.558376,30.02212],[-84.570368,30.016884],[-84.595177,30.033417],[-84.599323,30.040131],[-84.59308,30.040667],[-84.600144,30.044061],[-84.596468,30.046362],[-84.603916,30.046335],[-84.616036,30.065361],[-84.626084,30.062392],[-84.631475,30.066169],[-84.628169,30.068307],[-84.635082,30.071639],[-84.637886,30.083738],[-84.642414,30.083294],[-84.644768,30.09128],[-84.654274,30.0972],[-84.64814,30.105364],[-84.651985,30.104616],[-84.648095,30.108834],[-84.653223,30.11824],[-84.659623,30.115079],[-84.670357,30.127626],[-84.665492,30.134622],[-84.671608,30.137678],[-84.668391,30.143046],[-84.672538,30.150406],[-84.664944,30.169774],[-84.670151,30.173363],[-84.668337,30.182591],[-84.678255,30.18809],[-84.675964,30.200735],[-84.681442,30.202188],[-84.681871,30.21771],[-84.699473,30.227655],[-84.698814,30.246082],[-84.708305,30.253439],[-84.712219,30.250439],[-84.726608,30.25672],[-84.736557,30.26812]]]}},{"type":"Feature","properties":{"GEOID":"12001","NAME":"Alachua","state":"FL","wildfire_risk_score":95.165,"wildfire_eal_total":3773987.61,"risk_band":"High","source":"FEMA National Risk Index v1.20 (December 2025)"},"geometry":{"type":"Polygon","coordinates":[[[-82.658554,29.830144],[-82.652107,29.82563],[-82.641377,29.827423],[-82.634734,29.833596],[-82.631251,29.849112],[-82.617813,29.84726],[-82.622927,29.854005],[-82.619739,29.859111],[-82.606276,29.852864],[-82.586485,29.866702],[-82.59234,29.873221],[-82.592553,29.887515],[-82.579997,29.88764],[-82.580029,29.894851],[-82.575876,29.894865],[-82.575966,29.913095],[-82.579526,29.914444],[-82.567856,29.917196],[-82.554735,29.928541],[-82.541554,29.925495],[-82.530453,29.932378],[-82.529705,29.940881],[-82.524103,29.945254],[-82.484532,29.93973],[-82.469989,29.925794],[-82.461284,29.931621],[-82.453061,29.925675],[-82.446597,29.931818],[-82.433743,29.929548],[-82.422399,29.919923],[-82.412456,29.922018],[-82.397519,29.886069],[-82.375003,29.879433],[-82.362734,29.881462],[-82.35839,29.877371],[-82.334962,29.878714],[-82.323079,29.867233],[-82.314176,29.867604],[-82.313956,29.860145],[-82.305203,29.859924],[-82.305027,29.853171],[-82.281837,29.844448],[-82.271983,29.843199],[-82.244135,29.852392],[-82.233514,29.845297],[-82.208398,29.843949],[-82.19448,29.848521],[-82.173204,29.836976],[-82.133126,29.835949],[-82.129933,29.823675],[-82.123923,29.823686],[-82.124054,29.805289],[-82.117597,29.798188],[-82.117552,29.790595],[-82.108889,29.790713],[-82.109123,29.783085],[-82.079348,29.776005],[-82.08004,29.767038],[-82.088153,29.760931],[-82.073142,29.760361],[-82.057931,29.747822],[-82.055474,29.717209],[-82.049052,29.713368],[-82.056071,29.656846],[-82.056747,29.439951],[-82.071291,29.443271],[-82.070522,29.434236],[-82.080943,29.440386],[-82.088886,29.432646],[-82.086535,29.426655],[-82.094537,29.430352],[-82.095629,29.420499],[-82.099199,29.418815],[-82.095897,29.430316],[-82.101143,29.438313],[-82.119319,29.428249],[-82.134505,29.435041],[-82.14406,29.426606],[-82.140338,29.420075],[-82.145792,29.417628],[-82.151018,29.420512],[-82.150658,29.426498],[-82.153079,29.422405],[-82.167888,29.427167],[-82.175825,29.42066],[-82.193626,29.420935],[-82.213245,29.431764],[-82.211572,29.449504],[-82.217722,29.457095],[-82.212727,29.465623],[-82.204183,29.460568],[-82.193455,29.46144],[-82.199013,29.455772],[-82.191636,29.452466],[-82.188116,29.456911],[-82.203613,29.471994],[-82.20817,29.466762],[-82.214811,29.477311],[-82.211883,29.484089],[-82.496247,29.485499],[-82.496331,29.478371],[-82.556766,29.480055],[-82.557106,29.537466],[-82.656331,29.53562],[-82.658554,29.830144]]]}},{"type":"Feature","properties":{"GEOID":"12095","NAME":"Orange","state":"FL","wildfire_risk_score":97.424,"wildfire_eal_total":8995862.07,"risk_band":"High","source":"FEMA National Risk Index v1.20 (December 2025)"},"geometry":{"type":"Polygon","coordinates":[[[-81.658561,28.745827],[-81.658597,28.766442],[-81.646546,28.769812],[-81.646513,28.785872],[-81.414682,28.785564],[-81.415671,28.759748],[-81.42277,28.736915],[-81.44142,28.715096],[-81.459524,28.713264],[-81.459728,28.640196],[-81.32848,28.639628],[-81.327888,28.610501],[-80.995375,28.613172],[-80.975587,28.607838],[-80.970987,28.611155],[-80.969526,28.605194],[-80.956951,28.601906],[-80.952222,28.604244],[-80.943344,28.593668],[-80.947146,28.584969],[-80.930043,28.563217],[-80.934086,28.559333],[-80.932091,28.542893],[-80.938975,28.542024],[-80.939311,28.535018],[-80.923377,28.532728],[-80.917517,28.522983],[-80.911412,28.524569],[-80.90663,28.51161],[-80.885741,28.510312],[-80.880155,28.501165],[-80.882591,28.491491],[-80.875273,28.488696],[-80.87796,28.486445],[-80.870796,28.471355],[-80.894522,28.467039],[-80.893446,28.460068],[-80.898346,28.455084],[-80.890172,28.445285],[-80.90118,28.433158],[-80.896538,28.418746],[-80.88299,28.408156],[-80.888388,28.385468],[-80.879604,28.380421],[-80.881501,28.374586],[-80.872792,28.369612],[-80.873907,28.36158],[-80.862908,28.347487],[-81.657268,28.347098],[-81.657205,28.569827],[-81.652877,28.570946],[-81.648104,28.58448],[-81.657199,28.592567],[-81.658561,28.745827]]]}},{"type":"Feature","properties":{"GEOID":"12093","NAME":"Okeechobee","state":"FL","wildfire_risk_score":89.854,"wildfire_eal_total":854987.9,"risk_band":"Moderate","source":"FEMA National Risk Index v1.20 (December 2025)"},"geometry":{"type":"Polygon","coordinates":[[[-81.213926,27.529471],[-81.208356,27.529907],[-81.209241,27.535482],[-81.202471,27.539396],[-81.205979,27.547344],[-81.200148,27.546141],[-81.185094,27.558937],[-81.177958,27.557707],[-81.168248,27.57302],[-81.160169,27.574694],[-81.160684,27.570921],[-81.156551,27.574975],[-81.155146,27.591824],[-81.140472,27.601302],[-81.144732,27.616986],[-81.142164,27.643238],[-80.778047,27.643195],[-80.777166,27.558733],[-80.679659,27.558736],[-80.677427,27.121619],[-80.885639,26.958919],[-80.870236,27.152273],[-80.880353,27.164856],[-80.878517,27.168829],[-80.890522,27.164233],[-80.897847,27.165958],[-80.897651,27.170544],[-80.903478,27.16909],[-80.910019,27.174622],[-80.906403,27.189049],[-80.917465,27.189957],[-80.931186,27.200223],[-80.934756,27.196247],[-80.948255,27.222338],[-80.955613,27.223346],[-80.964714,27.215866],[-80.985279,27.231644],[-80.980542,27.245979],[-80.99262,27.250311],[-81.000634,27.267602],[-80.994598,27.297326],[-80.999867,27.296037],[-81.005034,27.302725],[-81.013306,27.297313],[-81.01623,27.301896],[-81.024673,27.301807],[-81.032962,27.319698],[-81.029831,27.323243],[-81.044109,27.329673],[-81.042067,27.347631],[-81.034436,27.350315],[-81.03493,27.34545],[-81.030733,27.35152],[-81.034393,27.359],[-81.051145,27.363018],[-81.050021,27.370659],[-81.060928,27.37374],[-81.068402,27.382346],[-81.080771,27.385731],[-81.098335,27.379079],[-81.121296,27.389808],[-81.12674,27.401356],[-81.125866,27.401233],[-81.123491,27.402517],[-81.123217,27.402944],[-81.143814,27.41195],[-81.139054,27.434007],[-81.144872,27.445007],[-81.172643,27.462948],[-81.170888,27.467658],[-81.182505,27.483673],[-81.205096,27.489702],[-81.199437,27.515046],[-81.207719,27.51789],[-81.213926,27.529471]]]}},{"type":"Feature","properties":{"GEOID":"12107","NAME":"Putnam","state":"FL","wildfire_risk_score":90.522,"wildfire_eal_total":1052968.1,"risk_band":"High","source":"FEMA National Risk Index v1.20 (December 2025)"},"geometry":{"type":"Polygon","coordinates":[[[-82.056071,29.656846],[-82.049052,29.713368],[-82.055625,29.718232],[-82.028917,29.718681],[-82.00707,29.73949],[-81.991073,29.743952],[-81.939427,29.747497],[-81.929094,29.759356],[-81.923497,29.780919],[-81.914192,29.791399],[-81.861994,29.800187],[-81.81243,29.83649],[-81.581207,29.840176],[-81.564171,29.798517],[-81.546297,29.781825],[-81.541235,29.770001],[-81.52523,29.759497],[-81.520467,29.496513],[-81.487594,29.448251],[-81.485994,29.424151],[-81.476293,29.396152],[-81.454998,29.389652],[-81.433583,29.398166],[-81.440346,29.385336],[-81.450892,29.378464],[-81.680903,29.32443],[-81.675403,29.338646],[-81.656256,29.338243],[-81.668525,29.371704],[-81.741422,29.371049],[-81.74183,29.42994],[-81.774905,29.429249],[-81.776205,29.487448],[-81.842779,29.486533],[-81.843009,29.521004],[-81.88794,29.5092],[-81.901689,29.515955],[-81.911821,29.503968],[-81.931821,29.516445],[-81.964158,29.503814],[-82.004385,29.501715],[-82.032026,29.491368],[-82.055899,29.471232],[-82.056071,29.656846]]]}},{"type":"Feature","properties":{"GEOID":"12039","NAME":"Gadsden","state":"FL","wildfire_risk_score":79.612,"wildfire_eal_total":246176.08,"risk_band":"Low","source":"FEMA National Risk Index v1.20 (December 2025)"},"geometry":{"type":"Polygon","coordinates":[[[-84.931919,30.606893],[-84.905619,30.621993],[-84.903419,30.638492],[-84.893019,30.646692],[-84.88812,30.663092],[-84.87492,30.671992],[-84.858341,30.696621],[-84.864693,30.711542],[-84.2825612156871,30.6853214444398],[-84.297497,30.682522],[-84.300482,30.673835],[-84.303498,30.677686],[-84.305324,30.670208],[-84.299213,30.66126],[-84.304058,30.657024],[-84.299378,30.653531],[-84.300583,30.640068],[-84.324759,30.618112],[-84.332107,30.596494],[-84.340864,30.600213],[-84.34634,30.591941],[-84.355424,30.591189],[-84.378384,30.573467],[-84.38199,30.563025],[-84.37906,30.559285],[-84.388284,30.549325],[-84.391587,30.531492],[-84.388303,30.526218],[-84.393757,30.520741],[-84.391824,30.516929],[-84.395915,30.517165],[-84.392423,30.514838],[-84.404956,30.507737],[-84.404564,30.499116],[-84.396326,30.489896],[-84.402926,30.475769],[-84.420939,30.463664],[-84.423959,30.467369],[-84.43481,30.466107],[-84.437886,30.46124],[-84.452614,30.46238],[-84.460506,30.455908],[-84.495307,30.460298],[-84.504385,30.450906],[-84.520177,30.451475],[-84.530567,30.439802],[-84.546396,30.440046],[-84.545889,30.436857],[-84.559462,30.434025],[-84.561463,30.437912],[-84.580092,30.417346],[-84.591357,30.411751],[-84.60692,30.416136],[-84.613173,30.40999],[-84.623591,30.40954],[-84.647668,30.394612],[-84.646408,30.388281],[-84.680632,30.387973],[-84.680525,30.417269],[-84.714124,30.417199],[-84.714097,30.460401],[-84.781111,30.459794],[-84.781813,30.518693],[-84.815618,30.518491],[-84.815816,30.533093],[-84.882616,30.533094],[-84.883316,30.605589],[-84.931919,30.606893]]]}},{"type":"Feature","properties":{"GEOID":"12055","NAME":"Highlands","state":"FL","wildfire_risk_score":92.716,"wildfire_eal_total":1253009.84,"risk_band":"High","source":"FEMA National Risk Index v1.20 (December 2025)"},"geometry":{"type":"Polygon","coordinates":[[[-81.564086,27.373302],[-81.563533,27.646645],[-81.142164,27.643238],[-81.144732,27.616986],[-81.140472,27.601302],[-81.155146,27.591824],[-81.156551,27.574975],[-81.160684,27.570921],[-81.160169,27.574694],[-81.168248,27.57302],[-81.177958,27.557707],[-81.185094,27.558937],[-81.200148,27.546141],[-81.205979,27.547344],[-81.202471,27.539396],[-81.209241,27.535482],[-81.208356,27.529907],[-81.214284,27.528709],[-81.207719,27.51789],[-81.199437,27.515046],[-81.205096,27.489702],[-81.182505,27.483673],[-81.170888,27.467658],[-81.172643,27.462948],[-81.144872,27.445007],[-81.139054,27.434007],[-81.143814,27.41195],[-81.123217,27.402944],[-81.12674,27.401356],[-81.121296,27.389808],[-81.098335,27.379079],[-81.080771,27.385731],[-81.068402,27.382346],[-81.060928,27.37374],[-81.050021,27.370659],[-81.051145,27.363018],[-81.034393,27.359],[-81.030733,27.35152],[-81.03493,27.34545],[-81.034436,27.350315],[-81.042067,27.347631],[-81.044109,27.329673],[-81.029831,27.323243],[-81.032962,27.319698],[-81.024673,27.301807],[-81.01623,27.301896],[-81.013306,27.297313],[-81.005034,27.302725],[-80.999867,27.296037],[-80.994598,27.297326],[-81.000634,27.267602],[-80.99262,27.250311],[-80.980542,27.245979],[-80.985279,27.231644],[-80.964714,27.215866],[-80.951048,27.224228],[-80.940676,27.205939],[-80.961824,27.210771],[-81.169138,27.209585],[-81.168281,27.121734],[-81.267677,27.121097],[-81.267216,27.032474],[-81.33301,27.032367],[-81.33301,27.039621],[-81.341801,27.039726],[-81.342661,27.032319],[-81.562531,27.033687],[-81.564086,27.373302]]]}},{"type":"Feature","properties":{"GEOID":"12133","NAME":"Washington","state":"FL","wildfire_risk_score":60.274,"wildfire_eal_total":74713.7,"risk_band":"Low","source":"FEMA National Risk Index v1.20 (December 2025)"},"geometry":{"type":"Polygon","coordinates":[[[-85.993596,30.405082],[-85.979221,30.432579],[-85.968872,30.435754],[-85.969113,30.431105],[-85.962415,30.440585],[-85.935938,30.445245],[-85.916153,30.438502],[-85.90272,30.442441],[-85.889359,30.47114],[-85.885732,30.471509],[-85.886454,30.465917],[-85.87802,30.466845],[-85.871479,30.482134],[-85.859769,30.490134],[-85.858001,30.496905],[-85.865745,30.498277],[-85.868244,30.50704],[-85.878047,30.504366],[-85.883821,30.507842],[-85.879126,30.512158],[-85.887563,30.518546],[-85.882365,30.520951],[-85.887063,30.527957],[-85.880595,30.534983],[-85.877278,30.53195],[-85.879827,30.556205],[-85.890553,30.563845],[-85.889052,30.581537],[-85.893485,30.580814],[-85.89535,30.58635],[-85.909458,30.586877],[-85.909406,30.598012],[-85.915921,30.596788],[-85.908276,30.612476],[-85.913367,30.616374],[-85.91104,30.630867],[-85.915174,30.636974],[-85.901395,30.64759],[-85.896987,30.645705],[-85.890601,30.656452],[-85.867122,30.66313],[-85.875612,30.668466],[-85.870913,30.669634],[-85.875493,30.680836],[-85.867344,30.680492],[-85.863308,30.68549],[-85.865821,30.691146],[-85.857988,30.698574],[-85.844421,30.70313],[-85.84051,30.711508],[-85.834978,30.710604],[-85.839774,30.717283],[-85.833567,30.7213],[-85.834751,30.726316],[-85.831696,30.723038],[-85.82512,30.726091],[-85.828521,30.729859],[-85.822585,30.738787],[-85.82998,30.740576],[-85.824303,30.743999],[-85.833018,30.75],[-85.827737,30.752245],[-85.832537,30.758504],[-85.828455,30.76068],[-85.82769,30.774889],[-85.816361,30.782555],[-85.821616,30.790775],[-85.751928,30.78961],[-85.751979,30.775706],[-85.735115,30.775292],[-85.736051,30.74637],[-85.685151,30.744582],[-85.619011,30.743868],[-85.62114,30.7708],[-85.603317,30.796275],[-85.599934,30.830552],[-85.482276,30.829509],[-85.482718,30.785892],[-85.432274,30.785457],[-85.434782,30.56756],[-85.486358,30.567574],[-85.487988,30.437017],[-85.8535,30.440623],[-85.883984,30.410253],[-85.898575,30.410926],[-85.907638,30.405819],[-85.923934,30.416379],[-85.940246,30.408622],[-85.964967,30.410708],[-85.976375,30.395994],[-85.992736,30.38932],[-85.993596,30.405082]]]}},{"type":"Feature","properties":{"GEOID":"12017","NAME":"Citrus","state":"FL","wildfire_risk_score":90.458,"wildfire_eal_total":1001416.32,"risk_band":"Moderate","source":"FEMA National Risk Index v1.20 (December 2025)"},"geometry":{"type":"MultiPolygon","coordinates":[[[[-82.757334,28.800728],[-82.742123,28.803228],[-82.723815,28.790452],[-82.736707,28.77371],[-82.747481,28.783381],[-82.749253,28.797604],[-82.757334,28.800728]]],[[[-82.756278,28.996346],[-82.755421,29.001865],[-82.741897,29.011415],[-82.727945,29.014914],[-82.716921,29.027904],[-82.702833,29.032821],[-82.689814,29.033962],[-82.672863,29.025502],[-82.640988,29.021461],[-82.612653,29.009271],[-82.602131,29.013451],[-82.596641,29.029178],[-82.576974,29.028065],[-82.535591,29.044855],[-82.534922,29.040866],[-82.530378,29.043627],[-82.520483,29.039788],[-82.511583,29.043234],[-82.508131,29.037479],[-82.487118,29.048375],[-82.488072,29.051449],[-82.472923,29.051203],[-82.46349,29.044641],[-82.458911,29.047651],[-82.418226,29.01305],[-82.401637,29.018996],[-82.393503,29.008006],[-82.386871,29.009262],[-82.37698,29.000696],[-82.363933,29.001811],[-82.361575,28.993649],[-82.315836,28.973271],[-82.311268,28.958428],[-82.297091,28.948354],[-82.295944,28.938397],[-82.289992,28.935593],[-82.273585,28.897216],[-82.242529,28.876813],[-82.231952,28.856582],[-82.183637,28.823626],[-82.179307,28.803316],[-82.169289,28.791929],[-82.186898,28.779501],[-82.187943,28.77124],[-82.182241,28.768879],[-82.18628,28.760468],[-82.207314,28.756874],[-82.249076,28.717772],[-82.248472,28.701862],[-82.25997,28.682723],[-82.263052,28.667634],[-82.417785,28.665898],[-82.418353,28.694859],[-82.6745857464645,28.6940608503586],[-82.675097,28.698205],[-82.691031,28.701717],[-82.704807,28.714465],[-82.720838,28.713698],[-82.715027,28.726971],[-82.708372,28.72843],[-82.704807,28.735933],[-82.690071,28.736559],[-82.697914,28.747604],[-82.697201,28.774065],[-82.702545,28.777431],[-82.691497,28.792188],[-82.713126,28.799687],[-82.715027,28.806352],[-82.738695,28.824796],[-82.736589,28.835913],[-82.727624,28.839253],[-82.733827,28.852194],[-82.727888,28.871251],[-82.689775,28.885495],[-82.688864,28.905609],[-82.695775,28.910433],[-82.691972,28.916051],[-82.701479,28.919379],[-82.696013,28.930821],[-82.708793,28.935979],[-82.723861,28.953506],[-82.725723,28.962227],[-82.743669,28.97019],[-82.743582,28.978194],[-82.757165,28.985952],[-82.751981,28.98797],[-82.7594208602979,28.992412212969],[-82.756278,28.996346]]]]}},{"type":"Feature","properties":{"GEOID":"12087","NAME":"Monroe","state":"FL","wildfire_risk_score":61.896,"wildfire_eal_total":85163.85,"risk_band":"Low","source":"FEMA National Risk Index v1.20 (December 2025)"},"geometry":{"type":"MultiPolygon","coordinates":[[[[-82.148868,24.551646],[-82.145184,24.552511],[-82.144114,24.551321],[-82.146016,24.548943],[-82.148868,24.551646]]],[[[-82.165664,24.556589],[-82.16452,24.563393],[-82.156711,24.56613],[-82.162653,24.561158],[-82.16301,24.553808],[-82.157068,24.553483],[-82.156426,24.549107],[-82.162638,24.549708],[-82.165664,24.556589]]],[[[-82.8752,24.629252],[-82.863299,24.628879],[-82.862886,24.625699],[-82.873656,24.626469],[-82.8752,24.629252]]],[[[-82.92429,24.630827],[-82.921802,24.633418],[-82.91672,24.636246],[-82.926114,24.628051],[-82.92429,24.630827]]],[[[-80.296177,25.327095],[-80.293668,25.326819],[-80.293713,25.324611],[-80.296776,25.325538],[-80.296177,25.327095]]],[[[-80.3794,25.296829],[-80.3761037521012,25.3058748956487],[-80.372449,25.287102],[-80.379136596166,25.288301994072],[-80.3794,25.296829]]],[[[-80.460852,25.050808],[-80.448638,25.053666],[-80.446311,25.052813],[-80.455781,25.048353],[-80.460852,25.050808]]],[[[-80.480673,25.116026],[-80.476915,25.114316],[-80.475942,25.10832],[-80.482307,25.112364],[-80.480673,25.116026]]],[[[-80.482614,25.086431],[-80.480475,25.092673],[-80.473939,25.093642],[-80.477742,25.103543],[-80.468829,25.092027],[-80.482614,25.086431]]],[[[-80.498063,25.102682],[-80.490794,25.10354],[-80.486179,25.1086],[-80.494498,25.097839],[-80.498063,25.102682]]],[[[-80.502891,25.076204],[-80.499054,25.080866],[-80.49285,25.079996],[-80.498465,25.075912],[-80.502891,25.076204]]],[[[-80.510599,25.138971],[-80.505356,25.137824],[-80.507737,25.13096],[-80.509163,25.13139],[-80.510599,25.138971]]],[[[-80.514404,25.150354],[-80.509337,25.155186],[-80.505434,25.148743],[-80.506644,25.147339],[-80.514404,25.150354]]],[[[-80.518681,25.08598],[-80.511144,25.083179],[-80.510588,25.081913],[-80.517832,25.083],[-80.518681,25.08598]]],[[[-80.545464,25.183296],[-80.535783,25.187001],[-80.535636,25.195097],[-80.530332,25.187603],[-80.545464,25.183296]]],[[[-80.553221,25.161413],[-80.550058,25.161854],[-80.555867,25.158177],[-80.553221,25.161413]]],[[[-80.559789,25.064558],[-80.558136,25.06596],[-80.555844,25.072206],[-80.552658,25.062944],[-80.559789,25.064558]]],[[[-80.570603,25.131175],[-80.564955,25.127871],[-80.567972,25.122476],[-80.567731,25.125708],[-80.570603,25.131175]]],[[[-80.570841,25.148065],[-80.565018,25.149679],[-80.557233,25.140384],[-80.561944,25.13957],[-80.5655,25.148438],[-80.570841,25.148065]]],[[[-80.574168,25.104597],[-80.567157,25.108256],[-80.567632,25.119124],[-80.560739,25.107395],[-80.574168,25.104597]]],[[[-80.57905,25.159949],[-80.572928,25.156745],[-80.575119,25.148388],[-80.576426,25.150217],[-80.57905,25.159949]]],[[[-80.589027,25.060463],[-80.582693,25.061169],[-80.583278,25.056946],[-80.588246,25.056483],[-80.589027,25.060463]]],[[[-80.607696,25.174917],[-80.586631,25.171442],[-80.586799,25.16264],[-80.599853,25.163732],[-80.607696,25.174917]]],[[[-80.619408,25.071509],[-80.610627,25.074975],[-80.610058,25.070371],[-80.60553,25.070358],[-80.60982,25.06585],[-80.607919,25.056915],[-80.613385,25.056161],[-80.613375,25.068715],[-80.619408,25.071509]]],[[[-80.619782,25.002903],[-80.615531,25.007777],[-80.612751,25.00666],[-80.614146,25.003219],[-80.619782,25.002903]]],[[[-80.627171,25.000401],[-80.626002,25.002625],[-80.622785,24.999997],[-80.623887,24.998781],[-80.627171,25.000401]]],[[[-80.627357,24.959814],[-80.625146,24.961366],[-80.623882,24.963673],[-80.623203,24.95862],[-80.627357,24.959814]]],[[[-80.637434,25.027073],[-80.634152,25.028118],[-80.631628,25.025463],[-80.634227,25.024297],[-80.637434,25.027073]]],[[[-80.648224,25.05087],[-80.644777,25.052808],[-80.641141,25.049794],[-80.644236,25.046938],[-80.648224,25.05087]]],[[[-80.649208,25.035533],[-80.64586,25.036275],[-80.646338,25.033159],[-80.648532,25.032356],[-80.649208,25.035533]]],[[[-80.653553,24.982826],[-80.650226,24.989504],[-80.646576,24.987369],[-80.652685,24.980814],[-80.653553,24.982826]]],[[[-80.658672,25.107111],[-80.643482,25.112081],[-80.638759,25.12075],[-80.647439,25.130689],[-80.647439,25.138662],[-80.637482,25.137276],[-80.642907,25.131858],[-80.632135,25.118588],[-80.638375,25.106499],[-80.646163,25.102488],[-80.640778,25.095031],[-80.644248,25.0885],[-80.637616,25.082874],[-80.640643,25.073373],[-80.649134,25.07827],[-80.651396,25.100291],[-80.658672,25.107111]]],[[[-80.661032,24.900218],[-80.64971,24.913527],[-80.643333,24.912843],[-80.622851,24.931484],[-80.623184,24.94671],[-80.616234,24.9431],[-80.610885,24.952748],[-80.597629,24.950339],[-80.598839,24.966149],[-80.594436,24.967921],[-80.586599,24.961732],[-80.582399,24.967103],[-80.569425,24.961989],[-80.558405,24.971294],[-80.552841,24.989163],[-80.542866,25.001374],[-80.543826,25.013973],[-80.526858,25.01826],[-80.515889,25.014728],[-80.513933,25.027883],[-80.507726,25.029555],[-80.496741,25.047011],[-80.483781,25.054568],[-80.461051,25.07911],[-80.460272,25.087507],[-80.465739,25.091704],[-80.459203,25.092888],[-80.453855,25.087184],[-80.433296,25.107847],[-80.438406,25.119253],[-80.461342,25.132487],[-80.457047,25.141617],[-80.461858,25.160108],[-80.451868,25.178584],[-80.443991,25.182936],[-80.442684,25.191647],[-80.465501,25.211755],[-80.479434,25.213764],[-80.4878663659058,25.2081547368277],[-80.487034,25.212306],[-80.494872,25.216014],[-80.495133,25.226062],[-80.487318,25.228728],[-80.482826,25.224786],[-80.476199,25.230662],[-80.468432,25.230185],[-80.467149,25.234727],[-80.444459,25.240156],[-80.443077,25.244313],[-80.435381,25.240497],[-80.435957,25.235812],[-80.41887,25.23631],[-80.418649,25.244749],[-80.410955,25.253466],[-80.3978630482615,25.2534798450631],[-80.399783,25.238417],[-80.413568,25.235514],[-80.41333,25.225086],[-80.420461,25.21197],[-80.416658,25.198744],[-80.397406,25.191755],[-80.380531,25.20025],[-80.37447,25.197561],[-80.371855,25.20628],[-80.352841,25.207561],[-80.334421,25.240459],[-80.332163,25.263031],[-80.342502,25.267329],[-80.344166,25.276572],[-80.360328,25.279151],[-80.365913,25.285383],[-80.356627,25.283601],[-80.339831,25.290852],[-80.332688,25.285338],[-80.325708,25.288098],[-80.29046,25.315202],[-80.273694,25.347153],[-80.266973,25.352063],[-80.25765,25.350698],[-80.260502,25.346402],[-80.253015,25.338346],[-80.26,25.324851],[-80.276087,25.313047],[-80.283921,25.290376],[-80.31587,25.238924],[-80.334599,25.216204],[-80.34352,25.195453],[-80.367339,25.16874],[-80.349847,25.168936],[-80.358183,25.153228],[-80.369522,25.149915],[-80.377137,25.130342],[-80.400057,25.106026],[-80.41738,25.098856],[-80.423907,25.104403],[-80.443152,25.076188],[-80.472137,25.061535],[-80.493631,25.038826],[-80.489573,25.030024],[-80.494524,25.023053],[-80.509597,25.014348],[-80.518365,25.001961],[-80.531814,24.99825],[-80.565779,24.957096],[-80.598084,24.947435],[-80.636338,24.912276],[-80.657695,24.897354],[-80.661032,24.900218]]],[[[-80.665556,24.989396],[-80.661826,24.995273],[-80.654271,24.994916],[-80.657594,24.987781],[-80.665556,24.989396]]],[[[-80.669088,25.035768],[-80.66464,25.037154],[-80.664029,25.033643],[-80.668406,25.033527],[-80.669088,25.035768]]],[[[-80.669914,24.923468],[-80.665154,24.928158],[-80.660828,24.924028],[-80.666389,24.918518],[-80.669914,24.923468]]],[[[-80.671843,24.988712],[-80.670085,24.990165],[-80.666745,24.987242],[-80.667322,24.986395],[-80.671843,24.988712]]],[[[-80.680244,25.100754],[-80.6745,25.104106],[-80.666932,25.095962],[-80.68042,25.099282],[-80.680244,25.100754]]],[[[-80.680636,25.032945],[-80.678061,25.035262],[-80.673729,25.032916],[-80.676237,25.03099],[-80.680636,25.032945]]],[[[-80.684712,25.114624],[-80.684074,25.122946],[-80.679479,25.123177],[-80.675904,25.114509],[-80.680627,25.117629],[-80.684712,25.114624]]],[[[-80.685989,25.030594],[-80.682053,25.03072],[-80.682111,25.025314],[-80.687065,25.027197],[-80.685989,25.030594]]],[[[-80.700645,25.055092],[-80.695635,25.062084],[-80.692643,25.060086],[-80.69448,25.050071],[-80.700645,25.055092]]],[[[-80.702173,25.09877],[-80.700157,25.101447],[-80.700892,25.108069],[-80.697222,25.098326],[-80.702173,25.09877]]],[[[-80.701562,25.122599],[-80.694541,25.122252],[-80.694413,25.119941],[-80.700903,25.11582],[-80.701562,25.122599]]],[[[-80.704003,24.902058],[-80.698058,24.908869],[-80.693404,24.899532],[-80.70259,24.897037],[-80.704003,24.902058]]],[[[-80.714958,25.140795],[-80.711135,25.143054],[-80.699647,25.125719],[-80.706017,25.128904],[-80.714958,25.140795]]],[[[-80.714756,25.149787],[-80.710953,25.145806],[-80.711309,25.144408],[-80.714637,25.146559],[-80.714756,25.149787]]],[[[-80.728296,25.094736],[-80.725196,25.099155],[-80.723231,25.098128],[-80.724637,25.093824],[-80.728296,25.094736]]],[[[-80.731633,24.995539],[-80.730093,25.002447],[-80.723687,25.005051],[-80.726251,24.996229],[-80.731633,24.995539]]],[[[-80.737149,25.065548],[-80.734321,25.072157],[-80.731781,25.068012],[-80.728203,25.070893],[-80.727989,25.062618],[-80.737149,25.065548]]],[[[-80.739,25.010466],[-80.735532,25.005445],[-80.736917,25.002469],[-80.740108,25.008277],[-80.739,25.010466]]],[[[-80.7410595553448,24.853715041322],[-80.732966,24.864315],[-80.718511,24.863004],[-80.704666,24.872551],[-80.704085,24.880301],[-80.690651,24.884221],[-80.703332,24.868351],[-80.735175,24.848822],[-80.7410595553448,24.853715041322]]],[[[-80.759065,25.032709],[-80.754511,25.03908],[-80.75567,25.030914],[-80.749596,25.027061],[-80.759065,25.032709]]],[[[-80.762529,25.145268],[-80.760509,25.146344],[-80.758845,25.145268],[-80.760886,25.143528],[-80.762529,25.145268]]],[[[-80.788172,24.940462],[-80.783891,24.940841],[-80.782672,24.939327],[-80.784714,24.936768],[-80.788172,24.940462]]],[[[-80.791243,25.025307],[-80.786301,25.026556],[-80.785232,25.024756],[-80.789232,25.023182],[-80.791243,25.025307]]],[[[-80.792239,25.131713],[-80.789268,25.132036],[-80.781182,25.122027],[-80.786703,25.124423],[-80.792239,25.131713]]],[[[-80.791594,25.094558],[-80.78567,25.092476],[-80.787672,25.089118],[-80.791123,25.09147],[-80.791594,25.094558]]],[[[-80.792444,25.071177],[-80.788673,25.071034],[-80.787519,25.068677],[-80.7923,25.067924],[-80.792444,25.071177]]],[[[-80.832726,24.993469],[-80.829887,24.994453],[-80.827909,24.987926],[-80.829765,24.987682],[-80.832726,24.993469]]],[[[-80.834154,25.119772],[-80.832298,25.121699],[-80.828657,25.114961],[-80.830858,25.115236],[-80.834154,25.119772]]],[[[-80.848245,24.805826],[-80.830486,24.812394],[-80.808878,24.833527],[-80.790477,24.84295],[-80.810211,24.824176],[-80.80733,24.818698],[-80.799647,24.817453],[-80.788397,24.825326],[-80.794531,24.81205],[-80.824377,24.812375],[-80.84669,24.802757],[-80.848245,24.805826]]],[[[-80.852636,25.109865],[-80.850375,25.110719],[-80.849757,25.108473],[-80.851471,25.107736],[-80.852636,25.109865]]],[[[-80.865385,25.032385],[-80.8626,25.03396],[-80.860895,25.031059],[-80.865342,25.029951],[-80.865385,25.032385]]],[[[-80.883118,25.110668],[-80.880821,25.119213],[-80.876534,25.117168],[-80.876076,25.110876],[-80.883118,25.110668]]],[[[-80.887311,25.059835],[-80.884814,25.061199],[-80.883582,25.059878],[-80.885359,25.058095],[-80.887311,25.059835]]],[[[-80.904955,25.051648],[-80.901776,25.052214],[-80.901583,25.050331],[-80.904055,25.04966],[-80.904955,25.051648]]],[[[-80.909391,25.133438],[-80.904231,25.137429],[-80.900209,25.137411],[-80.905406,25.132562],[-80.909391,25.133438]]],[[[-80.914995,25.108624],[-80.91202,25.110325],[-80.907814,25.102897],[-80.911067,25.101951],[-80.914995,25.108624]]],[[[-80.923153,24.766678],[-80.916736,24.770563],[-80.91531,24.7779],[-80.90876,24.777604],[-80.907616,24.76862],[-80.923153,24.766678]]],[[[-80.931591,24.768729],[-80.926006,24.768944],[-80.926362,24.765923],[-80.931531,24.763398],[-80.931591,24.768729]]],[[[-80.931574,25.080643],[-80.929533,25.08089],[-80.925168,25.080554],[-80.929877,25.078468],[-80.931574,25.080643]]],[[[-80.943413,25.108626],[-80.935317,25.111092],[-80.932481,25.109231],[-80.941642,25.10617],[-80.943413,25.108626]]],[[[-81.124761,24.707129],[-81.077617,24.721333],[-81.076932,24.71649],[-81.065405,24.720916],[-81.061451,24.728992],[-81.041593,24.743278],[-81.02595,24.733546],[-81.016918,24.734676],[-80.994426,24.743991],[-80.987198,24.754521],[-80.988683,24.76016],[-80.979959,24.752865],[-80.953814,24.770887],[-80.949417,24.765923],[-80.939065,24.774565],[-80.931416,24.774344],[-81.015933,24.719881],[-81.023794,24.716901],[-81.029457,24.721116],[-81.029753,24.728149],[-81.067135,24.714931],[-81.075855,24.704266],[-81.0773,24.689974],[-81.108041,24.688592],[-81.124761,24.707129]]],[[[-81.230997,24.782133],[-81.227978,24.781785],[-81.226135,24.775721],[-81.230055,24.776859],[-81.230997,24.782133]]],[[[-81.280808,24.655625],[-81.260006,24.674848],[-81.243232,24.673998],[-81.244761,24.669202],[-81.280808,24.655625]]],[[[-81.295626,24.777344],[-81.293233,24.780834],[-81.287758,24.776352],[-81.285734,24.768242],[-81.295626,24.777344]]],[[[-81.314255,24.752541],[-81.306097,24.757079],[-81.298959,24.743645],[-81.314255,24.750815],[-81.314255,24.752541]]],[[[-81.327073,24.763855],[-81.324221,24.76706],[-81.317345,24.75675],[-81.324,24.759556],[-81.327073,24.763855]]],[[[-81.330645,24.729531],[-81.325189,24.730955],[-81.328397,24.750275],[-81.303679,24.732466],[-81.297401,24.716732],[-81.303253,24.714029],[-81.312767,24.727354],[-81.330645,24.729531]]],[[[-81.342183,24.739158],[-81.333626,24.744231],[-81.332081,24.732682],[-81.332913,24.731603],[-81.342183,24.739158]]],[[[-81.355986,25.703526],[-81.341238,25.712577],[-81.336009,25.707865],[-81.338242,25.692895],[-81.355624,25.692516],[-81.355986,25.703526]]],[[[-81.444252,24.635283],[-81.441716,24.636031],[-81.440873,24.632971],[-81.444312,24.632921],[-81.444252,24.635283]]],[[[-81.4700316575126,25.8035785650911],[-80.873096,25.805377],[-80.87319,25.363993],[-80.862191,25.364193],[-80.8578514508822,25.1766112834722],[-80.87546,25.174321],[-80.88552,25.165241],[-80.900066,25.162034],[-80.900577,25.139669],[-80.915924,25.141301],[-80.943216,25.134443],[-80.945543,25.128436],[-80.949819,25.134442],[-80.971765,25.133958],[-80.999176,25.124222],[-81.022989,25.129393],[-81.050505,25.128273],[-81.08393,25.116194],[-81.090666,25.11791],[-81.097261,25.131273],[-81.120616,25.152302],[-81.140985,25.157189],[-81.142278,25.183],[-81.149017,25.19771],[-81.172044,25.222276],[-81.170907,25.245857],[-81.148103,25.332793],[-81.133913,25.342996],[-81.12141,25.33875],[-81.117265,25.354953],[-81.12514,25.361214],[-81.123048,25.379116],[-81.141395,25.381358],[-81.150508,25.387255],[-81.146765,25.407577],[-81.167109,25.450878],[-81.16797,25.469489],[-81.18898,25.480728],[-81.209707,25.506491],[-81.204389,25.538908],[-81.209321,25.548611],[-81.220044,25.553667],[-81.233577,25.568906],[-81.242839,25.592381],[-81.241708,25.606524],[-81.271489,25.61434],[-81.273325,25.638499],[-81.283007,25.644887],[-81.28372,25.653672],[-81.289899,25.654315],[-81.284907,25.668884],[-81.291853,25.672484],[-81.287523,25.679379],[-81.290328,25.687506],[-81.346078,25.721473],[-81.355248,25.728727],[-81.360159,25.741793],[-81.381881,25.74919],[-81.381406,25.775519],[-81.389012,25.781297],[-81.41504,25.78435],[-81.423989,25.79372],[-81.441368,25.799226],[-81.457889,25.797754],[-81.4700316575126,25.8035785650911]]],[[[-81.482815,24.618093],[-81.469039,24.613155],[-81.467665,24.609973],[-81.471471,24.609851],[-81.482815,24.618093]]],[[[-81.812306,24.567331],[-81.810945,24.569536],[-81.809588,24.569509],[-81.810805,24.566],[-81.812306,24.567331]]],[[[-81.812048,24.548805],[-81.80718,24.561532],[-81.799854,24.564471],[-81.799495,24.594168],[-81.795377,24.592868],[-81.794012,24.575749],[-81.766441,24.586015],[-81.752834,24.580234],[-81.721995,24.606654],[-81.728349,24.617577],[-81.765336,24.632626],[-81.754281,24.654043],[-81.701315,24.677724],[-81.672338,24.699514],[-81.656509,24.702905],[-81.643866,24.712345],[-81.584599,24.736696],[-81.571151,24.756354],[-81.561432,24.760378],[-81.515804,24.756165],[-81.498101,24.792574],[-81.44351,24.813364],[-81.439636,24.803745],[-81.457964,24.781839],[-81.451517,24.76687],[-81.420203,24.777992],[-81.405467,24.792709],[-81.371822,24.779089],[-81.365506,24.7693],[-81.366307,24.742396],[-81.359415,24.72858],[-81.341826,24.707098],[-81.319603,24.702672],[-81.308831,24.664632],[-81.296895,24.655382],[-81.394795,24.621135],[-81.401889,24.623544],[-81.406403,24.64246],[-81.412537,24.646732],[-81.43571,24.65073],[-81.443915,24.642677],[-81.446881,24.65343],[-81.480512,24.644573],[-81.505944,24.65451],[-81.510768,24.625669],[-81.519025,24.618812],[-81.559184,24.609571],[-81.604333,24.586164],[-81.665142,24.573258],[-81.685243,24.558676],[-81.735331,24.556827],[-81.803556,24.544506],[-81.812536,24.545469],[-81.812048,24.548805]]],[[[-81.815293,24.56284],[-81.812797,24.563589],[-81.812259,24.560775],[-81.814591,24.560424],[-81.815293,24.56284]]],[[[-81.89309,24.562733],[-81.885878,24.562968],[-81.883743,24.56033],[-81.888228,24.557772],[-81.89309,24.562733]]],[[[-81.923515,24.602646],[-81.92308,24.606625],[-81.919472,24.60548],[-81.921082,24.60129],[-81.923515,24.602646]]],[[[-81.925132,24.54482],[-81.921328,24.54848],[-81.916766,24.545353],[-81.924892,24.539964],[-81.925132,24.54482]]],[[[-81.928337,24.529245],[-81.925584,24.532863],[-81.917725,24.530521],[-81.925995,24.526514],[-81.928337,24.529245]]],[[[-81.964362,24.525122],[-81.963085,24.524966],[-81.963069,24.521311],[-81.964274,24.521304],[-81.964362,24.525122]]],[[[-81.978873,24.524629],[-81.970856,24.526957],[-81.968177,24.523495],[-81.978544,24.523246],[-81.978873,24.524629]]],[[[-82.009772,24.534914],[-82.007484,24.537902],[-81.998308,24.530863],[-82.006453,24.527437],[-82.009772,24.534914]]],[[[-82.145407,24.5899],[-82.130023,24.597508],[-82.108117,24.590619],[-82.100233,24.580564],[-82.101336,24.565497],[-82.116087,24.549544],[-82.133537,24.550024],[-82.114167,24.558672],[-82.110364,24.568616],[-82.118088,24.569696],[-82.125694,24.585367],[-82.139479,24.590662],[-82.145602,24.586473],[-82.145407,24.5899]]]]}},{"type":"Feature","properties":{"GEOID":"12021","NAME":"Collier","state":"FL","wildfire_risk_score":96.438,"wildfire_eal_total":4284325.4,"risk_band":"High","source":"FEMA National Risk Index v1.20 (December 2025)"},"geometry":{"type":"Polygon","coordinates":[[[-81.8457752770578,26.3303814585148],[-81.819119,26.330424],[-81.819019,26.316245],[-81.6579,26.317563],[-81.659506,26.421077],[-81.56252,26.422619],[-81.563763,26.513331],[-81.271768,26.517069],[-81.268236,26.253069],[-80.87971,26.259308],[-80.872558,25.99854],[-80.873096,25.805377],[-81.4700316575126,25.8035785650911],[-81.46398,25.811293],[-81.479447,25.821304],[-81.489538,25.822115],[-81.499616,25.834805],[-81.511535,25.8323],[-81.514982,25.838641],[-81.530006,25.838613],[-81.527817,25.849978],[-81.534234,25.856609],[-81.547894,25.849608],[-81.552536,25.85832],[-81.56133,25.861742],[-81.564393,25.856209],[-81.572738,25.865592],[-81.579123,25.864855],[-81.582483,25.876712],[-81.604965,25.892077],[-81.622625,25.890658],[-81.635874,25.898582],[-81.63858,25.905431],[-81.672088,25.881845],[-81.672633,25.856654],[-81.678287,25.845301],[-81.6848,25.847205],[-81.717961,25.90793],[-81.729489,25.909408],[-81.734618,25.936133],[-81.753137,25.951108],[-81.7529,25.961152],[-81.738163,25.971837],[-81.762439,26.00607],[-81.801748,26.091405],[-81.820675,26.236735],[-81.8457752770578,26.3303814585148]]]}},{"type":"Feature","properties":{"GEOID":"12027","NAME":"DeSoto","state":"FL","wildfire_risk_score":84.542,"wildfire_eal_total":386726.62,"risk_band":"Moderate","source":"FEMA National Risk Index v1.20 (December 2025)"},"geometry":{"type":"Polygon","coordinates":[[[-82.057492,27.135262],[-82.055753,27.338264],[-81.564062,27.340641],[-81.562624,27.033835],[-82.057506,27.032119],[-82.057492,27.135262]]]}},{"type":"Feature","properties":{"GEOID":"12015","NAME":"Charlotte","state":"FL","wildfire_risk_score":92.525,"wildfire_eal_total":1529234.08,"risk_band":"High","source":"FEMA National Risk Index v1.20 (December 2025)"},"geometry":{"type":"Polygon","coordinates":[[[-82.3752262256954,26.9460406622791],[-82.255521,26.945264],[-82.255169,27.03302],[-81.562624,27.033835],[-81.565748,26.769601],[-82.0598739239255,26.7704052700131],[-82.051004,26.791858],[-82.049217,26.814367],[-82.054557,26.832973],[-82.051105,26.864955],[-82.060284,26.880369],[-82.086661,26.888538],[-82.097114,26.914514],[-82.08684,26.927721],[-82.067725,26.927791],[-82.053802,26.939799],[-82.066161,26.954418],[-82.087381,26.958989],[-82.099383,26.953374],[-82.101573,26.959213],[-82.117841,26.965136],[-82.115478,26.951132],[-82.141428,26.92393],[-82.154303,26.924871],[-82.174068,26.941706],[-82.1831,26.935773],[-82.181198,26.921363],[-82.15339,26.853952],[-82.146259,26.782893],[-82.172167,26.769949],[-82.205562,26.770528],[-82.221492,26.781754],[-82.2720923576117,26.7895176293629],[-82.28268,26.804206],[-82.282533,26.815992],[-82.342469,26.894676],[-82.3752262256954,26.9460406622791]]]}},{"type":"Feature","properties":{"GEOID":"12059","NAME":"Holmes","state":"FL","wildfire_risk_score":32.22,"wildfire_eal_total":14718.81,"risk_band":"Low","source":"FEMA National Risk Index v1.20 (December 2025)"},"geometry":{"type":"Polygon","coordinates":[[[-86.037559,30.713051],[-86.035039,30.99332],[-85.4979920209678,30.9969323496585],[-85.518874,30.9778],[-85.528057,30.975221],[-85.532473,30.966091],[-85.530294,30.939315],[-85.547745,30.932185],[-85.582995,30.884473],[-85.599391,30.844513],[-85.603317,30.796275],[-85.62114,30.7708],[-85.619011,30.743868],[-85.736051,30.74637],[-85.735115,30.775292],[-85.751979,30.775706],[-85.751928,30.78961],[-85.821616,30.790775],[-85.816361,30.782555],[-85.82769,30.774889],[-85.828455,30.76068],[-85.832537,30.758504],[-85.827737,30.752245],[-85.833018,30.75],[-85.824303,30.743999],[-85.82998,30.740576],[-85.822531,30.73528],[-85.828521,30.729859],[-85.826124,30.725284],[-85.834751,30.726316],[-85.833567,30.7213],[-85.839774,30.717283],[-85.834978,30.710604],[-85.843199,30.710085],[-85.844421,30.70313],[-86.037591,30.704572],[-86.037559,30.713051]]]}},{"type":"Feature","properties":{"GEOID":"12079","NAME":"Madison","state":"FL","wildfire_risk_score":63.454,"wildfire_eal_total":77466.03,"risk_band":"Low","source":"FEMA National Risk Index v1.20 (December 2025)"},"geometry":{"type":"Polygon","coordinates":[[[-83.820463,30.309231],[-83.814547,30.317636],[-83.801258,30.315343],[-83.792544,30.319186],[-83.787711,30.328375],[-83.799212,30.346872],[-83.807559,30.348728],[-83.804607,30.376903],[-83.790023,30.390285],[-83.783186,30.378863],[-83.757261,30.385467],[-83.751073,30.407598],[-83.72172,30.434354],[-83.728339,30.45459],[-83.723944,30.461198],[-83.728933,30.472733],[-83.726966,30.48775],[-83.736411,30.502072],[-83.72997,30.518751],[-83.726036,30.522951],[-83.70436,30.523021],[-83.704293,30.538094],[-83.671073,30.53802],[-83.671117,30.552861],[-83.637412,30.552671],[-83.637343,30.567471],[-83.621189,30.567351],[-83.62073,30.58198],[-83.604186,30.581916],[-83.604401,30.638236],[-83.612122,30.638736],[-83.6117200011691,30.6512579664548],[-83.311647,30.634577],[-83.272014,30.62724],[-83.2566,30.587434],[-83.262733,30.580955],[-83.261937,30.568896],[-83.256016,30.562228],[-83.260807,30.552821],[-83.247332,30.541043],[-83.249012,30.531636],[-83.238938,30.518022],[-83.246106,30.512457],[-83.240564,30.505932],[-83.240802,30.49334],[-83.244987,30.492056],[-83.243599,30.472984],[-83.217797,30.464226],[-83.217659,30.455857],[-83.222788,30.452097],[-83.217482,30.44677],[-83.222208,30.423531],[-83.215279,30.418257],[-83.209417,30.420976],[-83.206163,30.412141],[-83.194777,30.416946],[-83.180033,30.41016],[-83.174791,30.398314],[-83.178382,30.393165],[-83.170969,30.385225],[-83.192869,30.374032],[-83.19121,30.351153],[-83.20871,30.350533],[-83.212551,30.345851],[-83.207897,30.331087],[-83.214357,30.319834],[-83.209924,30.311878],[-83.233007,30.29202],[-83.23936,30.260408],[-83.469267,30.260351],[-83.468768,30.304212],[-83.820235,30.30354],[-83.820463,30.309231]]]}},{"type":"Feature","properties":{"GEOID":"12003","NAME":"Baker","state":"FL","wildfire_risk_score":76.209,"wildfire_eal_total":328492.73,"risk_band":"Low","source":"FEMA National Risk Index v1.20 (December 2025)"},"geometry":{"type":"Polygon","coordinates":[[[-82.459544,30.584272],[-82.214839,30.568591],[-82.234427,30.556593],[-82.240403,30.53777],[-82.230752,30.526758],[-82.226933,30.510281],[-82.201416,30.485164],[-82.200938,30.474438],[-82.207708,30.460503],[-82.203975,30.444507],[-82.210291,30.42459],[-82.19294,30.378779],[-82.184633,30.377165],[-82.171508,30.359869],[-82.165192,30.358035],[-82.104834,30.368319],[-82.094687,30.360781],[-82.081106,30.358806],[-82.0499660029255,30.3623823672342],[-82.049425,30.143136],[-82.458364,30.136449],[-82.459544,30.584272]]]}},{"type":"Feature","properties":{"GEOID":"12081","NAME":"Manatee","state":"FL","wildfire_risk_score":90.49,"wildfire_eal_total":1297082.0,"risk_band":"High","source":"FEMA National Risk Index v1.20 (December 2025)"},"geometry":{"type":"MultiPolygon","coordinates":[[[[-82.5766945787129,27.6350782198384],[-82.5726353851295,27.6368727092786],[-82.569178,27.630531],[-82.573608,27.631266],[-82.5766945787129,27.6350782198384]]],[[[-82.745748,27.538834],[-82.708044,27.523106],[-82.711579,27.508938],[-82.706821,27.498415],[-82.686133,27.498128],[-82.686921,27.508015],[-82.674621,27.519614],[-82.641346,27.525508],[-82.646014,27.53354],[-82.634929,27.539207],[-82.632053,27.551908],[-82.612019,27.571231],[-82.611717,27.585283],[-82.57745,27.599556],[-82.577738,27.605388],[-82.565667,27.615713],[-82.562912,27.638004],[-82.5540885876195,27.6458028420481],[-82.054349,27.646382],[-82.056497,27.207769],[-82.253596,27.208916],[-82.252264,27.386243],[-82.6428345450266,27.3897369770961],[-82.661078,27.412603],[-82.690071,27.434415],[-82.714521,27.500415],[-82.745748,27.538834]]]]}},{"type":"Feature","properties":{"GEOID":"12115","NAME":"Sarasota","state":"FL","wildfire_risk_score":93.257,"wildfire_eal_total":1871390.21,"risk_band":"High","source":"FEMA National Risk Index v1.20 (December 2025)"},"geometry":{"type":"Polygon","coordinates":[[[-82.6428345450266,27.3897369770961],[-82.252264,27.386243],[-82.253596,27.208916],[-82.056497,27.207769],[-82.057506,27.032119],[-82.255169,27.03302],[-82.255521,26.945264],[-82.3752262256954,26.9460406622791],[-82.445718,27.060634],[-82.477019,27.141231],[-82.522032,27.228375],[-82.54512,27.261026],[-82.568892,27.275577],[-82.56006,27.2951],[-82.569248,27.298588],[-82.6428345450266,27.3897369770961]]]}},{"type":"Feature","properties":{"GEOID":"12111","NAME":"St. Lucie","state":"FL","wildfire_risk_score":86.641,"wildfire_eal_total":763569.69,"risk_band":"Moderate","source":"FEMA National Risk Index v1.20 (December 2025)"},"geometry":{"type":"Polygon","coordinates":[[[-80.679659,27.558736],[-80.3214531513823,27.5570016502697],[-80.290739,27.474293],[-80.29658,27.470981],[-80.290749,27.469845],[-80.261462,27.394353],[-80.1994351436366,27.263023139554],[-80.284771,27.263723],[-80.285312,27.243919],[-80.292991,27.241984],[-80.285072,27.231002],[-80.28551,27.206025],[-80.677862,27.205988],[-80.679659,27.558736]]]}},{"type":"Feature","properties":{"GEOID":"12099","NAME":"Palm Beach","state":"FL","wildfire_risk_score":95.324,"wildfire_eal_total":3242115.47,"risk_band":"High","source":"FEMA National Risk Index v1.20 (December 2025)"},"geometry":{"type":"Polygon","coordinates":[[[-80.886014,26.652887],[-80.885639,26.958919],[-80.142007,26.95664],[-80.141758,26.97094],[-80.079948827411,26.9705170314788],[-80.031362,26.796339],[-80.031965,26.773641],[-80.035644,26.773798],[-80.037462,26.76634],[-80.033095,26.700848],[-80.038863,26.569347],[-80.058812,26.455434],[-80.0748372451019,26.3210316022663],[-80.087907,26.320772],[-80.092046,26.326354],[-80.098268,26.322599],[-80.099241,26.327637],[-80.204083,26.327822],[-80.296881,26.355431],[-80.296986,26.334356],[-80.881833,26.3338],[-80.886014,26.652887]]]}},{"type":"Feature","properties":{"GEOID":"12005","NAME":"Bay","state":"FL","wildfire_risk_score":75.7,"wildfire_eal_total":294375.43,"risk_band":"Low","source":"FEMA National Risk Index v1.20 (December 2025)"},"geometry":{"type":"Polygon","coordinates":[[[-85.995732,30.274656],[-85.992736,30.38932],[-85.976375,30.395994],[-85.964967,30.410708],[-85.940246,30.408622],[-85.923934,30.416379],[-85.907638,30.405819],[-85.898575,30.410926],[-85.883984,30.410253],[-85.8535,30.440623],[-85.487988,30.437017],[-85.486358,30.567574],[-85.383948,30.566856],[-85.391502,30.000389],[-85.3886762139845,29.9243546048056],[-85.420433,29.947165],[-85.455142,29.956725],[-85.481287,29.957858],[-85.502321,29.967845],[-85.537142,30.003871],[-85.553779,30.011898],[-85.595611,30.050583],[-85.699675,30.098723],[-85.811219,30.17832],[-85.922554,30.23767],[-85.9959271127585,30.2691392913069],[-85.995732,30.274656]]]}},{"type":"Feature","properties":{"GEOID":"12019","NAME":"Clay","state":"FL","wildfire_risk_score":82.856,"wildfire_eal_total":715973.73,"risk_band":"Moderate","source":"FEMA National Risk Index v1.20 (December 2025)"},"geometry":{"type":"Polygon","coordinates":[[[-82.049411,30.186933],[-81.738924,30.189321],[-81.73349,30.193466],[-81.679626,30.190495],[-81.690516,30.17194],[-81.692116,30.14474],[-81.679973,30.119118],[-81.68056,30.082654],[-81.689756,30.058823],[-81.688876,30.028566],[-81.678243,30.012233],[-81.624682,29.981495],[-81.604867,29.963498],[-81.598735,29.941038],[-81.608041,29.91756],[-81.607606,29.905655],[-81.599013,29.875422],[-81.581207,29.840176],[-81.81243,29.83649],[-81.861994,29.800187],[-81.914192,29.791399],[-81.923497,29.780919],[-81.929094,29.759356],[-81.939427,29.747497],[-81.991073,29.743952],[-82.00707,29.73949],[-82.028917,29.718681],[-82.049244,29.71867],[-82.046112,29.747129],[-82.049411,30.186933]]]}},{"type":"Feature","properties":{"GEOID":"12067","NAME":"Lafayette","state":"FL","wildfire_risk_score":59.701,"wildfire_eal_total":73817.18,"risk_band":"Low","source":"FEMA National Risk Index v1.20 (December 2025)"},"geometry":{"type":"Polygon","coordinates":[[[-83.370481,30.006028],[-83.36726,30.26044],[-83.247253,30.26067],[-83.253093,30.251098],[-83.242525,30.248231],[-83.251023,30.243141],[-83.252712,30.235654],[-83.239683,30.226741],[-83.249996,30.190487],[-83.247115,30.179748],[-83.231601,30.166841],[-83.238702,30.15276],[-83.225128,30.137993],[-83.225859,30.113621],[-83.214959,30.104022],[-83.195258,30.104622],[-83.184358,30.094122],[-83.167657,30.100822],[-83.162457,30.110022],[-83.132856,30.096923],[-83.119203,30.104973],[-83.114243,30.102424],[-83.111149,30.090929],[-83.069553,30.081252],[-83.066529,30.065373],[-83.041499,30.054569],[-83.013293,30.032123],[-83.001312,30.008789],[-82.97942,30.007393],[-82.974148,29.996635],[-82.96385,29.994544],[-82.952399,29.959361],[-82.931813,29.957812],[-82.926174,29.949887],[-82.920546,29.930072],[-82.925884,29.921331],[-82.918586,29.915071],[-82.919012,29.908255],[-82.912101,29.904836],[-82.918465,29.89817],[-82.91555,29.891791],[-82.909,29.889494],[-82.90565,29.900118],[-82.895034,29.900256],[-82.885156,29.891576],[-82.885902,29.887996],[-82.893092,29.88957],[-82.890093,29.884916],[-82.884196,29.882334],[-82.876804,29.88615],[-82.875542,29.866955],[-82.888403,29.850115],[-82.893371,29.826839],[-82.903956,29.824294],[-83.35286,29.822222],[-83.352986,29.887859],[-83.37089,29.887934],[-83.370481,30.006028]]]}},{"type":"Feature","properties":{"GEOID":"12049","NAME":"Hardee","state":"FL","wildfire_risk_score":82.888,"wildfire_eal_total":504916.92,"risk_band":"Moderate","source":"FEMA National Risk Index v1.20 (December 2025)"},"geometry":{"type":"Polygon","coordinates":[[[-82.055487,27.473096],[-82.054349,27.646382],[-81.563533,27.646645],[-81.564062,27.340641],[-82.055753,27.338264],[-82.055487,27.473096]]]}},{"type":"Feature","properties":{"GEOID":"12077","NAME":"Liberty","state":"FL","wildfire_risk_score":68.607,"wildfire_eal_total":140012.95,"risk_band":"Low","source":"FEMA National Risk Index v1.20 (December 2025)"},"geometry":{"type":"Polygon","coordinates":[[[-85.153811,30.092849],[-85.144917,30.097474],[-85.148605,30.111455],[-85.140948,30.108863],[-85.14185,30.115447],[-85.129959,30.118463],[-85.145424,30.124664],[-85.132096,30.14482],[-85.138454,30.146341],[-85.133184,30.161024],[-85.139855,30.163499],[-85.134773,30.18077],[-85.127839,30.182988],[-85.11566,30.199976],[-85.11892,30.209718],[-85.109917,30.209301],[-85.11137,30.218005],[-85.101812,30.211739],[-85.099512,30.219657],[-85.09091,30.222418],[-85.091024,30.229694],[-85.079847,30.229715],[-85.083429,30.237155],[-85.078711,30.248844],[-85.070031,30.249392],[-85.067742,30.258765],[-85.059092,30.263229],[-85.064079,30.269272],[-85.057996,30.27609],[-85.059282,30.285401],[-85.052777,30.287406],[-85.05692,30.303458],[-85.047448,30.303067],[-85.048148,30.312669],[-85.03429,30.312478],[-85.046271,30.32017],[-85.044271,30.328789],[-85.049968,30.338167],[-85.041417,30.354535],[-85.026007,30.363043],[-85.038574,30.365629],[-85.040199,30.372089],[-85.03124,30.378658],[-85.024635,30.3763],[-85.014607,30.387394],[-85.015566,30.396172],[-85.027413,30.398196],[-85.029885,30.403269],[-85.013656,30.410648],[-85.029424,30.413008],[-85.031882,30.422648],[-85.015176,30.434361],[-84.981229,30.444129],[-84.982807,30.447632],[-85.000809,30.448071],[-84.999916,30.456199],[-84.986694,30.469583],[-85.004307,30.476211],[-84.994463,30.489076],[-84.991217,30.522395],[-84.973718,30.552994],[-84.961518,30.565094],[-84.965418,30.580194],[-84.944318,30.581694],[-84.944919,30.595493],[-84.932519,30.606393],[-84.883316,30.605589],[-84.882616,30.533094],[-84.815816,30.533093],[-84.815618,30.518491],[-84.781813,30.518693],[-84.781111,30.459794],[-84.714097,30.460401],[-84.714124,30.417199],[-84.680525,30.417269],[-84.680632,30.387973],[-84.646408,30.388281],[-84.663577,30.378402],[-84.663507,30.370475],[-84.670479,30.364144],[-84.681272,30.367598],[-84.685358,30.349924],[-84.696399,30.347145],[-84.703061,30.336492],[-84.715144,30.333077],[-84.701113,30.317671],[-84.711068,30.301871],[-84.729207,30.287439],[-84.727661,30.275846],[-84.737846,30.265646],[-84.726608,30.25672],[-84.701294,30.24828],[-84.697243,30.237148],[-84.701515,30.234739],[-84.699473,30.227655],[-84.681871,30.21771],[-84.681442,30.202188],[-84.675964,30.200735],[-84.678255,30.18809],[-84.668337,30.182591],[-84.670151,30.173363],[-84.664944,30.169774],[-84.672538,30.150406],[-84.668391,30.143046],[-84.671608,30.137678],[-84.665492,30.134622],[-84.670357,30.127626],[-84.659623,30.115079],[-84.653223,30.11824],[-84.648095,30.108834],[-84.651985,30.104616],[-84.64814,30.105364],[-84.654274,30.0972],[-84.644768,30.09128],[-84.642414,30.083294],[-84.637886,30.083738],[-84.635082,30.071639],[-84.628169,30.068307],[-84.631475,30.066169],[-84.626084,30.062392],[-84.616036,30.065361],[-84.603916,30.046335],[-84.596468,30.046362],[-84.600144,30.044061],[-84.59308,30.040667],[-84.599323,30.040131],[-84.595177,30.033417],[-84.570368,30.016884],[-84.558376,30.02212],[-84.55569,30.014778],[-84.543032,30.011732],[-85.007626,30.013883],[-85.005321,30.00925],[-85.025439,29.971399],[-85.0298,29.987412],[-85.049732,29.99012],[-85.055147,30.002424],[-85.071919,30.004796],[-85.083287,30.014243],[-85.098981,30.015322],[-85.098317,30.024551],[-85.104518,30.020174],[-85.107941,30.025394],[-85.113691,30.023173],[-85.131213,30.037965],[-85.128343,30.041499],[-85.135254,30.04327],[-85.136894,30.063816],[-85.13218,30.067466],[-85.138278,30.071633],[-85.134346,30.082046],[-85.153811,30.092849]]]}},{"type":"Feature","properties":{"GEOID":"12011","NAME":"Broward","state":"FL","wildfire_risk_score":97.01,"wildfire_eal_total":6542528.89,"risk_band":"High","source":"FEMA National Risk Index v1.20 (December 2025)"},"geometry":{"type":"Polygon","coordinates":[[[-80.881285,26.333806],[-80.296986,26.334356],[-80.296881,26.355431],[-80.204083,26.327822],[-80.099241,26.327637],[-80.098268,26.322599],[-80.092046,26.326354],[-80.087907,26.320772],[-80.0748372451019,26.3210316022663],[-80.080234,26.258726],[-80.088802,26.232198],[-80.104864,26.095262],[-80.108775,26.090088],[-80.1178961449456,25.9752479199449],[-80.295104,25.970572],[-80.294972,25.95677],[-80.680016,25.956857],[-80.680038,25.978749],[-80.872932,25.979434],[-80.881285,26.333806]]]}},{"type":"Feature","properties":{"GEOID":"12127","NAME":"Volusia","state":"FL","wildfire_risk_score":96.279,"wildfire_eal_total":4636418.42,"risk_band":"High","source":"FEMA National Risk Index v1.20 (December 2025)"},"geometry":{"type":"Polygon","coordinates":[[[-81.680903,29.32443],[-81.450892,29.378464],[-81.440346,29.385336],[-81.43454,29.399294],[-81.426901,29.396851],[-81.422945,29.400448],[-81.41729,29.261156],[-81.150081,29.265957],[-81.155881,29.410954],[-81.148152,29.411846],[-81.148731,29.416788],[-81.1019097824214,29.4270547299613],[-80.966176,29.14796],[-80.944376,29.110861],[-80.909586,29.070925],[-80.877994,29.011589],[-80.7329248249869,28.7912445868159],[-80.967895,28.790197],[-80.964463,28.613001],[-80.989885,28.613926],[-80.989073,28.624748],[-80.994218,28.621649],[-81.007099,28.636326],[-81.001225,28.641053],[-81.007231,28.663451],[-81.021287,28.674253],[-81.016646,28.693037],[-81.034741,28.709387],[-81.036042,28.724104],[-81.06111,28.750001],[-81.060562,28.761994],[-81.053087,28.773557],[-81.059173,28.794941],[-81.067445,28.803037],[-81.067413,28.812989],[-81.076085,28.819325],[-81.085254,28.815949],[-81.091942,28.824653],[-81.098726,28.821917],[-81.10575,28.828541],[-81.120502,28.825677],[-81.126237,28.821441],[-81.123142,28.814125],[-81.131191,28.805741],[-81.129287,28.799454],[-81.140407,28.795966],[-81.136167,28.792222],[-81.160376,28.790862],[-81.178936,28.781886],[-81.181915,28.797168],[-81.197369,28.79192],[-81.213717,28.804212],[-81.215898,28.814423],[-81.224627,28.821585],[-81.225678,28.832453],[-81.320473,28.83453],[-81.341547,28.847053],[-81.359339,28.84894],[-81.351115,28.858108],[-81.352123,28.862316],[-81.364651,28.865692],[-81.360475,28.870523],[-81.36694,28.879227],[-81.363052,28.879707],[-81.366124,28.887755],[-81.357168,28.887149],[-81.352788,28.896685],[-81.360171,28.90665],[-81.356667,28.910538],[-81.359543,28.913961],[-81.351998,28.920651],[-81.355371,28.929929],[-81.349723,28.939641],[-81.354678,28.939582],[-81.354875,28.947241],[-81.359302,28.944571],[-81.353956,28.949575],[-81.360375,28.95174],[-81.35892,28.955945],[-81.370889,28.958262],[-81.36581,28.960855],[-81.369193,28.968937],[-81.364244,28.968642],[-81.355898,28.987047],[-81.375674,28.993999],[-81.37281,28.99919],[-81.378154,28.99894],[-81.402855,29.032469],[-81.409896,29.031267],[-81.42579,29.044812],[-81.43221,29.04442],[-81.446699,29.062323],[-81.455289,29.063071],[-81.455764,29.071548],[-81.460703,29.074661],[-81.454383,29.081984],[-81.459158,29.094224],[-81.467856,29.097043],[-81.48697,29.092911],[-81.502055,29.097802],[-81.500316,29.102501],[-81.506739,29.112184],[-81.504534,29.123711],[-81.5226,29.156031],[-81.52258,29.1677],[-81.531481,29.172334],[-81.531465,29.176919],[-81.553957,29.184647],[-81.560905,29.20019],[-81.612259,29.202828],[-81.619303,29.22859],[-81.63399,29.244779],[-81.648438,29.290173],[-81.655677,29.29994],[-81.672134,29.305274],[-81.680903,29.32443]]]}},{"type":"Feature","properties":{"GEOID":"12061","NAME":"Indian River","state":"FL","wildfire_risk_score":88.2,"wildfire_eal_total":863336.6,"risk_band":"Moderate","source":"FEMA National Risk Index v1.20 (December 2025)"},"geometry":{"type":"Polygon","coordinates":[[[-80.881566,27.822511],[-80.509075,27.822058],[-80.491079,27.854601],[-80.4549,27.854641],[-80.4470841049745,27.8607550370955],[-80.380509,27.732029],[-80.350977,27.632335],[-80.332302,27.599882],[-80.3214531513823,27.5570016502697],[-80.777166,27.558733],[-80.778047,27.643195],[-80.87315,27.642288],[-80.873795,27.733854],[-80.880073,27.733699],[-80.881566,27.822511]]]}},{"type":"Feature","properties":{"GEOID":"12091","NAME":"Okaloosa","state":"FL","wildfire_risk_score":75.732,"wildfire_eal_total":306851.11,"risk_band":"Low","source":"FEMA National Risk Index v1.20 (December 2025)"},"geometry":{"type":"Polygon","coordinates":[[[-86.799239,30.397151],[-86.785692460564,30.9969741853795],[-86.3886460004315,30.9941810207682],[-86.3973611301775,30.3786613877174],[-86.50615,30.3823],[-86.64366,30.397043],[-86.7994809735241,30.3872241102845],[-86.799239,30.397151]]]}},{"type":"Feature","properties":{"GEOID":"12051","NAME":"Hendry","state":"FL","wildfire_risk_score":93.289,"wildfire_eal_total":1370020.13,"risk_band":"High","source":"FEMA National Risk Index v1.20 (December 2025)"},"geometry":{"type":"Polygon","coordinates":[[[-81.566527,26.713919],[-81.565748,26.769601],[-81.459454,26.768856],[-81.459328,26.783467],[-81.434921,26.78346],[-81.434557,26.768772],[-80.945319,26.769099],[-80.885639,26.958919],[-80.885772,26.609242],[-80.87971,26.259308],[-81.268236,26.253069],[-81.271768,26.517069],[-81.563763,26.513331],[-81.566527,26.713919]]]}},{"type":"Feature","properties":{"GEOID":"12085","NAME":"Martin","state":"FL","wildfire_risk_score":90.394,"wildfire_eal_total":1170758.96,"risk_band":"Moderate","source":"FEMA National Risk Index v1.20 (December 2025)"},"geometry":{"type":"Polygon","coordinates":[[[-80.685636,27.114689],[-80.677427,27.121619],[-80.677862,27.205988],[-80.28551,27.206025],[-80.285072,27.231002],[-80.292991,27.241984],[-80.285312,27.243919],[-80.284771,27.263723],[-80.1994351436366,27.263023139554],[-80.16147,27.192814],[-80.153375,27.169308],[-80.157556,27.163131],[-80.142085,27.11979],[-80.093909,27.018587],[-80.079948827411,26.9705170314788],[-80.141758,26.97094],[-80.142007,26.95664],[-80.885639,26.958919],[-80.685636,27.114689]]]}},{"type":"Feature","properties":{"GEOID":"12063","NAME":"Jackson","state":"FL","wildfire_risk_score":49.809,"wildfire_eal_total":33780.28,"risk_band":"Low","source":"FEMA National Risk Index v1.20 (December 2025)"},"geometry":{"type":"Polygon","coordinates":[[[-85.600062,30.833783],[-85.594653,30.859274],[-85.575574,30.898601],[-85.547745,30.932185],[-85.530294,30.939315],[-85.530453,30.97163],[-85.4979920209678,30.9969323496585],[-85.0019,31.000681],[-85.005931,30.97704],[-84.980127,30.961286],[-84.983127,30.934786],[-84.971026,30.928187],[-84.966726,30.917287],[-84.9349,30.884528],[-84.939324,30.871488],[-84.932524,30.863188],[-84.936624,30.858988],[-84.925665,30.842685],[-84.935745,30.833961],[-84.937424,30.820889],[-84.928323,30.80509],[-84.928323,30.79309],[-84.918023,30.77809],[-84.920123,30.76599],[-84.914322,30.753591],[-84.896122,30.750591],[-84.883821,30.732591],[-84.869752,30.721897],[-84.857921,30.698409],[-84.87492,30.671992],[-84.88812,30.663092],[-84.893019,30.646692],[-84.903419,30.638492],[-84.905619,30.621993],[-84.932519,30.606393],[-85.167713,30.608026],[-85.171891,30.564336],[-85.434782,30.56756],[-85.432274,30.785457],[-85.482718,30.785892],[-85.482276,30.829509],[-85.599934,30.830552],[-85.600062,30.833783]]]}},{"type":"Feature","properties":{"GEOID":"12109","NAME":"St. Johns","state":"FL","wildfire_risk_score":89.408,"wildfire_eal_total":1764851.75,"risk_band":"Moderate","source":"FEMA National Risk Index v1.20 (December 2025)"},"geometry":{"type":"Polygon","coordinates":[[[-81.690458,30.042834],[-81.68932,30.06296],[-81.68056,30.082654],[-81.680215,30.12124],[-81.650514,30.121541],[-81.623688,30.133633],[-81.612312,30.132941],[-81.580882,30.1261],[-81.567787,30.117789],[-81.539009,30.119942],[-81.538707,30.103748],[-81.433783,30.105536],[-81.436929,30.252335],[-81.3798769128199,30.2529135364396],[-81.308978,29.96944],[-81.288955,29.91518],[-81.275113,29.898838],[-81.253877,29.776852],[-81.2128778426699,29.6706669347027],[-81.227309,29.670538],[-81.231709,29.663407],[-81.24726,29.659093],[-81.261018,29.669076],[-81.272341,29.66061],[-81.270181,29.656293],[-81.274388,29.656859],[-81.274466,29.652681],[-81.301285,29.650077],[-81.308652,29.642065],[-81.324345,29.653478],[-81.324059,29.62561],[-81.52366,29.622432],[-81.52523,29.759497],[-81.541235,29.770001],[-81.546297,29.781825],[-81.564171,29.798517],[-81.599013,29.875422],[-81.608356,29.915695],[-81.598735,29.941038],[-81.60099,29.956017],[-81.617702,29.976605],[-81.678243,30.012233],[-81.686726,30.022982],[-81.690458,30.042834]]]}},{"type":"Feature","properties":{"GEOID":"12035","NAME":"Flagler","state":"FL","wildfire_risk_score":88.168,"wildfire_eal_total":873148.0,"risk_band":"Moderate","source":"FEMA National Risk Index v1.20 (December 2025)"},"geometry":{"type":"Polygon","coordinates":[[[-81.52366,29.622432],[-81.324059,29.62561],[-81.324345,29.653478],[-81.308652,29.642065],[-81.301285,29.650077],[-81.274466,29.652681],[-81.274388,29.656859],[-81.270181,29.656293],[-81.272341,29.66061],[-81.261018,29.669076],[-81.24726,29.659093],[-81.231709,29.663407],[-81.227309,29.670538],[-81.2128778426699,29.6706669347027],[-81.1019097824214,29.4270547299613],[-81.148731,29.416788],[-81.148152,29.411846],[-81.155881,29.410954],[-81.150081,29.265957],[-81.41729,29.261156],[-81.420745,29.399645],[-81.433573,29.399767],[-81.454998,29.389652],[-81.478793,29.399052],[-81.487594,29.448251],[-81.520467,29.496513],[-81.52366,29.622432]]]}},{"type":"Feature","properties":{"GEOID":"12043","NAME":"Glades","state":"FL","wildfire_risk_score":87.659,"wildfire_eal_total":568959.05,"risk_band":"Moderate","source":"FEMA National Risk Index v1.20 (December 2025)"},"geometry":{"type":"Polygon","coordinates":[[[-81.565028,26.85736],[-81.562531,27.033687],[-81.342661,27.032319],[-81.341801,27.039726],[-81.33301,27.039621],[-81.33301,27.032367],[-81.267216,27.032474],[-81.267677,27.121097],[-81.168281,27.121734],[-81.169138,27.209585],[-80.961824,27.210771],[-80.937668,27.204555],[-80.934756,27.196247],[-80.931186,27.200223],[-80.917465,27.189957],[-80.906403,27.189049],[-80.910019,27.174622],[-80.890522,27.164233],[-80.878517,27.168829],[-80.880353,27.164856],[-80.871169,27.154951],[-80.885639,26.958919],[-80.945319,26.769099],[-81.434557,26.768772],[-81.43711,26.78347],[-81.459328,26.783467],[-81.459454,26.768856],[-81.565748,26.769601],[-81.565028,26.85736]]]}}]}