{"type":"FeatureCollection","metadata":{"state":"GA","boundary_source":"U.S. Census Bureau 2024 Cartographic Boundary File (counties, 1:500,000)","risk_source":"FEMA National Risk Index v1.20 (December 2025)"},"features":[{"type":"Feature","properties":{"GEOID":"13105","NAME":"Elbert","state":"GA","wildfire_risk_score":41.126,"wildfire_eal_total":19507.83,"risk_band":"Low","source":"FEMA National Risk Index v1.20 (December 2025)"},"geometry":{"type":"Polygon","coordinates":[[[-83.103264,34.170528],[-83.092049,34.190514],[-83.095491,34.202488],[-83.078004,34.223606],[-83.018785,34.234085],[-82.988367,34.224436],[-82.99638,34.21911],[-82.980018,34.210066],[-82.966118,34.220489],[-82.958799,34.218539],[-82.915535,34.247684],[-82.82382,34.27062],[-82.773771725269,34.2887156346273],[-82.746656,34.266407],[-82.741653,34.209709],[-82.717459,34.150546],[-82.67522,34.129779],[-82.658849,34.103962],[-82.641641,34.09209],[-82.643759,34.072306],[-82.626963,34.063457],[-82.607414,34.038071],[-82.594192,34.028866],[-82.595497,34.015865],[-82.588552,33.999768],[-82.575249,33.991433],[-82.580459,33.982133],[-82.569077,33.969887],[-82.5645307378126,33.9557408056418],[-82.603561,33.979984],[-82.624992,33.982319],[-82.639742,33.973018],[-82.641442,33.982829],[-82.654876,33.991265],[-82.701658,33.981346],[-82.726431,33.984218],[-82.75437,33.971919],[-82.779506,33.971124],[-82.818221,33.985811],[-82.826712,33.984975],[-82.837067,33.992604],[-82.841125,33.991787],[-82.842224,33.984058],[-82.863838,33.98315],[-82.866592,33.990173],[-82.882912,34.001118],[-82.906113,34.004444],[-82.907059,34.012123],[-82.916176,34.012493],[-82.917252,34.006207],[-82.921745,34.010254],[-82.927483,34.00742],[-82.942268,34.014957],[-82.943848,34.0228],[-82.934257,34.027546],[-82.943497,34.027843],[-82.953812,34.038166],[-82.959633,34.035313],[-82.976294,34.043219],[-82.977878,34.048573],[-82.988144,34.05262],[-82.99008,34.063794],[-83.002633,34.070984],[-83.005012,34.078541],[-83.01197,34.076702],[-83.036163,34.098511],[-83.030128,34.103771],[-83.03104,34.113309],[-83.04792,34.12109],[-83.048233,34.12933],[-83.061951,34.142014],[-83.061233,34.14819],[-83.067528,34.154804],[-83.076172,34.153286],[-83.096428,34.162582],[-83.103264,34.170528]]]}},{"type":"Feature","properties":{"GEOID":"13213","NAME":"Murray","state":"GA","wildfire_risk_score":53.276,"wildfire_eal_total":54208.8,"risk_band":"Moderate","source":"FEMA National Risk Index v1.20 (December 2025)"},"geometry":{"type":"Polygon","coordinates":[[[-84.944335,34.680039],[-84.929707,34.675936],[-84.910484,34.681421],[-84.900502,34.664544],[-84.889341,34.6669],[-84.888175,34.678387],[-84.929734,34.702849],[-84.934196,34.712152],[-84.923933,34.71618],[-84.891017,34.704949],[-84.883867,34.714654],[-84.864945,34.707356],[-84.859106,34.715383],[-84.85574,34.723968],[-84.872729,34.734089],[-84.867624,34.739329],[-84.864021,34.733522],[-84.851437,34.742659],[-84.857819,34.745567],[-84.854118,34.748792],[-84.858815,34.756354],[-84.867727,34.755686],[-84.866873,34.766728],[-84.8788,34.778944],[-84.873103,34.782286],[-84.87421,34.78906],[-84.863604,34.783968],[-84.856204,34.792978],[-84.839236,34.796244],[-84.842229,34.805392],[-84.858049,34.806122],[-84.862932,34.814105],[-84.848946,34.831744],[-84.855552,34.834834],[-84.85295,34.842957],[-84.843744,34.853424],[-84.837196,34.853983],[-84.842398,34.861301],[-84.831159,34.859264],[-84.819071,34.867236],[-84.818715,34.87695],[-84.833342,34.896745],[-84.824111,34.901747],[-84.836062,34.907027],[-84.842705,34.918126],[-84.835207,34.942833],[-84.813705,34.972141],[-84.8128,34.98637],[-84.621483,34.988329],[-84.622752,34.857131],[-84.605256,34.840294],[-84.592886,34.840184],[-84.590006,34.830439],[-84.582195,34.824592],[-84.596027,34.805822],[-84.601396,34.806448],[-84.609749,34.790937],[-84.621984,34.789128],[-84.641353,34.777707],[-84.635314,34.770929],[-84.639625,34.753567],[-84.648911,34.746182],[-84.657098,34.728905],[-84.654523,34.583187],[-84.681962,34.583335],[-84.682004,34.589835],[-84.705263,34.590767],[-84.70554,34.598456],[-84.731221,34.598613],[-84.731289,34.612726],[-84.723069,34.612774],[-84.722796,34.605049],[-84.714383,34.605094],[-84.716498,34.6229],[-84.744625,34.623837],[-84.748407,34.609102],[-84.766579,34.615455],[-84.779065,34.61294],[-84.779654,34.608322],[-84.863793,34.608597],[-84.863908,34.615759],[-84.90825,34.615789],[-84.908299,34.634061],[-84.913456,34.634128],[-84.913585,34.640153],[-84.92038,34.643851],[-84.92699,34.665662],[-84.937445,34.668444],[-84.944335,34.680039]]]}},{"type":"Feature","properties":{"GEOID":"13229","NAME":"Pierce","state":"GA","wildfire_risk_score":69.02,"wildfire_eal_total":180217.07,"risk_band":"High","source":"FEMA National Risk Index v1.20 (December 2025)"},"geometry":{"type":"Polygon","coordinates":[[[-82.417246,31.417119],[-82.401794,31.417278],[-82.401512,31.430292],[-82.344843,31.43013],[-82.344989,31.441755],[-82.330493,31.442058],[-82.330021,31.457095],[-82.315111,31.457138],[-82.315025,31.467936],[-82.300926,31.467791],[-82.300422,31.493175],[-82.269661,31.492643],[-82.269584,31.505699],[-82.255829,31.505424],[-82.255946,31.517409],[-82.23883,31.517639],[-82.239254,31.530569],[-82.226585,31.530699],[-82.216173,31.516237],[-82.155075,31.471116],[-82.135122,31.470407],[-82.118362,31.479267],[-82.097885,31.481239],[-82.071764,31.471501],[-82.058168,31.460937],[-82.052754,31.454569],[-82.057524,31.409117],[-82.05003,31.403884],[-82.049936,31.396323],[-82.044024,31.395135],[-82.040741,31.36187],[-82.020202,31.327444],[-82.005229,31.311348],[-81.992114,31.307996],[-81.997191,31.288634],[-82.006302,31.285198],[-82.007591,31.275648],[-82.021148,31.279335],[-82.033043,31.273533],[-82.04393,31.276442],[-82.051765,31.271122],[-82.061767,31.276415],[-82.063339,31.271229],[-82.070099,31.276306],[-82.082451,31.271429],[-82.083633,31.274998],[-82.100242,31.27668],[-82.103248,31.271679],[-82.112709,31.271423],[-82.125854,31.258265],[-82.144195,31.254974],[-82.140442,31.250704],[-82.143776,31.244242],[-82.139763,31.243359],[-82.142364,31.236998],[-82.150573,31.234354],[-82.145202,31.228968],[-82.150764,31.227898],[-82.151901,31.222136],[-82.165718,31.215023],[-82.175552,31.21736],[-82.1828,31.205984],[-82.193199,31.202082],[-82.194824,31.20759],[-82.211456,31.215393],[-82.223717,31.21501],[-82.220833,31.217787],[-82.225487,31.220549],[-82.240112,31.217129],[-82.263527,31.221085],[-82.268547,31.216948],[-82.283706,31.226521],[-82.314685,31.225855],[-82.318527,31.236856],[-82.333107,31.241676],[-82.340545,31.25227],[-82.357979,31.263348],[-82.362671,31.272245],[-82.359169,31.272486],[-82.368667,31.2768],[-82.36718,31.285339],[-82.383705,31.291143],[-82.387212,31.297109],[-82.389451,31.364905],[-82.402633,31.364986],[-82.402631,31.378775],[-82.416987,31.378856],[-82.416985,31.390862],[-82.402554,31.390866],[-82.402561,31.404835],[-82.417412,31.404988],[-82.417246,31.417119]]]}},{"type":"Feature","properties":{"GEOID":"13261","NAME":"Sumter","state":"GA","wildfire_risk_score":64.504,"wildfire_eal_total":78566.02,"risk_band":"High","source":"FEMA National Risk Index v1.20 (December 2025)"},"geometry":{"type":"Polygon","coordinates":[[[-84.443806,31.967595],[-84.441614,32.04206],[-84.433014,32.04196],[-84.430218,32.166257],[-84.279911,32.16376],[-84.279911,32.159318],[-84.27014,32.159261],[-84.269611,32.166159],[-84.260411,32.166061],[-84.260611,32.15916],[-84.183569,32.158493],[-84.181657,32.229703],[-84.134095,32.227972],[-84.134736,32.185392],[-84.088907,32.191961],[-84.074106,32.184061],[-84.049205,32.185062],[-84.039786,32.174564],[-84.0276,32.171165],[-84.033494,32.153078],[-84.021507,32.13601],[-84.009068,32.131341],[-84.011951,32.119548],[-83.996547,32.112559],[-84.000832,32.108918],[-83.99781,32.10045],[-83.990042,32.101427],[-83.989982,32.095071],[-83.974838,32.092187],[-83.987161,32.071634],[-83.976815,32.061611],[-83.97989,32.043979],[-83.968411,32.046055],[-83.969194,32.03855],[-83.961469,32.035884],[-83.958847,32.021217],[-83.950304,32.015378],[-83.950415,31.997197],[-83.944692,31.996248],[-83.94831,31.991467],[-83.925392,31.948916],[-83.926413,31.937045],[-83.919119,31.923092],[-83.922494,31.909653],[-84.338143,31.91619],[-84.340286,31.87281],[-84.373509,31.900714],[-84.383367,31.916938],[-84.398161,31.925656],[-84.403231,31.934857],[-84.431954,31.951503],[-84.443806,31.967595]]]}},{"type":"Feature","properties":{"GEOID":"13021","NAME":"Bibb","state":"GA","wildfire_risk_score":73.028,"wildfire_eal_total":185196.24,"risk_band":"High","source":"FEMA National Risk Index v1.20 (December 2025)"},"geometry":{"type":"Polygon","coordinates":[[[-83.891922,32.848351],[-83.725855,32.944905],[-83.730613,32.945013],[-83.734112,32.952393],[-83.710685,32.952792],[-83.700551,32.943976],[-83.696017,32.91687],[-83.663301,32.898736],[-83.658601,32.887836],[-83.598187,32.887836],[-83.579323,32.865781],[-83.56507,32.877164],[-83.523421,32.841291],[-83.51636,32.847186],[-83.48943,32.82406],[-83.498364,32.815545],[-83.492938,32.805149],[-83.578715,32.738118],[-83.585593,32.744836],[-83.592952,32.738857],[-83.59902,32.743442],[-83.60236,32.741267],[-83.595372,32.731554],[-83.599922,32.730229],[-83.596626,32.727894],[-83.600652,32.725335],[-83.598865,32.718352],[-83.601234,32.719993],[-83.604177,32.717269],[-83.597164,32.712035],[-83.602279,32.699787],[-83.606905,32.701542],[-83.611569,32.694879],[-83.606586,32.673453],[-83.597172,32.666877],[-83.604728,32.660643],[-83.645292,32.674157],[-83.673469,32.676793],[-83.701029,32.692159],[-83.720415,32.69248],[-83.729715,32.69719],[-83.739447,32.694628],[-83.760587,32.71378],[-83.808267,32.728682],[-83.824398,32.741861],[-83.841194,32.768026],[-83.850634,32.770142],[-83.847715,32.775472],[-83.856924,32.793743],[-83.876942,32.806944],[-83.87882,32.81651],[-83.89205,32.819558],[-83.891922,32.848351]]]}},{"type":"Feature","properties":{"GEOID":"13151","NAME":"Henry","state":"GA","wildfire_risk_score":43.034,"wildfire_eal_total":39260.9,"risk_band":"Moderate","source":"FEMA National Risk Index v1.20 (December 2025)"},"geometry":{"type":"Polygon","coordinates":[[[-84.354188,33.353358],[-84.353584,33.436165],[-84.323242,33.435938],[-84.323387,33.428027],[-84.30423,33.427433],[-84.304311,33.435552],[-84.29468,33.435715],[-84.294151,33.484325],[-84.283913,33.484341],[-84.282524,33.532879],[-84.293015,33.532985],[-84.292591,33.549145],[-84.263702,33.548923],[-84.263579,33.582247],[-84.25309,33.582176],[-84.253203,33.590286],[-84.244973,33.590293],[-84.243858,33.598618],[-84.253227,33.598759],[-84.253242,33.60693],[-84.26297,33.606953],[-84.262566,33.631004],[-84.272057,33.63121],[-84.271858,33.639232],[-84.281464,33.63937],[-84.281654,33.647307],[-84.245771,33.646922],[-84.245453,33.63073],[-84.224235,33.630657],[-84.223952,33.646572],[-84.184143,33.646157],[-84.181584,33.629174],[-84.131036,33.564569],[-84.122292,33.561264],[-84.106344,33.566249],[-84.089971,33.554761],[-84.082657,33.55563],[-84.070082,33.547022],[-84.065257,33.549003],[-84.05959,33.540554],[-84.052259,33.542626],[-84.04859,33.538798],[-84.056245,33.526653],[-84.04598,33.530465],[-84.044493,33.525776],[-84.054271,33.520008],[-84.054304,33.514744],[-84.048656,33.511309],[-84.050536,33.51653],[-84.041928,33.518571],[-84.042887,33.509627],[-84.035601,33.509055],[-84.030052,33.499797],[-84.037184,33.49578],[-84.028242,33.491598],[-84.025721,33.496581],[-84.015296,33.497728],[-84.012562,33.49247],[-83.991421,33.492829],[-83.985808,33.487999],[-83.976364,33.488768],[-83.97354,33.483523],[-83.949176,33.485693],[-83.947884,33.477222],[-83.932055,33.455079],[-83.922903,33.450982],[-83.923913,33.444194],[-83.943498,33.441783],[-83.943516,33.42529],[-83.954029,33.425225],[-83.954029,33.419242],[-83.96311,33.419186],[-83.96311,33.407582],[-83.973128,33.407556],[-83.973218,33.385192],[-83.966,33.385127],[-83.964374,33.375154],[-83.976915,33.374741],[-83.986012,33.367472],[-84.007604,33.368345],[-84.021323,33.356879],[-84.032682,33.361645],[-84.033134,33.342766],[-84.042533,33.341113],[-84.042654,33.331327],[-84.053645,33.329549],[-84.053701,33.317742],[-84.061322,33.309668],[-84.063532,33.31761],[-84.073,33.31761],[-84.073692,33.301817],[-84.086148,33.297631],[-84.088592,33.301942],[-84.10244,33.30209],[-84.102582,33.298191],[-84.124025,33.300074],[-84.134369,33.303745],[-84.145355,33.316593],[-84.150909,33.312982],[-84.150581,33.335639],[-84.247269,33.335813],[-84.247438,33.352621],[-84.354188,33.353358]]]}},{"type":"Feature","properties":{"GEOID":"13195","NAME":"Madison","state":"GA","wildfire_risk_score":29.739,"wildfire_eal_total":11488.69,"risk_band":"Low","source":"FEMA National Risk Index v1.20 (December 2025)"},"geometry":{"type":"Polygon","coordinates":[[[-83.402428,34.197499],[-83.367909,34.209143],[-83.358771,34.222747],[-83.352371,34.224027],[-83.328344,34.248899],[-83.297584,34.264572],[-83.286491,34.253311],[-83.276944,34.254587],[-83.273073,34.248901],[-83.250426,34.243458],[-83.237022,34.242382],[-83.236679,34.248142],[-83.208992,34.244034],[-83.202827,34.248337],[-83.172745,34.238522],[-83.11336,34.27353],[-83.115847,34.262125],[-83.078004,34.223606],[-83.095491,34.202488],[-83.092049,34.190514],[-83.102692,34.168594],[-83.076172,34.153286],[-83.067528,34.154804],[-83.061233,34.14819],[-83.061951,34.142014],[-83.048233,34.12933],[-83.04792,34.12109],[-83.03104,34.113309],[-83.030128,34.103771],[-83.036163,34.098511],[-83.01197,34.076702],[-83.005012,34.078541],[-83.002633,34.070984],[-82.99008,34.063794],[-82.988144,34.05262],[-82.977878,34.048573],[-82.976294,34.043219],[-82.985466,34.041734],[-82.984689,34.035302],[-82.990143,34.038101],[-83.001602,34.030899],[-83.014923,34.03503],[-83.02111,34.028889],[-83.0289,34.030975],[-83.048889,34.015804],[-83.071335,34.027142],[-83.077255,34.024967],[-83.091299,34.034904],[-83.100967,34.024792],[-83.12413,34.047638],[-83.165049,34.033959],[-83.193153,34.010468],[-83.218656,34.000849],[-83.224995,34.009566],[-83.237006,34.013557],[-83.258413,33.999098],[-83.264168,34.006622],[-83.280151,34.00362],[-83.294215,34.008154],[-83.321913,34.026831],[-83.386763,34.050241],[-83.382301,34.066874],[-83.374916,34.071262],[-83.381365,34.078539],[-83.374298,34.082151],[-83.374034,34.089788],[-83.357051,34.116199],[-83.357681,34.135693],[-83.363835,34.164059],[-83.379441,34.171304],[-83.402428,34.197499]]]}},{"type":"Feature","properties":{"GEOID":"13265","NAME":"Taliaferro","state":"GA","wildfire_risk_score":18.321,"wildfire_eal_total":3914.43,"risk_band":"Low","source":"FEMA National Risk Index v1.20 (December 2025)"},"geometry":{"type":"Polygon","coordinates":[[[-83.010873,33.585597],[-82.989899,33.603279],[-83.00161,33.620243],[-82.987724,33.628941],[-82.980102,33.614716],[-82.973717,33.621707],[-82.970512,33.641727],[-82.951142,33.658032],[-82.963757,33.676821],[-82.977469,33.679388],[-82.995602,33.693583],[-82.993133,33.701523],[-82.949046,33.733333],[-82.879449,33.62041],[-82.873554,33.622567],[-82.880417,33.626536],[-82.869336,33.642404],[-82.850325,33.639552],[-82.832603,33.650963],[-82.812084,33.65532],[-82.756118,33.616548],[-82.747947,33.617451],[-82.745078,33.611233],[-82.71994,33.615175],[-82.717099,33.606955],[-82.708306,33.611921],[-82.70731,33.617798],[-82.70227,33.614342],[-82.692039,33.619745],[-82.687733,33.602574],[-82.679975,33.599792],[-82.689086,33.590174],[-82.695296,33.593069],[-82.703944,33.589352],[-82.703934,33.579456],[-82.72382,33.555489],[-82.71951,33.552079],[-82.722401,33.538818],[-82.740128,33.528618],[-82.745974,33.512945],[-82.787605,33.5107],[-82.815315,33.521137],[-82.820043,33.518939],[-82.824631,33.502156],[-82.835647,33.498506],[-82.838963,33.488477],[-82.866605,33.466599],[-82.851954,33.443543],[-82.881726,33.445653],[-82.892897,33.43811],[-82.93966,33.442694],[-82.956994,33.452879],[-82.983829,33.447635],[-83.012853,33.469178],[-82.985588,33.489841],[-82.986035,33.520356],[-83.014038,33.580383],[-83.010873,33.585597]]]}},{"type":"Feature","properties":{"GEOID":"13267","NAME":"Tattnall","state":"GA","wildfire_risk_score":63.073,"wildfire_eal_total":76205.15,"risk_band":"High","source":"FEMA National Risk Index v1.20 (December 2025)"},"geometry":{"type":"Polygon","coordinates":[[[-82.233711,32.316381],[-82.025339,32.278883],[-81.980041,32.081502],[-81.889118,32.050438],[-81.761735,32.0479],[-81.813382,32.01623],[-81.824405,32.014882],[-81.854576,31.988328],[-81.860748,31.97506],[-81.875916,31.968531],[-81.889534,31.949133],[-81.882874,31.941156],[-81.881996,31.918341],[-81.894959,31.902864],[-81.892471,31.895264],[-81.912529,31.886656],[-81.91935,31.873432],[-81.922302,31.851463],[-81.945251,31.835337],[-81.956383,31.808706],[-81.979912,31.80455],[-81.981033,31.791367],[-81.969052,31.789324],[-81.973039,31.783708],[-81.998639,31.794107],[-81.996139,31.799807],[-82.006777,31.800047],[-82.016604,31.823755],[-82.026076,31.815095],[-82.041522,31.820422],[-82.066071,31.838215],[-82.081309,31.842806],[-82.107235,31.863797],[-82.115478,31.862846],[-82.107842,31.883701],[-82.111818,31.900487],[-82.116642,31.8997],[-82.115442,31.888801],[-82.119542,31.886001],[-82.135543,31.8917],[-82.131143,31.9038],[-82.134243,31.908],[-82.145143,31.8981],[-82.159243,31.903899],[-82.191344,31.900499],[-82.193144,31.906799],[-82.225042,31.913074],[-82.195206,32.14068],[-82.181926,32.165945],[-82.185745,32.166871],[-82.184187,32.180002],[-82.19625,32.205097],[-82.204984,32.209772],[-82.213683,32.229224],[-82.209794,32.238822],[-82.227401,32.277794],[-82.233711,32.316381]]]}},{"type":"Feature","properties":{"GEOID":"13237","NAME":"Putnam","state":"GA","wildfire_risk_score":63.104,"wildfire_eal_total":72361.34,"risk_band":"High","source":"FEMA National Risk Index v1.20 (December 2025)"},"geometry":{"type":"Polygon","coordinates":[[[-83.545822,33.172268],[-83.533736,33.434472],[-83.279931,33.483438],[-83.274864,33.464115],[-83.256966,33.455315],[-83.262894,33.443687],[-83.239632,33.418709],[-83.24408,33.39896],[-83.227035,33.404488],[-83.212662,33.400394],[-83.219994,33.394287],[-83.223328,33.379607],[-83.214485,33.380764],[-83.212021,33.387833],[-83.202873,33.388759],[-83.196594,33.395916],[-83.187897,33.392483],[-83.187973,33.386795],[-83.177704,33.38208],[-83.169968,33.370674],[-83.164795,33.355559],[-83.144121,33.339866],[-83.15043,33.322744],[-83.147558,33.308445],[-83.170504,33.301428],[-83.178444,33.292046],[-83.200318,33.284829],[-83.203985,33.279105],[-83.213173,33.282082],[-83.230031,33.276054],[-83.224534,33.265982],[-83.229464,33.256293],[-83.239037,33.262608],[-83.253461,33.25929],[-83.252639,33.234276],[-83.262535,33.208331],[-83.273778,33.201261],[-83.274108,33.187238],[-83.290576,33.190377],[-83.303798,33.180765],[-83.318201,33.183527],[-83.318223,33.169563],[-83.328255,33.175129],[-83.330618,33.167491],[-83.346238,33.171122],[-83.354409,33.17977],[-83.363588,33.179905],[-83.363543,33.168998],[-83.374252,33.171967],[-83.387818,33.185359],[-83.4023,33.181991],[-83.406443,33.185266],[-83.418277,33.17734],[-83.436844,33.185837],[-83.545822,33.172268]]]}},{"type":"Feature","properties":{"GEOID":"13219","NAME":"Oconee","state":"GA","wildfire_risk_score":25.891,"wildfire_eal_total":19172.58,"risk_band":"Low","source":"FEMA National Risk Index v1.20 (December 2025)"},"geometry":{"type":"Polygon","coordinates":[[[-83.647031,33.906198],[-83.537385,33.965912],[-83.508313,33.9312],[-83.468952,33.931064],[-83.466721,33.926228],[-83.438347,33.922462],[-83.421933,33.927055],[-83.415512,33.918541],[-83.394592,33.907806],[-83.390811,33.899972],[-83.3828,33.898649],[-83.384906,33.895454],[-83.373408,33.885588],[-83.366244,33.887785],[-83.359951,33.87557],[-83.346191,33.878666],[-83.32753,33.8689],[-83.324013,33.864357],[-83.326688,33.855591],[-83.275933,33.847977],[-83.306619,33.811444],[-83.292534,33.81049],[-83.29425,33.797863],[-83.280914,33.783424],[-83.284973,33.772129],[-83.280279,33.759704],[-83.296219,33.743134],[-83.297188,33.738037],[-83.291543,33.734285],[-83.406189,33.698307],[-83.417557,33.704281],[-83.423676,33.715111],[-83.444984,33.722397],[-83.458133,33.768402],[-83.477997,33.791534],[-83.475235,33.798233],[-83.482355,33.798183],[-83.479546,33.802353],[-83.485451,33.807175],[-83.492225,33.805182],[-83.502655,33.817356],[-83.533165,33.820923],[-83.53138,33.824272],[-83.543106,33.832527],[-83.573265,33.847408],[-83.582565,33.862614],[-83.590622,33.863361],[-83.583613,33.883608],[-83.608765,33.88118],[-83.626427,33.88493],[-83.638855,33.908306],[-83.647031,33.906198]]]}},{"type":"Feature","properties":{"GEOID":"13205","NAME":"Mitchell","state":"GA","wildfire_risk_score":56.075,"wildfire_eal_total":44995.16,"risk_band":"Moderate","source":"FEMA National Risk Index v1.20 (December 2025)"},"geometry":{"type":"Polygon","coordinates":[[[-84.505129,31.086637],[-84.506314,31.108998],[-84.500092,31.11797],[-84.506823,31.123336],[-84.488779,31.138363],[-84.480994,31.138989],[-84.478804,31.148554],[-84.48264,31.156698],[-84.468498,31.164058],[-84.470276,31.168601],[-84.457646,31.167434],[-84.448692,31.180162],[-84.425987,31.190475],[-84.420169,31.19759],[-84.416904,31.193153],[-84.420083,31.187216],[-84.412855,31.188423],[-84.40435,31.199143],[-84.409066,31.209526],[-84.40598,31.218881],[-84.378127,31.238144],[-84.365756,31.240456],[-84.359445,31.259744],[-84.340672,31.278714],[-84.335513,31.291501],[-84.3409,31.304916],[-84.331863,31.311652],[-84.316302,31.311679],[-84.310857,31.324028],[-84.275608,31.329781],[-84.267461,31.341621],[-84.254412,31.335557],[-84.243472,31.342434],[-84.240121,31.338379],[-84.233268,31.341444],[-84.225112,31.356033],[-84.197986,31.357521],[-84.200627,31.374699],[-84.195668,31.391391],[-84.182556,31.399182],[-84.182151,31.391209],[-84.177582,31.393219],[-84.177118,31.410646],[-84.158268,31.417037],[-84.153629,31.413541],[-84.137769,31.442677],[-83.997796,31.443753],[-84.002977,31.11189],[-84.013737,31.111843],[-84.013851,31.102436],[-84.003201,31.102349],[-84.003627,31.07729],[-84.508078,31.0784],[-84.505129,31.086637]]]}},{"type":"Feature","properties":{"GEOID":"13201","NAME":"Miller","state":"GA","wildfire_risk_score":36.037,"wildfire_eal_total":14761.79,"risk_band":"Low","source":"FEMA National Risk Index v1.20 (December 2025)"},"geometry":{"type":"Polygon","coordinates":[[[-84.922227,31.089454],[-84.917421,31.25599],[-84.748321,31.252486],[-84.748219,31.258451],[-84.73718,31.258243],[-84.737381,31.252309],[-84.709578,31.25184],[-84.705107,31.251921],[-84.705097,31.257722],[-84.694177,31.257653],[-84.694241,31.251672],[-84.683255,31.251404],[-84.682939,31.25725],[-84.672685,31.259442],[-84.537101,31.255932],[-84.542653,31.079029],[-84.644678,31.079504],[-84.645793,31.06801],[-84.922423,31.07259],[-84.922227,31.089454]]]}},{"type":"Feature","properties":{"GEOID":"13051","NAME":"Chatham","state":"GA","wildfire_risk_score":92.398,"wildfire_eal_total":2022818.1,"risk_band":"High","source":"FEMA National Risk Index v1.20 (December 2025)"},"geometry":{"type":"Polygon","coordinates":[[[-81.391698,32.095886],[-81.195679,32.237468],[-81.145222,32.226633],[-81.152153,32.222322],[-81.138435,32.219256],[-81.122061,32.195501],[-81.114016,32.195448],[-81.121584,32.192203],[-81.118234,32.189201],[-81.120452,32.178293],[-81.111933,32.178002],[-81.111132,32.172703],[-81.121189,32.174923],[-81.129746,32.165933],[-81.122034,32.161803],[-81.121116,32.154504],[-81.112236,32.150804],[-81.119943,32.133998],[-81.115367,32.114705],[-81.106703,32.109698],[-81.091245,32.110888],[-81.08827,32.099931],[-81.038125,32.083734],[-81.026262,32.088129],[-81.017355,32.098785],[-81.004305,32.102367],[-80.992138,32.094915],[-80.983509,32.079549],[-80.95388,32.070142],[-80.925085,32.041939],[-80.890743,32.030729],[-80.875954,32.016758],[-80.852725,32.028785],[-80.843456,32.023647],[-80.840378,32.003044],[-80.847298,31.987549],[-80.858429,31.984262],[-80.862814,31.969346],[-80.897687,31.949065],[-80.928006,31.938532],[-80.932522,31.961926],[-80.942742,31.963741],[-80.972392,31.94127],[-80.984336,31.940145],[-80.983623,31.931674],[-80.968494,31.915822],[-80.930145,31.90807],[-80.99269,31.857641],[-81.000317,31.856744],[-81.014478,31.867474],[-81.028405,31.86814],[-81.041548,31.876198],[-81.065255,31.877095],[-81.05907,31.850106],[-81.076178,31.836132],[-81.075812,31.829031],[-81.052313,31.819049],[-81.04794,31.824881],[-81.039808,31.823],[-81.035913,31.810364],[-81.07917,31.762684],[-81.130634,31.722692],[-81.138448,31.720934],[-81.154686330339,31.7262025789643],[-81.156418,31.742329],[-81.173323,31.757226],[-81.16102,31.785529],[-81.181222,31.795614],[-81.177027,31.816113],[-81.161625,31.821138],[-81.155833,31.838116],[-81.138324,31.85522],[-81.155124,31.864311],[-81.161187,31.887571],[-81.173396,31.899751],[-81.185573,31.899875],[-81.212172,31.887366],[-81.222345,31.890367],[-81.220749,31.895694],[-81.193681,31.908913],[-81.190644,31.917995],[-81.193817,31.921377],[-81.21108,31.919305],[-81.235596,31.887672],[-81.243069,31.89232],[-81.233451,31.903967],[-81.235253,31.910102],[-81.246147,31.911665],[-81.256391,31.905369],[-81.263549,31.908075],[-81.265826,31.915848],[-81.258031,31.92671],[-81.273034,31.925005],[-81.276137,31.931819],[-81.273121,31.941281],[-81.28803,31.94411],[-81.28863,31.977201],[-81.308852,31.98233],[-81.310149,31.995103],[-81.304436,32.000709],[-81.31412,32.004511],[-81.314916,32.011412],[-81.321909,32.00741],[-81.318296,32.015497],[-81.323333,32.015206],[-81.325034,32.021805],[-81.335734,32.022005],[-81.338255,32.03291],[-81.348211,32.039071],[-81.350429,32.034242],[-81.360607,32.048641],[-81.368026,32.048526],[-81.367115,32.057001],[-81.375227,32.066693],[-81.368869,32.068986],[-81.384727,32.079517],[-81.391698,32.095886]]]}},{"type":"Feature","properties":{"GEOID":"13185","NAME":"Lowndes","state":"GA","wildfire_risk_score":72.519,"wildfire_eal_total":202503.11,"risk_band":"High","source":"FEMA National Risk Index v1.20 (December 2025)"},"geometry":{"type":"Polygon","coordinates":[[[-83.484475,30.75448],[-83.456764,30.76578],[-83.454298,30.770338],[-83.459209,30.784057],[-83.452286,30.788227],[-83.446399,30.804856],[-83.449983,30.81759],[-83.426763,30.815026],[-83.414739,30.828699],[-83.395736,30.825445],[-83.379199,30.830524],[-83.372714,30.839842],[-83.358989,30.83671],[-83.350948,30.841798],[-83.346405,30.853543],[-83.354661,30.861734],[-83.355857,30.872178],[-83.370898,30.884828],[-83.376776,30.880506],[-83.381614,30.884587],[-83.408031,30.886586],[-83.411323,30.894167],[-83.416207,30.889149],[-83.425054,30.892062],[-83.426488,30.897674],[-83.44031,30.904794],[-83.441814,30.915447],[-83.436343,30.920967],[-83.438981,30.931288],[-83.435121,30.935383],[-83.439861,30.939421],[-83.429265,30.948733],[-83.432403,30.956181],[-83.436483,30.955201],[-83.43468,30.961473],[-83.442414,30.973248],[-83.444652,30.988584],[-83.455943,30.995012],[-83.471324,31.02386],[-83.468039,31.029217],[-83.475617,31.031964],[-83.180622,31.025488],[-83.179465,30.950128],[-83.042924,30.947296],[-83.042483,30.937707],[-83.036346,30.932551],[-83.040335,30.926933],[-83.032067,30.922455],[-83.036369,30.916011],[-83.027732,30.915184],[-83.02695,30.905969],[-83.02037,30.904337],[-83.026046,30.861457],[-83.025224,30.852011],[-83.019419,30.849453],[-83.088082,30.848658],[-83.088099,30.831193],[-83.103235,30.831426],[-83.104365,30.803703],[-83.124865,30.803655],[-83.131508,30.794191],[-83.136236,30.775229],[-83.134594,30.725784],[-83.130277,30.722234],[-83.135777,30.721966],[-83.1366141049961,30.6239892066814],[-83.3092490670063,30.6344048630721],[-83.326435,30.643464],[-83.3408517065097,30.6363364035491],[-83.357703044293,30.637359270342],[-83.36579,30.641449],[-83.360611,30.64405],[-83.362738,30.658595],[-83.370182,30.656484],[-83.394023,30.667717],[-83.391531,30.671908],[-83.396273,30.677314],[-83.415247,30.674707],[-83.420758,30.688977],[-83.43968,30.688565],[-83.454075,30.70061],[-83.45405,30.710139],[-83.468872,30.718403],[-83.467764,30.731437],[-83.484475,30.75448]]]}},{"type":"Feature","properties":{"GEOID":"13027","NAME":"Brooks","state":"GA","wildfire_risk_score":56.361,"wildfire_eal_total":43556.39,"risk_band":"Moderate","source":"FEMA National Risk Index v1.20 (December 2025)"},"geometry":{"type":"MultiPolygon","coordinates":[[[[-83.33829,30.639723],[-83.326435,30.643464],[-83.3092490670063,30.6344048630721],[-83.3408517065097,30.6363364035491],[-83.33829,30.639723]]],[[[-83.742256,30.742042],[-83.739021,30.742003],[-83.736158,31.037679],[-83.573959,31.033875],[-83.573937,31.078946],[-83.549909,31.053383],[-83.52932,31.051181],[-83.525618,31.055287],[-83.508196,31.04829],[-83.502596,31.053119],[-83.49252,31.036513],[-83.468039,31.029217],[-83.471324,31.02386],[-83.463689,31.005935],[-83.443077,30.984995],[-83.442414,30.973248],[-83.43468,30.961473],[-83.436483,30.955201],[-83.432403,30.956181],[-83.429265,30.948733],[-83.439861,30.939421],[-83.435121,30.935383],[-83.438981,30.931288],[-83.436343,30.920967],[-83.441814,30.915447],[-83.44031,30.904794],[-83.426488,30.897674],[-83.425054,30.892062],[-83.416207,30.889149],[-83.411323,30.894167],[-83.408031,30.886586],[-83.381614,30.884587],[-83.376776,30.880506],[-83.370898,30.884828],[-83.355857,30.872178],[-83.354661,30.861734],[-83.346405,30.853543],[-83.350948,30.841798],[-83.358989,30.83671],[-83.372714,30.839842],[-83.379199,30.830524],[-83.395736,30.825445],[-83.414739,30.828699],[-83.426763,30.815026],[-83.449983,30.81759],[-83.447486,30.798878],[-83.459342,30.78337],[-83.454298,30.770338],[-83.484766,30.752372],[-83.467764,30.731437],[-83.468872,30.718403],[-83.45405,30.710139],[-83.454075,30.70061],[-83.43968,30.688565],[-83.420758,30.688977],[-83.415247,30.674707],[-83.396273,30.677314],[-83.391531,30.671908],[-83.394023,30.667717],[-83.370182,30.656484],[-83.362738,30.658595],[-83.360611,30.64405],[-83.36579,30.641449],[-83.357703044293,30.637359270342],[-83.743729,30.6583963847626],[-83.742256,30.742042]]]]}},{"type":"Feature","properties":{"GEOID":"13049","NAME":"Charlton","state":"GA","wildfire_risk_score":72.169,"wildfire_eal_total":125438.93,"risk_band":"High","source":"FEMA National Risk Index v1.20 (December 2025)"},"geometry":{"type":"Polygon","coordinates":[[[-82.415603,31.01359],[-82.081207,31.01063],[-82.06087,31.075809],[-81.906036,31.039715],[-81.902755,31.029436],[-81.907814,31.026266],[-81.904724,31.020618],[-81.91143,31.010696],[-81.907875,30.994827],[-81.91465,30.995707],[-81.912441,30.991533],[-81.917383,30.984928],[-81.911665,30.972774],[-81.9067,30.975395],[-81.903733,30.966338],[-81.891899,30.960243],[-81.892486,30.951223],[-81.91549,30.913134],[-81.912819,30.910009],[-81.902565,30.915155],[-81.906211,30.909239],[-81.895187,30.904821],[-81.892139,30.90988],[-81.90727,30.825555],[-81.904533,30.817743],[-81.92705,30.817569],[-81.936976,30.828511],[-81.949501,30.827867],[-81.963928,30.8181],[-81.962898,30.795847],[-81.977722,30.776636],[-82.004754,30.791389],[-82.021972,30.788233],[-82.023269,30.782693],[-82.011375,30.7626],[-82.027141,30.751128],[-82.036773,30.754434],[-82.044792,30.728481],[-82.039154,30.723178],[-82.036426,30.706585],[-82.050432,30.676266],[-82.049507,30.655548],[-82.028499,30.621829],[-82.027338,30.606726],[-82.015708,30.601704],[-82.005477,30.563495],[-82.018361,30.531184],[-82.01477,30.513009],[-82.017779,30.475081],[-82.037209,30.434518],[-82.034005,30.422357],[-82.04199,30.403266],[-82.036825,30.377884],[-82.047917,30.363265],[-82.081106,30.358806],[-82.094687,30.360781],[-82.104834,30.368319],[-82.165192,30.358035],[-82.171508,30.359869],[-82.184633,30.377165],[-82.19294,30.378779],[-82.210291,30.42459],[-82.203975,30.444507],[-82.207708,30.460503],[-82.200938,30.474438],[-82.201416,30.485164],[-82.226933,30.510281],[-82.230752,30.526758],[-82.240403,30.53777],[-82.234427,30.556593],[-82.214385,30.566958],[-82.149872,30.784336],[-82.17816,30.790953],[-82.420442,30.795229],[-82.415603,31.01359]]]}},{"type":"Feature","properties":{"GEOID":"13245","NAME":"Richmond","state":"GA","wildfire_risk_score":67.112,"wildfire_eal_total":118086.36,"risk_band":"High","source":"FEMA National Risk Index v1.20 (December 2025)"},"geometry":{"type":"Polygon","coordinates":[[[-82.350299,33.314801],[-82.028238,33.544934],[-82.001338,33.520135],[-81.985938,33.486536],[-81.929436,33.465837],[-81.913532,33.441274],[-81.916972,33.432592],[-81.932308,33.426587],[-81.910765,33.415035],[-81.912367,33.40809],[-81.924766,33.412418],[-81.93139,33.406956],[-81.945629,33.405835],[-81.935085,33.397243],[-81.930861,33.380076],[-81.924837,33.37414],[-81.930634,33.368165],[-81.946337,33.37064],[-81.935313,33.356789],[-81.939737,33.344941],[-81.92346,33.344898],[-81.919278,33.340338],[-81.90893,33.346268],[-81.918929,33.33496],[-81.908137,33.327142],[-81.913737,33.320042],[-81.90613,33.32162],[-81.901954,33.335876],[-81.896937,33.330542],[-81.898588,33.322905],[-81.889161,33.321092],[-81.892537,33.315343],[-81.882536,33.317043],[-81.881237,33.302543],[-81.869247,33.313768],[-81.864936,33.311843],[-81.863929,33.302036],[-81.856064,33.309852],[-81.847636,33.307143],[-81.848736,33.296744],[-81.860036,33.299144],[-81.863336,33.289244],[-81.846191,33.284325],[-81.839145,33.273899],[-81.83252,33.275556],[-81.836036,33.263545],[-81.828336,33.263045],[-81.834408,33.258378],[-81.84691,33.266599],[-81.846336,33.258445],[-81.840036,33.254645],[-81.849826,33.252921],[-81.856149,33.245796],[-81.886035,33.26185],[-81.924416,33.256924],[-81.978889,33.227192],[-82.011491,33.233906],[-82.029096,33.231941],[-82.060031,33.242566],[-82.092592,33.230084],[-82.103401,33.233009],[-82.109125,33.241305],[-82.125329,33.249665],[-82.133747,33.275879],[-82.152046,33.282393],[-82.165077,33.295998],[-82.17424,33.296771],[-82.273514,33.267605],[-82.295952,33.276573],[-82.311539,33.297146],[-82.334278,33.309309],[-82.353498,33.312318],[-82.350299,33.314801]]]}},{"type":"Feature","properties":{"GEOID":"13241","NAME":"Rabun","state":"GA","wildfire_risk_score":64.059,"wildfire_eal_total":79080.97,"risk_band":"High","source":"FEMA National Risk Index v1.20 (December 2025)"},"geometry":{"type":"Polygon","coordinates":[[[-83.661672,34.848157],[-83.654916,34.865586],[-83.656672,34.878602],[-83.650049,34.881016],[-83.645223,34.891402],[-83.63059,34.894492],[-83.626589,34.910092],[-83.598276,34.912943],[-83.593792,34.917937],[-83.593222,34.921549],[-83.599503,34.921766],[-83.601753,34.938041],[-83.546883,34.946492],[-83.549381,34.992492],[-83.11315,35.001244],[-83.098381,34.991123],[-83.105766,34.981503],[-83.111275,34.981003],[-83.110855,34.976315],[-83.116623,34.975315],[-83.12211,34.964329],[-83.115929,34.960308],[-83.120028,34.957478],[-83.114021,34.950912],[-83.127035,34.953778],[-83.112801,34.934723],[-83.120819,34.933048],[-83.12759,34.938491],[-83.130554,34.930932],[-83.140621,34.924915],[-83.156235,34.930984],[-83.157208,34.914934],[-83.169087,34.918777],[-83.189278,34.897255],[-83.194374,34.899567],[-83.196775,34.890733],[-83.203069,34.893855],[-83.201019,34.884789],[-83.206253,34.879677],[-83.214722,34.883842],[-83.214485,34.88847],[-83.21994,34.878113],[-83.243126,34.877392],[-83.234703,34.870743],[-83.238609,34.865452],[-83.246719,34.867002],[-83.246933,34.855007],[-83.253319,34.855923],[-83.250163,34.844597],[-83.266306,34.849044],[-83.272426,34.834718],[-83.26734,34.832372],[-83.271797,34.818043],[-83.28865,34.824673],[-83.294647,34.813602],[-83.303131,34.818745],[-83.306663,34.81485],[-83.299797,34.810062],[-83.301182,34.804008],[-83.313782,34.799911],[-83.323866,34.789712],[-83.318977,34.771309],[-83.323213,34.760579],[-83.318939,34.758331],[-83.325897,34.756474],[-83.338965,34.738436],[-83.349075,34.736633],[-83.353416,34.728424],[-83.352323003113,34.7161716266489],[-83.387382,34.737392],[-83.403662,34.728921],[-83.415726,34.732925],[-83.422989,34.736076],[-83.423729,34.744938],[-83.431221,34.747345],[-83.436119,34.742268],[-83.446075,34.743053],[-83.45034,34.734272],[-83.466774,34.733284],[-83.47893,34.72394],[-83.503487,34.734291],[-83.512788,34.731683],[-83.535477,34.739895],[-83.535133,34.747417],[-83.551765,34.750683],[-83.556808,34.757893],[-83.554794,34.765751],[-83.56221,34.781101],[-83.556473,34.784634],[-83.576248,34.795494],[-83.586897,34.819991],[-83.605522,34.827609],[-83.613084,34.822015],[-83.652194,34.822993],[-83.659088,34.830275],[-83.661672,34.848157]]]}},{"type":"Feature","properties":{"GEOID":"13153","NAME":"Houston","state":"GA","wildfire_risk_score":68.13,"wildfire_eal_total":174471.18,"risk_band":"High","source":"FEMA National Risk Index v1.20 (December 2025)"},"geometry":{"type":"Polygon","coordinates":[[[-83.856851,32.375154],[-83.85654,32.382399],[-83.837041,32.382195],[-83.836673,32.439308],[-83.846203,32.439385],[-83.846676,32.468514],[-83.842618,32.461267],[-83.827785,32.457557],[-83.827637,32.439148],[-83.817118,32.439876],[-83.81715,32.44671],[-83.797712,32.44699],[-83.797694,32.496568],[-83.787752,32.49653],[-83.787307,32.512848],[-83.777907,32.512948],[-83.778007,32.505547],[-83.749007,32.505248],[-83.748697,32.534157],[-83.731536,32.522495],[-83.721894,32.523258],[-83.719186,32.597774],[-83.71273,32.610577],[-83.718706,32.610644],[-83.718631,32.634983],[-83.728175,32.635134],[-83.728066,32.650768],[-83.709152,32.651304],[-83.708894,32.674666],[-83.701981,32.682246],[-83.701152,32.692169],[-83.663242,32.673762],[-83.645292,32.674157],[-83.604728,32.660643],[-83.591013,32.665459],[-83.585611,32.657929],[-83.58072,32.658721],[-83.58212,32.655153],[-83.566198,32.660786],[-83.56085,32.657972],[-83.561777,32.654004],[-83.554525,32.648786],[-83.557809,32.649648],[-83.557535,32.644771],[-83.549291,32.641976],[-83.550969,32.634788],[-83.545134,32.632174],[-83.541497,32.620254],[-83.548973,32.61636],[-83.537983,32.602851],[-83.541726,32.599252],[-83.537241,32.588386],[-83.54001,32.584756],[-83.534247,32.585284],[-83.536383,32.575034],[-83.541263,32.577377],[-83.548147,32.571922],[-83.547821,32.559531],[-83.539089,32.555815],[-83.541753,32.550204],[-83.536202,32.5443],[-83.539826,32.540633],[-83.535376,32.530405],[-83.539907,32.52451],[-83.533156,32.523587],[-83.53421,32.517086],[-83.521061,32.511011],[-83.52395,32.504928],[-83.518486,32.504359],[-83.518472,32.499297],[-83.488421,32.485138],[-83.498668,32.481643],[-83.489302,32.476906],[-83.497254,32.472589],[-83.489813,32.457575],[-83.497908,32.453853],[-83.498018,32.447933],[-83.487779,32.440589],[-83.491186,32.432121],[-83.482459,32.425144],[-83.485563,32.404199],[-83.498039,32.401715],[-83.502713,32.389201],[-83.506668,32.3889],[-83.523745,32.402186],[-83.615579,32.288556],[-83.700362,32.289991],[-83.70033,32.282583],[-83.718759,32.283074],[-83.718434,32.290162],[-83.848379,32.29097],[-83.846831,32.357738],[-83.856587,32.357774],[-83.856851,32.375154]]]}},{"type":"Feature","properties":{"GEOID":"13121","NAME":"Fulton","state":"GA","wildfire_risk_score":52.894,"wildfire_eal_total":64551.02,"risk_band":"Moderate","source":"FEMA National Risk Index v1.20 (December 2025)"},"geometry":{"type":"Polygon","coordinates":[[[-84.84913,33.513077],[-84.828054,33.513376],[-84.81488,33.521956],[-84.833172,33.547099],[-84.824715,33.563426],[-84.810162,33.571885],[-84.806068,33.586132],[-84.795846,33.596346],[-84.762271,33.615196],[-84.75094,33.63202],[-84.738408,33.623293],[-84.729663,33.636852],[-84.709037,33.647164],[-84.657316,33.658633],[-84.650645,33.685377],[-84.632138,33.688373],[-84.63171,33.700976],[-84.607479,33.713274],[-84.599452,33.726255],[-84.586928,33.728952],[-84.579279,33.742596],[-84.539373,33.769923],[-84.530773,33.782341],[-84.509552,33.793817],[-84.491506,33.812083],[-84.469716,33.827039],[-84.45612,33.8259],[-84.46022,33.852539],[-84.451687,33.872574],[-84.443306,33.879251],[-84.441527,33.891321],[-84.447385,33.910886],[-84.389482,33.957045],[-84.383389,33.963253],[-84.384455,33.971076],[-84.375116,33.978543],[-84.376769,33.989373],[-84.389969,33.995103],[-84.39637,34.008152],[-84.400143,34.007747],[-84.402126,34.034968],[-84.419134,34.055166],[-84.418428,34.109043],[-84.399541,34.109666],[-84.388255,34.119395],[-84.361577,34.124701],[-84.357068,34.155395],[-84.360755,34.161828],[-84.356167,34.174302],[-84.338602,34.178147],[-84.328639,34.186166],[-84.259019,34.185918],[-84.25901,34.109564],[-84.254092,34.104294],[-84.230841,34.096725],[-84.213755,34.099143],[-84.205969,34.090679],[-84.185585,34.082557],[-84.17765,34.069935],[-84.143617,34.055374],[-84.097693,34.050708],[-84.123461,34.03335],[-84.169505,34.028005],[-84.18088,33.998708],[-84.192446,33.990921],[-84.204768,33.9901],[-84.202146,33.997136],[-84.212489,34.003785],[-84.248316,33.998262],[-84.253334,33.987179],[-84.263305,33.985981],[-84.262849,33.973676],[-84.258089,33.968184],[-84.280497,33.95602],[-84.337335,33.97088],[-84.347412,33.968109],[-84.349875,33.647944],[-84.445768,33.648807],[-84.448304,33.641096],[-84.453103,33.641095],[-84.453092,33.648875],[-84.45788,33.648562],[-84.458665,33.550933],[-84.594224,33.519441],[-84.609367,33.502582],[-84.621126,33.503126],[-84.621305,33.511291],[-84.84913,33.513077]]]}},{"type":"Feature","properties":{"GEOID":"13013","NAME":"Barrow","state":"GA","wildfire_risk_score":19.593,"wildfire_eal_total":9125.2,"risk_band":"Low","source":"FEMA National Risk Index v1.20 (December 2025)"},"geometry":{"type":"Polygon","coordinates":[[[-83.869115,34.004316],[-83.817682,34.127493],[-83.811108,34.11552],[-83.815203,34.11376],[-83.792221,34.100304],[-83.791031,34.087193],[-83.764877,34.065141],[-83.733726,34.067345],[-83.731796,34.060116],[-83.72377,34.063423],[-83.718398,34.053537],[-83.713492,34.056378],[-83.714399,34.050024],[-83.70918,34.045127],[-83.694595,34.056255],[-83.691806,34.051616],[-83.685513,34.053442],[-83.684937,34.046942],[-83.676193,34.053593],[-83.665668,34.048229],[-83.658043,34.053288],[-83.65258,34.046581],[-83.643768,34.050854],[-83.630326,34.044756],[-83.614418,34.046921],[-83.609085,34.03817],[-83.600538,34.0353],[-83.584158,34.041058],[-83.573438,34.039057],[-83.571111,34.031401],[-83.563277,34.031864],[-83.537385,33.965912],[-83.647031,33.906198],[-83.676367,33.917606],[-83.727391,33.898229],[-83.739452,33.899731],[-83.744161,33.90568],[-83.745852,33.898699],[-83.76104,33.894842],[-83.76457,33.9072],[-83.79908,33.928104],[-83.813691,33.954491],[-83.831998,33.966369],[-83.837311,33.982204],[-83.869115,34.004316]]]}},{"type":"Feature","properties":{"GEOID":"13163","NAME":"Jefferson","state":"GA","wildfire_risk_score":51.495,"wildfire_eal_total":39239.89,"risk_band":"Moderate","source":"FEMA National Risk Index v1.20 (December 2025)"},"geometry":{"type":"Polygon","coordinates":[[[-82.661917,33.126331],[-82.641851,33.121267],[-82.640184,33.12551],[-82.601135,33.124899],[-82.578816,33.11984],[-82.579758,33.140476],[-82.573898,33.153912],[-82.583504,33.161346],[-82.584942,33.171453],[-82.383829,33.312106],[-82.349155,33.313236],[-82.334278,33.309309],[-82.303902,33.290947],[-82.295952,33.276573],[-82.25956,33.263584],[-82.246641,33.248859],[-82.241016,33.233187],[-82.232806,33.228529],[-82.281054,33.110354],[-82.29118,33.062827],[-82.272353,32.937796],[-82.316512,32.835772],[-82.326627,32.84123],[-82.346229,32.827404],[-82.35482,32.827281],[-82.367659,32.814808],[-82.391625,32.81756],[-82.415788,32.813311],[-82.419,32.801335],[-82.408959,32.791597],[-82.409185,32.784452],[-82.398627,32.782967],[-82.398351,32.777239],[-82.429843,32.761487],[-82.458249,32.768223],[-82.502216,32.800917],[-82.525952,32.833557],[-82.510851,32.917754],[-82.539352,32.947752],[-82.550225,33.019351],[-82.559195,33.014183],[-82.577812,33.024369],[-82.579752,33.030009],[-82.600253,33.032838],[-82.604348,33.045538],[-82.617899,33.051144],[-82.612873,33.060872],[-82.628034,33.06433],[-82.626658,33.072131],[-82.641569,33.084392],[-82.638077,33.100367],[-82.647519,33.102052],[-82.661917,33.126331]]]}},{"type":"Feature","properties":{"GEOID":"13009","NAME":"Baldwin","state":"GA","wildfire_risk_score":66.921,"wildfire_eal_total":116772.82,"risk_band":"High","source":"FEMA National Risk Index v1.20 (December 2025)"},"geometry":{"type":"Polygon","coordinates":[[[-83.426739,33.182729],[-83.418277,33.17734],[-83.406443,33.185266],[-83.4023,33.181991],[-83.387818,33.185359],[-83.374252,33.171967],[-83.363543,33.168998],[-83.363588,33.179905],[-83.354409,33.17977],[-83.346238,33.171122],[-83.330618,33.167491],[-83.328255,33.175129],[-83.318223,33.169563],[-83.318201,33.183527],[-83.303798,33.180765],[-83.290576,33.190377],[-83.262738,33.189127],[-83.097649,33.151536],[-83.095482,33.140942],[-83.09886,33.13297],[-83.110649,33.127194],[-83.108025,33.118952],[-83.118812,33.08699],[-83.102843,33.051366],[-83.083524,33.063901],[-83.071669,33.06506],[-83.052197,33.080682],[-83.044327,33.064014],[-83.055579,33.046349],[-83.055039,33.037808],[-83.067713,33.027371],[-83.051328,33.003085],[-83.049081,32.985605],[-83.057908,32.974501],[-83.067644,32.974849],[-83.070703,32.947095],[-83.077922,32.946235],[-83.07619,32.950775],[-83.085103,32.956002],[-83.087232,32.950723],[-83.095906,32.960443],[-83.093895,32.967674],[-83.108425,32.96916],[-83.115241,32.973711],[-83.116755,32.981322],[-83.125308,32.983734],[-83.121797,32.988212],[-83.128406,32.989991],[-83.123382,32.992699],[-83.122813,33.001294],[-83.129914,32.999229],[-83.131673,33.006435],[-83.147416,33.008666],[-83.149509,32.997795],[-83.159585,33.002803],[-83.179469,32.987401],[-83.162358,32.969577],[-83.20616,32.983597],[-83.268672,32.958699],[-83.263183,32.95411],[-83.276067,32.942067],[-83.287737,32.951884],[-83.357685,32.926141],[-83.414997,33.112833],[-83.42909,33.185352],[-83.426739,33.182729]]]}},{"type":"Feature","properties":{"GEOID":"13279","NAME":"Toombs","state":"GA","wildfire_risk_score":53.531,"wildfire_eal_total":46949.53,"risk_band":"Moderate","source":"FEMA National Risk Index v1.20 (December 2025)"},"geometry":{"type":"Polygon","coordinates":[[[-82.480377,31.991893],[-82.441124,32.217998],[-82.439128,32.292607],[-82.409118,32.35383],[-82.401648,32.352265],[-82.392647,32.335406],[-82.378936,32.336902],[-82.358672,32.318387],[-82.354546,32.292194],[-82.279845,32.294182],[-82.232788,32.318838],[-82.227401,32.277794],[-82.209794,32.238822],[-82.213683,32.229224],[-82.204984,32.209772],[-82.19625,32.205097],[-82.184187,32.180002],[-82.185745,32.166871],[-82.181926,32.165945],[-82.195206,32.14068],[-82.225042,31.913074],[-82.22964,31.911798],[-82.236925,31.9205],[-82.24681,31.9151],[-82.256037,31.932089],[-82.267161,31.928621],[-82.270334,31.935871],[-82.286418,31.942443],[-82.301112,31.93327],[-82.309508,31.946541],[-82.315085,31.946611],[-82.307755,31.937485],[-82.314482,31.930783],[-82.362334,31.94369],[-82.377149,31.941693],[-82.371549,31.953493],[-82.384456,31.960022],[-82.389136,31.957082],[-82.387138,31.948184],[-82.400142,31.960186],[-82.405545,31.949188],[-82.408046,31.955689],[-82.430151,31.965991],[-82.457552,31.96379],[-82.479607,31.971653],[-82.483131,31.968961],[-82.480377,31.991893]]]}},{"type":"Feature","properties":{"GEOID":"13001","NAME":"Appling","state":"GA","wildfire_risk_score":52.926,"wildfire_eal_total":41928.36,"risk_band":"Moderate","source":"FEMA National Risk Index v1.20 (December 2025)"},"geometry":{"type":"Polygon","coordinates":[[[-82.550691,31.749112],[-82.520158,31.74919],[-82.520251,31.838388],[-82.431362,31.837993],[-82.431531,31.966182],[-82.408046,31.955689],[-82.407245,31.949488],[-82.402044,31.951688],[-82.404242,31.958487],[-82.400142,31.960186],[-82.387138,31.948184],[-82.389136,31.957082],[-82.384456,31.960022],[-82.371549,31.953493],[-82.377149,31.941693],[-82.362334,31.94369],[-82.314482,31.930783],[-82.307755,31.937485],[-82.315085,31.946611],[-82.309508,31.946541],[-82.301112,31.93327],[-82.286418,31.942443],[-82.270334,31.935871],[-82.267161,31.928621],[-82.256037,31.932089],[-82.24681,31.9151],[-82.236925,31.9205],[-82.22964,31.911798],[-82.193144,31.906799],[-82.191344,31.900499],[-82.159243,31.903899],[-82.145143,31.8981],[-82.134243,31.908],[-82.131143,31.9038],[-82.135543,31.8917],[-82.119542,31.886001],[-82.115442,31.888801],[-82.116642,31.8997],[-82.111818,31.900487],[-82.107842,31.883701],[-82.115478,31.862846],[-82.107235,31.863797],[-82.081309,31.842806],[-82.048582,31.827075],[-82.077084,31.829068],[-82.087398,31.821622],[-82.087247,31.799509],[-82.10654,31.799798],[-82.107028,31.786101],[-82.089338,31.785903],[-82.08944,31.772913],[-82.133013,31.773404],[-82.132942,31.56931],[-82.147948,31.569123],[-82.147926,31.557308],[-82.132867,31.557514],[-82.132794,31.471262],[-82.141021,31.469426],[-82.163864,31.475912],[-82.216173,31.516237],[-82.244255,31.557953],[-82.257327,31.560667],[-82.269732,31.571882],[-82.307186,31.587705],[-82.367041,31.630212],[-82.407509,31.6392],[-82.43573,31.660656],[-82.45089,31.661381],[-82.453484,31.668243],[-82.472725,31.680157],[-82.495866,31.710588],[-82.52142,31.710796],[-82.520567,31.736201],[-82.550714,31.736334],[-82.550691,31.749112]]]}},{"type":"Feature","properties":{"GEOID":"13023","NAME":"Bleckley","state":"GA","wildfire_risk_score":48.982,"wildfire_eal_total":34331.1,"risk_band":"Moderate","source":"FEMA National Risk Index v1.20 (December 2025)"},"geometry":{"type":"Polygon","coordinates":[[[-83.494749,32.403671],[-83.484136,32.405767],[-83.482459,32.425144],[-83.487963,32.426457],[-83.491228,32.433014],[-83.487779,32.440589],[-83.497923,32.452198],[-83.408844,32.495713],[-83.412055,32.502091],[-83.403526,32.505417],[-83.400041,32.500157],[-83.226536,32.584201],[-83.138991,32.423069],[-83.173252,32.452533],[-83.30475,32.341958],[-83.283958,32.324311],[-83.332224,32.284033],[-83.339279,32.289766],[-83.346103,32.283818],[-83.3396,32.278245],[-83.346528,32.272489],[-83.470392,32.376781],[-83.498039,32.401715],[-83.494749,32.403671]]]}},{"type":"Feature","properties":{"GEOID":"13133","NAME":"Greene","state":"GA","wildfire_risk_score":57.57,"wildfire_eal_total":54668.36,"risk_band":"Moderate","source":"FEMA National Risk Index v1.20 (December 2025)"},"geometry":{"type":"Polygon","coordinates":[[[-83.406189,33.698307],[-83.291543,33.734285],[-83.297188,33.738037],[-83.296219,33.743134],[-83.28034,33.761774],[-83.118729,33.698818],[-83.049141,33.715561],[-83.01564,33.691204],[-82.993848,33.69286],[-82.977469,33.679388],[-82.963757,33.676821],[-82.950725,33.660893],[-82.970512,33.641727],[-82.973717,33.621707],[-82.980102,33.614716],[-82.987724,33.628941],[-83.00161,33.620243],[-82.989899,33.603279],[-83.014038,33.580383],[-82.986035,33.520356],[-82.985588,33.489841],[-83.164207,33.35503],[-83.169968,33.370674],[-83.177704,33.38208],[-83.187973,33.386795],[-83.187897,33.392483],[-83.196594,33.395916],[-83.202873,33.388759],[-83.212021,33.387833],[-83.214485,33.380764],[-83.223328,33.379607],[-83.219994,33.394287],[-83.212662,33.400394],[-83.227035,33.404488],[-83.24408,33.39896],[-83.239632,33.418709],[-83.262894,33.443687],[-83.256966,33.455315],[-83.277771,33.468876],[-83.280342,33.485737],[-83.27681,33.494198],[-83.283989,33.508209],[-83.277611,33.52763],[-83.269306,33.532248],[-83.270959,33.536864],[-83.278351,33.544552],[-83.286591,33.542675],[-83.303612,33.555012],[-83.303223,33.56311],[-83.312355,33.56424],[-83.326355,33.584202],[-83.33622,33.58839],[-83.337952,33.59742],[-83.348793,33.597221],[-83.349716,33.614254],[-83.359802,33.623497],[-83.369395,33.654137],[-83.379566,33.66058],[-83.394936,33.683628],[-83.394913,33.690514],[-83.406189,33.698307]]]}},{"type":"Feature","properties":{"GEOID":"13311","NAME":"White","state":"GA","wildfire_risk_score":50.922,"wildfire_eal_total":49190.7,"risk_band":"Moderate","source":"FEMA National Risk Index v1.20 (December 2025)"},"geometry":{"type":"Polygon","coordinates":[[[-83.877276,34.629597],[-83.871104,34.639875],[-83.875374,34.642764],[-83.871837,34.65749],[-83.876407,34.660401],[-83.871205,34.664898],[-83.872507,34.683092],[-83.863606,34.688593],[-83.856506,34.722191],[-83.829401,34.730897],[-83.829615,34.739627],[-83.825109,34.743382],[-83.830735,34.765901],[-83.825903,34.778507],[-83.819403,34.782592],[-83.74275,34.801409],[-83.712564,34.791048],[-83.696455,34.793413],[-83.684711,34.801495],[-83.674396,34.788093],[-83.669296,34.789193],[-83.646095,34.771794],[-83.633595,34.770694],[-83.628295,34.763394],[-83.632496,34.751894],[-83.625196,34.745994],[-83.623496,34.732594],[-83.639223,34.711432],[-83.636502,34.699599],[-83.640598,34.679913],[-83.648346,34.673134],[-83.645447,34.668804],[-83.654167,34.666737],[-83.665003,34.653284],[-83.647499,34.638859],[-83.638243,34.62238],[-83.638335,34.616908],[-83.646522,34.612209],[-83.645706,34.604998],[-83.638535,34.592892],[-83.635155,34.571056],[-83.615631,34.553593],[-83.620064,34.55204],[-83.616427,34.547307],[-83.621429,34.543789],[-83.616707,34.542515],[-83.630363,34.536308],[-83.632774,34.527187],[-83.662781,34.513538],[-83.666415,34.503602],[-83.777703,34.504797],[-83.777605,34.513696],[-83.788604,34.514096],[-83.788479,34.504754],[-83.843405,34.505494],[-83.84313,34.515357],[-83.837573,34.515339],[-83.832831,34.532307],[-83.843788,34.532397],[-83.843753,34.541432],[-83.853715,34.541457],[-83.853682,34.550693],[-83.864449,34.550593],[-83.864456,34.615581],[-83.872796,34.615626],[-83.877276,34.629597]]]}},{"type":"Feature","properties":{"GEOID":"13301","NAME":"Warren","state":"GA","wildfire_risk_score":41.635,"wildfire_eal_total":17141.42,"risk_band":"Low","source":"FEMA National Risk Index v1.20 (December 2025)"},"geometry":{"type":"Polygon","coordinates":[[[-82.864182,33.467509],[-82.838963,33.488477],[-82.835647,33.498506],[-82.824631,33.502156],[-82.823371,33.515414],[-82.815315,33.521137],[-82.787605,33.5107],[-82.767286,33.51457],[-82.749072,33.510685],[-82.740128,33.528618],[-82.722401,33.538818],[-82.71951,33.552079],[-82.72382,33.555489],[-82.703934,33.579456],[-82.703944,33.589352],[-82.695296,33.593069],[-82.689086,33.590174],[-82.670284,33.604138],[-82.65912,33.603048],[-82.652447,33.596104],[-82.655937,33.60661],[-82.652439,33.611202],[-82.584563,33.449654],[-82.553616,33.415802],[-82.544313,33.374721],[-82.548068,33.352783],[-82.535779,33.35746],[-82.51072,33.342045],[-82.500752,33.342619],[-82.498541,33.337727],[-82.449977,33.340505],[-82.425512,33.330196],[-82.417427,33.332326],[-82.410923,33.319795],[-82.383829,33.312106],[-82.431957,33.27483],[-82.559753,33.32727],[-82.590727,33.321707],[-82.598977,33.312686],[-82.645593,33.301448],[-82.678406,33.274248],[-82.702577,33.272883],[-82.733498,33.256242],[-82.763362,33.253951],[-82.765029,33.259029],[-82.785378,33.26768],[-82.781612,33.305525],[-82.785213,33.310082],[-82.793619,33.309804],[-82.795445,33.314746],[-82.796075,33.318691],[-82.78924,33.318693],[-82.799487,33.331057],[-82.797041,33.340018],[-82.80136,33.348419],[-82.797549,33.356446],[-82.802916,33.365035],[-82.81239,33.363743],[-82.821706,33.374268],[-82.817231,33.377322],[-82.817859,33.387178],[-82.82803,33.392992],[-82.824768,33.393352],[-82.827972,33.397996],[-82.822531,33.400056],[-82.826466,33.413764],[-82.822606,33.425823],[-82.834608,33.431682],[-82.834166,33.435485],[-82.839663,33.43094],[-82.846245,33.435788],[-82.861397,33.456096],[-82.864182,33.467509]]]}},{"type":"Feature","properties":{"GEOID":"13315","NAME":"Wilcox","state":"GA","wildfire_risk_score":39.981,"wildfire_eal_total":19625.59,"risk_band":"Low","source":"FEMA National Risk Index v1.20 (December 2025)"},"geometry":{"type":"Polygon","coordinates":[[[-83.612196,31.85956],[-83.608547,32.118405],[-83.55102,32.118139],[-83.55083,32.126165],[-83.541494,32.126074],[-83.541623,32.118131],[-83.435657,32.117244],[-83.435629,32.125169],[-83.416543,32.12517],[-83.41644,32.133076],[-83.413091,32.13326],[-83.396981,32.132578],[-83.397148,32.124099],[-83.361113,32.124092],[-83.350457,32.112645],[-83.352884,32.1069],[-83.357986,32.109451],[-83.359379,32.106144],[-83.348281,32.102843],[-83.342361,32.108055],[-83.331101,32.100111],[-83.324373,32.104015],[-83.317994,32.085903],[-83.310334,32.092429],[-83.301,32.083561],[-83.30329,32.077658],[-83.295206,32.07918],[-83.297867,32.073703],[-83.305202,32.07329],[-83.299858,32.070307],[-83.300626,32.055052],[-83.308565,32.049768],[-83.294428,32.038524],[-83.299554,32.033341],[-83.297436,32.02762],[-83.289579,32.026378],[-83.289938,32.017992],[-83.294433,32.020144],[-83.296923,32.011245],[-83.2934,32.005432],[-83.289699,32.006771],[-83.295944,32.001738],[-83.283705,32.002907],[-83.28585,31.99818],[-83.278381,31.994363],[-83.280513,31.989517],[-83.28636,31.993744],[-83.291784,31.98323],[-83.284555,31.984225],[-83.285056,31.976343],[-83.261534,31.952076],[-83.244906,31.945038],[-83.241726,31.952463],[-83.235761,31.950955],[-83.240803,31.942031],[-83.226673,31.938346],[-83.232515,31.930836],[-83.214126,31.921767],[-83.218386,31.915732],[-83.210312,31.904472],[-83.204775,31.904529],[-83.20714,31.895238],[-83.199948,31.892468],[-83.204236,31.884682],[-83.197954,31.88415],[-83.199704,31.880345],[-83.192856,31.87979],[-83.189917,31.874464],[-83.181646,31.879715],[-83.176843,31.868416],[-83.183343,31.858754],[-83.176693,31.849852],[-83.205456,31.849361],[-83.209638,31.844646],[-83.534478,31.84766],[-83.547524,31.847961],[-83.54164,31.853102],[-83.612256,31.854089],[-83.612196,31.85956]]]}},{"type":"Feature","properties":{"GEOID":"13305","NAME":"Wayne","state":"GA","wildfire_risk_score":61.737,"wildfire_eal_total":73688.35,"risk_band":"High","source":"FEMA National Risk Index v1.20 (December 2025)"},"geometry":{"type":"Polygon","coordinates":[[[-82.147948,31.569123],[-82.132942,31.56931],[-82.133013,31.773404],[-82.08944,31.772913],[-82.089338,31.785903],[-82.107028,31.786101],[-82.10654,31.799798],[-82.087247,31.799509],[-82.087398,31.821622],[-82.077084,31.829068],[-82.048582,31.827075],[-82.026076,31.815095],[-82.018201,31.824079],[-82.006714,31.807679],[-82.006777,31.800047],[-81.996139,31.799807],[-81.998639,31.794107],[-81.97654,31.782607],[-81.969052,31.789324],[-81.953971,31.7893],[-81.95182,31.773025],[-81.943817,31.767389],[-81.944496,31.760402],[-81.931588,31.76176],[-81.926291,31.751932],[-81.922076,31.759817],[-81.911369,31.753481],[-81.908999,31.747963],[-81.913242,31.739734],[-81.906666,31.725812],[-81.876464,31.71315],[-81.867126,31.691078],[-81.847572,31.677263],[-81.850624,31.667671],[-81.828918,31.663958],[-81.830941,31.65731],[-81.820999,31.651062],[-81.811645,31.654521],[-81.818283,31.662959],[-81.813637,31.664458],[-81.806579,31.655277],[-81.796974,31.652675],[-81.79639,31.644051],[-81.787487,31.643151],[-81.7891,31.631706],[-81.765348,31.624589],[-81.770646,31.621767],[-81.768814,31.614343],[-81.759567,31.620471],[-81.743927,31.611747],[-81.74723,31.601495],[-81.736839,31.608434],[-81.732215,31.600954],[-81.724784,31.599431],[-81.723182,31.591644],[-81.701774,31.584922],[-81.696989,31.577864],[-81.6963,31.566373],[-81.701074,31.564183],[-81.696784,31.553977],[-81.682395,31.551807],[-81.681266,31.541671],[-81.671751,31.548025],[-81.664149,31.541783],[-81.667709,31.533478],[-81.652221,31.527767],[-81.657371,31.508404],[-81.646293,31.501869],[-81.647247,31.495007],[-81.640754,31.488571],[-81.623078,31.484752],[-81.612251,31.468298],[-81.665029,31.3999],[-81.691977,31.400545],[-81.704826,31.374873],[-81.699026,31.363001],[-81.725235,31.327206],[-81.801052,31.363737],[-81.923238,31.345875],[-81.951659,31.351138],[-82.0311,31.366239],[-82.04262,31.374178],[-82.039858,31.380408],[-82.046037,31.39058],[-82.044024,31.395135],[-82.049936,31.396323],[-82.05003,31.403884],[-82.057524,31.409117],[-82.052754,31.454569],[-82.063387,31.466362],[-82.097885,31.481239],[-82.118362,31.479267],[-82.132794,31.471262],[-82.132867,31.557514],[-82.147926,31.557308],[-82.147948,31.569123]]]}},{"type":"Feature","properties":{"GEOID":"13289","NAME":"Twiggs","state":"GA","wildfire_risk_score":58.174,"wildfire_eal_total":47166.64,"risk_band":"High","source":"FEMA National Risk Index v1.20 (December 2025)"},"geometry":{"type":"Polygon","coordinates":[[[-83.61128,32.696222],[-83.606905,32.701542],[-83.602279,32.699787],[-83.597164,32.712035],[-83.604177,32.717269],[-83.598865,32.718352],[-83.600652,32.725335],[-83.596626,32.727894],[-83.599922,32.730229],[-83.595372,32.731554],[-83.60236,32.741267],[-83.592952,32.738857],[-83.585593,32.744836],[-83.578715,32.738118],[-83.492938,32.805149],[-83.498364,32.815545],[-83.48943,32.82406],[-83.513511,32.844868],[-83.40699,32.89822],[-83.226536,32.584201],[-83.400041,32.500157],[-83.403526,32.505417],[-83.412055,32.502091],[-83.408844,32.495713],[-83.497923,32.452198],[-83.489813,32.457575],[-83.497254,32.472589],[-83.489302,32.476906],[-83.498668,32.481643],[-83.488421,32.485138],[-83.518472,32.499297],[-83.518486,32.504359],[-83.52395,32.504928],[-83.521061,32.511011],[-83.53421,32.517086],[-83.533156,32.523587],[-83.539907,32.52451],[-83.535376,32.530405],[-83.539826,32.540633],[-83.536202,32.5443],[-83.541753,32.550204],[-83.539089,32.555815],[-83.547821,32.559531],[-83.548147,32.571922],[-83.541263,32.577377],[-83.536383,32.575034],[-83.534247,32.585284],[-83.54001,32.584756],[-83.537241,32.588386],[-83.541726,32.599252],[-83.537983,32.602851],[-83.548973,32.61636],[-83.541497,32.620254],[-83.545134,32.632174],[-83.550969,32.634788],[-83.549291,32.641976],[-83.557535,32.644771],[-83.555696,32.65226],[-83.561777,32.654004],[-83.56285,32.659668],[-83.58212,32.655153],[-83.586409,32.662968],[-83.597656,32.664338],[-83.600268,32.671912],[-83.606586,32.673453],[-83.61128,32.696222]]]}},{"type":"Feature","properties":{"GEOID":"13249","NAME":"Schley","state":"GA","wildfire_risk_score":21.788,"wildfire_eal_total":11590.62,"risk_band":"Low","source":"FEMA National Risk Index v1.20 (December 2025)"},"geometry":{"type":"Polygon","coordinates":[[[-84.430015,32.174256],[-84.420515,32.174357],[-84.42008,32.191677],[-84.429832,32.194153],[-84.429451,32.232151],[-84.410415,32.231856],[-84.413304,32.297531],[-84.389927,32.297237],[-84.392316,32.414046],[-84.382116,32.414247],[-84.381817,32.428047],[-84.362416,32.428047],[-84.363216,32.397649],[-84.353216,32.39775],[-84.353116,32.38505],[-84.343515,32.38495],[-84.343714,32.397751],[-84.323315,32.39785],[-84.323815,32.37245],[-84.254613,32.372053],[-84.255912,32.296156],[-84.219211,32.295057],[-84.220144,32.23115],[-84.181657,32.229703],[-84.183569,32.158493],[-84.260611,32.15916],[-84.260411,32.166061],[-84.269611,32.166159],[-84.27014,32.159261],[-84.279911,32.159318],[-84.279911,32.16376],[-84.430218,32.166257],[-84.430015,32.174256]],[[-84.363216,32.397649],[-84.372817,32.397548],[-84.372716,32.38935],[-84.362916,32.389449],[-84.363216,32.397649]]]}},{"type":"Feature","properties":{"GEOID":"13039","NAME":"Camden","state":"GA","wildfire_risk_score":84.383,"wildfire_eal_total":748855.94,"risk_band":"High","source":"FEMA National Risk Index v1.20 (December 2025)"},"geometry":{"type":"Polygon","coordinates":[[[-81.936749,31.060787],[-81.932243,31.063892],[-81.926284,31.0609],[-81.927353,31.078867],[-81.915883,31.095281],[-81.889574,31.100809],[-81.840671,31.097665],[-81.819066,31.136504],[-81.801614,31.15126],[-81.790674,31.146038],[-81.766241,31.16965],[-81.762426,31.153305],[-81.724194,31.149594],[-81.686225,31.122419],[-81.662102,31.125634],[-81.64703,31.115241],[-81.641822,31.117781],[-81.63283,31.10781],[-81.623024,31.116608],[-81.610321,31.112913],[-81.587721,31.118078],[-81.582069,31.115042],[-81.570426,31.129151],[-81.560302,31.128836],[-81.561561,31.110704],[-81.572669,31.095562],[-81.556716,31.080807],[-81.539764,31.083776],[-81.533073,31.079952],[-81.526565,31.063194],[-81.492904,31.054781],[-81.482665,31.032629],[-81.454696,31.037125],[-81.44493,31.028994],[-81.4431497861428,31.0166641710864],[-81.457795,31.010259],[-81.460966,30.999142],[-81.490586,30.984952],[-81.493651,30.977528],[-81.486966,30.969602],[-81.475789,30.965976],[-81.466814,30.97091],[-81.448049,30.965511],[-81.447388,30.956732],[-81.426929,30.956615],[-81.420108,30.974076],[-81.408484,30.977718],[-81.403409,30.957914],[-81.404079,30.903738],[-81.430835,30.831156],[-81.455287,30.79093],[-81.460061,30.769912],[-81.45947,30.741979],[-81.444124,30.709714],[-81.472597,30.713312],[-81.487332,30.726081],[-81.531156,30.724219],[-81.538391,30.708656],[-81.549301,30.718292],[-81.560709,30.711689],[-81.573719,30.722336],[-81.58682,30.723735],[-81.597106,30.719326],[-81.596452,30.72725],[-81.600877,30.729444],[-81.610656,30.716217],[-81.623542,30.72468],[-81.620823,30.73162],[-81.624366,30.73634],[-81.630692,30.728095],[-81.635047,30.733276],[-81.646137,30.727591],[-81.653133,30.729799],[-81.652328,30.743101],[-81.662689,30.74304],[-81.659774,30.749441],[-81.663345,30.754402],[-81.683096,30.748492],[-81.679306,30.744745],[-81.672468,30.748435],[-81.668838,30.742514],[-81.672824,30.738935],[-81.688426,30.741482],[-81.694778,30.748414],[-81.719927,30.744634],[-81.741996,30.759071],[-81.740753,30.765007],[-81.754879,30.768701],[-81.76172,30.775698],[-81.771302,30.776324],[-81.771949,30.763811],[-81.78215,30.761341],[-81.786697,30.769802],[-81.783676,30.772879],[-81.794417,30.787004],[-81.798453,30.782251],[-81.807449,30.790119],[-81.839243,30.7866],[-81.841185,30.792269],[-81.868263,30.79285],[-81.870353,30.797483],[-81.881492,30.799917],[-81.892906,30.825513],[-81.904855,30.82834],[-81.892139,30.90988],[-81.895187,30.904821],[-81.906211,30.909239],[-81.902565,30.915155],[-81.912819,30.910009],[-81.91549,30.913134],[-81.892486,30.951223],[-81.891899,30.960243],[-81.903733,30.966338],[-81.9067,30.975395],[-81.911665,30.972774],[-81.917383,30.984928],[-81.912441,30.991533],[-81.91465,30.995707],[-81.907875,30.994827],[-81.91143,31.010696],[-81.904724,31.020618],[-81.907814,31.026266],[-81.902755,31.029436],[-81.911528,31.043231],[-81.936006,31.047993],[-81.9318,31.056452],[-81.936749,31.060787]]]}},{"type":"Feature","properties":{"GEOID":"13181","NAME":"Lincoln","state":"GA","wildfire_risk_score":38.963,"wildfire_eal_total":21074.83,"risk_band":"Low","source":"FEMA National Risk Index v1.20 (December 2025)"},"geometry":{"type":"Polygon","coordinates":[[[-82.645451,33.984195],[-82.638902,33.97275],[-82.624992,33.982319],[-82.603561,33.979984],[-82.578064,33.9659],[-82.554497,33.943819],[-82.524515,33.94336],[-82.50764,33.931456],[-82.492929,33.909754],[-82.455105,33.88165],[-82.424888,33.864133],[-82.402197,33.864656],[-82.32448,33.820033],[-82.300213,33.800627],[-82.297479,33.782974],[-82.288652,33.781635],[-82.247472,33.752591],[-82.234576,33.700216],[-82.218649,33.686299],[-82.24295,33.693274],[-82.271239,33.682387],[-82.30588,33.70058],[-82.329049,33.697676],[-82.343469,33.688062],[-82.352596,33.695578],[-82.351492,33.682854],[-82.36133,33.684352],[-82.360698,33.675476],[-82.372021,33.682745],[-82.372727,33.675435],[-82.394137,33.672517],[-82.394998,33.664209],[-82.402803,33.67183],[-82.407472,33.66496],[-82.412514,33.666351],[-82.414284,33.653962],[-82.421017,33.657418],[-82.425328,33.650629],[-82.433861,33.655219],[-82.450719,33.650632],[-82.459258,33.636979],[-82.47734,33.644161],[-82.479518,33.639535],[-82.573652,33.786116],[-82.594553,33.828429],[-82.593742,33.833627],[-82.583611,33.839097],[-82.58482,33.846157],[-82.57313,33.855749],[-82.571928,33.865501],[-82.579572,33.874431],[-82.605687,33.859942],[-82.645451,33.984195]]]}},{"type":"Feature","properties":{"GEOID":"13313","NAME":"Whitfield","state":"GA","wildfire_risk_score":58.015,"wildfire_eal_total":62742.12,"risk_band":"High","source":"FEMA National Risk Index v1.20 (December 2025)"},"geometry":{"type":"Polygon","coordinates":[[[-85.167551,34.723879],[-85.144789,34.767639],[-85.13175,34.819678],[-85.122649,34.819178],[-85.12275,34.812078],[-85.105449,34.812278],[-85.105349,34.819178],[-85.061648,34.819478],[-85.061647,34.863576],[-85.032727,34.863731],[-85.032737,34.871095],[-85.023299,34.871131],[-85.023392,34.900773],[-85.013873,34.900783],[-85.013806,34.911544],[-84.997874,34.940207],[-84.997432,34.972435],[-84.979661,34.972755],[-84.97986,34.987647],[-84.8104769358134,34.9876071739714],[-84.814996,34.969515],[-84.835207,34.942833],[-84.842705,34.918126],[-84.836062,34.907027],[-84.824111,34.901747],[-84.833342,34.896745],[-84.818715,34.87695],[-84.819071,34.867236],[-84.831159,34.859264],[-84.842398,34.861301],[-84.837196,34.853983],[-84.843744,34.853424],[-84.85295,34.842957],[-84.855552,34.834834],[-84.848946,34.831744],[-84.862932,34.814105],[-84.858049,34.806122],[-84.842229,34.805392],[-84.839236,34.796244],[-84.856204,34.792978],[-84.863604,34.783968],[-84.87421,34.78906],[-84.873103,34.782286],[-84.8788,34.778944],[-84.866873,34.766728],[-84.867727,34.755686],[-84.858815,34.756354],[-84.854118,34.748792],[-84.857819,34.745567],[-84.851437,34.742659],[-84.864021,34.733522],[-84.867624,34.739329],[-84.872729,34.734089],[-84.85574,34.723968],[-84.859106,34.715383],[-84.864945,34.707356],[-84.883867,34.714654],[-84.891017,34.704949],[-84.923933,34.71618],[-84.934196,34.712152],[-84.929734,34.702849],[-84.888175,34.678387],[-84.889341,34.6669],[-84.900502,34.664544],[-84.910484,34.681421],[-84.929707,34.675936],[-84.944335,34.680039],[-84.937445,34.668444],[-84.92699,34.665662],[-84.923157,34.64878],[-84.913076,34.639312],[-84.915748,34.629414],[-84.927876,34.625403],[-84.926362,34.615719],[-85.050448,34.615983],[-85.050847,34.71998],[-85.168448,34.720228],[-85.167551,34.723879]]]}},{"type":"Feature","properties":{"GEOID":"13033","NAME":"Burke","state":"GA","wildfire_risk_score":59.733,"wildfire_eal_total":65108.87,"risk_band":"High","source":"FEMA National Risk Index v1.20 (December 2025)"},"geometry":{"type":"Polygon","coordinates":[[[-82.316512,32.835772],[-82.272353,32.937796],[-82.29118,33.062827],[-82.281054,33.110354],[-82.232806,33.228529],[-82.241016,33.233187],[-82.254951,33.259372],[-82.26758,33.267397],[-82.17424,33.296771],[-82.165077,33.295998],[-82.152046,33.282393],[-82.133747,33.275879],[-82.125329,33.249665],[-82.097135,33.230612],[-82.060031,33.242566],[-82.029096,33.231941],[-82.011491,33.233906],[-81.978889,33.227192],[-81.924416,33.256924],[-81.886035,33.26185],[-81.86317,33.247305],[-81.8517222609795,33.2476993244424],[-81.827936,33.228746],[-81.811736,33.223847],[-81.80649,33.212126],[-81.784535,33.208147],[-81.777535,33.211347],[-81.780135,33.221147],[-81.774035,33.221147],[-81.756935,33.197848],[-81.767735,33.184648],[-81.766135,33.177849],[-81.772435,33.180949],[-81.768135,33.168249],[-81.744535,33.14215],[-81.704634,33.11645],[-81.677033,33.11065],[-81.646433,33.094552],[-81.611657,33.094259],[-81.608286,33.089022],[-81.612903,33.081024],[-81.60132,33.087049],[-81.596501,33.079893],[-81.603298,33.07509],[-81.600948,33.072815],[-81.577187,33.065939],[-81.580994,33.062697],[-81.574911,33.061799],[-81.578332,33.058936],[-81.572829,33.058636],[-81.571905,33.053987],[-81.563016,33.05581],[-81.566949,33.059597],[-81.563992,33.060844],[-81.558938,33.052921],[-81.566108,33.048792],[-81.561948,33.045844],[-81.551786,33.04339],[-81.546522,33.048838],[-81.5417333250364,33.0456858148391],[-81.767553,32.909411],[-81.783565,32.928435],[-81.81095,32.935277],[-81.818581,32.945656],[-81.828862,32.942273],[-81.857946,32.953875],[-81.956448,32.923724],[-82.081349,32.916762],[-82.123742,32.883656],[-82.147942,32.819758],[-82.144977,32.812741],[-82.157638,32.816023],[-82.213745,32.803863],[-82.222542,32.812341],[-82.25254,32.817268],[-82.256299,32.823988],[-82.265755,32.8264],[-82.2714,32.821146],[-82.278057,32.825653],[-82.300052,32.825843],[-82.316512,32.835772]]]}},{"type":"Feature","properties":{"GEOID":"13303","NAME":"Washington","state":"GA","wildfire_risk_score":53.817,"wildfire_eal_total":44277.91,"risk_band":"Moderate","source":"FEMA National Risk Index v1.20 (December 2025)"},"geometry":{"type":"Polygon","coordinates":[[[-83.073648,32.946562],[-83.069109,32.952423],[-83.071881,32.963498],[-83.067644,32.974849],[-83.057908,32.974501],[-83.049081,32.985605],[-83.051328,33.003085],[-83.067891,33.024557],[-83.055039,33.037808],[-83.055579,33.046349],[-83.044844,33.060654],[-83.052197,33.080682],[-83.009672,33.080607],[-82.970421,33.10905],[-82.950596,33.107583],[-82.926674,33.11627],[-82.914555,33.126787],[-82.900998,33.128537],[-82.888866,33.138603],[-82.855046,33.196427],[-82.832047,33.201994],[-82.8243,33.212032],[-82.798866,33.221707],[-82.777995,33.238428],[-82.748311,33.238348],[-82.740909,33.232041],[-82.744312,33.225234],[-82.738642,33.224204],[-82.735528,33.217343],[-82.741811,33.214795],[-82.732895,33.205098],[-82.741146,33.196272],[-82.739483,33.174368],[-82.719041,33.17005],[-82.702275,33.145975],[-82.692919,33.146116],[-82.68395,33.135703],[-82.660704,33.128728],[-82.647519,33.102052],[-82.638077,33.100367],[-82.641569,33.084392],[-82.626658,33.072131],[-82.628034,33.06433],[-82.612873,33.060872],[-82.617899,33.051144],[-82.604348,33.045538],[-82.600253,33.032838],[-82.579752,33.030009],[-82.577812,33.024369],[-82.559195,33.014183],[-82.550225,33.019351],[-82.539352,32.947752],[-82.510851,32.917754],[-82.518052,32.867956],[-82.522952,32.864856],[-82.525952,32.833557],[-82.521052,32.822356],[-82.560555,32.820056],[-82.609774,32.797815],[-82.666957,32.782859],[-82.680757,32.79676],[-82.711358,32.783959],[-82.768568,32.769077],[-82.77536,32.794871],[-82.798505,32.802892],[-82.802456,32.809756],[-82.946966,32.759358],[-82.950264,32.761958],[-82.948665,32.758158],[-82.955364,32.756461],[-82.960162,32.759961],[-82.960759,32.774658],[-82.954358,32.80176],[-82.971858,32.823066],[-82.967156,32.827067],[-82.973564,32.831255],[-82.970563,32.835155],[-82.980167,32.840957],[-82.978666,32.844254],[-82.990467,32.848455],[-82.988967,32.852655],[-83.027036,32.856133],[-83.030216,32.866508],[-83.036107,32.867114],[-83.037384,32.879762],[-83.048705,32.882399],[-83.043974,32.884808],[-83.050715,32.893903],[-83.047851,32.897546],[-83.051303,32.902043],[-83.047613,32.902976],[-83.050841,32.90464],[-83.046556,32.905856],[-83.048316,32.910083],[-83.0552,32.909703],[-83.052363,32.913868],[-83.055974,32.92004],[-83.062829,32.920157],[-83.056903,32.925983],[-83.064022,32.929744],[-83.059655,32.930638],[-83.061102,32.93459],[-83.070256,32.932771],[-83.07133,32.933545],[-83.067093,32.939749],[-83.073648,32.946562]]]}},{"type":"Feature","properties":{"GEOID":"13157","NAME":"Jackson","state":"GA","wildfire_risk_score":28.785,"wildfire_eal_total":18913.56,"risk_band":"Low","source":"FEMA National Risk Index v1.20 (December 2025)"},"geometry":{"type":"Polygon","coordinates":[[[-83.81727,34.127557],[-83.620267,34.295819],[-83.561521,34.252712],[-83.502499,34.256457],[-83.494827,34.261236],[-83.48875,34.256368],[-83.479531,34.260693],[-83.407103,34.201856],[-83.379441,34.171304],[-83.363835,34.164059],[-83.357051,34.116199],[-83.374034,34.089788],[-83.374298,34.082151],[-83.381365,34.078539],[-83.374916,34.071262],[-83.382301,34.066874],[-83.386763,34.050241],[-83.359495,34.040288],[-83.377701,34.033382],[-83.384422,34.038531],[-83.392963,34.033721],[-83.383957,34.031017],[-83.484473,33.992827],[-83.503054,33.999577],[-83.498243,33.987529],[-83.537385,33.965912],[-83.563277,34.031864],[-83.571111,34.031401],[-83.573438,34.039057],[-83.584158,34.041058],[-83.600538,34.0353],[-83.609085,34.03817],[-83.614418,34.046921],[-83.630326,34.044756],[-83.643768,34.050854],[-83.65258,34.046581],[-83.658043,34.053288],[-83.665668,34.048229],[-83.676193,34.053593],[-83.684937,34.046942],[-83.685513,34.053442],[-83.691806,34.051616],[-83.694595,34.056255],[-83.70918,34.045127],[-83.714399,34.050024],[-83.713492,34.056378],[-83.718398,34.053537],[-83.72377,34.063423],[-83.731796,34.060116],[-83.733726,34.067345],[-83.764877,34.065141],[-83.791031,34.087193],[-83.792221,34.100304],[-83.815203,34.11376],[-83.811108,34.11552],[-83.81727,34.127557]]]}},{"type":"Feature","properties":{"GEOID":"13309","NAME":"Wheeler","state":"GA","wildfire_risk_score":34.001,"wildfire_eal_total":11260.72,"risk_band":"Low","source":"FEMA National Risk Index v1.20 (December 2025)"},"geometry":{"type":"Polygon","coordinates":[[[-82.939759,32.124858],[-82.87179,32.18273],[-82.884803,32.196072],[-82.878148,32.200249],[-82.871563,32.194474],[-82.864469,32.199732],[-82.858308,32.194386],[-82.768668,32.269684],[-82.761881,32.264176],[-82.755158,32.26969],[-82.761959,32.275574],[-82.721964,32.309283],[-82.714689,32.305317],[-82.71343,32.310242],[-82.704974,32.301724],[-82.708437,32.298631],[-82.69375,32.294587],[-82.666952,32.294787],[-82.663091,32.29777],[-82.668962,32.303919],[-82.657553,32.302698],[-82.646324,32.292189],[-82.644697,32.295436],[-82.644256,32.290774],[-82.651473,32.286819],[-82.646026,32.284374],[-82.648208,32.276946],[-82.636634,32.269142],[-82.649154,32.24642],[-82.633804,32.23276],[-82.635726,32.220516],[-82.625327,32.206016],[-82.632324,32.195663],[-82.628486,32.186466],[-82.631225,32.180915],[-82.623771,32.182032],[-82.627685,32.177439],[-82.623504,32.174003],[-82.625968,32.168773],[-82.612876,32.161549],[-82.613593,32.149951],[-82.63036,32.130145],[-82.617393,32.105037],[-82.611305,32.106769],[-82.613265,32.100772],[-82.617217,32.101165],[-82.612647,32.095897],[-82.613044,32.0844],[-82.622985,32.082271],[-82.608398,32.072834],[-82.613044,32.070365],[-82.613815,32.060619],[-82.602104,32.046771],[-82.608978,32.038269],[-82.607505,32.032016],[-82.597488,32.02959],[-82.601417,32.021625],[-82.591659,32.008647],[-82.565516,31.989961],[-82.55874,31.992278],[-82.555451,31.979949],[-82.545982,31.980649],[-82.53971,31.964363],[-82.545155,31.955387],[-82.555255,31.959286],[-82.555955,31.955386],[-82.568356,31.955386],[-82.594757,31.931585],[-82.603382,31.937623],[-82.614558,31.926684],[-82.62215,31.92918],[-82.624177,31.923588],[-82.635059,31.925083],[-82.645659,31.918883],[-82.654876,31.92421],[-82.652774,31.928927],[-82.669499,31.9341],[-82.695178,31.956883],[-82.69698,31.967174],[-82.710417,31.975876],[-82.725429,32.004472],[-82.761446,32.010021],[-82.782789,32.019736],[-82.807331,32.048778],[-82.832891,32.059586],[-82.855577,32.061726],[-82.87011,32.074474],[-82.8872,32.079619],[-82.899423,32.092927],[-82.901958,32.110304],[-82.915293,32.12362],[-82.939759,32.124858]]]}},{"type":"Feature","properties":{"GEOID":"13171","NAME":"Lamar","state":"GA","wildfire_risk_score":34.86,"wildfire_eal_total":17742.21,"risk_band":"Low","source":"FEMA National Risk Index v1.20 (December 2025)"},"geometry":{"type":"Polygon","coordinates":[[[-84.269169,33.031438],[-84.259056,33.031518],[-84.258853,33.039681],[-84.248659,33.03933],[-84.248185,33.189019],[-84.227503,33.188905],[-84.224277,33.179388],[-84.123981,33.17862],[-84.123767,33.202824],[-84.041498,33.202629],[-84.044113,32.947874],[-84.053578,32.948031],[-84.054175,32.931497],[-84.12334,32.932184],[-84.122361,32.989576],[-84.27014,32.991011],[-84.269169,33.031438]]]}},{"type":"Feature","properties":{"GEOID":"13221","NAME":"Oglethorpe","state":"GA","wildfire_risk_score":29.389,"wildfire_eal_total":13511.81,"risk_band":"Low","source":"FEMA National Risk Index v1.20 (December 2025)"},"geometry":{"type":"Polygon","coordinates":[[[-83.306619,33.811444],[-83.275513,33.848484],[-83.24086,33.90443],[-83.277647,33.946741],[-83.279145,33.95465],[-83.265918,33.96309],[-83.266225,33.970321],[-83.27556,33.977512],[-83.26918,33.981671],[-83.268992,34.000604],[-83.257378,33.999336],[-83.237006,34.013557],[-83.224995,34.009566],[-83.221912,34.000712],[-83.212004,34.002774],[-83.193153,34.010468],[-83.165049,34.033959],[-83.1352,34.04464],[-83.12413,34.047638],[-83.100967,34.024792],[-83.091299,34.034904],[-83.077255,34.024967],[-83.071335,34.027142],[-83.048889,34.015804],[-83.0289,34.030975],[-83.02111,34.028889],[-83.014923,34.03503],[-83.001602,34.030899],[-82.990143,34.038101],[-82.984689,34.035302],[-82.985466,34.041734],[-82.976294,34.043219],[-82.959633,34.035313],[-82.953812,34.038166],[-82.943497,34.027843],[-82.934257,34.027546],[-82.943848,34.0228],[-82.942268,34.014957],[-82.917252,34.006207],[-82.916176,34.012493],[-82.907059,34.012123],[-82.906113,34.004444],[-82.882912,34.001118],[-82.866592,33.990173],[-82.863838,33.98315],[-82.842224,33.984058],[-82.841125,33.991787],[-82.837067,33.992604],[-82.826712,33.984975],[-82.818221,33.985811],[-82.779506,33.971124],[-82.783727,33.958317],[-82.794067,33.94865],[-82.805581,33.950837],[-82.825605,33.94083],[-82.846686,33.940639],[-82.855967,33.927464],[-82.874587,33.921767],[-82.887518,33.90791],[-82.89008,33.896489],[-82.912276,33.877246],[-82.925278,33.852892],[-82.94481,33.846333],[-82.959833,33.81371],[-82.9763,33.80235],[-82.987286,33.78071],[-82.960024,33.751812],[-82.949046,33.733333],[-82.98888,33.706315],[-82.995602,33.693583],[-83.01564,33.691204],[-83.049141,33.715561],[-83.118729,33.698818],[-83.28034,33.761774],[-83.284973,33.772129],[-83.282471,33.788068],[-83.29425,33.797863],[-83.292534,33.81049],[-83.306619,33.811444]]]}},{"type":"Feature","properties":{"GEOID":"13317","NAME":"Wilkes","state":"GA","wildfire_risk_score":34.701,"wildfire_eal_total":12887.06,"risk_band":"Low","source":"FEMA National Risk Index v1.20 (December 2025)"},"geometry":{"type":"Polygon","coordinates":[[[-82.985803,33.781573],[-82.9763,33.80235],[-82.959833,33.81371],[-82.94481,33.846333],[-82.925278,33.852892],[-82.912276,33.877246],[-82.89008,33.896489],[-82.883891,33.912319],[-82.873744,33.922319],[-82.855967,33.927464],[-82.848777,33.939599],[-82.825605,33.94083],[-82.805581,33.950837],[-82.794067,33.94865],[-82.783727,33.958317],[-82.779506,33.971124],[-82.75437,33.971919],[-82.726431,33.984218],[-82.701658,33.981346],[-82.654876,33.991265],[-82.645451,33.984195],[-82.605687,33.859942],[-82.579572,33.874431],[-82.571928,33.865501],[-82.57313,33.855749],[-82.58482,33.846157],[-82.583611,33.839097],[-82.595102,33.83114],[-82.573652,33.786116],[-82.479518,33.639535],[-82.500213,33.654572],[-82.505634,33.651707],[-82.507223,33.659994],[-82.518425,33.653247],[-82.522456,33.644923],[-82.536169,33.64941],[-82.543559,33.638606],[-82.555663,33.642686],[-82.556466,33.633875],[-82.565583,33.645918],[-82.573511,33.639505],[-82.581398,33.651867],[-82.584045,33.639143],[-82.5766,33.637583],[-82.581052,33.632607],[-82.588003,33.642008],[-82.590725,33.636747],[-82.60835,33.633513],[-82.607769,33.625673],[-82.611581,33.633638],[-82.617599,33.632429],[-82.614925,33.627478],[-82.623897,33.621661],[-82.617127,33.612109],[-82.633502,33.611132],[-82.643457,33.618063],[-82.642981,33.607011],[-82.652439,33.611202],[-82.655937,33.60661],[-82.652447,33.596104],[-82.662151,33.604105],[-82.679975,33.599792],[-82.687733,33.602574],[-82.692039,33.619745],[-82.70227,33.614342],[-82.70731,33.617798],[-82.708306,33.611921],[-82.717099,33.606955],[-82.71994,33.615175],[-82.745078,33.611233],[-82.747947,33.617451],[-82.756118,33.616548],[-82.812084,33.65532],[-82.832603,33.650963],[-82.850325,33.639552],[-82.869336,33.642404],[-82.880417,33.626536],[-82.873554,33.622567],[-82.879449,33.62041],[-82.960024,33.751812],[-82.985803,33.781573]]]}},{"type":"Feature","properties":{"GEOID":"13079","NAME":"Crawford","state":"GA","wildfire_risk_score":44.211,"wildfire_eal_total":39202.91,"risk_band":"Moderate","source":"FEMA National Risk Index v1.20 (December 2025)"},"geometry":{"type":"Polygon","coordinates":[[[-84.202628,32.690018],[-84.149328,32.801206],[-84.124332,32.800935],[-84.124275,32.849562],[-83.978409,32.848936],[-83.978109,32.857136],[-83.968309,32.857136],[-83.968421,32.84886],[-83.891922,32.848351],[-83.89205,32.819558],[-83.87882,32.81651],[-83.876942,32.806944],[-83.856924,32.793743],[-83.847715,32.775472],[-83.850634,32.770142],[-83.841194,32.768026],[-83.824398,32.741861],[-83.810141,32.729942],[-83.760587,32.71378],[-83.739447,32.694628],[-83.729715,32.69719],[-83.70109,32.691598],[-83.766611,32.692622],[-83.920124,32.586993],[-83.929747,32.587293],[-83.930508,32.580046],[-83.945364,32.569617],[-83.945237,32.552667],[-83.955002,32.55274],[-83.954708,32.563048],[-84.003363,32.529927],[-84.005916,32.538987],[-84.012979,32.537749],[-84.017398,32.54606],[-84.014726,32.549196],[-84.019827,32.551907],[-84.021531,32.545007],[-84.035379,32.55849],[-84.045376,32.556255],[-84.04634,32.567532],[-84.052663,32.567315],[-84.048575,32.574329],[-84.065232,32.582054],[-84.062897,32.591188],[-84.067628,32.590311],[-84.071252,32.598264],[-84.066396,32.611157],[-84.07388,32.625407],[-84.062837,32.626539],[-84.056765,32.636518],[-84.059754,32.634369],[-84.065823,32.639977],[-84.074518,32.636253],[-84.078156,32.647239],[-84.104966,32.673385],[-84.105924,32.685049],[-84.128194,32.674359],[-84.139915,32.679127],[-84.140426,32.684852],[-84.174217,32.677658],[-84.196381,32.683791],[-84.202628,32.690018]]]}},{"type":"Feature","properties":{"GEOID":"13141","NAME":"Hancock","state":"GA","wildfire_risk_score":54.071,"wildfire_eal_total":33334.4,"risk_band":"Moderate","source":"FEMA National Risk Index v1.20 (December 2025)"},"geometry":{"type":"Polygon","coordinates":[[[-83.27522,33.191319],[-83.273778,33.201261],[-83.262535,33.208331],[-83.252639,33.234276],[-83.253461,33.25929],[-83.239037,33.262608],[-83.229464,33.256293],[-83.224534,33.265982],[-83.230031,33.276054],[-83.213173,33.282082],[-83.203985,33.279105],[-83.200318,33.284829],[-83.178444,33.292046],[-83.170504,33.301428],[-83.145856,33.310045],[-83.150517,33.321607],[-83.144121,33.339866],[-83.164207,33.35503],[-83.012853,33.469178],[-82.983829,33.447635],[-82.956994,33.452879],[-82.93966,33.442694],[-82.892897,33.43811],[-82.872597,33.446416],[-82.860097,33.441197],[-82.851954,33.443543],[-82.841548,33.431606],[-82.834166,33.435485],[-82.834608,33.431682],[-82.824566,33.427974],[-82.822531,33.400056],[-82.827972,33.397996],[-82.824768,33.393352],[-82.82803,33.392992],[-82.817859,33.387178],[-82.817231,33.377322],[-82.821706,33.374268],[-82.81239,33.363743],[-82.799864,33.361666],[-82.799487,33.331057],[-82.789492,33.321973],[-82.795445,33.314746],[-82.793619,33.309804],[-82.785213,33.310082],[-82.781612,33.305525],[-82.785378,33.26768],[-82.746191,33.246105],[-82.748311,33.238348],[-82.777995,33.238428],[-82.798866,33.221707],[-82.8243,33.212032],[-82.832047,33.201994],[-82.855046,33.196427],[-82.888866,33.138603],[-82.900998,33.128537],[-82.914555,33.126787],[-82.926674,33.11627],[-82.950596,33.107583],[-82.970421,33.10905],[-83.009672,33.080607],[-83.052197,33.080682],[-83.100838,33.049864],[-83.108825,33.07152],[-83.118935,33.083069],[-83.108025,33.118952],[-83.110649,33.127194],[-83.09886,33.13297],[-83.095482,33.140942],[-83.097649,33.151536],[-83.195373,33.176336],[-83.262738,33.189127],[-83.274108,33.187238],[-83.27522,33.191319]]]}},{"type":"Feature","properties":{"GEOID":"13025","NAME":"Brantley","state":"GA","wildfire_risk_score":67.78,"wildfire_eal_total":151675.33,"risk_band":"High","source":"FEMA National Risk Index v1.20 (December 2025)"},"geometry":{"type":"Polygon","coordinates":[[[-82.284561,31.224449],[-82.268547,31.216948],[-82.263527,31.221085],[-82.240112,31.217129],[-82.225487,31.220549],[-82.220833,31.217787],[-82.223717,31.21501],[-82.211456,31.215393],[-82.194824,31.20759],[-82.193199,31.202082],[-82.1828,31.205984],[-82.175552,31.21736],[-82.165718,31.215023],[-82.151901,31.222136],[-82.149963,31.228535],[-82.146637,31.226786],[-82.150573,31.234354],[-82.141929,31.237629],[-82.139763,31.243359],[-82.144729,31.248785],[-82.140442,31.250704],[-82.145515,31.252375],[-82.13959,31.258742],[-82.133972,31.254873],[-82.125854,31.258265],[-82.114822,31.270355],[-82.103248,31.271679],[-82.100242,31.27668],[-82.083633,31.274998],[-82.082451,31.271429],[-82.070099,31.276306],[-82.063339,31.271229],[-82.061767,31.276415],[-82.051765,31.271122],[-82.04393,31.276442],[-82.033043,31.273533],[-82.021148,31.279335],[-82.007591,31.275648],[-82.006302,31.285198],[-81.997191,31.288634],[-81.992114,31.307996],[-82.005229,31.311348],[-82.020202,31.327444],[-82.040741,31.36187],[-82.041129,31.373721],[-82.0311,31.366239],[-81.923238,31.345875],[-81.801052,31.363737],[-81.731694,31.330048],[-81.734266,31.295826],[-81.747198,31.281461],[-81.766784,31.20184],[-81.775989,31.176639],[-81.782629,31.172504],[-81.781828,31.165806],[-81.776281,31.164473],[-81.766241,31.16965],[-81.790674,31.146038],[-81.801614,31.15126],[-81.819066,31.136504],[-81.840671,31.097665],[-81.889574,31.100809],[-81.915883,31.095281],[-81.927353,31.078867],[-81.926284,31.0609],[-81.932243,31.063892],[-81.936749,31.060787],[-81.9318,31.056452],[-81.936006,31.047993],[-82.06087,31.075809],[-82.081207,31.01063],[-82.131698,31.010714],[-82.163566,31.048559],[-82.208262,31.084768],[-82.208732,31.170938],[-82.23043,31.168581],[-82.24987,31.18191],[-82.284256,31.192196],[-82.284561,31.224449]]]}},{"type":"Feature","properties":{"GEOID":"13307","NAME":"Webster","state":"GA","wildfire_risk_score":29.008,"wildfire_eal_total":9079.76,"risk_band":"Low","source":"FEMA National Risk Index v1.20 (December 2025)"},"geometry":{"type":"Polygon","coordinates":[[[-84.655013,31.961534],[-84.645357,31.961495],[-84.645131,31.969719],[-84.655044,31.969649],[-84.655189,31.977063],[-84.644993,31.977],[-84.644805,31.984316],[-84.655173,31.984355],[-84.654919,32.010458],[-84.654119,32.028458],[-84.644419,32.028858],[-84.643557,32.037005],[-84.64232,32.151854],[-84.65142,32.151854],[-84.65162,32.160154],[-84.64242,32.160154],[-84.64032,32.176554],[-84.631319,32.176354],[-84.63112,32.184054],[-84.64032,32.184254],[-84.64032,32.225253],[-84.64932,32.225153],[-84.649319,32.232953],[-84.620621,32.233055],[-84.621119,32.225552],[-84.610619,32.225453],[-84.610219,32.217053],[-84.600995,32.210813],[-84.599787,32.192748],[-84.564231,32.192195],[-84.56469,32.175136],[-84.545692,32.175232],[-84.546117,32.159056],[-84.536617,32.159551],[-84.536317,32.151156],[-84.527417,32.151156],[-84.527117,32.134556],[-84.431214,32.134058],[-84.433014,32.04196],[-84.441614,32.04206],[-84.445248,31.926133],[-84.453122,31.926349],[-84.45331,31.919224],[-84.65582,31.920308],[-84.655013,31.961534]]]}},{"type":"Feature","properties":{"GEOID":"13127","NAME":"Glynn","state":"GA","wildfire_risk_score":92.112,"wildfire_eal_total":1488401.89,"risk_band":"High","source":"FEMA National Risk Index v1.20 (December 2025)"},"geometry":{"type":"Polygon","coordinates":[[[-81.782629,31.172504],[-81.775989,31.176639],[-81.766784,31.20184],[-81.747198,31.281461],[-81.734266,31.295826],[-81.731694,31.330048],[-81.725235,31.327206],[-81.699026,31.363001],[-81.704826,31.374873],[-81.697211,31.392375],[-81.691977,31.400545],[-81.665029,31.3999],[-81.625987,31.453019],[-81.611259,31.445883],[-81.606941,31.438562],[-81.611396,31.435568],[-81.604606,31.425549],[-81.593124,31.415451],[-81.587387,31.416264],[-81.58863,31.410065],[-81.577575,31.399429],[-81.545669,31.384834],[-81.551483,31.37612],[-81.538123,31.377758],[-81.534255,31.367805],[-81.526206,31.366325],[-81.518623,31.35734],[-81.502158,31.353718],[-81.492057,31.347362],[-81.493072,31.343452],[-81.481445,31.339632],[-81.482902,31.336832],[-81.477439,31.334425],[-81.474838,31.339132],[-81.473525,31.332821],[-81.470176,31.339716],[-81.453735,31.326344],[-81.437591,31.331821],[-81.435874,31.313263],[-81.414878,31.305693],[-81.408683,31.311113],[-81.404372,31.30924],[-81.412307,31.294733],[-81.408645,31.291176],[-81.403022,31.292461],[-81.395759,31.306641],[-81.382995,31.317108],[-81.338508,31.313145],[-81.331329,31.306122],[-81.316024,31.308887],[-81.298232,31.292456],[-81.2835215254565,31.2933965980721],[-81.279534,31.271744],[-81.271233,31.265894],[-81.269552,31.258741],[-81.282842,31.24433],[-81.290468,31.217691],[-81.303065,31.216878],[-81.331111,31.196955],[-81.365812,31.147945],[-81.387743,31.134433],[-81.399677,31.134113],[-81.409523,31.120611],[-81.403732,31.107115],[-81.401267,31.072781],[-81.415123,31.026718],[-81.424732,31.013678],[-81.4431497861428,31.0166641710864],[-81.44493,31.028994],[-81.452522,31.03639],[-81.486297,31.034595],[-81.491866,31.05389],[-81.526565,31.063194],[-81.534554,31.081517],[-81.556716,31.080807],[-81.572669,31.095562],[-81.557807,31.121887],[-81.563552,31.130627],[-81.573182,31.126992],[-81.578826,31.116049],[-81.610321,31.112913],[-81.623024,31.116608],[-81.63283,31.10781],[-81.641822,31.117781],[-81.64703,31.115241],[-81.662102,31.125634],[-81.686225,31.122419],[-81.724194,31.149594],[-81.762426,31.153305],[-81.763632,31.168106],[-81.776281,31.164473],[-81.781828,31.165806],[-81.782629,31.172504]]]}},{"type":"Feature","properties":{"GEOID":"13067","NAME":"Cobb","state":"GA","wildfire_risk_score":51.686,"wildfire_eal_total":68407.04,"risk_band":"Moderate","source":"FEMA National Risk Index v1.20 (December 2025)"},"geometry":{"type":"Polygon","coordinates":[[[-84.739679,33.955996],[-84.737839,34.07935],[-84.624277,34.0776],[-84.624215,34.081779],[-84.615301,34.081608],[-84.615382,34.077465],[-84.515874,34.075304],[-84.511484,34.079205],[-84.511506,34.075268],[-84.418926,34.073539],[-84.419134,34.055166],[-84.410679,34.048916],[-84.411337,34.042079],[-84.402531,34.035685],[-84.398664,34.023064],[-84.400796,34.008886],[-84.39637,34.008152],[-84.389969,33.995103],[-84.374666,33.986105],[-84.376264,33.975415],[-84.384455,33.971076],[-84.383389,33.963253],[-84.447385,33.910886],[-84.441527,33.891321],[-84.443306,33.879251],[-84.451687,33.872574],[-84.46022,33.852539],[-84.45612,33.8259],[-84.470939,33.82637],[-84.577932,33.743683],[-84.622692,33.804842],[-84.724142,33.806387],[-84.722977,33.94758],[-84.739576,33.947792],[-84.739679,33.955996]]]}},{"type":"Feature","properties":{"GEOID":"13029","NAME":"Bryan","state":"GA","wildfire_risk_score":79.994,"wildfire_eal_total":526421.45,"risk_band":"High","source":"FEMA National Risk Index v1.20 (December 2025)"},"geometry":{"type":"Polygon","coordinates":[[[-81.781541,32.152524],[-81.43583,32.241289],[-81.426086,32.228012],[-81.429221,32.216586],[-81.421577,32.210411],[-81.415771,32.21181],[-81.412948,32.205429],[-81.418601,32.197224],[-81.410026,32.184795],[-81.415282,32.183075],[-81.410056,32.168213],[-81.413665,32.16024],[-81.401565,32.149943],[-81.407951,32.126961],[-81.400724,32.106215],[-81.403301,32.107498],[-81.405962,32.101905],[-81.402851,32.107266],[-81.391261,32.099827],[-81.386692,32.082183],[-81.368869,32.068986],[-81.375227,32.066693],[-81.367115,32.057001],[-81.368026,32.048526],[-81.360607,32.048641],[-81.350429,32.034242],[-81.348211,32.039071],[-81.338255,32.03291],[-81.335734,32.022005],[-81.325034,32.021805],[-81.323333,32.015206],[-81.318296,32.015497],[-81.321909,32.00741],[-81.314916,32.011412],[-81.31412,32.004511],[-81.304436,32.000709],[-81.310149,31.995103],[-81.308852,31.98233],[-81.28863,31.977201],[-81.28803,31.94411],[-81.273121,31.941281],[-81.276137,31.931819],[-81.273034,31.925005],[-81.258031,31.92671],[-81.26568,31.910586],[-81.259014,31.905364],[-81.246147,31.911665],[-81.235253,31.910102],[-81.234199,31.902279],[-81.242927,31.894075],[-81.238735,31.887088],[-81.21108,31.919305],[-81.193817,31.921377],[-81.190644,31.917995],[-81.193681,31.908913],[-81.220749,31.895694],[-81.222345,31.890367],[-81.212172,31.887366],[-81.185573,31.899875],[-81.173396,31.899751],[-81.161187,31.887571],[-81.155124,31.864311],[-81.138324,31.85522],[-81.155833,31.838116],[-81.161625,31.821138],[-81.177027,31.816113],[-81.181222,31.795614],[-81.16102,31.785529],[-81.173625,31.75862],[-81.156418,31.742329],[-81.154686330339,31.7262025789643],[-81.192784,31.733245],[-81.198394185031,31.7260700164189],[-81.220862,31.743637],[-81.260924,31.754312],[-81.270393,31.764482],[-81.268426,31.784616],[-81.273526,31.792615],[-81.311027,31.789915],[-81.310827,31.800314],[-81.320028,31.808914],[-81.315043,31.816787],[-81.328224,31.823013],[-81.326224,31.830118],[-81.333333,31.840468],[-81.34545,31.837036],[-81.332541,31.834016],[-81.342866,31.827943],[-81.339028,31.818793],[-81.355837,31.8149],[-81.355197,31.819314],[-81.346297,31.818711],[-81.344808,31.824785],[-81.358075,31.831219],[-81.35306,31.837583],[-81.362151,31.837],[-81.365595,31.846456],[-81.372079,31.840147],[-81.371847,31.846928],[-81.381744,31.853956],[-81.382934,31.876085],[-81.39643,31.883162],[-81.391578,31.893562],[-81.403526,31.916773],[-81.399818,31.929443],[-81.407455,31.944199],[-81.424064,31.93816],[-81.463844,31.950014],[-81.475456,31.974167],[-81.48336,31.972528],[-81.479522,31.971271],[-81.485374,31.969364],[-81.484817,31.964031],[-81.495956,31.968477],[-81.503982,31.96278],[-81.512685,31.96933],[-81.520492,31.959261],[-81.532089,31.964151],[-81.547431,31.95734],[-81.564231,31.95949],[-81.56639,31.965702],[-81.577941,31.972555],[-81.593292,31.971233],[-81.59278,31.989334],[-81.602073,31.994362],[-81.598052,31.99584],[-81.60566,32.003968],[-81.604431,32.010948],[-81.616775,32.021172],[-81.618453,32.02431],[-81.614257,32.025112],[-81.619468,32.032249],[-81.636321,32.040461],[-81.635391,32.04422],[-81.651214,32.058352],[-81.660858,32.057381],[-81.672798,32.063873],[-81.676414,32.074478],[-81.687904,32.079334],[-81.692695,32.088313],[-81.71408,32.092525],[-81.718658,32.089351],[-81.726837,32.098824],[-81.732414,32.096657],[-81.741043,32.1045],[-81.75634,32.104584],[-81.753936,32.111435],[-81.763938,32.116154],[-81.761215,32.119568],[-81.770994,32.131206],[-81.77729,32.131939],[-81.781541,32.152524]]]}},{"type":"Feature","properties":{"GEOID":"13113","NAME":"Fayette","state":"GA","wildfire_risk_score":34.16,"wildfire_eal_total":26498.17,"risk_band":"Low","source":"FEMA National Risk Index v1.20 (December 2025)"},"geometry":{"type":"Polygon","coordinates":[[[-84.625376,33.46302],[-84.625721,33.477469],[-84.617941,33.483784],[-84.60717,33.509336],[-84.594224,33.519441],[-84.472827,33.548112],[-84.439448,33.55072],[-84.433599,33.524445],[-84.420425,33.509614],[-84.420649,33.49401],[-84.409739,33.49391],[-84.396172,33.484949],[-84.381639,33.463043],[-84.38881,33.450271],[-84.383744,33.444407],[-84.392524,33.444513],[-84.392618,33.436523],[-84.402196,33.436368],[-84.402315,33.420125],[-84.393073,33.420041],[-84.393071,33.412011],[-84.38671,33.409796],[-84.384525,33.401463],[-84.394809,33.394368],[-84.386484,33.376514],[-84.396336,33.37326],[-84.395073,33.360256],[-84.382774,33.343131],[-84.390518,33.334259],[-84.384172,33.319957],[-84.393257,33.31686],[-84.397203,33.301478],[-84.40242,33.305495],[-84.408455,33.294178],[-84.419121,33.293476],[-84.419105,33.287267],[-84.430735,33.27554],[-84.433034,33.256501],[-84.500422,33.259359],[-84.507083,33.277046],[-84.504406,33.280904],[-84.512212,33.280628],[-84.517416,33.293036],[-84.514669,33.303195],[-84.521868,33.313574],[-84.51834,33.318452],[-84.526272,33.321447],[-84.534676,33.335762],[-84.54059,33.333311],[-84.551848,33.342277],[-84.560675,33.34068],[-84.575777,33.357642],[-84.586047,33.357885],[-84.594011,33.381602],[-84.609087,33.393077],[-84.60912,33.400405],[-84.620092,33.412768],[-84.619293,33.42269],[-84.627007,33.439653],[-84.625376,33.46302]]]}},{"type":"Feature","properties":{"GEOID":"13217","NAME":"Newton","state":"GA","wildfire_risk_score":40.426,"wildfire_eal_total":37178.59,"risk_band":"Low","source":"FEMA National Risk Index v1.20 (December 2025)"},"geometry":{"type":"Polygon","coordinates":[[[-84.055212,33.518488],[-84.010681,33.563312],[-84.010651,33.554939],[-84.003278,33.554875],[-84.003372,33.563529],[-84.010452,33.563564],[-83.931268,33.651259],[-83.924408,33.681151],[-83.918123,33.68949],[-83.92524,33.710183],[-83.917389,33.708446],[-83.913229,33.712697],[-83.918698,33.723764],[-83.914823,33.744203],[-83.758286,33.646351],[-83.734353,33.645639],[-83.691551,33.616989],[-83.69941,33.609442],[-83.680896,33.596919],[-83.687386,33.588559],[-83.677669,33.571176],[-83.682196,33.52622],[-83.688077,33.510564],[-83.683006,33.494428],[-83.674644,33.487225],[-83.687601,33.483117],[-83.705197,33.500812],[-83.712281,33.495096],[-83.704743,33.488518],[-83.736687,33.480862],[-83.771278,33.452495],[-83.807374,33.440829],[-83.812195,33.434657],[-83.824922,33.437263],[-83.830872,33.421524],[-83.828268,33.415076],[-83.845207,33.414721],[-83.845024,33.407753],[-83.836884,33.407883],[-83.84375,33.404922],[-83.841118,33.400585],[-83.831024,33.393462],[-83.847189,33.37471],[-83.856949,33.371679],[-83.853942,33.367239],[-83.863058,33.368278],[-83.8643,33.377054],[-83.873289,33.378035],[-83.878775,33.389789],[-83.893908,33.395184],[-83.895108,33.407305],[-83.912299,33.41768],[-83.910607,33.426109],[-83.915267,33.427426],[-83.915027,33.435652],[-83.919686,33.434333],[-83.922903,33.450982],[-83.932055,33.455079],[-83.947884,33.477222],[-83.949176,33.485693],[-83.974451,33.483671],[-83.976364,33.488768],[-83.985808,33.487999],[-83.997394,33.494102],[-84.012562,33.49247],[-84.015296,33.497728],[-84.025721,33.496581],[-84.028242,33.491598],[-84.037184,33.49578],[-84.030052,33.499797],[-84.035601,33.509055],[-84.042887,33.509627],[-84.041928,33.518571],[-84.050536,33.51653],[-84.051278,33.510965],[-84.055212,33.518488]]]}},{"type":"Feature","properties":{"GEOID":"13319","NAME":"Wilkinson","state":"GA","wildfire_risk_score":41.889,"wildfire_eal_total":27294.24,"risk_band":"Low","source":"FEMA National Risk Index v1.20 (December 2025)"},"geometry":{"type":"Polygon","coordinates":[[[-83.38319,32.911687],[-83.357685,32.926141],[-83.287737,32.951884],[-83.276067,32.942067],[-83.263183,32.95411],[-83.268672,32.958699],[-83.20616,32.983597],[-83.162358,32.969577],[-83.179469,32.987401],[-83.159585,33.002803],[-83.149509,32.997795],[-83.147416,33.008666],[-83.131673,33.006435],[-83.129914,32.999229],[-83.122425,33.000148],[-83.128406,32.989991],[-83.121797,32.988212],[-83.125308,32.983734],[-83.116755,32.981322],[-83.115241,32.973711],[-83.108425,32.96916],[-83.093895,32.967674],[-83.095906,32.960443],[-83.088348,32.951732],[-83.083721,32.952486],[-83.085103,32.956002],[-83.07619,32.950775],[-83.079008,32.947245],[-83.073648,32.946562],[-83.070334,32.939193],[-83.067633,32.941924],[-83.067266,32.935203],[-83.07133,32.933545],[-83.061102,32.93459],[-83.059655,32.930638],[-83.064022,32.929744],[-83.056903,32.925983],[-83.062829,32.920157],[-83.055974,32.92004],[-83.052363,32.913868],[-83.0552,32.909703],[-83.048316,32.910083],[-83.046556,32.905856],[-83.050841,32.90464],[-83.047613,32.902976],[-83.051303,32.902043],[-83.047851,32.897546],[-83.050715,32.893903],[-83.043974,32.884808],[-83.048705,32.882399],[-83.037384,32.879762],[-83.036107,32.867114],[-83.030216,32.866508],[-83.027036,32.856133],[-82.988967,32.852655],[-82.990467,32.848455],[-82.978666,32.844254],[-82.980167,32.840957],[-82.970563,32.835155],[-82.973564,32.831255],[-82.967156,32.827067],[-82.971858,32.823066],[-82.954358,32.80176],[-82.958258,32.79676],[-82.960162,32.759961],[-82.953864,32.756261],[-82.948665,32.758158],[-82.950264,32.761958],[-82.94512,32.751434],[-82.957066,32.708318],[-83.040792,32.673339],[-83.226536,32.584201],[-83.40699,32.89822],[-83.38319,32.911687]]]}},{"type":"Feature","properties":{"GEOID":"13107","NAME":"Emanuel","state":"GA","wildfire_risk_score":52.545,"wildfire_eal_total":38841.85,"risk_band":"Moderate","source":"FEMA National Risk Index v1.20 (December 2025)"},"geometry":{"type":"Polygon","coordinates":[[[-82.647733,32.512507],[-82.629356,32.520566],[-82.602955,32.521467],[-82.602563,32.509473],[-82.597855,32.532866],[-82.593375,32.535103],[-82.585322,32.52523],[-82.564358,32.532449],[-82.591186,32.557691],[-82.594439,32.579158],[-82.512002,32.625163],[-82.517717,32.633677],[-82.498921,32.642733],[-82.492924,32.634046],[-82.463854,32.647236],[-82.490315,32.662035],[-82.499431,32.68634],[-82.470763,32.710608],[-82.452751,32.71926],[-82.452189,32.729699],[-82.434149,32.762258],[-82.417473,32.77035],[-82.40978,32.768873],[-82.398351,32.777239],[-82.398627,32.782967],[-82.409185,32.784452],[-82.408959,32.791597],[-82.419,32.801335],[-82.41858,32.811315],[-82.391625,32.81756],[-82.362839,32.81591],[-82.35482,32.827281],[-82.346229,32.827404],[-82.326627,32.84123],[-82.319308,32.839964],[-82.308724,32.828463],[-82.278057,32.825653],[-82.2714,32.821146],[-82.265755,32.8264],[-82.256299,32.823988],[-82.25254,32.817268],[-82.222542,32.812341],[-82.213745,32.803863],[-82.157638,32.816023],[-82.146441,32.814559],[-82.082871,32.663324],[-82.001236,32.60691],[-82.026842,32.555163],[-82.030233,32.53877],[-82.079842,32.560063],[-82.148338,32.520429],[-82.181145,32.474066],[-82.187944,32.433571],[-82.254572,32.351498],[-82.238112,32.344414],[-82.239752,32.332216],[-82.236075,32.328584],[-82.239362,32.326546],[-82.232788,32.318838],[-82.279845,32.294182],[-82.354546,32.292194],[-82.358672,32.318387],[-82.378936,32.336902],[-82.392647,32.335406],[-82.401648,32.352265],[-82.409118,32.35383],[-82.411219,32.365059],[-82.394285,32.391762],[-82.39426,32.412647],[-82.38194,32.440596],[-82.398031,32.451878],[-82.420161,32.457093],[-82.429054,32.465218],[-82.463895,32.478582],[-82.475413,32.48941],[-82.48929,32.492061],[-82.490524,32.496273],[-82.534524,32.497158],[-82.563046,32.505708],[-82.618649,32.504966],[-82.647733,32.512507]]]}},{"type":"Feature","properties":{"GEOID":"13031","NAME":"Bulloch","state":"GA","wildfire_risk_score":63.963,"wildfire_eal_total":107571.08,"risk_band":"High","source":"FEMA National Risk Index v1.20 (December 2025)"},"geometry":{"type":"Polygon","coordinates":[[[-82.026842,32.555163],[-82.001505,32.606878],[-81.833839,32.653385],[-81.803642,32.64423],[-81.799046,32.627166],[-81.791313,32.627357],[-81.777435,32.609341],[-81.768384,32.608058],[-81.761108,32.600445],[-81.754226,32.601988],[-81.741745,32.587851],[-81.733322,32.585766],[-81.729782,32.573956],[-81.713119,32.56346],[-81.707977,32.565838],[-81.689261,32.546227],[-81.677436,32.548367],[-81.661636,32.537086],[-81.656799,32.539977],[-81.648538,32.527684],[-81.63932,32.532513],[-81.628623,32.527851],[-81.629057,32.524189],[-81.617279,32.524943],[-81.616415,32.515697],[-81.606292,32.514595],[-81.599563,32.507633],[-81.578132,32.512259],[-81.536025,32.481354],[-81.543037,32.467094],[-81.531364,32.466408],[-81.525771,32.449393],[-81.532508,32.437592],[-81.539047,32.435077],[-81.535217,32.422443],[-81.542526,32.419254],[-81.532622,32.406352],[-81.534904,32.39358],[-81.523322,32.392944],[-81.523361,32.381054],[-81.508455,32.37063],[-81.507697,32.357937],[-81.494804,32.349846],[-81.49102,32.351917],[-81.487831,32.333886],[-81.479904,32.328915],[-81.465499,32.328648],[-81.465499,32.312804],[-81.453193,32.306407],[-81.454307,32.300831],[-81.449119,32.296005],[-81.452995,32.291137],[-81.447799,32.289535],[-81.449889,32.28324],[-81.445106,32.275126],[-81.438369,32.271904],[-81.441573,32.268124],[-81.435142,32.259704],[-81.438575,32.254458],[-81.433128,32.244736],[-81.624748,32.189781],[-81.780858,32.15289],[-81.781308,32.176499],[-81.792594,32.193351],[-81.803368,32.199198],[-81.806922,32.207558],[-81.803886,32.219849],[-81.81628,32.23747],[-81.841699,32.240932],[-81.856341,32.257092],[-81.860974,32.255493],[-81.892725,32.274783],[-81.953213,32.266832],[-81.963092,32.271862],[-81.969069,32.268783],[-81.956924,32.286228],[-81.918671,32.41541],[-81.936555,32.422719],[-81.940389,32.436099],[-81.962123,32.452508],[-81.964226,32.463752],[-81.974121,32.469971],[-81.973928,32.485702],[-81.979813,32.501137],[-81.971003,32.51324],[-82.030233,32.53877],[-82.026842,32.555163]]]}},{"type":"Feature","properties":{"GEOID":"13183","NAME":"Long","state":"GA","wildfire_risk_score":61.005,"wildfire_eal_total":119276.62,"risk_band":"High","source":"FEMA National Risk Index v1.20 (December 2025)"},"geometry":{"type":"Polygon","coordinates":[[[-81.981621,31.799881],[-81.978821,31.805115],[-81.956383,31.808706],[-81.945251,31.835337],[-81.922302,31.851463],[-81.91935,31.873432],[-81.912529,31.886656],[-81.894508,31.892431],[-81.894226,31.904383],[-81.881996,31.918341],[-81.882874,31.941156],[-81.889534,31.949133],[-81.875916,31.968531],[-81.860748,31.97506],[-81.854576,31.988328],[-81.824405,32.014882],[-81.822265,32.006767],[-81.808819,31.998172],[-81.803947,31.985921],[-81.793922,31.977796],[-81.776374,31.980934],[-81.74694,31.969326],[-81.742904,31.9549],[-81.745414,31.936275],[-81.766296,31.886234],[-81.765357,31.87454],[-81.752326,31.861207],[-81.73561,31.853708],[-81.728965,31.84214],[-81.714673,31.835207],[-81.695442,31.812812],[-81.656531,31.798014],[-81.643301,31.785703],[-81.641761,31.765451],[-81.491798,31.699575],[-81.565976,31.576518],[-81.622216,31.551295],[-81.663206,31.538667],[-81.671751,31.548025],[-81.681266,31.541671],[-81.68087,31.550491],[-81.690444,31.550737],[-81.698577,31.557712],[-81.696989,31.577864],[-81.701774,31.584922],[-81.723182,31.591644],[-81.724784,31.599431],[-81.732215,31.600954],[-81.736839,31.608434],[-81.74723,31.601495],[-81.743927,31.611747],[-81.759567,31.620471],[-81.768814,31.614343],[-81.770646,31.621767],[-81.765348,31.624589],[-81.7891,31.631706],[-81.787487,31.643151],[-81.79639,31.644051],[-81.796974,31.652675],[-81.806579,31.655277],[-81.813637,31.664458],[-81.818283,31.662959],[-81.811645,31.654521],[-81.820999,31.651062],[-81.830941,31.65731],[-81.828918,31.663958],[-81.850624,31.667671],[-81.847572,31.677263],[-81.867126,31.691078],[-81.876464,31.71315],[-81.906666,31.725812],[-81.913242,31.739734],[-81.908999,31.747963],[-81.911369,31.753481],[-81.922076,31.759817],[-81.926291,31.751932],[-81.931588,31.76176],[-81.944496,31.760402],[-81.943817,31.767389],[-81.95182,31.773025],[-81.952514,31.788326],[-81.975189,31.78791],[-81.981033,31.791367],[-81.981621,31.799881]]]}},{"type":"Feature","properties":{"GEOID":"13179","NAME":"Liberty","state":"GA","wildfire_risk_score":76.113,"wildfire_eal_total":396414.91,"risk_band":"High","source":"FEMA National Risk Index v1.20 (December 2025)"},"geometry":{"type":"Polygon","coordinates":[[[-81.824405,32.014882],[-81.813382,32.01623],[-81.761735,32.0479],[-81.71408,32.092525],[-81.698448,32.090713],[-81.683471,32.075935],[-81.676414,32.074478],[-81.672798,32.063873],[-81.660858,32.057381],[-81.651214,32.058352],[-81.635391,32.04422],[-81.636321,32.040461],[-81.619468,32.032249],[-81.614257,32.025112],[-81.618453,32.02431],[-81.616775,32.021172],[-81.604431,32.010948],[-81.60566,32.003968],[-81.598052,31.99584],[-81.602073,31.994362],[-81.59278,31.989334],[-81.593292,31.971233],[-81.577941,31.972555],[-81.56639,31.965702],[-81.564231,31.95949],[-81.547431,31.95734],[-81.532089,31.964151],[-81.520492,31.959261],[-81.512685,31.96933],[-81.503982,31.96278],[-81.495956,31.968477],[-81.484817,31.964031],[-81.485374,31.969364],[-81.479522,31.971271],[-81.48336,31.972528],[-81.475456,31.974167],[-81.463844,31.950014],[-81.424064,31.93816],[-81.407455,31.944199],[-81.399818,31.929443],[-81.403526,31.916773],[-81.391578,31.893562],[-81.39643,31.883162],[-81.382934,31.876085],[-81.381744,31.853956],[-81.371847,31.846928],[-81.372079,31.840147],[-81.365595,31.846456],[-81.362151,31.837],[-81.35306,31.837583],[-81.358075,31.831219],[-81.344808,31.824785],[-81.346297,31.818711],[-81.355197,31.819314],[-81.355837,31.8149],[-81.339028,31.818793],[-81.342866,31.827943],[-81.332541,31.834016],[-81.34397,31.834411],[-81.343376,31.839074],[-81.3304,31.839018],[-81.328224,31.823013],[-81.315043,31.816787],[-81.320028,31.808914],[-81.310827,31.800314],[-81.311027,31.789915],[-81.273526,31.792615],[-81.268426,31.784616],[-81.270743,31.766937],[-81.26686,31.758486],[-81.214469,31.73963],[-81.198394185031,31.7260700164189],[-81.203572,31.719448],[-81.186303,31.701509],[-81.161084,31.691401],[-81.149369,31.699304],[-81.131137,31.695774],[-81.136408,31.674832],[-81.133974,31.640957],[-81.128845,31.631439],[-81.160364,31.570436],[-81.171865,31.558962],[-81.178758,31.558152],[-81.187902,31.572766],[-81.187244,31.580056],[-81.1922267364119,31.5802795268583],[-81.190124,31.598101],[-81.195296,31.606314],[-81.21659,31.619326],[-81.22222,31.63042],[-81.264626,31.651152],[-81.298358,31.649337],[-81.318016,31.659854],[-81.338079,31.647112],[-81.355573,31.65467],[-81.374825,31.6473],[-81.372991,31.650782],[-81.378061,31.654947],[-81.37699,31.650175],[-81.391576,31.643561],[-81.417816,31.652039],[-81.434188,31.64109],[-81.444289,31.654886],[-81.455673,31.659813],[-81.467117,31.677647],[-81.460892,31.683477],[-81.465684,31.694162],[-81.499603,31.699968],[-81.641761,31.765451],[-81.643301,31.785703],[-81.656531,31.798014],[-81.695442,31.812812],[-81.714673,31.835207],[-81.728965,31.84214],[-81.73561,31.853708],[-81.752326,31.861207],[-81.765357,31.87454],[-81.765777,31.887847],[-81.745414,31.936275],[-81.742904,31.9549],[-81.74694,31.969326],[-81.776374,31.980934],[-81.793922,31.977796],[-81.803947,31.985921],[-81.808819,31.998172],[-81.822265,32.006767],[-81.824405,32.014882]]]}},{"type":"Feature","properties":{"GEOID":"13191","NAME":"McIntosh","state":"GA","wildfire_risk_score":87.15,"wildfire_eal_total":589184.61,"risk_band":"High","source":"FEMA National Risk Index v1.20 (December 2025)"},"geometry":{"type":"MultiPolygon","coordinates":[[[[-81.279391,31.30792],[-81.277159,31.311215],[-81.270664,31.310521],[-81.271882,31.304105],[-81.279391,31.30792]]],[[[-81.668289,31.536552],[-81.622216,31.551295],[-81.565976,31.576518],[-81.491798,31.699575],[-81.465684,31.694162],[-81.460892,31.683477],[-81.467117,31.677647],[-81.455673,31.659813],[-81.444289,31.654886],[-81.434188,31.64109],[-81.417816,31.652039],[-81.391576,31.643561],[-81.37699,31.650175],[-81.378061,31.654947],[-81.372991,31.650782],[-81.374825,31.6473],[-81.355573,31.65467],[-81.338079,31.647112],[-81.318016,31.659854],[-81.298358,31.649337],[-81.264626,31.651152],[-81.234421,31.63782],[-81.192039,31.602282],[-81.1922267364119,31.5802795268583],[-81.216065,31.558415],[-81.240699,31.552313],[-81.254218,31.55594],[-81.259206,31.550333],[-81.276539,31.548463],[-81.298259,31.533505],[-81.295187,31.521536],[-81.276319,31.525276],[-81.271054,31.531074],[-81.258809,31.52906],[-81.26388,31.515845],[-81.282311,31.504403],[-81.278733,31.497538],[-81.262896,31.495783],[-81.236681,31.529192],[-81.213519,31.528152],[-81.198251,31.537033],[-81.178725,31.518202],[-81.204883,31.473124],[-81.246911,31.422784],[-81.268613,31.383009],[-81.29427,31.368596],[-81.285952,31.34972],[-81.282923,31.326491],[-81.287615,31.310537],[-81.2835215254565,31.2933965980721],[-81.298232,31.292456],[-81.316024,31.308887],[-81.333121,31.306433],[-81.336855,31.312582],[-81.368804,31.318703],[-81.387191,31.314884],[-81.403022,31.292461],[-81.408645,31.291176],[-81.412307,31.294733],[-81.404372,31.30924],[-81.408683,31.311113],[-81.414878,31.305693],[-81.435874,31.313263],[-81.436065,31.330912],[-81.453735,31.326344],[-81.470176,31.339716],[-81.47219,31.332544],[-81.474838,31.339132],[-81.477439,31.334425],[-81.482902,31.336832],[-81.481445,31.339632],[-81.493072,31.343452],[-81.492057,31.347362],[-81.502158,31.353718],[-81.518623,31.35734],[-81.526206,31.366325],[-81.534255,31.367805],[-81.538123,31.377758],[-81.551483,31.37612],[-81.545165,31.382154],[-81.547317,31.386375],[-81.557159,31.38698],[-81.577575,31.399429],[-81.58863,31.410065],[-81.587387,31.416264],[-81.593124,31.415451],[-81.604606,31.425549],[-81.611396,31.435568],[-81.606941,31.438562],[-81.611259,31.445883],[-81.6249,31.450672],[-81.612437,31.470376],[-81.623078,31.484752],[-81.632438,31.483797],[-81.647247,31.495007],[-81.646293,31.501869],[-81.658294,31.51087],[-81.652587,31.529024],[-81.662086,31.528378],[-81.668289,31.536552]]]]}},{"type":"Feature","properties":{"GEOID":"13215","NAME":"Muscogee","state":"GA","wildfire_risk_score":61.101,"wildfire_eal_total":78485.96,"risk_band":"High","source":"FEMA National Risk Index v1.20 (December 2025)"},"geometry":{"type":"Polygon","coordinates":[[[-85.0806178512654,32.608095275146],[-84.907693,32.607608],[-84.907883,32.583433],[-84.694603,32.583945],[-84.694663,32.563698],[-84.667463,32.563948],[-84.679349,32.544927],[-84.678453,32.533662],[-84.689914,32.52132],[-84.724616,32.507436],[-84.743319,32.471815],[-84.745121,32.458899],[-84.751286,32.45779],[-84.760967,32.436366],[-84.766695,32.434927],[-84.767735,32.420671],[-84.781911,32.424847],[-84.792183,32.413967],[-84.806776,32.422575],[-84.818952,32.412816],[-84.874698,32.412768],[-84.932729,32.380561],[-84.963186,32.374037],[-84.988554,32.384081],[-84.983386,32.391761],[-84.96873,32.391457],[-84.981098,32.402833],[-84.979431,32.412244],[-84.96303,32.424244],[-84.971831,32.442843],[-84.995331,32.453243],[-84.998231,32.469842],[-84.994831,32.486042],[-85.001532,32.514741],[-85.020237,32.534748],[-85.022509,32.542923],[-85.032071,32.545429],[-85.059672,32.576742],[-85.067535,32.579546],[-85.0806178512654,32.608095275146]]]}},{"type":"Feature","properties":{"GEOID":"13089","NAME":"DeKalb","state":"GA","wildfire_risk_score":43.734,"wildfire_eal_total":32465.05,"risk_band":"Moderate","source":"FEMA National Risk Index v1.20 (December 2025)"},"geometry":{"type":"Polygon","coordinates":[[[-84.349838,33.66383],[-84.347412,33.968109],[-84.337335,33.97088],[-84.27147,33.955892],[-84.266156,33.947668],[-84.269257,33.940146],[-84.256022,33.914401],[-84.232204,33.901983],[-84.201325,33.871852],[-84.158407,33.853602],[-84.133369,33.833453],[-84.113415,33.807505],[-84.097784,33.799293],[-84.075914,33.777507],[-84.058204,33.772767],[-84.040313,33.757708],[-84.023713,33.752808],[-84.056614,33.726608],[-84.115791,33.614666],[-84.12922,33.63137],[-84.141195,33.632129],[-84.13832,33.637669],[-84.150581,33.638577],[-84.15447,33.645748],[-84.161992,33.637799],[-84.173126,33.64097],[-84.170176,33.645903],[-84.223952,33.646572],[-84.224235,33.630657],[-84.245453,33.63073],[-84.245771,33.646922],[-84.349875,33.647944],[-84.349838,33.66383]]]}},{"type":"Feature","properties":{"GEOID":"13123","NAME":"Gilmer","state":"GA","wildfire_risk_score":71.279,"wildfire_eal_total":135298.91,"risk_band":"High","source":"FEMA National Risk Index v1.20 (December 2025)"},"geometry":{"type":"Polygon","coordinates":[[[-84.656225,34.730984],[-84.648911,34.746182],[-84.639625,34.753567],[-84.635314,34.770929],[-84.641353,34.777707],[-84.621984,34.789128],[-84.609749,34.790937],[-84.601396,34.806448],[-84.596027,34.805822],[-84.582944,34.82173],[-84.592886,34.840184],[-84.605256,34.840294],[-84.618637,34.855398],[-84.422593,34.857456],[-84.417333,34.849815],[-84.394937,34.841749],[-84.390869,34.834345],[-84.3832,34.839307],[-84.382136,34.833449],[-84.331481,34.817937],[-84.334137,34.811068],[-84.328065,34.806403],[-84.314653,34.807328],[-84.257314,34.725421],[-84.26092,34.725455],[-84.260906,34.718113],[-84.252167,34.718161],[-84.252292,34.66461],[-84.242624,34.670908],[-84.233255,34.666298],[-84.226471,34.653878],[-84.197424,34.642725],[-84.193481,34.625196],[-84.199623,34.615173],[-84.214354,34.609724],[-84.223907,34.596992],[-84.254677,34.597496],[-84.255328,34.568318],[-84.276009,34.573704],[-84.278877,34.569611],[-84.293083,34.569248],[-84.307266,34.581448],[-84.31324,34.577705],[-84.328979,34.583438],[-84.336456,34.579296],[-84.331505,34.572529],[-84.345749,34.567038],[-84.345553,34.562735],[-84.371496,34.562912],[-84.371352,34.548495],[-84.424556,34.549332],[-84.424397,34.557413],[-84.428712,34.557495],[-84.432427,34.549441],[-84.467863,34.549967],[-84.467989,34.563488],[-84.485798,34.563267],[-84.485661,34.556705],[-84.476532,34.556651],[-84.476727,34.550128],[-84.502812,34.550476],[-84.50261,34.563681],[-84.51152,34.563646],[-84.511694,34.556748],[-84.520379,34.556675],[-84.52139,34.550463],[-84.654056,34.548951],[-84.656225,34.730984]]]}},{"type":"Feature","properties":{"GEOID":"13075","NAME":"Cook","state":"GA","wildfire_risk_score":45.642,"wildfire_eal_total":27765.66,"risk_band":"Moderate","source":"FEMA National Risk Index v1.20 (December 2025)"},"geometry":{"type":"Polygon","coordinates":[[[-83.576739,31.08051],[-83.568229,31.088351],[-83.567499,31.100747],[-83.557331,31.110501],[-83.555915,31.14451],[-83.543492,31.147986],[-83.541532,31.177435],[-83.529015,31.183249],[-83.520217,31.199236],[-83.509961,31.205972],[-83.512588,31.216054],[-83.508071,31.222122],[-83.513611,31.232857],[-83.505562,31.269005],[-83.515297,31.302349],[-83.512607,31.327405],[-83.460644,31.326263],[-83.460513,31.33296],[-83.445519,31.336027],[-83.444862,31.349637],[-83.434492,31.350361],[-83.432505,31.332802],[-83.43901,31.318796],[-83.430554,31.294748],[-83.422313,31.295114],[-83.409405,31.286799],[-83.402689,31.274704],[-83.38118,31.255642],[-83.366156,31.249056],[-83.347569,31.252119],[-83.334215,31.241624],[-83.337435,31.225361],[-83.332181,31.215926],[-83.334182,31.191518],[-83.317759,31.172776],[-83.305611,31.167233],[-83.30452,31.156353],[-83.30468,31.14845],[-83.322471,31.118256],[-83.321935,31.097664],[-83.311927,31.090244],[-83.304155,31.091802],[-83.302212,31.083579],[-83.294574,31.079387],[-83.295986,31.070179],[-83.279781,31.063351],[-83.285187,31.051166],[-83.283512,31.040858],[-83.295052,31.027278],[-83.481851,31.032639],[-83.497072,31.040721],[-83.502596,31.053119],[-83.508196,31.04829],[-83.525618,31.055287],[-83.52932,31.051181],[-83.549909,31.053383],[-83.576739,31.08051]]]}},{"type":"Feature","properties":{"GEOID":"13189","NAME":"McDuffie","state":"GA","wildfire_risk_score":59.955,"wildfire_eal_total":61525.11,"risk_band":"High","source":"FEMA National Risk Index v1.20 (December 2025)"},"geometry":{"type":"Polygon","coordinates":[[[-82.64852,33.608382],[-82.642981,33.607011],[-82.643457,33.618063],[-82.633502,33.611132],[-82.617127,33.612109],[-82.623897,33.621661],[-82.616705,33.624842],[-82.618304,33.630973],[-82.613585,33.634044],[-82.607769,33.625673],[-82.60835,33.633513],[-82.590725,33.636747],[-82.588003,33.642008],[-82.581052,33.632607],[-82.5766,33.637583],[-82.584045,33.639143],[-82.581398,33.651867],[-82.573511,33.639505],[-82.565583,33.645918],[-82.556466,33.633875],[-82.555663,33.642686],[-82.543559,33.638606],[-82.536169,33.64941],[-82.522456,33.644923],[-82.51043,33.659737],[-82.504998,33.659137],[-82.505634,33.651707],[-82.500213,33.654572],[-82.489805,33.649573],[-82.480725,33.639006],[-82.47734,33.644161],[-82.459258,33.636979],[-82.450719,33.650632],[-82.430915,33.655076],[-82.424957,33.647289],[-82.441664,33.638344],[-82.442731,33.630674],[-82.430337,33.618623],[-82.432988,33.608147],[-82.412701,33.597596],[-82.422842,33.576141],[-82.434222,33.567068],[-82.436814,33.549658],[-82.384924,33.52995],[-82.402385,33.516481],[-82.399129,33.492531],[-82.383204,33.477651],[-82.384762,33.467281],[-82.375258,33.456026],[-82.364184,33.45068],[-82.335971,33.41956],[-82.339215,33.402245],[-82.3312,33.398445],[-82.309598,33.365563],[-82.294179,33.354635],[-82.353498,33.312318],[-82.371972,33.310879],[-82.398139,33.313814],[-82.410923,33.319795],[-82.417427,33.332326],[-82.425512,33.330196],[-82.449977,33.340505],[-82.498541,33.337727],[-82.500752,33.342619],[-82.51072,33.342045],[-82.535779,33.35746],[-82.548068,33.352783],[-82.544313,33.374721],[-82.553616,33.415802],[-82.584563,33.449654],[-82.64852,33.608382]]]}},{"type":"Feature","properties":{"GEOID":"13269","NAME":"Taylor","state":"GA","wildfire_risk_score":47.996,"wildfire_eal_total":24810.1,"risk_band":"Moderate","source":"FEMA National Risk Index v1.20 (December 2025)"},"geometry":{"type":"MultiPolygon","coordinates":[[[[-84.05331,32.522021],[-84.00849,32.521769],[-84.008774,32.516513],[-84.022279,32.505634],[-84.017309,32.497149],[-84.034109,32.497449],[-84.034326,32.513478],[-84.053629,32.513305],[-84.05331,32.522021]]],[[[-84.372817,32.397548],[-84.363216,32.397649],[-84.362916,32.389449],[-84.372716,32.38935],[-84.372817,32.397548]]],[[[-84.453232,32.542374],[-84.44365,32.542223],[-84.444353,32.562083],[-84.408866,32.561923],[-84.408378,32.610503],[-84.391222,32.619348],[-84.374439,32.637672],[-84.364243,32.679364],[-84.338884,32.679043],[-84.33794,32.720647],[-84.322266,32.721159],[-84.304132,32.733708],[-84.288757,32.73615],[-84.286246,32.747626],[-84.262706,32.739306],[-84.25644,32.722717],[-84.235803,32.738284],[-84.22924,32.73266],[-84.236303,32.721043],[-84.218978,32.719848],[-84.211353,32.701335],[-84.203368,32.697834],[-84.202628,32.690018],[-84.185052,32.679845],[-84.162604,32.677819],[-84.143456,32.68544],[-84.139915,32.679127],[-84.128194,32.674359],[-84.105924,32.685049],[-84.104966,32.673385],[-84.078156,32.647239],[-84.074518,32.636253],[-84.065823,32.639977],[-84.059754,32.634369],[-84.056765,32.636518],[-84.062837,32.626539],[-84.07388,32.625407],[-84.066396,32.611157],[-84.071252,32.598264],[-84.067628,32.590311],[-84.062897,32.591188],[-84.065232,32.582054],[-84.048575,32.574329],[-84.052663,32.567315],[-84.04634,32.567532],[-84.045376,32.556255],[-84.035379,32.55849],[-84.021531,32.545007],[-84.020508,32.551375],[-84.016011,32.550254],[-84.012979,32.537749],[-84.005916,32.538987],[-84.001971,32.532472],[-84.052952,32.530602],[-84.05331,32.522021],[-84.07216,32.521904],[-84.07232,32.51418],[-84.111226,32.514124],[-84.111322,32.505723],[-84.122347,32.505921],[-84.197805,32.400999],[-84.2484,32.400639],[-84.254313,32.395572],[-84.254613,32.372053],[-84.323815,32.37245],[-84.323315,32.39785],[-84.343714,32.397751],[-84.343515,32.38495],[-84.353116,32.38505],[-84.353216,32.39775],[-84.363216,32.397649],[-84.362416,32.428047],[-84.381817,32.428047],[-84.382116,32.414247],[-84.392316,32.414046],[-84.392117,32.435347],[-84.400871,32.435501],[-84.403122,32.443519],[-84.408389,32.443952],[-84.407808,32.485267],[-84.424419,32.485144],[-84.423919,32.493243],[-84.433619,32.493243],[-84.433542,32.518694],[-84.443041,32.518527],[-84.44325,32.534162],[-84.453154,32.534336],[-84.453232,32.542374]]]]}},{"type":"Feature","properties":{"GEOID":"13103","NAME":"Effingham","state":"GA","wildfire_risk_score":72.296,"wildfire_eal_total":253751.73,"risk_band":"High","source":"FEMA National Risk Index v1.20 (December 2025)"},"geometry":{"type":"Polygon","coordinates":[[[-81.548006,32.489286],[-81.538558,32.509059],[-81.3892612409816,32.5953827593042],[-81.378173,32.588818],[-81.369757,32.591231],[-81.369819,32.585048],[-81.363593,32.581791],[-81.36695,32.577019],[-81.357749,32.582119],[-81.354797,32.571072],[-81.328605,32.561092],[-81.297955,32.563026],[-81.296691,32.553393],[-81.291762,32.555328],[-81.291289,32.562739],[-81.288879,32.551163],[-81.281324,32.556464],[-81.280731,32.547638],[-81.274955,32.544821],[-81.279905,32.536592],[-81.252882,32.51833],[-81.23342,32.517963],[-81.232148,32.513337],[-81.238684,32.506984],[-81.233585,32.498488],[-81.200029,32.467985],[-81.186952,32.463566],[-81.193727,32.459677],[-81.192243,32.453639],[-81.197968,32.453878],[-81.197485,32.44914],[-81.204496,32.452779],[-81.206666,32.448093],[-81.199435,32.444193],[-81.208443,32.437002],[-81.205507,32.423612],[-81.178713,32.393645],[-81.181845,32.379348],[-81.167906,32.368304],[-81.173824,32.36271],[-81.160998,32.355905],[-81.160096,32.348952],[-81.15484,32.349557],[-81.159832,32.339964],[-81.145982,32.345018],[-81.143794,32.351529],[-81.129435,32.341552],[-81.128956,32.336452],[-81.137926,32.328662],[-81.130648,32.325408],[-81.133052,32.309011],[-81.122933,32.307295],[-81.119867,32.286203],[-81.126965,32.282698],[-81.123425,32.275051],[-81.13,32.275796],[-81.13349,32.269796],[-81.141925,32.271742],[-81.13693,32.266115],[-81.146602,32.262766],[-81.14573,32.251523],[-81.156587,32.24391],[-81.1446886034838,32.2263392293477],[-81.195679,32.237468],[-81.391698,32.095886],[-81.391261,32.099827],[-81.402851,32.107266],[-81.405962,32.101905],[-81.403301,32.107498],[-81.400724,32.106215],[-81.407951,32.126961],[-81.401565,32.149943],[-81.413665,32.16024],[-81.410056,32.168213],[-81.415282,32.183075],[-81.410026,32.184795],[-81.418601,32.197224],[-81.413554,32.208047],[-81.429221,32.216586],[-81.426086,32.228012],[-81.437469,32.243237],[-81.433128,32.244736],[-81.438575,32.254458],[-81.435142,32.259704],[-81.441573,32.268124],[-81.438369,32.271904],[-81.449889,32.28324],[-81.446288,32.284878],[-81.452995,32.291137],[-81.449119,32.296005],[-81.454307,32.300831],[-81.453193,32.306407],[-81.465499,32.312804],[-81.465499,32.328648],[-81.479904,32.328915],[-81.487831,32.333886],[-81.49102,32.351917],[-81.494804,32.349846],[-81.507697,32.357937],[-81.508455,32.37063],[-81.523361,32.381054],[-81.523322,32.392944],[-81.534904,32.39358],[-81.532622,32.406352],[-81.542526,32.419254],[-81.535217,32.422443],[-81.539047,32.435077],[-81.532508,32.437592],[-81.525771,32.449393],[-81.531364,32.466408],[-81.542755,32.466254],[-81.536025,32.481354],[-81.548006,32.489286]]]}},{"type":"Feature","properties":{"GEOID":"13139","NAME":"Hall","state":"GA","wildfire_risk_score":50.445,"wildfire_eal_total":53026.95,"risk_band":"Moderate","source":"FEMA National Risk Index v1.20 (December 2025)"},"geometry":{"type":"Polygon","coordinates":[[[-84.059494,34.175507],[-84.057632,34.183277],[-84.041344,34.193619],[-84.011459,34.191021],[-84.00354,34.195614],[-83.989914,34.195133],[-83.977821,34.213924],[-83.966684,34.216061],[-83.964568,34.221545],[-83.970254,34.22274],[-83.971191,34.228622],[-83.949821,34.239837],[-83.953339,34.269005],[-83.926239,34.281768],[-83.928513,34.289917],[-83.934151,34.286049],[-83.936286,34.2947],[-83.931358,34.297798],[-83.939567,34.29877],[-83.941703,34.292079],[-83.946754,34.297554],[-83.942619,34.302024],[-83.953308,34.317958],[-83.945141,34.329448],[-83.956192,34.332717],[-83.960172,34.342713],[-83.966853,34.339629],[-83.976238,34.356576],[-83.981433,34.357829],[-83.97618,34.362838],[-83.980862,34.368739],[-83.977223,34.379235],[-83.984332,34.382959],[-83.971522,34.401784],[-83.979247,34.411528],[-83.984818,34.411603],[-83.983285,34.417041],[-83.970893,34.422811],[-83.975146,34.432722],[-83.956448,34.437286],[-83.931313,34.451206],[-83.920685,34.451126],[-83.920662,34.460114],[-83.931898,34.460529],[-83.931886,34.469345],[-83.909843,34.469185],[-83.90995,34.459805],[-83.887627,34.459936],[-83.887604,34.468788],[-83.843315,34.497022],[-83.843405,34.505494],[-83.788479,34.504754],[-83.788604,34.514096],[-83.777605,34.513696],[-83.777703,34.504797],[-83.666415,34.503602],[-83.615218,34.431712],[-83.623212,34.419317],[-83.644752,34.413048],[-83.645429,34.406428],[-83.655563,34.399746],[-83.660048,34.379761],[-83.669243,34.365582],[-83.651436,34.349056],[-83.649128,34.320405],[-83.625571,34.306464],[-83.620267,34.295819],[-83.81727,34.127557],[-83.867844,34.098652],[-84.062187,34.168541],[-84.059494,34.175507]]]}},{"type":"Feature","properties":{"GEOID":"13135","NAME":"Gwinnett","state":"GA","wildfire_risk_score":46.151,"wildfire_eal_total":42223.37,"risk_band":"Moderate","source":"FEMA National Risk Index v1.20 (December 2025)"},"geometry":{"type":"Polygon","coordinates":[[[-84.277093,33.957614],[-84.258089,33.968184],[-84.262849,33.973676],[-84.263305,33.985981],[-84.253334,33.987179],[-84.248316,33.998262],[-84.212489,34.003785],[-84.202146,33.997136],[-84.204768,33.9901],[-84.192446,33.990921],[-84.18088,33.998708],[-84.169505,34.028005],[-84.123461,34.03335],[-84.100644,34.047272],[-84.098135,34.051581],[-84.117801,34.065315],[-84.110416,34.096979],[-84.101913,34.104554],[-84.101441,34.116809],[-84.093392,34.126098],[-84.094805,34.132223],[-84.085129,34.143159],[-84.085413,34.148818],[-84.075075,34.163296],[-84.062187,34.168541],[-83.867844,34.098652],[-83.817682,34.127493],[-83.869115,34.004316],[-83.837311,33.982204],[-83.831998,33.966369],[-83.813691,33.954491],[-83.799104,33.929844],[-84.023713,33.752808],[-84.040313,33.757708],[-84.058204,33.772767],[-84.075914,33.777507],[-84.097784,33.799293],[-84.113415,33.807505],[-84.133369,33.833453],[-84.158407,33.853602],[-84.201325,33.871852],[-84.232204,33.901983],[-84.256022,33.914401],[-84.270466,33.944008],[-84.266156,33.947668],[-84.277093,33.957614]]]}},{"type":"Feature","properties":{"GEOID":"13077","NAME":"Coweta","state":"GA","wildfire_risk_score":47.646,"wildfire_eal_total":53008.14,"risk_band":"Moderate","source":"FEMA National Risk Index v1.20 (December 2025)"},"geometry":{"type":"Polygon","coordinates":[[[-85.013199,33.429828],[-84.986542,33.441287],[-84.989061,33.45214],[-84.984767,33.457177],[-84.954457,33.439318],[-84.935974,33.437182],[-84.9213,33.445267],[-84.919195,33.455651],[-84.909346,33.459533],[-84.908788,33.469191],[-84.902467,33.475848],[-84.877543,33.491667],[-84.85529,33.495947],[-84.851158,33.511058],[-84.621305,33.511291],[-84.621126,33.503126],[-84.609367,33.502582],[-84.626759,33.47518],[-84.623219,33.468369],[-84.627007,33.439653],[-84.619293,33.42269],[-84.620092,33.412768],[-84.60912,33.400405],[-84.609087,33.393077],[-84.594011,33.381602],[-84.586047,33.357885],[-84.575777,33.357642],[-84.560675,33.34068],[-84.551848,33.342277],[-84.54059,33.333311],[-84.534676,33.335762],[-84.526272,33.321447],[-84.51834,33.318452],[-84.521868,33.313574],[-84.514669,33.303195],[-84.517416,33.293036],[-84.512212,33.280628],[-84.504406,33.280904],[-84.506585,33.274878],[-84.497043,33.256242],[-84.498246,33.25002],[-84.508926,33.245222],[-84.50026,33.233252],[-84.50645,33.226094],[-84.502352,33.221055],[-84.652694,33.222531],[-84.654604,33.230709],[-84.669344,33.230785],[-84.674613,33.222735],[-84.694028,33.222973],[-84.693977,33.231253],[-84.703213,33.231178],[-84.703322,33.222823],[-84.85236,33.22359],[-84.852304,33.191043],[-84.862359,33.191173],[-84.862382,33.199143],[-84.869904,33.195662],[-84.871954,33.207433],[-84.862198,33.207541],[-84.862135,33.223858],[-84.939015,33.224693],[-84.954578,33.265608],[-84.94881,33.265653],[-84.948815,33.282277],[-84.958583,33.282365],[-84.958646,33.277053],[-85.015358,33.425506],[-85.013199,33.429828]]]}},{"type":"Feature","properties":{"GEOID":"13271","NAME":"Telfair","state":"GA","wildfire_risk_score":45.293,"wildfire_eal_total":22198.12,"risk_band":"Moderate","source":"FEMA National Risk Index v1.20 (December 2025)"},"geometry":{"type":"Polygon","coordinates":[[[-83.20749,31.89646],[-82.942066,32.124074],[-82.955466,32.135274],[-82.934566,32.153274],[-82.927467,32.147174],[-82.934761,32.140971],[-82.927865,32.135274],[-82.939759,32.124858],[-82.915293,32.12362],[-82.901958,32.110304],[-82.901564,32.097592],[-82.895157,32.086056],[-82.87011,32.074474],[-82.855577,32.061726],[-82.832891,32.059586],[-82.807331,32.048778],[-82.786919,32.022545],[-82.766826,32.011619],[-82.725429,32.004472],[-82.710417,31.975876],[-82.69698,31.967174],[-82.695178,31.956883],[-82.669499,31.9341],[-82.652774,31.928927],[-82.654876,31.92421],[-82.645659,31.918883],[-82.651359,31.916983],[-82.65766,31.923583],[-82.66126,31.919883],[-82.681763,31.920741],[-82.67686,31.910282],[-82.693961,31.898282],[-82.699861,31.903582],[-82.709762,31.889682],[-82.741763,31.876881],[-82.757322,31.856901],[-82.767888,31.861618],[-82.769664,31.855418],[-82.775728,31.862615],[-82.781732,31.852816],[-82.791066,31.852255],[-82.791102,31.844624],[-82.784725,31.83854],[-82.804831,31.831433],[-82.808475,31.8227],[-82.824691,31.813479],[-82.827876,31.815617],[-82.824937,31.8197],[-82.838664,31.815688],[-82.836565,31.810859],[-82.842163,31.81076],[-82.839104,31.806879],[-82.849754,31.798016],[-82.855324,31.798855],[-82.86309,31.783005],[-82.868172,31.785791],[-82.877014,31.780903],[-82.873772,31.78429],[-82.876694,31.787062],[-82.890449,31.780361],[-82.899666,31.783272],[-82.89933,31.791409],[-82.919375,31.778733],[-82.9187,31.784139],[-82.94651,31.787752],[-82.946297,31.783697],[-82.955261,31.782999],[-82.964615,31.784908],[-82.969971,31.792902],[-82.978493,31.793139],[-82.983169,31.78367],[-82.990707,31.787077],[-82.991036,31.776488],[-82.996931,31.781578],[-83.005787,31.774629],[-83.014158,31.779178],[-83.027966,31.778291],[-83.040091,31.786799],[-83.039045,31.790566],[-83.052816,31.789224],[-83.069603,31.796213],[-83.072225,31.801576],[-83.080357,31.800597],[-83.086684,31.81274],[-83.090023,31.807618],[-83.099269,31.808295],[-83.107244,31.814525],[-83.106326,31.819181],[-83.111503,31.816245],[-83.112505,31.812865],[-83.107687,31.812299],[-83.111557,31.809195],[-83.139429,31.815019],[-83.140767,31.818105],[-83.132568,31.815219],[-83.134605,31.824115],[-83.151966,31.82488],[-83.152311,31.83166],[-83.17182,31.842026],[-83.183343,31.858754],[-83.176843,31.868416],[-83.181646,31.879715],[-83.192476,31.875073],[-83.192239,31.879387],[-83.199704,31.880345],[-83.197954,31.88415],[-83.204236,31.884682],[-83.199948,31.892468],[-83.20749,31.89646]]]}},{"type":"Feature","properties":{"GEOID":"13283","NAME":"Treutlen","state":"GA","wildfire_risk_score":26.463,"wildfire_eal_total":11373.56,"risk_band":"Low","source":"FEMA National Risk Index v1.20 (December 2025)"},"geometry":{"type":"Polygon","coordinates":[[[-82.747625,32.331021],[-82.74189,32.333897],[-82.744493,32.341256],[-82.739298,32.337553],[-82.733838,32.342073],[-82.727736,32.354779],[-82.73174,32.356511],[-82.728147,32.359411],[-82.730786,32.362681],[-82.724903,32.362312],[-82.722883,32.370432],[-82.716883,32.373047],[-82.72043,32.376603],[-82.716247,32.392578],[-82.706927,32.393942],[-82.697617,32.407173],[-82.702163,32.431617],[-82.690338,32.443798],[-82.693958,32.454146],[-82.685977,32.460292],[-82.663181,32.460061],[-82.64858,32.467238],[-82.640888,32.485169],[-82.633126,32.491037],[-82.657057,32.507167],[-82.647733,32.512507],[-82.618649,32.504966],[-82.563046,32.505708],[-82.534524,32.497158],[-82.490524,32.496273],[-82.463895,32.478582],[-82.429054,32.465218],[-82.420161,32.457093],[-82.398031,32.451878],[-82.38194,32.440596],[-82.39426,32.412647],[-82.394285,32.391762],[-82.411219,32.365059],[-82.40913,32.353738],[-82.649104,32.311496],[-82.655486,32.297561],[-82.657553,32.302698],[-82.668962,32.303919],[-82.663091,32.29777],[-82.673001,32.29363],[-82.708437,32.298631],[-82.704974,32.301724],[-82.71343,32.310242],[-82.714689,32.305317],[-82.730015,32.310645],[-82.72515,32.315658],[-82.735722,32.319569],[-82.73291,32.323853],[-82.736884,32.322619],[-82.739301,32.330692],[-82.742323,32.326924],[-82.747625,32.331021]]]}},{"type":"Feature","properties":{"GEOID":"13251","NAME":"Screven","state":"GA","wildfire_risk_score":54.198,"wildfire_eal_total":41350.75,"risk_band":"Moderate","source":"FEMA National Risk Index v1.20 (December 2025)"},"geometry":{"type":"Polygon","coordinates":[[[-81.868676,32.673305],[-81.767654,32.90935],[-81.5417333250364,33.0456858148391],[-81.538789,33.039185],[-81.529142,33.040812],[-81.522653,33.030789],[-81.511245,33.027786],[-81.519075,33.023196],[-81.510282,33.021233],[-81.51069,33.010315],[-81.504053,33.016253],[-81.492253,33.009342],[-81.50063,33.001955],[-81.491197,32.997824],[-81.496138,32.990913],[-81.499471,32.96478],[-81.510802,32.968525],[-81.510009,32.957326],[-81.499446,32.944988],[-81.502427,32.935353],[-81.483198,32.921802],[-81.487049,32.914772],[-81.480008,32.913444],[-81.480812,32.898614],[-81.472142,32.893814],[-81.471616,32.900005],[-81.464069,32.897814],[-81.465933,32.889452],[-81.4771,32.887469],[-81.479445,32.881082],[-81.470376,32.876267],[-81.465051,32.880896],[-81.45339,32.87388],[-81.455559,32.846508],[-81.460722,32.846038],[-81.451742,32.844765],[-81.444866,32.850967],[-81.43995,32.840362],[-81.434807,32.843538],[-81.421614,32.835178],[-81.421828,32.829265],[-81.429943,32.828246],[-81.421952,32.821466],[-81.427094,32.81687],[-81.417984,32.818196],[-81.426326,32.809928],[-81.422739,32.80199],[-81.428292,32.800832],[-81.4197,32.793227],[-81.427425,32.78832],[-81.42224,32.783986],[-81.431235,32.784141],[-81.414456,32.778149],[-81.43194,32.768911],[-81.417096,32.766088],[-81.417766,32.760222],[-81.411821,32.763122],[-81.414038,32.755423],[-81.408364,32.754686],[-81.419837,32.749797],[-81.405866,32.749144],[-81.404932,32.745559],[-81.413872,32.737477],[-81.412517,32.732432],[-81.418542,32.732586],[-81.417769,32.725074],[-81.409988,32.721863],[-81.420338,32.721051],[-81.41512,32.713669],[-81.425927,32.710037],[-81.427505,32.702242],[-81.412403,32.692095],[-81.409618,32.697046],[-81.401029,32.677494],[-81.403913,32.666877],[-81.397544,32.662591],[-81.400342,32.658488],[-81.407193,32.660519],[-81.393033,32.651543],[-81.412553,32.641523],[-81.402735,32.637031],[-81.408197,32.631307],[-81.414761,32.63744],[-81.418116,32.628349],[-81.3892612409816,32.5953827593042],[-81.538558,32.509059],[-81.548006,32.489286],[-81.578132,32.512259],[-81.599563,32.507633],[-81.606292,32.514595],[-81.616415,32.515697],[-81.617279,32.524943],[-81.629057,32.524189],[-81.628623,32.527851],[-81.63932,32.532513],[-81.648538,32.527684],[-81.656799,32.539977],[-81.661636,32.537086],[-81.677436,32.548367],[-81.689261,32.546227],[-81.707977,32.565838],[-81.713119,32.56346],[-81.729782,32.573956],[-81.733322,32.585766],[-81.741745,32.587851],[-81.754226,32.601988],[-81.761108,32.600445],[-81.768384,32.608058],[-81.777435,32.609341],[-81.791313,32.627357],[-81.799046,32.627166],[-81.802024,32.643203],[-81.827097,32.652641],[-81.845724,32.649597],[-81.865745,32.662761],[-81.868676,32.673305]]]}},{"type":"Feature","properties":{"GEOID":"13137","NAME":"Habersham","state":"GA","wildfire_risk_score":48.601,"wildfire_eal_total":43167.04,"risk_band":"Moderate","source":"FEMA National Risk Index v1.20 (December 2025)"},"geometry":{"type":"Polygon","coordinates":[[[-83.681596,34.800882],[-83.666366,34.807046],[-83.648681,34.82537],[-83.613084,34.822015],[-83.605522,34.827609],[-83.586897,34.819991],[-83.576248,34.795494],[-83.556473,34.784634],[-83.56221,34.781101],[-83.554794,34.765751],[-83.556808,34.757893],[-83.551765,34.750683],[-83.535133,34.747417],[-83.535477,34.739895],[-83.512788,34.731683],[-83.503487,34.734291],[-83.47893,34.72394],[-83.466774,34.733284],[-83.45034,34.734272],[-83.446075,34.743053],[-83.436119,34.742268],[-83.431221,34.747345],[-83.423729,34.744938],[-83.422989,34.736076],[-83.415726,34.732925],[-83.403662,34.728921],[-83.387382,34.737392],[-83.352323003113,34.7161716266489],[-83.346649,34.70422],[-83.352943,34.697056],[-83.338234,34.687187],[-83.365044,34.675308],[-83.45977,34.481142],[-83.537538,34.491725],[-83.552438,34.485839],[-83.585365,34.453029],[-83.6074,34.444008],[-83.615218,34.431712],[-83.666415,34.503602],[-83.662781,34.513538],[-83.632774,34.527187],[-83.630363,34.536308],[-83.616707,34.542515],[-83.621429,34.543789],[-83.616427,34.547307],[-83.620064,34.55204],[-83.615631,34.553593],[-83.635155,34.571056],[-83.638535,34.592892],[-83.645706,34.604998],[-83.646522,34.612209],[-83.638335,34.616908],[-83.638243,34.62238],[-83.647499,34.638859],[-83.665003,34.653284],[-83.654167,34.666737],[-83.645447,34.668804],[-83.648346,34.673134],[-83.640598,34.679913],[-83.636502,34.699599],[-83.639223,34.711432],[-83.623496,34.732594],[-83.625196,34.745994],[-83.632496,34.751894],[-83.628095,34.760494],[-83.633595,34.770694],[-83.646095,34.771794],[-83.669296,34.789193],[-83.674396,34.788093],[-83.681596,34.800882]]]}},{"type":"Feature","properties":{"GEOID":"13019","NAME":"Berrien","state":"GA","wildfire_risk_score":53.658,"wildfire_eal_total":41159.61,"risk_band":"Moderate","source":"FEMA National Risk Index v1.20 (December 2025)"},"geometry":{"type":"Polygon","coordinates":[[[-83.43901,31.318796],[-83.432505,31.332802],[-83.434704,31.348062],[-83.430229,31.350664],[-83.429901,31.363907],[-83.415322,31.363184],[-83.415196,31.375861],[-83.399925,31.376423],[-83.399511,31.389314],[-83.384996,31.388762],[-83.384793,31.401027],[-83.370888,31.401142],[-83.369514,31.465055],[-83.339187,31.465061],[-83.338728,31.475991],[-83.145587,31.472276],[-83.151087,31.461552],[-83.135927,31.43051],[-83.140014,31.426319],[-83.13987,31.400833],[-83.116341,31.388655],[-83.112434,31.370142],[-83.100403,31.354786],[-83.088049,31.351118],[-83.087007,31.346146],[-83.081618,31.349814],[-83.075603,31.347272],[-83.059567,31.329857],[-83.059011,31.304228],[-83.051587,31.301412],[-83.045622,31.291613],[-83.046988,31.282966],[-83.033468,31.275041],[-83.041828,31.264658],[-83.039344,31.254068],[-83.047767,31.240483],[-83.043926,31.235034],[-83.050719,31.232088],[-83.051952,31.225277],[-83.045222,31.220303],[-83.051878,31.207847],[-83.045239,31.194323],[-83.049315,31.176215],[-83.040016,31.16789],[-83.036369,31.151038],[-83.038246,31.146705],[-83.165072,31.147198],[-83.167368,31.062375],[-83.197876,31.06221],[-83.197971,31.025405],[-83.295052,31.027278],[-83.283512,31.040858],[-83.285187,31.051166],[-83.279781,31.063351],[-83.295986,31.070179],[-83.294574,31.079387],[-83.302212,31.083579],[-83.304155,31.091802],[-83.311927,31.090244],[-83.321935,31.097664],[-83.322471,31.118256],[-83.30468,31.14845],[-83.30452,31.156353],[-83.305611,31.167233],[-83.317759,31.172776],[-83.334182,31.191518],[-83.332181,31.215926],[-83.337435,31.225361],[-83.334215,31.241624],[-83.347569,31.252119],[-83.366156,31.249056],[-83.386591,31.25885],[-83.409405,31.286799],[-83.422313,31.295114],[-83.430554,31.294748],[-83.43901,31.318796]]]}},{"type":"Feature","properties":{"GEOID":"13209","NAME":"Montgomery","state":"GA","wildfire_risk_score":37.118,"wildfire_eal_total":15817.38,"risk_band":"Low","source":"FEMA National Risk Index v1.20 (December 2025)"},"geometry":{"type":"Polygon","coordinates":[[[-82.65581,32.301496],[-82.649104,32.311496],[-82.40913,32.353738],[-82.439128,32.292607],[-82.441124,32.217998],[-82.483131,31.968961],[-82.492393,31.968387],[-82.499496,31.960567],[-82.499206,31.957296],[-82.480811,31.957448],[-82.484039,31.951486],[-82.494491,31.948604],[-82.533097,31.961351],[-82.543655,31.958914],[-82.539184,31.966587],[-82.545982,31.980649],[-82.555451,31.979949],[-82.55874,31.992278],[-82.565516,31.989961],[-82.591659,32.008647],[-82.601417,32.021625],[-82.597488,32.02959],[-82.607505,32.032016],[-82.608978,32.038269],[-82.602104,32.046771],[-82.613815,32.060619],[-82.613044,32.070365],[-82.608398,32.072834],[-82.622985,32.082271],[-82.613044,32.0844],[-82.612647,32.095897],[-82.617217,32.101165],[-82.613265,32.100772],[-82.611305,32.106769],[-82.617393,32.105037],[-82.63036,32.130145],[-82.613593,32.149951],[-82.612876,32.161549],[-82.625968,32.168773],[-82.623504,32.174003],[-82.627685,32.177439],[-82.623771,32.182032],[-82.631225,32.180915],[-82.628486,32.186466],[-82.632324,32.195663],[-82.625327,32.206016],[-82.635726,32.220516],[-82.633804,32.23276],[-82.649154,32.24642],[-82.636634,32.269142],[-82.648208,32.276946],[-82.646026,32.284374],[-82.651473,32.286819],[-82.644256,32.290774],[-82.644697,32.295436],[-82.646324,32.292189],[-82.65581,32.301496]]]}},{"type":"Feature","properties":{"GEOID":"13285","NAME":"Troup","state":"GA","wildfire_risk_score":58.938,"wildfire_eal_total":64001.41,"risk_band":"High","source":"FEMA National Risk Index v1.20 (December 2025)"},"geometry":{"type":"Polygon","coordinates":[[[-85.2365086541145,33.1295615488779],[-85.117402,33.163654],[-85.11754,33.178496],[-85.107851,33.178458],[-85.10798,33.195098],[-85.097561,33.19509],[-85.097578,33.186628],[-85.087712,33.186588],[-85.088036,33.171701],[-85.059219,33.183152],[-85.044655,33.181978],[-85.040768,33.188302],[-84.939015,33.224693],[-84.862135,33.223858],[-84.862198,33.207541],[-84.871954,33.207433],[-84.869904,33.195662],[-84.862382,33.199143],[-84.861855,32.868617],[-85.099469,32.870154],[-85.099413,32.866647],[-85.108675,32.866656],[-85.108827,32.870237],[-85.18474,32.870527],[-85.2365086541145,33.1295615488779]]]}},{"type":"Feature","properties":{"GEOID":"13233","NAME":"Polk","state":"GA","wildfire_risk_score":71.501,"wildfire_eal_total":125073.78,"risk_band":"High","source":"FEMA National Risk Index v1.20 (December 2025)"},"geometry":{"type":"Polygon","coordinates":[[[-85.4218527741544,34.0808218531424],[-85.25807,34.079133],[-85.257624,34.100668],[-85.157361,34.097267],[-85.157521,34.083463],[-85.122472,34.083145],[-85.121958,34.096749],[-85.100694,34.096674],[-85.046871,34.096412],[-85.047046,34.082881],[-84.939087,34.082553],[-84.939043,34.078398],[-84.930043,34.078198],[-84.929943,34.082597],[-84.922742,34.082497],[-84.978683,33.951393],[-85.049833,33.952635],[-85.05031,33.904488],[-85.212774,33.906302],[-85.212791,33.899212],[-85.3864734721684,33.9017183318811],[-85.4218527741544,34.0808218531424]]]}},{"type":"Feature","properties":{"GEOID":"13047","NAME":"Catoosa","state":"GA","wildfire_risk_score":37.532,"wildfire_eal_total":24639.32,"risk_band":"Low","source":"FEMA National Risk Index v1.20 (December 2025)"},"geometry":{"type":"Polygon","coordinates":[[[-85.265055,34.985075],[-84.97986,34.987647],[-84.979661,34.972755],[-84.997432,34.972435],[-84.997874,34.940207],[-85.013806,34.911544],[-85.013873,34.900783],[-85.023392,34.900773],[-85.023299,34.871131],[-85.032737,34.871095],[-85.032727,34.863731],[-85.061647,34.863576],[-85.061648,34.819478],[-85.105349,34.819178],[-85.105449,34.812278],[-85.12275,34.812078],[-85.122649,34.819178],[-85.13175,34.819678],[-85.144789,34.767639],[-85.159869,34.767932],[-85.159819,34.775197],[-85.201856,34.77508],[-85.20218,34.854451],[-85.264762,34.854277],[-85.265055,34.985075]]]}},{"type":"Feature","properties":{"GEOID":"13295","NAME":"Walker","state":"GA","wildfire_risk_score":60.878,"wildfire_eal_total":86575.18,"risk_band":"High","source":"FEMA National Risk Index v1.20 (December 2025)"},"geometry":{"type":"Polygon","coordinates":[[[-85.5340893753704,34.6238579271308],[-85.490795,34.669449],[-85.49053,34.69911],[-85.461957,34.731771],[-85.459354,34.751639],[-85.450409,34.759241],[-85.450561,34.831677],[-85.43371,34.875077],[-85.374741,34.959654],[-85.363919,34.983375],[-85.265055,34.985075],[-85.264762,34.854277],[-85.20218,34.854451],[-85.201856,34.77508],[-85.159819,34.775197],[-85.159869,34.767932],[-85.144789,34.767639],[-85.168448,34.720228],[-85.050847,34.71998],[-85.050446,34.622482],[-85.06038,34.62245],[-85.060499,34.587184],[-85.353477,34.589256],[-85.352072,34.582469],[-85.359289,34.581969],[-85.371396,34.589305],[-85.527261,34.588683],[-85.5340893753704,34.6238579271308]]]}},{"type":"Feature","properties":{"GEOID":"13131","NAME":"Grady","state":"GA","wildfire_risk_score":62.723,"wildfire_eal_total":77744.32,"risk_band":"High","source":"FEMA National Risk Index v1.20 (December 2025)"},"geometry":{"type":"Polygon","coordinates":[[[-84.380208,30.726032],[-84.376612,31.078883],[-84.116644,31.077971],[-84.118846,30.970988],[-84.098454,30.936208],[-84.075829,30.911918],[-84.075878,30.886168],[-84.08057,30.875604],[-84.072944,30.865634],[-84.082524,30.85382],[-84.079471,30.844059],[-84.0837566721279,30.6758156394604],[-84.3807057284411,30.6899688310078],[-84.380208,30.726032]]]}},{"type":"Feature","properties":{"GEOID":"13253","NAME":"Seminole","state":"GA","wildfire_risk_score":35.973,"wildfire_eal_total":18694.53,"risk_band":"Low","source":"FEMA National Risk Index v1.20 (December 2025)"},"geometry":{"type":"Polygon","coordinates":[[[-85.0284731949453,31.0755261577669],[-84.730855,31.06919],[-84.731619,31.050087],[-84.742269,31.050096],[-84.742301,31.040921],[-84.752947,31.041212],[-84.755917,30.88527],[-84.766891,30.885312],[-84.769519,30.876393],[-84.76892,30.837089],[-84.789117,30.816484],[-84.78772,30.800389],[-84.80102,30.801389],[-84.81392,30.78139],[-84.837121,30.77849],[-84.839521,30.77309],[-84.849921,30.77219],[-84.851821,30.76349],[-84.861321,30.76149],[-84.859555,30.753028],[-84.867531,30.747672],[-84.871199,30.733816],[-84.8634604731142,30.7115058092673],[-84.896122,30.750591],[-84.913522,30.752291],[-84.920123,30.76599],[-84.918023,30.77809],[-84.928323,30.79309],[-84.928323,30.80509],[-84.937424,30.820889],[-84.935745,30.833961],[-84.925665,30.842685],[-84.936624,30.858988],[-84.932524,30.863188],[-84.939324,30.871488],[-84.9349,30.884528],[-84.966726,30.917287],[-84.971026,30.928187],[-84.983127,30.934786],[-84.979627,30.954686],[-84.982527,30.965586],[-85.005105,30.974704],[-84.999428,31.013843],[-85.009409,31.032378],[-85.011392,31.053546],[-85.0284731949453,31.0755261577669]]]}},{"type":"Feature","properties":{"GEOID":"13061","NAME":"Clay","state":"GA","wildfire_risk_score":36.8,"wildfire_eal_total":11840.17,"risk_band":"Low","source":"FEMA National Risk Index v1.20 (December 2025)"},"geometry":{"type":"Polygon","coordinates":[[[-85.1409509602038,31.7804602723125],[-85.073829,31.779063],[-85.073941,31.771441],[-85.026627,31.770963],[-85.026527,31.778862],[-84.95864,31.777854],[-84.959324,31.713378],[-84.949381,31.713401],[-84.949784,31.679914],[-84.940546,31.679856],[-84.94064,31.672289],[-84.930998,31.672309],[-84.931349,31.655425],[-84.942511,31.655552],[-84.942353,31.618669],[-84.817843,31.619771],[-84.818006,31.601963],[-84.827945,31.601883],[-84.828062,31.592483],[-84.818152,31.593176],[-84.818403,31.56573],[-84.799134,31.565253],[-84.81018,31.556483],[-84.810309,31.54769],[-84.818935,31.5479],[-84.819555,31.530913],[-84.809999,31.530828],[-84.80796,31.514383],[-84.819915,31.514381],[-84.819807,31.501192],[-84.937801,31.503266],[-84.959875,31.492773],[-84.971427,31.497312],[-84.98634,31.488856],[-85.029227,31.486071],[-85.029468,31.518562],[-85.045495582904,31.5171292698553],[-85.048263,31.526012],[-85.041881,31.544684],[-85.05796,31.57084],[-85.057473,31.618624],[-85.084503,31.639026],[-85.079925,31.655287],[-85.092429,31.659966],[-85.12553,31.694965],[-85.12653,31.716764],[-85.11893,31.732664],[-85.129231,31.758663],[-85.12523,31.767063],[-85.1409509602038,31.7804602723125]]]}},{"type":"Feature","properties":{"GEOID":"13045","NAME":"Carroll","state":"GA","wildfire_risk_score":78.658,"wildfire_eal_total":391063.92,"risk_band":"High","source":"FEMA National Risk Index v1.20 (December 2025)"},"geometry":{"type":"Polygon","coordinates":[[[-85.3382006083928,33.6531163257259],[-85.289742,33.652087],[-85.139027,33.700017],[-85.129441,33.699778],[-85.129688,33.691423],[-85.114985,33.691348],[-85.066469,33.710697],[-85.066544,33.714968],[-85.050889,33.714632],[-85.049031,33.812322],[-84.971203,33.799617],[-84.901688,33.780703],[-84.902331,33.730599],[-84.910852,33.730962],[-84.911039,33.724632],[-84.901563,33.721991],[-84.905788,33.573378],[-84.809181,33.574073],[-84.824715,33.563426],[-84.833172,33.547099],[-84.81488,33.521956],[-84.828054,33.513376],[-84.84913,33.513077],[-84.85529,33.495947],[-84.877543,33.491667],[-84.902467,33.475848],[-84.908788,33.469191],[-84.909346,33.459533],[-84.919195,33.455651],[-84.9213,33.445267],[-84.937426,33.436753],[-84.954457,33.439318],[-84.981925,33.457344],[-84.988757,33.453581],[-84.986542,33.441287],[-85.012461,33.430542],[-85.015358,33.425506],[-85.2939021634333,33.4280793192012],[-85.3382006083928,33.6531163257259]]]}},{"type":"Feature","properties":{"GEOID":"13073","NAME":"Columbia","state":"GA","wildfire_risk_score":65.235,"wildfire_eal_total":170877.22,"risk_band":"High","source":"FEMA National Risk Index v1.20 (December 2025)"},"geometry":{"type":"Polygon","coordinates":[[[-82.442846,33.631561],[-82.438033,33.641545],[-82.424957,33.647289],[-82.423108,33.656081],[-82.413541,33.654567],[-82.412514,33.666351],[-82.407472,33.66496],[-82.402803,33.67183],[-82.394998,33.664209],[-82.394137,33.672517],[-82.372727,33.675435],[-82.369214,33.683043],[-82.360698,33.675476],[-82.36133,33.684352],[-82.351492,33.682854],[-82.352596,33.695578],[-82.343469,33.688062],[-82.329049,33.697676],[-82.30588,33.70058],[-82.271239,33.682387],[-82.240657,33.693302],[-82.228264,33.685961],[-82.218649,33.686299],[-82.210826,33.670604],[-82.199847,33.661758],[-82.196583,33.630582],[-82.179854,33.615945],[-82.156288,33.60863],[-82.148816,33.598092],[-82.133523,33.590535],[-82.10624,33.595637],[-82.094128,33.582742],[-82.046335,33.56383],[-82.028238,33.544934],[-82.294179,33.354635],[-82.309598,33.365563],[-82.3312,33.398445],[-82.339215,33.402245],[-82.335971,33.41956],[-82.364184,33.45068],[-82.375258,33.456026],[-82.384762,33.467281],[-82.383204,33.477651],[-82.399129,33.492531],[-82.402385,33.516481],[-82.384924,33.52995],[-82.436814,33.549658],[-82.434222,33.567068],[-82.422842,33.576141],[-82.412701,33.597596],[-82.432988,33.608147],[-82.430337,33.618623],[-82.442846,33.631561]]]}},{"type":"Feature","properties":{"GEOID":"13291","NAME":"Union","state":"GA","wildfire_risk_score":71.883,"wildfire_eal_total":134987.53,"risk_band":"High","source":"FEMA National Risk Index v1.20 (December 2025)"},"geometry":{"type":"Polygon","coordinates":[[[-84.179086,34.951462],[-84.1294520756424,34.9875038108939],[-83.936427258766,34.9874845938068],[-83.945995,34.970551],[-83.926859,34.955661],[-83.917276,34.941469],[-83.918608,34.929934],[-83.914919,34.926975],[-83.865808,34.914691],[-83.856468,34.898853],[-83.832971,34.899594],[-83.833159,34.906228],[-83.840082,34.909566],[-83.819608,34.913776],[-83.812244,34.908826],[-83.805056,34.896561],[-83.811387,34.874364],[-83.809294,34.860435],[-83.791339,34.843686],[-83.796228,34.826489],[-83.7808,34.818492],[-83.780346,34.792905],[-83.825903,34.778507],[-83.830735,34.765901],[-83.825109,34.743382],[-83.829615,34.739627],[-83.829401,34.730897],[-83.839547,34.725592],[-83.856506,34.722191],[-83.869794,34.727389],[-83.877427,34.723304],[-83.921509,34.737491],[-83.947243,34.738125],[-83.984581,34.714245],[-83.994412,34.67879],[-84.023857,34.670853],[-84.030824,34.652229],[-84.038517,34.651733],[-84.036276,34.642087],[-84.045449,34.640552],[-84.06765,34.648003],[-84.071159,34.656845],[-84.088925,34.651351],[-84.124914,34.664419],[-84.137054,34.66098],[-84.137932,34.652992],[-84.146321,34.646587],[-84.151815,34.651273],[-84.158035,34.648243],[-84.10363,34.727837],[-84.09317,34.727779],[-84.093193,34.801411],[-84.124241,34.796083],[-84.141727,34.807335],[-84.147347,34.844774],[-84.142467,34.854044],[-84.11374,34.870369],[-84.107519,34.887083],[-84.114607,34.889717],[-84.133545,34.916473],[-84.16082,34.9269],[-84.163266,34.936142],[-84.171684,34.937904],[-84.179086,34.951462]]]}},{"type":"Feature","properties":{"GEOID":"13087","NAME":"Decatur","state":"GA","wildfire_risk_score":63.995,"wildfire_eal_total":72637.51,"risk_band":"High","source":"FEMA National Risk Index v1.20 (December 2025)"},"geometry":{"type":"Polygon","coordinates":[[[-84.871199,30.733816],[-84.867531,30.747672],[-84.859555,30.753028],[-84.861321,30.76149],[-84.851821,30.76349],[-84.849921,30.77219],[-84.839521,30.77309],[-84.835322,30.77919],[-84.81392,30.78139],[-84.80102,30.801389],[-84.78772,30.800389],[-84.789117,30.816484],[-84.76892,30.837089],[-84.769519,30.876393],[-84.766891,30.885312],[-84.755917,30.88527],[-84.752947,31.041212],[-84.742301,31.040921],[-84.742269,31.050096],[-84.731619,31.050087],[-84.730855,31.06919],[-84.645793,31.06801],[-84.644678,31.079504],[-84.376612,31.078883],[-84.3807057284411,30.6899688310078],[-84.8634604731142,30.7115058092673],[-84.871199,30.733816]]]}},{"type":"Feature","properties":{"GEOID":"13281","NAME":"Towns","state":"GA","wildfire_risk_score":53.753,"wildfire_eal_total":37051.28,"risk_band":"Moderate","source":"FEMA National Risk Index v1.20 (December 2025)"},"geometry":{"type":"Polygon","coordinates":[[[-83.946177,34.972873],[-83.936427258766,34.9874845938068],[-83.619985,34.986592],[-83.620185,34.992091],[-83.549381,34.992492],[-83.546883,34.946492],[-83.601753,34.938041],[-83.599503,34.921766],[-83.593222,34.921549],[-83.597094,34.913682],[-83.626589,34.910092],[-83.63059,34.894492],[-83.645223,34.891402],[-83.650049,34.881016],[-83.656672,34.878602],[-83.654916,34.865586],[-83.661672,34.848157],[-83.659088,34.830275],[-83.652194,34.822993],[-83.666366,34.807046],[-83.704339,34.791328],[-83.74275,34.801409],[-83.780346,34.792905],[-83.7808,34.818492],[-83.796228,34.826489],[-83.791339,34.843686],[-83.809294,34.860435],[-83.811387,34.874364],[-83.805056,34.896561],[-83.812244,34.908826],[-83.819608,34.913776],[-83.840082,34.909566],[-83.833159,34.906228],[-83.832971,34.899594],[-83.856468,34.898853],[-83.865808,34.914691],[-83.918215,34.929136],[-83.917276,34.941469],[-83.946177,34.972873]]]}},{"type":"Feature","properties":{"GEOID":"13119","NAME":"Franklin","state":"GA","wildfire_risk_score":27.608,"wildfire_eal_total":9499.62,"risk_band":"Low","source":"FEMA National Risk Index v1.20 (December 2025)"},"geometry":{"type":"Polygon","coordinates":[[[-83.398049,34.460998],[-83.373054,34.470216],[-83.177838,34.477017],[-83.1032564413114,34.5366582495709],[-83.102852,34.532574],[-83.084855,34.530967],[-83.077782,34.524063],[-83.087189,34.515939],[-83.079842,34.514454],[-83.069451,34.502131],[-83.054463,34.50289],[-83.0514253854757,34.4939187486955],[-83.094093,34.416073],[-83.107063,34.344669],[-83.094711,34.347023],[-83.105934,34.278912],[-83.172745,34.238522],[-83.202827,34.248337],[-83.208992,34.244034],[-83.236679,34.248142],[-83.237022,34.242382],[-83.250426,34.243458],[-83.273073,34.248901],[-83.276944,34.254587],[-83.286491,34.253311],[-83.297584,34.264572],[-83.328344,34.248899],[-83.355269,34.22374],[-83.350662,34.234793],[-83.343169,34.23909],[-83.338132,34.262054],[-83.393915,34.324801],[-83.379711,34.410688],[-83.382557,34.429043],[-83.398049,34.460998]]]}},{"type":"Feature","properties":{"GEOID":"13149","NAME":"Heard","state":"GA","wildfire_risk_score":51.59,"wildfire_eal_total":32513.61,"risk_band":"Moderate","source":"FEMA National Risk Index v1.20 (December 2025)"},"geometry":{"type":"Polygon","coordinates":[[[-85.2939021634333,33.4280793192012],[-85.015358,33.425506],[-84.958646,33.277053],[-84.958583,33.282365],[-84.948815,33.282277],[-84.94881,33.265653],[-84.954578,33.265608],[-84.939015,33.224693],[-85.040768,33.188302],[-85.044655,33.181978],[-85.059219,33.183152],[-85.088036,33.171701],[-85.087712,33.186588],[-85.097578,33.186628],[-85.097561,33.19509],[-85.10798,33.195098],[-85.107851,33.178458],[-85.11754,33.178496],[-85.117402,33.163654],[-85.2365086541145,33.1295615488779],[-85.2939021634333,33.4280793192012]]]}},{"type":"Feature","properties":{"GEOID":"13057","NAME":"Cherokee","state":"GA","wildfire_risk_score":58.779,"wildfire_eal_total":107684.2,"risk_band":"High","source":"FEMA National Risk Index v1.20 (December 2025)"},"geometry":{"type":"Polygon","coordinates":[[[-84.658935,34.09103],[-84.653998,34.346934],[-84.644684,34.34683],[-84.644293,34.355168],[-84.654038,34.355176],[-84.653232,34.41259],[-84.58283,34.412191],[-84.58263,34.381492],[-84.442326,34.380392],[-84.442126,34.388192],[-84.424523,34.387994],[-84.424526,34.380593],[-84.400724,34.380492],[-84.400774,34.373266],[-84.392224,34.373292],[-84.392124,34.380692],[-84.257586,34.380992],[-84.259019,34.185918],[-84.328639,34.186166],[-84.338602,34.178147],[-84.356167,34.174302],[-84.360755,34.161828],[-84.357068,34.155395],[-84.361577,34.124701],[-84.388255,34.119395],[-84.399541,34.109666],[-84.418428,34.109043],[-84.418926,34.073539],[-84.511506,34.075268],[-84.511484,34.079205],[-84.515874,34.075304],[-84.615382,34.077465],[-84.615301,34.081608],[-84.624215,34.081779],[-84.624277,34.0776],[-84.659241,34.07824],[-84.658935,34.09103]]]}},{"type":"Feature","properties":{"GEOID":"13129","NAME":"Gordon","state":"GA","wildfire_risk_score":54.739,"wildfire_eal_total":64831.41,"risk_band":"Moderate","source":"FEMA National Risk Index v1.20 (December 2025)"},"geometry":{"type":"Polygon","coordinates":[[[-85.111401,34.463379],[-85.090067,34.463527],[-85.089997,34.541915],[-85.063507,34.542548],[-85.064169,34.574885],[-85.069295,34.575035],[-85.069159,34.587184],[-85.060499,34.587184],[-85.06038,34.62245],[-85.050446,34.622482],[-85.050448,34.615983],[-84.926362,34.615719],[-84.927876,34.625403],[-84.908299,34.634061],[-84.90825,34.615789],[-84.863908,34.615759],[-84.863793,34.608597],[-84.779654,34.608322],[-84.779065,34.61294],[-84.766579,34.615455],[-84.746781,34.609818],[-84.744625,34.623837],[-84.716498,34.6229],[-84.714383,34.605094],[-84.722796,34.605049],[-84.723069,34.612774],[-84.731289,34.612726],[-84.731221,34.598613],[-84.70554,34.598456],[-84.705263,34.590767],[-84.682004,34.589835],[-84.681962,34.583335],[-84.654523,34.583187],[-84.653291,34.463197],[-84.644532,34.462989],[-84.644432,34.455789],[-84.653733,34.455789],[-84.653232,34.41259],[-84.733878,34.412968],[-84.734118,34.396495],[-84.947219,34.398893],[-84.947344,34.391543],[-84.955727,34.391823],[-84.9539,34.384192],[-84.988793,34.384578],[-84.990882,34.392473],[-85.023888,34.391788],[-85.031709,34.401353],[-85.104444,34.404278],[-85.10612,34.416863],[-85.088712,34.42502],[-85.111401,34.463379]]]}},{"type":"Feature","properties":{"GEOID":"13231","NAME":"Pike","state":"GA","wildfire_risk_score":33.651,"wildfire_eal_total":15901.54,"risk_band":"Low","source":"FEMA National Risk Index v1.20 (December 2025)"},"geometry":{"type":"Polygon","coordinates":[[[-84.537661,33.013133],[-84.533197,33.028208],[-84.536107,33.040169],[-84.5276,33.044156],[-84.523474,33.053939],[-84.52515,33.078463],[-84.517362,33.081683],[-84.512979,33.078373],[-84.510797,33.084055],[-84.522519,33.094637],[-84.5278,33.091935],[-84.528555,33.098363],[-84.518671,33.101351],[-84.518114,33.122481],[-84.510937,33.12628],[-84.517726,33.141562],[-84.50736,33.154491],[-84.507618,33.174669],[-84.493112,33.186298],[-84.481302,33.18846],[-84.473497,33.201909],[-84.458818,33.201093],[-84.451336,33.208889],[-84.393467,33.208311],[-84.39363,33.200271],[-84.373141,33.20036],[-84.373685,33.189625],[-84.248185,33.189019],[-84.248659,33.03933],[-84.258853,33.039681],[-84.259056,33.031518],[-84.269169,33.031438],[-84.27014,32.991011],[-84.289102,32.991326],[-84.292935,32.999451],[-84.298665,32.999671],[-84.298723,32.99147],[-84.489708,32.993729],[-84.501935,32.982979],[-84.499377,32.9795],[-84.505721,32.972551],[-84.524338,32.968657],[-84.52702,32.970548],[-84.521606,32.976138],[-84.529371,32.983441],[-84.531248,32.993656],[-84.526977,33.000113],[-84.537661,33.013133]],[[-84.298665,32.999671],[-84.298673,33.00414],[-84.302745,33.00415],[-84.302743,32.999696],[-84.298665,32.999671]]]}},{"type":"Feature","properties":{"GEOID":"13011","NAME":"Banks","state":"GA","wildfire_risk_score":24.396,"wildfire_eal_total":11147.33,"risk_band":"Low","source":"FEMA National Risk Index v1.20 (December 2025)"},"geometry":{"type":"Polygon","coordinates":[[[-83.669155,34.366946],[-83.660048,34.379761],[-83.655563,34.399746],[-83.645429,34.406428],[-83.64251,34.41547],[-83.623212,34.419317],[-83.6074,34.444008],[-83.584812,34.453413],[-83.552438,34.485839],[-83.537538,34.491725],[-83.45843,34.483933],[-83.416214,34.469144],[-83.396707,34.460639],[-83.382557,34.429043],[-83.379711,34.410688],[-83.393915,34.324801],[-83.338132,34.262054],[-83.343169,34.23909],[-83.350662,34.234793],[-83.367909,34.209143],[-83.402428,34.197499],[-83.479531,34.260693],[-83.48875,34.256368],[-83.494827,34.261236],[-83.502499,34.256457],[-83.561521,34.252712],[-83.615811,34.29104],[-83.625571,34.306464],[-83.644605,34.315504],[-83.649128,34.320405],[-83.651436,34.349056],[-83.669155,34.366946]]]}},{"type":"Feature","properties":{"GEOID":"13167","NAME":"Johnson","state":"GA","wildfire_risk_score":45.515,"wildfire_eal_total":21754.53,"risk_band":"Moderate","source":"FEMA National Risk Index v1.20 (December 2025)"},"geometry":{"type":"Polygon","coordinates":[[[-82.956166,32.712159],[-82.947263,32.736554],[-82.946966,32.759358],[-82.802456,32.809756],[-82.798505,32.802892],[-82.77536,32.794871],[-82.768568,32.769077],[-82.711358,32.783959],[-82.680757,32.79676],[-82.666957,32.782859],[-82.609774,32.797815],[-82.560555,32.820056],[-82.521052,32.822356],[-82.473251,32.777558],[-82.452298,32.765815],[-82.434149,32.762258],[-82.452189,32.729699],[-82.452751,32.71926],[-82.470763,32.710608],[-82.499431,32.68634],[-82.490315,32.662035],[-82.463854,32.647236],[-82.492924,32.634046],[-82.498921,32.642733],[-82.517717,32.633677],[-82.512002,32.625163],[-82.594439,32.579158],[-82.591186,32.557691],[-82.564358,32.532449],[-82.585322,32.52523],[-82.593375,32.535103],[-82.597855,32.532866],[-82.602563,32.509473],[-82.602955,32.521467],[-82.629356,32.520566],[-82.647733,32.512507],[-82.674457,32.523866],[-82.668557,32.612164],[-82.794538,32.66023],[-82.785782,32.6867],[-82.862763,32.71576],[-82.957066,32.708318],[-82.956166,32.712159]]]}},{"type":"Feature","properties":{"GEOID":"13299","NAME":"Ware","state":"GA","wildfire_risk_score":73.728,"wildfire_eal_total":176203.72,"risk_band":"High","source":"FEMA National Risk Index v1.20 (December 2025)"},"geometry":{"type":"Polygon","coordinates":[[[-82.699206,31.278104],[-82.663584,31.287913],[-82.637855,31.277694],[-82.638828,31.274504],[-82.629622,31.274726],[-82.628181,31.469324],[-82.494718,31.46869],[-82.49365,31.442892],[-82.481438,31.443075],[-82.48146,31.417534],[-82.417246,31.417119],[-82.417412,31.404988],[-82.402561,31.404835],[-82.402554,31.390866],[-82.416985,31.390862],[-82.416987,31.378856],[-82.402631,31.378775],[-82.402633,31.364986],[-82.389451,31.364905],[-82.387212,31.297109],[-82.383705,31.291143],[-82.36718,31.285339],[-82.368667,31.2768],[-82.359169,31.272486],[-82.362213,31.269489],[-82.350723,31.255634],[-82.340545,31.25227],[-82.333107,31.241676],[-82.318527,31.236856],[-82.314685,31.225855],[-82.284561,31.224449],[-82.284256,31.192196],[-82.24987,31.18191],[-82.23043,31.168581],[-82.208732,31.170938],[-82.208262,31.084768],[-82.163566,31.048559],[-82.131698,31.010714],[-82.415603,31.01359],[-82.420442,30.795229],[-82.17816,30.790953],[-82.149872,30.784336],[-82.2148183445215,30.5685167039726],[-82.4189153644581,30.5817450619594],[-82.418793,30.613132],[-82.430862,30.612848],[-82.428902,30.690317],[-82.435112,30.716566],[-82.41999,30.716637],[-82.420128,30.729198],[-82.435242,30.729149],[-82.435852,30.820068],[-82.495476,30.819553],[-82.490558,30.963166],[-82.520124,30.963132],[-82.552144,31.001822],[-82.592071,31.018487],[-82.689705,31.221379],[-82.70105,31.223217],[-82.699206,31.278104]]]}},{"type":"Feature","properties":{"GEOID":"13085","NAME":"Dawson","state":"GA","wildfire_risk_score":33.461,"wildfire_eal_total":21623.87,"risk_band":"Low","source":"FEMA National Risk Index v1.20 (December 2025)"},"geometry":{"type":"Polygon","coordinates":[[[-84.345749,34.567038],[-84.331505,34.572529],[-84.336456,34.579296],[-84.326393,34.583633],[-84.31324,34.577705],[-84.304489,34.580341],[-84.293083,34.569248],[-84.278877,34.569611],[-84.276009,34.573704],[-84.255328,34.568318],[-84.254677,34.597496],[-84.223907,34.596992],[-84.214354,34.609724],[-84.196754,34.617924],[-84.187153,34.599256],[-84.19104,34.539181],[-84.115358,34.473277],[-84.101135,34.471272],[-84.106675,34.465852],[-83.980649,34.418389],[-83.984365,34.410755],[-83.979247,34.411528],[-83.971522,34.401784],[-83.984332,34.382959],[-83.977223,34.379235],[-83.980862,34.368739],[-83.97618,34.362838],[-83.981433,34.357829],[-83.976238,34.356576],[-83.966853,34.339629],[-83.960172,34.342713],[-83.957077,34.334011],[-84.258075,34.335156],[-84.256867,34.467327],[-84.319679,34.467857],[-84.345659,34.54841],[-84.345749,34.567038]]]}},{"type":"Feature","properties":{"GEOID":"13227","NAME":"Pickens","state":"GA","wildfire_risk_score":59.828,"wildfire_eal_total":83269.12,"risk_band":"High","source":"FEMA National Risk Index v1.20 (December 2025)"},"geometry":{"type":"Polygon","coordinates":[[[-84.654056,34.548951],[-84.52139,34.550463],[-84.520379,34.556675],[-84.511694,34.556748],[-84.51152,34.563646],[-84.50261,34.563681],[-84.502812,34.550476],[-84.476727,34.550128],[-84.476532,34.556651],[-84.485661,34.556705],[-84.485798,34.563267],[-84.467989,34.563488],[-84.467863,34.549967],[-84.432427,34.549441],[-84.428712,34.557495],[-84.424397,34.557413],[-84.424556,34.549332],[-84.371352,34.548495],[-84.371496,34.562912],[-84.345553,34.562735],[-84.345659,34.54841],[-84.319679,34.467857],[-84.256867,34.467327],[-84.257586,34.380992],[-84.392124,34.380692],[-84.392224,34.373292],[-84.400774,34.373266],[-84.400724,34.380492],[-84.424526,34.380593],[-84.424523,34.387994],[-84.442126,34.388192],[-84.442326,34.380392],[-84.58263,34.381492],[-84.58283,34.412191],[-84.653232,34.41259],[-84.653733,34.455789],[-84.644432,34.455789],[-84.644532,34.462989],[-84.653291,34.463197],[-84.654056,34.548951]]]}},{"type":"Feature","properties":{"GEOID":"13125","NAME":"Glascock","state":"GA","wildfire_risk_score":29.866,"wildfire_eal_total":11195.59,"risk_band":"Low","source":"FEMA National Risk Index v1.20 (December 2025)"},"geometry":{"type":"Polygon","coordinates":[[[-82.755211,33.254728],[-82.733498,33.256242],[-82.702577,33.272883],[-82.678406,33.274248],[-82.645593,33.301448],[-82.598977,33.312686],[-82.590727,33.321707],[-82.559753,33.32727],[-82.431957,33.27483],[-82.584942,33.171453],[-82.583504,33.161346],[-82.573898,33.153912],[-82.579758,33.140476],[-82.576973,33.124626],[-82.582714,33.118949],[-82.601135,33.124899],[-82.640184,33.12551],[-82.641851,33.121267],[-82.661917,33.126331],[-82.672022,33.134995],[-82.68395,33.135703],[-82.692919,33.146116],[-82.702275,33.145975],[-82.719041,33.17005],[-82.739483,33.174368],[-82.741146,33.196272],[-82.733438,33.208123],[-82.741811,33.214795],[-82.735528,33.217343],[-82.737136,33.222425],[-82.744312,33.225234],[-82.740909,33.232041],[-82.748311,33.238348],[-82.746721,33.247224],[-82.755211,33.254728]]]}},{"type":"Feature","properties":{"GEOID":"13273","NAME":"Terrell","state":"GA","wildfire_risk_score":41.508,"wildfire_eal_total":21253.27,"risk_band":"Low","source":"FEMA National Risk Index v1.20 (December 2025)"},"geometry":{"type":"Polygon","coordinates":[[[-84.602816,31.780698],[-84.599776,31.920171],[-84.45331,31.919224],[-84.453122,31.926349],[-84.445248,31.926133],[-84.443807,31.967456],[-84.431954,31.951503],[-84.403231,31.934857],[-84.398161,31.925656],[-84.383367,31.916938],[-84.380437,31.908332],[-84.357615,31.885156],[-84.340286,31.87281],[-84.293133,31.864881],[-84.289999,31.857016],[-84.276832,31.850592],[-84.277522,31.841744],[-84.259611,31.827865],[-84.26449,31.812401],[-84.2585,31.79076],[-84.286456,31.791182],[-84.287162,31.750169],[-84.293668,31.749794],[-84.295416,31.698098],[-84.304927,31.698231],[-84.305204,31.691058],[-84.295641,31.690986],[-84.297801,31.621951],[-84.546854,31.621199],[-84.536117,31.646096],[-84.540212,31.666132],[-84.535096,31.679021],[-84.547289,31.704465],[-84.546877,31.712421],[-84.554972,31.721139],[-84.570314,31.756858],[-84.563167,31.770605],[-84.603086,31.772001],[-84.602816,31.780698]],[[-84.305204,31.691058],[-84.314317,31.69115],[-84.314612,31.68317],[-84.305511,31.68317],[-84.305204,31.691058]]]}},{"type":"Feature","properties":{"GEOID":"13173","NAME":"Lanier","state":"GA","wildfire_risk_score":42.112,"wildfire_eal_total":25809.68,"risk_band":"Moderate","source":"FEMA National Risk Index v1.20 (December 2025)"},"geometry":{"type":"Polygon","coordinates":[[[-83.197763,31.057204],[-83.197876,31.06221],[-83.167368,31.062375],[-83.165072,31.147198],[-83.038246,31.146705],[-83.040016,31.16789],[-83.049315,31.176215],[-83.050093,31.183571],[-82.971247,31.183988],[-82.971336,30.869392],[-82.982155,30.872249],[-82.991997,30.861729],[-83.007118,30.85914],[-83.013962,30.844709],[-83.025224,30.852011],[-83.02037,30.904337],[-83.02695,30.905969],[-83.027732,30.915184],[-83.036369,30.916011],[-83.032067,30.922455],[-83.040335,30.926933],[-83.036346,30.932551],[-83.042483,30.937707],[-83.042924,30.947296],[-83.179465,30.950128],[-83.180622,31.025488],[-83.197971,31.025405],[-83.197763,31.057204]]]}},{"type":"Feature","properties":{"GEOID":"13169","NAME":"Jones","state":"GA","wildfire_risk_score":60.146,"wildfire_eal_total":76124.13,"risk_band":"High","source":"FEMA National Risk Index v1.20 (December 2025)"},"geometry":{"type":"Polygon","coordinates":[[[-83.816529,33.13069],[-83.640627,33.158595],[-83.42909,33.185352],[-83.414997,33.112833],[-83.357685,32.926141],[-83.523421,32.841291],[-83.56507,32.877164],[-83.579323,32.865781],[-83.598187,32.887836],[-83.658601,32.887836],[-83.663301,32.898736],[-83.696017,32.91687],[-83.700551,32.943976],[-83.710685,32.952792],[-83.706093,32.964391],[-83.72295,32.977328],[-83.724637,32.993575],[-83.718982,33.001079],[-83.729647,33.013565],[-83.721212,33.023364],[-83.72537,33.032666],[-83.737309,33.043866],[-83.747004,33.063373],[-83.774468,33.079703],[-83.781052,33.092516],[-83.794807,33.104351],[-83.799014,33.116578],[-83.816362,33.124563],[-83.816529,33.13069]]]}},{"type":"Feature","properties":{"GEOID":"13199","NAME":"Meriwether","state":"GA","wildfire_risk_score":44.688,"wildfire_eal_total":23046.06,"risk_band":"Moderate","source":"FEMA National Risk Index v1.20 (December 2025)"},"geometry":{"type":"Polygon","coordinates":[[[-84.864624,32.968497],[-84.862359,33.191173],[-84.852304,33.191043],[-84.85236,33.22359],[-84.703322,33.222823],[-84.703213,33.231178],[-84.693977,33.231253],[-84.694028,33.222973],[-84.674613,33.222735],[-84.669344,33.230785],[-84.654604,33.230709],[-84.652694,33.222531],[-84.500585,33.218958],[-84.498443,33.201648],[-84.490539,33.197586],[-84.496812,33.191998],[-84.496759,33.183333],[-84.507618,33.174669],[-84.50736,33.154491],[-84.517726,33.141562],[-84.510833,33.130965],[-84.518114,33.122481],[-84.51819,33.102539],[-84.528555,33.098363],[-84.5278,33.091935],[-84.522519,33.094637],[-84.510797,33.084055],[-84.512979,33.078373],[-84.517362,33.081683],[-84.52515,33.078463],[-84.523474,33.053939],[-84.5276,33.044156],[-84.536107,33.040169],[-84.533197,33.028208],[-84.537971,33.011367],[-84.526977,33.000113],[-84.5304,32.985917],[-84.521606,32.976138],[-84.534397,32.964191],[-84.524443,32.960548],[-84.519335,32.952379],[-84.522349,32.933906],[-84.52799,32.927897],[-84.524428,32.920851],[-84.527016,32.915145],[-84.511594,32.91234],[-84.507058,32.877467],[-84.570669,32.845179],[-84.700538,32.84464],[-84.751461,32.862704],[-84.751338,32.8692],[-84.84759,32.86837],[-84.847692,32.872436],[-84.861768,32.872495],[-84.864624,32.968497]]]}},{"type":"Feature","properties":{"GEOID":"13177","NAME":"Lee","state":"GA","wildfire_risk_score":60.21,"wildfire_eal_total":107760.23,"risk_band":"High","source":"FEMA National Risk Index v1.20 (December 2025)"},"geometry":{"type":"MultiPolygon","coordinates":[[[[-84.314317,31.69115],[-84.305204,31.691058],[-84.305511,31.68317],[-84.314612,31.68317],[-84.314317,31.69115]]],[[[-84.338143,31.91619],[-83.922494,31.909653],[-83.932021,31.898759],[-83.928689,31.886864],[-83.934061,31.88139],[-83.926524,31.863292],[-83.936736,31.858043],[-83.939437,31.847929],[-83.94583,31.849493],[-83.959084,31.834448],[-83.968367,31.833534],[-83.979757,31.812444],[-83.976884,31.803329],[-83.988155,31.806857],[-84.008905,31.800575],[-84.006347,31.790722],[-83.991593,31.784877],[-83.9943,31.778157],[-83.986207,31.766396],[-83.992173,31.75815],[-84.003496,31.754596],[-84.00762,31.735516],[-84.032692,31.716265],[-84.025623,31.710022],[-84.019608,31.692482],[-84.02206,31.683805],[-84.012401,31.663039],[-84.016597,31.651511],[-84.034053,31.643214],[-84.043213,31.623573],[-84.297801,31.621951],[-84.295641,31.690986],[-84.305204,31.691058],[-84.304927,31.698231],[-84.295416,31.698098],[-84.293668,31.749794],[-84.287162,31.750169],[-84.286456,31.791182],[-84.2585,31.79076],[-84.26449,31.812401],[-84.259611,31.827865],[-84.277522,31.841744],[-84.276832,31.850592],[-84.289999,31.857016],[-84.293133,31.864881],[-84.338245,31.873591],[-84.338143,31.91619]]]]}},{"type":"Feature","properties":{"GEOID":"13071","NAME":"Colquitt","state":"GA","wildfire_risk_score":68.989,"wildfire_eal_total":112220.05,"risk_band":"High","source":"FEMA National Risk Index v1.20 (December 2025)"},"geometry":{"type":"Polygon","coordinates":[[[-84.013858,31.103568],[-84.013737,31.111843],[-84.002977,31.11189],[-83.99943,31.334966],[-83.759086,31.332225],[-83.758934,31.318954],[-83.714134,31.318365],[-83.713867,31.331652],[-83.512607,31.327405],[-83.515297,31.302349],[-83.505562,31.269005],[-83.513611,31.232857],[-83.508071,31.222122],[-83.512588,31.216054],[-83.509961,31.205972],[-83.520217,31.199236],[-83.529015,31.183249],[-83.540547,31.179187],[-83.543492,31.147986],[-83.555915,31.14451],[-83.557331,31.110501],[-83.569375,31.097744],[-83.568229,31.088351],[-83.576651,31.084614],[-83.573959,31.033875],[-83.78083,31.038502],[-83.781148,31.025846],[-83.796067,31.026003],[-83.795731,31.038733],[-84.003876,31.041582],[-84.003201,31.102349],[-84.013858,31.103568]]]}},{"type":"Feature","properties":{"GEOID":"13235","NAME":"Pulaski","state":"GA","wildfire_risk_score":56.17,"wildfire_eal_total":45200.28,"risk_band":"Moderate","source":"FEMA National Risk Index v1.20 (December 2025)"},"geometry":{"type":"Polygon","coordinates":[[[-83.615799,32.251468],[-83.606368,32.251333],[-83.606113,32.278484],[-83.606397,32.288435],[-83.615579,32.288556],[-83.579403,32.336296],[-83.523745,32.402186],[-83.506668,32.3889],[-83.502713,32.389201],[-83.498039,32.401715],[-83.346528,32.272489],[-83.373931,32.249741],[-83.291106,32.178825],[-83.324805,32.150367],[-83.304685,32.1332],[-83.308926,32.125709],[-83.337313,32.105885],[-83.343616,32.107782],[-83.348281,32.102843],[-83.359379,32.106144],[-83.357986,32.109451],[-83.352884,32.1069],[-83.350457,32.112645],[-83.361113,32.124092],[-83.397148,32.124099],[-83.396981,32.132578],[-83.41644,32.133076],[-83.416543,32.12517],[-83.435629,32.125169],[-83.435657,32.117244],[-83.541623,32.118131],[-83.541494,32.126074],[-83.55083,32.126165],[-83.55102,32.118139],[-83.608547,32.118405],[-83.606926,32.238282],[-83.615846,32.241706],[-83.615799,32.251468]]]}},{"type":"Feature","properties":{"GEOID":"13243","NAME":"Randolph","state":"GA","wildfire_risk_score":37.564,"wildfire_eal_total":14480.79,"risk_band":"Low","source":"FEMA National Risk Index v1.20 (December 2025)"},"geometry":{"type":"Polygon","coordinates":[[[-84.95864,31.777854],[-84.910338,31.776841],[-84.907006,31.924465],[-84.8104,31.922915],[-84.810118,31.93184],[-84.800654,31.931527],[-84.800659,31.92285],[-84.685518,31.920314],[-84.685706,31.928983],[-84.675788,31.92868],[-84.67583,31.920531],[-84.599776,31.920171],[-84.603086,31.772001],[-84.563167,31.770605],[-84.570314,31.756858],[-84.535527,31.681828],[-84.540212,31.666132],[-84.536117,31.646096],[-84.546854,31.621199],[-84.556955,31.621166],[-84.557135,31.628449],[-84.568823,31.628627],[-84.56884,31.6211],[-84.578024,31.621098],[-84.577972,31.637252],[-84.586596,31.637387],[-84.586501,31.621159],[-84.59741,31.621358],[-84.59715,31.637613],[-84.606777,31.637798],[-84.606931,31.628255],[-84.622521,31.628465],[-84.622229,31.637824],[-84.649297,31.64367],[-84.649579,31.637943],[-84.656307,31.637892],[-84.656517,31.619981],[-84.942353,31.618669],[-84.942511,31.655552],[-84.931349,31.655425],[-84.930998,31.672309],[-84.94064,31.672289],[-84.940546,31.679856],[-84.949784,31.679914],[-84.949381,31.713401],[-84.959324,31.713378],[-84.95864,31.777854]]]}},{"type":"Feature","properties":{"GEOID":"13091","NAME":"Dodge","state":"GA","wildfire_risk_score":60.846,"wildfire_eal_total":62370.5,"risk_band":"High","source":"FEMA National Risk Index v1.20 (December 2025)"},"geometry":{"type":"Polygon","coordinates":[[[-83.373265,32.250514],[-83.3396,32.278245],[-83.346103,32.283818],[-83.339279,32.289766],[-83.332224,32.284033],[-83.283958,32.324311],[-83.30475,32.341958],[-83.173252,32.452533],[-83.138991,32.423069],[-82.990967,32.147274],[-82.886964,32.197974],[-82.87179,32.18273],[-82.927865,32.135274],[-82.934761,32.140971],[-82.927467,32.147174],[-82.934566,32.153274],[-82.955466,32.135274],[-82.942066,32.124074],[-83.205739,31.900325],[-83.204775,31.904529],[-83.210312,31.904472],[-83.218386,31.915732],[-83.214126,31.921767],[-83.232515,31.930836],[-83.226673,31.938346],[-83.240803,31.942031],[-83.235761,31.950955],[-83.241726,31.952463],[-83.244906,31.945038],[-83.261534,31.952076],[-83.285056,31.976343],[-83.284555,31.984225],[-83.291784,31.98323],[-83.28636,31.993744],[-83.280513,31.989517],[-83.278381,31.994363],[-83.28585,31.99818],[-83.283705,32.002907],[-83.295944,32.001738],[-83.289699,32.006771],[-83.2934,32.005432],[-83.296923,32.011245],[-83.294433,32.020144],[-83.289938,32.017992],[-83.289579,32.026378],[-83.297436,32.02762],[-83.299554,32.033341],[-83.294428,32.038524],[-83.308565,32.049768],[-83.300626,32.055052],[-83.299858,32.070307],[-83.305202,32.07329],[-83.294796,32.078446],[-83.30329,32.077658],[-83.301,32.083561],[-83.310334,32.092429],[-83.317994,32.085903],[-83.324373,32.104015],[-83.331101,32.100111],[-83.337313,32.105885],[-83.308926,32.125709],[-83.304685,32.1332],[-83.324805,32.150367],[-83.291106,32.178825],[-83.373265,32.250514]]]}},{"type":"Feature","properties":{"GEOID":"13165","NAME":"Jenkins","state":"GA","wildfire_risk_score":32.061,"wildfire_eal_total":12571.17,"risk_band":"Low","source":"FEMA National Risk Index v1.20 (December 2025)"},"geometry":{"type":"Polygon","coordinates":[[[-82.147942,32.819758],[-82.123742,32.883656],[-82.081349,32.916762],[-81.956448,32.923724],[-81.857946,32.953875],[-81.828862,32.942273],[-81.818581,32.945656],[-81.81095,32.935277],[-81.783565,32.928435],[-81.767553,32.909411],[-81.867938,32.68115],[-81.865745,32.662761],[-81.841005,32.649093],[-82.001236,32.60691],[-82.082871,32.663324],[-82.147942,32.819758]]]}},{"type":"Feature","properties":{"GEOID":"13161","NAME":"Jeff Davis","state":"GA","wildfire_risk_score":50.127,"wildfire_eal_total":32697.22,"risk_band":"Moderate","source":"FEMA National Risk Index v1.20 (December 2025)"},"geometry":{"type":"Polygon","coordinates":[[[-82.836623,31.674497],[-82.836366,31.816154],[-82.824937,31.8197],[-82.827876,31.815617],[-82.824691,31.813479],[-82.808475,31.8227],[-82.804831,31.831433],[-82.787421,31.836223],[-82.784773,31.840995],[-82.791102,31.844624],[-82.789935,31.853627],[-82.781732,31.852816],[-82.775728,31.862615],[-82.769664,31.855418],[-82.767888,31.861618],[-82.757322,31.856901],[-82.741763,31.876881],[-82.709762,31.889682],[-82.699861,31.903582],[-82.693961,31.898282],[-82.67686,31.910282],[-82.681763,31.920741],[-82.66126,31.919883],[-82.65766,31.923583],[-82.648559,31.916483],[-82.635059,31.925083],[-82.624177,31.923588],[-82.62215,31.92918],[-82.614558,31.926684],[-82.603382,31.937623],[-82.594757,31.931585],[-82.568356,31.955386],[-82.555955,31.955386],[-82.555255,31.959286],[-82.545155,31.955387],[-82.533097,31.961351],[-82.492317,31.948616],[-82.480018,31.956413],[-82.499206,31.957296],[-82.492393,31.968387],[-82.479607,31.971653],[-82.457552,31.96379],[-82.431531,31.966182],[-82.431362,31.837993],[-82.520251,31.838388],[-82.520158,31.74919],[-82.550691,31.749112],[-82.550714,31.736334],[-82.520567,31.736201],[-82.521393,31.672512],[-82.836633,31.671398],[-82.836623,31.674497]]]}},{"type":"Feature","properties":{"GEOID":"13197","NAME":"Marion","state":"GA","wildfire_risk_score":49.491,"wildfire_eal_total":28732.77,"risk_band":"Moderate","source":"FEMA National Risk Index v1.20 (December 2025)"},"geometry":{"type":"Polygon","coordinates":[[[-84.658983,32.250425],[-84.657325,32.49494],[-84.638225,32.494841],[-84.637323,32.534855],[-84.619567,32.52976],[-84.604919,32.53501],[-84.597646,32.524597],[-84.586101,32.52265],[-84.561404,32.528056],[-84.566024,32.540059],[-84.553826,32.548732],[-84.550957,32.542719],[-84.542218,32.542572],[-84.54207,32.549902],[-84.532483,32.549825],[-84.532612,32.54269],[-84.504816,32.541822],[-84.50466,32.548215],[-84.491784,32.548319],[-84.492065,32.561956],[-84.444353,32.562083],[-84.44365,32.542223],[-84.453232,32.542374],[-84.453154,32.534336],[-84.44325,32.534162],[-84.443041,32.518527],[-84.433542,32.518694],[-84.433619,32.493243],[-84.423919,32.493243],[-84.424419,32.485144],[-84.407808,32.485267],[-84.408389,32.443952],[-84.403122,32.443519],[-84.400871,32.435501],[-84.392117,32.435347],[-84.389927,32.297237],[-84.413304,32.297531],[-84.410415,32.231856],[-84.429451,32.232151],[-84.429832,32.194153],[-84.42008,32.191677],[-84.420515,32.174357],[-84.430015,32.174256],[-84.431214,32.134058],[-84.527117,32.134556],[-84.527417,32.151156],[-84.536317,32.151156],[-84.536617,32.159551],[-84.546117,32.159056],[-84.545692,32.175232],[-84.56469,32.175136],[-84.564231,32.192195],[-84.599787,32.192748],[-84.600995,32.210813],[-84.610219,32.217053],[-84.610619,32.225453],[-84.621119,32.225552],[-84.620621,32.233055],[-84.65892,32.232852],[-84.658983,32.250425]]]}},{"type":"Feature","properties":{"GEOID":"13175","NAME":"Laurens","state":"GA","wildfire_risk_score":65.744,"wildfire_eal_total":105159.81,"risk_band":"High","source":"FEMA National Risk Index v1.20 (December 2025)"},"geometry":{"type":"Polygon","coordinates":[[[-83.226536,32.584201],[-83.040792,32.673339],[-82.957066,32.708318],[-82.862763,32.71576],[-82.785782,32.6867],[-82.794538,32.66023],[-82.668557,32.612164],[-82.674457,32.523866],[-82.647733,32.512507],[-82.657057,32.507167],[-82.633126,32.491037],[-82.640888,32.485169],[-82.64858,32.467238],[-82.663181,32.460061],[-82.685977,32.460292],[-82.694557,32.453255],[-82.690338,32.443798],[-82.702163,32.431617],[-82.697617,32.407173],[-82.706927,32.393942],[-82.716247,32.392578],[-82.72043,32.376603],[-82.716883,32.373047],[-82.722883,32.370432],[-82.724903,32.362312],[-82.730786,32.362681],[-82.728147,32.359411],[-82.73174,32.356511],[-82.727736,32.354779],[-82.733838,32.342073],[-82.739298,32.337553],[-82.744493,32.341256],[-82.74189,32.333897],[-82.748732,32.32915],[-82.742323,32.326924],[-82.739301,32.330692],[-82.736884,32.322619],[-82.73291,32.323853],[-82.735722,32.319569],[-82.72515,32.315658],[-82.730015,32.310645],[-82.721964,32.309283],[-82.761959,32.275574],[-82.755158,32.26969],[-82.761881,32.264176],[-82.768668,32.269684],[-82.858308,32.194386],[-82.864469,32.199732],[-82.871563,32.194474],[-82.878148,32.200249],[-82.886964,32.197974],[-82.990967,32.147274],[-83.226536,32.584201]]]}},{"type":"Feature","properties":{"GEOID":"13081","NAME":"Crisp","state":"GA","wildfire_risk_score":61.069,"wildfire_eal_total":59122.24,"risk_band":"High","source":"FEMA National Risk Index v1.20 (December 2025)"},"geometry":{"type":"Polygon","coordinates":[[[-83.961278,32.030595],[-83.609663,32.027938],[-83.612642,31.804128],[-83.807491,31.804082],[-83.817441,31.812534],[-83.827843,31.810095],[-83.845481,31.831555],[-83.845559,31.819731],[-83.85532,31.819863],[-83.855653,31.836833],[-83.879793,31.836993],[-83.924617,31.84837],[-83.937622,31.844921],[-83.936736,31.858043],[-83.926524,31.863292],[-83.934061,31.88139],[-83.928689,31.886864],[-83.932021,31.898759],[-83.922494,31.909653],[-83.919119,31.923092],[-83.926413,31.937045],[-83.925392,31.948916],[-83.94831,31.991467],[-83.944692,31.996248],[-83.950415,31.997197],[-83.950304,32.015378],[-83.958847,32.021217],[-83.961278,32.030595]]]}},{"type":"Feature","properties":{"GEOID":"13003","NAME":"Atkinson","state":"GA","wildfire_risk_score":43.416,"wildfire_eal_total":29351.27,"risk_band":"Moderate","source":"FEMA National Risk Index v1.20 (December 2025)"},"geometry":{"type":"Polygon","coordinates":[[[-83.140999,31.406734],[-83.137589,31.412521],[-83.140483,31.420395],[-82.958519,31.417274],[-82.958061,31.402998],[-82.839334,31.401712],[-82.830658,31.379148],[-82.822578,31.375229],[-82.817174,31.364484],[-82.628975,31.36393],[-82.629622,31.274726],[-82.638828,31.274504],[-82.637855,31.277694],[-82.663584,31.287913],[-82.699206,31.278104],[-82.70105,31.223217],[-82.690838,31.223364],[-82.671669,31.183739],[-83.046885,31.18368],[-83.046065,31.200634],[-83.051878,31.207847],[-83.045222,31.220303],[-83.051952,31.225277],[-83.050719,31.232088],[-83.043926,31.235034],[-83.047767,31.240483],[-83.039344,31.254068],[-83.041828,31.264658],[-83.033468,31.275041],[-83.046988,31.282966],[-83.045622,31.291613],[-83.051587,31.301412],[-83.059011,31.304228],[-83.059567,31.329857],[-83.075603,31.347272],[-83.081618,31.349814],[-83.087007,31.346146],[-83.088049,31.351118],[-83.100403,31.354786],[-83.112434,31.370142],[-83.116341,31.388655],[-83.137245,31.398695],[-83.140999,31.406734]]]}},{"type":"Feature","properties":{"GEOID":"13247","NAME":"Rockdale","state":"GA","wildfire_risk_score":35.878,"wildfire_eal_total":23353.19,"risk_band":"Low","source":"FEMA National Risk Index v1.20 (December 2025)"},"geometry":{"type":"Polygon","coordinates":[[[-84.184143,33.646157],[-84.170176,33.645903],[-84.173126,33.64097],[-84.161992,33.637799],[-84.15447,33.645748],[-84.150581,33.638577],[-84.13832,33.637669],[-84.141195,33.632129],[-84.12922,33.63137],[-84.115791,33.614666],[-84.056614,33.726608],[-83.982033,33.786054],[-83.914823,33.744203],[-83.918698,33.723764],[-83.913229,33.712697],[-83.917389,33.708446],[-83.92524,33.710183],[-83.918123,33.68949],[-83.924408,33.681151],[-83.93074,33.652143],[-84.010452,33.563564],[-84.003372,33.563529],[-84.003278,33.554875],[-84.010651,33.554939],[-84.010681,33.563312],[-84.044493,33.525776],[-84.04598,33.530465],[-84.056245,33.526653],[-84.04859,33.538798],[-84.052259,33.542626],[-84.05959,33.540554],[-84.065257,33.549003],[-84.070082,33.547022],[-84.082657,33.55563],[-84.089971,33.554761],[-84.108521,33.566769],[-84.122292,33.561264],[-84.131036,33.564569],[-84.181584,33.629174],[-84.184143,33.646157]]]}},{"type":"Feature","properties":{"GEOID":"13015","NAME":"Bartow","state":"GA","wildfire_risk_score":62.182,"wildfire_eal_total":129137.56,"risk_band":"High","source":"FEMA National Risk Index v1.20 (December 2025)"},"geometry":{"type":"Polygon","coordinates":[[[-85.046871,34.096412],[-85.044658,34.213622],[-85.023813,34.213385],[-85.02395,34.250796],[-85.015606,34.251131],[-85.015528,34.258206],[-85.023891,34.258289],[-85.023102,34.347112],[-85.005235,34.34708],[-85.005775,34.392446],[-84.990882,34.392473],[-84.988793,34.384578],[-84.9539,34.384192],[-84.955727,34.391823],[-84.947344,34.391543],[-84.947219,34.398893],[-84.734118,34.396495],[-84.733878,34.412968],[-84.653232,34.41259],[-84.654038,34.355176],[-84.644293,34.355168],[-84.644684,34.34683],[-84.653998,34.346934],[-84.659241,34.07824],[-84.896841,34.082498],[-84.896941,34.078698],[-84.914443,34.075297],[-84.91433,34.082609],[-84.929943,34.082597],[-84.930043,34.078198],[-84.939043,34.078398],[-84.939087,34.082553],[-85.047046,34.082881],[-85.046871,34.096412]]]}},{"type":"Feature","properties":{"GEOID":"13097","NAME":"Douglas","state":"GA","wildfire_risk_score":43.066,"wildfire_eal_total":42960.43,"risk_band":"Moderate","source":"FEMA National Risk Index v1.20 (December 2025)"},"geometry":{"type":"Polygon","coordinates":[[[-84.911039,33.724632],[-84.910852,33.730962],[-84.902331,33.730599],[-84.901688,33.780703],[-84.879151,33.774758],[-84.832708,33.776019],[-84.763796,33.787343],[-84.724119,33.788604],[-84.724142,33.806387],[-84.622692,33.804842],[-84.577848,33.745598],[-84.58543,33.730141],[-84.599452,33.726255],[-84.607479,33.713274],[-84.63171,33.700976],[-84.632138,33.688373],[-84.652733,33.683609],[-84.651933,33.667909],[-84.657316,33.658633],[-84.709037,33.647164],[-84.729663,33.636852],[-84.738408,33.623293],[-84.75094,33.63202],[-84.762271,33.615196],[-84.805196,33.587182],[-84.809181,33.574073],[-84.905788,33.573378],[-84.901563,33.721991],[-84.911039,33.724632]]]}},{"type":"Feature","properties":{"GEOID":"13321","NAME":"Worth","state":"GA","wildfire_risk_score":53.403,"wildfire_eal_total":42284.91,"risk_band":"Moderate","source":"FEMA National Risk Index v1.20 (December 2025)"},"geometry":{"type":"Polygon","coordinates":[[[-84.032692,31.716265],[-84.00762,31.735516],[-84.003496,31.754596],[-83.992173,31.75815],[-83.986207,31.766396],[-83.9943,31.778157],[-83.991593,31.784877],[-84.006347,31.790722],[-84.008905,31.800575],[-83.988155,31.806857],[-83.976884,31.803329],[-83.980072,31.810684],[-83.972648,31.827718],[-83.967344,31.834477],[-83.959084,31.834448],[-83.94583,31.849493],[-83.937622,31.844921],[-83.924617,31.84837],[-83.879793,31.836993],[-83.855653,31.836833],[-83.85532,31.819863],[-83.845559,31.819731],[-83.845481,31.831555],[-83.827843,31.810095],[-83.817441,31.812534],[-83.798727,31.801168],[-83.796846,31.622929],[-83.706481,31.619088],[-83.698863,31.602834],[-83.684373,31.596842],[-83.677667,31.600874],[-83.669978,31.595137],[-83.66769,31.585871],[-83.672701,31.576183],[-83.66737,31.56768],[-83.661104,31.565878],[-83.654075,31.571063],[-83.649384,31.567977],[-83.650627,31.484737],[-83.665777,31.485135],[-83.66666,31.43417],[-83.651764,31.433918],[-83.65409,31.330661],[-83.713867,31.331652],[-83.714134,31.318365],[-83.758934,31.318954],[-83.759086,31.332225],[-83.99943,31.334966],[-83.997679,31.462773],[-83.982569,31.46348],[-83.982429,31.475815],[-83.997468,31.47601],[-83.996665,31.551663],[-83.982451,31.55162],[-83.981606,31.563322],[-83.996567,31.563518],[-83.996246,31.625154],[-84.012701,31.62459],[-84.012509,31.633619],[-84.003063,31.633635],[-84.002879,31.641707],[-83.993463,31.64142],[-83.993374,31.650034],[-84.018404,31.650274],[-84.012401,31.663039],[-84.02206,31.683805],[-84.019608,31.692482],[-84.025623,31.710022],[-84.032692,31.716265]]]}},{"type":"Feature","properties":{"GEOID":"13063","NAME":"Clayton","state":"GA","wildfire_risk_score":34.383,"wildfire_eal_total":17677.4,"risk_band":"Low","source":"FEMA National Risk Index v1.20 (December 2025)"},"geometry":{"type":"Polygon","coordinates":[[[-84.458554,33.559707],[-84.45788,33.648562],[-84.453092,33.648875],[-84.453103,33.641095],[-84.448304,33.641096],[-84.445768,33.648807],[-84.281654,33.647307],[-84.281464,33.63937],[-84.271858,33.639232],[-84.272057,33.63121],[-84.262566,33.631004],[-84.26297,33.606953],[-84.253242,33.60693],[-84.253227,33.598759],[-84.243858,33.598618],[-84.244973,33.590293],[-84.253203,33.590286],[-84.25309,33.582176],[-84.263579,33.582247],[-84.263702,33.548923],[-84.292591,33.549145],[-84.293015,33.532985],[-84.282524,33.532879],[-84.283913,33.484341],[-84.294151,33.484325],[-84.29468,33.435715],[-84.304311,33.435552],[-84.30423,33.427433],[-84.323387,33.428027],[-84.323242,33.435938],[-84.353584,33.436165],[-84.3544,33.352514],[-84.388118,33.352465],[-84.395073,33.360256],[-84.396336,33.37326],[-84.386484,33.376514],[-84.394809,33.394368],[-84.384525,33.401463],[-84.38671,33.409796],[-84.393071,33.412011],[-84.393073,33.420041],[-84.402315,33.420125],[-84.402196,33.436368],[-84.392618,33.436523],[-84.392524,33.444513],[-84.383744,33.444407],[-84.38881,33.450271],[-84.381639,33.463043],[-84.396172,33.484949],[-84.409739,33.49391],[-84.420649,33.49401],[-84.420425,33.509614],[-84.433599,33.524445],[-84.439448,33.55072],[-84.458665,33.550933],[-84.458554,33.559707]]]}},{"type":"Feature","properties":{"GEOID":"13211","NAME":"Morgan","state":"GA","wildfire_risk_score":38.327,"wildfire_eal_total":26529.39,"risk_band":"Low","source":"FEMA National Risk Index v1.20 (December 2025)"},"geometry":{"type":"Polygon","coordinates":[[[-83.687386,33.588559],[-83.526386,33.796119],[-83.502655,33.817356],[-83.492225,33.805182],[-83.485451,33.807175],[-83.479546,33.802353],[-83.480804,33.796806],[-83.475235,33.798233],[-83.478583,33.792933],[-83.458133,33.768402],[-83.444984,33.722397],[-83.423676,33.715111],[-83.417557,33.704281],[-83.401299,33.696556],[-83.379566,33.66058],[-83.370514,33.655914],[-83.359802,33.623497],[-83.349716,33.614254],[-83.348793,33.597221],[-83.337952,33.59742],[-83.33622,33.58839],[-83.326355,33.584202],[-83.312355,33.56424],[-83.303223,33.56311],[-83.303612,33.555012],[-83.286591,33.542675],[-83.278351,33.544552],[-83.269306,33.532248],[-83.277611,33.52763],[-83.28347,33.510612],[-83.27681,33.494198],[-83.279931,33.483438],[-83.533736,33.434472],[-83.682196,33.52622],[-83.677717,33.571834],[-83.687386,33.588559]]]}},{"type":"Feature","properties":{"GEOID":"13005","NAME":"Bacon","state":"GA","wildfire_risk_score":56.584,"wildfire_eal_total":51213.08,"risk_band":"Moderate","source":"FEMA National Risk Index v1.20 (December 2025)"},"geometry":{"type":"Polygon","coordinates":[[[-82.628185,31.56593],[-82.627342,31.672672],[-82.521393,31.672512],[-82.52142,31.710796],[-82.495866,31.710588],[-82.472725,31.680157],[-82.453484,31.668243],[-82.45089,31.661381],[-82.43734,31.661312],[-82.407509,31.6392],[-82.390144,31.638048],[-82.349571,31.621344],[-82.315736,31.592757],[-82.240772,31.555677],[-82.226585,31.530699],[-82.239254,31.530569],[-82.23883,31.517639],[-82.255946,31.517409],[-82.255829,31.505424],[-82.269584,31.505699],[-82.269661,31.492643],[-82.300422,31.493175],[-82.300926,31.467791],[-82.315025,31.467936],[-82.315111,31.457138],[-82.330021,31.457095],[-82.330493,31.442058],[-82.344989,31.441755],[-82.344843,31.43013],[-82.401512,31.430292],[-82.401794,31.417278],[-82.48146,31.417534],[-82.481438,31.443075],[-82.49365,31.442892],[-82.494718,31.46869],[-82.597509,31.469293],[-82.596283,31.557899],[-82.628273,31.558329],[-82.628185,31.56593]]]}},{"type":"Feature","properties":{"GEOID":"13187","NAME":"Lumpkin","state":"GA","wildfire_risk_score":45.992,"wildfire_eal_total":34044.82,"risk_band":"Moderate","source":"FEMA National Risk Index v1.20 (December 2025)"},"geometry":{"type":"Polygon","coordinates":[[[-84.19104,34.539181],[-84.188557,34.602692],[-84.158035,34.648243],[-84.151815,34.651273],[-84.146321,34.646587],[-84.137932,34.652992],[-84.137054,34.66098],[-84.124914,34.664419],[-84.088925,34.651351],[-84.071159,34.656845],[-84.06765,34.648003],[-84.045449,34.640552],[-84.036276,34.642087],[-84.038517,34.651733],[-84.030824,34.652229],[-84.023857,34.670853],[-83.994412,34.67879],[-83.984581,34.714245],[-83.947243,34.738125],[-83.939007,34.740859],[-83.900108,34.732191],[-83.893108,34.725791],[-83.877427,34.723304],[-83.869794,34.727389],[-83.856506,34.722191],[-83.860506,34.696192],[-83.873639,34.679083],[-83.870904,34.668552],[-83.876223,34.661693],[-83.871837,34.65749],[-83.875374,34.642764],[-83.871104,34.639875],[-83.877013,34.627289],[-83.872796,34.615626],[-83.864456,34.615581],[-83.864449,34.550593],[-83.853682,34.550693],[-83.853715,34.541457],[-83.843753,34.541432],[-83.843788,34.532397],[-83.832831,34.532307],[-83.832865,34.523524],[-83.837846,34.521309],[-83.837573,34.515339],[-83.84313,34.515357],[-83.843315,34.497022],[-83.887604,34.468788],[-83.887627,34.459936],[-83.90995,34.459805],[-83.909843,34.469185],[-83.931886,34.469345],[-83.931898,34.460529],[-83.920662,34.460114],[-83.920685,34.451126],[-83.931313,34.451206],[-83.956448,34.437286],[-83.975146,34.432722],[-83.970893,34.422811],[-83.980649,34.418389],[-84.106675,34.465852],[-84.101135,34.471272],[-84.115358,34.473277],[-84.19104,34.539181]]]}},{"type":"Feature","properties":{"GEOID":"13145","NAME":"Harris","state":"GA","wildfire_risk_score":49.014,"wildfire_eal_total":50571.15,"risk_band":"Moderate","source":"FEMA National Risk Index v1.20 (December 2025)"},"geometry":{"type":"Polygon","coordinates":[[[-85.184914,32.868944],[-84.861855,32.868617],[-84.861768,32.872495],[-84.847692,32.872436],[-84.84759,32.86837],[-84.751338,32.8692],[-84.751461,32.862704],[-84.700538,32.84464],[-84.692428,32.829393],[-84.693057,32.738812],[-84.687915,32.738756],[-84.688048,32.730365],[-84.682876,32.73035],[-84.682895,32.722754],[-84.69325,32.722462],[-84.693421,32.708105],[-84.699665,32.708244],[-84.699647,32.700933],[-84.703196,32.700718],[-84.703163,32.686197],[-84.693841,32.685772],[-84.694603,32.583945],[-84.907883,32.583433],[-84.907693,32.607608],[-85.0806178512654,32.608095275146],[-85.089441,32.625429],[-85.083635,32.635973],[-85.096597,32.634667],[-85.105337,32.644835],[-85.088483,32.657758],[-85.093536,32.669734],[-85.112637,32.683434],[-85.117037,32.692033],[-85.122738,32.715727],[-85.113329,32.735751],[-85.132196,32.744411],[-85.142567,32.760682],[-85.137382,32.769068],[-85.122189,32.773353],[-85.139285,32.784921],[-85.141903,32.791821],[-85.151913,32.794104],[-85.167939,32.811612],[-85.164104,32.82128],[-85.168016,32.829203],[-85.153388,32.844865],[-85.161089,32.856045],[-85.170099,32.852497],[-85.179353,32.855269],[-85.184914,32.868944]]]}},{"type":"Feature","properties":{"GEOID":"13143","NAME":"Haralson","state":"GA","wildfire_risk_score":69.402,"wildfire_eal_total":141910.47,"risk_band":"High","source":"FEMA National Risk Index v1.20 (December 2025)"},"geometry":{"type":"Polygon","coordinates":[[[-85.3864734721684,33.9017183318811],[-85.212791,33.899212],[-85.212774,33.906302],[-85.036684,33.904327],[-85.037926,33.811942],[-85.049031,33.812322],[-85.050889,33.714632],[-85.066544,33.714968],[-85.066469,33.710697],[-85.114985,33.691348],[-85.129688,33.691423],[-85.129441,33.699778],[-85.139027,33.700017],[-85.289742,33.652087],[-85.3382006083928,33.6531163257259],[-85.3864734721684,33.9017183318811]]]}},{"type":"Feature","properties":{"GEOID":"13083","NAME":"Dade","state":"GA","wildfire_risk_score":50.0,"wildfire_eal_total":37468.05,"risk_band":"Moderate","source":"FEMA National Risk Index v1.20 (December 2025)"},"geometry":{"type":"Polygon","coordinates":[[[-85.605165,34.984678],[-85.363919,34.983375],[-85.374741,34.959654],[-85.43371,34.875077],[-85.450561,34.831677],[-85.450409,34.759241],[-85.459354,34.751639],[-85.461957,34.731771],[-85.49053,34.69911],[-85.490795,34.669449],[-85.5340893753704,34.6238579271308],[-85.605165,34.984678]]]}},{"type":"Feature","properties":{"GEOID":"13275","NAME":"Thomas","state":"GA","wildfire_risk_score":71.247,"wildfire_eal_total":150577.02,"risk_band":"High","source":"FEMA National Risk Index v1.20 (December 2025)"},"geometry":{"type":"Polygon","coordinates":[[[-84.119011,31.006933],[-84.116644,31.077971],[-84.003627,31.07729],[-84.003876,31.041582],[-83.795731,31.038733],[-83.796067,31.026003],[-83.781148,31.025846],[-83.78083,31.038502],[-83.736158,31.037679],[-83.739021,30.742003],[-83.742256,30.742042],[-83.743729,30.6583963847626],[-84.0837566721279,30.6758156394604],[-84.079471,30.844059],[-84.082524,30.85382],[-84.072944,30.865634],[-84.08057,30.875604],[-84.075878,30.886168],[-84.075829,30.911918],[-84.098454,30.936208],[-84.118294,30.96916],[-84.119011,31.006933]]]}},{"type":"Feature","properties":{"GEOID":"13259","NAME":"Stewart","state":"GA","wildfire_risk_score":43.893,"wildfire_eal_total":17744.06,"risk_band":"Moderate","source":"FEMA National Risk Index v1.20 (December 2025)"},"geometry":{"type":"Polygon","coordinates":[[[-85.06803,31.993357],[-85.04931,32.022694],[-85.056253,32.028336],[-85.05883,32.046656],[-85.055813,32.074439],[-85.045511,32.086867],[-85.06206,32.132486],[-85.045593,32.143758],[-85.011267,32.180493],[-84.964628,32.195152],[-84.963228,32.20225],[-84.980229,32.207751],[-84.972128,32.218251],[-84.930127,32.219051],[-84.922927,32.224751],[-84.9230311580042,32.2308528711019],[-84.813924,32.230851],[-84.814024,32.221051],[-84.802525,32.220951],[-84.802524,32.230851],[-84.649319,32.232953],[-84.64932,32.225153],[-84.64032,32.225253],[-84.64032,32.184254],[-84.63112,32.184054],[-84.631319,32.176354],[-84.64032,32.176554],[-84.64242,32.160154],[-84.65162,32.160154],[-84.65142,32.151854],[-84.64232,32.151854],[-84.643557,32.037005],[-84.644419,32.028858],[-84.654119,32.028458],[-84.655173,31.984355],[-84.644805,31.984316],[-84.644993,31.977],[-84.655189,31.977063],[-84.655044,31.969649],[-84.645131,31.969719],[-84.645357,31.961495],[-84.655013,31.961534],[-84.65582,31.920308],[-84.67583,31.920531],[-84.675788,31.92868],[-84.685706,31.928983],[-84.685518,31.920314],[-84.800659,31.92285],[-84.800654,31.931527],[-84.810118,31.93184],[-84.8104,31.922915],[-84.917264,31.924663],[-84.917204,31.933087],[-84.936137,31.933755],[-84.935759,31.941837],[-84.955249,31.942261],[-84.954904,31.950285],[-84.974067,31.950209],[-84.973701,31.959299],[-84.964205,31.959065],[-84.963948,31.966928],[-84.954034,31.966769],[-84.9537,31.974781],[-85.001228,31.975957],[-85.001128,31.983857],[-85.011828,31.983757],[-85.011928,31.975857],[-85.042029,31.975658],[-85.041929,31.984757],[-85.06094,31.9851],[-85.060929,31.991857],[-85.06803,31.993357]]]}},{"type":"Feature","properties":{"GEOID":"13065","NAME":"Clinch","state":"GA","wildfire_risk_score":54.167,"wildfire_eal_total":36764.94,"risk_band":"Moderate","source":"FEMA National Risk Index v1.20 (December 2025)"},"geometry":{"type":"Polygon","coordinates":[[[-82.970699,30.936454],[-82.971247,31.183988],[-82.671669,31.183739],[-82.592071,31.018487],[-82.552144,31.001822],[-82.520124,30.963132],[-82.490558,30.963166],[-82.495476,30.819553],[-82.435852,30.820068],[-82.435242,30.729149],[-82.420128,30.729198],[-82.41999,30.716637],[-82.435112,30.716566],[-82.428902,30.690317],[-82.430862,30.612848],[-82.418793,30.613132],[-82.4189153644581,30.5817450619594],[-82.584001926838,30.5917957839101],[-82.579896,30.658702],[-82.586463,30.675048],[-82.578773,30.690836],[-82.589751,30.705871],[-82.625391,30.718592],[-82.674212,30.724353],[-82.691787,30.733884],[-82.729835,30.72915],[-82.743934,30.733516],[-82.766593,30.732349],[-82.795356,30.74209],[-82.805015,30.749639],[-82.815841,30.776016],[-82.831718,30.782575],[-82.834838,30.799827],[-82.830238,30.810583],[-82.845794,30.827037],[-82.846405,30.834949],[-82.971336,30.869392],[-82.970699,30.936454]]]}},{"type":"Feature","properties":{"GEOID":"13099","NAME":"Early","state":"GA","wildfire_risk_score":49.936,"wildfire_eal_total":28988.17,"risk_band":"Moderate","source":"FEMA National Risk Index v1.20 (December 2025)"},"geometry":{"type":"Polygon","coordinates":[[[-85.114601,31.277333],[-85.099107,31.284165],[-85.089774,31.295026],[-85.084152,31.328313],[-85.089411,31.336033],[-85.085918,31.353146],[-85.091791,31.355207],[-85.092487,31.362881],[-85.077626,31.39888],[-85.079978,31.410472],[-85.075523,31.424761],[-85.065875,31.430586],[-85.071621,31.468384],[-85.045495582904,31.5171292698553],[-85.029468,31.518562],[-85.029227,31.486071],[-84.98634,31.488856],[-84.971427,31.497312],[-84.959875,31.492773],[-84.937801,31.503266],[-84.819807,31.501192],[-84.819769,31.491563],[-84.806887,31.491729],[-84.807125,31.501345],[-84.796609,31.501286],[-84.797093,31.473586],[-84.8074,31.472977],[-84.801411,31.461201],[-84.789383,31.452511],[-84.792265,31.44531],[-84.789032,31.436356],[-84.637579,31.433926],[-84.638254,31.341684],[-84.627676,31.341577],[-84.627579,31.332117],[-84.638082,31.332079],[-84.641678,31.256533],[-84.672685,31.259442],[-84.682939,31.25725],[-84.683255,31.251404],[-84.694241,31.251672],[-84.694177,31.257653],[-84.705097,31.257722],[-84.705107,31.251921],[-84.709578,31.25184],[-84.737381,31.252309],[-84.73718,31.258243],[-84.748219,31.258451],[-84.748321,31.252486],[-84.917421,31.25599],[-84.922423,31.07259],[-85.0284731949453,31.0755261577669],[-85.026068,31.08418],[-85.035615,31.108192],[-85.054677,31.120818],[-85.064028,31.142495],[-85.076628,31.156927],[-85.100207,31.16549],[-85.098507,31.180153],[-85.107516,31.186451],[-85.108133,31.195637],[-85.098704,31.211286],[-85.096763,31.225651],[-85.112352,31.25958],[-85.114601,31.277333]]]}},{"type":"Feature","properties":{"GEOID":"13101","NAME":"Echols","state":"GA","wildfire_risk_score":30.407,"wildfire_eal_total":18948.11,"risk_band":"Low","source":"FEMA National Risk Index v1.20 (December 2025)"},"geometry":{"type":"Polygon","coordinates":[[[-83.135746,30.641115],[-83.135777,30.721966],[-83.130277,30.722234],[-83.134594,30.725784],[-83.136236,30.775229],[-83.125797,30.803306],[-83.104365,30.803703],[-83.103235,30.831426],[-83.088099,30.831193],[-83.088082,30.848658],[-83.019419,30.849453],[-83.013962,30.844709],[-83.007118,30.85914],[-82.991997,30.861729],[-82.982155,30.872249],[-82.846405,30.834949],[-82.845794,30.827037],[-82.830238,30.810583],[-82.834838,30.799827],[-82.831718,30.782575],[-82.815841,30.776016],[-82.805015,30.749639],[-82.795356,30.74209],[-82.766593,30.732349],[-82.743934,30.733516],[-82.729835,30.72915],[-82.691787,30.733884],[-82.674212,30.724353],[-82.603907,30.713575],[-82.589751,30.705871],[-82.578773,30.690836],[-82.586463,30.675048],[-82.579896,30.658702],[-82.584001926838,30.5917957839101],[-83.1366141049961,30.6239892066814],[-83.135746,30.641115]]]}},{"type":"Feature","properties":{"GEOID":"13239","NAME":"Quitman","state":"GA","wildfire_risk_score":39.504,"wildfire_eal_total":13807.32,"risk_band":"Low","source":"FEMA National Risk Index v1.20 (December 2025)"},"geometry":{"type":"Polygon","coordinates":[[[-85.14180656,31.78212892],[-85.132231,31.795162],[-85.13262,31.826833],[-85.141831,31.839261],[-85.137731,31.845861],[-85.140731,31.857461],[-85.128431,31.87756],[-85.134131,31.89216],[-85.11203,31.89476],[-85.10983,31.90806],[-85.113131,31.911859],[-85.07893,31.940159],[-85.08673,31.959158],[-85.067829,31.967358],[-85.0680981818182,31.991857],[-85.060929,31.991857],[-85.06094,31.9851],[-85.041929,31.984757],[-85.042029,31.975658],[-85.011928,31.975857],[-85.011828,31.983757],[-85.001128,31.983857],[-85.001228,31.975957],[-84.9537,31.974781],[-84.954034,31.966769],[-84.963948,31.966928],[-84.964205,31.959065],[-84.973701,31.959299],[-84.974067,31.950209],[-84.954904,31.950285],[-84.955249,31.942261],[-84.935759,31.941837],[-84.936137,31.933755],[-84.917204,31.933087],[-84.917264,31.924663],[-84.907006,31.924465],[-84.910338,31.776841],[-85.026527,31.778862],[-85.026627,31.770963],[-85.073941,31.771441],[-85.073829,31.779063],[-85.14180656,31.78212892]]]}},{"type":"Feature","properties":{"GEOID":"13111","NAME":"Fannin","state":"GA","wildfire_risk_score":76.272,"wildfire_eal_total":222332.14,"risk_band":"High","source":"FEMA National Risk Index v1.20 (December 2025)"},"geometry":{"type":"Polygon","coordinates":[[[-84.621483,34.988329],[-84.1294520756424,34.9875038108939],[-84.172398,34.959329],[-84.178672,34.946497],[-84.170265,34.936604],[-84.163266,34.936142],[-84.16082,34.9269],[-84.133545,34.916473],[-84.114607,34.889717],[-84.107519,34.887083],[-84.11374,34.870369],[-84.142467,34.854044],[-84.147537,34.838261],[-84.141727,34.807335],[-84.124241,34.796083],[-84.093193,34.801411],[-84.09317,34.727779],[-84.10363,34.727837],[-84.188557,34.602692],[-84.196754,34.617924],[-84.193481,34.625196],[-84.197424,34.642725],[-84.226471,34.653878],[-84.233255,34.666298],[-84.242624,34.670908],[-84.252292,34.66461],[-84.252167,34.718161],[-84.260906,34.718113],[-84.26092,34.725455],[-84.257314,34.725421],[-84.314653,34.807328],[-84.328065,34.806403],[-84.334137,34.811068],[-84.331481,34.817937],[-84.382136,34.833449],[-84.3832,34.839307],[-84.390869,34.834345],[-84.394937,34.841749],[-84.417333,34.849815],[-84.422593,34.857456],[-84.622752,34.857131],[-84.621483,34.988329]]]}},{"type":"Feature","properties":{"GEOID":"13115","NAME":"Floyd","state":"GA","wildfire_risk_score":74.364,"wildfire_eal_total":210441.97,"risk_band":"High","source":"FEMA National Risk Index v1.20 (December 2025)"},"geometry":{"type":"Polygon","coordinates":[[[-85.4620817189037,34.2863854944266],[-85.387351,34.286097],[-85.378815,34.296215],[-85.382818,34.303283],[-85.363197,34.33902],[-85.334881,34.369748],[-85.249208,34.40173],[-85.249087,34.408195],[-85.241447,34.408264],[-85.241341,34.415518],[-85.222437,34.415533],[-85.22231,34.420807],[-85.214566,34.422806],[-85.215078,34.429586],[-85.180321,34.436316],[-85.14765,34.514985],[-85.107748,34.587483],[-85.069159,34.587184],[-85.069295,34.575035],[-85.064169,34.574885],[-85.063507,34.542548],[-85.089997,34.541915],[-85.090067,34.463527],[-85.112327,34.461933],[-85.102234,34.453086],[-85.101873,34.444381],[-85.095128,34.440914],[-85.088712,34.42502],[-85.101062,34.420933],[-85.107774,34.41094],[-85.104444,34.404278],[-85.031709,34.401353],[-85.023888,34.391788],[-85.005775,34.392446],[-85.005235,34.34708],[-85.023102,34.347112],[-85.023891,34.258289],[-85.015528,34.258206],[-85.015606,34.251131],[-85.02395,34.250796],[-85.023813,34.213385],[-85.044658,34.213622],[-85.046871,34.096412],[-85.121958,34.096749],[-85.122472,34.083145],[-85.157521,34.083463],[-85.157361,34.097267],[-85.257624,34.100668],[-85.25807,34.079133],[-85.4218527741544,34.0808218531424],[-85.4620817189037,34.2863854944266]]]}},{"type":"Feature","properties":{"GEOID":"13297","NAME":"Walton","state":"GA","wildfire_risk_score":35.91,"wildfire_eal_total":23789.72,"risk_band":"Low","source":"FEMA National Risk Index v1.20 (December 2025)"},"geometry":{"type":"Polygon","coordinates":[[[-83.982018,33.786308],[-83.799104,33.929844],[-83.776289,33.910821],[-83.76457,33.9072],[-83.76104,33.894842],[-83.745852,33.898699],[-83.744161,33.90568],[-83.739452,33.899731],[-83.727391,33.898229],[-83.676367,33.917606],[-83.644775,33.904797],[-83.638855,33.908306],[-83.630304,33.886647],[-83.611475,33.881341],[-83.583613,33.883608],[-83.590622,33.863361],[-83.582565,33.862614],[-83.573265,33.847408],[-83.543106,33.832527],[-83.53138,33.824272],[-83.533165,33.820923],[-83.505928,33.81776],[-83.680896,33.596919],[-83.69941,33.609442],[-83.691551,33.616989],[-83.734353,33.645639],[-83.758286,33.646351],[-83.982018,33.786308]]]}},{"type":"Feature","properties":{"GEOID":"13263","NAME":"Talbot","state":"GA","wildfire_risk_score":40.458,"wildfire_eal_total":15210.31,"risk_band":"Low","source":"FEMA National Risk Index v1.20 (December 2025)"},"geometry":{"type":"Polygon","coordinates":[[[-84.703196,32.700718],[-84.699647,32.700933],[-84.699665,32.708244],[-84.693421,32.708105],[-84.69325,32.722462],[-84.682895,32.722754],[-84.687915,32.738756],[-84.693057,32.738812],[-84.692428,32.829393],[-84.700538,32.84464],[-84.570669,32.845179],[-84.498256,32.883595],[-84.475892,32.876855],[-84.475304,32.872463],[-84.489152,32.862302],[-84.490086,32.856899],[-84.483057,32.852252],[-84.476452,32.856065],[-84.46731,32.853006],[-84.456641,32.828662],[-84.442729,32.825208],[-84.433479,32.838465],[-84.414908,32.83453],[-84.401758,32.816046],[-84.391017,32.786956],[-84.382542,32.780281],[-84.355579,32.773564],[-84.357402,32.781743],[-84.353579,32.78358],[-84.335739,32.75956],[-84.325776,32.762456],[-84.313912,32.755693],[-84.301393,32.761338],[-84.286246,32.747626],[-84.288757,32.73615],[-84.304132,32.733708],[-84.322266,32.721159],[-84.33794,32.720647],[-84.338884,32.679043],[-84.364243,32.679364],[-84.374439,32.637672],[-84.391222,32.619348],[-84.408378,32.610503],[-84.408866,32.561923],[-84.492065,32.561956],[-84.491784,32.548319],[-84.50466,32.548215],[-84.504816,32.541822],[-84.532612,32.54269],[-84.532483,32.549825],[-84.54207,32.549902],[-84.542218,32.542572],[-84.550957,32.542719],[-84.553826,32.548732],[-84.566024,32.540059],[-84.561404,32.528056],[-84.586101,32.52265],[-84.597646,32.524597],[-84.604919,32.53501],[-84.619567,32.52976],[-84.648977,32.534956],[-84.678562,32.518869],[-84.69451,32.518732],[-84.678453,32.533662],[-84.679349,32.544927],[-84.667463,32.563948],[-84.694663,32.563698],[-84.693841,32.685772],[-84.703163,32.686197],[-84.703196,32.700718]]]}},{"type":"Feature","properties":{"GEOID":"13277","NAME":"Tift","state":"GA","wildfire_risk_score":55.693,"wildfire_eal_total":56890.74,"risk_band":"Moderate","source":"FEMA National Risk Index v1.20 (December 2025)"},"geometry":{"type":"Polygon","coordinates":[[[-83.666237,31.455273],[-83.665777,31.485135],[-83.650627,31.484737],[-83.648972,31.596466],[-83.500702,31.59399],[-83.500951,31.570117],[-83.470825,31.569391],[-83.47093,31.555957],[-83.420624,31.553477],[-83.397041,31.531075],[-83.394557,31.518141],[-83.386527,31.510777],[-83.382192,31.487097],[-83.376475,31.482029],[-83.364076,31.484943],[-83.338728,31.475991],[-83.339187,31.465061],[-83.369514,31.465055],[-83.370888,31.401142],[-83.384793,31.401027],[-83.384996,31.388762],[-83.399511,31.389314],[-83.399925,31.376423],[-83.415196,31.375861],[-83.415322,31.363184],[-83.429901,31.363907],[-83.430229,31.350664],[-83.444862,31.349637],[-83.445519,31.336027],[-83.460513,31.33296],[-83.460644,31.326263],[-83.65409,31.330661],[-83.651764,31.433918],[-83.66666,31.43417],[-83.666237,31.455273]]]}},{"type":"Feature","properties":{"GEOID":"13159","NAME":"Jasper","state":"GA","wildfire_risk_score":41.412,"wildfire_eal_total":25116.65,"risk_band":"Low","source":"FEMA National Risk Index v1.20 (December 2025)"},"geometry":{"type":"Polygon","coordinates":[[[-83.862952,33.343477],[-83.857091,33.353793],[-83.863058,33.368278],[-83.853942,33.367239],[-83.856949,33.371679],[-83.847189,33.37471],[-83.831024,33.393462],[-83.841118,33.400585],[-83.84375,33.404922],[-83.836884,33.407883],[-83.845024,33.407753],[-83.845207,33.414721],[-83.828268,33.415076],[-83.830872,33.421524],[-83.824922,33.437263],[-83.812195,33.434657],[-83.807374,33.440829],[-83.771278,33.452495],[-83.736687,33.480862],[-83.704743,33.488518],[-83.712281,33.495096],[-83.705197,33.500812],[-83.687601,33.483117],[-83.678421,33.483643],[-83.674644,33.487225],[-83.683006,33.494428],[-83.688077,33.510564],[-83.682196,33.52622],[-83.533736,33.434472],[-83.545876,33.171944],[-83.816048,33.131816],[-83.814056,33.14846],[-83.82372,33.159723],[-83.824585,33.17564],[-83.807265,33.192986],[-83.816641,33.194135],[-83.811869,33.198268],[-83.820367,33.20125],[-83.826257,33.210464],[-83.834295,33.210138],[-83.823692,33.221753],[-83.813416,33.248589],[-83.832337,33.272269],[-83.827397,33.292492],[-83.842757,33.318359],[-83.839663,33.327775],[-83.862952,33.343477]]]}},{"type":"Feature","properties":{"GEOID":"13223","NAME":"Paulding","state":"GA","wildfire_risk_score":65.267,"wildfire_eal_total":169439.28,"risk_band":"High","source":"FEMA National Risk Index v1.20 (December 2025)"},"geometry":{"type":"Polygon","coordinates":[[[-85.049833,33.952635],[-84.978683,33.951393],[-84.922742,34.082497],[-84.91433,34.082609],[-84.914443,34.075297],[-84.896941,34.078698],[-84.896841,34.082498],[-84.737826,34.08233],[-84.739576,33.947792],[-84.722977,33.94758],[-84.724119,33.788604],[-84.879151,33.774758],[-84.971203,33.799617],[-85.037926,33.811942],[-85.036684,33.904327],[-85.05031,33.904488],[-85.049833,33.952635]]]}},{"type":"Feature","properties":{"GEOID":"13193","NAME":"Macon","state":"GA","wildfire_risk_score":43.225,"wildfire_eal_total":18111.59,"risk_band":"Moderate","source":"FEMA National Risk Index v1.20 (December 2025)"},"geometry":{"type":"MultiPolygon","coordinates":[[[[-84.052952,32.530602],[-84.003363,32.529927],[-84.000559,32.521544],[-84.05331,32.522021],[-84.052952,32.530602]]],[[[-84.254613,32.372053],[-84.254313,32.395572],[-84.2484,32.400639],[-84.197805,32.400999],[-84.122347,32.505921],[-84.111322,32.505723],[-84.111226,32.514124],[-84.07232,32.51418],[-84.07216,32.521904],[-84.05331,32.522021],[-84.053629,32.513305],[-84.034326,32.513478],[-84.034109,32.497449],[-84.017309,32.497149],[-84.022279,32.505634],[-84.018147,32.506406],[-83.987426,32.50609],[-83.987287,32.514336],[-83.971208,32.514248],[-83.971115,32.505927],[-83.932472,32.50569],[-83.932211,32.511645],[-83.923363,32.511355],[-83.931122,32.483745],[-83.923017,32.483264],[-83.922832,32.497428],[-83.882702,32.492004],[-83.872089,32.479014],[-83.849377,32.472872],[-83.846203,32.439385],[-83.836673,32.439308],[-83.837041,32.382195],[-83.85654,32.382399],[-83.856587,32.357774],[-83.846831,32.357738],[-83.848379,32.29097],[-83.894777,32.292175],[-83.897628,32.280741],[-83.965121,32.248005],[-83.975889,32.228721],[-84.012641,32.201363],[-84.021235,32.185986],[-84.029465,32.182547],[-84.026179,32.1723],[-84.03131,32.170531],[-84.049205,32.185062],[-84.074106,32.184061],[-84.088907,32.191961],[-84.134736,32.185392],[-84.134095,32.227972],[-84.220144,32.23115],[-84.219211,32.295057],[-84.255912,32.296156],[-84.254613,32.372053]]]]}},{"type":"Feature","properties":{"GEOID":"13053","NAME":"Chattahoochee","state":"GA","wildfire_risk_score":34.987,"wildfire_eal_total":24927.45,"risk_band":"Low","source":"FEMA National Risk Index v1.20 (December 2025)"},"geometry":{"type":"Polygon","coordinates":[[[-85.008096,32.336677],[-85.004582,32.345196],[-84.983466,32.363186],[-84.98409,32.373522],[-84.967834,32.378737],[-84.963186,32.374037],[-84.94513,32.376018],[-84.94108,32.381571],[-84.932729,32.380561],[-84.903465,32.396304],[-84.900137,32.402065],[-84.889754,32.401617],[-84.882201,32.410463],[-84.848248,32.414864],[-84.818952,32.412816],[-84.8078,32.422542],[-84.792183,32.413967],[-84.781911,32.424847],[-84.767735,32.420671],[-84.766695,32.434927],[-84.760967,32.436366],[-84.751286,32.45779],[-84.745121,32.458899],[-84.743319,32.471815],[-84.724616,32.507436],[-84.702024,32.518684],[-84.678562,32.518869],[-84.648977,32.534956],[-84.637323,32.534855],[-84.638225,32.494841],[-84.657325,32.49494],[-84.65892,32.232852],[-84.802524,32.230851],[-84.802525,32.220951],[-84.814024,32.221051],[-84.813924,32.230851],[-84.9230311580042,32.2308528711019],[-84.912727,32.24335],[-84.923027,32.244549],[-84.924427,32.249797],[-84.907227,32.24905],[-84.901454,32.257424],[-84.88908,32.260911],[-84.9338,32.29826],[-85.001874,32.322015],[-85.008096,32.336677]]]}},{"type":"Feature","properties":{"GEOID":"13069","NAME":"Coffee","state":"GA","wildfire_risk_score":68.162,"wildfire_eal_total":110328.81,"risk_band":"High","source":"FEMA National Risk Index v1.20 (December 2025)"},"geometry":{"type":"Polygon","coordinates":[[[-83.151087,31.461552],[-83.145587,31.472276],[-83.119817,31.473677],[-83.11166,31.478229],[-83.095765,31.507489],[-83.083732,31.515288],[-83.064965,31.552821],[-83.060043,31.565493],[-83.058807,31.611212],[-83.044848,31.610805],[-83.044424,31.62416],[-83.030189,31.623688],[-83.029361,31.636185],[-83.014174,31.635715],[-83.01342,31.660801],[-82.998794,31.660467],[-82.995698,31.780983],[-82.991036,31.776488],[-82.990707,31.787077],[-82.983169,31.78367],[-82.978493,31.793139],[-82.969971,31.792902],[-82.964615,31.784908],[-82.955261,31.782999],[-82.946297,31.783697],[-82.94651,31.787752],[-82.9187,31.784139],[-82.919375,31.778733],[-82.89933,31.791409],[-82.899666,31.783272],[-82.890449,31.780361],[-82.876694,31.787062],[-82.873772,31.78429],[-82.877014,31.780903],[-82.868172,31.785791],[-82.86309,31.783005],[-82.855324,31.798855],[-82.849754,31.798016],[-82.839104,31.806879],[-82.842163,31.81076],[-82.836565,31.810859],[-82.836366,31.816154],[-82.836633,31.671398],[-82.627342,31.672672],[-82.628273,31.558329],[-82.596283,31.557899],[-82.597509,31.469293],[-82.628181,31.469324],[-82.628975,31.36393],[-82.817174,31.364484],[-82.835175,31.386919],[-82.837692,31.400698],[-82.844093,31.403328],[-82.958061,31.402998],[-82.958519,31.417274],[-83.140483,31.420395],[-83.135927,31.43051],[-83.138618,31.441528],[-83.151087,31.461552]]]}},{"type":"Feature","properties":{"GEOID":"13035","NAME":"Butts","state":"GA","wildfire_risk_score":38.613,"wildfire_eal_total":19473.08,"risk_band":"Low","source":"FEMA National Risk Index v1.20 (December 2025)"},"geometry":{"type":"Polygon","coordinates":[[[-84.123152,33.242748],[-84.118123,33.244424],[-84.122623,33.252668],[-84.088991,33.285646],[-84.10244,33.30209],[-84.088592,33.301942],[-84.086148,33.297631],[-84.073692,33.301817],[-84.073,33.31761],[-84.063532,33.31761],[-84.061322,33.309668],[-84.053701,33.317742],[-84.053645,33.329549],[-84.042654,33.331327],[-84.042533,33.341113],[-84.033134,33.342766],[-84.032682,33.361645],[-84.021323,33.356879],[-84.007604,33.368345],[-83.986012,33.367472],[-83.976915,33.374741],[-83.964374,33.375154],[-83.966,33.385127],[-83.973218,33.385192],[-83.973128,33.407556],[-83.96311,33.407582],[-83.96311,33.419186],[-83.954029,33.419242],[-83.954029,33.425225],[-83.943516,33.42529],[-83.943498,33.441783],[-83.923913,33.444194],[-83.910607,33.426109],[-83.912299,33.41768],[-83.895108,33.407305],[-83.893908,33.395184],[-83.878775,33.389789],[-83.873289,33.378035],[-83.8643,33.377054],[-83.866592,33.372791],[-83.857091,33.353793],[-83.862585,33.341231],[-83.839663,33.327775],[-83.842757,33.318359],[-83.827397,33.292492],[-83.832337,33.272269],[-83.813416,33.248589],[-83.823692,33.221753],[-83.834295,33.210138],[-83.826257,33.210464],[-83.820367,33.20125],[-83.811869,33.198268],[-83.816641,33.194135],[-83.807265,33.192986],[-83.822261,33.180238],[-83.832223,33.184355],[-83.842615,33.196773],[-83.852156,33.194791],[-83.868114,33.201933],[-84.123767,33.202824],[-84.123152,33.242748]]]}},{"type":"Feature","properties":{"GEOID":"13117","NAME":"Forsyth","state":"GA","wildfire_risk_score":48.314,"wildfire_eal_total":64970.02,"risk_band":"Moderate","source":"FEMA National Risk Index v1.20 (December 2025)"},"geometry":{"type":"Polygon","coordinates":[[[-84.258861,34.201405],[-84.258075,34.335156],[-83.957077,34.334011],[-83.945141,34.329448],[-83.953308,34.317958],[-83.942619,34.302024],[-83.946754,34.297554],[-83.941703,34.292079],[-83.939567,34.29877],[-83.931358,34.297798],[-83.936286,34.2947],[-83.934151,34.286049],[-83.930893,34.291054],[-83.92559,34.286418],[-83.927284,34.279399],[-83.953339,34.269005],[-83.949821,34.239837],[-83.971191,34.228622],[-83.970254,34.22274],[-83.964568,34.221545],[-83.966684,34.216061],[-83.977821,34.213924],[-83.989914,34.195133],[-84.048714,34.191223],[-84.05909,34.181629],[-84.062246,34.168446],[-84.075075,34.163296],[-84.094805,34.132223],[-84.101913,34.104554],[-84.109894,34.098423],[-84.11797,34.06666],[-84.097693,34.050708],[-84.143617,34.055374],[-84.17765,34.069935],[-84.185585,34.082557],[-84.205969,34.090679],[-84.213755,34.099143],[-84.230841,34.096725],[-84.254092,34.104294],[-84.25901,34.109564],[-84.258861,34.201405]]]}},{"type":"Feature","properties":{"GEOID":"13255","NAME":"Spalding","state":"GA","wildfire_risk_score":37.913,"wildfire_eal_total":23985.34,"risk_band":"Low","source":"FEMA National Risk Index v1.20 (December 2025)"},"geometry":{"type":"Polygon","coordinates":[[[-84.508926,33.245222],[-84.498246,33.25002],[-84.497527,33.257422],[-84.433034,33.256501],[-84.430735,33.27554],[-84.419105,33.287267],[-84.419121,33.293476],[-84.408455,33.294178],[-84.40242,33.305495],[-84.397203,33.301478],[-84.393257,33.31686],[-84.384172,33.319957],[-84.390518,33.334259],[-84.38273,33.341898],[-84.388118,33.352465],[-84.247438,33.352621],[-84.247269,33.335813],[-84.150581,33.335639],[-84.150909,33.312982],[-84.145355,33.316593],[-84.131531,33.302448],[-84.102952,33.298838],[-84.088991,33.285646],[-84.122623,33.252668],[-84.118123,33.244424],[-84.122998,33.244515],[-84.123981,33.17862],[-84.224277,33.179388],[-84.227503,33.188905],[-84.373685,33.189625],[-84.373141,33.20036],[-84.39363,33.200271],[-84.393467,33.208311],[-84.404479,33.208497],[-84.451336,33.208889],[-84.458818,33.201093],[-84.473497,33.201909],[-84.481302,33.18846],[-84.496783,33.183866],[-84.496812,33.191998],[-84.490539,33.197586],[-84.498443,33.201648],[-84.49682,33.209907],[-84.50645,33.226094],[-84.50026,33.233252],[-84.508926,33.245222]]]}},{"type":"Feature","properties":{"GEOID":"13043","NAME":"Candler","state":"GA","wildfire_risk_score":35.083,"wildfire_eal_total":15949.75,"risk_band":"Low","source":"FEMA National Risk Index v1.20 (December 2025)"},"geometry":{"type":"Polygon","coordinates":[[[-82.254572,32.351498],[-82.187944,32.433571],[-82.181145,32.474066],[-82.148338,32.520429],[-82.079842,32.560063],[-81.971003,32.51324],[-81.979813,32.501137],[-81.973928,32.485702],[-81.974121,32.469971],[-81.964226,32.463752],[-81.962123,32.452508],[-81.940389,32.436099],[-81.936555,32.422719],[-81.918671,32.41541],[-81.956924,32.286228],[-81.969069,32.268783],[-82.232788,32.318838],[-82.239362,32.326546],[-82.236075,32.328584],[-82.239752,32.332216],[-82.238112,32.344414],[-82.254572,32.351498]]]}},{"type":"Feature","properties":{"GEOID":"13155","NAME":"Irwin","state":"GA","wildfire_risk_score":23.251,"wildfire_eal_total":9575.58,"risk_band":"Low","source":"FEMA National Risk Index v1.20 (December 2025)"},"geometry":{"type":"Polygon","coordinates":[[[-83.500702,31.59399],[-83.499885,31.619458],[-83.491647,31.61941],[-83.490672,31.696093],[-83.460637,31.69539],[-83.459839,31.703245],[-83.452919,31.708597],[-83.466637,31.741806],[-83.452696,31.750599],[-83.453634,31.757861],[-83.370272,31.757056],[-83.369642,31.769651],[-83.339664,31.769552],[-83.339868,31.756599],[-83.325296,31.756584],[-83.325617,31.680603],[-83.265636,31.679859],[-83.266363,31.654203],[-83.177218,31.651691],[-83.176376,31.678382],[-82.99836,31.673164],[-82.998794,31.660467],[-83.01342,31.660801],[-83.014174,31.635715],[-83.029361,31.636185],[-83.030189,31.623688],[-83.044424,31.62416],[-83.044848,31.610805],[-83.058807,31.611212],[-83.060043,31.565493],[-83.068268,31.545164],[-83.082661,31.524107],[-83.083732,31.515288],[-83.095765,31.507489],[-83.11166,31.478229],[-83.119817,31.473677],[-83.341375,31.475912],[-83.364076,31.484943],[-83.376475,31.482029],[-83.38423,31.492082],[-83.386527,31.510777],[-83.407066,31.543465],[-83.420624,31.553477],[-83.47093,31.555957],[-83.470825,31.569391],[-83.500951,31.570117],[-83.500702,31.59399]]]}},{"type":"Feature","properties":{"GEOID":"13287","NAME":"Turner","state":"GA","wildfire_risk_score":39.631,"wildfire_eal_total":17063.84,"risk_band":"Low","source":"FEMA National Risk Index v1.20 (December 2025)"},"geometry":{"type":"Polygon","coordinates":[[[-83.802223,31.803495],[-83.612642,31.804128],[-83.612256,31.854089],[-83.480176,31.847312],[-83.484373,31.834826],[-83.477592,31.831051],[-83.473808,31.809124],[-83.45919,31.794298],[-83.460098,31.782673],[-83.455132,31.778286],[-83.452179,31.752165],[-83.466637,31.741806],[-83.452919,31.708597],[-83.459839,31.703245],[-83.460637,31.69539],[-83.490672,31.696093],[-83.491647,31.61941],[-83.499885,31.619458],[-83.500702,31.59399],[-83.648972,31.596466],[-83.649384,31.567977],[-83.654075,31.571063],[-83.663757,31.565629],[-83.672701,31.576183],[-83.66769,31.585871],[-83.669978,31.595137],[-83.677667,31.600874],[-83.684373,31.596842],[-83.698863,31.602834],[-83.706481,31.619088],[-83.796846,31.622929],[-83.79731,31.760748],[-83.798727,31.801168],[-83.802223,31.803495]]]}},{"type":"Feature","properties":{"GEOID":"13109","NAME":"Evans","state":"GA","wildfire_risk_score":47.964,"wildfire_eal_total":30578.07,"risk_band":"Moderate","source":"FEMA National Risk Index v1.20 (December 2025)"},"geometry":{"type":"Polygon","coordinates":[[[-82.025339,32.278883],[-81.967522,32.267598],[-81.963092,32.271862],[-81.953213,32.266832],[-81.892725,32.274783],[-81.860974,32.255493],[-81.856341,32.257092],[-81.841699,32.240932],[-81.81628,32.23747],[-81.803886,32.219849],[-81.806922,32.207558],[-81.803368,32.199198],[-81.792594,32.193351],[-81.780873,32.175342],[-81.77729,32.131939],[-81.770994,32.131206],[-81.761215,32.119568],[-81.763938,32.116154],[-81.753936,32.111435],[-81.75634,32.104584],[-81.741043,32.1045],[-81.732414,32.096657],[-81.726837,32.098824],[-81.718658,32.089351],[-81.761735,32.0479],[-81.889118,32.050438],[-81.980041,32.081502],[-82.025339,32.278883]]]}},{"type":"Feature","properties":{"GEOID":"13007","NAME":"Baker","state":"GA","wildfire_risk_score":30.598,"wildfire_eal_total":8922.46,"risk_band":"Low","source":"FEMA National Risk Index v1.20 (December 2025)"},"geometry":{"type":"Polygon","coordinates":[[[-84.641659,31.312501],[-84.638082,31.332079],[-84.627579,31.332117],[-84.627676,31.341577],[-84.638254,31.341684],[-84.637579,31.433926],[-84.546641,31.431891],[-84.545997,31.440783],[-84.534981,31.440376],[-84.535334,31.431686],[-84.524375,31.431484],[-84.524295,31.440032],[-84.513503,31.439607],[-84.513752,31.430985],[-84.490813,31.427882],[-84.490839,31.435439],[-84.468635,31.438803],[-84.468704,31.448173],[-84.459034,31.448228],[-84.459066,31.454761],[-84.447875,31.454743],[-84.448112,31.446257],[-84.436047,31.446275],[-84.436037,31.441556],[-84.448112,31.441519],[-84.448133,31.436616],[-84.211593,31.435856],[-84.211123,31.440428],[-84.141124,31.440179],[-84.153629,31.413541],[-84.158268,31.417037],[-84.177118,31.410646],[-84.177582,31.393219],[-84.182151,31.391209],[-84.182556,31.399182],[-84.195668,31.391391],[-84.200627,31.374699],[-84.197986,31.357521],[-84.225112,31.356033],[-84.233268,31.341444],[-84.240121,31.338379],[-84.243472,31.342434],[-84.254412,31.335557],[-84.267461,31.341621],[-84.275608,31.329781],[-84.310857,31.324028],[-84.316302,31.311679],[-84.324127,31.313896],[-84.3409,31.304916],[-84.335513,31.291501],[-84.340672,31.278714],[-84.359445,31.259744],[-84.365756,31.240456],[-84.378127,31.238144],[-84.40598,31.218881],[-84.409066,31.209526],[-84.40435,31.199143],[-84.412855,31.188423],[-84.420083,31.187216],[-84.416904,31.193153],[-84.420169,31.19759],[-84.425987,31.190475],[-84.448692,31.180162],[-84.457646,31.167434],[-84.470276,31.168601],[-84.468498,31.164058],[-84.48264,31.156698],[-84.478804,31.148554],[-84.480994,31.138989],[-84.488779,31.138363],[-84.506823,31.123336],[-84.500092,31.11797],[-84.506314,31.108998],[-84.503393,31.089141],[-84.508078,31.0784],[-84.542653,31.079029],[-84.537101,31.255932],[-84.641673,31.258967],[-84.641659,31.312501]]]}},{"type":"Feature","properties":{"GEOID":"13257","NAME":"Stephens","state":"GA","wildfire_risk_score":37.023,"wildfire_eal_total":16671.89,"risk_band":"Low","source":"FEMA National Risk Index v1.20 (December 2025)"},"geometry":{"type":"Polygon","coordinates":[[[-83.451243,34.498535],[-83.365044,34.675308],[-83.338234,34.687187],[-83.341373,34.681358],[-83.325336,34.679517],[-83.314394,34.668944],[-83.304641,34.669561],[-83.293183,34.654296],[-83.254481,34.637096],[-83.240669,34.624507],[-83.243481,34.618197],[-83.231339,34.611187],[-83.208831,34.610705],[-83.199079,34.607998],[-83.197379,34.603198],[-83.180778,34.607498],[-83.159954,34.603464],[-83.160689,34.599474],[-83.170078,34.599598],[-83.170278,34.592398],[-83.154577,34.588198],[-83.158677,34.578999],[-83.143176,34.573399],[-83.140515,34.562386],[-83.122901,34.560129],[-83.121894,34.552338],[-83.103451,34.538623],[-83.177838,34.477017],[-83.373054,34.470216],[-83.398049,34.460998],[-83.45843,34.483933],[-83.451243,34.498535]]]}},{"type":"Feature","properties":{"GEOID":"13293","NAME":"Upson","state":"GA","wildfire_risk_score":41.571,"wildfire_eal_total":26900.23,"risk_band":"Low","source":"FEMA National Risk Index v1.20 (December 2025)"},"geometry":{"type":"MultiPolygon","coordinates":[[[[-84.302745,33.00415],[-84.298673,33.00414],[-84.298665,32.999671],[-84.302743,32.999696],[-84.302745,33.00415]]],[[[-84.534397,32.964191],[-84.531482,32.970149],[-84.505721,32.972551],[-84.499377,32.9795],[-84.501935,32.982979],[-84.489708,32.993729],[-84.298723,32.99147],[-84.298665,32.999671],[-84.292935,32.999451],[-84.289102,32.991326],[-84.122361,32.989576],[-84.124332,32.800935],[-84.149328,32.801206],[-84.202628,32.690018],[-84.203368,32.697834],[-84.211353,32.701335],[-84.218978,32.719848],[-84.236303,32.721043],[-84.22924,32.73266],[-84.235803,32.738284],[-84.25644,32.722717],[-84.262706,32.739306],[-84.284264,32.744517],[-84.301393,32.761338],[-84.313912,32.755693],[-84.325776,32.762456],[-84.335739,32.75956],[-84.353579,32.78358],[-84.357402,32.781743],[-84.355579,32.773564],[-84.382542,32.780281],[-84.391017,32.786956],[-84.408365,32.826428],[-84.420547,32.838417],[-84.434179,32.838063],[-84.442729,32.825208],[-84.456641,32.828662],[-84.46731,32.853006],[-84.476452,32.856065],[-84.483057,32.852252],[-84.490086,32.856899],[-84.489152,32.862302],[-84.475304,32.872463],[-84.475892,32.876855],[-84.498256,32.883595],[-84.506888,32.881788],[-84.511594,32.91234],[-84.526614,32.913477],[-84.52799,32.927897],[-84.522349,32.933906],[-84.519335,32.952379],[-84.524443,32.960548],[-84.534397,32.964191]]]]}},{"type":"Feature","properties":{"GEOID":"13147","NAME":"Hart","state":"GA","wildfire_risk_score":23.187,"wildfire_eal_total":7806.31,"risk_band":"Low","source":"FEMA National Risk Index v1.20 (December 2025)"},"geometry":{"type":"Polygon","coordinates":[[[-83.113925,34.272011],[-83.105934,34.278912],[-83.094711,34.347023],[-83.107063,34.344669],[-83.094093,34.416073],[-83.0514253854757,34.4939187486955],[-83.03336,34.48309],[-82.999195,34.472447],[-82.992671,34.479072],[-82.979746,34.482938],[-82.974917,34.47935],[-82.964241,34.484571],[-82.955706,34.478901],[-82.937155,34.486382],[-82.926156,34.481651],[-82.901551,34.486764],[-82.887398,34.480959],[-82.881174,34.469479],[-82.858837,34.45522],[-82.834806,34.366302],[-82.794701,34.34058],[-82.787239,34.310778],[-82.773771725269,34.2887156346273],[-82.82382,34.27062],[-82.915535,34.247684],[-82.958799,34.218539],[-82.966118,34.220489],[-82.980018,34.210066],[-82.99638,34.21911],[-82.988367,34.224436],[-83.018785,34.234085],[-83.076889,34.22242],[-83.115847,34.262125],[-83.113925,34.272011]]]}},{"type":"Feature","properties":{"GEOID":"13095","NAME":"Dougherty","state":"GA","wildfire_risk_score":70.42,"wildfire_eal_total":128680.9,"risk_band":"High","source":"FEMA National Risk Index v1.20 (December 2025)"},"geometry":{"type":"Polygon","coordinates":[[[-84.457662,31.584042],[-84.447032,31.605081],[-84.450398,31.621868],[-84.043213,31.623573],[-84.02891,31.64836],[-83.993374,31.650034],[-83.993463,31.64142],[-84.002879,31.641707],[-84.003063,31.633635],[-84.012509,31.633619],[-84.012701,31.62459],[-83.996246,31.625154],[-83.996567,31.563518],[-83.981606,31.563322],[-83.982451,31.55162],[-83.996665,31.551663],[-83.997468,31.47601],[-83.982429,31.475815],[-83.982569,31.46348],[-83.997679,31.462773],[-83.997796,31.443753],[-84.211123,31.440428],[-84.211593,31.435856],[-84.429876,31.436661],[-84.426066,31.447885],[-84.412521,31.45693],[-84.425734,31.497581],[-84.437891,31.509394],[-84.447348,31.544198],[-84.454923,31.548331],[-84.452029,31.573589],[-84.457662,31.584042]]]}},{"type":"Feature","properties":{"GEOID":"13059","NAME":"Clarke","state":"GA","wildfire_risk_score":25.636,"wildfire_eal_total":12244.27,"risk_band":"Low","source":"FEMA National Risk Index v1.20 (December 2025)"},"geometry":{"type":"Polygon","coordinates":[[[-83.537385,33.965912],[-83.498243,33.987529],[-83.501597,33.990213],[-83.503677,33.998081],[-83.503054,33.999577],[-83.484473,33.992827],[-83.383957,34.031017],[-83.392963,34.033721],[-83.384422,34.038531],[-83.377701,34.033382],[-83.359495,34.040288],[-83.320241,34.026023],[-83.294215,34.008154],[-83.280151,34.00362],[-83.263306,34.006141],[-83.258413,33.999098],[-83.268992,34.000604],[-83.26918,33.981671],[-83.27556,33.977512],[-83.266225,33.970321],[-83.265918,33.96309],[-83.279145,33.95465],[-83.277647,33.946741],[-83.24086,33.90443],[-83.275933,33.847977],[-83.323055,33.854663],[-83.326688,33.855591],[-83.324013,33.864357],[-83.32753,33.8689],[-83.346191,33.878666],[-83.359951,33.87557],[-83.366244,33.887785],[-83.373408,33.885588],[-83.384906,33.895454],[-83.3828,33.898649],[-83.390811,33.899972],[-83.394592,33.907806],[-83.415512,33.918541],[-83.421933,33.927055],[-83.438347,33.922462],[-83.466721,33.926228],[-83.468952,33.931064],[-83.508313,33.9312],[-83.537385,33.965912]]]}},{"type":"Feature","properties":{"GEOID":"13017","NAME":"Ben Hill","state":"GA","wildfire_risk_score":42.398,"wildfire_eal_total":18561.63,"risk_band":"Moderate","source":"FEMA National Risk Index v1.20 (December 2025)"},"geometry":{"type":"Polygon","coordinates":[[[-83.484529,31.835521],[-83.480176,31.847312],[-83.209638,31.844646],[-83.205456,31.849361],[-83.182533,31.851783],[-83.152311,31.83166],[-83.151966,31.82488],[-83.134605,31.824115],[-83.132568,31.815219],[-83.140767,31.818105],[-83.129009,31.809963],[-83.111557,31.809195],[-83.107687,31.812299],[-83.112505,31.812865],[-83.111503,31.816245],[-83.106326,31.819181],[-83.107244,31.814525],[-83.099269,31.808295],[-83.090023,31.807618],[-83.086684,31.81274],[-83.080357,31.800597],[-83.072225,31.801576],[-83.069603,31.796213],[-83.052816,31.789224],[-83.039045,31.790566],[-83.040091,31.786799],[-83.027966,31.778291],[-83.014158,31.779178],[-83.005787,31.774629],[-82.995698,31.780983],[-82.99836,31.673164],[-83.176376,31.678382],[-83.177218,31.651691],[-83.266363,31.654203],[-83.265636,31.679859],[-83.325617,31.680603],[-83.325296,31.756584],[-83.339868,31.756599],[-83.339664,31.769552],[-83.369642,31.769651],[-83.370272,31.757056],[-83.453634,31.757861],[-83.45887,31.793612],[-83.472664,31.807022],[-83.476547,31.828836],[-83.484529,31.835521]]]}},{"type":"Feature","properties":{"GEOID":"13037","NAME":"Calhoun","state":"GA","wildfire_risk_score":29.326,"wildfire_eal_total":8128.13,"risk_band":"Low","source":"FEMA National Risk Index v1.20 (December 2025)"},"geometry":{"type":"Polygon","coordinates":[[[-84.827945,31.601883],[-84.818006,31.601963],[-84.817843,31.619771],[-84.656517,31.619981],[-84.656307,31.637892],[-84.649579,31.637943],[-84.649297,31.64367],[-84.622229,31.637824],[-84.622521,31.628465],[-84.606931,31.628255],[-84.606777,31.637798],[-84.59715,31.637613],[-84.59741,31.621358],[-84.586501,31.621159],[-84.586596,31.637387],[-84.577972,31.637252],[-84.578024,31.621098],[-84.56884,31.6211],[-84.568823,31.628627],[-84.557135,31.628449],[-84.556955,31.621166],[-84.450398,31.621868],[-84.447032,31.605081],[-84.457662,31.584042],[-84.452029,31.573589],[-84.454923,31.548331],[-84.447348,31.544198],[-84.437891,31.509394],[-84.425734,31.497581],[-84.412521,31.45693],[-84.426066,31.447885],[-84.429876,31.436661],[-84.448133,31.436616],[-84.448112,31.441519],[-84.436037,31.441556],[-84.436047,31.446275],[-84.448112,31.446257],[-84.447875,31.454743],[-84.459066,31.454761],[-84.459034,31.448228],[-84.468704,31.448173],[-84.468635,31.438803],[-84.490839,31.435439],[-84.490813,31.427882],[-84.513752,31.430985],[-84.513503,31.439607],[-84.524295,31.440032],[-84.524375,31.431484],[-84.535334,31.431686],[-84.534981,31.440376],[-84.545997,31.440783],[-84.546641,31.431891],[-84.789032,31.436356],[-84.792265,31.44531],[-84.789383,31.452511],[-84.801411,31.461201],[-84.8074,31.472977],[-84.797093,31.473586],[-84.796609,31.501286],[-84.807125,31.501345],[-84.806887,31.491729],[-84.819769,31.491563],[-84.819915,31.514381],[-84.80796,31.514383],[-84.807841,31.518928],[-84.809999,31.530828],[-84.819555,31.530913],[-84.818935,31.5479],[-84.810309,31.54769],[-84.81018,31.556483],[-84.799134,31.565253],[-84.818403,31.56573],[-84.818152,31.593176],[-84.828062,31.592483],[-84.827945,31.601883]]]}},{"type":"Feature","properties":{"GEOID":"13225","NAME":"Peach","state":"GA","wildfire_risk_score":56.33,"wildfire_eal_total":65119.38,"risk_band":"Moderate","source":"FEMA National Risk Index v1.20 (December 2025)"},"geometry":{"type":"Polygon","coordinates":[[[-84.016397,32.508208],[-84.007258,32.522967],[-84.001069,32.520586],[-84.003109,32.530189],[-83.954708,32.563048],[-83.955002,32.55274],[-83.945237,32.552667],[-83.945364,32.569617],[-83.930508,32.580046],[-83.929747,32.587293],[-83.920124,32.586993],[-83.766611,32.692622],[-83.70109,32.691598],[-83.701981,32.682246],[-83.708894,32.674666],[-83.709152,32.651304],[-83.728066,32.650768],[-83.728175,32.635134],[-83.718631,32.634983],[-83.718706,32.610644],[-83.71273,32.610577],[-83.719186,32.597774],[-83.721894,32.523258],[-83.731536,32.522495],[-83.748697,32.534157],[-83.749007,32.505248],[-83.778007,32.505547],[-83.777907,32.512948],[-83.787307,32.512848],[-83.787752,32.49653],[-83.797694,32.496568],[-83.797712,32.44699],[-83.81715,32.44671],[-83.817118,32.439876],[-83.827637,32.439148],[-83.827785,32.457557],[-83.842618,32.461267],[-83.849377,32.472872],[-83.872089,32.479014],[-83.877066,32.489015],[-83.88658,32.493768],[-83.922832,32.497428],[-83.923017,32.483264],[-83.931122,32.483745],[-83.923363,32.511355],[-83.932211,32.511645],[-83.932472,32.50569],[-83.971115,32.505927],[-83.971208,32.514248],[-83.987287,32.514336],[-83.987426,32.50609],[-84.016397,32.508208]]]}},{"type":"Feature","properties":{"GEOID":"13093","NAME":"Dooly","state":"GA","wildfire_risk_score":42.653,"wildfire_eal_total":31079.55,"risk_band":"Moderate","source":"FEMA National Risk Index v1.20 (December 2025)"},"geometry":{"type":"Polygon","coordinates":[[[-84.033243,32.153877],[-84.026179,32.1723],[-84.031087,32.178854],[-84.021235,32.185986],[-84.012641,32.201363],[-83.975889,32.228721],[-83.965121,32.248005],[-83.897628,32.280741],[-83.894777,32.292175],[-83.718434,32.290162],[-83.718759,32.283074],[-83.70033,32.282583],[-83.700362,32.289991],[-83.606397,32.288435],[-83.606368,32.251333],[-83.615799,32.251468],[-83.615846,32.241706],[-83.606926,32.238282],[-83.609663,32.027938],[-83.961278,32.030595],[-83.961469,32.035884],[-83.969194,32.03855],[-83.968411,32.046055],[-83.97989,32.043979],[-83.976815,32.061611],[-83.987161,32.071634],[-83.974838,32.092187],[-83.989982,32.095071],[-83.990042,32.101427],[-83.99781,32.10045],[-84.000832,32.108918],[-83.996547,32.112559],[-84.010584,32.117947],[-84.009068,32.131341],[-84.021507,32.13601],[-84.033243,32.153877]]]}},{"type":"Feature","properties":{"GEOID":"13207","NAME":"Monroe","state":"GA","wildfire_risk_score":53.372,"wildfire_eal_total":55767.5,"risk_band":"Moderate","source":"FEMA National Risk Index v1.20 (December 2025)"},"geometry":{"type":"Polygon","coordinates":[[[-84.123585,32.912952],[-84.12334,32.932184],[-84.054175,32.931497],[-84.053578,32.948031],[-84.044113,32.947874],[-84.041498,33.202629],[-83.877014,33.202387],[-83.83995,33.195087],[-83.832223,33.184355],[-83.822261,33.180238],[-83.82372,33.159723],[-83.813919,33.147633],[-83.816362,33.124563],[-83.799014,33.116578],[-83.794807,33.104351],[-83.781052,33.092516],[-83.774468,33.079703],[-83.747004,33.063373],[-83.737309,33.043866],[-83.72537,33.032666],[-83.721212,33.023364],[-83.729647,33.013565],[-83.718982,33.001079],[-83.724637,32.993575],[-83.72295,32.977328],[-83.706093,32.964391],[-83.710685,32.952792],[-83.734112,32.952393],[-83.730613,32.945013],[-83.725855,32.944905],[-83.891922,32.848351],[-83.968421,32.84886],[-83.968309,32.857136],[-83.978109,32.857136],[-83.978409,32.848936],[-84.124275,32.849562],[-84.123585,32.912952]]]}},{"type":"Feature","properties":{"GEOID":"13055","NAME":"Chattooga","state":"GA","wildfire_risk_score":54.294,"wildfire_eal_total":41949.64,"risk_band":"Moderate","source":"FEMA National Risk Index v1.20 (December 2025)"},"geometry":{"type":"Polygon","coordinates":[[[-85.527261,34.588683],[-85.371396,34.589305],[-85.359289,34.581969],[-85.352072,34.582469],[-85.353477,34.589256],[-85.107748,34.587483],[-85.14765,34.514985],[-85.180321,34.436316],[-85.215078,34.429586],[-85.214566,34.422806],[-85.22231,34.420807],[-85.222437,34.415533],[-85.241341,34.415518],[-85.241447,34.408264],[-85.249087,34.408195],[-85.249208,34.40173],[-85.334881,34.369748],[-85.363197,34.33902],[-85.382818,34.303283],[-85.378815,34.296215],[-85.387351,34.286097],[-85.4620817189037,34.2863854944266],[-85.527261,34.588683]]]}}]}