{"type":"FeatureCollection","metadata":{"state":"ID","boundary_source":"U.S. Census Bureau 2024 Cartographic Boundary File (counties, 1:500,000)","risk_source":"FEMA National Risk Index v1.20 (December 2025)"},"features":[{"type":"Feature","properties":{"GEOID":"16073","NAME":"Owyhee","state":"ID","wildfire_risk_score":95.802,"wildfire_eal_total":2704138.88,"risk_band":"High","source":"FEMA National Risk Index v1.20 (December 2025)"},"geometry":{"type":"Polygon","coordinates":[[[-117.027001,43.621032],[-117.026624495654,43.6808035152354],[-116.969474,43.668334],[-116.955309,43.635676],[-116.923333,43.619223],[-116.907933,43.600425],[-116.868951,43.591845],[-116.844978,43.5944],[-116.816511,43.577921],[-116.805411,43.564845],[-116.800182,43.548317],[-116.780266,43.526938],[-116.785062,43.49951],[-116.777692,43.473228],[-116.744726,43.45554],[-116.727625,43.435777],[-116.676417,43.400234],[-116.669397,43.387958],[-116.622569,43.370009],[-116.603883,43.346106],[-116.599998,43.330831],[-116.583553,43.31605],[-116.579167,43.306178],[-116.521832,43.297906],[-116.49975,43.281837],[-116.484082,43.289271],[-116.433042,43.296247],[-116.410247,43.284421],[-116.402638,43.273606],[-116.402364,43.261646],[-116.377185,43.239313],[-116.385955,43.193577],[-116.352529,43.165123],[-116.336044,43.161372],[-116.333281,43.149055],[-116.316404,43.141321],[-116.308001,43.12284],[-116.269363,43.117213],[-116.26684,43.106099],[-116.237384,43.094464],[-116.204472,43.092454],[-116.191672,43.082473],[-116.20809,43.067645],[-116.20174,43.04893],[-116.170841,43.037803],[-116.147127,43.037632],[-116.139684,43.030478],[-116.150214,43.018219],[-116.145817,43.013416],[-116.118785,43.012606],[-116.090743,42.987883],[-116.051452,42.986342],[-116.032169,42.961878],[-116.012826,42.950206],[-115.964966,42.943673],[-115.961853,42.956304],[-115.97211,42.970485],[-115.964482,42.985462],[-115.92898,43.001859],[-115.91744,42.995231],[-115.917101,42.987405],[-115.906719,42.982283],[-115.880118,42.989122],[-115.867561,42.982954],[-115.8647,42.974781],[-115.846266,42.969258],[-115.808278,42.974146],[-115.790867,42.971924],[-115.786071,42.960395],[-115.79631,42.948712],[-115.771505,42.938664],[-115.752273,42.937602],[-115.739866,42.943249],[-115.731537,42.938634],[-115.694474,42.939357],[-115.625893,42.956236],[-115.613672,42.951005],[-115.603065,42.937271],[-115.56063,42.934684],[-115.536425,42.942926],[-115.49493,42.926429],[-115.441522,42.931127],[-115.441414,42.851105],[-115.454053,42.85111],[-115.454224,42.767936],[-115.037697,42.768414],[-115.038157180221,41.9960123074291],[-117.026197,41.99989],[-117.027001,43.621032]]]}},{"type":"Feature","properties":{"GEOID":"16049","NAME":"Idaho","state":"ID","wildfire_risk_score":98.728,"wildfire_eal_total":17036224.16,"risk_band":"High","source":"FEMA National Risk Index v1.20 (December 2025)"},"geometry":{"type":"Polygon","coordinates":[[[-116.790206,45.855216],[-116.750235,45.869287],[-116.730343,45.894105],[-116.729819,45.903772],[-116.746505,45.917555],[-116.757154,45.940175],[-116.748695,45.961518],[-116.741695,45.968911],[-116.730077,45.971638],[-116.719539,45.987575],[-116.699081,45.999214],[-116.662595,45.991626],[-116.647644,45.995708],[-116.643088,46.006309],[-116.649214,46.028433],[-116.646147,46.032164],[-116.624947,46.037668],[-116.615093,46.032745],[-116.599595,46.033845],[-116.581034,46.028457],[-116.540235,45.998372],[-116.526382,46.004081],[-116.527868,46.020022],[-116.514751,46.038206],[-116.514447,46.131786],[-116.501835,46.123096],[-116.477568,46.122927],[-116.474614,46.128123],[-116.480949,46.14272],[-116.457446,46.174355],[-116.450163,46.196324],[-116.420449,46.20151],[-116.3933,46.187896],[-116.387427,46.190318],[-116.369525,46.183289],[-116.331527,46.184213],[-116.303713,46.166778],[-116.287711,46.173782],[-116.267459,46.168081],[-116.25708,46.171885],[-116.23601,46.159759],[-116.219639,46.161073],[-116.196922,46.152079],[-116.187039,46.160116],[-116.186258,46.178197],[-116.167236,46.187801],[-116.155104,46.204632],[-116.139526,46.213923],[-116.088417,46.207596],[-116.065341,46.212395],[-116.054986,46.209982],[-116.012624,46.225662],[-116.039102,46.241724],[-116.044536,46.251835],[-116.088206,46.263816],[-116.095908,46.276029],[-116.114281,46.286283],[-116.127103,46.298575],[-116.170272,46.371588],[-116.148782,46.369565],[-116.131623,46.354158],[-116.108696,46.364104],[-116.053104,46.355522],[-116.038657,46.34689],[-116.03931,46.341536],[-116.033095,46.34078],[-116.01242,46.316604],[-115.980767,46.299668],[-115.978704,46.294389],[-115.957268,46.288931],[-115.900648,46.290973],[-115.864205,46.280903],[-115.848474,46.282552],[-115.82769,46.271802],[-115.820879,46.273723],[-115.814741,46.265755],[-115.806838,46.26719],[-115.805283,46.272433],[-115.794021,46.266209],[-115.778831,46.267351],[-115.773458,46.280142],[-115.756955,46.284238],[-115.761296,46.289044],[-115.748702,46.296657],[-115.754184,46.309509],[-115.7394,46.319907],[-115.741698,46.327861],[-115.732512,46.329663],[-115.731712,46.366466],[-115.714129,46.381617],[-115.704778,46.380003],[-115.699552,46.38978],[-115.681084,46.39423],[-115.672498,46.409659],[-115.65048,46.421189],[-115.647393,46.435602],[-115.634609,46.437298],[-115.639772,46.447799],[-115.628957,46.473618],[-114.583385,46.633227],[-114.570751,46.643173],[-114.563335,46.640835],[-114.54232,46.649647],[-114.521384,46.640175],[-114.501217,46.64135],[-114.487385,46.633128],[-114.467095,46.631764],[-114.452609,46.641874],[-114.453477,46.649209],[-114.424424,46.660648],[-114.4131,46.656774],[-114.409898,46.661202],[-114.382809,46.662794],[-114.358528,46.670697],[-114.352898,46.663527],[-114.333125,46.660939],[-114.321118,46.647514],[-114.322173,46.626664],[-114.327782,46.620208],[-114.322537,46.611284],[-114.330256,46.599477],[-114.343733,46.590456],[-114.329788,46.57722],[-114.347221,46.552421],[-114.343975,46.541269],[-114.349208,46.529514],[-114.342794,46.518257],[-114.359683,46.504925],[-114.40255,46.500207],[-114.400672,46.477813],[-114.379799,46.460719],[-114.384052,46.446517],[-114.368541,46.437959],[-114.381377,46.433879],[-114.38503,46.411229],[-114.409779,46.399392],[-114.422212,46.387331],[-114.410493,46.365143],[-114.414259,46.335483],[-114.421366,46.330703],[-114.432796,46.3061],[-114.425441,46.287856],[-114.43544,46.27661],[-114.453657,46.270947],[-114.464921,46.273219],[-114.47072,46.266041],[-114.465133,46.252327],[-114.468254,46.248796],[-114.451852,46.240673],[-114.448564,46.232964],[-114.445823,46.219534],[-114.451678,46.214172],[-114.443215,46.202943],[-114.444091,46.169273],[-114.456531,46.170263],[-114.475953,46.160606],[-114.488909,46.167536],[-114.514977,46.167415],[-114.514676,46.153581],[-114.527096,46.146218],[-114.517782,46.135028],[-114.520513,46.12491],[-114.489758,46.113488],[-114.475178,46.113179],[-114.460475,46.09779],[-114.462458,46.078408],[-114.471282,46.077123],[-114.469438,46.06183],[-114.493475,46.052402],[-114.507419,46.031861],[-114.489313,46.027869],[-114.480505,46.030424],[-114.473474,46.013057],[-114.487783,46.003646],[-114.479992,45.992902],[-114.457496,45.997369],[-114.447616,45.987354],[-114.429422,45.986608],[-114.411755,45.97787],[-114.402524,45.957944],[-114.431396,45.93604],[-114.414854,45.921767],[-114.413168,45.911479],[-114.395088,45.900783],[-114.39371,45.892969],[-114.388689,45.892114],[-114.388557,45.882189],[-114.396638,45.87098],[-114.406231,45.869319],[-114.410706,45.851824],[-114.438348,45.862555],[-114.474891,45.846585],[-114.485757,45.851614],[-114.509303,45.845531],[-114.517183,45.833506],[-114.5144,45.827131],[-114.52959,45.819278],[-114.531029,45.809868],[-114.544967,45.797898],[-114.544431,45.790026],[-114.553013,45.787338],[-114.566465,45.77331],[-114.5441,45.758447],[-114.546527,45.742991],[-114.535723,45.739155],[-114.526654,45.727634],[-114.504175,45.721659],[-114.495385,45.703055],[-114.514993,45.685032],[-114.499049,45.67874],[-114.499576,45.669604],[-114.509065,45.656806],[-114.523058,45.649352],[-114.540257,45.650272],[-114.542323,45.641961],[-114.563987,45.637621],[-114.55331,45.618869],[-114.545004,45.617131],[-114.538471,45.605764],[-114.558325,45.584278],[-114.552956,45.576603],[-114.571537,45.549603],[-114.584907,45.544296],[-114.587876,45.537915],[-114.618795,45.528594],[-114.631996,45.519177],[-114.663725,45.471005],[-114.680611,45.473949],[-114.680626,45.484147],[-114.690526,45.490776],[-114.73415,45.489897],[-114.774378,45.51361],[-114.788246,45.512489],[-114.798042,45.496793],[-114.793248,45.49409],[-114.79861,45.476255],[-114.787658,45.458262],[-114.793302,45.451052],[-114.793207,45.436334],[-114.769127,45.434557],[-114.763189,45.41409],[-114.734496,45.395371],[-114.716235,45.39548],[-114.69548,45.368898],[-114.675205,45.3652],[-114.676374,45.351962],[-114.66347,45.336687],[-114.60394,45.295826],[-114.593325,45.297415],[-114.60747,45.281253],[-114.648403,45.258599],[-114.659534,45.248584],[-114.6645,45.236475],[-114.675715,45.232729],[-114.684483,45.218345],[-114.684947,45.207929],[-114.694001,45.197182],[-115.975787,45.195282],[-115.96507,45.203516],[-115.974483,45.219651],[-115.989937,45.212836],[-115.990939,45.205703],[-116.019329,45.18282],[-116.043304,45.179268],[-116.047452,45.166832],[-116.063852,45.165282],[-116.075689,45.154712],[-116.121662,45.158549],[-116.126408,45.144413],[-116.136481,45.137096],[-116.135265,45.124069],[-116.145495,45.112917],[-116.144386,45.107651],[-116.30475,45.108793],[-116.304153,45.119164],[-116.285969,45.128732],[-116.283087,45.13722],[-116.287509,45.14693],[-116.299466,45.151681],[-116.303666,45.171645],[-116.301084,45.184521],[-116.342876,45.267872],[-116.687174152113,45.2676428484611],[-116.675587,45.274867],[-116.672733,45.283183],[-116.673793,45.321511],[-116.619057,45.39821],[-116.597447,45.41277],[-116.588195,45.44292],[-116.554829,45.46293],[-116.558804,45.481188],[-116.553171,45.495932],[-116.557587,45.503217],[-116.535482,45.525079],[-116.523638,45.54661],[-116.528558,45.551078],[-116.506967,45.558427],[-116.502756,45.566608],[-116.481943,45.577898],[-116.483105,45.58516],[-116.463635,45.602785],[-116.463504,45.615785],[-116.472346,45.629409],[-116.482806,45.633595],[-116.487894,45.649769],[-116.535396,45.691734],[-116.535698,45.734231],[-116.546643,45.750972],[-116.593004,45.778541],[-116.632032,45.784979],[-116.646342,45.779815],[-116.665344,45.781998],[-116.680139,45.79359],[-116.697192,45.820135],[-116.711822,45.826267],[-116.736268,45.826179],[-116.7634,45.81658],[-116.788329,45.831928],[-116.787792,45.844267],[-116.794454975327,45.8561406398762],[-116.790206,45.855216]]]}},{"type":"Feature","properties":{"GEOID":"16085","NAME":"Valley","state":"ID","wildfire_risk_score":97.455,"wildfire_eal_total":9058809.35,"risk_band":"High","source":"FEMA National Risk Index v1.20 (December 2025)"},"geometry":{"type":"Polygon","coordinates":[[[-116.213381,44.237844],[-116.21291,44.324373],[-116.152295,44.324519],[-116.152418,44.498832],[-116.158585,44.500702],[-116.158717,44.508816],[-116.164247,44.513305],[-116.1606,44.516797],[-116.165333,44.539749],[-116.176306,44.561],[-116.176206,44.578721],[-116.184176,44.585652],[-116.170058,44.621195],[-116.173731,44.637013],[-116.168718,44.641269],[-116.177557,44.645936],[-116.177673,44.651903],[-116.167804,44.659517],[-116.157413,44.70296],[-116.183488,44.726153],[-116.177155,44.731006],[-116.176562,44.745238],[-116.206284,44.766973],[-116.211211,44.780872],[-116.202464,44.795945],[-116.197011,44.864216],[-116.190619,44.865112],[-116.18533,44.888911],[-116.175135,44.886976],[-116.172515,44.901462],[-116.160787,44.90079],[-116.154957,44.944189],[-116.130684,44.941914],[-116.115386,44.961947],[-116.112956,44.975969],[-116.127689,44.98691],[-116.134266,45.008142],[-116.128595,45.020933],[-116.114917,45.021894],[-116.113269,45.030781],[-116.104704,45.030778],[-116.101181,45.046617],[-116.106649,45.051445],[-116.094365,45.053777],[-116.089118,45.063617],[-116.103761,45.071824],[-116.141393,45.080507],[-116.139492,45.099676],[-116.145495,45.112917],[-116.135265,45.124069],[-116.136481,45.137096],[-116.126408,45.144413],[-116.121662,45.158549],[-116.075689,45.154712],[-116.063852,45.165282],[-116.047452,45.166832],[-116.043304,45.179268],[-116.019329,45.18282],[-115.990939,45.205703],[-115.989937,45.212836],[-115.974483,45.219651],[-115.96507,45.203516],[-115.975787,45.195282],[-114.694001,45.197182],[-114.698839,45.189701],[-114.716048,45.187683],[-114.722535,45.179325],[-114.723553,45.160055],[-114.73227,45.151155],[-114.727823,45.128508],[-114.721482,45.121023],[-114.730386,45.108386],[-114.733191,45.09449],[-114.719485,45.087967],[-114.728858,45.071943],[-114.722898,45.055957],[-114.727035,45.045159],[-114.722527,45.041704],[-114.728735,45.013399],[-114.721531,45.008205],[-114.730064,45.002476],[-114.735991,44.974869],[-114.73051,44.969051],[-114.735701,44.949793],[-114.726155,44.946585],[-114.723272,44.934387],[-114.73599,44.925743],[-114.729164,44.920363],[-114.732857,44.909696],[-114.726875,44.903033],[-114.732111,44.893832],[-114.723294,44.891177],[-114.731844,44.886608],[-114.734551,44.878746],[-114.749936,44.879182],[-114.751585,44.874271],[-114.768911,44.872444],[-114.769801,44.86515],[-114.760777,44.856194],[-114.770946,44.851551],[-114.766449,44.842742],[-114.783601,44.840257],[-114.789023,44.833505],[-114.79309,44.836111],[-114.795396,44.825345],[-114.805858,44.820166],[-114.813167,44.806914],[-114.833849,44.802691],[-114.853082,44.782042],[-114.858938,44.785367],[-114.871086,44.77968],[-114.896203,44.764475],[-114.896973,44.759101],[-114.913627,44.75755],[-114.915548,44.744806],[-114.927641,44.733857],[-114.943007,44.730828],[-114.947413,44.723038],[-114.956116,44.720982],[-114.979546,44.730008],[-114.995963,44.728718],[-115.00962,44.713367],[-115.018601,44.731506],[-115.013735,44.736701],[-115.017155,44.743422],[-115.032816,44.734974],[-115.038655,44.750652],[-115.061916,44.756249],[-115.075702,44.769164],[-115.088934,44.771077],[-115.136479,44.743145],[-115.151937,44.728592],[-115.139369,44.714875],[-115.14918,44.7012],[-115.150713,44.69645],[-115.146657,44.694587],[-115.15263,44.677223],[-115.165631,44.661486],[-115.167998,44.647618],[-115.18028,44.645884],[-115.18147,44.639566],[-115.195067,44.632634],[-115.198961,44.624182],[-115.222,44.630704],[-115.226073,44.625895],[-115.222485,44.619429],[-115.24949,44.618142],[-115.257668,44.615244],[-115.260218,44.606219],[-115.280531,44.611468],[-115.283208,44.602549],[-115.304994,44.579857],[-115.298152,44.551311],[-115.290396,44.543197],[-115.294822,44.532648],[-115.280393,44.526486],[-115.280548,44.518568],[-115.255197,44.517068],[-115.249765,44.520844],[-115.244675,44.51204],[-115.238271,44.510978],[-115.238747,44.500955],[-115.228289,44.490716],[-115.226636,44.481361],[-115.226546,44.474831],[-115.235204,44.47024],[-115.223645,44.463449],[-115.232281,44.458556],[-115.227202,44.453622],[-115.231605,44.446878],[-115.228222,44.423521],[-115.26023,44.370295],[-115.276858,44.357026],[-115.284281,44.358222],[-115.284026,44.346731],[-115.294614,44.339445],[-115.323474,44.351041],[-115.357484,44.345959],[-115.350155,44.336325],[-115.356744,44.331557],[-115.350816,44.3264],[-115.351375,44.306434],[-115.386173,44.289459],[-115.390439,44.269867],[-115.401489,44.265804],[-115.402309,44.258982],[-115.412843,44.266108],[-115.42616,44.26647],[-115.442822,44.254978],[-115.443549,44.248166],[-115.472043,44.238133],[-115.484737,44.241215],[-115.494543,44.232839],[-115.502338,44.234463],[-115.506206,44.243285],[-115.515573,44.242406],[-115.520287,44.235356],[-116.103072,44.236409],[-116.11648,44.181979],[-116.114122,44.178135],[-116.120379,44.169709],[-116.11249,44.147839],[-116.213871,44.151387],[-116.213381,44.237844]]]}},{"type":"Feature","properties":{"GEOID":"16005","NAME":"Bannock","state":"ID","wildfire_risk_score":96.915,"wildfire_eal_total":8582941.42,"risk_band":"High","source":"FEMA National Risk Index v1.20 (December 2025)"},"geometry":{"type":"Polygon","coordinates":[[[-112.752341,42.958],[-112.745021,42.969863],[-112.734204,42.975502],[-112.741501,42.980826],[-112.741566,42.988858],[-112.730342,42.992504],[-112.706747,42.990683],[-112.704496,42.997663],[-112.693185,42.999739],[-112.69482,43.008109],[-112.680409,43.012267],[-112.682232,43.018733],[-112.676152,43.022012],[-112.665635,43.01553],[-112.656552,43.021944],[-112.063023,43.022364],[-112.065949,43.019392],[-112.055963,43.00797],[-112.058735,43.003588],[-112.053353,43.00045],[-112.052883,42.991044],[-112.063849,42.97988],[-112.07502,42.98028],[-112.088706,42.973477],[-112.082053,42.950425],[-112.102742,42.951641],[-112.127424,42.944498],[-112.132198,42.92785],[-112.143623,42.91766],[-112.134329,42.913552],[-112.136509,42.905785],[-112.147416,42.903511],[-112.149649,42.89809],[-112.136244,42.879651],[-112.134174,42.845746],[-112.123807,42.837416],[-112.119591,42.82206],[-112.126501,42.810461],[-112.140991,42.808314],[-112.1411,42.798407],[-112.145327,42.796028],[-112.139172,42.77793],[-112.141034,42.763093],[-112.13739,42.751265],[-112.114986,42.727846],[-112.115612,42.715881],[-112.109042,42.702549],[-112.097177,42.696567],[-112.068588,42.705613],[-112.057274,42.718033],[-111.969449,42.718039],[-111.973872,42.714324],[-111.972102,42.704424],[-111.956824,42.689874],[-111.966081,42.674689],[-111.946381,42.674685],[-111.946466,42.63554],[-111.921924,42.632008],[-111.921837,42.617225],[-111.916927,42.617264],[-111.916298,42.524277],[-111.896726,42.524125],[-111.895002,42.488818],[-111.885372,42.488808],[-111.885188,42.445233],[-111.875475,42.4453],[-111.875636,42.416158],[-111.89532,42.416193],[-111.896728,42.256276],[-111.983916,42.256486],[-111.983848,42.28555],[-112.126194,42.285229],[-112.137805,42.295749],[-112.156013,42.294473],[-112.161047,42.299425],[-112.160956,42.308476],[-112.185897,42.337392],[-112.190656,42.350839],[-112.259281,42.350721],[-112.266579,42.328729],[-112.279899,42.316568],[-112.291247,42.316825],[-112.305058,42.326497],[-112.315299,42.322041],[-112.327102,42.323836],[-112.328868,42.347207],[-112.310007,42.365589],[-112.309655,42.37241],[-112.293857,42.386723],[-112.29119,42.395675],[-112.294452,42.446237],[-112.297244,42.453874],[-112.308297,42.456725],[-112.319926,42.449279],[-112.342931,42.447667],[-112.347708,42.452414],[-112.345984,42.466945],[-112.365464,42.467002],[-112.370458,42.481345],[-112.380208,42.481475],[-112.384498,42.503055],[-112.419825,42.503038],[-112.419845,42.557301],[-112.415572,42.557272],[-112.415556,42.568187],[-112.386177,42.571779],[-112.389418,42.624382],[-112.37967,42.624494],[-112.37967,42.646273],[-112.418042,42.646234],[-112.418027,42.675126],[-112.437514,42.675077],[-112.437936,42.696782],[-112.457519,42.696761],[-112.457753,42.732965],[-112.49691,42.733013],[-112.497227,42.790727],[-112.516739,42.790824],[-112.515519,42.909975],[-112.521987,42.914519],[-112.519999,42.918026],[-112.532093,42.929873],[-112.546775,42.936155],[-112.543578,42.940538],[-112.549897,42.954604],[-112.578832,42.965496],[-112.579287,42.972451],[-112.58905,42.973603],[-112.597366,42.970808],[-112.59838,42.962604],[-112.605677,42.963776],[-112.601848,42.960021],[-112.61952,42.960961],[-112.623507,42.95346],[-112.643896,42.94196],[-112.698034,42.937761],[-112.704508,42.923225],[-112.730549,42.914257],[-112.732248,42.906631],[-112.737496,42.905408],[-112.740322,42.914825],[-112.746769,42.91239],[-112.748376,42.918804],[-112.741304,42.922077],[-112.743983,42.928565],[-112.734572,42.925916],[-112.739932,42.932643],[-112.732083,42.940087],[-112.748427,42.946961],[-112.752341,42.958]]]}},{"type":"Feature","properties":{"GEOID":"16039","NAME":"Elmore","state":"ID","wildfire_risk_score":97.646,"wildfire_eal_total":12752181.37,"risk_band":"High","source":"FEMA National Risk Index v1.20 (December 2025)"},"geometry":{"type":"Polygon","coordinates":[[[-116.267831,43.108115],[-116.266207,43.112269],[-115.978714,43.113432],[-115.975719,43.591438],[-115.956502,43.589547],[-115.955784,43.601667],[-115.944834,43.608774],[-115.935128,43.608236],[-115.929883,43.595567],[-115.919047,43.592254],[-115.897201,43.598803],[-115.875927,43.591265],[-115.864519,43.602281],[-115.85309,43.602741],[-115.847213,43.607992],[-115.829316,43.605645],[-115.822024,43.611131],[-115.823592,43.618689],[-115.80664,43.622844],[-115.794878,43.63407],[-115.796294,43.639871],[-115.782024,43.64837],[-115.758763,43.650414],[-115.753289,43.643088],[-115.744533,43.646465],[-115.740916,43.654029],[-115.728404,43.655449],[-115.725819,43.661714],[-115.731097,43.664869],[-115.726387,43.667988],[-115.711845,43.661783],[-115.701631,43.66825],[-115.697508,43.665373],[-115.695285,43.672027],[-115.688056,43.673055],[-115.68125,43.682086],[-115.675901,43.680928],[-115.668443,43.695212],[-115.644014,43.701827],[-115.635129,43.710944],[-115.637919,43.715494],[-115.634515,43.72348],[-115.627317,43.722865],[-115.629357,43.727567],[-115.616364,43.725785],[-115.614684,43.728792],[-115.628011,43.733672],[-115.626696,43.742354],[-115.633945,43.745652],[-115.616591,43.762106],[-115.620615,43.76955],[-115.613436,43.782831],[-115.592796,43.798289],[-115.547538,43.792667],[-115.546768,43.802799],[-115.529667,43.816504],[-115.534741,43.825955],[-115.531975,43.840262],[-115.539219,43.845821],[-115.533327,43.849593],[-115.537085,43.854062],[-115.522871,43.858457],[-115.508722,43.884855],[-115.496338,43.891277],[-115.470985,43.894029],[-115.458944,43.902288],[-115.442024,43.901805],[-115.390759,43.916074],[-115.378562,43.923981],[-115.337786,43.921],[-115.317734,43.930313],[-115.286534,43.935879],[-115.285998,43.940171],[-115.278334,43.941881],[-115.275942,43.960692],[-115.264057,43.980164],[-115.251898,43.995724],[-115.234241,44.00682],[-115.232575,44.015191],[-115.21589,44.032599],[-115.209853,44.056278],[-115.197067,44.068552],[-115.207273,44.083298],[-115.232896,44.095842],[-115.230528,44.098766],[-115.190788,44.089698],[-115.182283,44.091858],[-115.172081,44.078802],[-115.166269,44.077923],[-115.150656,44.047658],[-115.151627,44.033755],[-115.14468,44.01376],[-115.148074,44.009707],[-115.143146,44.005803],[-115.148021,44.001881],[-115.138731,43.9934],[-115.137421,43.984661],[-115.116036,43.979039],[-115.10591,43.970248],[-115.08547,43.976593],[-115.08283,43.970876],[-115.092213,43.958055],[-115.084593,43.952863],[-115.075546,43.954808],[-115.074481,43.944036],[-115.067428,43.940416],[-115.038453,43.957675],[-114.978878,43.94682],[-114.972006,43.940215],[-114.983755,43.921017],[-114.990559,43.921551],[-114.996687,43.914407],[-114.988515,43.900984],[-114.988376,43.885826],[-114.974074,43.878704],[-114.973887,43.867358],[-114.989451,43.86166],[-115.000501,43.851244],[-115.001959,43.831256],[-115.019756,43.822956],[-115.030047,43.796881],[-115.029946,43.782484],[-115.038188,43.767995],[-115.036568,43.751208],[-115.042304,43.744626],[-115.030102,43.728779],[-115.015343,43.726686],[-115.009699,43.715585],[-115.00884,43.696912],[-115.036089,43.675375],[-115.030074,43.66058],[-115.036922,43.646802],[-115.032499,43.622031],[-115.051559,43.614839],[-115.065105,43.600027],[-115.075683,43.606947],[-115.083071,43.604399],[-115.08685,42.91467],[-115.063669,42.912653],[-115.049576,42.91706],[-115.037774,42.911864],[-115.037697,42.768414],[-115.454224,42.767936],[-115.454053,42.85111],[-115.441414,42.851105],[-115.441522,42.931127],[-115.49493,42.926429],[-115.536425,42.942926],[-115.56063,42.934684],[-115.603065,42.937271],[-115.613672,42.951005],[-115.625893,42.956236],[-115.694474,42.939357],[-115.731537,42.938634],[-115.739866,42.943249],[-115.752273,42.937602],[-115.771505,42.938664],[-115.79631,42.948712],[-115.786071,42.960395],[-115.790867,42.971924],[-115.808278,42.974146],[-115.846266,42.969258],[-115.8647,42.974781],[-115.867561,42.982954],[-115.880118,42.989122],[-115.906719,42.982283],[-115.917101,42.987405],[-115.91744,42.995231],[-115.92898,43.001859],[-115.964482,42.985462],[-115.97211,42.970485],[-115.961853,42.956304],[-115.964966,42.943673],[-116.012826,42.950206],[-116.032169,42.961878],[-116.051452,42.986342],[-116.090743,42.987883],[-116.118785,43.012606],[-116.145817,43.013416],[-116.150214,43.018219],[-116.139684,43.030478],[-116.147127,43.037632],[-116.170841,43.037803],[-116.20174,43.04893],[-116.20809,43.067645],[-116.191672,43.082473],[-116.204472,43.092454],[-116.237384,43.094464],[-116.267831,43.108115]]]}},{"type":"Feature","properties":{"GEOID":"16041","NAME":"Franklin","state":"ID","wildfire_risk_score":78.785,"wildfire_eal_total":487366.72,"risk_band":"Low","source":"FEMA National Risk Index v1.20 (December 2025)"},"geometry":{"type":"Polygon","coordinates":[[[-112.126194,42.285229],[-111.983848,42.28555],[-111.983916,42.256486],[-111.896728,42.256276],[-111.89532,42.416193],[-111.738396,42.41616],[-111.734564,42.419207],[-111.738729,42.422278],[-111.734311,42.422091],[-111.737312,42.42871],[-111.729802,42.426769],[-111.72822,42.42723],[-111.733742,42.430635],[-111.716006,42.430569],[-111.711056,42.426873],[-111.711043,42.41589],[-111.599227,42.415395],[-111.603805,42.408413],[-111.598699,42.400984],[-111.599139,42.390754],[-111.584179,42.394229],[-111.579814,42.38318],[-111.582125,42.375829],[-111.57466,42.367582],[-111.559008,42.363794],[-111.552151,42.351386],[-111.572709,42.336988],[-111.567081,42.332612],[-111.589039,42.324751],[-111.582128,42.310014],[-111.586462,42.287916],[-111.578403,42.28052],[-111.562195,42.276792],[-111.591235,42.262917],[-111.597171,42.249179],[-111.609912,42.250283],[-111.614485,42.245683],[-111.613607,42.22777],[-111.626104,42.207542],[-111.625681,42.190675],[-111.615814,42.184339],[-111.610644,42.15649],[-111.587205,42.141976],[-111.593873,42.113115],[-111.600598,42.10696],[-111.595743,42.09421],[-111.581004,42.094801],[-111.572367,42.084939],[-111.557841,42.084583],[-111.539791,42.075046],[-111.521577,42.074437],[-111.515292,42.06853],[-111.51664,42.061328],[-111.510977,42.056922],[-111.513643,42.046521],[-111.508224,42.040537],[-111.511655,42.033826],[-111.507805977738,41.9995407981441],[-112.109443425513,41.9977448322096],[-112.109271,42.169911],[-112.070266,42.169646],[-112.070959,42.238263],[-112.083426,42.245963],[-112.098293,42.26994],[-112.113323,42.269345],[-112.11887,42.281143],[-112.126194,42.285229]]]}},{"type":"Feature","properties":{"GEOID":"16043","NAME":"Fremont","state":"ID","wildfire_risk_score":87.087,"wildfire_eal_total":1198502.95,"risk_band":"Moderate","source":"FEMA National Risk Index v1.20 (December 2025)"},"geometry":{"type":"Polygon","coordinates":[[[-112.155935,44.05778],[-112.034317,44.057358],[-112.033664,44.144049],[-111.913601,44.144337],[-111.913744,44.18779],[-111.857851,44.187759],[-111.857871,44.231422],[-111.852457,44.231441],[-111.852276,44.316996],[-111.791541,44.317021],[-111.791624,44.40161],[-111.617437,44.401254],[-111.617299725144,44.5502806204968],[-111.612669,44.548768],[-111.586507,44.562657],[-111.562814,44.555209],[-111.547052,44.557176],[-111.523594,44.547864],[-111.51527,44.537016],[-111.499586,44.542041],[-111.463673,44.541591],[-111.469318,44.557552],[-111.478653,44.553395],[-111.509975,44.565159],[-111.50134,44.57249],[-111.517814,44.582166],[-111.523789,44.594567],[-111.519337,44.601768],[-111.525198,44.6052],[-111.521585,44.615021],[-111.502489,44.62682],[-111.516167,44.644059],[-111.504392,44.644528],[-111.500888,44.649189],[-111.491934,44.643134],[-111.487515,44.653685],[-111.472255,44.666896],[-111.476511,44.673724],[-111.468514,44.678733],[-111.484898,44.687578],[-111.488784,44.705643],[-111.442733,44.720232],[-111.431733,44.720694],[-111.414273,44.710739],[-111.397759,44.724077],[-111.397362,44.746847],[-111.392475,44.752369],[-111.385106,44.754898],[-111.374252,44.749796],[-111.355153,44.727195],[-111.348067,44.725314],[-111.337355,44.73317],[-111.323052,44.728555],[-111.322484,44.718776],[-111.296038,44.702053],[-111.296337,44.691059],[-111.280302,44.682974],[-111.266804,44.667512],[-111.280473,44.654778],[-111.278477,44.651265],[-111.268824,44.647177],[-111.253183,44.651173],[-111.220145,44.622996],[-111.240332,44.613687],[-111.227504,44.577172],[-111.201491,44.575896],[-111.18103,44.569231],[-111.180747,44.554883],[-111.173755,44.549333],[-111.158894,44.546264],[-111.150571,44.534971],[-111.131382,44.532429],[-111.138618,44.516854],[-111.127383,44.49762],[-111.107213,44.486929],[-111.074787,44.483448],[-111.048974,44.474072],[-111.049555,43.982474],[-111.05854,43.984307],[-111.102884,43.968443],[-111.113677,43.968572],[-111.138862,43.958334],[-111.143327,43.950279],[-111.147726,43.953527],[-111.156122,43.950857],[-111.187256,43.932114],[-111.202377,43.934351],[-111.204401,43.943679],[-111.217281,43.939489],[-111.236044,43.949077],[-111.254069,43.938607],[-111.271279,43.938802],[-111.280123,43.926774],[-111.308826,43.919173],[-111.317885,43.924726],[-111.325196,43.923513],[-111.332794,43.93874],[-111.348155,43.938265],[-111.354543,43.948104],[-111.384617,43.927996],[-111.393843,43.927681],[-111.403658,43.91849],[-111.42522,43.910358],[-111.431122,43.915626],[-111.44402,43.912862],[-111.467182,43.916533],[-111.482192,43.928908],[-111.501232,43.929206],[-111.509024,43.922927],[-111.531732,43.919254],[-111.540724,43.907727],[-111.557943,43.902738],[-111.558833,43.883305],[-111.697826,43.88344],[-111.698046,43.897901],[-111.837592,43.898621],[-111.837308,43.927158],[-111.976849,43.927385],[-111.977016,43.970909],[-112.15637,43.971247],[-112.155935,44.05778]]]}},{"type":"Feature","properties":{"GEOID":"16083","NAME":"Twin Falls","state":"ID","wildfire_risk_score":93.957,"wildfire_eal_total":3015965.55,"risk_band":"High","source":"FEMA National Risk Index v1.20 (December 2025)"},"geometry":{"type":"Polygon","coordinates":[[[-115.038174,42.901149],[-115.037774,42.911864],[-115.023421,42.918353],[-114.960322,42.914925],[-114.935032,42.884556],[-114.91934,42.881485],[-114.917743,42.874057],[-114.901636,42.859108],[-114.902151,42.848115],[-114.910954,42.828618],[-114.926486,42.823363],[-114.936678,42.813253],[-114.931386,42.80593],[-114.940816,42.791409],[-114.937898,42.77214],[-114.930648,42.765542],[-114.915793,42.771706],[-114.876958,42.756872],[-114.854731,42.753676],[-114.843978,42.735102],[-114.850399,42.713668],[-114.825777,42.705986],[-114.823414,42.676591],[-114.812167,42.664415],[-114.777689,42.664357],[-114.745743,42.673344],[-114.713021,42.66595],[-114.704523,42.668168],[-114.680831,42.659361],[-114.651814,42.660948],[-114.597305,42.64075],[-114.520482,42.631033],[-114.510153,42.6267],[-114.511709,42.621659],[-114.465709,42.599673],[-114.449803,42.600645],[-114.440807,42.595868],[-114.431803,42.599803],[-114.402536,42.595436],[-114.389754,42.599859],[-114.375217,42.598132],[-114.344692,42.585062],[-114.332917,42.572566],[-114.307325,42.571755],[-114.287207,42.561808],[-114.244703,42.559244],[-114.19821,42.542259],[-114.17947,42.532331],[-114.170954,42.513961],[-114.149969,42.497826],[-114.124934,42.49613],[-114.114358,42.506621],[-114.09574,42.508116],[-114.045454,42.528699],[-114.028949,42.524202],[-114.020229,42.527917],[-114.000388,42.526373],[-114.000317,42.520845],[-114.067073,42.514453],[-114.069162,42.417124],[-114.285448,42.417333],[-114.286652,42.330526],[-114.281325,42.330885],[-114.281799324163,41.994213920521],[-114.598267,41.994511],[-114.831077,42.002207],[-115.038157180221,41.9960123074291],[-115.038174,42.901149]]]}},{"type":"Feature","properties":{"GEOID":"16003","NAME":"Adams","state":"ID","wildfire_risk_score":96.724,"wildfire_eal_total":5412578.31,"risk_band":"High","source":"FEMA National Risk Index v1.20 (December 2025)"},"geometry":{"type":"Polygon","coordinates":[[[-116.898388,44.84228],[-116.898153,44.854319],[-116.883598,44.858268],[-116.857038,44.880769],[-116.832176,44.931373],[-116.850737,44.958113],[-116.847888,44.964768],[-116.829329,44.975173],[-116.826271,44.982493],[-116.839031,44.983992],[-116.848093,44.971906],[-116.858313,44.978761],[-116.844625,45.001435],[-116.847944,45.022602],[-116.797329,45.060267],[-116.78371,45.076972],[-116.783537,45.093605],[-116.774847,45.105536],[-116.754643,45.113972],[-116.745535,45.133038],[-116.729607,45.142091],[-116.724205,45.171501],[-116.709536,45.203015],[-116.703181,45.2408],[-116.687174152113,45.2676428484611],[-116.342876,45.267872],[-116.301084,45.184521],[-116.303666,45.171645],[-116.299466,45.151681],[-116.287509,45.14693],[-116.283087,45.13722],[-116.285969,45.128732],[-116.304153,45.119164],[-116.30475,45.108793],[-116.144386,45.107651],[-116.139492,45.099676],[-116.140115,45.078323],[-116.112722,45.074454],[-116.089118,45.063617],[-116.094365,45.053777],[-116.106649,45.051445],[-116.101181,45.046617],[-116.104704,45.030778],[-116.113269,45.030781],[-116.114917,45.021894],[-116.128595,45.020933],[-116.134266,45.008142],[-116.127689,44.98691],[-116.112956,44.975969],[-116.115386,44.961947],[-116.130684,44.941914],[-116.154957,44.944189],[-116.160787,44.90079],[-116.172515,44.901462],[-116.175135,44.886976],[-116.18533,44.888911],[-116.190619,44.865112],[-116.197011,44.864216],[-116.202464,44.795945],[-116.211211,44.780872],[-116.206284,44.766973],[-116.176562,44.745238],[-116.177155,44.731006],[-116.183488,44.726153],[-116.157413,44.70296],[-116.167804,44.659517],[-116.177673,44.651903],[-116.177557,44.645936],[-116.168718,44.641269],[-116.173731,44.637013],[-116.170058,44.621195],[-116.184176,44.585652],[-116.176206,44.578721],[-116.176306,44.561],[-116.165333,44.539749],[-116.1606,44.516797],[-116.164247,44.513305],[-116.157022,44.498928],[-116.176557,44.500656],[-116.193278,44.493666],[-116.200495,44.503083],[-116.210823,44.504619],[-116.213314,44.510813],[-116.229984,44.489492],[-116.236136,44.464713],[-116.243812,44.461464],[-116.255973,44.466296],[-116.26467,44.4643],[-116.299876,44.444576],[-116.407648,44.444436],[-116.528898,44.491545],[-116.529167,44.615154],[-116.603212,44.615192],[-116.598255,44.625349],[-116.599263,44.636862],[-116.624434,44.662859],[-116.625034,44.838952],[-116.898388,44.84228]]]}},{"type":"Feature","properties":{"GEOID":"16069","NAME":"Nez Perce","state":"ID","wildfire_risk_score":89.345,"wildfire_eal_total":1747823.64,"risk_band":"Moderate","source":"FEMA National Risk Index v1.20 (December 2025)"},"geometry":{"type":"Polygon","coordinates":[[[-117.062785,46.365287],[-117.046915,46.379577],[-117.035545,46.410012],[-117.034696,46.418318],[-117.039813,46.425425],[-117.039656800448,46.5417092336369],[-116.719085,46.542874],[-116.698049,46.58661],[-116.685176,46.590079],[-116.658647,46.61209],[-116.643879,46.612525],[-116.645174,46.617898],[-116.621015,46.62969],[-116.456098,46.629097],[-116.451558,46.490833],[-116.441104,46.499519],[-116.369311,46.500492],[-116.369122,46.466923],[-116.418242,46.467981],[-116.410904,46.462467],[-116.402847,46.441576],[-116.367947,46.416374],[-116.371563,46.408381],[-116.362826,46.392527],[-116.360239,46.362382],[-116.368801,46.343217],[-116.386753,46.340766],[-116.406904,46.347009],[-116.422948,46.342564],[-116.468874,46.350985],[-116.492509,46.338772],[-116.489671,46.325586],[-116.713496,46.325527],[-116.713517,46.304971],[-116.699167,46.286261],[-116.683395,46.242955],[-116.702543,46.237792],[-116.701819,45.996381],[-116.719539,45.987575],[-116.730077,45.971638],[-116.743973,45.966883],[-116.757042,45.942103],[-116.746505,45.917555],[-116.729819,45.903772],[-116.730343,45.894105],[-116.750235,45.869287],[-116.790206,45.855216],[-116.814142,45.877551],[-116.857254,45.904159],[-116.869655,45.923799],[-116.87598,45.95441],[-116.89091,45.96001],[-116.892861,45.976373],[-116.91718,45.996575],[-116.923005,46.018293],[-116.929849,46.023583],[-116.931706,46.039651],[-116.943469,46.054415],[-116.942656,46.061],[-116.957372,46.075449],[-116.978938,46.080007],[-116.981962,46.084915],[-116.978823,46.095731],[-116.955263,46.102237],[-116.950276,46.123464],[-116.935833,46.135684],[-116.93438,46.154229],[-116.922648,46.160744],[-116.92187,46.167808],[-116.965841,46.203417],[-116.955264,46.23088],[-116.966742,46.256923],[-116.991134,46.276342],[-116.98491,46.289738],[-116.986688,46.296662],[-117.020663,46.314793],[-117.023149,46.334759],[-117.027744,46.338751],[-117.060703,46.349015],[-117.062785,46.365287]]]}},{"type":"Feature","properties":{"GEOID":"16013","NAME":"Blaine","state":"ID","wildfire_risk_score":93.83,"wildfire_eal_total":2986380.6,"risk_band":"High","source":"FEMA National Risk Index v1.20 (December 2025)"},"geometry":{"type":"Polygon","coordinates":[[[-114.996687,43.914407],[-114.990559,43.921551],[-114.983755,43.921017],[-114.979486,43.932946],[-114.9568,43.947423],[-114.942381,43.950678],[-114.932085,43.967918],[-114.90478,43.982306],[-114.873372,43.992949],[-114.813873,43.992941],[-114.81379,43.927772],[-114.681168,43.927705],[-114.670412,43.921313],[-114.660061,43.921884],[-114.655394,43.914192],[-114.644414,43.914255],[-114.625186,43.898023],[-114.606151,43.89362],[-114.583469,43.875103],[-114.586354,43.869882],[-114.581992,43.85145],[-114.56235,43.844368],[-114.523498,43.848558],[-114.513254,43.863216],[-114.519673,43.871679],[-114.509553,43.88513],[-114.515108,43.894739],[-114.485066,43.904504],[-114.474541,43.896517],[-114.443708,43.897193],[-114.427482,43.891509],[-114.410002,43.895651],[-114.359293,43.874177],[-114.343532,43.890279],[-114.323514,43.885853],[-114.292484,43.887062],[-114.278814,43.878849],[-114.283485,43.861064],[-114.276125,43.851773],[-114.279642,43.843412],[-114.275725,43.831138],[-114.195425,43.789586],[-114.180502,43.790068],[-114.16501,43.776436],[-114.142407,43.774368],[-114.134692,43.761182],[-114.137707,43.756291],[-114.116996,43.740347],[-114.070019,43.734696],[-114.053128,43.74646],[-114.053446,43.762146],[-114.03315,43.766961],[-114.029718,43.773361],[-114.004151,43.764994],[-113.993632,43.755832],[-113.997095,43.742575],[-113.985696,43.73718],[-113.98596,43.724882],[-113.974222,43.707825],[-113.956564,43.701274],[-113.933516,43.679365],[-113.911904,43.671724],[-113.904918,43.649719],[-113.875329,43.650504],[-113.862703,43.645249],[-113.859989,43.634132],[-113.839542,43.618609],[-113.835607,43.604909],[-113.821312,43.605441],[-113.813355,43.600059],[-113.807996,43.574504],[-113.802376,43.569987],[-113.77713,43.566853],[-113.773611,43.571352],[-113.752859,43.575242],[-113.748347,43.587204],[-113.727656,43.59014],[-113.694737,43.579559],[-113.685263,43.532314],[-113.671662,43.524615],[-113.665557,43.511766],[-113.67283,43.500359],[-113.653631,43.49373],[-113.634325,43.497474],[-113.63523,43.367546],[-113.36191,43.36716],[-113.361958,43.284678],[-113.007318,43.284778],[-113.007712,43.110933],[-113.243478,43.110946],[-113.24372,42.848207],[-113.237016,42.848157],[-113.236943,42.762212],[-113.178877,42.762355],[-113.178633,42.67546],[-113.236841,42.675308],[-113.236968,42.625254],[-113.25088,42.615851],[-113.256828,42.617763],[-113.262172,42.628303],[-113.310555,42.631155],[-113.331838,42.653169],[-113.359493,42.670761],[-113.373117,42.687638],[-113.39685,42.684901],[-113.414933,42.673184],[-113.472177,42.669352],[-113.472155,42.849201],[-113.413138,42.849169],[-113.413867,43.199859],[-114.374962,43.19964],[-114.374758,43.257514],[-114.394849,43.257561],[-114.394609,43.326209],[-114.41894,43.328445],[-114.4304,43.334206],[-114.449882,43.332192],[-114.461729,43.325009],[-114.480211,43.332422],[-114.498638,43.328616],[-114.534488,43.333383],[-114.534328,43.368616],[-114.526944,43.368602],[-114.526511,43.398365],[-114.546383,43.398404],[-114.546982,43.436034],[-114.54153,43.44122],[-114.533682,43.439827],[-114.531485,43.447311],[-114.512438,43.460454],[-114.506087,43.477904],[-114.513954,43.483524],[-114.516111,43.493314],[-114.529433,43.490722],[-114.543281,43.497302],[-114.560768,43.498022],[-114.568194,43.504485],[-114.579869,43.515842],[-114.580186,43.523328],[-114.595698,43.531235],[-114.590924,43.546422],[-114.584953,43.549913],[-114.589067,43.552553],[-114.586743,43.558826],[-114.602227,43.567453],[-114.611,43.565087],[-114.622688,43.575399],[-114.636134,43.573608],[-114.651649,43.592996],[-114.682355,43.590349],[-114.680817,43.613078],[-114.670856,43.623982],[-114.672512,43.636425],[-114.662701,43.644523],[-114.661137,43.655476],[-114.66856,43.668626],[-114.67915,43.669946],[-114.687796,43.690982],[-114.676211,43.698058],[-114.682227,43.708461],[-114.680102,43.724105],[-114.666068,43.738957],[-114.66983,43.744126],[-114.680302,43.742321],[-114.690847,43.751362],[-114.689138,43.76632],[-114.695412,43.775293],[-114.692627,43.78426],[-114.70205,43.805413],[-114.716335,43.815392],[-114.724843,43.805801],[-114.740374,43.806837],[-114.755093,43.800638],[-114.760227,43.791641],[-114.774908,43.792412],[-114.786877,43.802608],[-114.800474,43.802732],[-114.815102,43.79853],[-114.827333,43.788177],[-114.839812,43.79455],[-114.854389,43.791655],[-114.853736,43.805884],[-114.847644,43.811189],[-114.850118,43.817818],[-114.911117,43.831809],[-114.951885,43.854275],[-114.970234,43.848601],[-114.989258,43.858563],[-114.972837,43.871617],[-114.974074,43.878704],[-114.988376,43.885826],[-114.988515,43.900984],[-114.996687,43.914407]]]}},{"type":"Feature","properties":{"GEOID":"16061","NAME":"Lewis","state":"ID","wildfire_risk_score":85.941,"wildfire_eal_total":627585.12,"risk_band":"Moderate","source":"FEMA National Risk Index v1.20 (December 2025)"},"geometry":{"type":"Polygon","coordinates":[[[-116.713818,46.308584],[-116.713496,46.325527],[-116.489671,46.325586],[-116.492509,46.338772],[-116.468874,46.350985],[-116.422948,46.342564],[-116.406904,46.347009],[-116.386753,46.340766],[-116.368801,46.343217],[-116.360239,46.362382],[-116.362826,46.392527],[-116.371563,46.408381],[-116.367947,46.416374],[-116.402847,46.441576],[-116.410904,46.462467],[-116.418242,46.467981],[-116.375527,46.468936],[-116.339352,46.452186],[-116.31998,46.437543],[-116.308621,46.412998],[-116.193147,46.410846],[-116.182684,46.401857],[-116.175938,46.387919],[-116.176352,46.374105],[-116.168157,46.37005],[-116.164455,46.357123],[-116.153309,46.348068],[-116.127103,46.298575],[-116.095908,46.276029],[-116.088206,46.263816],[-116.044536,46.251835],[-116.039102,46.241724],[-116.012624,46.225662],[-116.054986,46.209982],[-116.065341,46.212395],[-116.088417,46.207596],[-116.139526,46.213923],[-116.155104,46.204632],[-116.167236,46.187801],[-116.186258,46.178197],[-116.187039,46.160116],[-116.196922,46.152079],[-116.219639,46.161073],[-116.23601,46.159759],[-116.25708,46.171885],[-116.267459,46.168081],[-116.287711,46.173782],[-116.303713,46.166778],[-116.331527,46.184213],[-116.369525,46.183289],[-116.387427,46.190318],[-116.3933,46.187896],[-116.420449,46.20151],[-116.450163,46.196324],[-116.457446,46.174355],[-116.480949,46.14272],[-116.474614,46.128123],[-116.477568,46.122927],[-116.501835,46.123096],[-116.514447,46.131786],[-116.514751,46.038206],[-116.527868,46.020022],[-116.526382,46.004081],[-116.540235,45.998372],[-116.581034,46.028457],[-116.624947,46.037668],[-116.648516,46.030597],[-116.64323,46.003286],[-116.647644,45.995708],[-116.662595,45.991626],[-116.686746,45.999106],[-116.701819,45.996381],[-116.702543,46.237792],[-116.683395,46.242955],[-116.699167,46.286261],[-116.710295,46.297404],[-116.713818,46.308584]]]}},{"type":"Feature","properties":{"GEOID":"16025","NAME":"Camas","state":"ID","wildfire_risk_score":80.821,"wildfire_eal_total":408460.72,"risk_band":"Low","source":"FEMA National Risk Index v1.20 (December 2025)"},"geometry":{"type":"Polygon","coordinates":[[[-115.086574,43.370329],[-115.083071,43.604399],[-115.075683,43.606947],[-115.065105,43.600027],[-115.051559,43.614839],[-115.032499,43.622031],[-115.036922,43.646802],[-115.030074,43.66058],[-115.036089,43.675375],[-115.00884,43.696912],[-115.009699,43.715585],[-115.015343,43.726686],[-115.030102,43.728779],[-115.04234,43.745582],[-115.036568,43.751208],[-115.038188,43.767995],[-115.029946,43.782484],[-115.026848,43.805425],[-115.019756,43.822956],[-115.001959,43.831256],[-115.000501,43.851244],[-114.989258,43.858563],[-114.970234,43.848601],[-114.951885,43.854275],[-114.911117,43.831809],[-114.850118,43.817818],[-114.847644,43.811189],[-114.853736,43.805884],[-114.854389,43.791655],[-114.83538,43.793978],[-114.828909,43.788002],[-114.800474,43.802732],[-114.786877,43.802608],[-114.774908,43.792412],[-114.760227,43.791641],[-114.755093,43.800638],[-114.740374,43.806837],[-114.724843,43.805801],[-114.716335,43.815392],[-114.70205,43.805413],[-114.694052,43.788713],[-114.695412,43.775293],[-114.68868,43.763181],[-114.690847,43.751362],[-114.680302,43.742321],[-114.66983,43.744126],[-114.666068,43.738957],[-114.680102,43.724105],[-114.682227,43.708461],[-114.676211,43.698058],[-114.687796,43.690982],[-114.67915,43.669946],[-114.66856,43.668626],[-114.661137,43.655476],[-114.662701,43.644523],[-114.672512,43.636425],[-114.670856,43.623982],[-114.680817,43.613078],[-114.682355,43.590349],[-114.651649,43.592996],[-114.636134,43.573608],[-114.622688,43.575399],[-114.611,43.565087],[-114.602227,43.567453],[-114.586743,43.558826],[-114.589067,43.552553],[-114.584953,43.549913],[-114.590924,43.546422],[-114.595698,43.531235],[-114.580186,43.523328],[-114.579869,43.515842],[-114.568194,43.504485],[-114.560768,43.498022],[-114.543281,43.497302],[-114.529433,43.490722],[-114.516111,43.493314],[-114.513954,43.483524],[-114.506087,43.477904],[-114.512438,43.460454],[-114.531485,43.447311],[-114.533682,43.439827],[-114.54153,43.44122],[-114.546982,43.436034],[-114.546383,43.398404],[-114.526511,43.398365],[-114.526944,43.368602],[-114.534328,43.368616],[-114.534488,43.333383],[-114.498638,43.328616],[-114.480211,43.332422],[-114.461729,43.325009],[-114.449882,43.332192],[-114.4304,43.334206],[-114.41894,43.328445],[-114.394609,43.326209],[-114.394849,43.257561],[-114.374758,43.257514],[-114.374962,43.19964],[-115.086155,43.198064],[-115.086574,43.370329]]]}},{"type":"Feature","properties":{"GEOID":"16015","NAME":"Boise","state":"ID","wildfire_risk_score":97.233,"wildfire_eal_total":8240645.26,"risk_band":"High","source":"FEMA National Risk Index v1.20 (December 2025)"},"geometry":{"type":"Polygon","coordinates":[[[-116.274022,43.80736],[-116.273069,44.151227],[-116.11249,44.147839],[-116.120379,44.169709],[-116.114122,44.178135],[-116.11648,44.181979],[-116.103072,44.236409],[-115.520287,44.235356],[-115.515573,44.242406],[-115.506206,44.243285],[-115.502338,44.234463],[-115.494543,44.232839],[-115.484737,44.241215],[-115.472043,44.238133],[-115.443549,44.248166],[-115.442822,44.254978],[-115.42616,44.26647],[-115.412843,44.266108],[-115.401408,44.259623],[-115.401489,44.265804],[-115.390439,44.269867],[-115.386173,44.289459],[-115.351375,44.306434],[-115.350816,44.3264],[-115.356744,44.331557],[-115.350155,44.336325],[-115.357484,44.345959],[-115.349229,44.349281],[-115.339379,44.346898],[-115.323474,44.351041],[-115.294614,44.339445],[-115.28772,44.324685],[-115.271407,44.315215],[-115.249734,44.311087],[-115.243468,44.292244],[-115.236791,44.30793],[-115.213114,44.30451],[-115.208957,44.288054],[-115.201221,44.282399],[-115.18748,44.287391],[-115.178964,44.296521],[-115.16598,44.275143],[-115.168411,44.269561],[-115.164007,44.262373],[-115.167514,44.257829],[-115.156613,44.246948],[-115.16054,44.239624],[-115.174831,44.235464],[-115.162765,44.213706],[-115.167684,44.20284],[-115.143669,44.190311],[-115.1275,44.191667],[-115.107931,44.17006],[-115.082361,44.17616],[-115.061735,44.160133],[-115.051284,44.165271],[-115.04385,44.159503],[-115.026506,44.158227],[-115.018491,44.138789],[-115.02601,44.128644],[-115.046468,44.123626],[-115.046725,44.119971],[-115.029598,44.110336],[-115.020525,44.098386],[-114.998038,44.098227],[-114.996903,44.090551],[-115.010718,44.077188],[-115.019612,44.079954],[-115.035298,44.069438],[-115.035422,44.060526],[-115.04356,44.05882],[-115.04772,44.050655],[-115.048135,44.037803],[-115.039932,44.024491],[-115.017628,44.012521],[-115.007358,44.013328],[-114.998601,44.020662],[-114.993672,44.012288],[-114.982558,44.011188],[-114.987427,43.99224],[-114.967343,43.982088],[-114.968744,43.973657],[-114.978602,43.970158],[-114.990777,43.949723],[-115.011955,43.949823],[-115.038453,43.957675],[-115.067428,43.940416],[-115.076327,43.945925],[-115.075546,43.954808],[-115.084593,43.952863],[-115.092213,43.958055],[-115.08283,43.970876],[-115.08547,43.976593],[-115.10591,43.970248],[-115.116036,43.979039],[-115.137421,43.984661],[-115.138731,43.9934],[-115.148021,44.001881],[-115.143146,44.005803],[-115.148074,44.009707],[-115.14468,44.01376],[-115.151627,44.033755],[-115.150656,44.047658],[-115.166269,44.077923],[-115.172081,44.078802],[-115.182283,44.091858],[-115.190788,44.089698],[-115.230528,44.098766],[-115.232896,44.095842],[-115.207273,44.083298],[-115.197067,44.068552],[-115.209853,44.056278],[-115.21589,44.032599],[-115.232575,44.015191],[-115.234241,44.00682],[-115.251898,43.995724],[-115.268385,43.97356],[-115.275942,43.960692],[-115.278334,43.941881],[-115.337786,43.921],[-115.378562,43.923981],[-115.390759,43.916074],[-115.500374,43.889902],[-115.514196,43.88038],[-115.522871,43.858457],[-115.537085,43.854062],[-115.533327,43.849593],[-115.539219,43.845821],[-115.531975,43.840262],[-115.534741,43.825955],[-115.529667,43.816504],[-115.546768,43.802799],[-115.547538,43.792667],[-115.592796,43.798289],[-115.615549,43.780662],[-115.620615,43.76955],[-115.616591,43.762106],[-115.633945,43.745652],[-115.626696,43.742354],[-115.624166,43.729398],[-115.614684,43.728792],[-115.634515,43.72348],[-115.637919,43.715494],[-115.635129,43.710944],[-115.645802,43.70026],[-115.668443,43.695212],[-115.675901,43.680928],[-115.68125,43.682086],[-115.688056,43.673055],[-115.695285,43.672027],[-115.697508,43.665373],[-115.701631,43.66825],[-115.711845,43.661783],[-115.730661,43.666059],[-115.725819,43.661714],[-115.728404,43.655449],[-115.740916,43.654029],[-115.745644,43.645685],[-115.754319,43.643019],[-115.758763,43.650414],[-115.782024,43.64837],[-115.796294,43.639871],[-115.794878,43.63407],[-115.80664,43.622844],[-115.823592,43.618689],[-115.822024,43.611131],[-115.829316,43.605645],[-115.847213,43.607992],[-115.85309,43.602741],[-115.864519,43.602281],[-115.875927,43.591265],[-115.897201,43.598803],[-115.919047,43.592254],[-115.929883,43.595567],[-115.935128,43.608236],[-115.944834,43.608774],[-115.955784,43.601667],[-115.956502,43.589547],[-115.975719,43.591438],[-115.980277,43.585946],[-116.279919,43.807363],[-116.274022,43.80736]]]}},{"type":"Feature","properties":{"GEOID":"16029","NAME":"Caribou","state":"ID","wildfire_risk_score":80.98,"wildfire_eal_total":557762.63,"risk_band":"Low","source":"FEMA National Risk Index v1.20 (December 2025)"},"geometry":{"type":"Polygon","coordinates":[[[-112.149649,42.89809],[-112.147416,42.903511],[-112.136509,42.905785],[-112.134329,42.913552],[-112.143623,42.91766],[-112.132198,42.92785],[-112.127424,42.944498],[-112.102742,42.951641],[-112.082053,42.950425],[-112.088706,42.973477],[-112.07502,42.98028],[-112.063849,42.97988],[-112.052883,42.991044],[-112.053353,43.00045],[-112.058735,43.003588],[-112.055963,43.00797],[-112.065949,43.019392],[-112.063023,43.022364],[-111.044142896217,43.019408],[-111.046710501596,42.5139239264854],[-111.066734,42.508935],[-111.062858,42.500817],[-111.07276,42.496756],[-111.071673,42.492256],[-111.109793,42.491571],[-111.130892,42.481404],[-111.137988,42.487542],[-111.159373,42.490612],[-111.162325,42.477453],[-111.171174,42.4732],[-111.174019,42.477767],[-111.202034,42.480823],[-111.234827,42.478329],[-111.249364,42.499224],[-111.236714,42.509112],[-111.222218,42.571763],[-111.240774,42.585043],[-111.242455,42.60303],[-111.247228,42.602687],[-111.264089,42.57801],[-111.261238,42.574634],[-111.279388,42.552861],[-111.335925,42.566573],[-111.341752,42.571036],[-111.340223,42.586148],[-111.363519,42.588648],[-111.367926,42.598584],[-111.368062,42.590294],[-111.603122,42.590274],[-111.634519,42.570342],[-111.634383,42.562545],[-111.624344,42.522619],[-111.610232,42.509789],[-111.603844,42.486188],[-111.597945,42.481927],[-111.593577,42.462601],[-111.582742,42.44636],[-111.584236,42.434726],[-111.579764,42.429908],[-111.595116,42.424635],[-111.599227,42.415395],[-111.711043,42.41589],[-111.711056,42.426873],[-111.716006,42.430569],[-111.733742,42.430635],[-111.72822,42.42723],[-111.737312,42.42871],[-111.734311,42.422091],[-111.738729,42.422278],[-111.734564,42.419207],[-111.738396,42.41616],[-111.875636,42.416158],[-111.875475,42.4453],[-111.885188,42.445233],[-111.885372,42.488808],[-111.895002,42.488818],[-111.896726,42.524125],[-111.916298,42.524277],[-111.916927,42.617264],[-111.921837,42.617225],[-111.921924,42.632008],[-111.926874,42.635556],[-111.946466,42.63554],[-111.946381,42.674685],[-111.966081,42.674689],[-111.956824,42.689874],[-111.972102,42.704424],[-111.973872,42.714324],[-111.969449,42.718039],[-112.057274,42.718033],[-112.068588,42.705613],[-112.08493,42.698165],[-112.10588,42.699203],[-112.114859,42.713507],[-112.114986,42.727846],[-112.13739,42.751265],[-112.141034,42.763093],[-112.139172,42.77793],[-112.145327,42.796028],[-112.1411,42.798407],[-112.140991,42.808314],[-112.126501,42.810461],[-112.119591,42.82206],[-112.123807,42.837416],[-112.134174,42.845746],[-112.136244,42.879651],[-112.149649,42.89809]]]}},{"type":"Feature","properties":{"GEOID":"16007","NAME":"Bear Lake","state":"ID","wildfire_risk_score":78.372,"wildfire_eal_total":479214.71,"risk_band":"Low","source":"FEMA National Risk Index v1.20 (December 2025)"},"geometry":{"type":"Polygon","coordinates":[[[-111.634519,42.570342],[-111.603122,42.590274],[-111.368062,42.590294],[-111.367926,42.598584],[-111.363519,42.588648],[-111.340223,42.586148],[-111.341752,42.571036],[-111.335925,42.566573],[-111.279388,42.552861],[-111.261238,42.574634],[-111.264089,42.57801],[-111.245747,42.603352],[-111.241099,42.602457],[-111.240774,42.585043],[-111.222218,42.571763],[-111.236714,42.509112],[-111.249364,42.499224],[-111.234827,42.478329],[-111.202034,42.480823],[-111.174019,42.477767],[-111.171174,42.4732],[-111.162325,42.477453],[-111.159373,42.490612],[-111.137988,42.487542],[-111.130892,42.481404],[-111.109793,42.491571],[-111.071673,42.492256],[-111.07276,42.496756],[-111.062858,42.500817],[-111.066734,42.508935],[-111.046710501596,42.5139239264854],[-111.046714,42.001702],[-111.507805977738,41.9995407981441],[-111.511655,42.033826],[-111.508224,42.040537],[-111.513643,42.046521],[-111.510977,42.056922],[-111.51664,42.061328],[-111.515292,42.06853],[-111.521577,42.074437],[-111.539791,42.075046],[-111.557841,42.084583],[-111.572367,42.084939],[-111.581004,42.094801],[-111.595743,42.09421],[-111.600598,42.10696],[-111.593873,42.113115],[-111.587205,42.141976],[-111.610644,42.15649],[-111.615814,42.184339],[-111.625681,42.190675],[-111.626104,42.207542],[-111.613607,42.22777],[-111.614485,42.245683],[-111.609912,42.250283],[-111.597171,42.249179],[-111.591235,42.262917],[-111.562195,42.276792],[-111.578403,42.28052],[-111.586462,42.287916],[-111.582128,42.310014],[-111.589039,42.324751],[-111.567081,42.332612],[-111.572709,42.336988],[-111.552151,42.351386],[-111.559008,42.363794],[-111.57466,42.367582],[-111.582125,42.375829],[-111.579814,42.38318],[-111.584179,42.394229],[-111.599139,42.390754],[-111.603598,42.411677],[-111.595116,42.424635],[-111.579764,42.429908],[-111.584236,42.434726],[-111.582742,42.44636],[-111.593577,42.462601],[-111.597945,42.481927],[-111.603844,42.486188],[-111.610232,42.509789],[-111.624344,42.522619],[-111.634519,42.570342]]]}},{"type":"Feature","properties":{"GEOID":"16087","NAME":"Washington","state":"ID","wildfire_risk_score":95.611,"wildfire_eal_total":3235095.7,"risk_band":"High","source":"FEMA National Risk Index v1.20 (December 2025)"},"geometry":{"type":"Polygon","coordinates":[[[-117.242675,44.396548],[-117.22698,44.405583],[-117.215072,44.427162],[-117.215573,44.453746],[-117.225076,44.482346],[-117.200237,44.492027],[-117.181583,44.52296],[-117.161033,44.525166],[-117.149242,44.536151],[-117.14293,44.557236],[-117.148255,44.564371],[-117.124754,44.583834],[-117.120522,44.614658],[-117.098221,44.640689],[-117.095868,44.664737],[-117.081022,44.673685],[-117.07912,44.692175],[-117.061799,44.706654],[-117.062273,44.727143],[-117.050495,44.732477],[-117.04782,44.741549],[-117.03827,44.748179],[-117.021398,44.750785],[-117.013802,44.756841],[-116.998903,44.756382],[-116.970902,44.773881],[-116.9347,44.783881],[-116.931099,44.804781],[-116.899640878328,44.8406075080495],[-116.625034,44.838952],[-116.624434,44.662859],[-116.599263,44.636862],[-116.598255,44.625349],[-116.603212,44.615192],[-116.529167,44.615154],[-116.528898,44.491545],[-116.407648,44.444436],[-116.299686,44.442899],[-116.308294,44.423441],[-116.319643,44.420688],[-116.32172,44.387724],[-116.329084,44.37551],[-116.333911,44.376],[-116.335769,44.365867],[-116.329369,44.354896],[-116.341368,44.326972],[-116.348007,44.322308],[-116.341872,44.305658],[-116.351187,44.287764],[-116.344027,44.286374],[-116.341794,44.276999],[-116.343651,44.257643],[-116.350253,44.245032],[-116.346393,44.241246],[-116.351477,44.237823],[-116.343323,44.217804],[-116.357027,44.207233],[-116.353188,44.175519],[-116.358492,44.151158],[-116.897846346997,44.1526558411174],[-116.895757,44.171267],[-116.902752,44.179467],[-116.925392,44.191544],[-116.971675,44.197256],[-116.970365,44.221221],[-116.975905,44.242844],[-117.031862,44.248635],[-117.042283,44.242775],[-117.047062,44.229742],[-117.05303,44.229076],[-117.089503,44.258234],[-117.104208,44.27994],[-117.121037,44.277585],[-117.143394,44.258262],[-117.170342,44.25889],[-117.198147,44.273828],[-117.222647,44.297578],[-117.216795,44.308236],[-117.203323,44.313024],[-117.189769,44.336585],[-117.197339,44.347406],[-117.235117,44.373853],[-117.242675,44.396548]]]}},{"type":"Feature","properties":{"GEOID":"16035","NAME":"Clearwater","state":"ID","wildfire_risk_score":96.406,"wildfire_eal_total":3850657.52,"risk_band":"High","source":"FEMA National Risk Index v1.20 (December 2025)"},"geometry":{"type":"Polygon","coordinates":[[[-116.456115,46.578569],[-116.456098,46.629097],[-116.32954,46.627957],[-116.329436,46.934669],[-114.959275310333,46.9328693979985],[-114.952681,46.926649],[-114.925295,46.918749],[-114.922062,46.912487],[-114.929333,46.909889],[-114.936724,46.897329],[-114.931608,46.876799],[-114.948039,46.85964],[-114.928853,46.854935],[-114.924257,46.847528],[-114.928672,46.836408],[-114.920731,46.827083],[-114.898236,46.822001],[-114.895189,46.80163],[-114.887113,46.809457],[-114.865779,46.814529],[-114.855233,46.800595],[-114.836784,46.792556],[-114.829613,46.782967],[-114.80796,46.782214],[-114.799145,46.775881],[-114.787046,46.781949],[-114.783634,46.768666],[-114.76519,46.758254],[-114.76666,46.741695],[-114.782755,46.72635],[-114.788146,46.712122],[-114.769102,46.704982],[-114.767272,46.697195],[-114.75256,46.697156],[-114.739773,46.711941],[-114.710766,46.717297],[-114.698594,46.740451],[-114.689444,46.736587],[-114.664572,46.739084],[-114.646818,46.730876],[-114.644627,46.722832],[-114.621526,46.707879],[-114.623169,46.691638],[-114.641664,46.679191],[-114.641824,46.672527],[-114.633468,46.672354],[-114.639794,46.665981],[-114.635779,46.659476],[-114.614464,46.654677],[-114.61415,46.639059],[-114.594490940697,46.6337754400838],[-115.628957,46.473618],[-115.639772,46.447799],[-115.634609,46.437298],[-115.647393,46.435602],[-115.65048,46.421189],[-115.672498,46.409659],[-115.681084,46.39423],[-115.699552,46.38978],[-115.704778,46.380003],[-115.714129,46.381617],[-115.731712,46.366466],[-115.732512,46.329663],[-115.741698,46.327861],[-115.7394,46.319907],[-115.754184,46.309509],[-115.748702,46.296657],[-115.761296,46.289044],[-115.756955,46.284238],[-115.775949,46.277976],[-115.773802,46.27379],[-115.778831,46.267351],[-115.794021,46.266209],[-115.805283,46.272433],[-115.806838,46.26719],[-115.814741,46.265755],[-115.820879,46.273723],[-115.82769,46.271802],[-115.848474,46.282552],[-115.864205,46.280903],[-115.900648,46.290973],[-115.957268,46.288931],[-115.978704,46.294389],[-115.980767,46.299668],[-116.01242,46.316604],[-116.033095,46.34078],[-116.03931,46.341536],[-116.038657,46.34689],[-116.053104,46.355522],[-116.108696,46.364104],[-116.131623,46.354158],[-116.148782,46.369565],[-116.176352,46.374105],[-116.175938,46.387919],[-116.182684,46.401857],[-116.19638,46.412944],[-116.308621,46.412998],[-116.31998,46.437543],[-116.369122,46.466923],[-116.369311,46.500492],[-116.441104,46.499519],[-116.451558,46.490833],[-116.451553,46.556551],[-116.455888,46.556629],[-116.456115,46.578569]]]}},{"type":"Feature","properties":{"GEOID":"16027","NAME":"Canyon","state":"ID","wildfire_risk_score":92.494,"wildfire_eal_total":2452191.62,"risk_band":"Moderate","source":"FEMA National Risk Index v1.20 (December 2025)"},"geometry":{"type":"Polygon","coordinates":[[[-117.031887,43.834156],[-117.025156,43.841334],[-117.012831,43.840001],[-117.010383,43.844803],[-117.020035,43.858956],[-116.984152,43.866794],[-116.98371442608,43.8801032140428],[-116.954422,43.880154],[-116.95452,43.836487],[-116.913963,43.8362],[-116.913796,43.821721],[-116.894086,43.821763],[-116.893786,43.807657],[-116.853132,43.807387],[-116.853154,43.79271],[-116.793189,43.792687],[-116.7932,43.799861],[-116.753114,43.799926],[-116.752608,43.807196],[-116.512502,43.807161],[-116.513123,43.634183],[-116.473492,43.634103],[-116.473593,43.459853],[-116.513364,43.45932],[-116.511897,43.29052],[-116.521832,43.297906],[-116.579167,43.306178],[-116.583553,43.31605],[-116.599998,43.330831],[-116.603883,43.346106],[-116.622569,43.370009],[-116.669397,43.387958],[-116.676417,43.400234],[-116.727625,43.435777],[-116.744726,43.45554],[-116.777692,43.473228],[-116.785062,43.49951],[-116.780266,43.526938],[-116.800182,43.548317],[-116.805411,43.564845],[-116.816511,43.577921],[-116.844978,43.5944],[-116.868951,43.591845],[-116.907933,43.600425],[-116.923333,43.619223],[-116.955309,43.635676],[-116.969474,43.668334],[-117.026624495654,43.6808035152354],[-117.026634,43.80811],[-117.02155,43.819402],[-117.032881,43.830025],[-117.031887,43.834156]]]}},{"type":"Feature","properties":{"GEOID":"16059","NAME":"Lemhi","state":"ID","wildfire_risk_score":93.193,"wildfire_eal_total":2035122.52,"risk_band":"Moderate","source":"FEMA National Risk Index v1.20 (December 2025)"},"geometry":{"type":"Polygon","coordinates":[[[-114.81868,44.748815],[-114.812581,44.759473],[-114.813336,44.768571],[-114.797714,44.79433],[-114.812407,44.808346],[-114.808544,44.817052],[-114.795396,44.825345],[-114.79309,44.836111],[-114.789023,44.833505],[-114.783601,44.840257],[-114.766449,44.842742],[-114.770946,44.851551],[-114.760777,44.856194],[-114.769801,44.86515],[-114.768911,44.872444],[-114.751585,44.874271],[-114.749936,44.879182],[-114.734551,44.878746],[-114.731844,44.886608],[-114.723294,44.891177],[-114.732111,44.893832],[-114.726875,44.903033],[-114.732857,44.909696],[-114.729164,44.920363],[-114.73599,44.925743],[-114.723272,44.934387],[-114.726155,44.946585],[-114.735701,44.949793],[-114.73051,44.969051],[-114.735991,44.974869],[-114.730064,45.002476],[-114.721531,45.008205],[-114.728735,45.013399],[-114.722527,45.041704],[-114.727035,45.045159],[-114.722898,45.055957],[-114.728858,45.071943],[-114.719485,45.087967],[-114.733191,45.09449],[-114.730386,45.108386],[-114.721482,45.121023],[-114.727823,45.128508],[-114.73227,45.151155],[-114.723553,45.160055],[-114.722535,45.179325],[-114.714208,45.188598],[-114.698839,45.189701],[-114.684947,45.207929],[-114.680993,45.225659],[-114.673372,45.234537],[-114.6645,45.236475],[-114.659534,45.248584],[-114.62402,45.274785],[-114.60747,45.281253],[-114.593325,45.297415],[-114.60394,45.295826],[-114.66347,45.336687],[-114.676374,45.351962],[-114.675205,45.3652],[-114.69548,45.368898],[-114.716235,45.39548],[-114.734496,45.395371],[-114.763189,45.41409],[-114.769127,45.434557],[-114.793207,45.436334],[-114.793302,45.451052],[-114.787658,45.458262],[-114.79861,45.476255],[-114.794627,45.47984],[-114.793248,45.49409],[-114.798042,45.496793],[-114.793778,45.508309],[-114.774378,45.51361],[-114.73415,45.489897],[-114.690526,45.490776],[-114.680626,45.484147],[-114.680611,45.473949],[-114.663725,45.471005],[-114.631996,45.519177],[-114.618795,45.528594],[-114.587876,45.537915],[-114.564974,45.557807],[-114.552638,45.55702],[-114.52756,45.570824],[-114.49826,45.555488],[-114.471946,45.565223],[-114.456349,45.560989],[-114.463942,45.545365],[-114.430574,45.52951],[-114.424683,45.509911],[-114.38782,45.502035],[-114.366138,45.490982],[-114.361098,45.474409],[-114.351107,45.470519],[-114.344184,45.459683],[-114.329578,45.459973],[-114.294476,45.479542],[-114.270449,45.484423],[-114.247064,45.525156],[-114.25159,45.537504],[-114.248354,45.545408],[-114.227176,45.545858],[-114.203665,45.53557],[-114.192226,45.537081],[-114.180652,45.550695],[-114.136182,45.557019],[-114.128987,45.565385],[-114.13211,45.572183],[-114.121607,45.584319],[-114.086584,45.59118],[-114.081563,45.611073],[-114.073991,45.614519],[-114.066962,45.627967],[-114.051838,45.632705],[-114.033345,45.648191],[-114.018783,45.648496],[-114.015327,45.663421],[-114.027399,45.675753],[-114.014824,45.683508],[-114.01903,45.692751],[-114.015482,45.695901],[-113.997617,45.696672],[-113.988075,45.705721],[-113.971507,45.702712],[-113.969088,45.692756],[-113.96188,45.689718],[-113.939105,45.69578],[-113.933995,45.691656],[-113.931094,45.673746],[-113.91948,45.65786],[-113.895237,45.643391],[-113.9022,45.637736],[-113.899915,45.62886],[-113.903684,45.621591],[-113.885748,45.617435],[-113.861232,45.623589],[-113.848639,45.620109],[-113.83888,45.610691],[-113.825215,45.613107],[-113.807405,45.602783],[-113.797133,45.582115],[-113.820873,45.56606],[-113.817949,45.556659],[-113.834459,45.521092],[-113.766555,45.520906],[-113.772669,45.514255],[-113.759986,45.480735],[-113.776364,45.47042],[-113.774641,45.46301],[-113.783541,45.451978],[-113.774777,45.447178],[-113.776809,45.435049],[-113.760146,45.427436],[-113.776691,45.41683],[-113.776043,45.408477],[-113.749116,45.402831],[-113.734402,45.392353],[-113.733216,45.372795],[-113.738879,45.36813],[-113.729651,45.355717],[-113.740172,45.343993],[-113.738056,45.328372],[-113.718704,45.3158],[-113.710035,45.301015],[-113.680834,45.279304],[-113.679335,45.275529],[-113.690941,45.27283],[-113.692485,45.26344],[-113.684556,45.25312],[-113.649132,45.233999],[-113.637042,45.212939],[-113.591911,45.184187],[-113.58961,45.177616],[-113.594254,45.16677],[-113.590707,45.155886],[-113.579956,45.148354],[-113.565407,45.148743],[-113.576632,45.131518],[-113.569821,45.124299],[-113.550071,45.113043],[-113.510262,45.115476],[-113.506908,45.106918],[-113.522502,45.091736],[-113.487097,45.074652],[-113.485308,45.063547],[-113.459766,45.064641],[-113.452044,45.059174],[-113.449833,45.045501],[-113.45579,45.040169],[-113.446239,45.033461],[-113.448743,45.020711],[-113.437882,45.007343],[-113.44663,44.99782],[-113.44517,44.972644],[-113.449444,44.970017],[-113.444388,44.958745],[-113.46521,44.947866],[-113.493814,44.948509],[-113.498373,44.941685],[-113.488501,44.920728],[-113.471948,44.909456],[-113.477988,44.895222],[-113.4612,44.886754],[-113.455071,44.865424],[-113.42875,44.854213],[-113.422245,44.837826],[-113.409413,44.840757],[-113.384335,44.837503],[-113.356062,44.819798],[-113.3461,44.800611],[-113.354435,44.793032],[-113.341822,44.784944],[-113.247603,44.822861],[-113.237711,44.813874],[-113.209171,44.809032],[-113.190334,44.79979],[-113.179538,44.787165],[-113.163409,44.778779],[-113.131831,44.773038],[-113.131418,44.765272],[-113.137704,44.760109],[-113.13428,44.752267],[-113.121503,44.747173],[-113.116011,44.732328],[-113.101597,44.729388],[-113.097833,44.698868],[-113.083237,44.692156],[-113.081406,44.683372],[-113.067761,44.678786],[-113.065589,44.649253],[-113.051504,44.63695],[-113.049808,44.629066],[-113.057122,44.618609],[-113.07467,44.613982],[-113.087542,44.59951],[-113.062703,44.586433],[-113.067168,44.579062],[-113.037792,44.565083],[-113.036827,44.560362],[-113.045096,44.555984],[-113.047765,44.548283],[-113.04422,44.54337],[-113.007952,44.52718],[-113.005408,44.520142],[-113.015578,44.516203],[-113.017047,44.50398],[-113.0265,44.494593],[-113.006702,44.471651],[-113.008779,44.465862],[-113.001978,44.449857],[-112.9642,44.423787],[-112.95215,44.424348],[-112.951109,44.417442],[-112.93958,44.412502],[-112.9229,44.410839],[-112.902662,44.399101],[-112.889154,44.405205],[-112.88367,44.399948],[-112.88152,44.379629],[-112.855086,44.35997],[-112.845176,44.357962],[-112.813804186466,44.3761865074476],[-112.813792,44.230281],[-112.934701,44.230246],[-112.934725,44.234166],[-113.320609,44.233164],[-113.333868,44.250321],[-113.33481,44.259795],[-113.326052,44.272363],[-113.33777,44.296799],[-113.339617,44.316313],[-113.356434,44.329123],[-113.361015,44.345409],[-113.403484,44.38049],[-113.414548,44.407552],[-113.425443,44.422896],[-113.43585,44.426762],[-113.437002,44.439305],[-113.451832,44.454936],[-113.465174,44.454925],[-113.477446,44.447969],[-113.4855,44.43385],[-113.502065,44.422098],[-113.553221,44.42642],[-113.581713,44.442268],[-113.663732,44.451922],[-113.706703,44.474535],[-113.745427,44.480705],[-113.78796,44.494008],[-113.816215,44.493963],[-113.84908,44.527247],[-113.899399,44.558391],[-113.92002,44.565899],[-113.929044,44.580133],[-113.943944,44.586187],[-113.949891,44.5962],[-113.96612,44.607607],[-113.96653,44.614254],[-113.983672,44.618934],[-114.003915,44.634701],[-114.007533,44.649191],[-114.021647,44.652186],[-114.035375,44.671167],[-114.036134,44.68153],[-114.051588,44.697323],[-114.05088,44.711489],[-114.075937,44.745578],[-114.083789,44.749012],[-114.084861,44.755947],[-114.095169,44.756425],[-114.092617,44.751881],[-114.107846,44.748378],[-114.105767,44.744667],[-114.118796,44.738986],[-114.127097,44.740611],[-114.135573,44.730344],[-114.15483,44.745283],[-114.162838,44.740452],[-114.173534,44.745372],[-114.215152,44.745494],[-114.216084,44.762293],[-114.201544,44.778316],[-114.205823,44.781662],[-114.204282,44.800033],[-114.196129,44.803224],[-114.196623,44.812181],[-114.189574,44.82449],[-114.198907,44.830636],[-114.191722,44.837933],[-114.198872,44.844629],[-114.195435,44.860587],[-114.21165,44.863102],[-114.221218,44.878966],[-114.225226,44.875898],[-114.224931,44.864334],[-114.238867,44.861738],[-114.24794,44.850962],[-114.262285,44.849858],[-114.26718,44.841527],[-114.264572,44.836323],[-114.278152,44.823123],[-114.299989,44.819599],[-114.316067,44.801484],[-114.344275,44.793781],[-114.340764,44.786864],[-114.353947,44.774545],[-114.350788,44.765028],[-114.360464,44.752023],[-114.373034,44.750901],[-114.379821,44.743485],[-114.392781,44.747353],[-114.397569,44.739244],[-114.404154,44.739547],[-114.408933,44.733004],[-114.403595,44.730022],[-114.405457,44.718214],[-114.372843,44.709717],[-114.386571,44.683978],[-114.386672,44.671111],[-114.4051,44.66517],[-114.408739,44.656378],[-114.435269,44.651293],[-114.448386,44.631488],[-114.451366,44.612187],[-114.469104,44.606005],[-114.477399,44.594175],[-114.488949,44.595821],[-114.496813,44.604371],[-114.517853,44.603676],[-114.546171,44.579418],[-114.569253,44.576196],[-114.576834,44.58487],[-114.603646,44.596502],[-114.596869,44.607248],[-114.596168,44.621663],[-114.605729,44.634906],[-114.629153,44.65286],[-114.662886,44.662151],[-114.691529,44.655344],[-114.70578,44.65649],[-114.71277,44.650385],[-114.741125,44.652735],[-114.735525,44.661948],[-114.736835,44.669949],[-114.753937,44.691145],[-114.781844,44.713953],[-114.793044,44.712982],[-114.802901,44.719871],[-114.815149,44.734945],[-114.81868,44.748815]]]}},{"type":"Feature","properties":{"GEOID":"16033","NAME":"Clark","state":"ID","wildfire_risk_score":64.663,"wildfire_eal_total":151170.7,"risk_band":"Low","source":"FEMA National Risk Index v1.20 (December 2025)"},"geometry":{"type":"Polygon","coordinates":[[[-112.995091,44.234126],[-112.813792,44.230281],[-112.811943,44.387905],[-112.815129,44.394705],[-112.810937,44.398292],[-112.819944,44.400198],[-112.839427,44.425119],[-112.828137,44.431504],[-112.825861,44.443985],[-112.802497,44.457204],[-112.779844,44.484613],[-112.744163,44.488241],[-112.733947,44.499787],[-112.71911,44.504344],[-112.693082,44.500046],[-112.685869,44.493308],[-112.66357,44.486249],[-112.632993,44.491048],[-112.628524,44.482794],[-112.601955,44.490705],[-112.58485,44.481107],[-112.541712,44.483771],[-112.534688,44.47834],[-112.513437,44.474709],[-112.511445,44.467059],[-112.500189,44.462963],[-112.472041,44.4791],[-112.46035,44.475115],[-112.455278,44.466682],[-112.441877,44.46612],[-112.432982,44.454452],[-112.406709,44.457251],[-112.387339,44.447597],[-112.366692,44.467096],[-112.358483,44.485736],[-112.358917,44.528847],[-112.35421,44.535638],[-112.319198,44.53911],[-112.312899,44.553536],[-112.286041,44.568605],[-112.266285,44.565859],[-112.256946,44.571301],[-112.242785,44.568091],[-112.229342,44.564108],[-112.229477,44.549494],[-112.221698,44.543519],[-112.183937,44.533067],[-112.164648,44.541533],[-112.148886,44.536756],[-112.137075,44.539767],[-112.126239,44.52883],[-112.106755,44.520829],[-112.096299,44.523212],[-112.093304,44.530002],[-112.069583,44.536901],[-112.032386,44.528725],[-112.032707,44.546642],[-111.994275,44.53515],[-111.977455,44.535837],[-111.961333,44.549011],[-111.951158,44.549918],[-111.947047,44.556978],[-111.908263,44.556435],[-111.889712,44.564646],[-111.879459,44.560409],[-111.868756,44.565834],[-111.863585,44.551339],[-111.82153,44.508941],[-111.808102,44.511177],[-111.807632,44.52065],[-111.801119,44.525985],[-111.78033,44.523853],[-111.772606,44.530103],[-111.761601,44.5268],[-111.746401,44.540766],[-111.715648,44.543369],[-111.704152,44.559648],[-111.691208,44.55658],[-111.682435,44.560864],[-111.659265,44.552663],[-111.617299725144,44.5502806204968],[-111.617437,44.401254],[-111.791624,44.40161],[-111.791541,44.317021],[-111.852276,44.316996],[-111.852457,44.231441],[-111.857871,44.231422],[-111.857851,44.187759],[-111.913744,44.18779],[-111.913601,44.144337],[-112.033664,44.144049],[-112.034317,44.057358],[-112.694744,44.058464],[-112.695242,43.971941],[-112.994323,43.972362],[-112.995091,44.234126]]]}},{"type":"Feature","properties":{"GEOID":"16031","NAME":"Cassia","state":"ID","wildfire_risk_score":94.688,"wildfire_eal_total":3700837.57,"risk_band":"High","source":"FEMA National Risk Index v1.20 (December 2025)"},"geometry":{"type":"Polygon","coordinates":[[[-114.286653,42.332346],[-114.285331,42.41738],[-114.069162,42.417124],[-114.067073,42.514453],[-114.000317,42.520845],[-114.000388,42.526373],[-113.982546,42.534419],[-113.94565,42.531126],[-113.889787,42.549375],[-113.867771,42.547386],[-113.831989,42.535053],[-113.783405,42.557003],[-113.763556,42.547209],[-113.758328,42.534076],[-113.741826,42.523653],[-113.699044,42.51919],[-113.654149,42.536155],[-113.644167,42.54549],[-113.625843,42.581847],[-113.589326,42.617329],[-113.57767,42.64295],[-113.559663,42.655645],[-113.495678,42.673451],[-113.481704,42.667992],[-113.414933,42.673184],[-113.39685,42.684901],[-113.373117,42.687638],[-113.359493,42.670761],[-113.331838,42.653169],[-113.327376,42.644344],[-113.307392,42.629404],[-113.262172,42.628303],[-113.256828,42.617763],[-113.25088,42.615851],[-113.233715,42.626651],[-113.200992,42.633822],[-113.175182,42.627273],[-113.175678,42.589464],[-113.002792,42.588003],[-113.000040840117,41.9981831189311],[-113.867726,41.988209],[-114.041477,41.993873],[-114.281799324163,41.994213920521],[-114.281325,42.330885],[-114.286653,42.332346]]]}},{"type":"Feature","properties":{"GEOID":"16077","NAME":"Power","state":"ID","wildfire_risk_score":88.995,"wildfire_eal_total":1273503.39,"risk_band":"Moderate","source":"FEMA National Risk Index v1.20 (December 2025)"},"geometry":{"type":"Polygon","coordinates":[[[-113.243478,43.110946],[-113.007712,43.110933],[-113.00776,42.863051],[-112.816578,42.863231],[-112.807138,42.882587],[-112.794581,42.877472],[-112.783624,42.887531],[-112.779202,42.913831],[-112.761214,42.923614],[-112.766126,42.934308],[-112.750562,42.951528],[-112.732083,42.940087],[-112.739932,42.932643],[-112.734572,42.925916],[-112.743983,42.928565],[-112.741304,42.922077],[-112.748376,42.918804],[-112.746769,42.91239],[-112.740322,42.914825],[-112.737496,42.905408],[-112.732248,42.906631],[-112.730549,42.914257],[-112.704508,42.923225],[-112.698034,42.937761],[-112.643896,42.94196],[-112.623507,42.95346],[-112.61952,42.960961],[-112.601848,42.960021],[-112.605677,42.963776],[-112.59838,42.962604],[-112.594853,42.972787],[-112.581137,42.973329],[-112.578832,42.965496],[-112.566424,42.959093],[-112.557695,42.960545],[-112.544672,42.945427],[-112.546775,42.936155],[-112.532093,42.929873],[-112.515519,42.909975],[-112.516739,42.790824],[-112.497227,42.790727],[-112.49691,42.733013],[-112.457753,42.732965],[-112.457519,42.696761],[-112.437936,42.696782],[-112.437514,42.675077],[-112.418027,42.675126],[-112.418042,42.646234],[-112.37967,42.646273],[-112.37967,42.624494],[-112.389418,42.624382],[-112.386177,42.571779],[-112.415556,42.568187],[-112.415572,42.557272],[-112.419845,42.557301],[-112.419825,42.503038],[-112.498139,42.502967],[-112.497849,42.415998],[-112.653989,42.416169],[-112.654028,42.328872],[-113.001673,42.327431],[-113.002792,42.588003],[-113.175678,42.589464],[-113.175182,42.627273],[-113.200992,42.633822],[-113.236968,42.625254],[-113.236841,42.675308],[-113.178633,42.67546],[-113.178877,42.762355],[-113.236943,42.762212],[-113.237016,42.848157],[-113.24372,42.848207],[-113.243478,43.110946]]]}},{"type":"Feature","properties":{"GEOID":"16023","NAME":"Butte","state":"ID","wildfire_risk_score":55.503,"wildfire_eal_total":60155.19,"risk_band":"Low","source":"FEMA National Risk Index v1.20 (December 2025)"},"geometry":{"type":"Polygon","coordinates":[[[-113.798137,43.571972],[-113.784558,43.580198],[-113.781531,43.592698],[-113.769283,43.60318],[-113.759998,43.622681],[-113.746481,43.628616],[-113.722905,43.629469],[-113.68038,43.659808],[-113.632211,43.676636],[-113.598398,43.695378],[-113.572012,43.700876],[-113.543664,43.719216],[-113.528097,43.718922],[-113.505611,43.738363],[-113.48689,43.739529],[-113.481431,43.750238],[-113.448329,43.775285],[-113.442841,43.808709],[-113.412744,43.816713],[-113.398273,43.809457],[-113.377877,43.8097],[-113.363618,43.797486],[-113.367141,43.795267],[-113.360773,43.796985],[-113.365855,43.800834],[-113.367535,43.814717],[-113.372748,43.821089],[-113.384782,43.824311],[-113.391086,43.839618],[-113.405627,43.856363],[-113.453985,43.873908],[-113.458938,43.884139],[-113.445632,43.914569],[-113.443801,43.940207],[-113.445747,43.982704],[-113.455606,43.995344],[-113.451517,44.000267],[-113.458157,44.030539],[-113.457816,44.059528],[-113.416272,44.059338],[-113.416525,44.233364],[-112.995091,44.234126],[-112.994323,43.972362],[-112.695242,43.971941],[-112.698891,43.540052],[-112.816278,43.535949],[-112.816704,43.449164],[-112.936835,43.449386],[-112.936902,43.367346],[-112.947009,43.367339],[-112.947016,43.284821],[-113.361958,43.284678],[-113.36191,43.36716],[-113.63523,43.367546],[-113.634325,43.497474],[-113.653631,43.49373],[-113.67283,43.500359],[-113.665557,43.511766],[-113.671662,43.524615],[-113.685263,43.532314],[-113.694737,43.579559],[-113.727656,43.59014],[-113.748347,43.587204],[-113.752859,43.575242],[-113.773611,43.571352],[-113.77713,43.566853],[-113.798137,43.571972]]]}},{"type":"Feature","properties":{"GEOID":"16079","NAME":"Shoshone","state":"ID","wildfire_risk_score":69.625,"wildfire_eal_total":148764.99,"risk_band":"Low","source":"FEMA National Risk Index v1.20 (December 2025)"},"geometry":{"type":"Polygon","coordinates":[[[-116.329601,48.017722],[-116.307085,48.038097],[-116.291131,48.045316],[-116.282236,48.059386],[-116.233113,48.06889],[-116.207126,48.046415],[-116.206621,48.041091],[-116.192795,48.040337],[-116.161863,48.021577],[-116.130772,48.026735],[-116.120163,48.033448],[-116.104121,48.02311],[-116.103429,48.012277],[-116.087353,48.002353],[-116.062132,47.995549],[-116.060942,47.988329],[-116.049108,47.976842],[-116.030387,47.972619],[-116.007484,47.950783],[-115.993678,47.926183],[-115.984844,47.922705],[-115.982267,47.915561],[-115.96542,47.910852],[-115.968485,47.899659],[-115.953363,47.894053],[-115.936697,47.879519],[-115.918772,47.853656],[-115.910081,47.853017],[-115.901401,47.843097],[-115.88123,47.84935],[-115.870861,47.834939],[-115.852312,47.827857],[-115.845082,47.814903],[-115.848638,47.810692],[-115.847487,47.785227],[-115.837438,47.774846],[-115.831944,47.755983],[-115.824993,47.752373],[-115.797332,47.757128],[-115.780853,47.742472],[-115.784258,47.729963],[-115.773957,47.717904],[-115.753026,47.71695],[-115.73173,47.705204],[-115.722789,47.694725],[-115.728282,47.681708],[-115.726511,47.673226],[-115.736497,47.654738],[-115.730393,47.642331],[-115.707926,47.634831],[-115.694444,47.623761],[-115.697217,47.603741],[-115.68855,47.594333],[-115.70507,47.584391],[-115.705693,47.578034],[-115.721195,47.576254],[-115.722505,47.571649],[-115.738768,47.564468],[-115.755663,47.5483],[-115.741378,47.538253],[-115.698724,47.531653],[-115.69554,47.527585],[-115.711211,47.523274],[-115.711398,47.516771],[-115.698633,47.502273],[-115.690064,47.500794],[-115.686264,47.48494],[-115.668003,47.4888],[-115.660276,47.477962],[-115.629974,47.479633],[-115.640133,47.459714],[-115.664221,47.453883],[-115.691925,47.457082],[-115.717039,47.452575],[-115.747933,47.441675],[-115.759304,47.423862],[-115.721435,47.425714],[-115.712021,47.415406],[-115.692123,47.41534],[-115.675604,47.40942],[-115.676908,47.402097],[-115.657304,47.400208],[-115.642921,47.377367],[-115.615401,47.381943],[-115.577639,47.367404],[-115.575047,47.355875],[-115.557555,47.353535],[-115.549074,47.347205],[-115.550179,47.333741],[-115.538835,47.329059],[-115.537062,47.317838],[-115.528258,47.309212],[-115.528511,47.299314],[-115.490838,47.289482],[-115.483637,47.282134],[-115.466691,47.287173],[-115.453683,47.277391],[-115.425967,47.280278],[-115.412079,47.264602],[-115.385119,47.26766],[-115.359219,47.259643],[-115.340441,47.26287],[-115.320147,47.2567],[-115.318676,47.251365],[-115.324369,47.244724],[-115.316402,47.233293],[-115.298784,47.225504],[-115.291579,47.210001],[-115.300504,47.188139],[-115.262422,47.181687],[-115.245265,47.151751],[-115.221893,47.148995],[-115.199059,47.139622],[-115.185987,47.129402],[-115.172175,47.107151],[-115.144341,47.101977],[-115.139619,47.080019],[-115.131134,47.068956],[-115.107202,47.049484],[-115.087602,47.045789],[-115.081034,47.029847],[-115.071728,47.025855],[-115.067301,46.994989],[-115.050201,46.98123],[-115.048383,46.969819],[-115.028386,46.975659],[-115.001274,46.971901],[-114.986516,46.950148],[-114.959275310333,46.9328693979985],[-116.329436,46.934669],[-116.329601,48.017722]]]}},{"type":"Feature","properties":{"GEOID":"16071","NAME":"Oneida","state":"ID","wildfire_risk_score":81.202,"wildfire_eal_total":622041.09,"risk_band":"Low","source":"FEMA National Risk Index v1.20 (December 2025)"},"geometry":{"type":"Polygon","coordinates":[[[-113.000081,42.185047],[-112.999965,42.327427],[-112.654028,42.328872],[-112.653989,42.416169],[-112.497849,42.415998],[-112.498139,42.502967],[-112.384498,42.503055],[-112.380208,42.481475],[-112.370458,42.481345],[-112.365464,42.467002],[-112.345984,42.466945],[-112.347708,42.452414],[-112.342931,42.447667],[-112.319926,42.449279],[-112.308297,42.456725],[-112.297244,42.453874],[-112.290785,42.427114],[-112.293856,42.408271],[-112.290791,42.397278],[-112.293857,42.386723],[-112.304747,42.379694],[-112.310007,42.365589],[-112.328868,42.347207],[-112.327102,42.323836],[-112.315299,42.322041],[-112.305058,42.326497],[-112.291247,42.316825],[-112.279899,42.316568],[-112.266579,42.328729],[-112.259281,42.350721],[-112.190656,42.350839],[-112.185897,42.337392],[-112.160956,42.308476],[-112.161047,42.299425],[-112.156013,42.294473],[-112.137805,42.295749],[-112.130414,42.29163],[-112.113323,42.269345],[-112.098293,42.26994],[-112.083426,42.245963],[-112.070959,42.238263],[-112.070266,42.169646],[-112.109271,42.169911],[-112.109443425513,41.9977448322096],[-112.153848,41.997226],[-112.173148,42.001515],[-113.000040840117,41.9981831189311],[-113.000081,42.185047]]]}},{"type":"Feature","properties":{"GEOID":"16055","NAME":"Kootenai","state":"ID","wildfire_risk_score":79.517,"wildfire_eal_total":437513.77,"risk_band":"Low","source":"FEMA National Risk Index v1.20 (December 2025)"},"geometry":{"type":"Polygon","coordinates":[[[-117.042623,47.761223],[-117.042264083441,47.9774515117598],[-116.633337,47.97723],[-116.63302,47.991496],[-116.504329,47.991386],[-116.505104,47.890142],[-116.329538,47.890393],[-116.329406,47.414011],[-116.586549,47.414695],[-116.586486,47.400276],[-116.629108,47.400333],[-116.629059,47.371438],[-116.735395,47.371455],[-116.735215,47.385917],[-116.768171,47.38584],[-116.768202,47.380709],[-116.810814,47.380658],[-116.8108,47.366308],[-117.040069338271,47.3660278581666],[-117.042623,47.761223]]]}},{"type":"Feature","properties":{"GEOID":"16065","NAME":"Madison","state":"ID","wildfire_risk_score":70.261,"wildfire_eal_total":194498.53,"risk_band":"Low","source":"FEMA National Risk Index v1.20 (December 2025)"},"geometry":{"type":"Polygon","coordinates":[[[-111.983424,43.780177],[-111.983417,43.797287],[-111.977469,43.797235],[-111.976849,43.927385],[-111.837308,43.927158],[-111.837592,43.898621],[-111.698046,43.897901],[-111.697826,43.88344],[-111.694137,43.883391],[-111.558833,43.883305],[-111.557943,43.902738],[-111.540724,43.907727],[-111.531732,43.919254],[-111.495109,43.930137],[-111.478723,43.927886],[-111.467182,43.916533],[-111.44402,43.912862],[-111.431122,43.915626],[-111.42522,43.910358],[-111.398781,43.92289],[-111.399765,43.621976],[-111.565974,43.622037],[-111.566042,43.626836],[-111.626043,43.626756],[-111.625938,43.655227],[-111.717356,43.655326],[-111.722515,43.661206],[-111.743734,43.668165],[-111.762761,43.667522],[-111.779939,43.677497],[-111.804777,43.702584],[-111.820299,43.704238],[-111.82887,43.716134],[-111.83923,43.713862],[-111.858078,43.718603],[-111.873152,43.737008],[-111.902054,43.74717],[-111.900874,43.752053],[-111.908234,43.760316],[-111.916636,43.755202],[-111.929901,43.767097],[-111.946658,43.758293],[-111.950139,43.749733],[-111.959314,43.752182],[-111.969628,43.74776],[-111.983527,43.753806],[-111.983424,43.780177]]]}},{"type":"Feature","properties":{"GEOID":"16047","NAME":"Gooding","state":"ID","wildfire_risk_score":95.293,"wildfire_eal_total":3771441.37,"risk_band":"High","source":"FEMA National Risk Index v1.20 (December 2025)"},"geometry":{"type":"Polygon","coordinates":[[[-115.086155,43.198064],[-114.594605,43.198345],[-114.594375,42.850901],[-114.617401,42.850888],[-114.616487,42.649298],[-114.651814,42.660948],[-114.680831,42.659361],[-114.704523,42.668168],[-114.713021,42.66595],[-114.745743,42.673344],[-114.777689,42.664357],[-114.812167,42.664415],[-114.823414,42.676591],[-114.825777,42.705986],[-114.850399,42.713668],[-114.843978,42.735102],[-114.854731,42.753676],[-114.876958,42.756872],[-114.915793,42.771706],[-114.930648,42.765542],[-114.937898,42.77214],[-114.940816,42.791409],[-114.931386,42.80593],[-114.936678,42.813253],[-114.926486,42.823363],[-114.910954,42.828618],[-114.902151,42.848115],[-114.901636,42.859108],[-114.917743,42.874057],[-114.91934,42.881485],[-114.935032,42.884556],[-114.960322,42.914925],[-115.023421,42.918353],[-115.036133,42.911567],[-115.049576,42.91706],[-115.063669,42.912653],[-115.08685,42.91467],[-115.086155,43.198064]]]}},{"type":"Feature","properties":{"GEOID":"16037","NAME":"Custer","state":"ID","wildfire_risk_score":87.023,"wildfire_eal_total":543687.27,"risk_band":"Moderate","source":"FEMA National Risk Index v1.20 (December 2025)"},"geometry":{"type":"Polygon","coordinates":[[[-115.304994,44.579857],[-115.283208,44.602549],[-115.279542,44.61208],[-115.260218,44.606219],[-115.257668,44.615244],[-115.24949,44.618142],[-115.222485,44.619429],[-115.226073,44.625895],[-115.222,44.630704],[-115.198961,44.624182],[-115.195067,44.632634],[-115.18147,44.639566],[-115.18028,44.645884],[-115.167998,44.647618],[-115.165631,44.661486],[-115.15263,44.677223],[-115.146657,44.694587],[-115.150713,44.69645],[-115.14918,44.7012],[-115.139369,44.714875],[-115.151937,44.728592],[-115.136479,44.743145],[-115.088934,44.771077],[-115.075702,44.769164],[-115.061916,44.756249],[-115.038655,44.750652],[-115.032816,44.734974],[-115.017155,44.743422],[-115.013735,44.736701],[-115.018601,44.731506],[-115.00962,44.713367],[-114.995963,44.728718],[-114.979546,44.730008],[-114.956116,44.720982],[-114.947413,44.723038],[-114.943007,44.730828],[-114.927641,44.733857],[-114.915548,44.744806],[-114.913627,44.75755],[-114.896973,44.759101],[-114.896203,44.764475],[-114.871086,44.77968],[-114.858938,44.785367],[-114.853082,44.782042],[-114.833849,44.802691],[-114.812407,44.808346],[-114.797714,44.79433],[-114.814318,44.766438],[-114.812581,44.759473],[-114.820056,44.748029],[-114.817503,44.739491],[-114.801734,44.718887],[-114.793044,44.712982],[-114.781844,44.713953],[-114.753937,44.691145],[-114.736835,44.669949],[-114.735525,44.661948],[-114.741125,44.652735],[-114.71277,44.650385],[-114.70578,44.65649],[-114.691529,44.655344],[-114.662886,44.662151],[-114.629153,44.65286],[-114.605729,44.634906],[-114.596168,44.621663],[-114.596869,44.607248],[-114.603646,44.596502],[-114.576834,44.58487],[-114.569253,44.576196],[-114.546171,44.579418],[-114.517853,44.603676],[-114.496813,44.604371],[-114.488949,44.595821],[-114.477399,44.594175],[-114.469104,44.606005],[-114.451366,44.612187],[-114.448386,44.631488],[-114.435269,44.651293],[-114.408739,44.656378],[-114.4051,44.66517],[-114.386672,44.671111],[-114.386571,44.683978],[-114.372843,44.709717],[-114.405457,44.718214],[-114.403595,44.730022],[-114.408933,44.733004],[-114.404154,44.739547],[-114.397569,44.739244],[-114.392781,44.747353],[-114.379821,44.743485],[-114.373034,44.750901],[-114.360464,44.752023],[-114.350788,44.765028],[-114.353947,44.774545],[-114.340764,44.786864],[-114.344275,44.793781],[-114.316067,44.801484],[-114.299989,44.819599],[-114.278152,44.823123],[-114.264572,44.836323],[-114.26718,44.841527],[-114.262285,44.849858],[-114.24794,44.850962],[-114.238867,44.861738],[-114.224931,44.864334],[-114.225226,44.875898],[-114.221218,44.878966],[-114.21165,44.863102],[-114.195435,44.860587],[-114.198872,44.844629],[-114.191722,44.837933],[-114.198907,44.830636],[-114.189574,44.82449],[-114.196623,44.812181],[-114.196129,44.803224],[-114.204282,44.800033],[-114.205823,44.781662],[-114.201544,44.778316],[-114.216084,44.762293],[-114.216782,44.746879],[-114.173534,44.745372],[-114.162838,44.740452],[-114.15483,44.745283],[-114.135573,44.730344],[-114.127097,44.740611],[-114.118796,44.738986],[-114.105767,44.744667],[-114.107846,44.748378],[-114.092617,44.751881],[-114.095169,44.756425],[-114.084861,44.755947],[-114.083789,44.749012],[-114.075937,44.745578],[-114.05088,44.711489],[-114.051588,44.697323],[-114.036134,44.68153],[-114.035375,44.671167],[-114.021647,44.652186],[-114.007533,44.649191],[-114.003915,44.634701],[-113.983672,44.618934],[-113.96653,44.614254],[-113.96612,44.607607],[-113.949891,44.5962],[-113.943944,44.586187],[-113.929044,44.580133],[-113.92002,44.565899],[-113.899399,44.558391],[-113.84908,44.527247],[-113.816215,44.493963],[-113.78796,44.494008],[-113.745427,44.480705],[-113.706703,44.474535],[-113.663732,44.451922],[-113.581713,44.442268],[-113.553221,44.42642],[-113.502065,44.422098],[-113.4855,44.43385],[-113.477446,44.447969],[-113.465174,44.454925],[-113.451832,44.454936],[-113.437002,44.439305],[-113.43585,44.426762],[-113.425443,44.422896],[-113.414548,44.407552],[-113.403484,44.38049],[-113.361015,44.345409],[-113.356434,44.329123],[-113.339617,44.316313],[-113.33777,44.296799],[-113.326052,44.272363],[-113.33481,44.259795],[-113.333868,44.250321],[-113.320609,44.233164],[-113.416525,44.233364],[-113.416272,44.059338],[-113.457816,44.059528],[-113.458157,44.030539],[-113.451517,44.000267],[-113.455606,43.995344],[-113.445747,43.982704],[-113.443801,43.940207],[-113.445632,43.914569],[-113.458938,43.884139],[-113.453985,43.873908],[-113.405627,43.856363],[-113.391086,43.839618],[-113.384782,43.824311],[-113.372748,43.821089],[-113.367535,43.814717],[-113.365855,43.800834],[-113.360773,43.796985],[-113.367141,43.795267],[-113.363618,43.797486],[-113.377877,43.8097],[-113.398273,43.809457],[-113.412744,43.816713],[-113.442841,43.808709],[-113.448329,43.775285],[-113.481431,43.750238],[-113.48689,43.739529],[-113.505611,43.738363],[-113.528097,43.718922],[-113.543664,43.719216],[-113.572012,43.700876],[-113.598398,43.695378],[-113.632211,43.676636],[-113.68038,43.659808],[-113.722905,43.629469],[-113.746481,43.628616],[-113.759998,43.622681],[-113.769283,43.60318],[-113.781531,43.592698],[-113.784558,43.580198],[-113.798441,43.569217],[-113.807996,43.574504],[-113.814919,43.601916],[-113.835607,43.604909],[-113.839542,43.618609],[-113.859989,43.634132],[-113.862703,43.645249],[-113.875329,43.650504],[-113.904918,43.649719],[-113.911904,43.671724],[-113.933516,43.679365],[-113.956564,43.701274],[-113.974222,43.707825],[-113.98596,43.724882],[-113.985696,43.73718],[-113.997095,43.742575],[-113.993632,43.755832],[-114.004151,43.764994],[-114.029718,43.773361],[-114.03315,43.766961],[-114.053446,43.762146],[-114.053128,43.74646],[-114.070019,43.734696],[-114.116996,43.740347],[-114.137707,43.756291],[-114.134692,43.761182],[-114.142407,43.774368],[-114.16501,43.776436],[-114.180502,43.790068],[-114.195425,43.789586],[-114.275725,43.831138],[-114.279642,43.843412],[-114.276125,43.851773],[-114.283485,43.861064],[-114.278814,43.878849],[-114.292484,43.887062],[-114.323514,43.885853],[-114.343532,43.890279],[-114.359293,43.874177],[-114.410002,43.895651],[-114.427482,43.891509],[-114.443708,43.897193],[-114.474541,43.896517],[-114.485066,43.904504],[-114.515108,43.894739],[-114.509553,43.88513],[-114.519673,43.871679],[-114.513254,43.863216],[-114.523498,43.848558],[-114.56235,43.844368],[-114.581992,43.85145],[-114.586354,43.869882],[-114.583469,43.875103],[-114.606151,43.89362],[-114.625186,43.898023],[-114.644414,43.914255],[-114.655394,43.914192],[-114.660061,43.921884],[-114.670412,43.921313],[-114.681168,43.927705],[-114.81379,43.927772],[-114.813873,43.992941],[-114.873372,43.992949],[-114.888111,43.98911],[-114.931017,43.968729],[-114.942381,43.950678],[-114.9568,43.947423],[-114.96946,43.937333],[-114.978878,43.94682],[-114.990777,43.949723],[-114.978602,43.970158],[-114.968744,43.973657],[-114.967343,43.982088],[-114.987427,43.99224],[-114.982558,44.011188],[-114.993672,44.012288],[-114.998601,44.020662],[-115.007358,44.013328],[-115.017628,44.012521],[-115.039932,44.024491],[-115.048135,44.037803],[-115.04772,44.050655],[-115.04356,44.05882],[-115.035422,44.060526],[-115.035298,44.069438],[-115.019612,44.079954],[-115.010718,44.077188],[-114.996903,44.090551],[-114.998038,44.098227],[-115.020525,44.098386],[-115.029598,44.110336],[-115.046725,44.119971],[-115.046468,44.123626],[-115.02601,44.128644],[-115.018491,44.138789],[-115.024181,44.155478],[-115.051284,44.165271],[-115.061735,44.160133],[-115.082361,44.17616],[-115.107931,44.17006],[-115.1275,44.191667],[-115.143669,44.190311],[-115.167684,44.20284],[-115.162765,44.213706],[-115.174831,44.235464],[-115.16054,44.239624],[-115.156613,44.246948],[-115.167514,44.257829],[-115.164007,44.262373],[-115.168411,44.269561],[-115.16598,44.275143],[-115.175249,44.29298],[-115.178964,44.296521],[-115.18748,44.287391],[-115.201221,44.282399],[-115.208957,44.288054],[-115.213114,44.30451],[-115.236791,44.30793],[-115.243468,44.292244],[-115.249734,44.311087],[-115.271407,44.315215],[-115.288934,44.325855],[-115.294614,44.339445],[-115.284026,44.346731],[-115.284281,44.358222],[-115.276858,44.357026],[-115.26023,44.370295],[-115.25891,44.377744],[-115.246486,44.387859],[-115.24758,44.396726],[-115.240997,44.401751],[-115.239666,44.409894],[-115.231361,44.415347],[-115.228126,44.429236],[-115.231605,44.446878],[-115.227202,44.453622],[-115.232281,44.458556],[-115.223645,44.463449],[-115.235204,44.47024],[-115.226546,44.474831],[-115.227553,44.489343],[-115.236931,44.49703],[-115.238271,44.510978],[-115.244675,44.51204],[-115.247135,44.519717],[-115.280548,44.518568],[-115.280393,44.526486],[-115.294822,44.532648],[-115.290396,44.543197],[-115.298152,44.551311],[-115.304994,44.579857]]]}},{"type":"Feature","properties":{"GEOID":"16021","NAME":"Boundary","state":"ID","wildfire_risk_score":80.662,"wildfire_eal_total":339703.28,"risk_band":"Low","source":"FEMA National Risk Index v1.20 (December 2025)"},"geometry":{"type":"Polygon","coordinates":[[[-117.032107,48.874926],[-117.032351,48.999188],[-116.049086,49.000846],[-116.049140153119,48.5020457243821],[-116.784878,48.500472],[-116.785174,48.847402],[-117.03238462208,48.8466652930668],[-117.032107,48.874926]]]}},{"type":"Feature","properties":{"GEOID":"16081","NAME":"Teton","state":"ID","wildfire_risk_score":90.872,"wildfire_eal_total":1958069.2,"risk_band":"Moderate","source":"FEMA National Risk Index v1.20 (December 2025)"},"geometry":{"type":"Polygon","coordinates":[[[-111.400806,43.854665],[-111.398781,43.92289],[-111.354543,43.948104],[-111.348155,43.938265],[-111.332794,43.93874],[-111.325196,43.923513],[-111.317885,43.924726],[-111.308826,43.919173],[-111.280123,43.926774],[-111.271279,43.938802],[-111.254069,43.938607],[-111.236044,43.949077],[-111.217281,43.939489],[-111.204401,43.943679],[-111.202377,43.934351],[-111.187256,43.932114],[-111.156122,43.950857],[-111.147726,43.953527],[-111.143327,43.950279],[-111.138862,43.958334],[-111.113677,43.968572],[-111.102884,43.968443],[-111.05854,43.984307],[-111.047063914504,43.9834606121932],[-111.045204743411,43.5010518507229],[-111.059013,43.510737],[-111.055831,43.519504],[-111.067784,43.526143],[-111.085901,43.521426],[-111.103897,43.52382],[-111.125812,43.53184],[-111.143501,43.546657],[-111.152625,43.542098],[-111.171973,43.547043],[-111.176526,43.541969],[-111.190393,43.539745],[-111.207561,43.543857],[-111.218138,43.558334],[-111.215238,43.573827],[-111.22635,43.590155],[-111.223157,43.596642],[-111.227501,43.599983],[-111.226081,43.606378],[-111.243839,43.621853],[-111.399765,43.621976],[-111.400806,43.854665]]]}},{"type":"Feature","properties":{"GEOID":"16057","NAME":"Latah","state":"ID","wildfire_risk_score":92.08,"wildfire_eal_total":2333313.7,"risk_band":"Moderate","source":"FEMA National Risk Index v1.20 (December 2025)"},"geometry":{"type":"Polygon","coordinates":[[[-117.039817590392,46.8160733596053],[-117.039821054109,47.1272689624222],[-117.015733,47.130829],[-116.985009,47.126458],[-116.967735,47.115232],[-116.977444,47.089121],[-116.955043,47.068822],[-116.944371,47.067227],[-116.925186,47.081565],[-116.896191,47.077896],[-116.872216,47.059084],[-116.848292,47.047166],[-116.836765,47.047101],[-116.835269,47.032452],[-116.771126,47.032511],[-116.771054,47.037394],[-116.45812,47.036596],[-116.458221,47.022096],[-116.329418,47.021915],[-116.32954,46.627957],[-116.621015,46.62969],[-116.645174,46.617898],[-116.643879,46.612525],[-116.658647,46.61209],[-116.685176,46.590079],[-116.698049,46.58661],[-116.719085,46.542874],[-117.039656800448,46.5417092336369],[-117.039817590392,46.8160733596053]]]}},{"type":"Feature","properties":{"GEOID":"16017","NAME":"Bonner","state":"ID","wildfire_risk_score":82.697,"wildfire_eal_total":522911.39,"risk_band":"Moderate","source":"FEMA National Risk Index v1.20 (December 2025)"},"geometry":{"type":"Polygon","coordinates":[[[-117.041676826568,48.0454642716004],[-117.03238462208,48.8466652930668],[-116.785174,48.847402],[-116.784878,48.500472],[-116.049140153119,48.5020457243821],[-116.049108961716,47.9773352748329],[-116.060942,47.988329],[-116.062132,47.995549],[-116.087353,48.002353],[-116.103429,48.012277],[-116.104121,48.02311],[-116.120163,48.033448],[-116.130772,48.026735],[-116.161863,48.021577],[-116.192795,48.040337],[-116.206621,48.041091],[-116.207126,48.046415],[-116.229103,48.066918],[-116.241965,48.068778],[-116.282236,48.059386],[-116.291131,48.045316],[-116.307085,48.038097],[-116.329601,48.017722],[-116.329538,47.890393],[-116.505104,47.890142],[-116.504329,47.991386],[-116.63302,47.991496],[-116.633337,47.97723],[-117.042264083441,47.9774515117598],[-117.041676826568,48.0454642716004]]]}},{"type":"Feature","properties":{"GEOID":"16009","NAME":"Benewah","state":"ID","wildfire_risk_score":74.777,"wildfire_eal_total":230439.84,"risk_band":"Low","source":"FEMA National Risk Index v1.20 (December 2025)"},"geometry":{"type":"Polygon","coordinates":[[[-117.040069338271,47.3660278581666],[-116.8108,47.366308],[-116.810814,47.380658],[-116.768202,47.380709],[-116.768171,47.38584],[-116.735215,47.385917],[-116.735395,47.371455],[-116.629059,47.371438],[-116.629108,47.400333],[-116.586486,47.400276],[-116.586549,47.414695],[-116.329406,47.414011],[-116.329418,47.021915],[-116.458221,47.022096],[-116.45812,47.036596],[-116.771054,47.037394],[-116.771126,47.032511],[-116.835269,47.032452],[-116.836765,47.047101],[-116.848292,47.047166],[-116.872216,47.059084],[-116.896191,47.077896],[-116.925186,47.081565],[-116.944371,47.067227],[-116.955043,47.068822],[-116.977444,47.089121],[-116.967735,47.115232],[-116.971167,47.119965],[-117.001018,47.130487],[-117.039821054109,47.1272689624222],[-117.040069338271,47.3660278581666]]]}},{"type":"Feature","properties":{"GEOID":"16019","NAME":"Bonneville","state":"ID","wildfire_risk_score":90.331,"wildfire_eal_total":1924952.3,"risk_band":"Moderate","source":"FEMA National Risk Index v1.20 (December 2025)"},"geometry":{"type":"Polygon","coordinates":[[[-112.520027,43.55222],[-112.519861,43.626623],[-111.566042,43.626836],[-111.565974,43.622037],[-111.243839,43.621853],[-111.226081,43.606378],[-111.227501,43.599983],[-111.223157,43.596642],[-111.22635,43.590155],[-111.215238,43.573827],[-111.218138,43.558334],[-111.207561,43.543857],[-111.190393,43.539745],[-111.176526,43.541969],[-111.171973,43.547043],[-111.152625,43.542098],[-111.143501,43.546657],[-111.125812,43.53184],[-111.103897,43.52382],[-111.085901,43.521426],[-111.067784,43.526143],[-111.055831,43.519504],[-111.059013,43.510737],[-111.045204743411,43.5010518507229],[-111.044142896217,43.019408],[-111.589489,43.020052],[-111.588049,43.281841],[-111.822494,43.282286],[-111.822475,43.366035],[-112.043821,43.366708],[-112.043672,43.410143],[-112.103396,43.41026],[-112.103298,43.425057],[-112.520024,43.42517],[-112.520027,43.55222]]]}},{"type":"Feature","properties":{"GEOID":"16051","NAME":"Jefferson","state":"ID","wildfire_risk_score":62.5,"wildfire_eal_total":138109.13,"risk_band":"Low","source":"FEMA National Risk Index v1.20 (December 2025)"},"geometry":{"type":"Polygon","coordinates":[[[-112.696915,43.79789],[-112.694744,44.058464],[-112.155935,44.05778],[-112.15637,43.971247],[-111.977016,43.970909],[-111.977469,43.797235],[-111.983417,43.797287],[-111.983527,43.753806],[-111.969628,43.74776],[-111.959314,43.752182],[-111.950139,43.749733],[-111.946658,43.758293],[-111.929901,43.767097],[-111.916636,43.755202],[-111.908234,43.760316],[-111.900874,43.752053],[-111.902054,43.74717],[-111.873152,43.737008],[-111.858078,43.718603],[-111.83923,43.713862],[-111.82887,43.716134],[-111.820299,43.704238],[-111.804777,43.702584],[-111.779939,43.677497],[-111.762761,43.667522],[-111.743734,43.668165],[-111.722515,43.661206],[-111.717356,43.655326],[-111.625938,43.655227],[-111.626043,43.626756],[-112.639238,43.626574],[-112.639238,43.623167],[-112.697122,43.62314],[-112.696915,43.79789]]]}},{"type":"Feature","properties":{"GEOID":"16001","NAME":"Ada","state":"ID","wildfire_risk_score":98.251,"wildfire_eal_total":26590644.41,"risk_band":"High","source":"FEMA National Risk Index v1.20 (December 2025)"},"geometry":{"type":"Polygon","coordinates":[[[-116.51362,43.386539],[-116.513364,43.45932],[-116.473593,43.459853],[-116.473393,43.488294],[-116.473492,43.634103],[-116.513123,43.634183],[-116.512502,43.807161],[-116.279919,43.807363],[-115.980277,43.585946],[-115.975719,43.591438],[-115.978714,43.113432],[-116.266207,43.112269],[-116.276559,43.119261],[-116.305099,43.12058],[-116.316404,43.141321],[-116.333281,43.149055],[-116.336044,43.161372],[-116.352529,43.165123],[-116.385955,43.193577],[-116.377185,43.239313],[-116.403329,43.262982],[-116.402638,43.273606],[-116.408158,43.282833],[-116.433042,43.296247],[-116.484082,43.289271],[-116.49975,43.281837],[-116.511897,43.29052],[-116.51362,43.386539]]]}},{"type":"Feature","properties":{"GEOID":"16011","NAME":"Bingham","state":"ID","wildfire_risk_score":83.556,"wildfire_eal_total":652555.05,"risk_band":"Moderate","source":"FEMA National Risk Index v1.20 (December 2025)"},"geometry":{"type":"Polygon","coordinates":[[[-113.007591,43.053122],[-113.007318,43.284778],[-112.947016,43.284821],[-112.947009,43.367339],[-112.936902,43.367346],[-112.936835,43.449386],[-112.816704,43.449164],[-112.816278,43.535949],[-112.698891,43.540052],[-112.699052,43.62313],[-112.519861,43.626623],[-112.520024,43.42517],[-112.103298,43.425057],[-112.103396,43.41026],[-112.043672,43.410143],[-112.043821,43.366708],[-111.822475,43.366035],[-111.822494,43.282286],[-111.588049,43.281841],[-111.589489,43.020052],[-112.656552,43.021944],[-112.665635,43.01553],[-112.676152,43.022012],[-112.682232,43.018733],[-112.680409,43.012267],[-112.69482,43.008109],[-112.693185,42.999739],[-112.704496,42.997663],[-112.706747,42.990683],[-112.730342,42.992504],[-112.741566,42.988858],[-112.741501,42.980826],[-112.734204,42.975502],[-112.751066,42.963382],[-112.749732,42.953068],[-112.766126,42.934308],[-112.761214,42.923614],[-112.779202,42.913831],[-112.783624,42.887531],[-112.794581,42.877472],[-112.807138,42.882587],[-112.816578,42.863231],[-113.00776,42.863051],[-113.007591,43.053122]]]}},{"type":"Feature","properties":{"GEOID":"16063","NAME":"Lincoln","state":"ID","wildfire_risk_score":92.048,"wildfire_eal_total":1685987.86,"risk_band":"Moderate","source":"FEMA National Risk Index v1.20 (December 2025)"},"geometry":{"type":"Polygon","coordinates":[[[-114.594738,43.021227],[-114.594605,43.198345],[-113.714642,43.199783],[-113.714044,42.849734],[-113.76382,42.849823],[-113.764523,42.764264],[-114.049961,42.765006],[-114.049849,42.808444],[-114.345659,42.809055],[-114.345652,42.823562],[-114.365327,42.823611],[-114.365366,42.85079],[-114.594375,42.850901],[-114.594738,43.021227]]]}},{"type":"Feature","properties":{"GEOID":"16053","NAME":"Jerome","state":"ID","wildfire_risk_score":90.235,"wildfire_eal_total":1083652.99,"risk_band":"Moderate","source":"FEMA National Risk Index v1.20 (December 2025)"},"geometry":{"type":"Polygon","coordinates":[[[-114.617401,42.850888],[-114.365366,42.85079],[-114.365327,42.823611],[-114.345652,42.823562],[-114.345659,42.809055],[-114.049849,42.808444],[-114.049961,42.765006],[-113.931687,42.765026],[-113.931799,42.535243],[-113.950478,42.530195],[-113.959493,42.534965],[-113.982546,42.534419],[-113.995967,42.525876],[-114.017264,42.528113],[-114.028949,42.524202],[-114.045454,42.528699],[-114.09574,42.508116],[-114.114358,42.506621],[-114.124934,42.49613],[-114.149969,42.497826],[-114.170954,42.513961],[-114.17947,42.532331],[-114.237371,42.557259],[-114.287207,42.561808],[-114.307325,42.571755],[-114.332917,42.572566],[-114.344692,42.585062],[-114.375217,42.598132],[-114.389754,42.599859],[-114.402536,42.595436],[-114.431803,42.599803],[-114.440807,42.595868],[-114.449803,42.600645],[-114.465709,42.599673],[-114.511709,42.621659],[-114.510153,42.6267],[-114.520482,42.631033],[-114.605347,42.643095],[-114.616487,42.649298],[-114.617401,42.850888]]]}},{"type":"Feature","properties":{"GEOID":"16045","NAME":"Gem","state":"ID","wildfire_risk_score":96.501,"wildfire_eal_total":5860847.3,"risk_band":"High","source":"FEMA National Risk Index v1.20 (December 2025)"},"geometry":{"type":"Polygon","coordinates":[[[-116.712752,43.879858],[-116.712501,43.981326],[-116.572224,43.980485],[-116.572142,44.009214],[-116.53217,44.008843],[-116.532117,44.066024],[-116.452551,44.065414],[-116.452068,44.151465],[-116.358492,44.151158],[-116.353188,44.175519],[-116.357027,44.207233],[-116.343323,44.217804],[-116.351477,44.237823],[-116.346393,44.241246],[-116.350253,44.245032],[-116.343651,44.257643],[-116.341794,44.276999],[-116.344027,44.286374],[-116.351187,44.287764],[-116.341872,44.305658],[-116.348007,44.322308],[-116.341368,44.326972],[-116.329369,44.354896],[-116.335769,44.365867],[-116.333911,44.376],[-116.329084,44.37551],[-116.32172,44.387724],[-116.319643,44.420688],[-116.308294,44.423441],[-116.2983,44.448198],[-116.291488,44.452712],[-116.257022,44.466265],[-116.243812,44.461464],[-116.236136,44.464713],[-116.229984,44.489492],[-116.213314,44.510813],[-116.210823,44.504619],[-116.200495,44.503083],[-116.193278,44.493666],[-116.176557,44.500656],[-116.152418,44.498832],[-116.152295,44.324519],[-116.21291,44.324373],[-116.213871,44.151387],[-116.273069,44.151227],[-116.274022,43.80736],[-116.712672,43.807161],[-116.712752,43.879858]]]}},{"type":"Feature","properties":{"GEOID":"16075","NAME":"Payette","state":"ID","wildfire_risk_score":89.981,"wildfire_eal_total":1715086.38,"risk_band":"Moderate","source":"FEMA National Risk Index v1.20 (December 2025)"},"geometry":{"type":"Polygon","coordinates":[[[-116.98384,43.880846],[-116.976114,43.894759],[-116.981919,43.912478],[-116.962615,43.91748],[-116.958752,43.923246],[-116.959993,43.93065],[-116.968931,43.937007],[-116.960415,43.954564],[-116.972331,43.958357],[-116.959206,43.96636],[-116.97088,43.968302],[-116.97618,43.974719],[-116.959871,43.982925],[-116.935584,43.986874],[-116.943742,44.003189],[-116.934485,44.021249],[-116.943361,44.035645],[-116.973185,44.049425],[-116.977351,44.085364],[-116.933704,44.100039],[-116.929069,44.113972],[-116.914236,44.127304],[-116.911218,44.139992],[-116.897846346997,44.1526558411174],[-116.452068,44.151465],[-116.452551,44.065414],[-116.532117,44.066024],[-116.53217,44.008843],[-116.572142,44.009214],[-116.572224,43.980485],[-116.712501,43.981326],[-116.712672,43.807161],[-116.752608,43.807196],[-116.753114,43.799926],[-116.7932,43.799861],[-116.793189,43.792687],[-116.853154,43.79271],[-116.853132,43.807387],[-116.893786,43.807657],[-116.894086,43.821763],[-116.913796,43.821721],[-116.913963,43.8362],[-116.95452,43.836487],[-116.954422,43.880154],[-116.98384,43.880846]]]}},{"type":"Feature","properties":{"GEOID":"16067","NAME":"Minidoka","state":"ID","wildfire_risk_score":55.344,"wildfire_eal_total":65855.19,"risk_band":"Low","source":"FEMA National Risk Index v1.20 (December 2025)"},"geometry":{"type":"Polygon","coordinates":[[[-113.932021,42.615846],[-113.931687,42.765026],[-113.763862,42.764508],[-113.76382,42.849823],[-113.714044,42.849734],[-113.714642,43.199783],[-113.413867,43.199859],[-113.413138,42.849169],[-113.472155,42.849201],[-113.472177,42.669352],[-113.507557,42.67172],[-113.557193,42.656799],[-113.575261,42.645575],[-113.589326,42.617329],[-113.627728,42.579182],[-113.644167,42.54549],[-113.654149,42.536155],[-113.699044,42.51919],[-113.741826,42.523653],[-113.758328,42.534076],[-113.763556,42.547209],[-113.783405,42.557003],[-113.831989,42.535053],[-113.878007,42.549716],[-113.931799,42.535243],[-113.932021,42.615846]]]}}]}