{"type":"FeatureCollection","metadata":{"state":"KY","boundary_source":"U.S. Census Bureau 2024 Cartographic Boundary File (counties, 1:500,000)","risk_source":"FEMA National Risk Index v1.20 (December 2025)"},"features":[{"type":"Feature","properties":{"GEOID":"21235","NAME":"Whitley","state":"KY","wildfire_risk_score":85.115,"wildfire_eal_total":554605.54,"risk_band":"High","source":"FEMA National Risk Index v1.20 (December 2025)"},"geometry":{"type":"Polygon","coordinates":[[[-84.35585,36.812111],[-84.340466,36.824461],[-84.318612,36.832739],[-84.318753,36.836111],[-84.330817,36.83802],[-84.343146,36.836053],[-84.344674,36.841048],[-84.33181,36.846694],[-84.327628,36.854045],[-84.315192,36.857061],[-84.325286,36.867458],[-84.314802,36.882594],[-84.322735,36.895777],[-84.304105,36.912459],[-84.313146,36.929402],[-84.298533,36.939019],[-84.297416,36.945931],[-84.285496,36.956099],[-84.263562,36.962326],[-84.264377,36.966839],[-84.256476,36.972864],[-84.260719,36.961232],[-84.254438,36.958452],[-84.258301,36.954298],[-84.245887,36.955697],[-84.243016,36.95109],[-84.246431,36.947283],[-84.237134,36.950521],[-84.235204,36.941023],[-84.225431,36.945918],[-84.222487,36.960273],[-84.210502,36.947288],[-84.20505,36.951811],[-84.199991,36.945452],[-84.190204,36.947713],[-84.183131,36.939369],[-84.163184,36.94186],[-84.159086,36.956081],[-84.151878,36.955431],[-84.150645,36.967488],[-84.143057,36.966522],[-84.145308,36.956318],[-84.136305,36.960145],[-84.133853,36.968931],[-84.125551,36.970213],[-84.123252,36.964424],[-84.116738,36.967999],[-84.111718,36.959383],[-84.102802,36.963499],[-84.101851,36.954313],[-84.091853,36.955992],[-84.092723,36.943012],[-84.0802,36.928018],[-84.08635,36.920228],[-84.082177,36.911812],[-84.08497,36.902189],[-84.070446,36.890592],[-84.067832,36.874268],[-84.059754,36.868605],[-84.065485,36.863538],[-84.065177,36.853433],[-84.055735,36.850227],[-84.05261,36.855665],[-84.039508,36.848694],[-84.043762,36.839511],[-84.03005,36.827945],[-84.027514,36.818644],[-84.015879,36.81357],[-84.007949,36.816818],[-84.000494,36.811286],[-83.99964,36.800858],[-83.984264,36.801735],[-83.977945,36.796623],[-83.980899,36.790746],[-83.976791,36.778962],[-83.988185,36.770131],[-83.986383,36.758743],[-83.968546,36.760923],[-83.95967,36.749377],[-83.958534,36.727245],[-83.877503,36.687259],[-83.878615,36.680335],[-83.956234,36.645491],[-83.953846,36.636578],[-83.940679,36.628071],[-83.926252,36.606531],[-83.9307607839439,36.5876942581124],[-84.2271936534631,36.5921799356786],[-84.239598,36.613354],[-84.271529,36.63395],[-84.307598,36.676809],[-84.319769,36.709756],[-84.322652,36.758669],[-84.331066,36.759118],[-84.338565,36.775586],[-84.349588,36.779568],[-84.350298,36.795688],[-84.345345,36.806003],[-84.35585,36.812111]]]}},{"type":"Feature","properties":{"GEOID":"21133","NAME":"Letcher","state":"KY","wildfire_risk_score":76.495,"wildfire_eal_total":197061.56,"risk_band":"High","source":"FEMA National Risk Index v1.20 (December 2025)"},"geometry":{"type":"Polygon","coordinates":[[[-83.153454,36.959466],[-83.147625,36.984715],[-83.126428,36.991441],[-83.12209,37.000997],[-83.108053,36.992143],[-83.054393,37.018328],[-83.058176,37.025005],[-83.049517,37.029685],[-83.052243,37.035114],[-83.065536,37.038669],[-83.073396,37.046457],[-83.061997,37.051783],[-83.057551,37.062106],[-83.048761,37.058633],[-83.042741,37.062215],[-83.046938,37.069328],[-83.040771,37.080059],[-83.051708,37.096241],[-83.047036,37.102755],[-83.054566,37.103692],[-83.061361,37.117912],[-83.035611,37.15724],[-83.048892,37.169421],[-83.037429,37.165265],[-83.028103,37.169837],[-82.998111,37.196265],[-82.995258,37.190822],[-82.984493,37.187718],[-82.984932,37.177522],[-82.979183,37.17242],[-82.963202,37.181735],[-82.957214,37.191001],[-82.94305,37.190415],[-82.931835,37.202743],[-82.920769,37.200027],[-82.905489,37.212165],[-82.891932,37.21353],[-82.890559,37.223887],[-82.875379,37.232038],[-82.874726,37.242143],[-82.868633,37.247466],[-82.852325,37.255795],[-82.832537,37.258777],[-82.822101,37.268018],[-82.807808,37.267167],[-82.801672,37.261232],[-82.790115,37.264989],[-82.787385,37.26128],[-82.732693,37.271502],[-82.723363,37.263812],[-82.724251,37.256929],[-82.702241,37.258385],[-82.698653,37.250467],[-82.705095,37.242663],[-82.691195,37.241209],[-82.694545,37.234181],[-82.682245,37.228129],[-82.672022,37.227319],[-82.646325,37.243959],[-82.628921,37.247804],[-82.599434,37.227683],[-82.589803,37.208977],[-82.575806,37.205886],[-82.5653752160821,37.1960922172527],[-82.617423,37.168129],[-82.633493,37.154264],[-82.653268,37.151314],[-82.676765,37.134965],[-82.684601,37.135835],[-82.722097,37.120168],[-82.726449,37.114985],[-82.721617,37.101276],[-82.724954,37.091905],[-82.71674,37.07722],[-82.727022,37.073019],[-82.722472,37.045101],[-82.742454,37.04298],[-82.747981,37.025214],[-82.759175,37.027333],[-82.782144,37.008242],[-82.828592,37.005707],[-82.836008,36.988837],[-82.845002,36.983812],[-82.853729,36.985178],[-82.856768,36.979095],[-82.862926,36.979975],[-82.869183,36.974182],[-82.941117,37.015173],[-82.967235,36.999854],[-83.006584,36.992554],[-83.022587,36.977403],[-83.037898,36.984109],[-83.150402,36.954163],[-83.153454,36.959466]]]}},{"type":"Feature","properties":{"GEOID":"21123","NAME":"Larue","state":"KY","wildfire_risk_score":7.029,"wildfire_eal_total":2626.67,"risk_band":"Low","source":"FEMA National Risk Index v1.20 (December 2025)"},"geometry":{"type":"Polygon","coordinates":[[[-85.894457,37.472309],[-85.888607,37.473778],[-85.874861,37.545301],[-85.838664,37.568708],[-85.820885,37.574071],[-85.819295,37.584227],[-85.797304,37.608075],[-85.80352,37.621586],[-85.774501,37.631313],[-85.776346,37.638647],[-85.768468,37.644362],[-85.738706,37.651123],[-85.680488,37.732284],[-85.671795,37.732283],[-85.645286,37.716101],[-85.642123,37.711184],[-85.646874,37.707832],[-85.634188,37.694105],[-85.606042,37.700837],[-85.592497,37.693905],[-85.596544,37.670011],[-85.592323,37.667691],[-85.601844,37.655006],[-85.594923,37.65441],[-85.601108,37.639894],[-85.583736,37.644319],[-85.572822,37.638252],[-85.573869,37.629548],[-85.568163,37.623469],[-85.570069,37.617214],[-85.57983,37.626684],[-85.592543,37.61379],[-85.605018,37.617371],[-85.615302,37.614543],[-85.611426,37.607346],[-85.587233,37.605082],[-85.59477,37.598963],[-85.59132,37.594462],[-85.606766,37.59045],[-85.601259,37.582489],[-85.604899,37.566288],[-85.609879,37.563129],[-85.607832,37.558027],[-85.612993,37.560122],[-85.623323,37.551604],[-85.624195,37.540631],[-85.61257,37.541295],[-85.603622,37.547977],[-85.601047,37.539298],[-85.595674,37.545143],[-85.59581,37.532803],[-85.564792,37.522955],[-85.558907,37.530549],[-85.547059,37.531042],[-85.552506,37.541142],[-85.548638,37.558033],[-85.543634,37.562444],[-85.526743,37.562617],[-85.524233,37.554102],[-85.517002,37.555243],[-85.498056,37.543534],[-85.490288,37.526241],[-85.491422,37.514601],[-85.473905,37.4922],[-85.46625,37.465595],[-85.488837,37.467285],[-85.492416,37.47894],[-85.499712,37.482922],[-85.515497,37.473522],[-85.514995,37.467907],[-85.525497,37.46289],[-85.528548,37.454218],[-85.541819,37.454741],[-85.550889,37.460739],[-85.565016,37.459784],[-85.584299,37.47104],[-85.603338,37.467442],[-85.608615,37.460022],[-85.617835,37.468122],[-85.63435,37.471681],[-85.640095,37.459615],[-85.638227,37.454075],[-85.655096,37.447435],[-85.665391,37.436756],[-85.657332,37.421996],[-85.892804,37.440308],[-85.894457,37.472309]]]}},{"type":"Feature","properties":{"GEOID":"21115","NAME":"Johnson","state":"KY","wildfire_risk_score":76.304,"wildfire_eal_total":203856.68,"risk_band":"High","source":"FEMA National Risk Index v1.20 (December 2025)"},"geometry":{"type":"Polygon","coordinates":[[[-83.003489,37.861446],[-82.983782,37.875867],[-82.985938,37.898734],[-82.977218,37.893454],[-82.97035,37.897809],[-82.961423,37.893827],[-82.96166,37.912882],[-82.973068,37.914084],[-82.968376,37.924025],[-82.977136,37.939215],[-82.985122,37.942843],[-82.980534,37.948424],[-82.989014,37.963968],[-82.978084,37.974521],[-82.970724,37.990978],[-82.947936,38.000431],[-82.831585,37.967869],[-82.736583,37.916327],[-82.676933,37.892328],[-82.612393,37.879272],[-82.633193,37.869338],[-82.640537,37.870683],[-82.64334,37.862838],[-82.670812,37.852091],[-82.664802,37.840237],[-82.647585,37.834755],[-82.645776,37.830406],[-82.652624,37.824597],[-82.644807,37.822939],[-82.655921,37.813648],[-82.654655,37.809577],[-82.664322,37.806806],[-82.663994,37.798413],[-82.674443,37.786988],[-82.665041,37.786608],[-82.66241,37.780348],[-82.653581,37.778005],[-82.658583,37.768542],[-82.655719,37.752854],[-82.647636,37.748149],[-82.644056,37.741554],[-82.646724,37.733956],[-82.635539,37.724046],[-82.64075,37.720182],[-82.653725,37.726627],[-82.67361,37.725497],[-82.687246,37.729582],[-82.684956,37.735344],[-82.708284,37.739517],[-82.723211,37.749081],[-82.739382,37.743954],[-82.75223,37.756227],[-82.755816,37.751718],[-82.763174,37.756225],[-82.766977,37.741928],[-82.785675,37.746058],[-82.845548,37.729519],[-82.862105,37.727672],[-82.866739,37.731147],[-82.876262,37.719312],[-82.90115,37.7032],[-82.908257,37.712616],[-82.915239,37.710017],[-82.927169,37.719359],[-82.940763,37.716338],[-82.948257,37.719871],[-82.950582,37.794734],[-82.987719,37.814094],[-82.986823,37.829824],[-82.98152,37.835412],[-83.003489,37.861446]]]}},{"type":"Feature","properties":{"GEOID":"21109","NAME":"Jackson","state":"KY","wildfire_risk_score":79.835,"wildfire_eal_total":309852.35,"risk_band":"High","source":"FEMA National Risk Index v1.20 (December 2025)"},"geometry":{"type":"Polygon","coordinates":[[[-84.204291,37.504883],[-84.204152,37.511564],[-84.198208,37.515307],[-84.200044,37.522007],[-84.171836,37.557549],[-84.142063,37.564839],[-84.045023,37.563573],[-83.965244,37.581421],[-83.939846,37.573173],[-83.893514,37.531119],[-83.885262,37.517688],[-83.887694,37.502117],[-83.881267,37.495455],[-83.883953,37.477335],[-83.865122,37.451378],[-83.849961,37.447848],[-83.842498,37.439521],[-83.839958,37.424521],[-83.828887,37.411795],[-83.811966,37.370325],[-83.801375,37.364069],[-83.794865,37.350785],[-83.790209,37.352943],[-83.784975,37.348717],[-83.783761,37.334733],[-83.796636,37.329754],[-83.821693,37.331255],[-83.863192,37.306571],[-83.88198,37.306932],[-83.880388,37.294623],[-83.876838,37.294652],[-83.888326,37.285715],[-83.890091,37.274491],[-83.899891,37.266795],[-83.896924,37.262151],[-83.901574,37.25374],[-83.922205,37.261825],[-83.940663,37.258641],[-83.943718,37.250551],[-84.005606,37.253343],[-84.056477,37.269762],[-84.056091,37.276042],[-84.048674,37.282003],[-84.063859,37.283284],[-84.064954,37.287071],[-84.078306,37.282121],[-84.075627,37.287076],[-84.080719,37.291514],[-84.101231,37.299189],[-84.099899,37.304019],[-84.108472,37.31017],[-84.094255,37.313818],[-84.107101,37.315865],[-84.108069,37.326554],[-84.118711,37.335556],[-84.128512,37.333821],[-84.137898,37.319759],[-84.145603,37.326771],[-84.135089,37.3325],[-84.142304,37.345178],[-84.135132,37.343017],[-84.132823,37.348906],[-84.14302,37.352341],[-84.12913,37.357835],[-84.136285,37.367697],[-84.145593,37.368576],[-84.169481,37.385406],[-84.169375,37.396642],[-84.159285,37.417369],[-84.183043,37.445426],[-84.18293,37.454862],[-84.189256,37.456842],[-84.203552,37.486177],[-84.200161,37.495711],[-84.204291,37.504883]]]}},{"type":"Feature","properties":{"GEOID":"21175","NAME":"Morgan","state":"KY","wildfire_risk_score":70.929,"wildfire_eal_total":161572.26,"risk_band":"High","source":"FEMA National Risk Index v1.20 (December 2025)"},"geometry":{"type":"Polygon","coordinates":[[[-83.506513,37.869737],[-83.499113,37.874544],[-83.496027,37.890628],[-83.444343,37.942468],[-83.432421,38.039027],[-83.439205,38.040192],[-83.430638,38.046959],[-83.419982,38.047796],[-83.40838,38.039019],[-83.406834,38.04481],[-83.398662,38.038875],[-83.389905,38.054569],[-83.380423,38.051669],[-83.38132,38.061737],[-83.371198,38.059803],[-83.371368,38.06956],[-83.351077,38.065044],[-83.34279,38.069655],[-83.346015,38.071877],[-83.337429,38.088167],[-83.33259,38.084052],[-83.30337,38.090068],[-83.298813,38.092586],[-83.299507,38.099517],[-83.263289,38.115386],[-83.270694,38.106195],[-83.261269,38.102292],[-83.270823,38.072661],[-83.267544,38.05895],[-83.25006,38.050218],[-83.232842,38.051856],[-83.230677,38.046291],[-83.222891,38.043956],[-83.221272,38.027189],[-83.210896,38.027134],[-83.211528,38.02224],[-83.202689,38.013862],[-83.181334,38.011948],[-83.173843,38.016929],[-83.161564,38.00884],[-83.151976,38.010445],[-83.142874,37.99646],[-83.136357,38.004285],[-83.109823,38.0039],[-83.101689,38.009751],[-83.089354,38.010445],[-83.077301,38.007187],[-83.073544,38.00154],[-83.065341,38.007949],[-83.059066,38.005874],[-83.057158,37.999401],[-83.048622,37.996781],[-83.024101,38.009582],[-83.023905,38.001325],[-83.019214,37.999301],[-83.025222,37.991411],[-83.022075,37.982194],[-83.013875,37.979218],[-83.015694,37.973348],[-83.009492,37.973948],[-83.009234,37.968206],[-82.987092,37.962421],[-82.987442,37.955848],[-82.980534,37.948424],[-82.985122,37.942843],[-82.977136,37.939215],[-82.968376,37.924025],[-82.973068,37.914084],[-82.96166,37.912882],[-82.960896,37.907167],[-82.96379,37.89267],[-82.97035,37.897809],[-82.976026,37.893464],[-82.981858,37.898878],[-82.987664,37.896879],[-82.983782,37.875867],[-82.989217,37.869589],[-82.999227,37.867971],[-83.004649,37.859247],[-83.024179,37.865475],[-83.022417,37.875099],[-83.034646,37.886384],[-83.044811,37.877876],[-83.042535,37.87226],[-83.056795,37.87015],[-83.066401,37.871257],[-83.07458,37.883468],[-83.089409,37.89034],[-83.129258,37.894438],[-83.113277,37.864121],[-83.173937,37.831665],[-83.18197,37.819429],[-83.207849,37.819104],[-83.225686,37.79593],[-83.224318,37.790613],[-83.232912,37.792274],[-83.264521,37.769317],[-83.27064,37.769169],[-83.242534,37.740464],[-83.251639,37.734653],[-83.252849,37.724955],[-83.260713,37.725885],[-83.262172,37.712657],[-83.27245,37.712782],[-83.281249,37.718921],[-83.279881,37.731544],[-83.282226,37.736706],[-83.288268,37.73488],[-83.287065,37.742288],[-83.305419,37.742649],[-83.31174,37.749829],[-83.334104,37.758529],[-83.324832,37.777802],[-83.329526,37.783269],[-83.335478,37.778706],[-83.364492,37.802616],[-83.375824,37.798396],[-83.387593,37.800357],[-83.386437,37.813675],[-83.433048,37.819112],[-83.442555,37.827137],[-83.441299,37.835101],[-83.452362,37.836286],[-83.45532,37.842679],[-83.480464,37.840436],[-83.484223,37.851501],[-83.478128,37.851814],[-83.494897,37.860671],[-83.491997,37.864035],[-83.497186,37.867946],[-83.506513,37.869737]]]}},{"type":"Feature","properties":{"GEOID":"21011","NAME":"Bath","state":"KY","wildfire_risk_score":26.177,"wildfire_eal_total":9955.26,"risk_band":"Moderate","source":"FEMA National Risk Index v1.20 (December 2025)"},"geometry":{"type":"Polygon","coordinates":[[[-83.978905,38.188148],[-83.970736,38.186631],[-83.971096,38.191537],[-83.977924,38.192118],[-83.8407,38.302181],[-83.821246,38.300272],[-83.821865,38.294617],[-83.813799,38.290015],[-83.814728,38.284054],[-83.801869,38.279276],[-83.795894,38.291615],[-83.784572,38.294785],[-83.77488,38.285753],[-83.762469,38.295294],[-83.755424,38.284477],[-83.74408,38.284713],[-83.735422,38.293611],[-83.728421,38.293619],[-83.723699,38.285535],[-83.73432,38.281234],[-83.736281,38.263243],[-83.72406,38.268979],[-83.708359,38.267102],[-83.706383,38.2601],[-83.717272,38.251942],[-83.708245,38.24368],[-83.693604,38.250673],[-83.690087,38.261754],[-83.684667,38.254592],[-83.695607,38.243617],[-83.691245,38.234395],[-83.701318,38.207291],[-83.697573,38.198122],[-83.689994,38.197233],[-83.694412,38.209385],[-83.683862,38.214614],[-83.671375,38.196855],[-83.666899,38.20155],[-83.658646,38.201042],[-83.646546,38.170963],[-83.635195,38.187525],[-83.620296,38.175593],[-83.610701,38.177216],[-83.612991,38.187765],[-83.606403,38.18139],[-83.60764,38.186718],[-83.596574,38.184443],[-83.601838,38.179996],[-83.590665,38.170096],[-83.60132,38.168527],[-83.599405,38.163228],[-83.606023,38.164392],[-83.607559,38.159437],[-83.614237,38.160824],[-83.619044,38.152831],[-83.614258,38.149148],[-83.621643,38.148613],[-83.610158,38.137404],[-83.613722,38.133214],[-83.603826,38.129586],[-83.605854,38.124104],[-83.590896,38.133756],[-83.584087,38.146256],[-83.561534,38.143008],[-83.558785,38.146048],[-83.554232,38.135474],[-83.548751,38.143074],[-83.552027,38.122098],[-83.559165,38.116109],[-83.554723,38.112439],[-83.532185,38.120329],[-83.51992,38.115885],[-83.515259,38.108089],[-83.520985,38.107314],[-83.523613,38.10095],[-83.528762,38.102318],[-83.53442,38.094693],[-83.519617,38.08889],[-83.522958,38.085084],[-83.51696,38.084176],[-83.51415,38.069804],[-83.509327,38.072481],[-83.505083,38.088215],[-83.479564,38.082399],[-83.465817,38.08431],[-83.462805,38.070652],[-83.468096,38.065289],[-83.480476,38.069143],[-83.501094,38.049025],[-83.574989,38.058883],[-83.577572,38.051346],[-83.57333,38.045637],[-83.5763,38.03434],[-83.572955,38.023212],[-83.58053,38.011702],[-83.605111,38.014194],[-83.60982,38.007159],[-83.626014,38.023215],[-83.6347,38.026865],[-83.653115,38.024035],[-83.659293,38.028261],[-83.689207,38.012152],[-83.705902,38.012729],[-83.71729,38.003288],[-83.738245,38.010136],[-83.756862,37.992542],[-83.75943,37.998731],[-83.755706,38.004966],[-83.801686,38.041702],[-83.820799,38.08111],[-83.875895,38.131737],[-83.881353,38.136517],[-83.952448,38.152953],[-83.949874,38.156215],[-83.956181,38.159275],[-83.952011,38.164293],[-83.961364,38.159779],[-83.961844,38.153876],[-83.967592,38.159457],[-83.973888,38.157908],[-83.97589,38.167321],[-83.967073,38.16544],[-83.965253,38.170542],[-83.979177,38.175109],[-83.970789,38.179551],[-83.98028,38.184107],[-83.978905,38.188148]]]}},{"type":"Feature","properties":{"GEOID":"21231","NAME":"Wayne","state":"KY","wildfire_risk_score":38.009,"wildfire_eal_total":14574.38,"risk_band":"High","source":"FEMA National Risk Index v1.20 (December 2025)"},"geometry":{"type":"Polygon","coordinates":[[[-85.064307,36.858743],[-84.960878,36.916338],[-84.951274,36.953912],[-84.945527,36.959747],[-84.92883,36.95996],[-84.907859,36.945447],[-84.835712,36.997612],[-84.783794,36.978483],[-84.770244,36.957846],[-84.730741,36.966542],[-84.70514,36.981945],[-84.679165,36.980914],[-84.619349,36.894307],[-84.605355,36.8807],[-84.600842,36.879659],[-84.5883,36.894535],[-84.583341,36.893677],[-84.589926,36.88259],[-84.578742,36.863698],[-84.591879,36.860529],[-84.585844,36.850451],[-84.572558,36.845767],[-84.595679,36.838193],[-84.577734,36.824952],[-84.579339,36.814397],[-84.58812,36.80887],[-84.581516,36.803683],[-84.587728,36.801395],[-84.59229,36.808225],[-84.602801,36.807396],[-84.596277,36.799204],[-84.60668,36.800627],[-84.608435,36.794287],[-84.624239,36.793633],[-84.630892,36.787113],[-84.623312,36.7848],[-84.624748,36.779387],[-84.633943,36.779282],[-84.634328,36.7689],[-84.653154,36.76807],[-84.665453,36.761975],[-84.665243,36.756361],[-84.673117,36.761044],[-84.677383,36.759901],[-84.672312,36.758445],[-84.674275,36.751326],[-84.680539,36.753143],[-84.674243,36.73916],[-84.7784559169908,36.6032090178664],[-84.785341,36.603372],[-84.9748750576222,36.6155518237457],[-84.977966,36.620413],[-84.989396,36.619149],[-84.999464,36.624555],[-85.004512,36.639692],[-84.997486,36.649473],[-84.998144,36.663097],[-85.009383,36.669485],[-85.001357,36.676949],[-85.011108,36.690098],[-85.018502,36.689872],[-85.021482,36.703857],[-85.013722,36.713093],[-85.019868,36.719934],[-85.004099,36.756237],[-85.026377,36.806912],[-85.059167,36.833097],[-85.064307,36.858743]]]}},{"type":"Feature","properties":{"GEOID":"21061","NAME":"Edmonson","state":"KY","wildfire_risk_score":3.499,"wildfire_eal_total":1301.75,"risk_band":"Low","source":"FEMA National Risk Index v1.20 (December 2025)"},"geometry":{"type":"Polygon","coordinates":[[[-86.431771,37.322498],[-86.209193,37.33293],[-86.19305,37.327905],[-86.189187,37.340611],[-86.174864,37.332014],[-86.157589,37.335649],[-86.049133,37.215285],[-86.074267,37.053285],[-86.192246,37.076696],[-86.218607,37.104029],[-86.241809,37.097005],[-86.256493,37.085593],[-86.28175,37.080597],[-86.399165,37.169896],[-86.469126,37.321099],[-86.431771,37.322498]]]}},{"type":"Feature","properties":{"GEOID":"21165","NAME":"Menifee","state":"KY","wildfire_risk_score":51.527,"wildfire_eal_total":51358.78,"risk_band":"High","source":"FEMA National Risk Index v1.20 (December 2025)"},"geometry":{"type":"Polygon","coordinates":[[[-83.77717,37.971775],[-83.773514,37.973959],[-83.774353,37.990127],[-83.765375,37.985736],[-83.761974,37.997666],[-83.756862,37.992542],[-83.738245,38.010136],[-83.71729,38.003288],[-83.705902,38.012729],[-83.689207,38.012152],[-83.662401,38.027777],[-83.651395,38.023951],[-83.6347,38.026865],[-83.60982,38.007159],[-83.605111,38.014194],[-83.58053,38.011702],[-83.572955,38.023212],[-83.5763,38.03434],[-83.57333,38.045637],[-83.577572,38.051346],[-83.574989,38.058883],[-83.484427,38.046509],[-83.464069,38.050214],[-83.465556,38.041749],[-83.479496,38.027326],[-83.455647,38.03241],[-83.468517,38.02175],[-83.463408,38.016975],[-83.450321,38.019723],[-83.45036,38.03022],[-83.433942,38.033974],[-83.444343,37.942468],[-83.496027,37.890628],[-83.499113,37.874544],[-83.506513,37.869737],[-83.491997,37.864035],[-83.517002,37.851733],[-83.526112,37.837799],[-83.524145,37.831167],[-83.55141,37.821615],[-83.563632,37.820121],[-83.562624,37.825249],[-83.575531,37.81972],[-83.585455,37.825504],[-83.590333,37.818343],[-83.598281,37.822062],[-83.600249,37.830142],[-83.607898,37.828185],[-83.605817,37.832226],[-83.617179,37.835543],[-83.628308,37.822665],[-83.643216,37.825947],[-83.651247,37.835296],[-83.660856,37.83362],[-83.666218,37.845854],[-83.675671,37.844016],[-83.667352,37.852447],[-83.756367,37.899866],[-83.756096,37.91417],[-83.768783,37.918371],[-83.764554,37.92935],[-83.775269,37.939077],[-83.775096,37.955605],[-83.770113,37.961468],[-83.77717,37.971775]]]}},{"type":"Feature","properties":{"GEOID":"21147","NAME":"McCreary","state":"KY","wildfire_risk_score":74.173,"wildfire_eal_total":138019.49,"risk_band":"High","source":"FEMA National Risk Index v1.20 (December 2025)"},"geometry":{"type":"Polygon","coordinates":[[[-84.778454,36.60329],[-84.674243,36.73916],[-84.680539,36.753143],[-84.674275,36.751326],[-84.672312,36.758445],[-84.677383,36.759901],[-84.673117,36.761044],[-84.665243,36.756361],[-84.665453,36.761975],[-84.653154,36.76807],[-84.634328,36.7689],[-84.633943,36.779282],[-84.624748,36.779387],[-84.623312,36.7848],[-84.630892,36.787113],[-84.624239,36.793633],[-84.608435,36.794287],[-84.60668,36.800627],[-84.596277,36.799204],[-84.602801,36.807396],[-84.59229,36.808225],[-84.587728,36.801395],[-84.581516,36.803683],[-84.58812,36.80887],[-84.579339,36.814397],[-84.577734,36.824952],[-84.595679,36.838193],[-84.572558,36.845767],[-84.585844,36.850451],[-84.591673,36.862507],[-84.578742,36.863698],[-84.416816,36.94692],[-84.386572,36.951499],[-84.368174,36.962595],[-84.358024,36.9594],[-84.368864,36.948175],[-84.359075,36.939869],[-84.297416,36.945931],[-84.298533,36.939019],[-84.313146,36.929402],[-84.304105,36.912459],[-84.315851,36.905425],[-84.323383,36.893821],[-84.314802,36.882594],[-84.325286,36.867458],[-84.315192,36.857061],[-84.327628,36.854045],[-84.33181,36.846694],[-84.344674,36.841048],[-84.343146,36.836053],[-84.330817,36.83802],[-84.318753,36.836111],[-84.318612,36.832739],[-84.340466,36.824461],[-84.35585,36.812111],[-84.345345,36.806003],[-84.350298,36.795688],[-84.350006,36.780681],[-84.338565,36.775586],[-84.331066,36.759118],[-84.322652,36.758669],[-84.319769,36.709756],[-84.307598,36.676809],[-84.271529,36.63395],[-84.239598,36.613354],[-84.2271936534631,36.5921799356786],[-84.778454,36.60329]]]}},{"type":"Feature","properties":{"GEOID":"21135","NAME":"Lewis","state":"KY","wildfire_risk_score":15.331,"wildfire_eal_total":3808.7,"risk_band":"Moderate","source":"FEMA National Risk Index v1.20 (December 2025)"},"geometry":{"type":"Polygon","coordinates":[[[-83.644181,38.637833],[-83.63696,38.666023],[-83.626922,38.679387],[-83.520953,38.703045],[-83.493342,38.694187],[-83.468059,38.67547],[-83.384755,38.663171],[-83.356445,38.654009],[-83.327636,38.637489],[-83.317542,38.609242],[-83.294193,38.596588],[-83.266392,38.619615],[-83.245664,38.628564],[-83.203728,38.61673],[-83.153783,38.618827],[-83.135046,38.631719],[-83.112372,38.671685],[-83.053104,38.695831],[-83.0308858850033,38.725567690406],[-83.028222,38.721606],[-83.038095,38.699378],[-83.029184,38.687421],[-83.031559,38.684723],[-83.023961,38.684401],[-83.038096,38.674172],[-83.038327,38.665294],[-83.05086,38.663472],[-83.0519,38.640975],[-83.073864,38.632663],[-83.069526,38.620799],[-83.080986,38.611717],[-83.071034,38.595023],[-83.090328,38.579365],[-83.093831,38.569308],[-83.09935,38.569101],[-83.104103,38.551672],[-83.122044,38.535532],[-83.138814,38.535475],[-83.146652,38.530239],[-83.149785,38.519173],[-83.156381,38.519411],[-83.170978,38.500632],[-83.176993,38.503136],[-83.188505,38.496071],[-83.185167,38.490814],[-83.190303,38.478551],[-83.186808,38.468556],[-83.197387,38.464986],[-83.200485,38.453818],[-83.213515,38.454524],[-83.207514,38.441177],[-83.23721,38.426472],[-83.234,38.410502],[-83.238649,38.397472],[-83.233819,38.39144],[-83.235827,38.384586],[-83.231405,38.384282],[-83.235234,38.380203],[-83.233787,38.359645],[-83.239615,38.355851],[-83.237173,38.348143],[-83.228888,38.344147],[-83.230598,38.339508],[-83.27607,38.323974],[-83.312291,38.333714],[-83.325737,38.329677],[-83.334899,38.318258],[-83.356336,38.321869],[-83.357723,38.327555],[-83.363514,38.327974],[-83.363887,38.343227],[-83.377371,38.35341],[-83.378219,38.36253],[-83.39235,38.366556],[-83.400039,38.375035],[-83.400664,38.389855],[-83.411973,38.396278],[-83.427275,38.388269],[-83.444193,38.387005],[-83.44674,38.380601],[-83.455465,38.381266],[-83.466592,38.398908],[-83.474033,38.396907],[-83.485787,38.405066],[-83.49837,38.401966],[-83.505488,38.411038],[-83.512374,38.410406],[-83.512852,38.415031],[-83.523482,38.408678],[-83.529499,38.418581],[-83.552275,38.419926],[-83.582692,38.432447],[-83.574865,38.444344],[-83.579341,38.452655],[-83.576791,38.457188],[-83.585129,38.46923],[-83.582618,38.471385],[-83.589503,38.473977],[-83.585001,38.481652],[-83.588876,38.481598],[-83.587382,38.485591],[-83.597198,38.491313],[-83.593866,38.4945],[-83.601471,38.496158],[-83.599189,38.501992],[-83.605042,38.499959],[-83.603044,38.50518],[-83.613202,38.502173],[-83.632017,38.507342],[-83.626338,38.510936],[-83.63099,38.515274],[-83.626903,38.520636],[-83.636811,38.517836],[-83.641852,38.525381],[-83.624596,38.611425],[-83.644181,38.637833]]]}},{"type":"Feature","properties":{"GEOID":"21027","NAME":"Breckinridge","state":"KY","wildfire_risk_score":10.496,"wildfire_eal_total":3146.0,"risk_band":"Moderate","source":"FEMA National Risk Index v1.20 (December 2025)"},"geometry":{"type":"Polygon","coordinates":[[[-86.672801,37.811332],[-86.666088,37.835803],[-86.655296,37.842508],[-86.634271,37.843845],[-86.604624,37.858272],[-86.59732,37.870162],[-86.599848,37.906754],[-86.588581,37.921159],[-86.534156,37.917007],[-86.507831,37.928829],[-86.50939,37.942492],[-86.520503,37.954438],[-86.525174,37.968228],[-86.524969,38.027879],[-86.517289,38.042634],[-86.4907693787391,38.0456724842707],[-86.385747,37.970337],[-86.242889,37.877075],[-86.151285,37.798878],[-86.27527,37.593519],[-86.279685,37.5953],[-86.290521,37.58712],[-86.29582,37.591663],[-86.300174,37.58501],[-86.30375,37.588084],[-86.300429,37.59507],[-86.305966,37.592176],[-86.311096,37.578908],[-86.317792,37.581548],[-86.313422,37.587097],[-86.325941,37.582038],[-86.329568,37.592009],[-86.337159,37.588878],[-86.342734,37.594847],[-86.343433,37.586436],[-86.352694,37.586974],[-86.346158,37.561378],[-86.365194,37.562073],[-86.361054,37.570312],[-86.365351,37.572019],[-86.376231,37.564491],[-86.369214,37.559682],[-86.373804,37.558739],[-86.387911,37.567016],[-86.380629,37.570689],[-86.384638,37.574027],[-86.393117,37.56799],[-86.409744,37.566514],[-86.40775,37.576786],[-86.417937,37.572749],[-86.418479,37.578743],[-86.423716,37.580709],[-86.434474,37.5759],[-86.432032,37.584691],[-86.446578,37.574862],[-86.444604,37.589596],[-86.453851,37.581109],[-86.46562,37.581907],[-86.455329,37.586258],[-86.454987,37.591679],[-86.48055,37.592837],[-86.469879,37.596465],[-86.47157,37.60111],[-86.484501,37.602765],[-86.481821,37.611228],[-86.503976,37.601084],[-86.504314,37.607291],[-86.495667,37.613283],[-86.507343,37.623028],[-86.535226,37.615286],[-86.54141,37.599635],[-86.533982,37.602828],[-86.522996,37.599505],[-86.534827,37.58987],[-86.551459,37.588426],[-86.553424,37.596677],[-86.575022,37.599645],[-86.577133,37.59511],[-86.570631,37.579179],[-86.59281,37.56436],[-86.599396,37.565948],[-86.619503,37.585487],[-86.625103,37.604269],[-86.640821,37.619186],[-86.638935,37.661877],[-86.622316,37.655008],[-86.677868,37.792836],[-86.672801,37.811332]]]}},{"type":"Feature","properties":{"GEOID":"21159","NAME":"Martin","state":"KY","wildfire_risk_score":77.195,"wildfire_eal_total":171041.01,"risk_band":"High","source":"FEMA National Risk Index v1.20 (December 2025)"},"geometry":{"type":"Polygon","coordinates":[[[-82.673554,37.791756],[-82.663994,37.798413],[-82.664322,37.806806],[-82.654655,37.809577],[-82.655921,37.813648],[-82.644807,37.822939],[-82.652624,37.824597],[-82.645776,37.830406],[-82.647585,37.834755],[-82.664802,37.840237],[-82.670812,37.852091],[-82.64334,37.862838],[-82.640537,37.870683],[-82.620706,37.873704],[-82.609319,37.887479],[-82.595612,37.890682],[-82.598951,37.903456],[-82.594206,37.908651],[-82.601318,37.912808],[-82.598748,37.91577],[-82.60251,37.919419],[-82.593715,37.922075],[-82.590249,37.931442],[-82.58093,37.930898],[-82.580864,37.954074],[-82.566603,37.956026],[-82.566005,37.952261],[-82.555244,37.95951],[-82.541888,37.956905],[-82.534871,37.962786],[-82.489917,37.939231],[-82.502198,37.933052],[-82.497271,37.927621],[-82.480338,37.925836],[-82.488346,37.917724],[-82.475534,37.911945],[-82.474407,37.899955],[-82.468226,37.903567],[-82.467679,37.914204],[-82.462881,37.914832],[-82.419929,37.88487],[-82.418197,37.871213],[-82.407513,37.867297],[-82.424674,37.861897],[-82.414878,37.85624],[-82.420616,37.846663],[-82.412119,37.843891],[-82.39968,37.829935],[-82.401652,37.810091],[-82.396978,37.809014],[-82.386586,37.818212],[-82.376169,37.80203],[-82.339705,37.785509],[-82.337596,37.775369],[-82.323696,37.775028],[-82.333994,37.76508],[-82.310777,37.762692],[-82.319951,37.758558],[-82.321415,37.751269],[-82.3330361964842,37.7409790863399],[-82.344309,37.745068],[-82.346888,37.74109],[-82.375963,37.739665],[-82.375661,37.7355],[-82.408487,37.717696],[-82.411919,37.709479],[-82.405782,37.70439],[-82.39844,37.708147],[-82.386422,37.697685],[-82.39997,37.67375],[-82.405631,37.671274],[-82.409708,37.679281],[-82.418143,37.680835],[-82.423452,37.675915],[-82.430719,37.678054],[-82.455816,37.668686],[-82.456441,37.676057],[-82.465872,37.683279],[-82.494394,37.680479],[-82.494408,37.689729],[-82.509589,37.686416],[-82.521635,37.694497],[-82.530873,37.687591],[-82.556241,37.691522],[-82.563561,37.684844],[-82.564772,37.688995],[-82.575327,37.687935],[-82.576565,37.694478],[-82.590178,37.692615],[-82.601438,37.70189],[-82.621679,37.704944],[-82.633038,37.717198],[-82.641061,37.719367],[-82.635734,37.726067],[-82.646724,37.733956],[-82.644056,37.741554],[-82.655719,37.752854],[-82.658583,37.768542],[-82.653581,37.778005],[-82.66241,37.780348],[-82.665041,37.786608],[-82.674443,37.786988],[-82.673554,37.791756]]]}},{"type":"Feature","properties":{"GEOID":"21179","NAME":"Nelson","state":"KY","wildfire_risk_score":24.587,"wildfire_eal_total":11143.64,"risk_band":"Moderate","source":"FEMA National Risk Index v1.20 (December 2025)"},"geometry":{"type":"Polygon","coordinates":[[[-85.74257,37.792245],[-85.737777,37.81179],[-85.721372,37.810179],[-85.720538,37.808404],[-85.722977,37.80861],[-85.724233,37.805879],[-85.707314,37.813937],[-85.697446,37.81169],[-85.691231,37.818509],[-85.682227,37.819713],[-85.683393,37.815434],[-85.680648,37.814878],[-85.674749,37.823444],[-85.65131,37.828989],[-85.653492,37.832727],[-85.641371,37.83503],[-85.6267,37.850053],[-85.616824,37.852352],[-85.610269,37.858904],[-85.613309,37.870034],[-85.599678,37.869442],[-85.576564,37.88456],[-85.584803,37.893551],[-85.583946,37.911048],[-85.568835,37.917579],[-85.565331,37.924899],[-85.550333,37.926855],[-85.544123,37.938747],[-85.525244,37.952746],[-85.525989,37.960723],[-85.534154,37.965228],[-85.489202,37.990654],[-85.460203,37.9695],[-85.425822,37.959632],[-85.399559,37.939929],[-85.167834,37.971809],[-85.15175,37.887655],[-85.185513,37.892212],[-85.187514,37.883641],[-85.194471,37.887879],[-85.190318,37.895467],[-85.199145,37.901762],[-85.198272,37.873101],[-85.193626,37.865527],[-85.196476,37.863523],[-85.199593,37.868953],[-85.205075,37.864194],[-85.196295,37.855539],[-85.205089,37.846218],[-85.218366,37.854258],[-85.213849,37.858305],[-85.216249,37.871326],[-85.226875,37.855174],[-85.23192,37.855959],[-85.23082,37.870495],[-85.239223,37.86835],[-85.240986,37.862494],[-85.2555,37.865767],[-85.256045,37.859959],[-85.2442,37.84745],[-85.258291,37.848809],[-85.268034,37.844509],[-85.278549,37.853349],[-85.27752,37.837799],[-85.288761,37.831577],[-85.297943,37.832386],[-85.299313,37.82226],[-85.307097,37.819952],[-85.31361,37.809708],[-85.306024,37.798552],[-85.308234,37.793765],[-85.319419,37.78776],[-85.334808,37.787794],[-85.338419,37.780126],[-85.356045,37.783773],[-85.354167,37.769829],[-85.344923,37.763554],[-85.352953,37.757362],[-85.374348,37.765002],[-85.373062,37.739961],[-85.386311,37.740677],[-85.392291,37.733019],[-85.401784,37.730658],[-85.450493,37.685948],[-85.52129,37.554343],[-85.526743,37.562617],[-85.543634,37.562444],[-85.551131,37.554024],[-85.548749,37.545871],[-85.552506,37.541142],[-85.547059,37.531042],[-85.558907,37.530549],[-85.561225,37.524018],[-85.59581,37.532803],[-85.595674,37.545143],[-85.601047,37.539298],[-85.603622,37.547977],[-85.618071,37.540611],[-85.624195,37.540631],[-85.626127,37.545392],[-85.61847,37.556696],[-85.607832,37.558027],[-85.609879,37.563129],[-85.604899,37.566288],[-85.601259,37.582489],[-85.606766,37.59045],[-85.59132,37.594462],[-85.59477,37.598963],[-85.587233,37.605082],[-85.611426,37.607346],[-85.615302,37.614543],[-85.605018,37.617371],[-85.592543,37.61379],[-85.57983,37.626684],[-85.570069,37.617214],[-85.568163,37.623469],[-85.573869,37.629548],[-85.572822,37.638252],[-85.583736,37.644319],[-85.601108,37.639894],[-85.594923,37.65441],[-85.601844,37.655006],[-85.592323,37.667691],[-85.596544,37.670011],[-85.592497,37.693905],[-85.606042,37.700837],[-85.625818,37.694179],[-85.637192,37.695955],[-85.640448,37.705288],[-85.646874,37.707832],[-85.642123,37.711184],[-85.645916,37.716683],[-85.665096,37.724842],[-85.670671,37.732077],[-85.678053,37.729952],[-85.676571,37.737013],[-85.687518,37.733077],[-85.679494,37.739333],[-85.686569,37.746701],[-85.682819,37.749647],[-85.687539,37.754961],[-85.682434,37.757698],[-85.692916,37.755279],[-85.695699,37.761951],[-85.699977,37.758562],[-85.704505,37.76815],[-85.716461,37.768475],[-85.713857,37.774235],[-85.728133,37.774178],[-85.736347,37.781698],[-85.726983,37.787784],[-85.74257,37.792245]]]}},{"type":"Feature","properties":{"GEOID":"21183","NAME":"Ohio","state":"KY","wildfire_risk_score":11.768,"wildfire_eal_total":3050.15,"risk_band":"Moderate","source":"FEMA National Risk Index v1.20 (December 2025)"},"geometry":{"type":"Polygon","coordinates":[[[-87.13721,37.341276],[-87.123763,37.360805],[-87.094058,37.378111],[-87.099515,37.3874],[-87.096803,37.396479],[-87.104842,37.461555],[-87.119222,37.467682],[-87.135629,37.485153],[-87.124272,37.486946],[-87.117268,37.472377],[-87.111784,37.472581],[-87.049376,37.55186],[-87.006097,37.580466],[-86.950414,37.629814],[-86.933051,37.623169],[-86.920917,37.624262],[-86.917094,37.630893],[-86.903917,37.630234],[-86.892668,37.64286],[-86.879183,37.64291],[-86.841943,37.665421],[-86.817514,37.673814],[-86.866552,37.70885],[-86.823429,37.737754],[-86.638935,37.661877],[-86.640821,37.619186],[-86.625103,37.604269],[-86.619503,37.585487],[-86.59281,37.56436],[-86.594355,37.560342],[-86.576947,37.553803],[-86.579569,37.547181],[-86.583831,37.550053],[-86.598247,37.544899],[-86.597541,37.537645],[-86.610558,37.544294],[-86.604052,37.550314],[-86.620129,37.553969],[-86.625322,37.565887],[-86.635599,37.567027],[-86.646966,37.555567],[-86.663954,37.557214],[-86.668979,37.54972],[-86.66188,37.541934],[-86.612095,37.395123],[-86.759533,37.304099],[-86.770596,37.309919],[-86.775263,37.325928],[-86.798301,37.334693],[-86.815852,37.328859],[-86.821258,37.321494],[-86.818836,37.305283],[-86.80825,37.291386],[-86.825632,37.294572],[-86.830607,37.285559],[-86.828149,37.282107],[-86.8384,37.269049],[-86.844558,37.268304],[-86.842941,37.265027],[-86.85436,37.254745],[-86.852352,37.25143],[-86.871868,37.246609],[-86.885075,37.232905],[-86.885457,37.222595],[-86.898191,37.212652],[-86.907836,37.222637],[-86.919271,37.225191],[-86.918595,37.232664],[-86.909751,37.232772],[-86.912323,37.237443],[-86.918829,37.236538],[-86.92322,37.241494],[-86.944478,37.238305],[-86.956582,37.260053],[-86.968606,37.256388],[-86.98267,37.269632],[-86.98146,37.292849],[-86.989014,37.30737],[-86.98585,37.320907],[-87.030567,37.363307],[-87.070586,37.370472],[-87.087373,37.359842],[-87.101427,37.329657],[-87.112462,37.324296],[-87.134186,37.332459],[-87.13721,37.341276]]]}},{"type":"Feature","properties":{"GEOID":"21107","NAME":"Hopkins","state":"KY","wildfire_risk_score":18.766,"wildfire_eal_total":5604.86,"risk_band":"Moderate","source":"FEMA National Risk Index v1.20 (December 2025)"},"geometry":{"type":"Polygon","coordinates":[[[-87.851803,37.318395],[-87.839914,37.331536],[-87.83643,37.328534],[-87.836249,37.341382],[-87.824243,37.340479],[-87.821474,37.346488],[-87.814823,37.342608],[-87.813413,37.350645],[-87.593575,37.461963],[-87.497112,37.487802],[-87.375145,37.569988],[-87.359612,37.546127],[-87.36647,37.533663],[-87.354556,37.528374],[-87.349029,37.516348],[-87.359393,37.503991],[-87.356883,37.495386],[-87.361817,37.486975],[-87.354112,37.480654],[-87.358297,37.465693],[-87.35254,37.426559],[-87.325011,37.40712],[-87.328543,37.398462],[-87.311479,37.401873],[-87.306556,37.392696],[-87.295965,37.391819],[-87.296403,37.385506],[-87.309965,37.376786],[-87.300984,37.374704],[-87.303763,37.370296],[-87.299586,37.368308],[-87.311876,37.363686],[-87.322235,37.350425],[-87.317878,37.350063],[-87.319799,37.345134],[-87.330413,37.344066],[-87.338221,37.335992],[-87.33481,37.325863],[-87.343581,37.325405],[-87.343899,37.321846],[-87.339381,37.313775],[-87.353177,37.310472],[-87.366757,37.318543],[-87.374207,37.314484],[-87.372209,37.309992],[-87.379913,37.311275],[-87.379977,37.304739],[-87.373857,37.304892],[-87.37197,37.29923],[-87.378275,37.300177],[-87.379153,37.293866],[-87.386316,37.295035],[-87.377484,37.285696],[-87.381809,37.285472],[-87.379854,37.278466],[-87.384328,37.279062],[-87.38703,37.273606],[-87.387304,37.255417],[-87.373378,37.252809],[-87.372507,37.247336],[-87.369708,37.251148],[-87.364007,37.248577],[-87.372106,37.243127],[-87.3653,37.241641],[-87.367867,37.24086],[-87.369014,37.237771],[-87.354692,37.236474],[-87.358103,37.230954],[-87.34683,37.223474],[-87.350051,37.215424],[-87.343074,37.216161],[-87.345742,37.212333],[-87.339491,37.208076],[-87.334809,37.21124],[-87.32852,37.203584],[-87.330421,37.199961],[-87.307884,37.19461],[-87.308188,37.190207],[-87.314917,37.188003],[-87.311128,37.185512],[-87.317096,37.186235],[-87.317726,37.185134],[-87.312251,37.175744],[-87.319168,37.176765],[-87.318528,37.17251],[-87.327041,37.17106],[-87.322317,37.167814],[-87.33134,37.164208],[-87.336087,37.15479],[-87.351692,37.159311],[-87.360305,37.15666],[-87.356142,37.143588],[-87.359668,37.144463],[-87.359294,37.13851],[-87.371385,37.136857],[-87.372285,37.1323],[-87.485184,37.126905],[-87.519854,37.105543],[-87.650087,37.147098],[-87.680617,37.149239],[-87.683659,37.154745],[-87.698394,37.15856],[-87.697442,37.161746],[-87.705227,37.16105],[-87.699493,37.165037],[-87.704746,37.164763],[-87.707953,37.177634],[-87.717653,37.178729],[-87.719066,37.171563],[-87.721462,37.178719],[-87.730458,37.179009],[-87.725859,37.184935],[-87.7316,37.185837],[-87.733636,37.193536],[-87.735812,37.188844],[-87.746383,37.18808],[-87.744651,37.198752],[-87.748951,37.201724],[-87.741634,37.206037],[-87.74797,37.209199],[-87.757529,37.207962],[-87.763961,37.194889],[-87.774694,37.198127],[-87.771054,37.203055],[-87.777722,37.206376],[-87.759993,37.214824],[-87.771544,37.214127],[-87.780511,37.224185],[-87.786015,37.220135],[-87.787958,37.231746],[-87.804857,37.240739],[-87.801232,37.245272],[-87.793286,37.243586],[-87.79771,37.253587],[-87.786091,37.255294],[-87.798057,37.258547],[-87.795991,37.263469],[-87.802368,37.268327],[-87.793622,37.270222],[-87.797679,37.270035],[-87.794775,37.274556],[-87.800006,37.278294],[-87.7929,37.282502],[-87.793339,37.291053],[-87.806946,37.293321],[-87.808254,37.298689],[-87.795589,37.318609],[-87.820707,37.317677],[-87.817185,37.303414],[-87.820108,37.300369],[-87.851803,37.318395]]]}},{"type":"Feature","properties":{"GEOID":"21209","NAME":"Scott","state":"KY","wildfire_risk_score":14.567,"wildfire_eal_total":5408.0,"risk_band":"Moderate","source":"FEMA National Risk Index v1.20 (December 2025)"},"geometry":{"type":"Polygon","coordinates":[[[-84.740594,38.352415],[-84.706066,38.370062],[-84.64946,38.416567],[-84.623583,38.431191],[-84.560674,38.492378],[-84.55566,38.492553],[-84.546401,38.466801],[-84.531421,38.458417],[-84.526206,38.449842],[-84.52776,38.433229],[-84.491092,38.414374],[-84.462398,38.384456],[-84.458428,38.374925],[-84.462662,38.364683],[-84.459103,38.343711],[-84.43398,38.306788],[-84.432841,38.299569],[-84.440266,38.296699],[-84.444708,38.285096],[-84.435486,38.271],[-84.436872,38.266346],[-84.42254,38.256642],[-84.423411,38.238104],[-84.416828,38.22125],[-84.422305,38.21709],[-84.401847,38.207889],[-84.620601,38.129545],[-84.625079,38.116397],[-84.633376,38.110878],[-84.645012,38.116631],[-84.650627,38.112608],[-84.653262,38.121014],[-84.640343,38.12208],[-84.644652,38.128061],[-84.634128,38.121793],[-84.64039,38.134362],[-84.648433,38.135855],[-84.639146,38.149642],[-84.651033,38.145227],[-84.652096,38.158395],[-84.641381,38.158387],[-84.64584,38.163261],[-84.657231,38.162133],[-84.655275,38.171015],[-84.649402,38.168969],[-84.647821,38.176606],[-84.665257,38.182049],[-84.663903,38.177625],[-84.671448,38.176744],[-84.678308,38.179308],[-84.678416,38.185049],[-84.684124,38.175994],[-84.675657,38.172164],[-84.681432,38.169241],[-84.689717,38.171179],[-84.691958,38.177058],[-84.688436,38.180755],[-84.70319,38.178891],[-84.707541,38.173389],[-84.715634,38.176877],[-84.714085,38.18251],[-84.718729,38.17996],[-84.721444,38.185604],[-84.731584,38.187394],[-84.723417,38.194113],[-84.730289,38.208302],[-84.740594,38.352415]]]}},{"type":"Feature","properties":{"GEOID":"21079","NAME":"Garrard","state":"KY","wildfire_risk_score":18.098,"wildfire_eal_total":4468.38,"risk_band":"Moderate","source":"FEMA National Risk Index v1.20 (December 2025)"},"geometry":{"type":"Polygon","coordinates":[[[-84.745014,37.71618],[-84.735553,37.718918],[-84.724909,37.713892],[-84.727898,37.728808],[-84.698687,37.722275],[-84.689481,37.726957],[-84.706964,37.732271],[-84.697499,37.73916],[-84.688633,37.735425],[-84.688565,37.74175],[-84.705179,37.748268],[-84.693821,37.762821],[-84.715546,37.768923],[-84.702882,37.787214],[-84.705408,37.793127],[-84.712736,37.793901],[-84.709801,37.800082],[-84.716863,37.800164],[-84.713438,37.806422],[-84.716925,37.815389],[-84.690566,37.829247],[-84.675889,37.826242],[-84.679131,37.796012],[-84.668805,37.783771],[-84.656903,37.783921],[-84.649516,37.790093],[-84.659497,37.80917],[-84.608974,37.800007],[-84.610074,37.791712],[-84.627689,37.797209],[-84.642476,37.791891],[-84.642919,37.778106],[-84.638084,37.773544],[-84.625145,37.773584],[-84.604594,37.759092],[-84.61621,37.74832],[-84.614141,37.745232],[-84.60546,37.743019],[-84.59879,37.75228],[-84.585961,37.752606],[-84.589462,37.74001],[-84.579174,37.73072],[-84.57031,37.728713],[-84.555375,37.749225],[-84.539456,37.75476],[-84.535005,37.770308],[-84.513534,37.767054],[-84.514721,37.755166],[-84.505759,37.755106],[-84.499538,37.747172],[-84.494485,37.747461],[-84.493741,37.740131],[-84.503272,37.73442],[-84.494646,37.724887],[-84.487976,37.728014],[-84.483624,37.708882],[-84.4745,37.708072],[-84.461687,37.695458],[-84.450201,37.697898],[-84.464878,37.683851],[-84.45376,37.674463],[-84.447831,37.679705],[-84.442658,37.677912],[-84.446055,37.668779],[-84.440046,37.668691],[-84.44234,37.662629],[-84.437169,37.659366],[-84.446772,37.651596],[-84.428526,37.656221],[-84.429772,37.643009],[-84.418245,37.641698],[-84.425533,37.640001],[-84.424902,37.634772],[-84.411988,37.631614],[-84.41829,37.628041],[-84.414632,37.62289],[-84.422309,37.61834],[-84.401142,37.617542],[-84.39753,37.600023],[-84.372342,37.592412],[-84.370718,37.57204],[-84.351693,37.552643],[-84.352671,37.544855],[-84.347805,37.539064],[-84.353542,37.521599],[-84.360894,37.515732],[-84.35534,37.498189],[-84.37444,37.472663],[-84.473024,37.494483],[-84.618471,37.593051],[-84.619444,37.602024],[-84.632692,37.600974],[-84.644247,37.612765],[-84.648559,37.609897],[-84.652567,37.61821],[-84.645745,37.624134],[-84.640475,37.618737],[-84.636022,37.621765],[-84.651585,37.634071],[-84.650499,37.640313],[-84.666694,37.634129],[-84.666057,37.639758],[-84.652551,37.643589],[-84.655672,37.653982],[-84.679999,37.645251],[-84.672538,37.640886],[-84.678594,37.636856],[-84.693741,37.640927],[-84.678862,37.65515],[-84.69337,37.664564],[-84.705324,37.660836],[-84.698217,37.668506],[-84.68012,37.674967],[-84.68525,37.681717],[-84.682126,37.685663],[-84.701101,37.682263],[-84.704022,37.686123],[-84.700028,37.697407],[-84.722387,37.692803],[-84.743054,37.697425],[-84.733301,37.709424],[-84.745014,37.71618]]]}},{"type":"Feature","properties":{"GEOID":"21025","NAME":"Breathitt","state":"KY","wildfire_risk_score":69.911,"wildfire_eal_total":105170.99,"risk_band":"High","source":"FEMA National Risk Index v1.20 (December 2025)"},"geometry":{"type":"Polygon","coordinates":[[[-83.580204,37.495296],[-83.562276,37.549069],[-83.522308,37.638516],[-83.495922,37.645617],[-83.494899,37.630118],[-83.499114,37.622669],[-83.494518,37.619104],[-83.478417,37.622713],[-83.468942,37.630598],[-83.458716,37.630476],[-83.444496,37.643661],[-83.44552,37.650897],[-83.433805,37.656354],[-83.436032,37.661586],[-83.428803,37.667793],[-83.431626,37.673727],[-83.427525,37.683126],[-83.418635,37.690655],[-83.411346,37.688233],[-83.388268,37.699988],[-83.381934,37.691937],[-83.370184,37.692725],[-83.364582,37.684223],[-83.348477,37.682968],[-83.346052,37.676779],[-83.33067,37.674569],[-83.329572,37.679748],[-83.317939,37.682894],[-83.307445,37.677989],[-83.294862,37.682389],[-83.280125,37.674466],[-83.268313,37.67995],[-83.25795,37.67026],[-83.236624,37.667146],[-83.222021,37.650247],[-83.200542,37.644246],[-83.193568,37.647755],[-83.194817,37.64445],[-83.186946,37.639746],[-83.175102,37.643526],[-83.173761,37.638323],[-83.160841,37.635347],[-83.157426,37.629169],[-83.150179,37.630779],[-83.134349,37.606542],[-83.120232,37.613278],[-83.114667,37.611401],[-83.100611,37.623918],[-83.094298,37.621061],[-83.089115,37.632381],[-83.082923,37.628664],[-83.082538,37.62197],[-83.072584,37.618776],[-83.071977,37.609511],[-83.06281,37.611264],[-83.057784,37.605468],[-83.057746,37.593464],[-83.043186,37.591244],[-83.039012,37.584384],[-83.027515,37.589649],[-83.021049,37.582889],[-83.012556,37.583916],[-83.009766,37.57673],[-83.017991,37.567959],[-83.012995,37.559735],[-83.018121,37.549189],[-83.001075,37.546101],[-83.000408,37.528181],[-82.959935,37.518249],[-82.950631,37.512807],[-82.954763,37.506632],[-82.948544,37.503167],[-82.973344,37.497812],[-82.985361,37.506522],[-83.002665,37.5012],[-83.013903,37.508544],[-83.031262,37.506341],[-83.047531,37.526043],[-83.055858,37.520427],[-83.065412,37.525426],[-83.071139,37.516895],[-83.08872,37.522742],[-83.095305,37.516283],[-83.093144,37.498102],[-83.134711,37.457181],[-83.124348,37.404973],[-83.195644,37.412231],[-83.205797,37.425562],[-83.202294,37.430429],[-83.214735,37.443538],[-83.269786,37.39878],[-83.299716,37.387946],[-83.303557,37.380715],[-83.333886,37.379106],[-83.343122,37.364891],[-83.357328,37.358035],[-83.36155,37.358615],[-83.357725,37.365498],[-83.34971,37.369764],[-83.361168,37.366063],[-83.368244,37.358071],[-83.368359,37.347597],[-83.375459,37.347567],[-83.381417,37.33834],[-83.405402,37.338927],[-83.413971,37.351558],[-83.425175,37.352874],[-83.44976,37.378684],[-83.46297,37.373006],[-83.476897,37.377118],[-83.484738,37.371822],[-83.486696,37.358947],[-83.499365,37.352263],[-83.504134,37.341845],[-83.516738,37.341404],[-83.517491,37.336294],[-83.522503,37.339047],[-83.537702,37.33004],[-83.547628,37.334418],[-83.534059,37.352795],[-83.545248,37.361887],[-83.542849,37.366358],[-83.549834,37.378551],[-83.541754,37.383279],[-83.549201,37.394142],[-83.541655,37.398726],[-83.540351,37.411274],[-83.534281,37.417409],[-83.543528,37.42018],[-83.543305,37.425605],[-83.554569,37.438394],[-83.545467,37.446983],[-83.555053,37.460365],[-83.547701,37.464001],[-83.565099,37.471266],[-83.571042,37.489149],[-83.580204,37.495296]]]}},{"type":"Feature","properties":{"GEOID":"21167","NAME":"Mercer","state":"KY","wildfire_risk_score":11.005,"wildfire_eal_total":3298.45,"risk_band":"Moderate","source":"FEMA National Risk Index v1.20 (December 2025)"},"geometry":{"type":"Polygon","coordinates":[[[-85.030528,37.891538],[-85.027462,37.88447],[-85.017874,37.89507],[-85.007983,37.890969],[-85.000699,37.907325],[-84.987192,37.905657],[-84.986568,37.912262],[-84.979138,37.915162],[-84.973351,37.935511],[-84.957383,37.937245],[-84.956271,37.946083],[-84.948619,37.944689],[-84.948035,37.948959],[-84.93778,37.952826],[-84.933502,37.94957],[-84.933085,37.954186],[-84.921622,37.953065],[-84.922281,37.947291],[-84.910587,37.950999],[-84.910075,37.940875],[-84.902139,37.938427],[-84.895583,37.947713],[-84.883748,37.939893],[-84.796327,37.970088],[-84.797253,37.963532],[-84.820021,37.949146],[-84.817976,37.944917],[-84.804233,37.942242],[-84.797199,37.933955],[-84.821025,37.926874],[-84.826454,37.916458],[-84.816982,37.911808],[-84.797253,37.917492],[-84.794524,37.910952],[-84.801842,37.895004],[-84.794987,37.886842],[-84.783831,37.906246],[-84.774106,37.90558],[-84.7822,37.892063],[-84.767035,37.89028],[-84.758204,37.871893],[-84.773275,37.862753],[-84.770601,37.852389],[-84.760736,37.84702],[-84.714786,37.862521],[-84.694198,37.859483],[-84.689095,37.854796],[-84.695498,37.845415],[-84.716905,37.840923],[-84.724676,37.82483],[-84.714749,37.81222],[-84.716863,37.800164],[-84.709801,37.800082],[-84.712736,37.793901],[-84.703317,37.790964],[-84.715546,37.768923],[-84.693821,37.762821],[-84.705179,37.748268],[-84.688565,37.74175],[-84.688633,37.735425],[-84.697499,37.73916],[-84.706964,37.732271],[-84.689481,37.726957],[-84.698687,37.722275],[-84.727898,37.728808],[-84.724909,37.713892],[-84.735553,37.718918],[-84.744888,37.713075],[-84.793574,37.717249],[-84.807867,37.704614],[-85.025021,37.678854],[-85.005815,37.816613],[-85.012034,37.817173],[-85.009528,37.835587],[-85.003263,37.835033],[-85.00052,37.854723],[-85.03098,37.881526],[-85.030528,37.891538]]]}},{"type":"Feature","properties":{"GEOID":"21013","NAME":"Bell","state":"KY","wildfire_risk_score":73.251,"wildfire_eal_total":156091.28,"risk_band":"High","source":"FEMA National Risk Index v1.20 (December 2025)"},"geometry":{"type":"Polygon","coordinates":[[[-83.955988,36.643826],[-83.948985,36.650579],[-83.878615,36.680335],[-83.879501,36.690913],[-83.871648,36.699356],[-83.87388,36.70581],[-83.868625,36.713208],[-83.855651,36.705517],[-83.841314,36.711756],[-83.830171,36.723295],[-83.833366,36.72594],[-83.828898,36.743264],[-83.809166,36.748103],[-83.811123,36.756828],[-83.799961,36.765584],[-83.796303,36.77259],[-83.798248,36.785197],[-83.786165,36.800678],[-83.781212,36.802693],[-83.775261,36.798216],[-83.752265,36.805318],[-83.75565,36.800576],[-83.74376,36.796453],[-83.737341,36.80929],[-83.710169,36.824684],[-83.708682,36.835088],[-83.687943,36.83546],[-83.691771,36.838915],[-83.682879,36.854582],[-83.665912,36.857321],[-83.66327,36.864248],[-83.642407,36.866246],[-83.64307,36.879377],[-83.63481,36.886674],[-83.620197,36.884191],[-83.612394,36.897593],[-83.581094,36.904667],[-83.574515,36.912827],[-83.575778,36.922451],[-83.566142,36.931525],[-83.569824,36.939531],[-83.583819,36.941249],[-83.589521,36.955786],[-83.520687,36.93755],[-83.509083,36.938509],[-83.509482,36.923375],[-83.501508,36.923604],[-83.490218,36.915777],[-83.489423,36.911302],[-83.503488,36.905775],[-83.504296,36.899505],[-83.489813,36.895413],[-83.496976,36.883625],[-83.493867,36.863508],[-83.48171,36.849134],[-83.511729,36.807362],[-83.493888,36.786078],[-83.485814,36.783293],[-83.500891,36.733254],[-83.486275,36.710333],[-83.459459,36.697387],[-83.4610151191699,36.6648782480975],[-83.498011,36.670485],[-83.529612,36.666184],[-83.577312,36.641784],[-83.585956,36.643756],[-83.614513,36.633983],[-83.625013,36.625183],[-83.648314,36.622683],[-83.649513,36.616683],[-83.673114,36.604682],[-83.690714,36.582581],[-83.9307607839439,36.5876942581124],[-83.926252,36.606531],[-83.955988,36.643826]]]}},{"type":"Feature","properties":{"GEOID":"21187","NAME":"Owen","state":"KY","wildfire_risk_score":5.63,"wildfire_eal_total":1838.76,"risk_band":"Low","source":"FEMA National Risk Index v1.20 (December 2025)"},"geometry":{"type":"Polygon","coordinates":[[[-85.076118,38.578895],[-85.074583,38.596838],[-85.066468,38.594483],[-85.063912,38.600046],[-85.068487,38.604226],[-85.059846,38.611022],[-85.047378,38.614909],[-85.04036,38.610534],[-85.025374,38.613373],[-85.01294,38.622389],[-85.015787,38.632138],[-84.9922,38.630749],[-84.982017,38.637098],[-84.975966,38.635628],[-84.969888,38.648732],[-84.957326,38.653673],[-84.951524,38.649039],[-84.936982,38.650827],[-84.932366,38.666556],[-84.925431,38.673417],[-84.905579,38.669364],[-84.904134,38.678497],[-84.889989,38.67636],[-84.888102,38.687346],[-84.882106,38.68498],[-84.872053,38.689799],[-84.868989,38.699754],[-84.844734,38.696818],[-84.833243,38.712031],[-84.811845,38.702307],[-84.816185,38.707398],[-84.813114,38.711976],[-84.799612,38.715507],[-84.794516,38.724259],[-84.787953,38.723847],[-84.774322,38.618594],[-84.674505,38.557942],[-84.679296,38.551279],[-84.665457,38.543453],[-84.669306,38.540759],[-84.666336,38.536032],[-84.671867,38.536764],[-84.674574,38.532033],[-84.670066,38.526686],[-84.666945,38.531751],[-84.657752,38.53282],[-84.653134,38.527795],[-84.655497,38.524508],[-84.644642,38.519592],[-84.650051,38.515294],[-84.642287,38.513854],[-84.643734,38.508413],[-84.626651,38.485132],[-84.580539,38.473039],[-84.623583,38.431191],[-84.64946,38.416567],[-84.706066,38.370062],[-84.746226,38.349481],[-84.793228,38.338505],[-84.808762,38.349306],[-84.827141,38.348189],[-84.838419,38.356926],[-84.870088,38.356334],[-84.866981,38.36545],[-84.871231,38.370989],[-84.897367,38.377119],[-84.897591,38.389558],[-84.880258,38.419049],[-84.926611,38.432098],[-84.926656,38.440226],[-84.909846,38.449384],[-84.91223,38.459844],[-84.922642,38.464538],[-84.928986,38.461993],[-84.938189,38.450414],[-84.937978,38.429117],[-84.954397,38.427837],[-84.963226,38.437059],[-84.951578,38.457867],[-84.954946,38.471528],[-84.991422,38.489347],[-84.992159,38.495293],[-84.977166,38.512989],[-84.979072,38.516329],[-85.00048,38.517048],[-85.020297,38.503904],[-85.028949,38.507375],[-85.012303,38.54781],[-85.00264,38.554011],[-85.011897,38.562608],[-85.040913,38.574162],[-85.062961,38.564532],[-85.076118,38.578895]]]}},{"type":"Feature","properties":{"GEOID":"21119","NAME":"Knott","state":"KY","wildfire_risk_score":74.109,"wildfire_eal_total":163296.43,"risk_band":"High","source":"FEMA National Risk Index v1.20 (December 2025)"},"geometry":{"type":"Polygon","coordinates":[[[-83.134711,37.457181],[-83.092654,37.498849],[-83.094663,37.518286],[-83.090355,37.517351],[-83.08872,37.522742],[-83.071139,37.516895],[-83.062266,37.526231],[-83.055858,37.520427],[-83.047531,37.526043],[-83.031262,37.506341],[-83.013903,37.508544],[-83.002665,37.5012],[-82.985361,37.506522],[-82.973344,37.497812],[-82.948544,37.503167],[-82.941066,37.48963],[-82.934353,37.493991],[-82.926653,37.488827],[-82.927846,37.480934],[-82.831473,37.46699],[-82.825392,37.438668],[-82.835454,37.429976],[-82.835476,37.414445],[-82.810522,37.411531],[-82.796563,37.418107],[-82.795354,37.426091],[-82.78723,37.42874],[-82.777024,37.42427],[-82.763067,37.425549],[-82.764055,37.420268],[-82.755848,37.4136],[-82.761458,37.409873],[-82.751538,37.399968],[-82.756463,37.385682],[-82.752254,37.370947],[-82.76338,37.36095],[-82.764316,37.352379],[-82.752222,37.337022],[-82.754907,37.326918],[-82.748166,37.31679],[-82.753695,37.309773],[-82.740068,37.302082],[-82.726536,37.304581],[-82.727583,37.28996],[-82.713246,37.288803],[-82.710629,37.283705],[-82.724557,37.281035],[-82.732693,37.271502],[-82.739427,37.273293],[-82.747086,37.266005],[-82.757686,37.26964],[-82.766097,37.26335],[-82.774922,37.26615],[-82.801672,37.261232],[-82.807808,37.267167],[-82.814184,37.264841],[-82.819862,37.268706],[-82.832537,37.258777],[-82.852325,37.255795],[-82.874726,37.242143],[-82.875379,37.232038],[-82.890559,37.223887],[-82.891932,37.21353],[-82.905489,37.212165],[-82.920769,37.200027],[-82.931835,37.202743],[-82.94305,37.190415],[-82.957214,37.191001],[-82.963202,37.181735],[-82.979183,37.17242],[-82.984932,37.177522],[-82.984493,37.187718],[-82.995258,37.190822],[-83.006157,37.205784],[-83.029024,37.20829],[-83.035778,37.217712],[-83.054308,37.215818],[-83.067482,37.231434],[-83.066377,37.244395],[-83.070358,37.248521],[-83.082517,37.247726],[-83.082838,37.242892],[-83.101563,37.235437],[-83.116521,37.240665],[-83.126722,37.235851],[-83.120402,37.246927],[-83.127101,37.269957],[-83.119797,37.283827],[-83.122106,37.290873],[-83.110454,37.298961],[-83.110996,37.305805],[-83.116372,37.307218],[-83.110603,37.325161],[-83.116937,37.328511],[-83.109859,37.336201],[-83.134711,37.457181]]]}},{"type":"Feature","properties":{"GEOID":"21003","NAME":"Allen","state":"KY","wildfire_risk_score":9.319,"wildfire_eal_total":2445.77,"risk_band":"Low","source":"FEMA National Risk Index v1.20 (December 2025)"},"geometry":{"type":"Polygon","coordinates":[[[-86.419001,36.678321],[-86.408976,36.709181],[-86.414677,36.714688],[-86.408595,36.720806],[-86.413845,36.723077],[-86.409321,36.727864],[-86.414034,36.738236],[-86.408859,36.740418],[-86.405769,36.776187],[-86.263405,36.873134],[-86.262657,36.884425],[-86.268885,36.887495],[-86.266522,36.893367],[-86.240626,36.894288],[-86.239914,36.898884],[-86.234629,36.898516],[-86.235463,36.906964],[-86.228956,36.907454],[-86.226309,36.912633],[-86.212725,36.903699],[-86.203257,36.913469],[-86.210152,36.927623],[-86.201417,36.935315],[-86.189027,36.921677],[-86.17044,36.935018],[-86.161861,36.931095],[-86.16032,36.924952],[-86.176151,36.91374],[-86.161785,36.906439],[-86.14897,36.911562],[-86.152434,36.917105],[-86.149125,36.928685],[-86.136048,36.932094],[-86.141926,36.91353],[-86.134673,36.902719],[-86.146893,36.896441],[-86.141296,36.892292],[-86.124777,36.895444],[-86.106421,36.865064],[-86.097526,36.867704],[-86.108695,36.882892],[-86.097399,36.900813],[-86.06531,36.899128],[-86.066606,36.891084],[-86.068098,36.894329],[-86.078244,36.891253],[-86.076816,36.881254],[-86.070215,36.877294],[-86.072468,36.871501],[-86.076587,36.872395],[-86.078016,36.8547],[-86.055692,36.830065],[-86.066045,36.822847],[-86.071472,36.807012],[-86.047426,36.807902],[-86.052121,36.794451],[-86.039224,36.790835],[-86.034703,36.780382],[-86.052866,36.774806],[-86.037306,36.760179],[-86.030735,36.764383],[-86.007069,36.760344],[-85.982876,36.741563],[-85.977442,36.715877],[-85.949403,36.661645],[-85.950661,36.651023],[-85.962189,36.644131],[-85.9729214486467,36.6285202945041],[-86.03277,36.630367],[-86.4113861435174,36.6505962464493],[-86.416163,36.66548],[-86.412345,36.672499],[-86.419001,36.678321]]]}},{"type":"Feature","properties":{"GEOID":"21139","NAME":"Livingston","state":"KY","wildfire_risk_score":6.52,"wildfire_eal_total":1709.21,"risk_band":"Low","source":"FEMA National Risk Index v1.20 (December 2025)"},"geometry":{"type":"Polygon","coordinates":[[[-88.5664745586981,37.075778390376],[-88.514356,37.065231],[-88.48218,37.067368],[-88.460594,37.074298],[-88.444767,37.095256],[-88.443538,37.109192],[-88.424776,37.149901],[-88.447764,37.203527],[-88.471753,37.220155],[-88.487277,37.244077],[-88.508031,37.260261],[-88.506942,37.266656],[-88.515939,37.284043],[-88.484462,37.345609],[-88.476592,37.386875],[-88.470224,37.396255],[-88.450127,37.411717],[-88.408808,37.425216],[-88.387669,37.416482],[-88.371214,37.40273],[-88.3585049068255,37.4048174106804],[-88.355622,37.397186],[-88.332085,37.394611],[-88.328101,37.399743],[-88.323541,37.393803],[-88.31785,37.397927],[-88.313329,37.388085],[-88.307945,37.386784],[-88.313024,37.381137],[-88.298856,37.379698],[-88.299355,37.371869],[-88.305311,37.372328],[-88.308809,37.367452],[-88.301555,37.36671],[-88.303926,37.359522],[-88.293957,37.349465],[-88.29631,37.337167],[-88.267358,37.31732],[-88.21898,37.273145],[-88.200598,37.23434],[-88.20531,37.2268],[-88.20042,37.227213],[-88.19625,37.219482],[-88.210944,37.200022],[-88.212053,37.190484],[-88.219564,37.190338],[-88.216587,37.187928],[-88.220338,37.183013],[-88.195768,37.173222],[-88.187289,37.15454],[-88.212642,37.127943],[-88.217537,37.094848],[-88.232345,37.086139],[-88.216295,37.056225],[-88.225194,37.045398],[-88.226774,37.027602],[-88.209221,36.999976],[-88.240371,36.981911],[-88.309962,37.049964],[-88.339292,37.061216],[-88.362158,37.063947],[-88.434682,37.04742],[-88.45361,37.031936],[-88.471947,37.024724],[-88.500932,37.022738],[-88.519546,37.029392],[-88.565945,37.067785],[-88.5664745586981,37.075778390376]]]}},{"type":"Feature","properties":{"GEOID":"21055","NAME":"Crittenden","state":"KY","wildfire_risk_score":8.81,"wildfire_eal_total":2087.96,"risk_band":"Low","source":"FEMA National Risk Index v1.20 (December 2025)"},"geometry":{"type":"Polygon","coordinates":[[[-88.358436,37.40486],[-88.312585,37.440591],[-88.281667,37.452596],[-88.135142,37.471626],[-88.085229,37.47154],[-88.073462,37.485294],[-88.067844,37.485867],[-88.0613347550442,37.5053124718963],[-88.052705,37.507275],[-88.047489,37.518272],[-88.038604,37.513271],[-88.030727,37.516592],[-88.02106,37.52853],[-88.023557,37.537867],[-88.016059,37.547222],[-87.999517,37.542194],[-87.996918,37.506268],[-87.982162,37.493884],[-87.974276,37.50102],[-87.966828,37.48887],[-87.966496,37.484621],[-87.982807,37.474208],[-87.971037,37.46988],[-87.963267,37.470691],[-87.953819,37.479349],[-87.931577,37.478525],[-87.943955,37.465225],[-87.936927,37.443403],[-87.938325,37.425635],[-87.929999,37.409167],[-87.920917,37.411109],[-87.91607,37.407273],[-87.912805,37.410894],[-87.915386,37.404369],[-87.903034,37.398197],[-87.896512,37.403648],[-87.868638,37.405345],[-87.861529,37.409],[-87.86553,37.417349],[-87.856524,37.414442],[-87.847034,37.420752],[-87.843615,37.416822],[-87.844534,37.394982],[-87.860026,37.392083],[-87.855106,37.389643],[-87.859683,37.380086],[-87.843032,37.3745],[-87.84119,37.379318],[-87.826369,37.380095],[-87.818952,37.388185],[-87.81447,37.38734],[-87.817359,37.382655],[-87.810299,37.376383],[-87.804014,37.378719],[-87.805522,37.382299],[-87.800561,37.38142],[-87.808421,37.374951],[-88.052483,37.237663],[-88.053609,37.228885],[-88.063262,37.231543],[-88.089493,37.222066],[-88.080469,37.212134],[-88.09011,37.202021],[-88.083583,37.18412],[-88.088823,37.17941],[-88.101837,37.179513],[-88.101656,37.169347],[-88.118213,37.155035],[-88.126108,37.153438],[-88.12863,37.160291],[-88.131581,37.158221],[-88.131678,37.149705],[-88.136327,37.147704],[-88.132369,37.145326],[-88.142484,37.148875],[-88.14469,37.154319],[-88.148192,37.146272],[-88.153199,37.149531],[-88.163384,37.143154],[-88.160568,37.132124],[-88.184188,37.126189],[-88.182447,37.133553],[-88.197339,37.13161],[-88.19211,37.133127],[-88.196386,37.140286],[-88.187289,37.15454],[-88.189868,37.16637],[-88.198089,37.174915],[-88.220338,37.183013],[-88.216587,37.187928],[-88.219564,37.190338],[-88.212053,37.190484],[-88.210944,37.200022],[-88.19625,37.219482],[-88.20042,37.227213],[-88.20531,37.2268],[-88.200598,37.23434],[-88.21898,37.273145],[-88.267358,37.31732],[-88.29631,37.337167],[-88.293957,37.349465],[-88.303926,37.359522],[-88.301555,37.36671],[-88.308809,37.367452],[-88.299355,37.371869],[-88.298856,37.379698],[-88.313024,37.381137],[-88.307945,37.386784],[-88.313329,37.388085],[-88.31785,37.397927],[-88.323541,37.393803],[-88.328101,37.399743],[-88.332085,37.394611],[-88.355622,37.397186],[-88.358436,37.40486]]]}},{"type":"Feature","properties":{"GEOID":"21239","NAME":"Woodford","state":"KY","wildfire_risk_score":7.697,"wildfire_eal_total":2534.01,"risk_band":"Low","source":"FEMA National Risk Index v1.20 (December 2025)"},"geometry":{"type":"Polygon","coordinates":[[[-84.866003,38.134627],[-84.864804,38.141373],[-84.725168,38.195426],[-84.724113,38.191238],[-84.731584,38.187394],[-84.721444,38.185604],[-84.718729,38.17996],[-84.714085,38.18251],[-84.715634,38.176877],[-84.707541,38.173389],[-84.70319,38.178891],[-84.690753,38.181509],[-84.687293,38.179093],[-84.691958,38.177058],[-84.689717,38.171179],[-84.675982,38.17062],[-84.684124,38.175994],[-84.678416,38.185049],[-84.678308,38.179308],[-84.671448,38.176744],[-84.663903,38.177625],[-84.665257,38.182049],[-84.647821,38.176606],[-84.649402,38.168969],[-84.655275,38.171015],[-84.657231,38.162133],[-84.64584,38.163261],[-84.641381,38.158387],[-84.652096,38.158395],[-84.651033,38.145227],[-84.639146,38.149642],[-84.648433,38.135855],[-84.64039,38.134362],[-84.634128,38.121793],[-84.643772,38.128402],[-84.641726,38.120161],[-84.653262,38.121014],[-84.653055,38.116459],[-84.649955,38.112346],[-84.645012,38.116631],[-84.633376,38.110878],[-84.625079,38.116397],[-84.709918,37.861952],[-84.765204,37.847835],[-84.773347,37.855822],[-84.773275,37.862753],[-84.758204,37.871893],[-84.767035,37.89028],[-84.7822,37.892063],[-84.774106,37.90558],[-84.783831,37.906246],[-84.794987,37.886842],[-84.801842,37.895004],[-84.794524,37.910952],[-84.797253,37.917492],[-84.816982,37.911808],[-84.826454,37.916458],[-84.821025,37.926874],[-84.797199,37.933955],[-84.804233,37.942242],[-84.817976,37.944917],[-84.820021,37.949146],[-84.794369,37.968583],[-84.81806,37.973391],[-84.823539,37.982486],[-84.817142,37.999998],[-84.838452,38.009705],[-84.830263,38.021445],[-84.831169,38.030481],[-84.849867,38.04586],[-84.843721,38.052705],[-84.825988,38.054987],[-84.82693,38.060456],[-84.842989,38.070006],[-84.828728,38.081001],[-84.828531,38.089385],[-84.839105,38.100244],[-84.855669,38.090203],[-84.861903,38.091281],[-84.866003,38.134627]]]}},{"type":"Feature","properties":{"GEOID":"21193","NAME":"Perry","state":"KY","wildfire_risk_score":77.926,"wildfire_eal_total":277636.84,"risk_band":"High","source":"FEMA National Risk Index v1.20 (December 2025)"},"geometry":{"type":"Polygon","coordinates":[[[-83.553942,37.306454],[-83.545505,37.31652],[-83.551536,37.333033],[-83.536265,37.330291],[-83.522503,37.339047],[-83.517491,37.336294],[-83.516738,37.341404],[-83.504134,37.341845],[-83.499365,37.352263],[-83.486696,37.358947],[-83.484738,37.371822],[-83.476897,37.377118],[-83.46297,37.373006],[-83.448005,37.378244],[-83.445487,37.370485],[-83.431523,37.362819],[-83.422062,37.350665],[-83.416683,37.353856],[-83.405402,37.338927],[-83.381417,37.33834],[-83.375459,37.347567],[-83.368359,37.347597],[-83.368244,37.358071],[-83.361168,37.366063],[-83.34971,37.369764],[-83.357725,37.365498],[-83.36155,37.358615],[-83.357328,37.358035],[-83.343122,37.364891],[-83.333886,37.379106],[-83.303557,37.380715],[-83.299716,37.387946],[-83.269786,37.39878],[-83.214735,37.443538],[-83.202294,37.430429],[-83.205797,37.425562],[-83.195644,37.412231],[-83.124348,37.404973],[-83.109859,37.336201],[-83.116937,37.328511],[-83.110136,37.320774],[-83.116372,37.307218],[-83.109839,37.302927],[-83.123085,37.28793],[-83.119797,37.283827],[-83.127249,37.268401],[-83.120402,37.246927],[-83.126722,37.235851],[-83.116521,37.240665],[-83.101563,37.235437],[-83.082838,37.242892],[-83.082517,37.247726],[-83.070358,37.248521],[-83.066377,37.244395],[-83.067482,37.231434],[-83.054308,37.215818],[-83.032983,37.216831],[-83.030559,37.209049],[-83.006157,37.205784],[-83.000142,37.19571],[-83.028103,37.169837],[-83.037429,37.165265],[-83.048892,37.169421],[-83.035611,37.15724],[-83.061361,37.117912],[-83.054566,37.103692],[-83.047036,37.102755],[-83.051708,37.096241],[-83.040771,37.080059],[-83.046938,37.069328],[-83.042741,37.062215],[-83.048761,37.058633],[-83.057551,37.062106],[-83.061997,37.051783],[-83.073396,37.046457],[-83.065536,37.038669],[-83.052243,37.035114],[-83.049517,37.029685],[-83.058176,37.025005],[-83.054393,37.018328],[-83.10955,36.991845],[-83.124334,37.005722],[-83.136701,37.00415],[-83.144352,37.013705],[-83.160106,37.013859],[-83.160825,37.020739],[-83.174859,37.017091],[-83.185387,37.021297],[-83.186886,37.03435],[-83.178303,37.038446],[-83.182454,37.046271],[-83.174635,37.05217],[-83.180838,37.056431],[-83.178881,37.061613],[-83.165724,37.067373],[-83.16464,37.073935],[-83.176669,37.081017],[-83.168303,37.087965],[-83.171339,37.091172],[-83.167435,37.102507],[-83.182442,37.106954],[-83.184694,37.112262],[-83.195189,37.109331],[-83.20557,37.128927],[-83.227441,37.137212],[-83.218033,37.145682],[-83.226613,37.150663],[-83.226207,37.155716],[-83.219149,37.160131],[-83.214103,37.157811],[-83.21183,37.165102],[-83.201921,37.16673],[-83.201887,37.17413],[-83.232648,37.184548],[-83.240799,37.195965],[-83.249259,37.195177],[-83.252665,37.20361],[-83.263181,37.200234],[-83.276811,37.203297],[-83.287001,37.217273],[-83.298901,37.214621],[-83.311091,37.229843],[-83.32462,37.225561],[-83.325424,37.231012],[-83.337172,37.236371],[-83.332877,37.244412],[-83.344161,37.260624],[-83.335921,37.272697],[-83.34531,37.283129],[-83.353494,37.284175],[-83.353725,37.298166],[-83.366574,37.300517],[-83.37316,37.295482],[-83.374503,37.305406],[-83.395782,37.30967],[-83.39873,37.320564],[-83.403066,37.313916],[-83.41591,37.311966],[-83.423771,37.302226],[-83.429137,37.303314],[-83.432375,37.290211],[-83.439221,37.293041],[-83.442372,37.287455],[-83.454254,37.288168],[-83.460992,37.293848],[-83.471821,37.291248],[-83.486336,37.274922],[-83.484604,37.268048],[-83.47632,37.265903],[-83.482907,37.263114],[-83.483275,37.251861],[-83.492943,37.249549],[-83.507886,37.235877],[-83.511263,37.255073],[-83.521027,37.255279],[-83.529227,37.261586],[-83.521452,37.264551],[-83.522045,37.274524],[-83.531885,37.274987],[-83.537004,37.286043],[-83.551777,37.287218],[-83.547727,37.302512],[-83.553942,37.306454]]]}},{"type":"Feature","properties":{"GEOID":"21181","NAME":"Nicholas","state":"KY","wildfire_risk_score":2.29,"wildfire_eal_total":541.52,"risk_band":"Low","source":"FEMA National Risk Index v1.20 (December 2025)"},"geometry":{"type":"Polygon","coordinates":[[[-84.181252,38.383757],[-84.1021,38.459379],[-84.087516,38.454805],[-84.071162,38.456871],[-84.029755,38.440637],[-84.017289,38.445352],[-84.005184,38.431001],[-84.003644,38.440553],[-83.999199,38.441453],[-83.999227,38.422286],[-83.993239,38.425715],[-83.991275,38.434794],[-83.980068,38.439448],[-83.9491,38.422824],[-83.921376,38.383309],[-83.916131,38.360152],[-83.90479,38.366222],[-83.890839,38.363533],[-83.90014,38.354337],[-83.898088,38.348112],[-83.887652,38.352402],[-83.883978,38.360053],[-83.871912,38.361421],[-83.868668,38.350532],[-83.857428,38.351434],[-83.857802,38.333853],[-83.849336,38.332901],[-83.840247,38.339192],[-83.848571,38.323578],[-83.833613,38.313886],[-83.840291,38.31221],[-83.848355,38.296949],[-83.977924,38.192118],[-83.982018,38.192886],[-83.969809,38.204171],[-83.97006,38.20993],[-83.97902,38.207846],[-83.977367,38.220048],[-83.988421,38.219976],[-83.990666,38.203014],[-84.004502,38.211152],[-83.996003,38.214661],[-84.006676,38.215145],[-84.004583,38.224111],[-84.028874,38.214056],[-84.032505,38.223064],[-84.062691,38.235203],[-84.053141,38.239455],[-84.057214,38.256829],[-84.079819,38.257079],[-84.073434,38.26615],[-84.085369,38.26611],[-84.079203,38.27297],[-84.095388,38.268413],[-84.091432,38.264098],[-84.09698,38.25874],[-84.104663,38.260817],[-84.101626,38.266711],[-84.109197,38.275029],[-84.118579,38.27253],[-84.120185,38.275516],[-84.111243,38.279427],[-84.114446,38.28611],[-84.107441,38.281419],[-84.104135,38.285744],[-84.116699,38.288292],[-84.11837,38.294906],[-84.129929,38.294608],[-84.129035,38.304741],[-84.12416,38.306824],[-84.132621,38.304549],[-84.166253,38.354913],[-84.19405,38.37175],[-84.181252,38.383757]]]}},{"type":"Feature","properties":{"GEOID":"21189","NAME":"Owsley","state":"KY","wildfire_risk_score":64.567,"wildfire_eal_total":80077.07,"risk_band":"High","source":"FEMA National Risk Index v1.20 (December 2025)"},"geometry":{"type":"Polygon","coordinates":[[[-83.888294,37.505902],[-83.885262,37.517688],[-83.875397,37.516244],[-83.866209,37.513231],[-83.864818,37.502185],[-83.82934,37.486821],[-83.742984,37.494253],[-83.744954,37.508322],[-83.732784,37.521032],[-83.701721,37.507705],[-83.680439,37.511984],[-83.657152,37.536781],[-83.643093,37.541371],[-83.630412,37.53746],[-83.627004,37.522649],[-83.618466,37.521007],[-83.622381,37.510775],[-83.613868,37.508907],[-83.607886,37.514786],[-83.577681,37.505278],[-83.579818,37.493086],[-83.571042,37.489149],[-83.565099,37.471266],[-83.547701,37.464001],[-83.555053,37.460365],[-83.545467,37.446983],[-83.553818,37.440873],[-83.552488,37.433038],[-83.540769,37.417757],[-83.534281,37.417409],[-83.540351,37.411274],[-83.541655,37.398726],[-83.549201,37.394142],[-83.541754,37.383279],[-83.549834,37.378551],[-83.542849,37.366358],[-83.545248,37.361887],[-83.534059,37.352795],[-83.541858,37.345926],[-83.543215,37.336832],[-83.551536,37.333033],[-83.545505,37.31652],[-83.553942,37.306454],[-83.547727,37.302512],[-83.551777,37.287218],[-83.537004,37.286043],[-83.531885,37.274987],[-83.522045,37.274524],[-83.521452,37.264551],[-83.529227,37.261586],[-83.530217,37.255673],[-83.542414,37.268342],[-83.565993,37.265308],[-83.565528,37.275383],[-83.575705,37.281424],[-83.574105,37.288426],[-83.582843,37.29465],[-83.597279,37.292255],[-83.609331,37.301278],[-83.608829,37.30853],[-83.616615,37.307931],[-83.616151,37.314301],[-83.622383,37.314781],[-83.623805,37.32765],[-83.632762,37.330538],[-83.634295,37.339177],[-83.650274,37.348756],[-83.653564,37.358105],[-83.668138,37.355232],[-83.676135,37.338275],[-83.681336,37.336858],[-83.794865,37.350785],[-83.801375,37.364069],[-83.811966,37.370325],[-83.828887,37.411795],[-83.839958,37.424521],[-83.842498,37.439521],[-83.849961,37.447848],[-83.865122,37.451378],[-83.883953,37.477335],[-83.881267,37.495455],[-83.888294,37.505902]]]}},{"type":"Feature","properties":{"GEOID":"21097","NAME":"Harrison","state":"KY","wildfire_risk_score":9.828,"wildfire_eal_total":2706.36,"risk_band":"Moderate","source":"FEMA National Risk Index v1.20 (December 2025)"},"geometry":{"type":"Polygon","coordinates":[[[-84.557375,38.492917],[-84.521393,38.508299],[-84.497695,38.512201],[-84.485295,38.508552],[-84.475686,38.543633],[-84.467092,38.536487],[-84.458991,38.536776],[-84.455028,38.530721],[-84.449327,38.533408],[-84.447464,38.530042],[-84.4461,38.537185],[-84.433869,38.533687],[-84.432773,38.539168],[-84.419285,38.543435],[-84.427891,38.546463],[-84.420306,38.551711],[-84.426478,38.557329],[-84.41831,38.557221],[-84.409753,38.565876],[-84.400321,38.560603],[-84.205346,38.582039],[-84.202176,38.566151],[-84.217814,38.559092],[-84.211319,38.550864],[-84.189875,38.552545],[-84.179633,38.558448],[-84.16735,38.558822],[-84.162031,38.554125],[-84.163577,38.539495],[-84.178484,38.532774],[-84.183143,38.496712],[-84.173679,38.502111],[-84.161372,38.501786],[-84.158567,38.496397],[-84.172086,38.493607],[-84.173823,38.48791],[-84.166211,38.485059],[-84.151135,38.489207],[-84.14752,38.476501],[-84.13095,38.482601],[-84.131519,38.474943],[-84.123542,38.476311],[-84.106226,38.468739],[-84.1021,38.459379],[-84.19405,38.37175],[-84.280218,38.313333],[-84.287383,38.311683],[-84.296577,38.317725],[-84.294072,38.309027],[-84.308529,38.312482],[-84.310121,38.307882],[-84.304592,38.305449],[-84.315715,38.301942],[-84.319163,38.295962],[-84.331859,38.292967],[-84.341238,38.296275],[-84.333623,38.288975],[-84.344921,38.285046],[-84.358844,38.290704],[-84.359688,38.296016],[-84.369939,38.281632],[-84.378762,38.277852],[-84.417001,38.287669],[-84.429002,38.27967],[-84.444708,38.285096],[-84.440266,38.296699],[-84.432841,38.299569],[-84.43398,38.306788],[-84.459103,38.343711],[-84.462662,38.364683],[-84.458428,38.374925],[-84.462398,38.384456],[-84.491092,38.414374],[-84.52776,38.433229],[-84.526206,38.449842],[-84.531421,38.458417],[-84.546401,38.466801],[-84.557375,38.492917]]]}},{"type":"Feature","properties":{"GEOID":"21063","NAME":"Elliott","state":"KY","wildfire_risk_score":57.316,"wildfire_eal_total":44408.01,"risk_band":"High","source":"FEMA National Risk Index v1.20 (December 2025)"},"geometry":{"type":"Polygon","coordinates":[[[-83.270052,38.071727],[-83.26121,38.098686],[-83.269581,38.109078],[-83.247928,38.130151],[-83.222001,38.132499],[-83.217664,38.159415],[-83.199026,38.168487],[-83.205257,38.175513],[-83.246001,38.176846],[-83.264229,38.188098],[-83.246942,38.185501],[-83.244306,38.19238],[-83.233267,38.193094],[-83.220913,38.209848],[-83.223206,38.221514],[-83.216801,38.22978],[-83.21815,38.237053],[-83.202598,38.245697],[-83.202901,38.250247],[-83.185851,38.252558],[-83.177503,38.266937],[-83.158962,38.264457],[-83.119157,38.233213],[-83.108133,38.234879],[-83.101441,38.226036],[-83.092078,38.227976],[-83.083685,38.222719],[-83.075843,38.206559],[-83.053081,38.189545],[-83.055768,38.184735],[-83.051072,38.179065],[-83.047536,38.193466],[-83.039816,38.199686],[-83.026521,38.195647],[-83.011467,38.205751],[-83.009575,38.194008],[-82.990674,38.190661],[-82.989665,38.179733],[-82.975731,38.171995],[-82.956984,38.17456],[-82.945015,38.168334],[-82.918436,38.174946],[-82.916105,38.162377],[-82.907833,38.156716],[-82.90675,38.133025],[-82.898691,38.129817],[-82.899154,38.124469],[-82.888622,38.113107],[-82.898366,38.103256],[-82.906571,38.103106],[-82.907528,38.095731],[-82.917064,38.099094],[-82.929179,38.089693],[-82.930847,38.083342],[-82.942005,38.077585],[-82.941991,38.064164],[-82.95131,38.05968],[-82.949204,38.056063],[-82.956008,38.049601],[-82.981228,38.049999],[-82.983588,38.043292],[-83.002238,38.034601],[-83.002513,38.02386],[-83.014996,38.015488],[-83.009717,38.012008],[-83.012683,38.009285],[-83.029133,38.009491],[-83.036542,38.000964],[-83.042645,38.002272],[-83.048622,37.996781],[-83.057158,37.999401],[-83.059066,38.005874],[-83.065341,38.007949],[-83.073544,38.00154],[-83.077301,38.007187],[-83.089354,38.010445],[-83.101689,38.009751],[-83.109823,38.0039],[-83.136357,38.004285],[-83.142874,37.99646],[-83.151976,38.010445],[-83.161564,38.00884],[-83.173843,38.016929],[-83.176474,38.012845],[-83.194445,38.010649],[-83.208347,38.019008],[-83.210896,38.027134],[-83.221272,38.027189],[-83.222891,38.043956],[-83.230677,38.046291],[-83.232842,38.051856],[-83.25006,38.050218],[-83.267544,38.05895],[-83.270052,38.071727]]]}},{"type":"Feature","properties":{"GEOID":"21089","NAME":"Greenup","state":"KY","wildfire_risk_score":40.235,"wildfire_eal_total":24411.08,"risk_band":"High","source":"FEMA National Risk Index v1.20 (December 2025)"},"geometry":{"type":"Polygon","coordinates":[[[-83.167673,38.508599],[-83.160798,38.509694],[-83.156381,38.519411],[-83.149785,38.519173],[-83.146652,38.530239],[-83.138814,38.535475],[-83.129675,38.533606],[-83.116419,38.539039],[-83.099754,38.558714],[-83.09935,38.569101],[-83.093831,38.569308],[-83.08189,38.587981],[-83.073633,38.590438],[-83.071034,38.595023],[-83.080986,38.611717],[-83.069526,38.620799],[-83.073864,38.632663],[-83.0519,38.640975],[-83.05086,38.663472],[-83.038327,38.665294],[-83.038096,38.674172],[-83.024093,38.682744],[-83.031559,38.684723],[-83.029184,38.687421],[-83.038095,38.699378],[-83.028222,38.721606],[-83.0308858850033,38.725567690406],[-83.011816,38.730057],[-82.979395,38.725976],[-82.943147,38.74328],[-82.894193,38.756576],[-82.879492,38.751476],[-82.871292,38.739376],[-82.870392,38.722077],[-82.877592,38.690177],[-82.859391,38.660378],[-82.854291,38.613454],[-82.844306,38.590862],[-82.820161,38.572703],[-82.789776,38.559951],[-82.724846,38.5576],[-82.696621,38.542112],[-82.6654809126012,38.5057370043674],[-82.770288,38.432923],[-82.777057,38.42154],[-82.773933,38.418153],[-82.788519,38.412667],[-82.791571,38.402428],[-82.810637,38.393024],[-82.808892,38.38699],[-82.817454,38.373935],[-82.912712,38.398949],[-82.929167,38.39698],[-82.93862,38.401652],[-82.970648,38.393666],[-82.973093,38.398961],[-82.984045,38.401907],[-82.987958,38.410933],[-83.000886,38.410592],[-83.001364,38.420065],[-83.051566,38.46524],[-83.066942,38.46647],[-83.096944,38.483193],[-83.107276,38.480483],[-83.12123,38.485662],[-83.138267,38.497364],[-83.166419,38.503965],[-83.167673,38.508599]]]}},{"type":"Feature","properties":{"GEOID":"21095","NAME":"Harlan","state":"KY","wildfire_risk_score":69.816,"wildfire_eal_total":121246.71,"risk_band":"High","source":"FEMA National Risk Index v1.20 (December 2025)"},"geometry":{"type":"Polygon","coordinates":[[[-83.510956,36.808414],[-83.48171,36.849134],[-83.493867,36.863508],[-83.496976,36.883625],[-83.493357,36.893369],[-83.476699,36.896479],[-83.45763,36.883167],[-83.451657,36.892202],[-83.408614,36.890218],[-83.396089,36.899114],[-83.395527,36.903604],[-83.401407,36.90682],[-83.399656,36.920955],[-83.389939,36.920279],[-83.384557,36.925913],[-83.291671,36.95219],[-83.26002,36.968951],[-83.239755,36.985509],[-83.225884,37.005713],[-83.203933,37.003595],[-83.197922,37.012198],[-83.185782,37.00608],[-83.182104,37.021115],[-83.174859,37.017091],[-83.160825,37.020739],[-83.160106,37.013859],[-83.144352,37.013705],[-83.139555,37.005138],[-83.122778,37.004335],[-83.126428,36.991441],[-83.147625,36.984715],[-83.148808,36.974834],[-83.153607,36.97163],[-83.149155,36.965046],[-83.153812,36.957228],[-83.150402,36.954163],[-83.037898,36.984109],[-83.022587,36.977403],[-83.006584,36.992554],[-82.967235,36.999854],[-82.938967,37.015224],[-82.869183,36.974182],[-82.87023,36.965498],[-82.865404,36.958084],[-82.855705,36.953808],[-82.861282,36.944848],[-82.858635,36.927785],[-82.877473,36.90796],[-82.870068,36.901735],[-82.878569,36.889585],[-82.906325,36.87974],[-82.907774,36.874706],[-82.951685,36.866152],[-82.970253,36.857686],[-82.998376,36.85663],[-83.009222,36.847295],[-83.026887,36.855489],[-83.047589,36.851789],[-83.07259,36.854589],[-83.07519,36.840889],[-83.101792,36.829089],[-83.098492,36.814289],[-83.103092,36.806689],[-83.119144,36.789531],[-83.133231,36.784585],[-83.128987,36.775784],[-83.132477,36.764398],[-83.125655,36.761407],[-83.127833,36.750828],[-83.136395,36.743088],[-83.194597,36.739487],[-83.311403,36.710287],[-83.386099,36.686589],[-83.395806,36.676786],[-83.423707,36.667385],[-83.4610151191699,36.6648782480975],[-83.459459,36.697387],[-83.486275,36.710333],[-83.500891,36.733254],[-83.485814,36.783293],[-83.493888,36.786078],[-83.510956,36.808414]]]}},{"type":"Feature","properties":{"GEOID":"21127","NAME":"Lawrence","state":"KY","wildfire_risk_score":66.953,"wildfire_eal_total":105843.14,"risk_band":"High","source":"FEMA National Risk Index v1.20 (December 2025)"},"geometry":{"type":"Polygon","coordinates":[[[-83.02497,37.992691],[-83.019214,37.999301],[-83.023905,38.001325],[-83.022115,38.007047],[-83.010208,38.011264],[-83.014996,38.015488],[-83.002513,38.02386],[-83.002238,38.034601],[-82.983588,38.043292],[-82.981228,38.049999],[-82.956008,38.049601],[-82.949204,38.056063],[-82.95131,38.05968],[-82.941991,38.064164],[-82.942005,38.077585],[-82.930847,38.083342],[-82.929179,38.089693],[-82.917064,38.099094],[-82.907528,38.095731],[-82.906571,38.103106],[-82.898366,38.103256],[-82.888923,38.111847],[-82.898691,38.129817],[-82.90675,38.133025],[-82.907833,38.156716],[-82.916105,38.162377],[-82.914962,38.172241],[-82.924232,38.175576],[-82.897521,38.182796],[-82.883764,38.196027],[-82.850384,38.191873],[-82.814107,38.217293],[-82.814869,38.222968],[-82.823749,38.22818],[-82.82111,38.232733],[-82.794636,38.240612],[-82.793262,38.244594],[-82.766528,38.235161],[-82.756769,38.23914],[-82.739284,38.236929],[-82.735318,38.242427],[-82.723797,38.243777],[-82.721192,38.249897],[-82.704886,38.253429],[-82.699471,38.261913],[-82.627373,38.268939],[-82.609956,38.264068],[-82.604357,38.255082],[-82.602136,38.249649],[-82.61252,38.234553],[-82.608944,38.22366],[-82.598437,38.217393],[-82.598864,38.201007],[-82.611343,38.171548],[-82.642997,38.16956],[-82.637306,38.13905],[-82.622125,38.133414],[-82.619452,38.120745],[-82.606589,38.120843],[-82.587782,38.108879],[-82.584039,38.090663],[-82.551259,38.070799],[-82.537293,38.045204],[-82.538639,38.037381],[-82.525817,38.026406],[-82.522591,38.012968],[-82.51565,38.00669],[-82.519193,38.001131],[-82.489236,37.99898],[-82.483968,37.984093],[-82.471009,37.98652],[-82.464067,37.980295],[-82.46938,37.973059],[-82.48426,37.971383],[-82.483987,37.963343],[-82.471555,37.959055],[-82.487836,37.945288],[-82.501781,37.946405],[-82.534871,37.962786],[-82.541888,37.956905],[-82.555244,37.95951],[-82.566005,37.952261],[-82.566603,37.956026],[-82.580864,37.954074],[-82.58093,37.930898],[-82.590249,37.931442],[-82.593715,37.922075],[-82.60251,37.919419],[-82.598748,37.91577],[-82.601318,37.912808],[-82.594206,37.908651],[-82.598951,37.903456],[-82.595612,37.890682],[-82.609319,37.887479],[-82.612393,37.879272],[-82.676933,37.892328],[-82.736583,37.916327],[-82.831585,37.967869],[-82.939603,37.998981],[-82.952043,38.000316],[-82.970724,37.990978],[-82.981439,37.969785],[-82.992705,37.961324],[-82.998891,37.9678],[-83.009234,37.968206],[-83.009492,37.973948],[-83.015694,37.973348],[-83.013875,37.979218],[-83.022075,37.982194],[-83.02497,37.992691]]]}},{"type":"Feature","properties":{"GEOID":"21067","NAME":"Fayette","state":"KY","wildfire_risk_score":26.908,"wildfire_eal_total":11999.08,"risk_band":"Moderate","source":"FEMA National Risk Index v1.20 (December 2025)"},"geometry":{"type":"Polygon","coordinates":[[[-84.657498,38.017835],[-84.620601,38.129545],[-84.387088,38.210301],[-84.376376,38.210454],[-84.372206,38.200976],[-84.358627,38.194824],[-84.36006,38.183809],[-84.35515,38.178036],[-84.373787,38.160448],[-84.367386,38.130042],[-84.377756,38.121308],[-84.380609,38.112469],[-84.334094,38.086378],[-84.326964,38.084716],[-84.314372,38.093011],[-84.311732,38.086756],[-84.292957,38.080013],[-84.284472,38.070344],[-84.284686,38.040095],[-84.292677,38.033346],[-84.282629,38.019103],[-84.322462,38.000876],[-84.319625,37.995118],[-84.325076,37.990969],[-84.320787,37.979561],[-84.32442,37.966434],[-84.312503,37.967072],[-84.31181,37.962914],[-84.323245,37.955778],[-84.310743,37.952462],[-84.332022,37.946588],[-84.338377,37.939232],[-84.330812,37.936207],[-84.339651,37.934758],[-84.339991,37.931113],[-84.332531,37.928162],[-84.331362,37.920277],[-84.339877,37.922847],[-84.342999,37.917868],[-84.339374,37.915965],[-84.348094,37.914968],[-84.338832,37.907593],[-84.349026,37.898695],[-84.337393,37.892007],[-84.338836,37.885318],[-84.344076,37.881296],[-84.372211,37.900571],[-84.381788,37.899906],[-84.383587,37.89381],[-84.365694,37.858755],[-84.388177,37.845302],[-84.41441,37.872221],[-84.42146,37.869319],[-84.428589,37.853397],[-84.43801,37.848739],[-84.434398,37.868454],[-84.443277,37.879305],[-84.452651,37.908811],[-84.471695,37.920113],[-84.479629,37.940219],[-84.592335,37.986428],[-84.660135,38.003745],[-84.657498,38.017835]]]}},{"type":"Feature","properties":{"GEOID":"21049","NAME":"Clark","state":"KY","wildfire_risk_score":14.313,"wildfire_eal_total":5527.87,"risk_band":"Moderate","source":"FEMA National Risk Index v1.20 (December 2025)"},"geometry":{"type":"Polygon","coordinates":[[[-84.349026,37.898695],[-84.338832,37.907593],[-84.348094,37.914968],[-84.339374,37.915965],[-84.342999,37.917868],[-84.339877,37.922847],[-84.330203,37.922583],[-84.339991,37.931113],[-84.331298,37.937558],[-84.338377,37.939232],[-84.332022,37.946588],[-84.310743,37.952462],[-84.323245,37.955778],[-84.31181,37.962914],[-84.312503,37.967072],[-84.32442,37.966434],[-84.320787,37.979561],[-84.325076,37.990969],[-84.319625,37.995118],[-84.322462,38.000876],[-84.282629,38.019103],[-84.292677,38.033346],[-84.284686,38.040095],[-84.286461,38.067028],[-84.080527,38.115118],[-83.96631,37.930768],[-83.977291,37.929407],[-83.975996,37.923544],[-83.98568,37.924896],[-83.991769,37.917776],[-83.991845,37.904047],[-83.985764,37.902937],[-83.9983,37.887367],[-83.99656,37.878124],[-84.006205,37.860664],[-84.014618,37.858189],[-84.019049,37.868924],[-84.02737,37.869454],[-84.020324,37.856545],[-84.008211,37.85317],[-84.013596,37.851527],[-84.001967,37.837592],[-84.004004,37.834364],[-84.020261,37.834872],[-84.014808,37.842773],[-84.039557,37.833721],[-84.043079,37.841615],[-84.049362,37.837967],[-84.053697,37.847113],[-84.059008,37.84792],[-84.05744,37.835428],[-84.066873,37.830314],[-84.069913,37.821798],[-84.076027,37.824176],[-84.077403,37.851304],[-84.088485,37.860693],[-84.099021,37.859633],[-84.110241,37.849977],[-84.129699,37.867706],[-84.166017,37.861524],[-84.17198,37.874798],[-84.184246,37.87926],[-84.214722,37.869321],[-84.237685,37.887329],[-84.263154,37.876873],[-84.261377,37.89489],[-84.270391,37.906912],[-84.269517,37.916822],[-84.337393,37.892007],[-84.349026,37.898695]]]}},{"type":"Feature","properties":{"GEOID":"21051","NAME":"Clay","state":"KY","wildfire_risk_score":85.146,"wildfire_eal_total":422566.02,"risk_band":"High","source":"FEMA National Risk Index v1.20 (December 2025)"},"geometry":{"type":"Polygon","coordinates":[[[-83.969571,37.168876],[-83.968816,37.17506],[-83.947545,37.191071],[-83.950454,37.195525],[-83.947309,37.200553],[-83.94096,37.202743],[-83.943935,37.252798],[-83.940663,37.258641],[-83.922205,37.261825],[-83.901574,37.25374],[-83.896924,37.262151],[-83.899891,37.266795],[-83.890091,37.274491],[-83.888326,37.285715],[-83.876838,37.294652],[-83.880388,37.294623],[-83.88198,37.306932],[-83.863192,37.306571],[-83.821693,37.331255],[-83.791826,37.330319],[-83.783761,37.334733],[-83.784975,37.348717],[-83.678553,37.337055],[-83.668138,37.355232],[-83.653564,37.358105],[-83.650274,37.348756],[-83.634295,37.339177],[-83.632762,37.330538],[-83.623805,37.32765],[-83.622383,37.314781],[-83.616151,37.314301],[-83.616615,37.307931],[-83.608829,37.30853],[-83.609331,37.301278],[-83.597279,37.292255],[-83.582843,37.29465],[-83.574105,37.288426],[-83.575705,37.281424],[-83.565528,37.275383],[-83.565993,37.265308],[-83.542414,37.268342],[-83.532807,37.256434],[-83.511263,37.255073],[-83.507886,37.235877],[-83.528922,37.231259],[-83.505113,37.204213],[-83.551303,37.16751],[-83.551237,37.119056],[-83.535284,37.103096],[-83.553101,37.079281],[-83.545221,37.08034],[-83.538434,37.067638],[-83.539049,37.050575],[-83.547564,37.04358],[-83.536777,37.042093],[-83.540721,37.035899],[-83.533056,37.036236],[-83.526481,37.021472],[-83.519658,37.020089],[-83.511728,37.008706],[-83.510863,37.00357],[-83.523037,36.998487],[-83.509083,36.938509],[-83.520687,36.93755],[-83.590875,36.957627],[-83.607899,36.952718],[-83.61633,36.962107],[-83.641079,36.959517],[-83.66073,36.976509],[-83.670117,36.975068],[-83.673717,36.980947],[-83.692268,36.982678],[-83.710717,36.996297],[-83.719925,36.995246],[-83.721422,37.003025],[-83.734423,37.004141],[-83.732623,37.01658],[-83.738686,37.01679],[-83.743926,37.026771],[-83.774896,37.015237],[-83.780327,37.022999],[-83.774132,37.037099],[-83.797,37.036994],[-83.822696,37.026021],[-83.831618,37.031077],[-83.826298,37.040303],[-83.856181,37.042458],[-83.858917,37.054539],[-83.862753,37.051517],[-83.875931,37.062479],[-83.884493,37.061745],[-83.887719,37.075119],[-83.867817,37.083121],[-83.862526,37.091361],[-83.86745,37.097078],[-83.865342,37.103884],[-83.882899,37.109017],[-83.880955,37.113999],[-83.885673,37.118767],[-83.903882,37.110473],[-83.925405,37.111768],[-83.935033,37.121441],[-83.932919,37.128545],[-83.945488,37.14871],[-83.969571,37.168876]]]}},{"type":"Feature","properties":{"GEOID":"21043","NAME":"Carter","state":"KY","wildfire_risk_score":58.238,"wildfire_eal_total":61932.59,"risk_band":"High","source":"FEMA National Risk Index v1.20 (December 2025)"},"geometry":{"type":"Polygon","coordinates":[[[-83.341347,38.319521],[-83.331793,38.319598],[-83.325737,38.329677],[-83.312291,38.333714],[-83.27607,38.323974],[-83.230598,38.339508],[-83.228888,38.344147],[-83.237173,38.348143],[-83.239615,38.355851],[-83.233787,38.359645],[-83.235234,38.380203],[-83.231405,38.384282],[-83.235827,38.384586],[-83.233819,38.39144],[-83.238649,38.397472],[-83.234,38.410502],[-83.23721,38.426472],[-83.207514,38.441177],[-83.213515,38.454524],[-83.200485,38.453818],[-83.197387,38.464986],[-83.186808,38.468556],[-83.190303,38.478551],[-83.185167,38.490814],[-83.188505,38.496071],[-83.16532,38.504595],[-83.138267,38.497364],[-83.107276,38.480483],[-83.090828,38.481015],[-83.066942,38.46647],[-83.051566,38.46524],[-83.001364,38.420065],[-83.000886,38.410592],[-82.987958,38.410933],[-82.984045,38.401907],[-82.973093,38.398961],[-82.970648,38.393666],[-82.93862,38.401652],[-82.929167,38.39698],[-82.912712,38.398949],[-82.771737,38.362588],[-82.781462,38.345438],[-82.794636,38.240612],[-82.810717,38.238369],[-82.823996,38.229445],[-82.81227,38.220016],[-82.814107,38.217293],[-82.853983,38.190156],[-82.883764,38.196027],[-82.897521,38.182796],[-82.945015,38.168334],[-82.956984,38.17456],[-82.975731,38.171995],[-82.987214,38.178257],[-82.990674,38.190661],[-83.009575,38.194008],[-83.011467,38.205751],[-83.026521,38.195647],[-83.039816,38.199686],[-83.047536,38.193466],[-83.051072,38.179065],[-83.055768,38.184735],[-83.053081,38.189545],[-83.075843,38.206559],[-83.083685,38.222719],[-83.092078,38.227976],[-83.101441,38.226036],[-83.108133,38.234879],[-83.119157,38.233213],[-83.158962,38.264457],[-83.172744,38.266656],[-83.185121,38.259412],[-83.185851,38.252558],[-83.202901,38.250247],[-83.202598,38.245697],[-83.21815,38.237053],[-83.216801,38.22978],[-83.223206,38.221514],[-83.220913,38.209848],[-83.233267,38.193094],[-83.266541,38.19169],[-83.274216,38.196136],[-83.275886,38.204211],[-83.286488,38.206047],[-83.286483,38.214618],[-83.301174,38.210033],[-83.29731,38.218073],[-83.306662,38.225241],[-83.312722,38.24402],[-83.307888,38.252254],[-83.318851,38.260522],[-83.316604,38.267824],[-83.334909,38.286951],[-83.326281,38.290176],[-83.334735,38.299769],[-83.331793,38.303163],[-83.341347,38.319521]]]}},{"type":"Feature","properties":{"GEOID":"21229","NAME":"Washington","state":"KY","wildfire_risk_score":11.482,"wildfire_eal_total":3952.11,"risk_band":"Moderate","source":"FEMA National Risk Index v1.20 (December 2025)"},"geometry":{"type":"Polygon","coordinates":[[[-85.401784,37.730658],[-85.392291,37.733019],[-85.386311,37.740677],[-85.373062,37.739961],[-85.374348,37.765002],[-85.352953,37.757362],[-85.344923,37.763554],[-85.354167,37.769829],[-85.356045,37.783773],[-85.338419,37.780126],[-85.334808,37.787794],[-85.319419,37.78776],[-85.308234,37.793765],[-85.306024,37.798552],[-85.31361,37.809708],[-85.307097,37.819952],[-85.299313,37.82226],[-85.297943,37.832386],[-85.288761,37.831577],[-85.27752,37.837799],[-85.278549,37.853349],[-85.268034,37.844509],[-85.258291,37.848809],[-85.2442,37.84745],[-85.256045,37.859959],[-85.2555,37.865767],[-85.240986,37.862494],[-85.239223,37.86835],[-85.23082,37.870495],[-85.23192,37.855959],[-85.226875,37.855174],[-85.216249,37.871326],[-85.213849,37.858305],[-85.218366,37.854258],[-85.203411,37.847127],[-85.196295,37.855539],[-85.205075,37.864194],[-85.199593,37.868953],[-85.196476,37.863523],[-85.193626,37.865527],[-85.198272,37.873101],[-85.199145,37.901762],[-85.190318,37.895467],[-85.194471,37.887879],[-85.187514,37.883641],[-85.185513,37.892212],[-85.169844,37.887455],[-85.164222,37.891153],[-85.154226,37.885526],[-85.150549,37.890276],[-85.152797,37.897661],[-85.147514,37.891013],[-85.138546,37.891575],[-85.146479,37.90141],[-85.131584,37.899783],[-85.126552,37.917169],[-85.106192,37.909247],[-85.107543,37.893123],[-85.093786,37.887832],[-85.080402,37.894825],[-85.079709,37.886635],[-85.068162,37.885897],[-85.067194,37.896529],[-85.059587,37.890433],[-85.059195,37.894865],[-85.046606,37.898285],[-85.041561,37.890063],[-85.04467,37.886861],[-85.030528,37.891538],[-85.03098,37.881526],[-85.00052,37.854723],[-85.003263,37.835033],[-85.009528,37.835587],[-85.012034,37.817173],[-85.005815,37.816613],[-85.030172,37.63127],[-85.256949,37.630908],[-85.311239,37.651776],[-85.340697,37.651423],[-85.353008,37.658229],[-85.358408,37.666995],[-85.373898,37.673606],[-85.369353,37.687375],[-85.37473,37.702373],[-85.390911,37.713432],[-85.401784,37.730658]]]}},{"type":"Feature","properties":{"GEOID":"21033","NAME":"Caldwell","state":"KY","wildfire_risk_score":5.789,"wildfire_eal_total":1428.39,"risk_band":"Low","source":"FEMA National Risk Index v1.20 (December 2025)"},"geometry":{"type":"Polygon","coordinates":[[[-88.093028,37.180097],[-88.082815,37.185378],[-88.09011,37.202021],[-88.080469,37.212134],[-88.089493,37.222066],[-88.063262,37.231543],[-88.053609,37.228885],[-88.052483,37.237663],[-87.801046,37.379445],[-87.811461,37.364087],[-87.819963,37.366034],[-87.821212,37.358487],[-87.828217,37.358903],[-87.827187,37.351956],[-87.814888,37.352843],[-87.814823,37.342608],[-87.821474,37.346488],[-87.824243,37.340479],[-87.836249,37.341382],[-87.83643,37.328534],[-87.839914,37.331536],[-87.851803,37.318395],[-87.820108,37.300369],[-87.817185,37.303414],[-87.820707,37.317677],[-87.796122,37.319295],[-87.802711,37.310884],[-87.801586,37.304095],[-87.808254,37.298689],[-87.806946,37.293321],[-87.793339,37.291053],[-87.7929,37.282502],[-87.800006,37.278294],[-87.794775,37.274556],[-87.797679,37.270035],[-87.793622,37.270222],[-87.802368,37.268327],[-87.795991,37.263469],[-87.798057,37.258547],[-87.786091,37.255294],[-87.79771,37.253587],[-87.793286,37.243586],[-87.801232,37.245272],[-87.804857,37.240739],[-87.787958,37.231746],[-87.786015,37.220135],[-87.780511,37.224185],[-87.771544,37.214127],[-87.759993,37.214824],[-87.777722,37.206376],[-87.771054,37.203055],[-87.774694,37.198127],[-87.763961,37.194889],[-87.757529,37.207962],[-87.743718,37.207162],[-87.748951,37.201724],[-87.744651,37.198752],[-87.746383,37.18808],[-87.735812,37.188844],[-87.733636,37.193536],[-87.7316,37.185837],[-87.725859,37.184935],[-87.730458,37.179009],[-87.721462,37.178719],[-87.719066,37.171563],[-87.717653,37.178729],[-87.707953,37.177634],[-87.704746,37.164763],[-87.699493,37.165037],[-87.705227,37.16105],[-87.697442,37.161746],[-87.698394,37.15856],[-87.680141,37.151238],[-87.710912,37.021607],[-87.764868,36.974737],[-87.858088,36.950714],[-87.87697,36.960021],[-87.97508,37.06739],[-88.042285,37.174774],[-88.093028,37.180097]]]}},{"type":"Feature","properties":{"GEOID":"21093","NAME":"Hardin","state":"KY","wildfire_risk_score":32.824,"wildfire_eal_total":17843.34,"risk_band":"High","source":"FEMA National Risk Index v1.20 (December 2025)"},"geometry":{"type":"Polygon","coordinates":[[[-86.277558,37.588806],[-86.151285,37.798878],[-86.007386,37.818522],[-85.975948,37.875793],[-85.9990070966307,37.9999828010725],[-85.947114,38.005085],[-85.931472,37.993632],[-85.906763,37.991246],[-85.900634,37.971266],[-85.904532,37.941554],[-85.897071,37.939259],[-85.878515,37.948948],[-85.854871,37.945385],[-85.848597,37.924368],[-85.830169,37.918752],[-85.82746,37.900631],[-85.813321,37.889047],[-85.818491,37.886519],[-85.835444,37.892603],[-85.83986,37.887635],[-85.838198,37.879284],[-85.817337,37.858261],[-85.80125,37.859876],[-85.787791,37.843816],[-85.763031,37.837395],[-85.750051,37.823474],[-85.742184,37.821871],[-85.737752,37.810516],[-85.742033,37.790645],[-85.726496,37.786875],[-85.735566,37.779724],[-85.728133,37.774178],[-85.713857,37.774235],[-85.716461,37.768475],[-85.704505,37.76815],[-85.699977,37.758562],[-85.695699,37.761951],[-85.692916,37.755279],[-85.684151,37.759033],[-85.687539,37.754961],[-85.682892,37.748701],[-85.686569,37.746701],[-85.679494,37.739333],[-85.688077,37.734145],[-85.676072,37.73639],[-85.738706,37.651123],[-85.768468,37.644362],[-85.776346,37.638647],[-85.774501,37.631313],[-85.80352,37.621586],[-85.797304,37.608075],[-85.819295,37.584227],[-85.820885,37.574071],[-85.838664,37.568708],[-85.874861,37.545301],[-85.888607,37.473778],[-85.894457,37.472309],[-85.892804,37.440308],[-86.049174,37.452872],[-86.056666,37.448532],[-86.060051,37.451076],[-86.056316,37.456479],[-86.067311,37.457386],[-86.058629,37.460942],[-86.064579,37.46276],[-86.061838,37.471306],[-86.04932,37.47688],[-86.061745,37.490437],[-86.053989,37.494858],[-86.060512,37.498112],[-86.055966,37.500667],[-86.062833,37.503216],[-86.114261,37.567182],[-86.119044,37.56352],[-86.132038,37.566617],[-86.143045,37.559539],[-86.161309,37.562899],[-86.166451,37.571598],[-86.176672,37.554836],[-86.18256,37.557126],[-86.178639,37.563312],[-86.184762,37.55914],[-86.202961,37.5718],[-86.200221,37.574362],[-86.208454,37.571517],[-86.211331,37.578858],[-86.221076,37.576031],[-86.219752,37.580349],[-86.224933,37.581323],[-86.232663,37.575122],[-86.237601,37.590151],[-86.245852,37.593593],[-86.240879,37.596849],[-86.246678,37.601971],[-86.248259,37.5942],[-86.260828,37.594654],[-86.255906,37.588938],[-86.25948,37.586432],[-86.277558,37.588806]]]}},{"type":"Feature","properties":{"GEOID":"21101","NAME":"Henderson","state":"KY","wildfire_risk_score":7.061,"wildfire_eal_total":1984.9,"risk_band":"Low","source":"FEMA National Risk Index v1.20 (December 2025)"},"geometry":{"type":"Polygon","coordinates":[[[-87.9270937203347,37.9017041861826],[-87.904789,37.924892],[-87.883321,37.926238],[-87.866094,37.915171],[-87.83886,37.880171],[-87.795185,37.875273],[-87.762591,37.890739],[-87.710675,37.893898],[-87.679131,37.902951],[-87.66684,37.895763],[-87.664331,37.88907],[-87.681633,37.855917],[-87.679188,37.836321],[-87.672397,37.829127],[-87.645858,37.825899],[-87.612426,37.83384],[-87.597859,37.847737],[-87.583925,37.872485],[-87.587141,37.884858],[-87.620795,37.907676],[-87.627892,37.922253],[-87.619049,37.938517],[-87.60559,37.950144],[-87.603298,37.967287],[-87.596171,37.97486],[-87.584545,37.974657],[-87.575729,37.967778],[-87.576988,37.952287],[-87.556567,37.928606],[-87.511499,37.906426],[-87.49689,37.911167],[-87.450458,37.941451],[-87.413325,37.944714],[-87.385434,37.93767],[-87.344933,37.911164],[-87.3029438543916,37.897706665082],[-87.323402,37.819239],[-87.30326,37.811709],[-87.310481,37.799007],[-87.298794,37.794824],[-87.295856,37.784356],[-87.271162,37.781914],[-87.290933,37.759996],[-87.32077,37.742518],[-87.373172,37.737383],[-87.387263,37.730016],[-87.395174,37.721657],[-87.398461,37.698116],[-87.413012,37.674678],[-87.420533,37.670153],[-87.467723,37.666938],[-87.495331,37.647547],[-87.734545,37.638376],[-87.754488,37.66939],[-87.750952,37.678162],[-87.753993,37.731679],[-87.765719,37.748269],[-87.761995,37.762365],[-87.777531,37.765439],[-87.7833,37.761049],[-87.778968,37.754255],[-87.783652,37.755775],[-87.783987,37.751932],[-87.799332,37.760075],[-87.793066,37.771579],[-87.811087,37.771188],[-87.815093,37.762423],[-87.9270937203347,37.9017041861826]]]}},{"type":"Feature","properties":{"GEOID":"21195","NAME":"Pike","state":"KY","wildfire_risk_score":90.076,"wildfire_eal_total":999833.05,"risk_band":"High","source":"FEMA National Risk Index v1.20 (December 2025)"},"geometry":{"type":"Polygon","coordinates":[[[-82.732693,37.271502],[-82.724557,37.281035],[-82.700241,37.290513],[-82.70069,37.299607],[-82.693482,37.306224],[-82.672375,37.306841],[-82.661002,37.337177],[-82.663258,37.34252],[-82.64741,37.353716],[-82.663779,37.360656],[-82.666169,37.370026],[-82.653625,37.380304],[-82.633029,37.379312],[-82.619244,37.386238],[-82.621802,37.393318],[-82.611759,37.4009],[-82.61261,37.408421],[-82.604612,37.410284],[-82.606395,37.421219],[-82.599548,37.429221],[-82.601943,37.437022],[-82.592612,37.43979],[-82.588541,37.446573],[-82.590452,37.457146],[-82.584556,37.467081],[-82.594596,37.490759],[-82.600395,37.494375],[-82.596113,37.500149],[-82.605176,37.506307],[-82.620923,37.503232],[-82.624091,37.506275],[-82.624477,37.520914],[-82.598278,37.642226],[-82.606067,37.649556],[-82.601297,37.658556],[-82.612954,37.660965],[-82.615204,37.667962],[-82.597906,37.678722],[-82.568403,37.679464],[-82.556241,37.691522],[-82.530873,37.687591],[-82.521635,37.694497],[-82.509589,37.686416],[-82.494408,37.689729],[-82.495879,37.682168],[-82.490263,37.678411],[-82.465872,37.683279],[-82.456441,37.676057],[-82.455816,37.668686],[-82.430719,37.678054],[-82.423452,37.675915],[-82.418143,37.680835],[-82.409708,37.679281],[-82.404105,37.671302],[-82.386422,37.697685],[-82.39844,37.708147],[-82.405782,37.70439],[-82.411833,37.714101],[-82.375661,37.7355],[-82.375963,37.739665],[-82.346888,37.74109],[-82.344309,37.745068],[-82.318879,37.733763],[-82.307235,37.707669],[-82.296634,37.702403],[-82.302886,37.693683],[-82.296118,37.686174],[-82.303953,37.67576],[-82.294737,37.678277],[-82.294393,37.670448],[-82.288174,37.668227],[-82.282297,37.675826],[-82.272021,37.663782],[-82.257111,37.656749],[-82.24041,37.661567],[-82.216848,37.641598],[-82.2202,37.633912],[-82.213443,37.62522],[-82.187298,37.626935],[-82.190756,37.645137],[-82.185456,37.648933],[-82.174631,37.647422],[-82.177511,37.640417],[-82.172446,37.632589],[-82.181691,37.627147],[-82.18143,37.621842],[-82.176682,37.618202],[-82.164191,37.620192],[-82.168534,37.608692],[-82.156741,37.609202],[-82.156718,37.59279],[-82.132284,37.593327],[-82.127321,37.586667],[-82.124307,37.577806],[-82.127303,37.572681],[-82.144648,37.568315],[-82.134424,37.562928],[-82.133247,37.552832],[-82.123824,37.551389],[-82.117304,37.559226],[-82.104808,37.560191],[-82.103144,37.552776],[-82.07503,37.555824],[-82.064418,37.544516],[-82.064418,37.53687],[-82.049584,37.535222],[-82.046653,37.528193],[-82.042397,37.533916],[-82.042825,37.548361],[-82.028826,37.537667],[-82.018878,37.540572],[-82.013966,37.533564],[-82.007412,37.533677],[-81.998177,37.543082],[-81.994033,37.537612],[-81.976386,37.545426],[-81.964971,37.543026],[-82.309415,37.300066],[-82.324619,37.28318],[-82.341849,37.280886],[-82.342068,37.274109],[-82.355343,37.26522],[-82.449164,37.243908],[-82.486439,37.231204],[-82.491486,37.225086],[-82.498858,37.227044],[-82.520117,37.212906],[-82.528746,37.213742],[-82.5653752160821,37.1960922172527],[-82.575806,37.205886],[-82.589803,37.208977],[-82.599434,37.227683],[-82.628921,37.247804],[-82.646325,37.243959],[-82.672022,37.227319],[-82.682245,37.228129],[-82.694545,37.234181],[-82.691195,37.241209],[-82.705095,37.242663],[-82.698653,37.250467],[-82.702241,37.258385],[-82.724251,37.256929],[-82.723363,37.263812],[-82.732693,37.271502]]]}},{"type":"Feature","properties":{"GEOID":"21029","NAME":"Bullitt","state":"KY","wildfire_risk_score":26.845,"wildfire_eal_total":17898.72,"risk_band":"Moderate","source":"FEMA National Risk Index v1.20 (December 2025)"},"geometry":{"type":"Polygon","coordinates":[[[-85.936065,37.998816],[-85.915457,38.00947],[-85.912789,38.020652],[-85.907028,38.020251],[-85.904386,38.028843],[-85.882805,38.040545],[-85.712578,38.087311],[-85.55727,38.073841],[-85.42883,38.118383],[-85.430468,38.107251],[-85.438043,38.101931],[-85.450517,38.102704],[-85.469231,38.096222],[-85.512795,38.010751],[-85.516882,38.011267],[-85.489202,37.990654],[-85.534154,37.965228],[-85.525989,37.960723],[-85.525244,37.952746],[-85.544123,37.938747],[-85.550333,37.926855],[-85.565331,37.924899],[-85.568835,37.917579],[-85.583946,37.911048],[-85.584803,37.893551],[-85.577603,37.883081],[-85.599678,37.869442],[-85.613309,37.870034],[-85.610269,37.858904],[-85.616824,37.852352],[-85.6267,37.850053],[-85.641371,37.83503],[-85.653492,37.832727],[-85.65131,37.828989],[-85.674749,37.823444],[-85.680648,37.814878],[-85.682227,37.819713],[-85.691231,37.818509],[-85.697446,37.81169],[-85.707314,37.813937],[-85.724233,37.805879],[-85.721372,37.810179],[-85.737777,37.81179],[-85.742184,37.821871],[-85.750051,37.823474],[-85.763031,37.837395],[-85.793897,37.848014],[-85.80125,37.859876],[-85.817337,37.858261],[-85.839832,37.881407],[-85.835444,37.892603],[-85.818491,37.886519],[-85.813321,37.889047],[-85.82746,37.900631],[-85.830169,37.918752],[-85.847565,37.923056],[-85.849915,37.937788],[-85.859266,37.947577],[-85.878515,37.948948],[-85.894233,37.940084],[-85.903333,37.940525],[-85.900634,37.971266],[-85.905868,37.989836],[-85.931472,37.993632],[-85.936065,37.998816]]]}},{"type":"Feature","properties":{"GEOID":"21155","NAME":"Marion","state":"KY","wildfire_risk_score":11.132,"wildfire_eal_total":3313.76,"risk_band":"Moderate","source":"FEMA National Risk Index v1.20 (December 2025)"},"geometry":{"type":"Polygon","coordinates":[[[-85.52129,37.554343],[-85.450493,37.685948],[-85.401784,37.730658],[-85.390911,37.713432],[-85.37473,37.702373],[-85.369353,37.687375],[-85.373898,37.673606],[-85.358408,37.666995],[-85.353008,37.658229],[-85.340697,37.651423],[-85.311239,37.651776],[-85.256949,37.630908],[-85.030172,37.63127],[-85.043508,37.500094],[-85.045023,37.412246],[-85.061212,37.418249],[-85.073772,37.413669],[-85.088253,37.418376],[-85.098268,37.432124],[-85.113986,37.437333],[-85.1288,37.453261],[-85.143087,37.44733],[-85.17144,37.465081],[-85.173192,37.458222],[-85.184451,37.45082],[-85.193488,37.454627],[-85.196767,37.447236],[-85.200861,37.448878],[-85.205954,37.443131],[-85.222177,37.444777],[-85.246195,37.420361],[-85.267256,37.416438],[-85.277472,37.424854],[-85.278408,37.434838],[-85.311657,37.450817],[-85.319789,37.450199],[-85.330687,37.461351],[-85.338719,37.462393],[-85.340446,37.469512],[-85.348819,37.471824],[-85.381385,37.465508],[-85.39771,37.468535],[-85.403337,37.475157],[-85.439205,37.478732],[-85.451117,37.467206],[-85.456639,37.470114],[-85.46625,37.465595],[-85.473905,37.4922],[-85.491422,37.514601],[-85.490288,37.526241],[-85.498056,37.543534],[-85.52129,37.554343]]]}},{"type":"Feature","properties":{"GEOID":"21121","NAME":"Knox","state":"KY","wildfire_risk_score":84.733,"wildfire_eal_total":396213.89,"risk_band":"High","source":"FEMA National Risk Index v1.20 (December 2025)"},"geometry":{"type":"Polygon","coordinates":[[[-84.094634,36.95369],[-84.067665,36.974883],[-84.041748,36.976757],[-84.032312,36.988628],[-84.02347,36.989105],[-84.015707,36.983436],[-84.009356,36.98714],[-84.000192,36.980598],[-83.995076,36.984346],[-83.991727,36.979755],[-83.979213,36.982996],[-83.977474,36.978142],[-83.959138,36.977273],[-83.951686,36.987541],[-83.931678,36.99641],[-83.93389,37.007429],[-83.926731,37.01436],[-83.922336,37.036413],[-83.905545,37.032441],[-83.890824,37.043863],[-83.877449,37.046669],[-83.871315,37.054919],[-83.862753,37.051517],[-83.858917,37.054539],[-83.856181,37.042458],[-83.825572,37.039761],[-83.831618,37.031077],[-83.822696,37.026021],[-83.797,37.036994],[-83.774132,37.037099],[-83.780327,37.022999],[-83.774896,37.015237],[-83.743926,37.026771],[-83.738686,37.01679],[-83.732623,37.01658],[-83.734423,37.004141],[-83.721422,37.003025],[-83.719925,36.995246],[-83.710717,36.996297],[-83.700092,36.986582],[-83.673717,36.980947],[-83.670117,36.975068],[-83.66073,36.976509],[-83.641079,36.959517],[-83.61633,36.962107],[-83.607899,36.952718],[-83.590875,36.957627],[-83.583819,36.941249],[-83.569824,36.939531],[-83.566142,36.931525],[-83.575778,36.922451],[-83.574515,36.912827],[-83.581094,36.904667],[-83.612394,36.897593],[-83.620197,36.884191],[-83.63481,36.886674],[-83.64307,36.879377],[-83.642407,36.866246],[-83.66327,36.864248],[-83.665912,36.857321],[-83.682879,36.854582],[-83.691771,36.838915],[-83.687943,36.83546],[-83.708682,36.835088],[-83.710169,36.824684],[-83.737341,36.80929],[-83.74376,36.796453],[-83.75565,36.800576],[-83.752265,36.805318],[-83.775261,36.798216],[-83.781212,36.802693],[-83.786165,36.800678],[-83.798248,36.785197],[-83.796303,36.77259],[-83.799961,36.765584],[-83.811123,36.756828],[-83.809166,36.748103],[-83.828898,36.743264],[-83.833366,36.72594],[-83.830171,36.723295],[-83.846159,36.70812],[-83.855651,36.705517],[-83.868625,36.713208],[-83.87388,36.70581],[-83.871648,36.699356],[-83.879501,36.690913],[-83.877503,36.687259],[-83.958534,36.727245],[-83.95967,36.749377],[-83.968546,36.760923],[-83.986383,36.758743],[-83.988185,36.770131],[-83.976791,36.778962],[-83.980899,36.790746],[-83.977945,36.796623],[-83.984264,36.801735],[-83.99964,36.800858],[-84.000494,36.811286],[-84.007949,36.816818],[-84.015879,36.81357],[-84.027514,36.818644],[-84.03005,36.827945],[-84.043762,36.839511],[-84.039508,36.848694],[-84.05261,36.855665],[-84.055735,36.850227],[-84.065177,36.853433],[-84.065485,36.863538],[-84.059754,36.868605],[-84.067832,36.874268],[-84.070446,36.890592],[-84.08497,36.902189],[-84.082177,36.911812],[-84.08635,36.920228],[-84.0802,36.928018],[-84.092723,36.943012],[-84.094634,36.95369]]]}},{"type":"Feature","properties":{"GEOID":"21005","NAME":"Anderson","state":"KY","wildfire_risk_score":8.015,"wildfire_eal_total":3108.18,"risk_band":"Low","source":"FEMA National Risk Index v1.20 (December 2025)"},"geometry":{"type":"Polygon","coordinates":[[[-85.169186,37.997916],[-85.161467,38.001522],[-85.163805,37.99156],[-85.156489,37.993049],[-85.151979,37.988144],[-85.14801,37.996481],[-85.151035,37.999299],[-85.142564,37.996882],[-85.140217,38.002613],[-85.131052,37.99588],[-85.123387,38.009195],[-85.126452,38.020292],[-85.119238,38.020952],[-85.120434,38.025946],[-85.1093,38.027169],[-85.101646,38.03727],[-85.084032,38.040706],[-85.071298,38.058153],[-85.047783,38.072341],[-85.054538,38.084223],[-85.039653,38.119313],[-85.023711,38.129052],[-85.007329,38.129607],[-84.967393,38.119268],[-84.958001,38.109789],[-84.907798,38.093666],[-84.885927,38.0979],[-84.868636,38.117522],[-84.864908,38.116926],[-84.861903,38.091281],[-84.836298,38.098593],[-84.827418,38.082944],[-84.842989,38.070006],[-84.82693,38.060456],[-84.825988,38.054987],[-84.843721,38.052705],[-84.849867,38.04586],[-84.831169,38.030481],[-84.830263,38.021445],[-84.837313,38.014235],[-84.837199,38.007835],[-84.815998,37.997769],[-84.823539,37.982486],[-84.81806,37.973391],[-84.796327,37.970088],[-84.883748,37.939893],[-84.895583,37.947713],[-84.902139,37.938427],[-84.910075,37.940875],[-84.910587,37.950999],[-84.922281,37.947291],[-84.921622,37.953065],[-84.933085,37.954186],[-84.933502,37.94957],[-84.93778,37.952826],[-84.948035,37.948959],[-84.948619,37.944689],[-84.956271,37.946083],[-84.957383,37.937245],[-84.973351,37.935511],[-84.979138,37.915162],[-84.986568,37.912262],[-84.987192,37.905657],[-85.000699,37.907325],[-85.007983,37.890969],[-85.017874,37.89507],[-85.027462,37.88447],[-85.02874,37.892161],[-85.04467,37.886861],[-85.041561,37.890063],[-85.048915,37.898625],[-85.051669,37.894363],[-85.059195,37.894865],[-85.059587,37.890433],[-85.067194,37.896529],[-85.068162,37.885897],[-85.079709,37.886635],[-85.080402,37.894825],[-85.093786,37.887832],[-85.107543,37.893123],[-85.106192,37.909247],[-85.126552,37.917169],[-85.131584,37.899783],[-85.146479,37.90141],[-85.137573,37.894155],[-85.147514,37.891013],[-85.152797,37.897661],[-85.167834,37.971809],[-85.169186,37.997916]]]}},{"type":"Feature","properties":{"GEOID":"21099","NAME":"Hart","state":"KY","wildfire_risk_score":10.91,"wildfire_eal_total":2597.28,"risk_band":"Moderate","source":"FEMA National Risk Index v1.20 (December 2025)"},"geometry":{"type":"Polygon","coordinates":[[[-86.161121,37.350797],[-86.152378,37.343961],[-86.147276,37.343981],[-86.146516,37.350048],[-86.130422,37.338386],[-86.120643,37.34633],[-86.116681,37.344797],[-86.124002,37.335709],[-86.121273,37.33152],[-86.115384,37.338766],[-86.094031,37.330756],[-86.106219,37.338549],[-86.102032,37.341942],[-86.102907,37.352663],[-86.095783,37.345613],[-86.089754,37.346236],[-86.091633,37.351023],[-86.07995,37.350951],[-86.089489,37.339413],[-86.080098,37.344801],[-86.071281,37.340373],[-86.073626,37.348045],[-86.062597,37.350385],[-86.07047,37.355117],[-86.064516,37.363507],[-86.069919,37.371382],[-86.056912,37.37504],[-86.071336,37.379989],[-86.065478,37.383931],[-86.070227,37.388485],[-86.052657,37.384692],[-86.056701,37.39176],[-86.052285,37.39415],[-86.044461,37.391943],[-86.042053,37.387868],[-86.047172,37.382498],[-86.041481,37.381704],[-86.039371,37.387319],[-86.044015,37.394207],[-86.035094,37.394073],[-86.032461,37.386045],[-86.032068,37.393003],[-86.019089,37.394537],[-86.027516,37.403767],[-86.04287,37.405382],[-86.037904,37.41123],[-86.039867,37.417105],[-86.031476,37.419206],[-86.032289,37.426812],[-86.043175,37.428687],[-86.038432,37.43455],[-86.047153,37.436771],[-86.041273,37.441949],[-86.050816,37.442889],[-86.0453,37.447735],[-86.047598,37.449933],[-85.657332,37.421996],[-85.658413,37.413014],[-85.652645,37.407577],[-85.651381,37.396666],[-85.65421,37.390043],[-85.650809,37.386253],[-85.658637,37.388679],[-85.685485,37.361306],[-85.697325,37.301838],[-85.681841,37.287781],[-85.679724,37.27065],[-85.66966,37.267985],[-85.680469,37.259213],[-85.686482,37.182427],[-85.857058,37.151137],[-85.906494,37.148392],[-86.056443,37.167208],[-86.049133,37.215285],[-86.157589,37.335649],[-86.153524,37.339322],[-86.161121,37.350797]]]}},{"type":"Feature","properties":{"GEOID":"21131","NAME":"Leslie","state":"KY","wildfire_risk_score":62.818,"wildfire_eal_total":73297.5,"risk_band":"High","source":"FEMA National Risk Index v1.20 (December 2025)"},"geometry":{"type":"Polygon","coordinates":[[[-83.553101,37.079281],[-83.535284,37.103096],[-83.551237,37.119056],[-83.551303,37.16751],[-83.505113,37.204213],[-83.528922,37.231259],[-83.502226,37.23768],[-83.500116,37.24488],[-83.483275,37.251861],[-83.482907,37.263114],[-83.47632,37.265903],[-83.484604,37.268048],[-83.486336,37.274922],[-83.476538,37.288449],[-83.460992,37.293848],[-83.454254,37.288168],[-83.442372,37.287455],[-83.439221,37.293041],[-83.432375,37.290211],[-83.429137,37.303314],[-83.423771,37.302226],[-83.41591,37.311966],[-83.403066,37.313916],[-83.39873,37.320564],[-83.395782,37.30967],[-83.374503,37.305406],[-83.37316,37.295482],[-83.366574,37.300517],[-83.352766,37.297526],[-83.353494,37.284175],[-83.34531,37.283129],[-83.335921,37.272697],[-83.344161,37.260624],[-83.332877,37.244412],[-83.337172,37.236371],[-83.325424,37.231012],[-83.32462,37.225561],[-83.311091,37.229843],[-83.298901,37.214621],[-83.287001,37.217273],[-83.276811,37.203297],[-83.263181,37.200234],[-83.252665,37.20361],[-83.249259,37.195177],[-83.240799,37.195965],[-83.232648,37.184548],[-83.203008,37.175774],[-83.201921,37.16673],[-83.21183,37.165102],[-83.214103,37.157811],[-83.219149,37.160131],[-83.226207,37.155716],[-83.226613,37.150663],[-83.218033,37.145682],[-83.227441,37.137212],[-83.20557,37.128927],[-83.195189,37.109331],[-83.184694,37.112262],[-83.182442,37.106954],[-83.167435,37.102507],[-83.171339,37.091172],[-83.168303,37.087965],[-83.176669,37.081017],[-83.16464,37.073935],[-83.166513,37.065426],[-83.177193,37.062987],[-83.180838,37.056431],[-83.174635,37.05217],[-83.182454,37.046271],[-83.178303,37.038446],[-83.186886,37.03435],[-83.181581,37.016053],[-83.185782,37.00608],[-83.197922,37.012198],[-83.203933,37.003595],[-83.225884,37.005713],[-83.239755,36.985509],[-83.26002,36.968951],[-83.291671,36.95219],[-83.384557,36.925913],[-83.389939,36.920279],[-83.399656,36.920955],[-83.401407,36.90682],[-83.395527,36.903604],[-83.396089,36.899114],[-83.408614,36.890218],[-83.451657,36.892202],[-83.45763,36.883167],[-83.476699,36.896479],[-83.487803,36.893164],[-83.50411,36.89816],[-83.503488,36.905775],[-83.489067,36.912041],[-83.491802,36.918443],[-83.510989,36.925337],[-83.509083,36.938509],[-83.523037,36.998487],[-83.510863,37.00357],[-83.511561,37.008127],[-83.519658,37.020089],[-83.526481,37.021472],[-83.533056,37.036236],[-83.540721,37.035899],[-83.536777,37.042093],[-83.547564,37.04358],[-83.539049,37.050575],[-83.538434,37.067638],[-83.545221,37.08034],[-83.553101,37.079281]]]}},{"type":"Feature","properties":{"GEOID":"21059","NAME":"Daviess","state":"KY","wildfire_risk_score":17.907,"wildfire_eal_total":6147.68,"risk_band":"Moderate","source":"FEMA National Risk Index v1.20 (December 2025)"},"geometry":{"type":"Polygon","coordinates":[[[-87.405293,37.689613],[-87.395091,37.705269],[-87.395174,37.721657],[-87.387263,37.730016],[-87.373172,37.737383],[-87.32077,37.742518],[-87.290933,37.759996],[-87.271608,37.78012],[-87.274002,37.784263],[-87.295856,37.784356],[-87.298794,37.794824],[-87.310481,37.799007],[-87.30326,37.811709],[-87.323402,37.819239],[-87.3029438543916,37.897706665082],[-87.220342,37.849081],[-87.162319,37.840159],[-87.141506,37.816317],[-87.129629,37.786608],[-87.111008,37.782354],[-87.079044,37.794098],[-87.062069,37.814177],[-87.043285,37.868552],[-87.046146,37.89154],[-87.040163,37.901215],[-87.012373,37.918708],[-86.9788339203536,37.9302314188525],[-86.975364,37.920311],[-86.970154,37.918917],[-86.986049,37.904742],[-86.986204,37.895339],[-86.958521,37.897976],[-86.931951,37.909727],[-86.912853,37.902436],[-86.91065,37.899875],[-86.915623,37.896523],[-86.906859,37.895352],[-86.909708,37.886003],[-86.903765,37.881432],[-86.893616,37.882037],[-86.901561,37.870124],[-86.908544,37.869282],[-86.904054,37.857196],[-86.915321,37.839592],[-86.893873,37.828673],[-86.886527,37.83626],[-86.854035,37.840811],[-86.842495,37.819921],[-86.8171,37.791589],[-86.823429,37.737754],[-86.866552,37.70885],[-86.817514,37.673814],[-86.841943,37.665421],[-86.879183,37.64291],[-86.892668,37.64286],[-86.903917,37.630234],[-86.917094,37.630893],[-86.920917,37.624262],[-86.933051,37.623169],[-86.950414,37.629814],[-87.006097,37.580466],[-87.03826,37.560803],[-87.064902,37.572588],[-87.07287,37.567729],[-87.095532,37.56693],[-87.138821,37.575628],[-87.408547,37.683563],[-87.405293,37.689613]]]}},{"type":"Feature","properties":{"GEOID":"21017","NAME":"Bourbon","state":"KY","wildfire_risk_score":4.485,"wildfire_eal_total":1262.67,"risk_band":"Low","source":"FEMA National Risk Index v1.20 (December 2025)"},"geometry":{"type":"Polygon","coordinates":[[[-84.442661,38.283236],[-84.429002,38.27967],[-84.417001,38.287669],[-84.378762,38.277852],[-84.369939,38.281632],[-84.359688,38.296016],[-84.358844,38.290704],[-84.349123,38.286187],[-84.334424,38.288633],[-84.342388,38.295373],[-84.319163,38.295962],[-84.315715,38.301942],[-84.304592,38.305449],[-84.310121,38.307882],[-84.308529,38.312482],[-84.294072,38.309027],[-84.296577,38.317725],[-84.281844,38.312461],[-84.19405,38.37175],[-84.166253,38.354913],[-84.132621,38.304549],[-84.12416,38.306824],[-84.129035,38.304741],[-84.129929,38.294608],[-84.11837,38.294906],[-84.116699,38.288292],[-84.104135,38.285744],[-84.107441,38.281419],[-84.114446,38.28611],[-84.111243,38.279427],[-84.120185,38.275516],[-84.117372,38.272217],[-84.109197,38.275029],[-84.103647,38.269874],[-84.103023,38.258754],[-84.092648,38.260533],[-84.095748,38.267647],[-84.08976,38.272614],[-84.079203,38.27297],[-84.085369,38.26611],[-84.073434,38.26615],[-84.079819,38.257079],[-84.057214,38.256829],[-84.052551,38.242631],[-84.056991,38.242916],[-84.053141,38.239455],[-84.061403,38.234121],[-84.032505,38.223064],[-84.028874,38.214056],[-84.004583,38.224111],[-84.006676,38.215145],[-83.996003,38.214661],[-84.004502,38.211152],[-83.990666,38.203014],[-83.988421,38.219976],[-83.977367,38.220048],[-83.97902,38.207846],[-83.97006,38.20993],[-83.969809,38.204171],[-83.974952,38.196389],[-83.983545,38.195155],[-83.977924,38.192118],[-83.990171,38.175067],[-84.060073,38.133901],[-84.080527,38.115118],[-84.286461,38.067028],[-84.287259,38.075592],[-84.311732,38.086756],[-84.314372,38.093011],[-84.326964,38.084716],[-84.334094,38.086378],[-84.380609,38.112469],[-84.377756,38.121308],[-84.367928,38.12759],[-84.373787,38.160448],[-84.35515,38.178036],[-84.36006,38.183809],[-84.358627,38.194824],[-84.367052,38.196572],[-84.378481,38.211357],[-84.400792,38.205276],[-84.419522,38.213988],[-84.422305,38.21709],[-84.416828,38.22125],[-84.423411,38.238104],[-84.42254,38.256642],[-84.436872,38.266346],[-84.442661,38.283236]]]}},{"type":"Feature","properties":{"GEOID":"21069","NAME":"Fleming","state":"KY","wildfire_risk_score":22.551,"wildfire_eal_total":6048.21,"risk_band":"Moderate","source":"FEMA National Risk Index v1.20 (December 2025)"},"geometry":{"type":"Polygon","coordinates":[[[-83.984282,38.445493],[-83.970263,38.463817],[-83.930348,38.492278],[-83.85928,38.456348],[-83.721744,38.503982],[-83.641852,38.525381],[-83.636811,38.517836],[-83.626903,38.520636],[-83.63099,38.515274],[-83.626338,38.510936],[-83.632017,38.507342],[-83.613202,38.502173],[-83.603044,38.50518],[-83.605042,38.499959],[-83.599189,38.501992],[-83.601471,38.496158],[-83.593866,38.4945],[-83.597198,38.491313],[-83.587382,38.485591],[-83.588876,38.481598],[-83.585001,38.481652],[-83.589503,38.473977],[-83.582618,38.471385],[-83.585129,38.46923],[-83.576791,38.457188],[-83.579341,38.452655],[-83.574865,38.444344],[-83.582692,38.432447],[-83.552275,38.419926],[-83.529499,38.418581],[-83.523482,38.408678],[-83.512852,38.415031],[-83.512374,38.410406],[-83.505488,38.411038],[-83.49837,38.401966],[-83.485787,38.405066],[-83.474033,38.396907],[-83.466592,38.398908],[-83.459338,38.383964],[-83.452848,38.381799],[-83.45633,38.37273],[-83.46495,38.371936],[-83.458091,38.362036],[-83.461195,38.359716],[-83.470207,38.355217],[-83.473797,38.360556],[-83.481983,38.359716],[-83.488824,38.351674],[-83.499266,38.349351],[-83.501417,38.342479],[-83.494665,38.335931],[-83.49799,38.333886],[-83.488086,38.324496],[-83.495353,38.324303],[-83.501543,38.315804],[-83.505396,38.294132],[-83.514281,38.292054],[-83.50716,38.269447],[-83.522091,38.267355],[-83.521142,38.257494],[-83.534639,38.254173],[-83.539751,38.244896],[-83.553742,38.239782],[-83.564335,38.216606],[-83.577126,38.213746],[-83.586792,38.21828],[-83.60049,38.203471],[-83.612692,38.203031],[-83.614985,38.193341],[-83.633016,38.192625],[-83.646546,38.170963],[-83.658646,38.201042],[-83.666899,38.20155],[-83.671375,38.196855],[-83.683862,38.214614],[-83.694412,38.209385],[-83.689994,38.197233],[-83.700212,38.201228],[-83.697642,38.222913],[-83.691442,38.231139],[-83.695607,38.243617],[-83.684667,38.254592],[-83.690087,38.261754],[-83.693604,38.250673],[-83.708245,38.24368],[-83.717272,38.251942],[-83.706383,38.2601],[-83.708359,38.267102],[-83.72406,38.268979],[-83.736281,38.263243],[-83.73432,38.281234],[-83.723699,38.285535],[-83.72602,38.29298],[-83.735422,38.293611],[-83.741751,38.285512],[-83.755424,38.284477],[-83.762469,38.295294],[-83.77488,38.285753],[-83.784572,38.294785],[-83.795894,38.291615],[-83.801869,38.279276],[-83.814728,38.284054],[-83.813799,38.290015],[-83.821865,38.294617],[-83.821246,38.300272],[-83.838414,38.302696],[-83.848355,38.296949],[-83.840291,38.31221],[-83.833613,38.313886],[-83.848571,38.323578],[-83.840247,38.339192],[-83.849336,38.332901],[-83.857802,38.333853],[-83.857428,38.351434],[-83.868668,38.350532],[-83.873724,38.36219],[-83.883978,38.360053],[-83.887652,38.352402],[-83.898088,38.348112],[-83.90014,38.354337],[-83.890839,38.363533],[-83.90479,38.366222],[-83.916131,38.360152],[-83.921376,38.383309],[-83.9491,38.422824],[-83.984282,38.445493]]]}},{"type":"Feature","properties":{"GEOID":"21007","NAME":"Ballard","state":"KY","wildfire_risk_score":6.011,"wildfire_eal_total":1686.14,"risk_band":"Low","source":"FEMA National Risk Index v1.20 (December 2025)"},"geometry":{"type":"Polygon","coordinates":[[[-89.181369,37.046305],[-89.168087,37.074218],[-89.147111,37.091628],[-89.150553,37.09376],[-89.14746,37.098906],[-89.125072,37.108813],[-89.11069,37.122049],[-89.086526,37.165602],[-89.029981,37.211144],[-88.98326,37.228685],[-88.933393,37.224973],[-88.815952,36.9541],[-88.842003,36.947433],[-88.860003,36.951647],[-88.905058,36.937442],[-88.912168,36.942177],[-88.92772,36.940377],[-88.93993,36.931614],[-88.962716,36.930885],[-88.990832,36.919477],[-89.006478,36.927467],[-89.010206,36.922621],[-89.01342,36.930349],[-89.02645,36.923771],[-89.035315,36.92754],[-89.049474,36.925618],[-89.047094,36.932506],[-89.05231,36.937907],[-89.053741,36.932885],[-89.062487,36.935748],[-89.07091,36.932129],[-89.064077,36.929806],[-89.063836,36.923224],[-89.070927,36.920624],[-89.070332,36.915799],[-89.07742,36.920876],[-89.080253,36.915486],[-89.087527,36.939264],[-89.092197,36.945],[-89.1007620066847,36.9440018170751],[-89.099594,36.964543],[-89.109498,36.976563],[-89.138437,36.985089],[-89.17112,37.008072],[-89.180849,37.026843],[-89.181369,37.046305]]]}},{"type":"Feature","properties":{"GEOID":"21125","NAME":"Laurel","state":"KY","wildfire_risk_score":89.504,"wildfire_eal_total":1020966.23,"risk_band":"High","source":"FEMA National Risk Index v1.20 (December 2025)"},"geometry":{"type":"Polygon","coordinates":[[[-84.368864,36.948175],[-84.344732,36.971702],[-84.349961,36.98914],[-84.315049,37.001455],[-84.313895,37.008316],[-84.331786,37.02438],[-84.324112,37.028871],[-84.311039,37.024067],[-84.303175,37.040822],[-84.317027,37.040492],[-84.31591,37.054435],[-84.324863,37.061556],[-84.32459,37.067541],[-84.314647,37.077146],[-84.303283,37.08022],[-84.301489,37.087544],[-84.28479,37.089278],[-84.286939,37.094541],[-84.28044,37.100348],[-84.292959,37.11356],[-84.281711,37.114312],[-84.279032,37.119662],[-84.296991,37.122262],[-84.28941,37.12956],[-84.29369,37.145742],[-84.287966,37.158106],[-84.300166,37.169642],[-84.265629,37.181708],[-84.278792,37.187753],[-84.280989,37.197471],[-84.263962,37.200616],[-84.258941,37.205821],[-84.271861,37.212065],[-84.262828,37.217912],[-84.266719,37.223551],[-84.258395,37.227716],[-84.251943,37.240354],[-84.245328,37.230966],[-84.237517,37.229114],[-84.239176,37.241866],[-84.232889,37.248327],[-84.224086,37.238839],[-84.217827,37.242432],[-84.21733,37.282789],[-84.201574,37.280059],[-84.198474,37.285302],[-84.190483,37.285545],[-84.178782,37.299279],[-84.180097,37.303955],[-84.171565,37.307066],[-84.171773,37.300894],[-84.162451,37.29792],[-84.159906,37.302864],[-84.14855,37.302452],[-84.152529,37.310076],[-84.137218,37.309918],[-84.135255,37.325437],[-84.124945,37.335626],[-84.108069,37.326554],[-84.107101,37.315865],[-84.094255,37.313818],[-84.108472,37.31017],[-84.099899,37.304019],[-84.101231,37.299189],[-84.076297,37.287769],[-84.078306,37.282121],[-84.064954,37.287071],[-84.063859,37.283284],[-84.048674,37.282003],[-84.056091,37.276042],[-84.056477,37.269762],[-84.005606,37.253343],[-83.943718,37.250551],[-83.94096,37.202743],[-83.947309,37.200553],[-83.950454,37.195525],[-83.947545,37.191071],[-83.956142,37.181594],[-83.968816,37.17506],[-83.968905,37.167425],[-83.945488,37.14871],[-83.932919,37.128545],[-83.935033,37.121441],[-83.925405,37.111768],[-83.903882,37.110473],[-83.885673,37.118767],[-83.880955,37.113999],[-83.882899,37.109017],[-83.865342,37.103884],[-83.86745,37.097078],[-83.862526,37.091361],[-83.867817,37.083121],[-83.887719,37.075119],[-83.884493,37.061745],[-83.877776,37.063098],[-83.871597,37.058296],[-83.875724,37.048708],[-83.905545,37.032441],[-83.922336,37.036413],[-83.926731,37.01436],[-83.93389,37.007429],[-83.931678,36.99641],[-83.951686,36.987541],[-83.959138,36.977273],[-83.977474,36.978142],[-83.979213,36.982996],[-83.991727,36.979755],[-83.995076,36.984346],[-84.000192,36.980598],[-84.009356,36.98714],[-84.015707,36.983436],[-84.02347,36.989105],[-84.032312,36.988628],[-84.041748,36.976757],[-84.067665,36.974883],[-84.09452,36.955102],[-84.101851,36.954313],[-84.102802,36.963499],[-84.111718,36.959383],[-84.116738,36.967999],[-84.123252,36.964424],[-84.125551,36.970213],[-84.133853,36.968931],[-84.136305,36.960145],[-84.145308,36.956318],[-84.143057,36.966522],[-84.150645,36.967488],[-84.151878,36.955431],[-84.159086,36.956081],[-84.163184,36.94186],[-84.183131,36.939369],[-84.190204,36.947713],[-84.199991,36.945452],[-84.20505,36.951811],[-84.210502,36.947288],[-84.222487,36.960273],[-84.225431,36.945918],[-84.235204,36.941023],[-84.237134,36.950521],[-84.246431,36.947283],[-84.243016,36.95109],[-84.245887,36.955697],[-84.258301,36.954298],[-84.254438,36.958452],[-84.260719,36.961232],[-84.256476,36.972864],[-84.264377,36.966839],[-84.263562,36.962326],[-84.276154,36.961768],[-84.277589,36.95638],[-84.310511,36.942177],[-84.324514,36.946188],[-84.359075,36.939869],[-84.368864,36.948175]]]}},{"type":"Feature","properties":{"GEOID":"21205","NAME":"Rowan","state":"KY","wildfire_risk_score":46.597,"wildfire_eal_total":32350.5,"risk_band":"High","source":"FEMA National Risk Index v1.20 (December 2025)"},"geometry":{"type":"Polygon","coordinates":[[[-83.635173,38.190245],[-83.614985,38.193341],[-83.612692,38.203031],[-83.60049,38.203471],[-83.586792,38.21828],[-83.577126,38.213746],[-83.564335,38.216606],[-83.553742,38.239782],[-83.539751,38.244896],[-83.534639,38.254173],[-83.521142,38.257494],[-83.522091,38.267355],[-83.505557,38.272074],[-83.514281,38.292054],[-83.505396,38.294132],[-83.501543,38.315804],[-83.495353,38.324303],[-83.488086,38.324496],[-83.49799,38.333886],[-83.494665,38.335931],[-83.501417,38.342479],[-83.499266,38.349351],[-83.488824,38.351674],[-83.481983,38.359716],[-83.473797,38.360556],[-83.470207,38.355217],[-83.463285,38.358414],[-83.458091,38.362036],[-83.46495,38.371936],[-83.45633,38.37273],[-83.452848,38.381799],[-83.44674,38.380601],[-83.444193,38.387005],[-83.427275,38.388269],[-83.411973,38.396278],[-83.400664,38.389855],[-83.400039,38.375035],[-83.39235,38.366556],[-83.378219,38.36253],[-83.377371,38.35341],[-83.363887,38.343227],[-83.363514,38.327974],[-83.357723,38.327555],[-83.356336,38.321869],[-83.341347,38.319521],[-83.331793,38.303163],[-83.334735,38.299769],[-83.326281,38.290176],[-83.334909,38.286951],[-83.316604,38.267824],[-83.318851,38.260522],[-83.307888,38.252254],[-83.312722,38.24402],[-83.306662,38.225241],[-83.29731,38.218073],[-83.301174,38.210033],[-83.288616,38.215487],[-83.286488,38.206047],[-83.275886,38.204211],[-83.274216,38.196136],[-83.266541,38.19169],[-83.244306,38.19238],[-83.246942,38.185501],[-83.264229,38.188098],[-83.246001,38.176846],[-83.205257,38.175513],[-83.199026,38.168487],[-83.217664,38.159415],[-83.222001,38.132499],[-83.247928,38.130151],[-83.263289,38.115386],[-83.299507,38.099517],[-83.298813,38.092586],[-83.30337,38.090068],[-83.33259,38.084052],[-83.337429,38.088167],[-83.346015,38.071877],[-83.343632,38.06883],[-83.351077,38.065044],[-83.371368,38.06956],[-83.371198,38.059803],[-83.38132,38.061737],[-83.380423,38.051669],[-83.389905,38.054569],[-83.398662,38.038875],[-83.406834,38.04481],[-83.409752,38.039683],[-83.416356,38.047668],[-83.430638,38.046959],[-83.439205,38.040192],[-83.432421,38.039027],[-83.433942,38.033974],[-83.45036,38.03022],[-83.450321,38.019723],[-83.463408,38.016975],[-83.468517,38.02175],[-83.455647,38.03241],[-83.479496,38.027326],[-83.465556,38.041749],[-83.464069,38.050214],[-83.484427,38.046509],[-83.498846,38.05062],[-83.480476,38.069143],[-83.468096,38.065289],[-83.464018,38.068121],[-83.465817,38.08431],[-83.479564,38.082399],[-83.505083,38.088215],[-83.509327,38.072481],[-83.51415,38.069804],[-83.51696,38.084176],[-83.522958,38.085084],[-83.519617,38.08889],[-83.53442,38.094693],[-83.515755,38.110707],[-83.532185,38.120329],[-83.556265,38.113034],[-83.559165,38.116109],[-83.552027,38.122098],[-83.5483,38.141177],[-83.551794,38.142411],[-83.555953,38.135763],[-83.558785,38.146048],[-83.561534,38.143008],[-83.584087,38.146256],[-83.590896,38.133756],[-83.605854,38.124104],[-83.603826,38.129586],[-83.613722,38.133214],[-83.610158,38.137404],[-83.621643,38.148613],[-83.614258,38.149148],[-83.619044,38.152831],[-83.614237,38.160824],[-83.607559,38.159437],[-83.606023,38.164392],[-83.599405,38.163228],[-83.60132,38.168527],[-83.59073,38.171526],[-83.601838,38.179996],[-83.596574,38.184443],[-83.60764,38.186718],[-83.606403,38.18139],[-83.612991,38.187765],[-83.610701,38.177216],[-83.620296,38.175593],[-83.635173,38.190245]]]}},{"type":"Feature","properties":{"GEOID":"21151","NAME":"Madison","state":"KY","wildfire_risk_score":52.036,"wildfire_eal_total":56891.72,"risk_band":"High","source":"FEMA National Risk Index v1.20 (December 2025)"},"geometry":{"type":"Polygon","coordinates":[[[-84.525643,37.769497],[-84.521997,37.778021],[-84.495962,37.785248],[-84.482441,37.802141],[-84.467721,37.796376],[-84.462031,37.803431],[-84.484549,37.837343],[-84.47726,37.852593],[-84.460664,37.842075],[-84.446832,37.840397],[-84.428589,37.853397],[-84.42146,37.869319],[-84.41441,37.872221],[-84.389528,37.845511],[-84.36928,37.854097],[-84.366413,37.863342],[-84.383587,37.89381],[-84.378609,37.901543],[-84.363951,37.896485],[-84.344076,37.881296],[-84.33105,37.896342],[-84.272406,37.917546],[-84.261377,37.89489],[-84.265596,37.881215],[-84.260756,37.875984],[-84.237685,37.887329],[-84.214722,37.869321],[-84.184246,37.87926],[-84.17198,37.874798],[-84.166017,37.861524],[-84.129699,37.867706],[-84.110241,37.849977],[-84.099021,37.859633],[-84.088485,37.860693],[-84.080337,37.853066],[-84.083661,37.842368],[-84.090165,37.835922],[-84.103115,37.840044],[-84.122015,37.810167],[-84.114706,37.804685],[-84.096611,37.81592],[-84.074061,37.804797],[-84.074362,37.800365],[-84.095703,37.78558],[-84.108956,37.782676],[-84.107175,37.775838],[-84.081913,37.767258],[-84.089487,37.756246],[-84.080173,37.746464],[-84.096689,37.735087],[-84.091664,37.72445],[-84.098978,37.719979],[-84.092822,37.713961],[-84.095921,37.710975],[-84.092036,37.709466],[-84.091861,37.688603],[-84.100627,37.678236],[-84.089307,37.666892],[-84.107141,37.659816],[-84.126948,37.642421],[-84.090364,37.566227],[-84.142063,37.564839],[-84.171836,37.557549],[-84.199489,37.522858],[-84.22422,37.527189],[-84.235185,37.519794],[-84.248397,37.524797],[-84.262977,37.515569],[-84.27813,37.52366],[-84.301932,37.523431],[-84.298557,37.535113],[-84.303929,37.537424],[-84.31296,37.528325],[-84.323057,37.539098],[-84.347805,37.539064],[-84.352671,37.544855],[-84.351693,37.552643],[-84.370718,37.57204],[-84.372342,37.592412],[-84.39753,37.600023],[-84.401142,37.617542],[-84.422309,37.61834],[-84.414632,37.62289],[-84.41829,37.628041],[-84.411988,37.631614],[-84.424902,37.634772],[-84.425533,37.640001],[-84.417956,37.640883],[-84.429772,37.643009],[-84.428526,37.656221],[-84.446772,37.651596],[-84.437169,37.659366],[-84.44234,37.662629],[-84.440046,37.668691],[-84.446055,37.668779],[-84.442658,37.677912],[-84.447831,37.679705],[-84.45376,37.674463],[-84.464878,37.683851],[-84.450201,37.697898],[-84.461687,37.695458],[-84.4745,37.708072],[-84.483624,37.708882],[-84.487976,37.728014],[-84.494646,37.724887],[-84.503272,37.73442],[-84.493741,37.740131],[-84.494485,37.747461],[-84.499538,37.747172],[-84.505759,37.755106],[-84.514721,37.755166],[-84.511458,37.765068],[-84.525643,37.769497]]]}},{"type":"Feature","properties":{"GEOID":"21065","NAME":"Estill","state":"KY","wildfire_risk_score":44.656,"wildfire_eal_total":23146.2,"risk_band":"High","source":"FEMA National Risk Index v1.20 (December 2025)"},"geometry":{"type":"Polygon","coordinates":[[[-84.126753,37.645075],[-84.089307,37.666892],[-84.100627,37.678236],[-84.091861,37.688603],[-84.092036,37.709466],[-84.095921,37.710975],[-84.092822,37.713961],[-84.098978,37.719979],[-84.091664,37.72445],[-84.096689,37.735087],[-84.080173,37.746464],[-84.089487,37.756246],[-84.081913,37.767258],[-84.107175,37.775838],[-84.108956,37.782676],[-84.095703,37.78558],[-84.074362,37.800365],[-84.074061,37.804797],[-84.096611,37.81592],[-84.114706,37.804685],[-84.122015,37.810167],[-84.103115,37.840044],[-84.090165,37.835922],[-84.080337,37.853066],[-84.076027,37.824176],[-84.072298,37.821859],[-84.05744,37.835428],[-84.059008,37.84792],[-84.053697,37.847113],[-84.049362,37.837967],[-84.043079,37.841615],[-84.039557,37.833721],[-84.014808,37.842773],[-84.020519,37.836964],[-84.017038,37.832823],[-84.004004,37.834364],[-83.991595,37.850158],[-83.983318,37.843037],[-83.979768,37.847638],[-83.967452,37.847632],[-83.962554,37.844644],[-83.960391,37.821522],[-83.965209,37.802105],[-83.909706,37.766673],[-83.905935,37.7591],[-83.882997,37.758597],[-83.876863,37.752089],[-83.866177,37.752424],[-83.859373,37.75864],[-83.830347,37.765247],[-83.82594,37.76249],[-83.829355,37.75166],[-83.821944,37.745764],[-83.803931,37.756748],[-83.790363,37.755446],[-83.779719,37.760514],[-83.768963,37.741097],[-83.74845,37.731836],[-83.732988,37.732829],[-83.721658,37.725678],[-83.7221,37.71642],[-83.7496,37.714846],[-83.760349,37.702422],[-83.774937,37.697178],[-83.780783,37.687807],[-83.802301,37.677509],[-83.810213,37.667561],[-83.822121,37.665578],[-83.814398,37.644705],[-83.807164,37.642939],[-83.808123,37.636035],[-83.818571,37.633058],[-83.83246,37.636259],[-83.864418,37.617313],[-83.865812,37.612269],[-83.858098,37.609205],[-83.90557,37.542856],[-83.939846,37.573173],[-83.965244,37.581421],[-84.045023,37.563573],[-84.090364,37.566227],[-84.112521,37.605648],[-84.126753,37.645075]]]}},{"type":"Feature","properties":{"GEOID":"21197","NAME":"Powell","state":"KY","wildfire_risk_score":43.193,"wildfire_eal_total":20983.3,"risk_band":"High","source":"FEMA National Risk Index v1.20 (December 2025)"},"geometry":{"type":"Polygon","coordinates":[[[-84.02737,37.869454],[-84.019049,37.868924],[-84.014618,37.858189],[-84.006205,37.860664],[-83.99656,37.878124],[-83.9983,37.887367],[-83.985764,37.902937],[-83.991845,37.904047],[-83.991769,37.917776],[-83.98568,37.924896],[-83.975996,37.923544],[-83.977291,37.929407],[-83.959881,37.933765],[-83.908162,37.916717],[-83.886242,37.916507],[-83.880037,37.913645],[-83.876832,37.90446],[-83.862351,37.908115],[-83.852636,37.902756],[-83.841426,37.906298],[-83.832455,37.902777],[-83.828286,37.906381],[-83.814919,37.900227],[-83.799599,37.907379],[-83.78237,37.908094],[-83.768783,37.918371],[-83.756096,37.91417],[-83.759048,37.90466],[-83.752079,37.897031],[-83.667352,37.852447],[-83.675671,37.844016],[-83.666218,37.845854],[-83.661273,37.83989],[-83.663425,37.835351],[-83.656556,37.832196],[-83.651247,37.835296],[-83.643216,37.825947],[-83.63106,37.825372],[-83.707974,37.716463],[-83.71221,37.720135],[-83.7221,37.71642],[-83.722651,37.728947],[-83.74845,37.731836],[-83.768963,37.741097],[-83.779719,37.760514],[-83.790363,37.755446],[-83.803931,37.756748],[-83.821944,37.745764],[-83.829355,37.75166],[-83.82594,37.76249],[-83.830347,37.765247],[-83.859373,37.75864],[-83.866177,37.752424],[-83.876863,37.752089],[-83.882997,37.758597],[-83.905935,37.7591],[-83.909706,37.766673],[-83.965209,37.802105],[-83.960391,37.821522],[-83.963623,37.845756],[-83.979768,37.847638],[-83.983318,37.843037],[-83.991595,37.850158],[-84.001967,37.837592],[-84.013596,37.851527],[-84.008211,37.85317],[-84.020324,37.856545],[-84.02737,37.869454]]]}},{"type":"Feature","properties":{"GEOID":"21071","NAME":"Floyd","state":"KY","wildfire_risk_score":86.323,"wildfire_eal_total":562661.43,"risk_band":"High","source":"FEMA National Risk Index v1.20 (December 2025)"},"geometry":{"type":"Polygon","coordinates":[[[-82.945832,37.679815],[-82.938081,37.717563],[-82.927169,37.719359],[-82.915239,37.710017],[-82.908257,37.712616],[-82.90115,37.7032],[-82.876262,37.719312],[-82.866739,37.731147],[-82.862105,37.727672],[-82.845548,37.729519],[-82.785675,37.746058],[-82.766977,37.741928],[-82.763174,37.756225],[-82.755816,37.751718],[-82.75223,37.756227],[-82.739382,37.743954],[-82.723211,37.749081],[-82.708284,37.739517],[-82.684956,37.735344],[-82.687246,37.729582],[-82.67361,37.725497],[-82.644147,37.724222],[-82.621679,37.704944],[-82.601438,37.70189],[-82.590178,37.692615],[-82.576565,37.694478],[-82.575327,37.687935],[-82.564772,37.688995],[-82.568403,37.679464],[-82.583604,37.677235],[-82.590114,37.680886],[-82.600798,37.673599],[-82.609711,37.674222],[-82.615204,37.667962],[-82.612954,37.660965],[-82.601297,37.658556],[-82.606067,37.649556],[-82.598278,37.642226],[-82.624477,37.520914],[-82.624091,37.506275],[-82.597786,37.502749],[-82.600395,37.494375],[-82.594596,37.490759],[-82.584556,37.467081],[-82.590452,37.457146],[-82.588541,37.446573],[-82.592612,37.43979],[-82.601943,37.437022],[-82.599548,37.429221],[-82.606395,37.421219],[-82.604612,37.410284],[-82.61261,37.408421],[-82.611759,37.4009],[-82.621802,37.393318],[-82.619244,37.386238],[-82.633029,37.379312],[-82.653625,37.380304],[-82.666169,37.370026],[-82.663779,37.360656],[-82.64741,37.353716],[-82.663258,37.34252],[-82.661002,37.337177],[-82.672375,37.306841],[-82.693482,37.306224],[-82.70069,37.299607],[-82.700241,37.290513],[-82.710805,37.285323],[-82.727583,37.28996],[-82.726536,37.304581],[-82.740068,37.302082],[-82.753695,37.309773],[-82.748166,37.31679],[-82.754907,37.326918],[-82.752222,37.337022],[-82.764316,37.352379],[-82.76338,37.36095],[-82.752254,37.370947],[-82.756463,37.385682],[-82.751538,37.399968],[-82.761458,37.409873],[-82.755848,37.4136],[-82.764055,37.420268],[-82.763067,37.425549],[-82.777024,37.42427],[-82.78723,37.42874],[-82.795354,37.426091],[-82.796563,37.418107],[-82.810522,37.411531],[-82.821546,37.415502],[-82.830597,37.412073],[-82.835476,37.414445],[-82.833298,37.421678],[-82.836987,37.425085],[-82.831499,37.436412],[-82.825392,37.438668],[-82.831473,37.46699],[-82.927846,37.480934],[-82.921074,37.490812],[-82.909546,37.491498],[-82.910586,37.499218],[-82.896178,37.508926],[-82.896641,37.516227],[-82.891605,37.519083],[-82.892422,37.532426],[-82.880212,37.534635],[-82.878723,37.540134],[-82.889924,37.544124],[-82.885557,37.549538],[-82.890896,37.556293],[-82.888851,37.564619],[-82.896141,37.56703],[-82.902147,37.576932],[-82.89654,37.588485],[-82.904046,37.594758],[-82.90625,37.606593],[-82.905753,37.618934],[-82.900363,37.621162],[-82.906532,37.630914],[-82.903122,37.64069],[-82.91232,37.6436],[-82.908924,37.649213],[-82.912425,37.653598],[-82.927251,37.656355],[-82.942223,37.669111],[-82.945832,37.679815]]]}},{"type":"Feature","properties":{"GEOID":"21177","NAME":"Muhlenberg","state":"KY","wildfire_risk_score":18.162,"wildfire_eal_total":5304.72,"risk_band":"Moderate","source":"FEMA National Risk Index v1.20 (December 2025)"},"geometry":{"type":"Polygon","coordinates":[[[-87.388826,37.261395],[-87.385708,37.277428],[-87.379854,37.278466],[-87.381809,37.285472],[-87.377484,37.285696],[-87.386316,37.295035],[-87.379153,37.293866],[-87.378275,37.300177],[-87.37197,37.29923],[-87.373857,37.304892],[-87.379977,37.304739],[-87.379913,37.311275],[-87.372209,37.309992],[-87.374207,37.314484],[-87.366757,37.318543],[-87.353177,37.310472],[-87.339381,37.313775],[-87.343899,37.321846],[-87.343581,37.325405],[-87.33481,37.325863],[-87.338221,37.335992],[-87.330413,37.344066],[-87.319799,37.345134],[-87.317878,37.350063],[-87.322235,37.350425],[-87.311876,37.363686],[-87.299586,37.368308],[-87.303763,37.370296],[-87.300984,37.374704],[-87.309965,37.376786],[-87.296403,37.385506],[-87.295965,37.391819],[-87.210958,37.38093],[-87.171068,37.413589],[-87.112297,37.411537],[-87.099803,37.416042],[-87.099515,37.3874],[-87.094093,37.377365],[-87.123763,37.360805],[-87.136983,37.335524],[-87.121105,37.32588],[-87.102578,37.328622],[-87.089169,37.357523],[-87.070586,37.370472],[-87.040628,37.366729],[-87.016147,37.353144],[-86.98585,37.320907],[-86.989014,37.30737],[-86.98146,37.292849],[-86.98267,37.269632],[-86.968606,37.256388],[-86.956582,37.260053],[-86.944478,37.238305],[-86.92322,37.241494],[-86.918829,37.236538],[-86.912323,37.237443],[-86.909751,37.232772],[-86.918595,37.232664],[-86.919271,37.225191],[-86.907836,37.222637],[-86.899268,37.212313],[-86.906204,37.20785],[-86.90156,37.19196],[-86.909371,37.194626],[-86.908205,37.189489],[-86.900384,37.184372],[-86.890655,37.185147],[-86.898253,37.176395],[-86.922165,37.180151],[-86.920183,37.170572],[-86.926882,37.16027],[-86.924273,37.144623],[-86.938348,37.136134],[-86.923643,37.142859],[-86.912782,37.135896],[-86.915982,37.125827],[-86.907474,37.126498],[-86.90147,37.134782],[-86.897176,37.130952],[-86.902377,37.13001],[-86.897524,37.118014],[-86.881254,37.112295],[-86.902286,37.112319],[-86.905803,37.10729],[-86.899604,37.107161],[-86.903984,37.101542],[-86.899497,37.104357],[-86.901893,37.098961],[-86.895842,37.098911],[-86.900087,37.096456],[-86.894067,37.088349],[-86.905102,37.087487],[-86.920991,37.078247],[-86.940771,37.078511],[-86.944858,37.073407],[-86.941391,37.068981],[-86.976399,37.073588],[-87.053164,37.061019],[-87.118069,37.044732],[-87.250256,37.040557],[-87.250802,37.049067],[-87.262111,37.052719],[-87.243769,37.05757],[-87.248374,37.058279],[-87.245248,37.064116],[-87.250603,37.07032],[-87.25458,37.069581],[-87.252054,37.075715],[-87.260553,37.071412],[-87.26151,37.077389],[-87.265438,37.070109],[-87.268384,37.074195],[-87.274102,37.070514],[-87.285534,37.08498],[-87.279112,37.091261],[-87.284494,37.09594],[-87.284329,37.108024],[-87.300022,37.113245],[-87.304925,37.10633],[-87.307316,37.111074],[-87.317237,37.112367],[-87.312806,37.113704],[-87.324208,37.124833],[-87.324617,37.133242],[-87.334277,37.131818],[-87.327642,37.139623],[-87.334744,37.148021],[-87.333981,37.154587],[-87.329576,37.154823],[-87.333631,37.161493],[-87.324974,37.163627],[-87.322317,37.167814],[-87.327041,37.17106],[-87.318528,37.17251],[-87.319168,37.176765],[-87.312251,37.175744],[-87.317726,37.185134],[-87.311128,37.185512],[-87.314917,37.188003],[-87.308188,37.190207],[-87.307884,37.19461],[-87.320169,37.200186],[-87.32451,37.196566],[-87.334809,37.21124],[-87.339491,37.208076],[-87.345742,37.212333],[-87.343074,37.216161],[-87.350051,37.215424],[-87.34683,37.223474],[-87.358103,37.230954],[-87.354692,37.236474],[-87.369014,37.237771],[-87.3653,37.241641],[-87.372106,37.243127],[-87.364007,37.248577],[-87.369708,37.251148],[-87.372507,37.247336],[-87.373378,37.252809],[-87.380649,37.25506],[-87.383916,37.252433],[-87.388826,37.261395]]]}},{"type":"Feature","properties":{"GEOID":"21203","NAME":"Rockcastle","state":"KY","wildfire_risk_score":47.519,"wildfire_eal_total":27514.43,"risk_band":"High","source":"FEMA National Risk Index v1.20 (December 2025)"},"geometry":{"type":"Polygon","coordinates":[[[-84.502932,37.328801],[-84.446719,37.485893],[-84.37444,37.472663],[-84.35534,37.498189],[-84.360894,37.515732],[-84.344627,37.539876],[-84.336546,37.536082],[-84.320304,37.538187],[-84.31296,37.528325],[-84.303929,37.537424],[-84.298557,37.535113],[-84.301932,37.523431],[-84.27813,37.52366],[-84.268648,37.515568],[-84.248397,37.524797],[-84.235185,37.519794],[-84.22422,37.527189],[-84.199489,37.522858],[-84.198208,37.515307],[-84.204152,37.511564],[-84.205306,37.503062],[-84.200161,37.495711],[-84.203552,37.486177],[-84.189256,37.456842],[-84.18293,37.454862],[-84.183043,37.445426],[-84.159285,37.417369],[-84.169375,37.396642],[-84.169481,37.385406],[-84.145593,37.368576],[-84.136285,37.367697],[-84.12913,37.357835],[-84.14302,37.352341],[-84.132823,37.348906],[-84.135132,37.343017],[-84.142304,37.345178],[-84.136816,37.329384],[-84.145933,37.327477],[-84.137898,37.319759],[-84.137218,37.309918],[-84.152529,37.310076],[-84.146778,37.303776],[-84.159906,37.302864],[-84.162451,37.29792],[-84.171773,37.300894],[-84.171565,37.307066],[-84.180097,37.303955],[-84.178782,37.299279],[-84.190483,37.285545],[-84.198474,37.285302],[-84.201574,37.280059],[-84.21733,37.282789],[-84.217827,37.242432],[-84.224086,37.238839],[-84.232889,37.248327],[-84.239176,37.241866],[-84.237517,37.229114],[-84.245328,37.230966],[-84.251943,37.240354],[-84.258395,37.227716],[-84.266719,37.223551],[-84.262828,37.217912],[-84.271861,37.212065],[-84.258941,37.205821],[-84.263962,37.200616],[-84.280989,37.197471],[-84.278792,37.187753],[-84.265629,37.181708],[-84.300166,37.169642],[-84.288381,37.16117],[-84.289076,37.15174],[-84.292078,37.16091],[-84.446286,37.27905],[-84.502932,37.328801]]]}},{"type":"Feature","properties":{"GEOID":"21031","NAME":"Butler","state":"KY","wildfire_risk_score":5.312,"wildfire_eal_total":1529.37,"risk_band":"Low","source":"FEMA National Risk Index v1.20 (December 2025)"},"geometry":{"type":"Polygon","coordinates":[[[-86.944858,37.073407],[-86.937144,37.079589],[-86.920991,37.078247],[-86.905102,37.087487],[-86.894067,37.088349],[-86.900087,37.096456],[-86.895842,37.098911],[-86.901893,37.098961],[-86.899497,37.104357],[-86.903984,37.101542],[-86.899604,37.107161],[-86.905803,37.10729],[-86.902286,37.112319],[-86.881254,37.112295],[-86.897524,37.118014],[-86.902377,37.13001],[-86.897176,37.130952],[-86.90147,37.134782],[-86.907474,37.126498],[-86.915982,37.125827],[-86.912782,37.135896],[-86.923643,37.142859],[-86.932754,37.135692],[-86.938588,37.137077],[-86.924273,37.144623],[-86.926882,37.16027],[-86.920183,37.170572],[-86.922165,37.180151],[-86.898253,37.176395],[-86.890655,37.185147],[-86.900384,37.184372],[-86.908205,37.189489],[-86.909371,37.194626],[-86.90156,37.19196],[-86.904335,37.211452],[-86.889208,37.217904],[-86.885075,37.232905],[-86.871868,37.246609],[-86.852352,37.25143],[-86.85436,37.254745],[-86.842941,37.265027],[-86.844558,37.268304],[-86.8384,37.269049],[-86.828149,37.282107],[-86.830607,37.285559],[-86.825632,37.294572],[-86.80825,37.291386],[-86.818836,37.305283],[-86.821425,37.319385],[-86.817168,37.327616],[-86.794158,37.333735],[-86.775263,37.325928],[-86.770596,37.309919],[-86.759533,37.304099],[-86.612095,37.395123],[-86.487152,37.362501],[-86.399165,37.169896],[-86.410913,37.165964],[-86.409331,37.152829],[-86.440205,37.166613],[-86.444304,37.154035],[-86.453358,37.150365],[-86.467309,37.153457],[-86.469699,37.162985],[-86.49649,37.190708],[-86.517826,37.186396],[-86.52709,37.176901],[-86.534684,37.182244],[-86.541038,37.176008],[-86.55573,37.177133],[-86.563301,37.180208],[-86.563316,37.187271],[-86.581133,37.185073],[-86.588686,37.178874],[-86.59447,37.184968],[-86.623382,37.181049],[-86.62361,37.174754],[-86.613223,37.164599],[-86.613016,37.154112],[-86.618743,37.148616],[-86.674462,36.999766],[-86.84535,37.056513],[-86.941391,37.068981],[-86.944858,37.073407]]]}},{"type":"Feature","properties":{"GEOID":"21217","NAME":"Taylor","state":"KY","wildfire_risk_score":7.729,"wildfire_eal_total":2049.54,"risk_band":"Low","source":"FEMA National Risk Index v1.20 (December 2025)"},"geometry":{"type":"Polygon","coordinates":[[[-85.586715,37.443653],[-85.581512,37.45255],[-85.585165,37.456559],[-85.583497,37.469917],[-85.565016,37.459784],[-85.550889,37.460739],[-85.541819,37.454741],[-85.528548,37.454218],[-85.525497,37.46289],[-85.514995,37.467907],[-85.515497,37.473522],[-85.499712,37.482922],[-85.492416,37.47894],[-85.488837,37.467285],[-85.479826,37.46539],[-85.456639,37.470114],[-85.451117,37.467206],[-85.439205,37.478732],[-85.403337,37.475157],[-85.39771,37.468535],[-85.381385,37.465508],[-85.348819,37.471824],[-85.340446,37.469512],[-85.338719,37.462393],[-85.330687,37.461351],[-85.319789,37.450199],[-85.311657,37.450817],[-85.278408,37.434838],[-85.272278,37.417282],[-85.264819,37.416456],[-85.246195,37.420361],[-85.222177,37.444777],[-85.205954,37.443131],[-85.200861,37.448878],[-85.196767,37.447236],[-85.193488,37.454627],[-85.184451,37.45082],[-85.173192,37.458222],[-85.17144,37.465081],[-85.143087,37.44733],[-85.1288,37.453261],[-85.113986,37.437333],[-85.098268,37.432124],[-85.088253,37.418376],[-85.073772,37.413669],[-85.084566,37.39892],[-85.106176,37.397335],[-85.118958,37.384766],[-85.131162,37.384265],[-85.132497,37.35982],[-85.139896,37.353599],[-85.156525,37.319069],[-85.165174,37.310396],[-85.176197,37.312262],[-85.188375,37.306955],[-85.184157,37.296354],[-85.191674,37.2848],[-85.192179,37.272584],[-85.223594,37.262494],[-85.246961,37.264493],[-85.257813,37.259353],[-85.270446,37.262519],[-85.294005,37.245749],[-85.305339,37.24216],[-85.311301,37.24681],[-85.314663,37.24074],[-85.307827,37.227337],[-85.317235,37.223913],[-85.352771,37.192432],[-85.371895,37.221312],[-85.410756,37.22418],[-85.40736,37.234369],[-85.391564,37.237693],[-85.390658,37.247062],[-85.478081,37.363673],[-85.584477,37.432091],[-85.586715,37.443653]]]}},{"type":"Feature","properties":{"GEOID":"21085","NAME":"Grayson","state":"KY","wildfire_risk_score":11.705,"wildfire_eal_total":3125.86,"risk_band":"Moderate","source":"FEMA National Risk Index v1.20 (December 2025)"},"geometry":{"type":"Polygon","coordinates":[[[-86.668979,37.54972],[-86.663954,37.557214],[-86.646966,37.555567],[-86.639589,37.566535],[-86.637629,37.563352],[-86.635599,37.567027],[-86.625322,37.565887],[-86.620129,37.553969],[-86.604052,37.550314],[-86.610558,37.544294],[-86.597541,37.537645],[-86.598247,37.544899],[-86.583831,37.550053],[-86.579569,37.547181],[-86.576691,37.551731],[-86.594355,37.560342],[-86.569039,37.58145],[-86.575754,37.590336],[-86.575022,37.599645],[-86.553424,37.596677],[-86.551459,37.588426],[-86.534827,37.58987],[-86.522996,37.599505],[-86.533982,37.602828],[-86.54141,37.599635],[-86.535226,37.615286],[-86.521236,37.616203],[-86.511631,37.622924],[-86.503369,37.622191],[-86.495667,37.613283],[-86.504314,37.607291],[-86.503976,37.601084],[-86.481821,37.611228],[-86.484501,37.602765],[-86.47157,37.60111],[-86.469879,37.596465],[-86.48055,37.592837],[-86.454987,37.591679],[-86.455329,37.586258],[-86.46562,37.581907],[-86.453851,37.581109],[-86.444604,37.589596],[-86.446578,37.574862],[-86.432032,37.584691],[-86.434474,37.5759],[-86.423716,37.580709],[-86.418479,37.578743],[-86.417937,37.572749],[-86.40775,37.576786],[-86.409744,37.566514],[-86.393117,37.56799],[-86.384638,37.574027],[-86.380629,37.570689],[-86.387911,37.567016],[-86.373804,37.558739],[-86.369214,37.559682],[-86.376231,37.564491],[-86.365351,37.572019],[-86.361054,37.570312],[-86.365194,37.562073],[-86.346158,37.561378],[-86.352694,37.586974],[-86.343433,37.586436],[-86.342734,37.594847],[-86.337159,37.588878],[-86.329568,37.592009],[-86.325941,37.582038],[-86.313422,37.587097],[-86.317792,37.581548],[-86.311096,37.578908],[-86.305966,37.592176],[-86.300429,37.59507],[-86.302038,37.585496],[-86.29582,37.591663],[-86.287603,37.587639],[-86.288339,37.590988],[-86.278238,37.595431],[-86.273912,37.591816],[-86.277558,37.588806],[-86.268132,37.584631],[-86.265577,37.588856],[-86.255906,37.588938],[-86.260828,37.594654],[-86.248259,37.5942],[-86.246678,37.601971],[-86.240879,37.596849],[-86.245852,37.593593],[-86.237601,37.590151],[-86.232663,37.575122],[-86.224933,37.581323],[-86.219752,37.580349],[-86.221076,37.576031],[-86.211331,37.578858],[-86.208454,37.571517],[-86.200221,37.574362],[-86.202961,37.5718],[-86.184762,37.55914],[-86.178639,37.563312],[-86.18256,37.557126],[-86.176672,37.554836],[-86.166451,37.571598],[-86.161309,37.562899],[-86.143045,37.559539],[-86.132038,37.566617],[-86.119044,37.56352],[-86.114261,37.567182],[-86.062833,37.503216],[-86.055966,37.500667],[-86.060512,37.498112],[-86.053989,37.494858],[-86.061745,37.490437],[-86.04932,37.47688],[-86.061838,37.471306],[-86.064579,37.46276],[-86.058629,37.460942],[-86.067311,37.457386],[-86.056316,37.456479],[-86.060051,37.451076],[-86.056666,37.448532],[-86.049174,37.452872],[-86.0453,37.447735],[-86.050816,37.442889],[-86.041273,37.441949],[-86.047153,37.436771],[-86.038432,37.43455],[-86.043175,37.428687],[-86.032289,37.426812],[-86.031476,37.419206],[-86.039867,37.417105],[-86.037904,37.41123],[-86.04287,37.405382],[-86.027516,37.403767],[-86.019089,37.394537],[-86.032068,37.393003],[-86.032461,37.386045],[-86.035094,37.394073],[-86.044015,37.394207],[-86.039371,37.387319],[-86.041481,37.381704],[-86.047172,37.382498],[-86.042053,37.387868],[-86.044461,37.391943],[-86.052285,37.39415],[-86.056701,37.39176],[-86.052657,37.384692],[-86.070227,37.388485],[-86.065478,37.383931],[-86.071336,37.379989],[-86.056912,37.37504],[-86.069919,37.371382],[-86.064516,37.363507],[-86.07047,37.355117],[-86.062597,37.350385],[-86.073626,37.348045],[-86.071281,37.340373],[-86.080098,37.344801],[-86.089489,37.339413],[-86.07995,37.350951],[-86.091633,37.351023],[-86.089754,37.346236],[-86.095783,37.345613],[-86.102907,37.352663],[-86.102032,37.341942],[-86.106219,37.338549],[-86.095257,37.330166],[-86.115384,37.338766],[-86.122656,37.332355],[-86.122796,37.338312],[-86.115897,37.343372],[-86.120643,37.34633],[-86.130422,37.338386],[-86.146516,37.350048],[-86.147276,37.343981],[-86.15616,37.344863],[-86.158451,37.351477],[-86.161548,37.350014],[-86.153524,37.339322],[-86.157589,37.335649],[-86.174864,37.332014],[-86.189187,37.340611],[-86.19305,37.327905],[-86.209193,37.33293],[-86.469126,37.321099],[-86.487152,37.362501],[-86.612095,37.395123],[-86.66188,37.541934],[-86.668979,37.54972]]]}},{"type":"Feature","properties":{"GEOID":"21111","NAME":"Jefferson","state":"KY","wildfire_risk_score":56.107,"wildfire_eal_total":60881.01,"risk_band":"High","source":"FEMA National Risk Index v1.20 (December 2025)"},"geometry":{"type":"Polygon","coordinates":[[[-85.947114,38.005085],[-85.931221,38.016018],[-85.921275,38.03032],[-85.913839,38.071961],[-85.905266,38.088933],[-85.909133,38.144387],[-85.903873,38.174142],[-85.880264,38.203369],[-85.844381,38.231048],[-85.839091,38.239729],[-85.836168,38.26529],[-85.829216,38.276508],[-85.781027,38.288476],[-85.772268,38.285587],[-85.760933,38.271977],[-85.745077,38.26719],[-85.683561,38.295469],[-85.651364,38.330742],[-85.638678,38.363948],[-85.6378636024769,38.3802462336459],[-85.569413,38.341752],[-85.585272,38.339431],[-85.574726,38.333977],[-85.561322,38.337124],[-85.468206,38.285309],[-85.404899,38.26373],[-85.42883,38.118383],[-85.55727,38.073841],[-85.712578,38.087311],[-85.882805,38.040545],[-85.904386,38.028843],[-85.907028,38.020251],[-85.912789,38.020652],[-85.913866,38.010843],[-85.922969,38.008358],[-85.931955,37.998635],[-85.947114,38.005085]]]}},{"type":"Feature","properties":{"GEOID":"21161","NAME":"Mason","state":"KY","wildfire_risk_score":6.552,"wildfire_eal_total":1663.09,"risk_band":"Low","source":"FEMA National Risk Index v1.20 (December 2025)"},"geometry":{"type":"Polygon","coordinates":[[[-83.991605,38.593701],[-83.9039169444849,38.7681517942292],[-83.859028,38.756793],[-83.848734,38.747178],[-83.836696,38.717857],[-83.787113,38.699489],[-83.769347,38.65522],[-83.720779,38.646704],[-83.671443,38.627381],[-83.657142,38.62791],[-83.6451247920466,38.6364649596839],[-83.624596,38.611425],[-83.641852,38.525381],[-83.721744,38.503982],[-83.85928,38.456348],[-83.930348,38.492278],[-83.942271,38.50451],[-83.960962,38.532872],[-83.9683,38.58277],[-83.973911,38.582285],[-83.970573,38.585622],[-83.973741,38.589304],[-83.988659,38.589828],[-83.987323,38.5931],[-83.991605,38.593701]]]}},{"type":"Feature","properties":{"GEOID":"21141","NAME":"Logan","state":"KY","wildfire_risk_score":5.693,"wildfire_eal_total":1734.68,"risk_band":"Low","source":"FEMA National Risk Index v1.20 (December 2025)"},"geometry":{"type":"Polygon","coordinates":[[[-87.060375,36.680851],[-87.059535,36.747951],[-87.05016,36.767516],[-87.058188,36.804718],[-87.053164,37.061019],[-86.976399,37.073588],[-86.84535,37.056513],[-86.674462,36.999766],[-86.611586,36.883057],[-86.632405,36.882929],[-86.655888,36.876256],[-86.690719,36.8443],[-86.704274,36.809729],[-86.740301,36.755737],[-86.75134,36.72712],[-86.7632948135703,36.6489071684793],[-87.0608458150142,36.6432171572868],[-87.060375,36.680851]]]}},{"type":"Feature","properties":{"GEOID":"21185","NAME":"Oldham","state":"KY","wildfire_risk_score":16.539,"wildfire_eal_total":9075.23,"risk_band":"Moderate","source":"FEMA National Risk Index v1.20 (December 2025)"},"geometry":{"type":"Polygon","coordinates":[[[-85.637861,38.380263],[-85.620724,38.422327],[-85.604457,38.44082],[-85.586033,38.450092],[-85.524787,38.457636],[-85.498866,38.468242],[-85.466864,38.51084],[-85.4332489449541,38.5246823758042],[-85.427853,38.519199],[-85.390768,38.515645],[-85.378743,38.518822],[-85.365098,38.507535],[-85.351216,38.508994],[-85.315592,38.495926],[-85.314006,38.492592],[-85.34608,38.45954],[-85.331779,38.443112],[-85.325109,38.404077],[-85.283082,38.358054],[-85.324563,38.310085],[-85.351805,38.303061],[-85.39278,38.307883],[-85.408568,38.303999],[-85.409519,38.29385],[-85.416758,38.302437],[-85.426624,38.303791],[-85.428038,38.292793],[-85.438265,38.298689],[-85.45017,38.296134],[-85.448123,38.304042],[-85.454321,38.299258],[-85.454983,38.292066],[-85.462836,38.291308],[-85.460733,38.285978],[-85.468206,38.285309],[-85.561322,38.337124],[-85.574726,38.333977],[-85.585272,38.339431],[-85.569413,38.341752],[-85.637861,38.380263]]]}},{"type":"Feature","properties":{"GEOID":"21225","NAME":"Union","state":"KY","wildfire_risk_score":5.598,"wildfire_eal_total":1401.93,"risk_band":"Low","source":"FEMA National Risk Index v1.20 (December 2025)"},"geometry":{"type":"Polygon","coordinates":[[[-88.160187,37.657592],[-88.151646,37.675098],[-88.122412,37.709685],[-88.059588,37.742608],[-88.042602,37.76712],[-88.035827,37.791917],[-88.02803,37.799224],[-88.015144,37.80193],[-87.997102,37.797672],[-87.95259,37.771742],[-87.944506,37.775256],[-87.932554,37.797672],[-87.90681,37.807624],[-87.903804,37.817762],[-87.910276,37.843416],[-87.936228,37.867937],[-87.941021,37.879168],[-87.938365,37.890802],[-87.9270937203347,37.9017041861826],[-87.815093,37.762423],[-87.811087,37.771188],[-87.793066,37.771579],[-87.799332,37.760075],[-87.783987,37.751932],[-87.783652,37.755775],[-87.778968,37.754255],[-87.7833,37.761049],[-87.777531,37.765439],[-87.761995,37.762365],[-87.765719,37.748269],[-87.753993,37.731679],[-87.750952,37.678162],[-87.754488,37.66939],[-87.734545,37.638376],[-87.932952,37.480052],[-87.953819,37.479349],[-87.963267,37.470691],[-87.971037,37.46988],[-87.982841,37.475042],[-87.966496,37.484621],[-87.966828,37.48887],[-87.974276,37.50102],[-87.982162,37.493884],[-87.996918,37.506268],[-88.001902,37.545689],[-88.017895,37.546598],[-88.023557,37.537867],[-88.02106,37.52853],[-88.030727,37.516592],[-88.038604,37.513271],[-88.047489,37.518272],[-88.052705,37.507275],[-88.0613347550442,37.5053124718963],[-88.072242,37.528826],[-88.088049,37.535124],[-88.103138,37.553935],[-88.134281,37.574636],[-88.140783,37.585217],[-88.141747,37.602845],[-88.156827,37.632801],[-88.160187,37.657592]]]}},{"type":"Feature","properties":{"GEOID":"21163","NAME":"Meade","state":"KY","wildfire_risk_score":13.899,"wildfire_eal_total":4693.15,"risk_band":"Moderate","source":"FEMA National Risk Index v1.20 (December 2025)"},"geometry":{"type":"Polygon","coordinates":[[[-86.480393,38.045578],[-86.452192,38.05049],[-86.432789,38.067171],[-86.430091,38.078638],[-86.434046,38.086763],[-86.463858,38.101177],[-86.466081,38.114437],[-86.457115,38.124531],[-86.429541,38.125281],[-86.401879,38.104329],[-86.379775,38.129274],[-86.340556,38.127737],[-86.323847,38.138412],[-86.323933,38.152374],[-86.366055,38.161531],[-86.377434,38.171379],[-86.378151,38.185845],[-86.373801,38.193352],[-86.357717,38.198807],[-86.29574,38.164069],[-86.272847,38.140835],[-86.270269,38.129783],[-86.2791,38.100754],[-86.271383,38.061957],[-86.220711,38.028178],[-86.176557,38.01023],[-86.1283,38.016192],[-86.104167,38.012627],[-86.075463,37.997183],[-86.064859,37.975618],[-86.042307,37.958171],[-86.034355,37.964621],[-86.032468,37.9901],[-85.9990070966307,37.9999828010725],[-85.975948,37.875793],[-86.007386,37.818522],[-86.151285,37.798878],[-86.242889,37.877075],[-86.385747,37.970337],[-86.4907693787391,38.0456724842707],[-86.480393,38.045578]]]}},{"type":"Feature","properties":{"GEOID":"21157","NAME":"Marshall","state":"KY","wildfire_risk_score":28.562,"wildfire_eal_total":12764.41,"risk_band":"Moderate","source":"FEMA National Risk Index v1.20 (December 2025)"},"geometry":{"type":"Polygon","coordinates":[[[-88.485659,36.774686],[-88.482957,37.022566],[-88.45361,37.031936],[-88.434682,37.04742],[-88.362158,37.063947],[-88.339292,37.061216],[-88.309962,37.049964],[-88.225073,36.964163],[-88.191108,36.937718],[-88.180283,36.900827],[-88.155643,36.864394],[-88.132325,36.813061],[-88.110831,36.74715],[-88.485697,36.750328],[-88.485659,36.774686]]]}},{"type":"Feature","properties":{"GEOID":"21211","NAME":"Shelby","state":"KY","wildfire_risk_score":21.374,"wildfire_eal_total":8012.98,"risk_band":"Moderate","source":"FEMA National Risk Index v1.20 (December 2025)"},"geometry":{"type":"Polygon","coordinates":[[[-85.468206,38.285309],[-85.460733,38.285978],[-85.462836,38.291308],[-85.454983,38.292066],[-85.454321,38.299258],[-85.448123,38.304042],[-85.45017,38.296134],[-85.438265,38.298689],[-85.428038,38.292793],[-85.426624,38.303791],[-85.416758,38.302437],[-85.409519,38.29385],[-85.408568,38.303999],[-85.39278,38.307883],[-85.351805,38.303061],[-85.324563,38.310085],[-85.283082,38.358054],[-84.956959,38.332271],[-84.998898,38.274979],[-85.00885,38.174794],[-85.005981,38.170573],[-85.00906,38.168467],[-85.003231,38.167458],[-85.010354,38.164921],[-85.003837,38.16066],[-85.019714,38.142419],[-85.022332,38.1279],[-85.046272,38.110958],[-85.054538,38.084223],[-85.047783,38.072341],[-85.071298,38.058153],[-85.084032,38.040706],[-85.099202,38.036753],[-85.232636,38.089501],[-85.424054,38.147438],[-85.404899,38.26373],[-85.468206,38.285309]]]}},{"type":"Feature","properties":{"GEOID":"21073","NAME":"Franklin","state":"KY","wildfire_risk_score":15.013,"wildfire_eal_total":5349.57,"risk_band":"Moderate","source":"FEMA National Risk Index v1.20 (December 2025)"},"geometry":{"type":"Polygon","coordinates":[[[-85.024264,38.130587],[-85.018394,38.14469],[-85.003837,38.16066],[-85.010354,38.164921],[-85.003231,38.167458],[-85.00906,38.168467],[-85.005981,38.170573],[-85.00885,38.174794],[-84.998898,38.274979],[-84.956959,38.332271],[-84.997667,38.335586],[-84.906256,38.374836],[-84.892357,38.3552],[-84.884079,38.351527],[-84.881686,38.356733],[-84.838419,38.356926],[-84.827141,38.348189],[-84.808762,38.349306],[-84.793228,38.338505],[-84.740594,38.352415],[-84.730289,38.208302],[-84.725168,38.195426],[-84.864804,38.141373],[-84.864908,38.116926],[-84.872354,38.117225],[-84.871734,38.112651],[-84.885927,38.0979],[-84.902266,38.093437],[-84.958001,38.109789],[-84.967393,38.119268],[-85.024264,38.130587]]]}},{"type":"Feature","properties":{"GEOID":"21199","NAME":"Pulaski","state":"KY","wildfire_risk_score":64.154,"wildfire_eal_total":91176.42,"risk_band":"High","source":"FEMA National Risk Index v1.20 (December 2025)"},"geometry":{"type":"Polygon","coordinates":[[[-84.906983,37.087455],[-84.901112,37.116297],[-84.809338,37.175034],[-84.556461,37.355729],[-84.500289,37.327143],[-84.446286,37.27905],[-84.292078,37.16091],[-84.289076,37.15174],[-84.293722,37.144328],[-84.28941,37.12956],[-84.296991,37.122262],[-84.278585,37.11881],[-84.281711,37.114312],[-84.292959,37.11356],[-84.280174,37.101893],[-84.286939,37.094541],[-84.28479,37.089278],[-84.301489,37.087544],[-84.303283,37.08022],[-84.314647,37.077146],[-84.32459,37.067541],[-84.324863,37.061556],[-84.31591,37.054435],[-84.317027,37.040492],[-84.303016,37.038396],[-84.311039,37.024067],[-84.316166,37.02321],[-84.319795,37.028623],[-84.330172,37.027009],[-84.329735,37.019407],[-84.313895,37.008316],[-84.315049,37.001455],[-84.349961,36.98914],[-84.344664,36.974049],[-84.350245,36.963692],[-84.358024,36.9594],[-84.368174,36.962595],[-84.386572,36.951499],[-84.416816,36.94692],[-84.578158,36.867133],[-84.589926,36.88259],[-84.583341,36.893677],[-84.5883,36.894535],[-84.600842,36.879659],[-84.605355,36.8807],[-84.619349,36.894307],[-84.679165,36.980914],[-84.70514,36.981945],[-84.730741,36.966542],[-84.770244,36.957846],[-84.783794,36.978483],[-84.863737,37.00802],[-84.905778,37.047187],[-84.906983,37.087455]]]}},{"type":"Feature","properties":{"GEOID":"21215","NAME":"Spencer","state":"KY","wildfire_risk_score":9.128,"wildfire_eal_total":4869.75,"risk_band":"Low","source":"FEMA National Risk Index v1.20 (December 2025)"},"geometry":{"type":"Polygon","coordinates":[[[-85.512795,38.010751],[-85.469231,38.096222],[-85.450517,38.102704],[-85.438043,38.101931],[-85.430468,38.107251],[-85.424054,38.147438],[-85.232636,38.089501],[-85.101646,38.03727],[-85.1093,38.027169],[-85.120434,38.025946],[-85.119238,38.020952],[-85.126452,38.020292],[-85.123387,38.009195],[-85.131052,37.99588],[-85.140217,38.002613],[-85.142564,37.996882],[-85.151035,37.999299],[-85.14801,37.996481],[-85.151979,37.988144],[-85.156489,37.993049],[-85.163805,37.99156],[-85.161467,38.001522],[-85.168345,37.998768],[-85.167834,37.971809],[-85.383288,37.939838],[-85.399559,37.939929],[-85.425822,37.959632],[-85.460203,37.9695],[-85.516882,38.011267],[-85.512795,38.010751]]]}},{"type":"Feature","properties":{"GEOID":"21077","NAME":"Gallatin","state":"KY","wildfire_risk_score":2.004,"wildfire_eal_total":654.64,"risk_band":"Low","source":"FEMA National Risk Index v1.20 (December 2025)"},"geometry":{"type":"Polygon","coordinates":[[[-85.0234253770209,38.762102680894],[-84.991927,38.778537],[-84.943641,38.775427],[-84.887285,38.794776],[-84.828857,38.783271],[-84.814641,38.784488],[-84.811645,38.792766],[-84.829958,38.830632],[-84.798459,38.855281],[-84.78302,38.85484],[-84.779022,38.859512],[-84.778257,38.847824],[-84.760015,38.847188],[-84.750122,38.830647],[-84.660107,38.777293],[-84.780766,38.765208],[-84.785788,38.720459],[-84.793642,38.724626],[-84.799612,38.715507],[-84.813114,38.711976],[-84.816185,38.707398],[-84.811845,38.702307],[-84.833243,38.712031],[-84.844734,38.696818],[-84.868989,38.699754],[-84.872053,38.689799],[-84.882106,38.68498],[-84.888102,38.687346],[-84.889989,38.67636],[-84.904134,38.678497],[-84.904518,38.670719],[-84.911569,38.668669],[-84.925431,38.673417],[-84.934536,38.66213],[-84.962671,38.679586],[-85.0234253770209,38.762102680894]]]}},{"type":"Feature","properties":{"GEOID":"21201","NAME":"Robertson","state":"KY","wildfire_risk_score":0.732,"wildfire_eal_total":189.23,"risk_band":"Low","source":"FEMA National Risk Index v1.20 (December 2025)"},"geometry":{"type":"Polygon","coordinates":[[[-84.183673,38.50059],[-84.178484,38.532774],[-84.163577,38.539495],[-84.162031,38.554125],[-84.146365,38.549802],[-84.122329,38.563575],[-84.124813,38.568465],[-84.114422,38.571097],[-84.102296,38.581572],[-84.104477,38.586288],[-84.082427,38.598976],[-84.083746,38.608594],[-84.077981,38.598337],[-84.06647,38.603257],[-84.067899,38.598562],[-84.0595,38.598896],[-84.060756,38.592274],[-84.057328,38.591346],[-84.050252,38.602592],[-84.044707,38.595294],[-84.052206,38.591352],[-84.034002,38.596595],[-84.033695,38.582947],[-84.023322,38.584175],[-84.024986,38.591685],[-84.020287,38.594769],[-84.015784,38.590528],[-84.018628,38.583965],[-84.002354,38.589576],[-83.996412,38.583514],[-83.991605,38.593701],[-83.987323,38.5931],[-83.988659,38.589828],[-83.973741,38.589304],[-83.970573,38.585622],[-83.973911,38.582285],[-83.9683,38.58277],[-83.960962,38.532872],[-83.930348,38.492278],[-83.982823,38.451825],[-83.980344,38.437089],[-83.991275,38.434794],[-83.993239,38.425715],[-83.999227,38.422286],[-83.999199,38.441453],[-84.003644,38.440553],[-84.005184,38.431001],[-84.017289,38.445352],[-84.029755,38.440637],[-84.071162,38.456871],[-84.087516,38.454805],[-84.1021,38.459379],[-84.106226,38.468739],[-84.123542,38.476311],[-84.131519,38.474943],[-84.13095,38.482601],[-84.14752,38.476501],[-84.151135,38.489207],[-84.166211,38.485059],[-84.173823,38.48791],[-84.172086,38.493607],[-84.158567,38.496397],[-84.161372,38.501786],[-84.173679,38.502111],[-84.181323,38.49611],[-84.183673,38.50059]]]}},{"type":"Feature","properties":{"GEOID":"21087","NAME":"Green","state":"KY","wildfire_risk_score":4.294,"wildfire_eal_total":1013.66,"risk_band":"Low","source":"FEMA National Risk Index v1.20 (December 2025)"},"geometry":{"type":"Polygon","coordinates":[[[-85.697325,37.301838],[-85.685485,37.361306],[-85.658637,37.388679],[-85.650809,37.386253],[-85.65421,37.390043],[-85.652645,37.407577],[-85.658413,37.413014],[-85.655889,37.420884],[-85.665391,37.436756],[-85.655096,37.447435],[-85.638227,37.454075],[-85.640095,37.459615],[-85.63435,37.471681],[-85.617835,37.468122],[-85.608615,37.460022],[-85.603338,37.467442],[-85.584299,37.47104],[-85.584477,37.432091],[-85.478081,37.363673],[-85.390658,37.247062],[-85.391564,37.237693],[-85.40736,37.234369],[-85.410756,37.22418],[-85.371895,37.221312],[-85.352771,37.192432],[-85.380258,37.168314],[-85.526881,37.10945],[-85.632313,37.125056],[-85.660898,37.143039],[-85.686482,37.182427],[-85.680469,37.259213],[-85.66966,37.267985],[-85.679724,37.27065],[-85.681841,37.287781],[-85.697325,37.301838]]]}},{"type":"Feature","properties":{"GEOID":"21045","NAME":"Casey","state":"KY","wildfire_risk_score":17.812,"wildfire_eal_total":4294.79,"risk_band":"Moderate","source":"FEMA National Risk Index v1.20 (December 2025)"},"geometry":{"type":"Polygon","coordinates":[[[-85.164936,37.311327],[-85.132497,37.35982],[-85.131162,37.384265],[-85.118958,37.384766],[-85.106176,37.397335],[-85.084566,37.39892],[-85.072423,37.414911],[-85.061212,37.418249],[-85.045023,37.412246],[-85.039674,37.545232],[-85.013109,37.551266],[-85.002407,37.548531],[-85.002183,37.533628],[-84.8981,37.532113],[-84.847434,37.548343],[-84.857086,37.528519],[-84.86013,37.46735],[-84.850816,37.427143],[-84.796104,37.390556],[-84.722826,37.360043],[-84.706122,37.299835],[-84.723978,37.286791],[-84.715952,37.252649],[-84.720712,37.238328],[-84.809338,37.175034],[-84.916557,37.107281],[-84.954406,37.102271],[-84.970471,37.112941],[-85.053565,37.196746],[-85.056898,37.257041],[-85.164936,37.311327]]]}},{"type":"Feature","properties":{"GEOID":"21039","NAME":"Carlisle","state":"KY","wildfire_risk_score":3.276,"wildfire_eal_total":989.48,"risk_band":"Low","source":"FEMA National Risk Index v1.20 (December 2025)"},"geometry":{"type":"Polygon","coordinates":[[[-89.179229,36.812915],[-89.178888,36.831368],[-89.173419,36.839806],[-89.137969,36.847349],[-89.117567,36.887356],[-89.1007620066847,36.9440018170751],[-89.092197,36.945],[-89.087527,36.939264],[-89.080253,36.915486],[-89.07742,36.920876],[-89.070332,36.915799],[-89.070927,36.920624],[-89.063836,36.923224],[-89.064077,36.929806],[-89.07091,36.932129],[-89.062487,36.935748],[-89.053741,36.932885],[-89.054276,36.93544],[-89.051222,36.938055],[-89.047094,36.932506],[-89.049474,36.925618],[-89.035315,36.92754],[-89.02645,36.923771],[-89.01342,36.930349],[-89.010206,36.922621],[-89.006478,36.927467],[-88.990832,36.919477],[-88.962716,36.930885],[-88.93993,36.931614],[-88.92772,36.940377],[-88.912168,36.942177],[-88.905058,36.937442],[-88.860003,36.951647],[-88.842003,36.947433],[-88.820778,36.954736],[-88.812897,36.946864],[-88.813229,36.773115],[-89.067265,36.772763],[-89.061815,36.787018],[-89.104158,36.797285],[-89.1234809771075,36.7852576789117],[-89.155891,36.789126],[-89.171069,36.798119],[-89.179229,36.812915]]]}},{"type":"Feature","properties":{"GEOID":"21227","NAME":"Warren","state":"KY","wildfire_risk_score":18.511,"wildfire_eal_total":7231.09,"risk_band":"Moderate","source":"FEMA National Risk Index v1.20 (December 2025)"},"geometry":{"type":"Polygon","coordinates":[[[-86.674462,36.999766],[-86.618743,37.148616],[-86.613016,37.154112],[-86.613223,37.164599],[-86.62361,37.174754],[-86.623382,37.181049],[-86.618158,37.183906],[-86.612651,37.180289],[-86.60662,37.185223],[-86.59447,37.184968],[-86.588686,37.178874],[-86.581133,37.185073],[-86.563316,37.187271],[-86.561214,37.179096],[-86.541038,37.176008],[-86.534684,37.182244],[-86.52709,37.176901],[-86.517826,37.186396],[-86.49649,37.190708],[-86.469699,37.162985],[-86.467309,37.153457],[-86.457683,37.150592],[-86.444304,37.154035],[-86.440205,37.166613],[-86.412252,37.15186],[-86.408916,37.154506],[-86.410913,37.165964],[-86.399165,37.169896],[-86.28175,37.080597],[-86.256493,37.085593],[-86.241809,37.097005],[-86.218607,37.104029],[-86.192246,37.076696],[-86.113512,37.061072],[-86.16674,36.934015],[-86.189027,36.921677],[-86.201417,36.935315],[-86.210152,36.927623],[-86.203257,36.913469],[-86.212725,36.903699],[-86.226309,36.912633],[-86.228956,36.907454],[-86.235463,36.906964],[-86.234629,36.898516],[-86.239914,36.898884],[-86.240626,36.894288],[-86.266522,36.893367],[-86.268885,36.887495],[-86.262657,36.884425],[-86.263405,36.873134],[-86.405769,36.776187],[-86.400518,36.807226],[-86.583289,36.830282],[-86.674462,36.999766]]]}},{"type":"Feature","properties":{"GEOID":"21149","NAME":"McLean","state":"KY","wildfire_risk_score":4.517,"wildfire_eal_total":1064.6,"risk_band":"Low","source":"FEMA National Risk Index v1.20 (December 2025)"},"geometry":{"type":"Polygon","coordinates":[[[-87.499924,37.639269],[-87.494136,37.648958],[-87.472811,37.664869],[-87.420533,37.670153],[-87.408547,37.683563],[-87.138821,37.575628],[-87.095532,37.56693],[-87.07287,37.567729],[-87.064902,37.572588],[-87.03826,37.560803],[-87.111784,37.472581],[-87.117268,37.472377],[-87.124272,37.486946],[-87.135629,37.485153],[-87.119222,37.467682],[-87.104842,37.461555],[-87.102036,37.414082],[-87.171068,37.413589],[-87.210958,37.38093],[-87.300526,37.390155],[-87.311479,37.401873],[-87.328543,37.398462],[-87.325011,37.40712],[-87.35254,37.426559],[-87.358297,37.465693],[-87.354112,37.480654],[-87.361817,37.486975],[-87.356883,37.495386],[-87.359393,37.503991],[-87.349404,37.518671],[-87.358127,37.531538],[-87.36647,37.533663],[-87.359612,37.546127],[-87.379997,37.578429],[-87.39697,37.589253],[-87.459257,37.592862],[-87.481018,37.599916],[-87.499647,37.627445],[-87.499924,37.639269]]]}},{"type":"Feature","properties":{"GEOID":"21001","NAME":"Adair","state":"KY","wildfire_risk_score":15.903,"wildfire_eal_total":4022.96,"risk_band":"Moderate","source":"FEMA National Risk Index v1.20 (December 2025)"},"geometry":{"type":"Polygon","coordinates":[[[-85.526881,37.10945],[-85.380258,37.168314],[-85.317235,37.223913],[-85.307827,37.227337],[-85.314663,37.24074],[-85.311301,37.24681],[-85.305339,37.24216],[-85.294005,37.245749],[-85.270446,37.262519],[-85.257813,37.259353],[-85.246961,37.264493],[-85.223594,37.262494],[-85.199303,37.267746],[-85.192179,37.272584],[-85.191674,37.2848],[-85.184619,37.29362],[-85.188375,37.306955],[-85.176197,37.312262],[-85.147434,37.30443],[-85.112093,37.28209],[-85.056898,37.257041],[-85.053565,37.196746],[-85.043316,37.186028],[-85.166186,37.033265],[-85.205831,36.996862],[-85.232026,36.925069],[-85.45183,36.938138],[-85.441755,36.954076],[-85.503629,37.00768],[-85.522736,37.067339],[-85.526881,37.10945]]]}},{"type":"Feature","properties":{"GEOID":"21137","NAME":"Lincoln","state":"KY","wildfire_risk_score":24.332,"wildfire_eal_total":7980.77,"risk_band":"Moderate","source":"FEMA National Risk Index v1.20 (December 2025)"},"geometry":{"type":"Polygon","coordinates":[[[-84.857923,37.484067],[-84.857086,37.528519],[-84.847434,37.548343],[-84.784077,37.576791],[-84.747312,37.585533],[-84.756826,37.588362],[-84.755371,37.596096],[-84.744171,37.597354],[-84.746986,37.585612],[-84.72367,37.591343],[-84.688285,37.612505],[-84.696372,37.617283],[-84.689776,37.625675],[-84.683807,37.62099],[-84.676623,37.62398],[-84.673063,37.615893],[-84.66617,37.617504],[-84.663661,37.6252],[-84.658381,37.617752],[-84.652085,37.625481],[-84.6599,37.633452],[-84.650499,37.640313],[-84.651585,37.634071],[-84.636022,37.621765],[-84.640475,37.618737],[-84.645745,37.624134],[-84.652567,37.61821],[-84.648559,37.609897],[-84.644247,37.612765],[-84.632692,37.600974],[-84.619444,37.602024],[-84.618471,37.593051],[-84.473024,37.494483],[-84.452394,37.49277],[-84.446719,37.485893],[-84.502932,37.328801],[-84.556461,37.355729],[-84.720712,37.238328],[-84.715952,37.252649],[-84.723978,37.286791],[-84.706122,37.299835],[-84.722826,37.360043],[-84.796104,37.390556],[-84.850816,37.427143],[-84.86013,37.46735],[-84.857923,37.484067]]]}},{"type":"Feature","properties":{"GEOID":"21021","NAME":"Boyle","state":"KY","wildfire_risk_score":9.51,"wildfire_eal_total":2935.77,"risk_band":"Moderate","source":"FEMA National Risk Index v1.20 (December 2025)"},"geometry":{"type":"Polygon","coordinates":[[[-85.034471,37.596699],[-85.025021,37.678854],[-84.807867,37.704614],[-84.793574,37.717249],[-84.739924,37.713532],[-84.733301,37.709424],[-84.743054,37.697425],[-84.722387,37.692803],[-84.700028,37.697407],[-84.704022,37.686123],[-84.699626,37.681624],[-84.683195,37.686871],[-84.68525,37.681717],[-84.68012,37.674967],[-84.698217,37.668506],[-84.705324,37.660836],[-84.69337,37.664564],[-84.678862,37.65515],[-84.693741,37.640927],[-84.678594,37.636856],[-84.672538,37.640886],[-84.679999,37.645251],[-84.669495,37.646461],[-84.665962,37.652875],[-84.655672,37.653982],[-84.651827,37.649684],[-84.654255,37.640829],[-84.666057,37.639758],[-84.666694,37.634129],[-84.658296,37.634501],[-84.652085,37.625481],[-84.658381,37.617752],[-84.663661,37.6252],[-84.66617,37.617504],[-84.673063,37.615893],[-84.676623,37.62398],[-84.683807,37.62099],[-84.689776,37.625675],[-84.696372,37.617283],[-84.688285,37.612505],[-84.72367,37.591343],[-84.746986,37.585612],[-84.744171,37.597354],[-84.755371,37.596096],[-84.756826,37.588362],[-84.747312,37.585533],[-84.784077,37.576791],[-84.847434,37.548343],[-84.8981,37.532113],[-85.002183,37.533628],[-85.002407,37.548531],[-85.013109,37.551266],[-85.039674,37.545232],[-85.034471,37.596699]]]}},{"type":"Feature","properties":{"GEOID":"21129","NAME":"Lee","state":"KY","wildfire_risk_score":57.793,"wildfire_eal_total":57698.34,"risk_band":"High","source":"FEMA National Risk Index v1.20 (December 2025)"},"geometry":{"type":"Polygon","coordinates":[[[-83.90557,37.542856],[-83.858098,37.609205],[-83.865812,37.612269],[-83.864418,37.617313],[-83.83246,37.636259],[-83.818571,37.633058],[-83.808123,37.636035],[-83.807164,37.642939],[-83.814398,37.644705],[-83.822121,37.665578],[-83.810213,37.667561],[-83.802301,37.677509],[-83.780783,37.687807],[-83.778293,37.694672],[-83.760349,37.702422],[-83.744958,37.71642],[-83.71221,37.720135],[-83.628307,37.67889],[-83.616649,37.666925],[-83.522308,37.638516],[-83.581156,37.503595],[-83.607886,37.514786],[-83.613868,37.508907],[-83.622381,37.510775],[-83.618466,37.521007],[-83.627004,37.522649],[-83.630412,37.53746],[-83.643093,37.541371],[-83.657152,37.536781],[-83.680439,37.511984],[-83.701721,37.507705],[-83.732784,37.521032],[-83.744954,37.508322],[-83.742984,37.494253],[-83.82934,37.486821],[-83.864818,37.502185],[-83.866209,37.513231],[-83.885262,37.517688],[-83.90557,37.542856]]]}},{"type":"Feature","properties":{"GEOID":"21233","NAME":"Webster","state":"KY","wildfire_risk_score":2.513,"wildfire_eal_total":921.96,"risk_band":"Low","source":"FEMA National Risk Index v1.20 (December 2025)"},"geometry":{"type":"Polygon","coordinates":[[[-87.942777,37.466841],[-87.918474,37.492937],[-87.807403,37.576439],[-87.734545,37.638376],[-87.495331,37.647547],[-87.499647,37.627445],[-87.482702,37.600914],[-87.459257,37.592862],[-87.39697,37.589253],[-87.38082,37.579369],[-87.375145,37.569988],[-87.497112,37.487802],[-87.593575,37.461963],[-87.813413,37.350645],[-87.827187,37.351956],[-87.828217,37.358903],[-87.821212,37.358487],[-87.819963,37.366034],[-87.811461,37.364087],[-87.801544,37.382152],[-87.810299,37.376383],[-87.817359,37.382655],[-87.81447,37.38734],[-87.818952,37.388185],[-87.826369,37.380095],[-87.84119,37.379318],[-87.843032,37.3745],[-87.859683,37.380086],[-87.855106,37.389643],[-87.860026,37.392083],[-87.844534,37.394982],[-87.843615,37.416822],[-87.847034,37.420752],[-87.856524,37.414442],[-87.86553,37.417349],[-87.861529,37.409],[-87.868638,37.405345],[-87.896512,37.403648],[-87.903034,37.398197],[-87.915386,37.404369],[-87.912805,37.410894],[-87.91607,37.407273],[-87.920917,37.411109],[-87.929999,37.409167],[-87.938325,37.425635],[-87.936385,37.43865],[-87.942777,37.466841]]]}},{"type":"Feature","properties":{"GEOID":"21171","NAME":"Monroe","state":"KY","wildfire_risk_score":11.037,"wildfire_eal_total":2302.56,"risk_band":"Moderate","source":"FEMA National Risk Index v1.20 (December 2025)"},"geometry":{"type":"Polygon","coordinates":[[[-85.97691,36.722722],[-85.807011,36.821638],[-85.772286,36.83634],[-85.748826,36.8421],[-85.613232,36.832733],[-85.602421,36.829574],[-85.596214,36.818039],[-85.588751,36.777349],[-85.576197,36.778166],[-85.571043,36.770699],[-85.542513,36.774814],[-85.539347,36.758917],[-85.52781,36.751365],[-85.517429,36.731326],[-85.508542,36.736797],[-85.47053,36.732575],[-85.496932,36.690718],[-85.4364330342016,36.6185230953912],[-85.551483,36.615727],[-85.9729214486467,36.6285202945041],[-85.962189,36.644131],[-85.950661,36.651023],[-85.949403,36.661645],[-85.977442,36.715877],[-85.97691,36.722722]]]}},{"type":"Feature","properties":{"GEOID":"21091","NAME":"Hancock","state":"KY","wildfire_risk_score":5.121,"wildfire_eal_total":1331.88,"risk_band":"Low","source":"FEMA National Risk Index v1.20 (December 2025)"},"geometry":{"type":"Polygon","coordinates":[[[-86.987136,37.897383],[-86.984775,37.906396],[-86.970154,37.918917],[-86.975364,37.920311],[-86.9788339203536,37.9302314188525],[-86.917949,37.93724],[-86.85595,37.987292],[-86.820071,37.999392],[-86.79551,37.989453],[-86.764734,37.93241],[-86.73146,37.89434],[-86.716138,37.894073],[-86.680929,37.91501],[-86.647081,37.908621],[-86.644754,37.894806],[-86.662495,37.856951],[-86.655296,37.842508],[-86.666088,37.835803],[-86.677868,37.792836],[-86.622316,37.655008],[-86.823429,37.737754],[-86.8171,37.791589],[-86.842495,37.819921],[-86.854035,37.840811],[-86.886527,37.83626],[-86.893873,37.828673],[-86.915321,37.839592],[-86.904054,37.857196],[-86.908544,37.869282],[-86.901561,37.870124],[-86.893616,37.882037],[-86.903765,37.881432],[-86.909708,37.886003],[-86.906859,37.895352],[-86.915623,37.896523],[-86.910489,37.900956],[-86.931951,37.909727],[-86.958521,37.897976],[-86.983441,37.893423],[-86.987136,37.897383]]]}},{"type":"Feature","properties":{"GEOID":"21145","NAME":"McCracken","state":"KY","wildfire_risk_score":35.623,"wildfire_eal_total":19107.81,"risk_band":"High","source":"FEMA National Risk Index v1.20 (December 2025)"},"geometry":{"type":"Polygon","coordinates":[[[-88.934063,37.227719],[-88.80572,37.188595],[-88.732105,37.143956],[-88.693983,37.141155],[-88.625889,37.119458],[-88.601144,37.107081],[-88.5664745586981,37.075778390376],[-88.565945,37.067785],[-88.519546,37.029392],[-88.500932,37.022738],[-88.482957,37.022566],[-88.484103,36.942096],[-88.812897,36.946864],[-88.934063,37.227719]]]}},{"type":"Feature","properties":{"GEOID":"21117","NAME":"Kenton","state":"KY","wildfire_risk_score":20.929,"wildfire_eal_total":10017.96,"risk_band":"Moderate","source":"FEMA National Risk Index v1.20 (December 2025)"},"geometry":{"type":"Polygon","coordinates":[[[-84.6234848991522,39.0743602500324],[-84.601682,39.074115],[-84.572144,39.08206],[-84.550844,39.09936],[-84.524644,39.09216],[-84.5060822325253,39.0950807457156],[-84.503326,39.091512],[-84.504368,39.08585],[-84.49322,39.070628],[-84.497213,39.055154],[-84.48522,39.041016],[-84.489205,39.021219],[-84.473333,39.00451],[-84.450616,38.996416],[-84.464882,38.980042],[-84.465285,38.969828],[-84.454796,38.965461],[-84.440368,38.984421],[-84.427285,38.980863],[-84.445374,38.952322],[-84.463218,38.948467],[-84.438912,38.90488],[-84.452709,38.866292],[-84.449433,38.861287],[-84.463842,38.850952],[-84.453111,38.838038],[-84.449918,38.818743],[-84.44233,38.817842],[-84.435862,38.826862],[-84.427148,38.827919],[-84.418034,38.814996],[-84.418491,38.805904],[-84.547264,38.790093],[-84.597718,38.791169],[-84.615664,38.802277],[-84.597932,38.879431],[-84.6234848991522,39.0743602500324]]]}},{"type":"Feature","properties":{"GEOID":"21037","NAME":"Campbell","state":"KY","wildfire_risk_score":14.377,"wildfire_eal_total":6293.79,"risk_band":"Moderate","source":"FEMA National Risk Index v1.20 (December 2025)"},"geometry":{"type":"Polygon","coordinates":[[[-84.5060822325253,39.0950807457156],[-84.476243,39.11916],[-84.455342,39.12036],[-84.435541,39.102261],[-84.432341,39.067561],[-84.42573,39.053059],[-84.406941,39.045662],[-84.360439,39.041362],[-84.326539,39.027463],[-84.304698,39.006455],[-84.288164,38.955789],[-84.234453,38.893226],[-84.2319129457719,38.8748299158016],[-84.405205,38.8064],[-84.420869,38.808202],[-84.418034,38.814996],[-84.427148,38.827919],[-84.435862,38.826862],[-84.44233,38.817842],[-84.449918,38.818743],[-84.453111,38.838038],[-84.463842,38.850952],[-84.449433,38.861287],[-84.452709,38.866292],[-84.438912,38.90488],[-84.463218,38.948467],[-84.445374,38.952322],[-84.427285,38.980863],[-84.440368,38.984421],[-84.454796,38.965461],[-84.465285,38.969828],[-84.464882,38.980042],[-84.450616,38.996416],[-84.473333,39.00451],[-84.489205,39.021219],[-84.48522,39.041016],[-84.497213,39.055154],[-84.49322,39.070628],[-84.5060822325253,39.0950807457156]]]}},{"type":"Feature","properties":{"GEOID":"21041","NAME":"Carroll","state":"KY","wildfire_risk_score":2.672,"wildfire_eal_total":814.94,"risk_band":"Low","source":"FEMA National Risk Index v1.20 (December 2025)"},"geometry":{"type":"Polygon","coordinates":[[[-85.3330905339004,38.736201928374],[-85.289267,38.742357],[-85.258946,38.73777],[-85.246505,38.731821],[-85.213257,38.695446],[-85.18864,38.687583],[-85.173048,38.688022],[-85.136697,38.700236],[-85.101405,38.726551],[-85.0234253770209,38.762102680894],[-84.962671,38.679586],[-84.93441,38.65969],[-84.936982,38.650827],[-84.951524,38.649039],[-84.957326,38.653673],[-84.969888,38.648732],[-84.975966,38.635628],[-84.982017,38.637098],[-84.9922,38.630749],[-85.015787,38.632138],[-85.01294,38.622389],[-85.025374,38.613373],[-85.04036,38.610534],[-85.047378,38.614909],[-85.059846,38.611022],[-85.068487,38.604226],[-85.063912,38.600046],[-85.067446,38.593747],[-85.074583,38.596838],[-85.211375,38.580216],[-85.218866,38.596024],[-85.214268,38.603077],[-85.230257,38.617818],[-85.22907,38.627127],[-85.329683,38.725817],[-85.3330905339004,38.736201928374]]]}},{"type":"Feature","properties":{"GEOID":"21023","NAME":"Bracken","state":"KY","wildfire_risk_score":1.559,"wildfire_eal_total":656.33,"risk_band":"Low","source":"FEMA National Risk Index v1.20 (December 2025)"},"geometry":{"type":"Polygon","coordinates":[[[-84.235962,38.822361],[-84.2304215920899,38.8274035078399],[-84.222059,38.813753],[-84.205592,38.802588],[-84.155912,38.794909],[-84.071491,38.770475],[-84.044486,38.770572],[-83.978814,38.787104],[-83.962123,38.787384],[-83.943978,38.783616],[-83.926986,38.771562],[-83.9039169444849,38.7681517942292],[-83.996412,38.583514],[-84.002354,38.589576],[-84.018628,38.583965],[-84.015784,38.590528],[-84.020287,38.594769],[-84.024986,38.591685],[-84.023322,38.584175],[-84.033695,38.582947],[-84.034002,38.596595],[-84.052206,38.591352],[-84.044707,38.595294],[-84.050252,38.602592],[-84.057328,38.591346],[-84.060756,38.592274],[-84.0595,38.598896],[-84.067899,38.598562],[-84.06647,38.603257],[-84.077981,38.598337],[-84.083746,38.608594],[-84.083512,38.597737],[-84.104477,38.586288],[-84.102296,38.581572],[-84.124813,38.568465],[-84.122329,38.563575],[-84.142909,38.550934],[-84.151693,38.550031],[-84.16735,38.558822],[-84.200794,38.55045],[-84.215625,38.554976],[-84.217198,38.560874],[-84.202176,38.566151],[-84.205265,38.587114],[-84.195677,38.59073],[-84.201054,38.603857],[-84.207373,38.597602],[-84.235962,38.822361]]]}},{"type":"Feature","properties":{"GEOID":"21083","NAME":"Graves","state":"KY","wildfire_risk_score":26.718,"wildfire_eal_total":8975.46,"risk_band":"Moderate","source":"FEMA National Risk Index v1.20 (December 2025)"},"geometry":{"type":"Polygon","coordinates":[[[-88.819595,36.755906],[-88.813229,36.773115],[-88.812897,36.946864],[-88.484103,36.942096],[-88.4890752146435,36.5010676761135],[-88.8167651860365,36.5028152435007],[-88.819595,36.755906]]]}},{"type":"Feature","properties":{"GEOID":"21019","NAME":"Boyd","state":"KY","wildfire_risk_score":68.448,"wildfire_eal_total":136497.4,"risk_band":"High","source":"FEMA National Risk Index v1.20 (December 2025)"},"geometry":{"type":"Polygon","coordinates":[[[-82.817702,38.376682],[-82.808892,38.38699],[-82.808534,38.395195],[-82.793543,38.400936],[-82.788519,38.412667],[-82.773933,38.418153],[-82.777057,38.42154],[-82.770288,38.432923],[-82.6654809126012,38.5057370043674],[-82.648395,38.490368],[-82.613802,38.474529],[-82.604089,38.459841],[-82.59348,38.421821],[-82.597113,38.412881],[-82.59474,38.397844],[-82.599737,38.39037],[-82.592815,38.377606],[-82.597979,38.344909],[-82.576496,38.328123],[-82.571756,38.317195],[-82.583056,38.296829],[-82.5746,38.274721],[-82.578254,38.254809],[-82.586061,38.245616],[-82.604625,38.247303],[-82.607202,38.261484],[-82.627373,38.268939],[-82.699471,38.261913],[-82.704886,38.253429],[-82.721192,38.249897],[-82.723797,38.243777],[-82.735318,38.242427],[-82.739284,38.236929],[-82.756769,38.23914],[-82.766528,38.235161],[-82.776618,38.240748],[-82.785798,38.239539],[-82.786578,38.244764],[-82.794206,38.243772],[-82.781462,38.345438],[-82.771737,38.362588],[-82.817702,38.376682]]]}},{"type":"Feature","properties":{"GEOID":"21237","NAME":"Wolfe","state":"KY","wildfire_risk_score":63.804,"wildfire_eal_total":62009.78,"risk_band":"High","source":"FEMA National Risk Index v1.20 (December 2025)"},"geometry":{"type":"Polygon","coordinates":[[[-83.707974,37.716463],[-83.620646,37.834844],[-83.605817,37.832226],[-83.607898,37.828185],[-83.600249,37.830142],[-83.598281,37.822062],[-83.590333,37.818343],[-83.585455,37.825504],[-83.575531,37.81972],[-83.562624,37.825249],[-83.563632,37.820121],[-83.55141,37.821615],[-83.524145,37.831167],[-83.526112,37.837799],[-83.517002,37.851733],[-83.49508,37.861906],[-83.478128,37.851814],[-83.484223,37.851501],[-83.480464,37.840436],[-83.45532,37.842679],[-83.452362,37.836286],[-83.441299,37.835101],[-83.442555,37.827137],[-83.433048,37.819112],[-83.386437,37.813675],[-83.387593,37.800357],[-83.375824,37.798396],[-83.364492,37.802616],[-83.335478,37.778706],[-83.329526,37.783269],[-83.324832,37.777802],[-83.334089,37.763677],[-83.333016,37.75745],[-83.31174,37.749829],[-83.305419,37.742649],[-83.287065,37.742288],[-83.288268,37.73488],[-83.282226,37.736706],[-83.279881,37.731544],[-83.281249,37.718921],[-83.27245,37.712782],[-83.265312,37.715153],[-83.260723,37.707465],[-83.242808,37.698119],[-83.257445,37.685463],[-83.257324,37.677135],[-83.248692,37.669616],[-83.25795,37.67026],[-83.268313,37.67995],[-83.280125,37.674466],[-83.294862,37.682389],[-83.307445,37.677989],[-83.317939,37.682894],[-83.329572,37.679748],[-83.33067,37.674569],[-83.346052,37.676779],[-83.351859,37.684792],[-83.364582,37.684223],[-83.370184,37.692725],[-83.381934,37.691937],[-83.390476,37.699899],[-83.411346,37.688233],[-83.418635,37.690655],[-83.427525,37.683126],[-83.431626,37.673727],[-83.428803,37.667793],[-83.436032,37.661586],[-83.433805,37.656354],[-83.44552,37.650897],[-83.444496,37.643661],[-83.458716,37.630476],[-83.468942,37.630598],[-83.478417,37.622713],[-83.494518,37.619104],[-83.499114,37.622669],[-83.494899,37.630118],[-83.495922,37.645617],[-83.522308,37.638516],[-83.616649,37.666925],[-83.628307,37.67889],[-83.707974,37.716463]]]}},{"type":"Feature","properties":{"GEOID":"21153","NAME":"Magoffin","state":"KY","wildfire_risk_score":82.061,"wildfire_eal_total":356220.89,"risk_band":"High","source":"FEMA National Risk Index v1.20 (December 2025)"},"geometry":{"type":"Polygon","coordinates":[[[-83.27064,37.769169],[-83.264521,37.769317],[-83.232912,37.792274],[-83.224318,37.790613],[-83.225686,37.79593],[-83.207849,37.819104],[-83.18197,37.819429],[-83.173937,37.831665],[-83.113277,37.864121],[-83.129258,37.894438],[-83.089409,37.89034],[-83.07458,37.883468],[-83.066401,37.871257],[-83.056795,37.87015],[-83.042535,37.87226],[-83.044811,37.877876],[-83.034646,37.886384],[-83.022417,37.875099],[-83.024179,37.865475],[-83.004649,37.859247],[-82.984114,37.841509],[-82.986456,37.838711],[-82.98152,37.835412],[-82.986823,37.829824],[-82.987719,37.814094],[-82.950582,37.794734],[-82.948257,37.719871],[-82.940763,37.716338],[-82.945873,37.677938],[-82.942223,37.669111],[-82.927251,37.656355],[-82.912425,37.653598],[-82.908924,37.649213],[-82.91232,37.6436],[-82.903122,37.64069],[-82.906532,37.630914],[-82.900363,37.621162],[-82.905753,37.618934],[-82.90625,37.606593],[-82.904046,37.594758],[-82.89654,37.588485],[-82.902147,37.576932],[-82.896141,37.56703],[-82.888851,37.564619],[-82.890896,37.556293],[-82.885557,37.549538],[-82.889924,37.544124],[-82.878723,37.540134],[-82.879082,37.535395],[-82.892422,37.532426],[-82.891605,37.519083],[-82.896641,37.516227],[-82.896178,37.508926],[-82.910586,37.499218],[-82.909546,37.491498],[-82.92546,37.486525],[-82.933122,37.493878],[-82.941066,37.48963],[-82.944205,37.501434],[-82.954167,37.505051],[-82.950631,37.512807],[-83.000408,37.528181],[-83.001075,37.546101],[-83.018121,37.549189],[-83.012995,37.559735],[-83.017991,37.567959],[-83.009766,37.57673],[-83.012556,37.583916],[-83.021049,37.582889],[-83.027515,37.589649],[-83.039012,37.584384],[-83.043186,37.591244],[-83.057746,37.593464],[-83.057784,37.605468],[-83.06281,37.611264],[-83.071977,37.609511],[-83.072584,37.618776],[-83.082538,37.62197],[-83.083866,37.629815],[-83.089115,37.632381],[-83.094298,37.621061],[-83.100611,37.623918],[-83.114667,37.611401],[-83.120232,37.613278],[-83.134349,37.606542],[-83.150179,37.630779],[-83.157426,37.629169],[-83.160841,37.635347],[-83.173761,37.638323],[-83.171606,37.641915],[-83.184934,37.643266],[-83.186946,37.639746],[-83.194817,37.64445],[-83.193568,37.647755],[-83.200542,37.644246],[-83.222021,37.650247],[-83.236624,37.667146],[-83.246444,37.666729],[-83.257324,37.677135],[-83.256924,37.68685],[-83.242808,37.698119],[-83.262003,37.708652],[-83.261969,37.723601],[-83.252849,37.724955],[-83.251639,37.734653],[-83.242534,37.740464],[-83.27064,37.769169]]]}},{"type":"Feature","properties":{"GEOID":"21223","NAME":"Trimble","state":"KY","wildfire_risk_score":3.562,"wildfire_eal_total":929.8,"risk_band":"Low","source":"FEMA National Risk Index v1.20 (December 2025)"},"geometry":{"type":"Polygon","coordinates":[[[-85.456755,38.692252],[-85.452361,38.708194],[-85.436299,38.728484],[-85.41954,38.735513],[-85.365216,38.730468],[-85.3330905339004,38.736201928374],[-85.329683,38.725817],[-85.22907,38.627127],[-85.230257,38.617818],[-85.214268,38.603077],[-85.218866,38.596024],[-85.211375,38.580216],[-85.16827,38.585448],[-85.247716,38.52611],[-85.279627,38.496268],[-85.309846,38.499366],[-85.314006,38.492592],[-85.323767,38.500824],[-85.351216,38.508994],[-85.365098,38.507535],[-85.378743,38.518822],[-85.390768,38.515645],[-85.429075,38.519599],[-85.4332489449541,38.5246823758042],[-85.417047,38.541726],[-85.415821,38.563558],[-85.439284,38.607406],[-85.438742,38.659319],[-85.455486,38.68209],[-85.456755,38.692252]]]}},{"type":"Feature","properties":{"GEOID":"21103","NAME":"Henry","state":"KY","wildfire_risk_score":5.916,"wildfire_eal_total":1879.07,"risk_band":"Low","source":"FEMA National Risk Index v1.20 (December 2025)"},"geometry":{"type":"Polygon","coordinates":[[[-85.34608,38.45954],[-85.309846,38.499366],[-85.279627,38.496268],[-85.273364,38.500061],[-85.247716,38.52611],[-85.16827,38.585448],[-85.074583,38.596838],[-85.07593,38.578018],[-85.062961,38.564532],[-85.040913,38.574162],[-85.011897,38.562608],[-85.00264,38.554011],[-85.012303,38.54781],[-85.028949,38.507375],[-85.020297,38.503904],[-85.00048,38.517048],[-84.979072,38.516329],[-84.977166,38.512989],[-84.992159,38.495293],[-84.991422,38.489347],[-84.954946,38.471528],[-84.951578,38.457867],[-84.963226,38.437059],[-84.957041,38.429897],[-84.939253,38.427797],[-84.935123,38.456681],[-84.922642,38.464538],[-84.91223,38.459844],[-84.909846,38.449384],[-84.926656,38.440226],[-84.92794,38.434513],[-84.880258,38.419049],[-84.897591,38.389558],[-84.898649,38.378967],[-84.871231,38.370989],[-84.867062,38.361992],[-84.870482,38.356751],[-84.881686,38.356733],[-84.884079,38.351527],[-84.892357,38.3552],[-84.906256,38.374836],[-84.997667,38.335586],[-85.283082,38.358054],[-85.325109,38.404077],[-85.331779,38.443112],[-85.34608,38.45954]]]}},{"type":"Feature","properties":{"GEOID":"21057","NAME":"Cumberland","state":"KY","wildfire_risk_score":6.202,"wildfire_eal_total":1170.66,"risk_band":"Low","source":"FEMA National Risk Index v1.20 (December 2025)"},"geometry":{"type":"Polygon","coordinates":[[[-85.60096,36.872589],[-85.580531,36.868958],[-85.560719,36.850857],[-85.536982,36.862189],[-85.507377,36.867509],[-85.47422,36.893823],[-85.45183,36.938138],[-85.232026,36.925069],[-85.27495,36.897901],[-85.247832,36.877623],[-85.241684,36.855838],[-85.227131,36.851235],[-85.215405,36.854467],[-85.246458,36.743958],[-85.2959488756198,36.6258382676941],[-85.4364330342016,36.6185230953912],[-85.496932,36.690718],[-85.47053,36.732575],[-85.508542,36.736797],[-85.517429,36.731326],[-85.52781,36.751365],[-85.539347,36.758917],[-85.542513,36.774814],[-85.571043,36.770699],[-85.576197,36.778166],[-85.588751,36.777349],[-85.596214,36.818039],[-85.581216,36.822889],[-85.574686,36.838241],[-85.594208,36.857465],[-85.60096,36.872589]]]}},{"type":"Feature","properties":{"GEOID":"21207","NAME":"Russell","state":"KY","wildfire_risk_score":29.835,"wildfire_eal_total":9725.2,"risk_band":"Moderate","source":"FEMA National Risk Index v1.20 (December 2025)"},"geometry":{"type":"Polygon","coordinates":[[[-85.27495,36.897901],[-85.232026,36.925069],[-85.205831,36.996862],[-85.166186,37.033265],[-85.043316,37.186028],[-84.970471,37.112941],[-84.954406,37.102271],[-84.916557,37.107281],[-84.901112,37.116297],[-84.906983,37.087455],[-84.905778,37.047187],[-84.863737,37.00802],[-84.835712,36.997612],[-84.907859,36.945447],[-84.92883,36.95996],[-84.945527,36.959747],[-84.951274,36.953912],[-84.960878,36.916338],[-85.118411,36.827334],[-85.196988,36.874053],[-85.229251,36.888018],[-85.234373,36.886298],[-85.234201,36.879531],[-85.221517,36.871304],[-85.212638,36.857697],[-85.227131,36.851235],[-85.236706,36.853334],[-85.246163,36.861394],[-85.247832,36.877623],[-85.27495,36.897901]]]}},{"type":"Feature","properties":{"GEOID":"21009","NAME":"Barren","state":"KY","wildfire_risk_score":16.571,"wildfire_eal_total":4274.38,"risk_band":"Moderate","source":"FEMA National Risk Index v1.20 (December 2025)"},"geometry":{"type":"Polygon","coordinates":[[[-86.176212,36.915153],[-86.160555,36.92423],[-86.16674,36.934015],[-86.113512,37.061072],[-86.074267,37.053285],[-86.056443,37.167208],[-85.906494,37.148392],[-85.857058,37.151137],[-85.744221,37.169813],[-85.759315,37.150242],[-85.776962,37.138328],[-85.771771,37.109733],[-85.75609,37.109835],[-85.759278,37.068573],[-85.750396,37.005902],[-85.739255,36.841476],[-85.772286,36.83634],[-85.807011,36.821638],[-85.97691,36.722722],[-85.982876,36.741563],[-86.002309,36.758711],[-86.030735,36.764383],[-86.037306,36.760179],[-86.040744,36.767437],[-86.051293,36.772409],[-86.049786,36.77811],[-86.034703,36.780382],[-86.039224,36.790835],[-86.052121,36.794451],[-86.047426,36.807902],[-86.071472,36.807012],[-86.066045,36.822847],[-86.055692,36.830065],[-86.078016,36.8547],[-86.076587,36.872395],[-86.072468,36.871501],[-86.070215,36.877294],[-86.076816,36.881254],[-86.078244,36.891253],[-86.068098,36.894329],[-86.066606,36.891084],[-86.06531,36.899128],[-86.097399,36.900813],[-86.107923,36.887592],[-86.107366,36.879515],[-86.097526,36.867704],[-86.103684,36.864192],[-86.124777,36.895444],[-86.141296,36.892292],[-86.146893,36.896441],[-86.134673,36.902719],[-86.141926,36.91353],[-86.136048,36.932094],[-86.150469,36.926811],[-86.14897,36.911562],[-86.152449,36.908636],[-86.164417,36.906886],[-86.176212,36.915153]]]}},{"type":"Feature","properties":{"GEOID":"21143","NAME":"Lyon","state":"KY","wildfire_risk_score":12.754,"wildfire_eal_total":3141.64,"risk_band":"Moderate","source":"FEMA National Risk Index v1.20 (December 2025)"},"geometry":{"type":"Polygon","coordinates":[[[-88.240371,36.981911],[-88.209221,36.999976],[-88.226774,37.027602],[-88.225194,37.045398],[-88.216295,37.056225],[-88.232345,37.086139],[-88.217537,37.094848],[-88.210909,37.130426],[-88.193519,37.147256],[-88.196386,37.140286],[-88.19211,37.133127],[-88.197339,37.13161],[-88.182447,37.133553],[-88.184188,37.126189],[-88.160568,37.132124],[-88.163384,37.143154],[-88.153199,37.149531],[-88.148192,37.146272],[-88.14469,37.154319],[-88.142484,37.148875],[-88.132369,37.145326],[-88.136327,37.147704],[-88.131678,37.149705],[-88.131581,37.158221],[-88.12863,37.160291],[-88.126108,37.153438],[-88.107914,37.161181],[-88.109018,37.166146],[-88.101306,37.170107],[-88.101837,37.179513],[-88.095781,37.179684],[-88.042285,37.174774],[-87.97508,37.06739],[-87.876996,36.960116],[-87.890669,36.960144],[-88.002697,36.910168],[-88.157347,36.867183],[-88.180283,36.900827],[-88.189389,36.935549],[-88.240371,36.981911]]]}},{"type":"Feature","properties":{"GEOID":"21173","NAME":"Montgomery","state":"KY","wildfire_risk_score":30.662,"wildfire_eal_total":13772.22,"risk_band":"High","source":"FEMA National Risk Index v1.20 (December 2025)"},"geometry":{"type":"Polygon","coordinates":[[[-84.070114,38.123806],[-84.060073,38.133901],[-83.990171,38.175067],[-83.977924,38.192118],[-83.970038,38.187451],[-83.978905,38.188148],[-83.98028,38.184107],[-83.970789,38.179551],[-83.979177,38.175109],[-83.965253,38.170542],[-83.967073,38.16544],[-83.97589,38.167321],[-83.973888,38.157908],[-83.967592,38.159457],[-83.961844,38.153876],[-83.961364,38.159779],[-83.952011,38.164293],[-83.956181,38.159275],[-83.949874,38.156215],[-83.952448,38.152953],[-83.936885,38.146826],[-83.881353,38.136517],[-83.820799,38.08111],[-83.801686,38.041702],[-83.755706,38.004966],[-83.765375,37.985736],[-83.772865,37.990091],[-83.775809,37.986946],[-83.773514,37.973959],[-83.77717,37.971775],[-83.770113,37.961468],[-83.775096,37.955605],[-83.775269,37.939077],[-83.764331,37.928141],[-83.770541,37.91572],[-83.78237,37.908094],[-83.799599,37.907379],[-83.814919,37.900227],[-83.828286,37.906381],[-83.832455,37.902777],[-83.841426,37.906298],[-83.852636,37.902756],[-83.862351,37.908115],[-83.876832,37.90446],[-83.880037,37.913645],[-83.886242,37.916507],[-83.908162,37.916717],[-83.959881,37.933765],[-83.96631,37.930768],[-84.080527,38.115118],[-84.070114,38.123806]]]}},{"type":"Feature","properties":{"GEOID":"21105","NAME":"Hickman","state":"KY","wildfire_risk_score":2.767,"wildfire_eal_total":730.31,"risk_band":"Low","source":"FEMA National Risk Index v1.20 (December 2025)"},"geometry":{"type":"Polygon","coordinates":[[[-89.201047,36.725772],[-89.197808,36.739412],[-89.179545,36.756132],[-89.166888,36.759633],[-89.126134,36.751735],[-89.116067,36.772423],[-89.1234809771075,36.7852576789117],[-89.104158,36.797285],[-89.061815,36.787018],[-89.067265,36.772763],[-88.813229,36.773115],[-88.819595,36.755906],[-88.8167651860365,36.5028152435007],[-88.834865800811,36.5029112012574],[-88.903877,36.576975],[-88.928042,36.578769],[-88.940873,36.591514],[-89.026708,36.592124],[-89.147098,36.649117],[-89.1746818752528,36.6504726524698],[-89.15908,36.666352],[-89.171882,36.672526],[-89.167961,36.678189],[-89.169522,36.688878],[-89.19604,36.712017],[-89.201047,36.725772]]]}},{"type":"Feature","properties":{"GEOID":"21053","NAME":"Clinton","state":"KY","wildfire_risk_score":33.429,"wildfire_eal_total":12130.8,"risk_band":"High","source":"FEMA National Risk Index v1.20 (December 2025)"},"geometry":{"type":"Polygon","coordinates":[[[-85.2959488756198,36.6258382676941],[-85.246458,36.743958],[-85.212638,36.857697],[-85.221517,36.871304],[-85.234201,36.879531],[-85.234373,36.886298],[-85.226976,36.887425],[-85.196988,36.874053],[-85.118411,36.827334],[-85.064307,36.858743],[-85.059167,36.833097],[-85.026377,36.806912],[-85.004099,36.756237],[-85.019868,36.719934],[-85.013722,36.713093],[-85.021482,36.703857],[-85.020476,36.69435],[-85.018502,36.689872],[-85.011108,36.690098],[-85.001357,36.676949],[-85.009383,36.669485],[-84.998144,36.663097],[-84.997486,36.649473],[-85.004512,36.639692],[-84.999464,36.624555],[-84.989396,36.619149],[-84.977966,36.620413],[-84.9748750576222,36.6155518237457],[-85.096128,36.622483],[-85.2959488756198,36.6258382676941]]]}},{"type":"Feature","properties":{"GEOID":"21113","NAME":"Jessamine","state":"KY","wildfire_risk_score":6.743,"wildfire_eal_total":3016.1,"risk_band":"Low","source":"FEMA National Risk Index v1.20 (December 2025)"},"geometry":{"type":"Polygon","coordinates":[[[-84.724327,37.829527],[-84.716905,37.840923],[-84.695498,37.845415],[-84.688921,37.85158],[-84.694198,37.859483],[-84.709918,37.861952],[-84.660135,38.003745],[-84.592335,37.986428],[-84.479629,37.940219],[-84.471695,37.920113],[-84.452651,37.908811],[-84.443277,37.879305],[-84.434398,37.868454],[-84.43572,37.847202],[-84.441439,37.842501],[-84.45674,37.840665],[-84.474376,37.85351],[-84.484847,37.843344],[-84.479603,37.827717],[-84.463445,37.808206],[-84.464482,37.799228],[-84.471962,37.796452],[-84.482441,37.802141],[-84.495962,37.785248],[-84.521997,37.778021],[-84.525643,37.769497],[-84.535005,37.770308],[-84.539456,37.75476],[-84.555375,37.749225],[-84.57031,37.728713],[-84.587227,37.73533],[-84.587841,37.753624],[-84.59879,37.75228],[-84.60546,37.743019],[-84.615821,37.746284],[-84.604594,37.759092],[-84.625145,37.773584],[-84.638084,37.773544],[-84.642919,37.778106],[-84.642476,37.791891],[-84.627689,37.797209],[-84.610074,37.791712],[-84.609457,37.800434],[-84.659497,37.80917],[-84.649516,37.790093],[-84.656903,37.783921],[-84.668805,37.783771],[-84.679131,37.796012],[-84.677476,37.828536],[-84.695715,37.827869],[-84.716925,37.815389],[-84.724094,37.822367],[-84.724327,37.829527]]]}},{"type":"Feature","properties":{"GEOID":"21191","NAME":"Pendleton","state":"KY","wildfire_risk_score":5.534,"wildfire_eal_total":1678.24,"risk_band":"Low","source":"FEMA National Risk Index v1.20 (December 2025)"},"geometry":{"type":"Polygon","coordinates":[[[-84.532288,38.791937],[-84.405205,38.8064],[-84.2319129457719,38.8748299158016],[-84.2304215920899,38.8274035078399],[-84.235962,38.822361],[-84.207373,38.597602],[-84.201054,38.603857],[-84.195534,38.588381],[-84.202701,38.588904],[-84.205346,38.582039],[-84.400321,38.560603],[-84.409753,38.565876],[-84.41831,38.557221],[-84.426478,38.557329],[-84.420306,38.551711],[-84.427891,38.546463],[-84.419285,38.543435],[-84.432773,38.539168],[-84.433869,38.533687],[-84.448343,38.53658],[-84.445991,38.532497],[-84.448556,38.529422],[-84.449327,38.533408],[-84.455028,38.530721],[-84.458991,38.536776],[-84.467092,38.536487],[-84.472188,38.54399],[-84.476299,38.542723],[-84.532288,38.791937]]]}},{"type":"Feature","properties":{"GEOID":"21213","NAME":"Simpson","state":"KY","wildfire_risk_score":5.471,"wildfire_eal_total":1576.41,"risk_band":"Low","source":"FEMA National Risk Index v1.20 (December 2025)"},"geometry":{"type":"Polygon","coordinates":[[[-86.7632948135703,36.6489071684793],[-86.75134,36.72712],[-86.740301,36.755737],[-86.704274,36.809729],[-86.690719,36.8443],[-86.655888,36.876256],[-86.632405,36.882929],[-86.611586,36.883057],[-86.583289,36.830282],[-86.400518,36.807226],[-86.408859,36.740418],[-86.414034,36.738236],[-86.409321,36.727864],[-86.413845,36.723077],[-86.408595,36.720806],[-86.414677,36.714688],[-86.408976,36.709181],[-86.419001,36.678321],[-86.412345,36.672499],[-86.416163,36.66548],[-86.4113861435174,36.6505962464493],[-86.507771,36.652445],[-86.543777,36.640536],[-86.550054,36.644817],[-86.551292,36.637985],[-86.564143,36.633472],[-86.589906,36.652486],[-86.7632948135703,36.6489071684793]]]}},{"type":"Feature","properties":{"GEOID":"21221","NAME":"Trigg","state":"KY","wildfire_risk_score":12.532,"wildfire_eal_total":2863.18,"risk_band":"Moderate","source":"FEMA National Risk Index v1.20 (December 2025)"},"geometry":{"type":"Polygon","coordinates":[[[-88.157347,36.867183],[-88.002697,36.910168],[-87.890669,36.960144],[-87.870309,36.958284],[-87.858088,36.950714],[-87.764868,36.974737],[-87.733368,37.002103],[-87.659724,36.966397],[-87.671871,36.878892],[-87.67377,36.755855],[-87.694191328389,36.6370710817038],[-87.853204,36.633247],[-87.849567,36.663701],[-88.070532,36.678118],[-88.080636,36.707617],[-88.112649,36.750629],[-88.129464,36.806259],[-88.157347,36.867183]]]}},{"type":"Feature","properties":{"GEOID":"21075","NAME":"Fulton","state":"KY","wildfire_risk_score":4.835,"wildfire_eal_total":1000.41,"risk_band":"Low","source":"FEMA National Risk Index v1.20 (December 2025)"},"geometry":{"type":"MultiPolygon","coordinates":[[[[-89.405654,36.528165],[-89.395909,36.559649],[-89.382762,36.583603],[-89.376367,36.613868],[-89.365548,36.625059],[-89.326731,36.632186],[-89.27171,36.571387],[-89.259994,36.565149],[-89.236542,36.566824],[-89.213563,36.580119],[-89.202607,36.601576],[-89.197654,36.628936],[-89.1746818752528,36.6504726524698],[-89.147098,36.649117],[-89.026708,36.592124],[-88.940873,36.591514],[-88.928042,36.578769],[-88.903877,36.576975],[-88.834865800811,36.5029112012574],[-89.300284,36.507147],[-89.417275,36.499011],[-89.405654,36.528165]]],[[[-89.571509,36.552569],[-89.563185,36.568749],[-89.546113,36.579989],[-89.500076,36.576305],[-89.479093,36.568206],[-89.467761,36.546847],[-89.465888,36.529946],[-89.485427,36.497491],[-89.539232,36.497934],[-89.560344,36.525436],[-89.571509,36.552569]]]]}},{"type":"Feature","properties":{"GEOID":"21015","NAME":"Boone","state":"KY","wildfire_risk_score":24.682,"wildfire_eal_total":15433.62,"risk_band":"Moderate","source":"FEMA National Risk Index v1.20 (December 2025)"},"geometry":{"type":"Polygon","coordinates":[[[-84.896911,39.057474],[-84.832435,39.100489],[-84.78768,39.115297],[-84.766749,39.138558],[-84.750749,39.147358],[-84.718548,39.137059],[-84.684847,39.100459],[-84.657246,39.09546],[-84.6234848991522,39.0743602500324],[-84.597932,38.879431],[-84.615664,38.802277],[-84.643581,38.797995],[-84.644967,38.792851],[-84.656167,38.790117],[-84.654909,38.778059],[-84.660107,38.777293],[-84.750122,38.830647],[-84.760015,38.847188],[-84.778257,38.847824],[-84.779022,38.859512],[-84.78302,38.85484],[-84.7948332142549,38.8571966680428],[-84.784579,38.87532],[-84.792482,38.886743],[-84.812746,38.895132],[-84.870124,38.900389],[-84.878817,38.913405],[-84.877762,38.920357],[-84.83516,38.957961],[-84.830619,38.974898],[-84.850607,39.004693],[-84.885659,39.037494],[-84.896911,39.057474]]]}},{"type":"Feature","properties":{"GEOID":"21169","NAME":"Metcalfe","state":"KY","wildfire_risk_score":6.775,"wildfire_eal_total":1275.85,"risk_band":"Low","source":"FEMA National Risk Index v1.20 (December 2025)"},"geometry":{"type":"Polygon","coordinates":[[[-85.776962,37.138328],[-85.759315,37.150242],[-85.744221,37.169813],[-85.686482,37.182427],[-85.660898,37.143039],[-85.632313,37.125056],[-85.526881,37.10945],[-85.522736,37.067339],[-85.503629,37.00768],[-85.441755,36.954076],[-85.47422,36.893823],[-85.507377,36.867509],[-85.536982,36.862189],[-85.560719,36.850857],[-85.580531,36.868958],[-85.601624,36.872196],[-85.594208,36.857465],[-85.574686,36.838241],[-85.581216,36.822889],[-85.596214,36.818039],[-85.602421,36.829574],[-85.613232,36.832733],[-85.739255,36.841476],[-85.750396,37.005902],[-85.759278,37.068573],[-85.75609,37.109835],[-85.771771,37.109733],[-85.776962,37.138328]]]}},{"type":"Feature","properties":{"GEOID":"21035","NAME":"Calloway","state":"KY","wildfire_risk_score":18.639,"wildfire_eal_total":5674.03,"risk_band":"Moderate","source":"FEMA National Risk Index v1.20 (December 2025)"},"geometry":{"type":"Polygon","coordinates":[[[-88.488108,36.589064],[-88.485697,36.750328],[-88.110831,36.74715],[-88.085979,36.715652],[-88.073466,36.691679],[-88.068208,36.659747],[-88.057042,36.64054],[-88.045127,36.602939],[-88.032489,36.540662],[-88.037822,36.51385],[-88.053205,36.497129],[-88.4890752146435,36.5010676761135],[-88.488108,36.589064]]]}},{"type":"Feature","properties":{"GEOID":"21219","NAME":"Todd","state":"KY","wildfire_risk_score":2.894,"wildfire_eal_total":1084.09,"risk_band":"Low","source":"FEMA National Risk Index v1.20 (December 2025)"},"geometry":{"type":"Polygon","coordinates":[[[-87.318737,36.743023],[-87.260104,37.074933],[-87.252054,37.075715],[-87.25458,37.069581],[-87.245248,37.064116],[-87.246584,37.054409],[-87.262111,37.052719],[-87.250802,37.049067],[-87.250256,37.040557],[-87.118069,37.044732],[-87.053164,37.061019],[-87.058188,36.804718],[-87.05016,36.767516],[-87.059535,36.747951],[-87.0608458150142,36.6432171572868],[-87.335979533755,36.6415426709465],[-87.318737,36.743023]]]}},{"type":"Feature","properties":{"GEOID":"21047","NAME":"Christian","state":"KY","wildfire_risk_score":14.504,"wildfire_eal_total":4934.37,"risk_band":"Moderate","source":"FEMA National Risk Index v1.20 (December 2025)"},"geometry":{"type":"Polygon","coordinates":[[[-87.733368,37.002103],[-87.710912,37.021607],[-87.680617,37.149239],[-87.650087,37.147098],[-87.521609,37.105344],[-87.490825,37.12583],[-87.372285,37.1323],[-87.371385,37.136857],[-87.359294,37.13851],[-87.359668,37.144463],[-87.356142,37.143588],[-87.360305,37.15666],[-87.351692,37.159311],[-87.329576,37.154823],[-87.333981,37.154587],[-87.334744,37.148021],[-87.327642,37.139623],[-87.334277,37.131818],[-87.324617,37.133242],[-87.324208,37.124833],[-87.312806,37.113704],[-87.317237,37.112367],[-87.307316,37.111074],[-87.304925,37.10633],[-87.300022,37.113245],[-87.284329,37.108024],[-87.284494,37.09594],[-87.279112,37.091261],[-87.285534,37.08498],[-87.274991,37.074766],[-87.278503,37.073537],[-87.274102,37.070514],[-87.268384,37.074195],[-87.265438,37.070109],[-87.259874,37.077304],[-87.259371,37.072401],[-87.335979533755,36.6415426709465],[-87.694191328389,36.6370710817038],[-87.67377,36.755855],[-87.671871,36.878892],[-87.659724,36.966397],[-87.733368,37.002103]]]}},{"type":"Feature","properties":{"GEOID":"21081","NAME":"Grant","state":"KY","wildfire_risk_score":7.22,"wildfire_eal_total":2457.14,"risk_band":"Low","source":"FEMA National Risk Index v1.20 (December 2025)"},"geometry":{"type":"Polygon","coordinates":[[[-84.781072,38.762446],[-84.654909,38.778059],[-84.656167,38.790117],[-84.630007,38.802901],[-84.61697,38.802965],[-84.597718,38.791169],[-84.532288,38.791937],[-84.476299,38.542723],[-84.485295,38.508552],[-84.497695,38.512201],[-84.521393,38.508299],[-84.560674,38.492378],[-84.580539,38.473039],[-84.626651,38.485132],[-84.643734,38.508413],[-84.642287,38.513854],[-84.650051,38.515294],[-84.644642,38.519592],[-84.655497,38.524508],[-84.653134,38.527795],[-84.657752,38.53282],[-84.666945,38.531751],[-84.670066,38.526686],[-84.674574,38.532033],[-84.671867,38.536764],[-84.666336,38.536032],[-84.669306,38.540759],[-84.665457,38.543453],[-84.679296,38.551279],[-84.674505,38.557942],[-84.774322,38.618594],[-84.785788,38.720459],[-84.781072,38.762446]]]}}]}