{"type":"FeatureCollection","metadata":{"state":"LA","boundary_source":"U.S. Census Bureau 2024 Cartographic Boundary File (counties, 1:500,000)","risk_source":"FEMA National Risk Index v1.20 (December 2025)"},"features":[{"type":"Feature","properties":{"GEOID":"22075","NAME":"Plaquemines","state":"LA","wildfire_risk_score":20.547,"wildfire_eal_total":6925.23,"risk_band":"Low","source":"FEMA National Risk Index v1.20 (December 2025)"},"geometry":{"type":"MultiPolygon","coordinates":[[[[-89.300534,29.382881],[-89.298323,29.385428],[-89.296968,29.383316],[-89.29868,29.381514],[-89.300534,29.382881]]],[[[-89.528801,29.651675],[-89.52239,29.650769],[-89.5186,29.649117],[-89.507556,29.638976],[-89.5055434310562,29.6356418400632],[-89.509655,29.640304],[-89.520618,29.640724],[-89.528801,29.651675]]],[[[-89.580497,29.579494],[-89.574717,29.578002],[-89.569131,29.575211],[-89.576024,29.574074],[-89.580497,29.579494]]],[[[-89.626769,29.535205],[-89.610844,29.536549],[-89.593256,29.546784],[-89.583867,29.545337],[-89.575192,29.549886],[-89.564615,29.543786],[-89.590404,29.523934],[-89.599673,29.507594],[-89.617737,29.520521],[-89.626769,29.535205]]],[[[-89.643882,29.558053],[-89.641029,29.559087],[-89.639603,29.555675],[-89.643287,29.553711],[-89.643882,29.558053]]],[[[-89.645783,29.565289],[-89.637108,29.569217],[-89.630334,29.5687],[-89.643644,29.564048],[-89.645783,29.565289]]],[[[-89.666699,29.553091],[-89.663371,29.556089],[-89.657905,29.547095],[-89.666105,29.550403],[-89.666699,29.553091]]],[[[-89.900932,29.316533],[-89.890237,29.323889],[-89.872648,29.321092],[-89.86124,29.311662],[-89.883463,29.307103],[-89.900932,29.316533]]],[[[-90.072814,29.773279],[-90.060043,29.784128],[-90.071852,29.80804],[-90.06861,29.82883],[-90.027456,29.85285],[-90.008056,29.895528],[-90.002521,29.892348],[-90.002273,29.897806],[-89.989183,29.889388],[-89.987266,29.905004],[-89.959014,29.902637],[-89.935394,29.892961],[-89.917587,29.866661],[-89.910708,29.867865],[-89.895932,29.833237],[-89.878606,29.815528],[-89.87974,29.807939],[-89.867783,29.79403],[-89.824956,29.802152],[-89.809766,29.798792],[-89.786198,29.773281],[-89.790754,29.760821],[-89.778633,29.756052],[-89.733867,29.758592],[-89.705033,29.752792],[-89.691887,29.738027],[-89.683853,29.716033],[-89.660282,29.708747],[-89.625722,29.678929],[-89.599614,29.674755],[-89.5461273870547,29.6528651795964],[-89.565388,29.659256],[-89.582761,29.655034],[-89.593831,29.643542],[-89.62053,29.636121],[-89.632651,29.644178],[-89.661648,29.64645],[-89.665689,29.643145],[-89.645486,29.628684],[-89.629918,29.628891],[-89.634434,29.621453],[-89.628967,29.613807],[-89.602109,29.610295],[-89.620395,29.605341],[-89.60924,29.597069],[-89.602585,29.582188],[-89.629443,29.597275],[-89.637761,29.596655],[-89.637999,29.611741],[-89.649269,29.625185],[-89.684486,29.624804],[-89.6877,29.616232],[-89.68197,29.616907],[-89.6727,29.609055],[-89.673651,29.598309],[-89.682683,29.596862],[-89.671082,29.588243],[-89.650358,29.586942],[-89.641802,29.575573],[-89.663668,29.56441],[-89.677929,29.567304],[-89.684486,29.563263],[-89.677157,29.537686],[-89.657192,29.532309],[-89.65731,29.522693],[-89.640198,29.50356],[-89.629145,29.502422],[-89.60918,29.489803],[-89.569607,29.494044],[-89.567349,29.48339],[-89.572102,29.475217],[-89.55903,29.461663],[-89.551088,29.463446],[-89.552256,29.455454],[-89.545244,29.451108],[-89.522784,29.456179],[-89.5355,29.450798],[-89.538827,29.431651],[-89.521833,29.413847],[-89.520009,29.399631],[-89.55285,29.409499],[-89.561288,29.395212],[-89.512326,29.382269],[-89.470142,29.401471],[-89.446964,29.38931],[-89.422141,29.388362],[-89.429138,29.378748],[-89.421651,29.376262],[-89.408341,29.379576],[-89.40351,29.38822],[-89.383741,29.388378],[-89.360448,29.379265],[-89.337504,29.379483],[-89.348329,29.366075],[-89.338582,29.355445],[-89.320756,29.355134],[-89.310536,29.361349],[-89.308403,29.371513],[-89.2667,29.349914],[-89.253545,29.322802],[-89.23537,29.304315],[-89.224192,29.313792],[-89.224444,29.32183],[-89.200389,29.344418],[-89.187834,29.34203],[-89.172859,29.324368],[-89.165015,29.303039],[-89.140275,29.291085],[-89.134337,29.27934],[-89.136979,29.275239],[-89.115104,29.252901],[-89.120808,29.243569],[-89.11962,29.233406],[-89.129602,29.231954],[-89.130553,29.226561],[-89.126512,29.220753],[-89.116653,29.219532],[-89.115341,29.212663],[-89.121996,29.202083],[-89.102744,29.1998],[-89.096327,29.187974],[-89.08777,29.195028],[-89.082066,29.192331],[-89.056634,29.198348],[-89.055112,29.212583],[-89.047127,29.206439],[-89.025974,29.215153],[-89.003869,29.179881],[-89.014327,29.169089],[-89.018368,29.176353],[-89.047127,29.184446],[-89.051173,29.170483],[-89.080165,29.170957],[-89.089434,29.166391],[-89.090147,29.157674],[-89.101794,29.165354],[-89.111776,29.159957],[-89.106785,29.146258],[-89.09704,29.138784],[-89.065429,29.133802],[-89.039521,29.135463],[-89.066617,29.090714],[-89.073034,29.088014],[-89.078739,29.109405],[-89.091573,29.117711],[-89.103695,29.116673],[-89.106785,29.092998],[-89.112727,29.092375],[-89.110825,29.081159],[-89.11653,29.074097],[-89.146953,29.070981],[-89.141011,29.061217],[-89.149329,29.060593],[-89.147983,29.040979],[-89.158593,29.021761],[-89.151454,29.013195],[-89.137743,29.018878],[-89.148795,29.003288],[-89.142866,28.991623],[-89.153667,28.987489],[-89.158183,28.996428],[-89.218673,29.022515],[-89.222,29.02823],[-89.215583,29.045582],[-89.221489,29.064574],[-89.241225,29.084473],[-89.251727,29.083172],[-89.25364,29.064954],[-89.259354,29.058358],[-89.283215,29.053325],[-89.363776,28.971999],[-89.36437,28.964721],[-89.405172,28.93164],[-89.417901,28.928609],[-89.410718,28.949851],[-89.402993,28.955674],[-89.399622,28.971763],[-89.393367,28.976469],[-89.393011,28.987073],[-89.38077,28.989152],[-89.362112,29.012123],[-89.351535,29.029373],[-89.351892,29.043504],[-89.340899,29.045841],[-89.343038,29.057685],[-89.319746,29.057477],[-89.310001,29.070981],[-89.312853,29.087391],[-89.304059,29.088637],[-89.302633,29.097775],[-89.303821,29.108366],[-89.311189,29.111481],[-89.312378,29.117503],[-89.30192,29.120618],[-89.29574,29.133698],[-89.278627,29.137642],[-89.281479,29.159853],[-89.276488,29.173551],[-89.295027,29.198867],[-89.318557,29.201564],[-89.32854,29.190567],[-89.325688,29.177079],[-89.331868,29.148645],[-89.350585,29.129598],[-89.399648,29.123677],[-89.42738,29.144453],[-89.446904,29.181645],[-89.482844,29.215053],[-89.5366,29.236212],[-89.605974,29.25365],[-89.604962,29.260677],[-89.613756,29.268141],[-89.623976,29.269178],[-89.639663,29.290531],[-89.671781,29.289028],[-89.726162,29.304026],[-89.842641,29.318823],[-89.844067,29.322553],[-89.836164,29.325402],[-89.833907,29.331515],[-89.835095,29.342289],[-89.827846,29.345086],[-89.822141,29.356584],[-89.801523,29.353321],[-89.800572,29.34317],[-89.790589,29.328251],[-89.769198,29.336332],[-89.759691,29.350214],[-89.725937,29.357964],[-89.688625,29.358915],[-89.646793,29.376314],[-89.639663,29.373],[-89.623263,29.346278],[-89.595454,29.356015],[-89.608764,29.387498],[-89.637286,29.397231],[-89.647411,29.409862],[-89.65283,29.400171],[-89.644892,29.389983],[-89.76801,29.389362],[-89.769733,29.398007],[-89.790886,29.410845],[-89.814654,29.400078],[-89.826049,29.415589],[-89.843553,29.421677],[-89.835333,29.452246],[-89.815962,29.460318],[-89.836402,29.474906],[-89.85197,29.475734],[-89.863022,29.470344],[-89.86433,29.45503],[-89.879541,29.434539],[-89.89095,29.445095],[-89.905329,29.439714],[-89.905686,29.446958],[-89.919293,29.448355],[-89.934267,29.439662],[-89.944725,29.45891],[-89.957797,29.457048],[-89.96873,29.463256],[-89.9774219308015,29.4596231474006],[-89.97895,29.533643],[-89.979789,29.538032],[-89.985832,29.537826],[-89.988677,29.548892],[-89.98838,29.562561],[-89.982635,29.567065],[-89.985862,29.575446],[-89.97599,29.588001],[-89.981201,29.588735],[-89.983543,29.601823],[-89.980018,29.607582],[-89.988182,29.614499],[-89.984487,29.61656],[-89.987546,29.621491],[-90.002201,29.623421],[-90.015884,29.674413],[-90.067331,29.738879],[-90.065727,29.75311],[-90.075683,29.77185],[-90.072814,29.773279]]]]}},{"type":"Feature","properties":{"GEOID":"22031","NAME":"De Soto","state":"LA","wildfire_risk_score":55.471,"wildfire_eal_total":44396.53,"risk_band":"High","source":"FEMA National Risk Index v1.20 (December 2025)"},"geometry":{"type":"Polygon","coordinates":[[[-94.042681,32.137956],[-94.0426206400517,32.196064957593],[-93.951212,32.195625],[-93.861907,32.252011],[-93.852105,32.289669],[-93.811151,32.309536],[-93.807098,32.327751],[-93.795407,32.337701],[-93.781539,32.343297],[-93.775666,32.339678],[-93.764763,32.345646],[-93.74654,32.341194],[-93.737907,32.326172],[-93.725714,32.32846],[-93.71613,32.316668],[-93.701458,32.318604],[-93.69805,32.324764],[-93.689042,32.31686],[-93.666472,32.317444],[-93.646386,32.304397],[-93.637972,32.290332],[-93.624044,32.283548],[-93.615979,32.272962],[-93.618416,32.253991],[-93.614287,32.235735],[-93.59742,32.219799],[-93.598242,32.211525],[-93.593377,32.205679],[-93.556901,32.192104],[-93.535315,32.192815],[-93.523416,32.176991],[-93.520735,32.144621],[-93.509494,32.130419],[-93.524331,32.124595],[-93.53791,32.111429],[-93.53982,32.10253],[-93.514051,32.085658],[-93.50425,32.06431],[-93.480312,32.057043],[-93.480362,32.030026],[-93.460519,32.020924],[-93.458245,32.006656],[-93.441766,31.989358],[-93.425125,31.99048],[-93.423069,31.983709],[-93.406582,31.987978],[-93.400552,31.978308],[-93.372842,31.961967],[-93.36777,31.937099],[-93.353234,31.933588],[-93.377907,31.932712],[-93.377477,31.923442],[-93.387704,31.925266],[-93.398813,31.91791],[-93.414266,31.924195],[-93.414742,31.93381],[-93.423851,31.931416],[-93.426495,31.923811],[-93.429557,31.925344],[-93.440598,31.913582],[-93.43747,31.9051],[-93.441171,31.845233],[-93.8796387140365,31.8436323554259],[-93.883499,31.855057],[-93.888977,31.855719],[-93.880783,31.864753],[-93.892964,31.876319],[-93.902458,31.875275],[-93.897412,31.894436],[-93.915949,31.892861],[-93.922124,31.885707],[-93.926654,31.888255],[-93.932227,31.893511],[-93.923256,31.907793],[-93.929203,31.911757],[-93.953546,31.910563],[-93.961781,31.923994],[-93.973942,31.921668],[-93.981587,31.940073],[-94.016416,31.980848],[-94.017265,31.989343],[-94.029283,31.995865],[-94.041833,31.992402],[-94.042681,32.137956]]]}},{"type":"Feature","properties":{"GEOID":"22111","NAME":"Union","state":"LA","wildfire_risk_score":44.879,"wildfire_eal_total":22573.07,"risk_band":"Moderate","source":"FEMA National Risk Index v1.20 (December 2025)"},"geometry":{"type":"Polygon","coordinates":[[[-92.734054,32.804756],[-92.734048,32.818155],[-92.725486,32.818136],[-92.7247428295372,33.0143469910336],[-92.0689289215002,33.0081618952539],[-92.066814,33.003255],[-92.072003,32.997005],[-92.071391,32.987766],[-92.081817,32.981628],[-92.076088,32.969609],[-92.085617,32.965193],[-92.084899,32.957031],[-92.078838,32.955165],[-92.072613,32.925232],[-92.079584,32.920972],[-92.073888,32.916583],[-92.080691,32.914644],[-92.077935,32.909121],[-92.081653,32.906568],[-92.076984,32.904086],[-92.081562,32.900283],[-92.077121,32.894202],[-92.084803,32.878574],[-92.069044,32.853259],[-92.056309,32.843082],[-92.056038,32.83753],[-92.067486,32.832096],[-92.06096,32.826974],[-92.065743,32.820055],[-92.052728,32.794734],[-92.054864,32.777898],[-92.063138,32.762179],[-92.052668,32.736954],[-92.069639,32.733513],[-92.059782,32.727044],[-92.081911,32.704185],[-92.091378,32.686612],[-92.109055,32.682487],[-92.120181,32.673648],[-92.140213,32.674755],[-92.138157,32.660846],[-92.221672,32.610341],[-92.223849,32.590366],[-92.248114,32.589128],[-92.273463,32.580899],[-92.297499,32.587932],[-92.30178,32.582505],[-92.415228,32.582854],[-92.415169,32.670254],[-92.518999,32.670807],[-92.519063,32.720371],[-92.548333,32.719308],[-92.567247,32.746175],[-92.584719,32.746521],[-92.593768,32.755641],[-92.613422,32.752527],[-92.631929,32.759977],[-92.725407,32.759443],[-92.72544,32.803311],[-92.734054,32.804756]]]}},{"type":"Feature","properties":{"GEOID":"22115","NAME":"Vernon","state":"LA","wildfire_risk_score":79.803,"wildfire_eal_total":313837.35,"risk_band":"High","source":"FEMA National Risk Index v1.20 (December 2025)"},"geometry":{"type":"Polygon","coordinates":[[[-93.578207,30.999995],[-93.565631,31.013156],[-93.555927,31.003744],[-93.548498,31.010258],[-93.539141,31.008292],[-93.53343,31.018971],[-93.522314,31.020098],[-93.50846,31.029441],[-93.524739,31.039007],[-93.518899,31.043736],[-93.531219,31.051678],[-93.532069,31.055264],[-93.521145,31.057275],[-93.518912,31.061863],[-93.528957,31.069831],[-93.527747,31.07457],[-93.552205,31.078931],[-93.549278,31.090308],[-93.556641,31.087435],[-93.563472,31.093989],[-93.549254,31.100136],[-93.545175,31.111785],[-93.5397,31.114449],[-93.537991,31.126746],[-93.544702,31.135889],[-93.5487,31.155839],[-93.536481,31.158471],[-93.543061,31.170658],[-93.532807,31.174265],[-93.531437,31.178953],[-93.535097,31.185614],[-93.555136,31.187382],[-93.544349,31.202781],[-93.551529,31.214887],[-93.541474,31.226563],[-93.550483,31.227568],[-93.552139,31.23813],[-93.556503,31.240317],[-93.544603,31.243205],[-93.535883,31.252715],[-93.53929,31.257043],[-93.534889,31.261062],[-93.535414,31.276402],[-93.442554,31.276716],[-93.390495,31.364147],[-92.992013,31.36043],[-92.98146,31.346864],[-92.981393,31.339416],[-92.964405,31.339645],[-92.964258,31.332388],[-92.930549,31.332209],[-92.930415,31.324448],[-92.896447,31.324725],[-92.896681,31.317471],[-92.879715,31.317439],[-92.879628,31.288464],[-92.862661,31.288481],[-92.862768,31.274204],[-92.846414,31.27408],[-92.846056,31.25294],[-92.829525,31.252055],[-92.824169,30.877234],[-93.424474,30.883474],[-93.435652,30.881816],[-93.442038,30.873264],[-93.458531,30.866441],[-93.46295,30.868696],[-93.478718,30.859183],[-93.490411,30.866056],[-93.509635,30.868526],[-93.523665,30.87977],[-93.554597,30.877461],[-93.556556,30.869763],[-93.564137,30.868556],[-93.564795,30.875675],[-93.570824,30.87558],[-93.572957,30.88757],[-93.566316,30.894839],[-93.549202,30.897439],[-93.558375,30.913537],[-93.545166,30.927059],[-93.543212,30.920133],[-93.530936,30.924534],[-93.526013,30.937535],[-93.532367,30.948977],[-93.531758,30.958217],[-93.546327,30.957802],[-93.549841,30.967118],[-93.572823,30.970723],[-93.564289,30.989601],[-93.573365,30.991828],[-93.578207,30.999995]]]}},{"type":"Feature","properties":{"GEOID":"22001","NAME":"Acadia","state":"LA","wildfire_risk_score":61.609,"wildfire_eal_total":63525.94,"risk_band":"High","source":"FEMA National Risk Index v1.20 (December 2025)"},"geometry":{"type":"Polygon","coordinates":[[[-92.632291,30.317085],[-92.624302,30.319352],[-92.625527,30.327649],[-92.618604,30.334161],[-92.627808,30.347064],[-92.624172,30.356168],[-92.628998,30.361889],[-92.624777,30.366242],[-92.629695,30.378926],[-92.614062,30.388839],[-92.607182,30.38667],[-92.605658,30.398308],[-92.601957,30.399295],[-92.604897,30.411878],[-92.594586,30.420339],[-92.60377,30.435556],[-92.600597,30.437483],[-92.623144,30.456613],[-92.621374,30.464613],[-92.626013,30.466031],[-92.632025,30.481182],[-92.244795,30.480193],[-92.24425,30.436678],[-92.176444,30.436852],[-92.175778,30.3497],[-92.158605,30.349909],[-92.15846,30.320806],[-92.141509,30.320764],[-92.142211,30.284557],[-92.15951,30.28465],[-92.159294,30.270019],[-92.176283,30.270219],[-92.176097,30.241076],[-92.210205,30.241892],[-92.209894,30.226357],[-92.214572,30.222211],[-92.233996,30.219685],[-92.2479,30.211039],[-92.25049,30.203198],[-92.246328,30.185459],[-92.25098,30.170673],[-92.259891,30.166652],[-92.266599,30.155338],[-92.276625,30.149678],[-92.275312,30.146134],[-92.287593,30.144538],[-92.28713,30.14724],[-92.290374,30.148752],[-92.300184,30.130598],[-92.324098,30.123462],[-92.323518,30.114248],[-92.332229,30.107975],[-92.331447,30.102126],[-92.344723,30.095613],[-92.346469,30.085886],[-92.387737,30.060981],[-92.399133,30.060592],[-92.424669,30.049126],[-92.478245,30.066473],[-92.484671,30.064787],[-92.492425,30.076097],[-92.507105,30.07754],[-92.507392,30.082445],[-92.516854,30.085452],[-92.514296,30.088156],[-92.520859,30.087127],[-92.520487,30.095493],[-92.525258,30.094647],[-92.531529,30.101456],[-92.527812,30.102877],[-92.529366,30.106636],[-92.53912,30.10524],[-92.553884,30.111019],[-92.55391,30.115603],[-92.568121,30.111111],[-92.567752,30.104669],[-92.581775,30.097426],[-92.604815,30.098338],[-92.615328,30.088821],[-92.61939,30.092899],[-92.624476,30.089711],[-92.618453,30.094468],[-92.618338,30.10415],[-92.624828,30.112086],[-92.622944,30.121944],[-92.628449,30.126243],[-92.621664,30.132747],[-92.628578,30.134815],[-92.621773,30.147967],[-92.616354,30.148222],[-92.607727,30.159425],[-92.614892,30.165594],[-92.611704,30.171461],[-92.618308,30.17611],[-92.592535,30.179866],[-92.590644,30.192394],[-92.59454,30.197101],[-92.589658,30.202688],[-92.583209,30.200428],[-92.593293,30.207423],[-92.606668,30.208747],[-92.614736,30.215034],[-92.614872,30.224271],[-92.622898,30.227637],[-92.621053,30.231604],[-92.626648,30.230387],[-92.623244,30.231717],[-92.625851,30.245223],[-92.621883,30.250818],[-92.626703,30.253819],[-92.624399,30.262828],[-92.627726,30.264845],[-92.622481,30.278851],[-92.628084,30.284947],[-92.623492,30.291251],[-92.628182,30.296706],[-92.622683,30.306173],[-92.625481,30.30828],[-92.62131,30.307985],[-92.632291,30.317085]]]}},{"type":"Feature","properties":{"GEOID":"22071","NAME":"Orleans","state":"LA","wildfire_risk_score":48.092,"wildfire_eal_total":34306.58,"risk_band":"Moderate","source":"FEMA National Risk Index v1.20 (December 2025)"},"geometry":{"type":"Polygon","coordinates":[[[-90.140074,29.947904],[-90.125025,29.97371],[-90.108119,30.16494],[-90.082527,30.1572],[-90.040277,30.155114],[-90.003403,30.162997],[-89.903234,30.19866],[-89.848403,30.190079],[-89.820793,30.180002],[-89.797414,30.160757],[-89.775915,30.159404],[-89.744078,30.177499],[-89.719338,30.16103],[-89.685287,30.175346],[-89.655406,30.159304],[-89.6255220964543,30.1550612060587],[-89.656986,30.118381],[-89.678163,30.108286],[-89.684919,30.075226],[-89.720878,30.068359],[-89.73086,30.060748],[-89.73086,30.045113],[-89.717678,30.025272],[-89.733323,30.022054],[-89.767938,30.04573],[-89.818327,30.04573],[-89.858546,30.008321],[-89.86535,29.997084],[-89.859236,29.992622],[-89.863053,29.987717],[-89.869976,29.993061],[-89.881599,29.9862],[-89.885206,29.996453],[-89.894539,30.002325],[-89.914168,29.999098],[-89.940075,29.980148],[-89.953038,29.981165],[-89.97258,29.994798],[-89.983463,29.987012],[-89.989882,29.98949],[-90.012102,29.94598],[-89.969768,29.924702],[-89.936608,29.924322],[-89.924365,29.918816],[-89.903284,29.887441],[-89.902988,29.876953],[-89.910708,29.867865],[-89.917587,29.866661],[-89.935394,29.892961],[-89.959014,29.902637],[-89.987266,29.905004],[-89.989183,29.889388],[-90.002273,29.897806],[-90.002521,29.892348],[-90.058547,29.945334],[-90.059172,29.930404],[-90.071672,29.919304],[-90.104366,29.908829],[-90.127428,29.910859],[-90.138574,29.918805],[-90.140074,29.947904]]]}},{"type":"Feature","properties":{"GEOID":"22103","NAME":"St. Tammany","state":"LA","wildfire_risk_score":89.567,"wildfire_eal_total":1366453.34,"risk_band":"High","source":"FEMA National Risk Index v1.20 (December 2025)"},"geometry":{"type":"Polygon","coordinates":[[[-90.25741,30.711081],[-89.995757,30.665416],[-89.84233,30.666015],[-89.851889,30.661199],[-89.833261,30.657516],[-89.825744,30.645273],[-89.82138,30.646528],[-89.823448,30.639871],[-89.813977,30.63818],[-89.830825,30.617649],[-89.821424,30.619815],[-89.823208,30.608683],[-89.81392,30.607721],[-89.822334,30.604642],[-89.814041,30.598587],[-89.819696,30.596785],[-89.818527,30.592688],[-89.807041,30.587145],[-89.815077,30.585877],[-89.808027,30.567998],[-89.794495,30.569653],[-89.793308,30.565159],[-89.786865,30.569053],[-89.791254,30.561369],[-89.803887,30.560581],[-89.794532,30.556554],[-89.79196,30.548788],[-89.803919,30.549349],[-89.779565,30.544345],[-89.768133,30.51502],[-89.76057,30.515761],[-89.758133,30.505404],[-89.724614,30.491902],[-89.715886,30.477797],[-89.709551,30.477853],[-89.701799,30.465115],[-89.68341,30.451793],[-89.678514,30.414012],[-89.684118,30.412646],[-89.683686,30.405873],[-89.657191,30.356515],[-89.629727,30.339287],[-89.626221,30.314255],[-89.640401,30.306755],[-89.640434,30.295503],[-89.647178,30.289367],[-89.638504,30.288122],[-89.631411,30.279662],[-89.632316,30.268604],[-89.625305,30.263532],[-89.631789,30.256924],[-89.614156,30.244595],[-89.615856,30.223195],[-89.596655,30.211796],[-89.574454,30.181697],[-89.562253,30.182397],[-89.538652,30.195797],[-89.528092,30.188976],[-89.531334,30.182317],[-89.557554,30.179813],[-89.569126,30.172732],[-89.572093,30.160362],[-89.595021,30.149891],[-89.617542,30.156422],[-89.654189,30.158917],[-89.685287,30.175346],[-89.715686,30.160841],[-89.744078,30.177499],[-89.775915,30.159404],[-89.797414,30.160757],[-89.820793,30.180002],[-89.848403,30.190079],[-89.903234,30.19866],[-90.003403,30.162997],[-90.040277,30.155114],[-90.082527,30.1572],[-90.144658,30.180021],[-90.156256,30.189613],[-90.158175,30.228128],[-90.192061,30.310783],[-90.243649,30.361581],[-90.244811,30.580169],[-90.249426,30.587647],[-90.243172,30.596015],[-90.249053,30.604985],[-90.251326,30.623316],[-90.243384,30.644831],[-90.253241,30.664346],[-90.250365,30.695552],[-90.25741,30.711081]]]}},{"type":"Feature","properties":{"GEOID":"22067","NAME":"Morehouse","state":"LA","wildfire_risk_score":48.251,"wildfire_eal_total":26455.98,"risk_band":"Moderate","source":"FEMA National Risk Index v1.20 (December 2025)"},"geometry":{"type":"Polygon","coordinates":[[[-92.085617,32.965193],[-92.076088,32.969609],[-92.081817,32.981628],[-92.071391,32.987766],[-92.0689289215002,33.0081618952539],[-91.500118,33.006784],[-91.435782,33.006099],[-91.437364,33.002699],[-91.432694,33.002622],[-91.438116,33.000124],[-91.438925,32.990957],[-91.449458,32.990168],[-91.448625,32.98254],[-91.439032,32.985505],[-91.441134,32.974471],[-91.456279,32.965842],[-91.46442,32.950749],[-91.477048,32.941598],[-91.479736,32.93542],[-91.475923,32.926595],[-91.497499,32.9061],[-91.494655,32.890796],[-91.518423,32.876719],[-91.541202,32.876551],[-91.56696,32.855019],[-91.57775,32.83001],[-91.573595,32.825387],[-91.591189,32.807207],[-91.589792,32.796778],[-91.605331,32.78295],[-91.595933,32.7725],[-91.597171,32.748897],[-91.611713,32.738048],[-91.617627,32.72166],[-91.630151,32.717748],[-91.638883,32.702472],[-91.623437,32.694989],[-91.621993,32.679944],[-91.63738,32.66849],[-91.636873,32.658153],[-91.662991,32.618586],[-91.671986,32.611187],[-91.685302,32.615237],[-91.690296,32.608463],[-91.705991,32.613177],[-91.713374,32.610633],[-91.73477,32.587854],[-91.739731,32.578321],[-91.735118,32.571477],[-91.742286,32.558906],[-91.754954,32.557516],[-91.754703,32.56149],[-91.769798,32.554375],[-91.776087,32.561512],[-91.784512,32.559443],[-91.78542,32.563859],[-91.79466,32.564647],[-91.798212,32.570583],[-91.810786,32.569505],[-91.816532,32.564707],[-91.816873,32.554706],[-91.837652,32.543531],[-91.839532,32.518482],[-91.866439,32.522483],[-91.881536,32.541356],[-91.889168,32.543388],[-91.897824,32.53566],[-91.90096,32.513309],[-91.910353,32.505774],[-91.90416,32.515326],[-91.904448,32.527613],[-91.920738,32.547411],[-91.927233,32.569932],[-91.922848,32.579852],[-91.943419,32.587119],[-91.941765,32.596973],[-91.921585,32.624555],[-91.924214,32.645255],[-91.910332,32.651137],[-91.911683,32.661371],[-91.923545,32.667626],[-91.934725,32.658783],[-91.947716,32.664806],[-91.967297,32.686222],[-91.975324,32.711612],[-91.993065,32.704454],[-92.008617,32.708359],[-92.01892,32.700477],[-92.027224,32.703193],[-92.033241,32.712336],[-92.040382,32.71257],[-92.04292,32.703529],[-92.030614,32.697181],[-92.049891,32.686078],[-92.042829,32.699248],[-92.05585,32.698074],[-92.058475,32.706699],[-92.052135,32.715157],[-92.065741,32.709636],[-92.048172,32.719829],[-92.065179,32.723003],[-92.059857,32.729738],[-92.069639,32.733513],[-92.055325,32.734863],[-92.052075,32.741377],[-92.061156,32.750135],[-92.06312,32.759016],[-92.052728,32.794734],[-92.065743,32.820055],[-92.06096,32.826974],[-92.067486,32.832096],[-92.055693,32.839854],[-92.084205,32.875924],[-92.077121,32.894202],[-92.081562,32.900283],[-92.076984,32.904086],[-92.081653,32.906568],[-92.077935,32.909121],[-92.080691,32.914644],[-92.073888,32.916583],[-92.079584,32.920972],[-92.072613,32.925232],[-92.078838,32.955165],[-92.084899,32.957031],[-92.085617,32.965193]]]}},{"type":"Feature","properties":{"GEOID":"22081","NAME":"Red River","state":"LA","wildfire_risk_score":17.144,"wildfire_eal_total":3793.78,"risk_band":"Low","source":"FEMA National Risk Index v1.20 (December 2025)"},"geometry":{"type":"Polygon","coordinates":[[[-93.61469,32.237526],[-93.213143,32.235757],[-93.209563,32.222331],[-93.215526,32.207481],[-93.211144,32.192231],[-93.191901,32.178362],[-93.194091,32.164872],[-93.185663,32.14294],[-93.173505,32.134645],[-93.152395,32.104512],[-93.164306,32.093317],[-93.161718,32.083138],[-93.145606,32.072699],[-93.136127,32.056224],[-93.14192,32.040619],[-93.158906,32.027749],[-93.158098,32.009407],[-93.134268,31.988151],[-93.135347,31.982378],[-93.121188,31.97261],[-93.23847,31.972781],[-93.239499,31.903605],[-93.253719,31.913304],[-93.266609,31.895637],[-93.275926,31.893329],[-93.279528,31.887074],[-93.294218,31.890056],[-93.302678,31.89762],[-93.318881,31.888413],[-93.350481,31.898736],[-93.34633,31.90685],[-93.360009,31.923919],[-93.353498,31.928091],[-93.353427,31.935399],[-93.36777,31.937099],[-93.372842,31.961967],[-93.400552,31.978308],[-93.406582,31.987978],[-93.423069,31.983709],[-93.425125,31.99048],[-93.441766,31.989358],[-93.458245,32.006656],[-93.460519,32.020924],[-93.480362,32.030026],[-93.480312,32.057043],[-93.50425,32.06431],[-93.514051,32.085658],[-93.541264,32.10473],[-93.524331,32.124595],[-93.509494,32.130419],[-93.520735,32.144621],[-93.523416,32.176991],[-93.528917,32.185485],[-93.537292,32.193478],[-93.556901,32.192104],[-93.593377,32.205679],[-93.598242,32.211525],[-93.59742,32.219799],[-93.61469,32.237526]]]}},{"type":"Feature","properties":{"GEOID":"22039","NAME":"Evangeline","state":"LA","wildfire_risk_score":68.67,"wildfire_eal_total":103862.96,"risk_band":"High","source":"FEMA National Risk Index v1.20 (December 2025)"},"geometry":{"type":"Polygon","coordinates":[[[-92.633839,30.483319],[-92.61415,30.506457],[-92.623582,30.51883],[-92.616755,30.527291],[-92.599443,30.535249],[-92.599235,30.544143],[-92.593014,30.545246],[-92.59434,30.557301],[-92.586342,30.557647],[-92.582741,30.566013],[-92.597537,30.581747],[-92.597798,30.896001],[-92.567254,30.896237],[-92.548091,30.90313],[-92.540529,30.897915],[-92.527116,30.899626],[-92.526424,30.89356],[-92.519092,30.893082],[-92.495286,30.901535],[-92.48022,30.918229],[-92.48033,30.952271],[-92.47302,30.951954],[-92.469373,30.957573],[-92.460584,30.955582],[-92.43887,30.969792],[-92.418651,30.974968],[-92.408863,30.993064],[-92.38819,31.00156],[-92.376929,31.00007],[-92.371013,30.990984],[-92.36161,30.992153],[-92.358276,30.985164],[-92.341763,30.981503],[-92.343988,30.9704],[-92.325401,30.970327],[-92.330798,30.963304],[-92.280738,30.965071],[-92.280715,30.935954],[-92.238281,30.892158],[-92.237794,30.84828],[-92.212593,30.848609],[-92.208005,30.786681],[-92.172314,30.767914],[-92.172536,30.673871],[-92.200451,30.656155],[-92.204217,30.625013],[-92.211599,30.616882],[-92.211478,30.568127],[-92.262356,30.568268],[-92.262719,30.538738],[-92.42078,30.53882],[-92.430692,30.533737],[-92.449371,30.534194],[-92.46143,30.523958],[-92.464347,30.495318],[-92.477488,30.495355],[-92.493259,30.480499],[-92.633839,30.483319]]]}},{"type":"Feature","properties":{"GEOID":"22043","NAME":"Grant","state":"LA","wildfire_risk_score":39.281,"wildfire_eal_total":21433.19,"risk_band":"Moderate","source":"FEMA National Risk Index v1.20 (December 2025)"},"geometry":{"type":"Polygon","coordinates":[[[-92.973529,31.708922],[-92.62086,31.709618],[-92.619309,31.797288],[-92.362608,31.796633],[-92.361287,31.78136],[-92.352974,31.780395],[-92.344079,31.769486],[-92.344932,31.759174],[-92.336841,31.76055],[-92.358311,31.743573],[-92.350136,31.73812],[-92.358429,31.733525],[-92.354855,31.728621],[-92.35867,31.723001],[-92.368711,31.722288],[-92.372476,31.701519],[-92.363894,31.702846],[-92.363018,31.69637],[-92.35541,31.700408],[-92.349008,31.69777],[-92.347082,31.690616],[-92.359424,31.683016],[-92.356762,31.678506],[-92.350145,31.680736],[-92.356292,31.670343],[-92.365728,31.672283],[-92.362402,31.659166],[-92.369086,31.659758],[-92.362497,31.655324],[-92.367061,31.648809],[-92.360586,31.642913],[-92.368931,31.631369],[-92.355255,31.637593],[-92.354591,31.630336],[-92.34599,31.629567],[-92.352152,31.623758],[-92.361958,31.623386],[-92.366283,31.628024],[-92.368817,31.616914],[-92.383747,31.618747],[-92.34297,31.595824],[-92.305996,31.58901],[-92.309831,31.580547],[-92.32293,31.576986],[-92.32008,31.57173],[-92.311407,31.573546],[-92.299962,31.567017],[-92.302501,31.548375],[-92.280323,31.542067],[-92.297585,31.535083],[-92.274957,31.530649],[-92.275088,31.536087],[-92.269589,31.529198],[-92.274246,31.526609],[-92.273717,31.51604],[-92.27987,31.514241],[-92.275174,31.506017],[-92.283001,31.502083],[-92.276623,31.495385],[-92.257733,31.495332],[-92.249055,31.505923],[-92.238616,31.500138],[-92.24827,31.48448],[-92.24119,31.477621],[-92.230097,31.477369],[-92.240275,31.486753],[-92.239158,31.490426],[-92.223353,31.486719],[-92.216755,31.492113],[-92.211359,31.480489],[-92.196131,31.477877],[-92.658646,31.388078],[-92.666772,31.39422],[-92.66902,31.403619],[-92.681666,31.396009],[-92.69578,31.402373],[-92.694666,31.40724],[-92.67721,31.4156],[-92.694422,31.428162],[-92.68046,31.446068],[-92.702602,31.44662],[-92.708045,31.463725],[-92.705248,31.471573],[-92.690647,31.472973],[-92.698847,31.480272],[-92.69935,31.491043],[-92.684169,31.492777],[-92.683315,31.499003],[-92.687996,31.500947],[-92.70195,31.49438],[-92.718899,31.517476],[-92.717099,31.524552],[-92.727436,31.525824],[-92.76131,31.547388],[-92.756174,31.557938],[-92.787369,31.578661],[-92.801416,31.597012],[-92.840947,31.601233],[-92.869061,31.617196],[-92.906321,31.623628],[-92.910008,31.633054],[-92.902801,31.65951],[-92.921585,31.663547],[-92.927663,31.677424],[-92.945311,31.675331],[-92.964226,31.680239],[-92.959858,31.701294],[-92.973529,31.708922]]]}},{"type":"Feature","properties":{"GEOID":"22083","NAME":"Richland","state":"LA","wildfire_risk_score":24.555,"wildfire_eal_total":6653.52,"risk_band":"Moderate","source":"FEMA National Risk Index v1.20 (December 2025)"},"geometry":{"type":"Polygon","coordinates":[[[-92.034462,32.278739],[-92.019816,32.297649],[-92.018119,32.322373],[-92.012293,32.327302],[-92.011481,32.348365],[-92.006192,32.354244],[-92.011493,32.363246],[-91.994208,32.401094],[-91.944278,32.448777],[-91.941205,32.455942],[-91.945817,32.458877],[-91.938604,32.483764],[-91.932241,32.492547],[-91.903968,32.509022],[-91.896,32.53774],[-91.8872,32.543948],[-91.866439,32.522483],[-91.845264,32.51729],[-91.838803,32.519993],[-91.837652,32.543531],[-91.816873,32.554706],[-91.816532,32.564707],[-91.810786,32.569505],[-91.798212,32.570583],[-91.79466,32.564647],[-91.78542,32.563859],[-91.784512,32.559443],[-91.776087,32.561512],[-91.769798,32.554375],[-91.754703,32.56149],[-91.754954,32.557516],[-91.742286,32.558906],[-91.735118,32.571477],[-91.739731,32.578321],[-91.719885,32.605725],[-91.705991,32.613177],[-91.695211,32.607844],[-91.685302,32.615237],[-91.671986,32.611187],[-91.647093,32.639924],[-91.636873,32.658153],[-91.637595,32.667298],[-91.596876,32.667147],[-91.59621,32.582113],[-91.445299,32.581956],[-91.431422,32.56215],[-91.441592,32.553078],[-91.441376,32.542931],[-91.468851,32.534474],[-91.469528,32.522465],[-91.481635,32.501309],[-91.485199,32.502957],[-91.480269,32.498449],[-91.484971,32.494965],[-91.482077,32.491118],[-91.485692,32.476868],[-91.475008,32.452818],[-91.478734,32.446128],[-91.471595,32.435591],[-91.476555,32.4322],[-91.476011,32.436597],[-91.485267,32.436917],[-91.486796,32.413848],[-91.476495,32.405564],[-91.635074,32.405768],[-91.631049,32.40383],[-91.641257,32.402873],[-91.643017,32.393824],[-91.649524,32.393437],[-91.649499,32.389359],[-91.669129,32.388492],[-91.670183,32.383132],[-91.680199,32.384026],[-91.68017,32.373648],[-91.697491,32.371119],[-91.696772,32.363293],[-91.703386,32.359398],[-91.698958,32.353738],[-91.703455,32.342497],[-91.714178,32.3432],[-91.723188,32.333621],[-91.740837,32.333889],[-91.744888,32.339502],[-91.760841,32.335355],[-91.764379,32.330018],[-91.759098,32.317714],[-91.766096,32.310719],[-91.757921,32.309779],[-91.766285,32.305624],[-91.767442,32.301079],[-91.76185,32.298504],[-91.769119,32.295032],[-91.762539,32.293224],[-91.774117,32.277351],[-91.774042,32.263536],[-91.769857,32.260184],[-91.773188,32.258215],[-91.769165,32.257188],[-91.773736,32.253743],[-91.771539,32.248052],[-91.780329,32.243038],[-91.776729,32.238815],[-91.786881,32.239099],[-91.785373,32.235456],[-91.794001,32.229089],[-91.792196,32.225102],[-91.809273,32.218095],[-91.81294,32.222004],[-91.820738,32.211357],[-91.819114,32.20523],[-91.824134,32.203201],[-91.823162,32.190002],[-91.8268,32.192408],[-91.833151,32.182792],[-91.830503,32.181013],[-91.83572,32.18195],[-91.837285,32.176158],[-91.875129,32.173893],[-91.886795,32.165734],[-91.894729,32.15155],[-91.900519,32.153087],[-91.89377,32.156046],[-91.896799,32.158906],[-91.892892,32.162799],[-91.910586,32.16906],[-91.932756,32.165236],[-91.9425,32.175474],[-91.980603,32.166634],[-91.976119,32.179178],[-91.983727,32.191829],[-91.972684,32.198617],[-91.973761,32.203584],[-92.000132,32.190393],[-92.009104,32.193511],[-92.006391,32.201628],[-91.977979,32.216175],[-91.983087,32.224296],[-91.990161,32.213821],[-92.000132,32.211686],[-91.99118,32.225499],[-92.007477,32.231052],[-91.998578,32.235844],[-91.996989,32.246383],[-91.986159,32.250833],[-92.000132,32.252851],[-92.001437,32.256818],[-91.992132,32.26375],[-91.993367,32.276795],[-92.034462,32.278739]]]}},{"type":"Feature","properties":{"GEOID":"22057","NAME":"Lafourche","state":"LA","wildfire_risk_score":18.925,"wildfire_eal_total":5672.48,"risk_band":"Low","source":"FEMA National Risk Index v1.20 (December 2025)"},"geometry":{"type":"MultiPolygon","coordinates":[[[[-90.330439,29.067606],[-90.321602,29.070864],[-90.319313,29.069889],[-90.328561,29.065252],[-90.330439,29.067606]]],[[[-90.347889,29.184021],[-90.344802,29.187889],[-90.338025,29.189416],[-90.347651,29.177691],[-90.347889,29.184021]]],[[[-90.359892,29.10493],[-90.351811,29.107525],[-90.343135,29.106176],[-90.356028,29.101934],[-90.359892,29.10493]]],[[[-90.372609,29.111149],[-90.352524,29.119777],[-90.351454,29.131092],[-90.339582,29.126718],[-90.346701,29.117077],[-90.376173,29.108668],[-90.372609,29.111149]]],[[[-90.4095853639427,29.2093075830019],[-90.407665,29.207051],[-90.409586,29.2032139514563],[-90.4095853639427,29.2093075830019]]],[[[-90.984443,29.741757],[-90.924626,29.830326],[-90.909806,29.877195],[-90.885452,29.877562],[-90.885749,29.905348],[-90.785427,29.907585],[-90.785765,29.921694],[-90.7787,29.922007],[-90.739842,29.90449],[-90.723191,29.906991],[-90.717344,29.8967],[-90.709135,29.897462],[-90.70876,29.902492],[-90.696534,29.900517],[-90.689956,29.904835],[-90.680691,29.892588],[-90.668167,29.889394],[-90.627098,29.895042],[-90.612091,29.891103],[-90.609348,29.883094],[-90.593505,29.892927],[-90.535416,29.891061],[-90.515724,29.864727],[-90.49887,29.86506],[-90.479904,29.847377],[-90.475784,29.812915],[-90.467757,29.803242],[-90.429887,29.776387],[-90.404823,29.774147],[-90.374778,29.762611],[-90.370933,29.746192],[-90.360794,29.737054],[-90.361794,29.70941],[-90.35277,29.695889],[-90.20259,29.691406],[-90.193394,29.689506],[-90.186386,29.680912],[-90.170387,29.683523],[-90.164184,29.676935],[-90.155807,29.67753],[-90.161189,29.623424],[-90.157692,29.609426],[-90.151168,29.609112],[-90.156218,29.602533],[-90.151157,29.598559],[-90.15134,29.588374],[-90.164644,29.579857],[-90.158459,29.570032],[-90.186172,29.563341],[-90.192176,29.55274],[-90.18782,29.546567],[-90.172203,29.541196],[-90.144485,29.497373],[-90.137504,29.477163],[-90.095184,29.461421],[-90.078239,29.466125],[-90.062698,29.459194],[-90.049041,29.461523],[-90.048637,29.455245],[-90.037376,29.447832],[-90.042083,29.443426],[-90.037551,29.436344],[-90.022315,29.43115],[-90.033294,29.393278],[-90.029396,29.377021],[-90.042827,29.368019],[-90.0303930718743,29.3449123252716],[-90.03837,29.332592],[-90.037657,29.309175],[-90.034805,29.303579],[-90.016266,29.30047],[-90.012939,29.294459],[-90.018643,29.286789],[-90.032428,29.281607],[-90.04764,29.285546],[-90.05691,29.294874],[-90.07533,29.296014],[-90.096008,29.275076],[-90.103138,29.273625],[-90.10807,29.265021],[-90.099514,29.239307],[-90.082638,29.229144],[-90.073813,29.211416],[-90.062101,29.205022],[-90.086277,29.187384],[-90.090468,29.180918],[-90.086148,29.174377],[-90.0887807372695,29.1669441475432],[-90.192689,29.099852],[-90.222869,29.087069],[-90.245924,29.093403],[-90.250044,29.108067],[-90.234235,29.110268],[-90.234405,29.128824],[-90.248629,29.13837],[-90.277773,29.142822],[-90.253887,29.143652],[-90.24533,29.149672],[-90.274802,29.158079],[-90.280034,29.153878],[-90.277536,29.161088],[-90.270881,29.159428],[-90.258759,29.165551],[-90.258165,29.171466],[-90.275634,29.170117],[-90.28526,29.178003],[-90.280863,29.183087],[-90.273852,29.175305],[-90.263513,29.180597],[-90.259234,29.199583],[-90.272832,29.199032],[-90.270286,29.205599],[-90.286621,29.225694],[-90.305344,29.268442],[-90.322101,29.273003],[-90.322695,29.284302],[-90.326973,29.287515],[-90.331727,29.279326],[-90.344324,29.289277],[-90.343611,29.29819],[-90.350503,29.305756],[-90.374034,29.294977],[-90.37855,29.278808],[-90.372013,29.274662],[-90.372608,29.264813],[-90.380689,29.257245],[-90.386393,29.258489],[-90.390552,29.243247],[-90.403268,29.233811],[-90.402555,29.251542],[-90.395187,29.257141],[-90.396411,29.266734],[-90.383498,29.281933],[-90.3831,29.295614],[-90.376666,29.302883],[-90.386473,29.324743],[-90.379589,29.349054],[-90.385539,29.367749],[-90.398434,29.380969],[-90.418556,29.390037],[-90.448077,29.417998],[-90.468998,29.454075],[-90.486837,29.462029],[-90.497223,29.474985],[-90.506421,29.477508],[-90.537516,29.505506],[-90.536554,29.514299],[-90.550791,29.531265],[-90.568408,29.535195],[-90.574544,29.558887],[-90.603635,29.573936],[-90.619124,29.598181],[-90.65206,29.603867],[-90.705344,29.663911],[-90.727302,29.675582],[-90.743954,29.676789],[-90.766757,29.695945],[-90.78604,29.732093],[-90.784491,29.744629],[-90.797255,29.744492],[-90.804993,29.749484],[-90.805918,29.77442],[-90.827799,29.775828],[-90.827857,29.764618],[-90.844213,29.755882],[-90.841429,29.746382],[-90.882087,29.745897],[-90.880194,29.716809],[-91.00689,29.715093],[-90.984443,29.741757]]]]}},{"type":"Feature","properties":{"GEOID":"22117","NAME":"Washington","state":"LA","wildfire_risk_score":80.025,"wildfire_eal_total":249255.27,"risk_band":"High","source":"FEMA National Risk Index v1.20 (December 2025)"},"geometry":{"type":"Polygon","coordinates":[[[-90.34723,31.000359],[-89.749189,30.999555],[-89.732504,31.004831],[-89.728126,31.000956],[-89.73554,30.999715],[-89.734227,30.995602],[-89.727698,30.993329],[-89.730501,30.979707],[-89.737149,30.976081],[-89.727072,30.967395],[-89.735686,30.966573],[-89.756333,30.943498],[-89.748897,30.933888],[-89.752812,30.925413],[-89.744448,30.920577],[-89.750073,30.91293],[-89.764202,30.911906],[-89.756671,30.901069],[-89.758719,30.897319],[-89.773099,30.898338],[-89.770027,30.882254],[-89.77711,30.881088],[-89.779194,30.875185],[-89.767789,30.865577],[-89.771722,30.854677],[-89.783384,30.856022],[-89.7806,30.845508],[-89.79247,30.850386],[-89.7875,30.844112],[-89.790432,30.830985],[-89.78235,30.832552],[-89.787454,30.822587],[-89.781168,30.820123],[-89.785894,30.815962],[-89.798654,30.820855],[-89.797156,30.811753],[-89.811479,30.797996],[-89.805107,30.790596],[-89.812096,30.788437],[-89.817559,30.796054],[-89.820087,30.782391],[-89.830418,30.779842],[-89.827819,30.771223],[-89.832408,30.76451],[-89.826121,30.759014],[-89.833167,30.753314],[-89.822459,30.754628],[-89.828697,30.739451],[-89.816075,30.739366],[-89.83687,30.734661],[-89.836331,30.727197],[-89.828061,30.725018],[-89.83006,30.71631],[-89.836257,30.716185],[-89.846576,30.706209],[-89.835848,30.699555],[-89.835478,30.691166],[-89.847201,30.670038],[-89.838868,30.673731],[-89.8417869041958,30.665556526803],[-89.995757,30.665416],[-90.255749,30.712444],[-90.253526,30.735549],[-90.266987,30.751777],[-90.262767,30.765864],[-90.276299,30.777512],[-90.278926,30.794374],[-90.293345,30.80649],[-90.290159,30.822144],[-90.29682,30.830141],[-90.298883,30.847645],[-90.314121,30.864086],[-90.317005,30.89116],[-90.329991,30.891152],[-90.330006,30.902205],[-90.346806,30.905628],[-90.34723,31.000359]]]}},{"type":"Feature","properties":{"GEOID":"22029","NAME":"Concordia","state":"LA","wildfire_risk_score":11.101,"wildfire_eal_total":2400.13,"risk_band":"Low","source":"FEMA National Risk Index v1.20 (December 2025)"},"geometry":{"type":"Polygon","coordinates":[[[-91.867422,31.316187],[-91.86256,31.357499],[-91.851985,31.371126],[-91.831618,31.378987],[-91.809013,31.370586],[-91.790892,31.373893],[-91.776779,31.385215],[-91.785669,31.395021],[-91.81703,31.395619],[-91.834442,31.401612],[-91.854459,31.41987],[-91.86413,31.466167],[-91.854352,31.482509],[-91.855908,31.49601],[-91.842613,31.503207],[-91.828759,31.497215],[-91.807098,31.438794],[-91.779652,31.440921],[-91.750123,31.430556],[-91.729808,31.43439],[-91.722142,31.442394],[-91.722229,31.455215],[-91.731417,31.465781],[-91.778953,31.468115],[-91.802743,31.476469],[-91.803815,31.488752],[-91.783924,31.502473],[-91.775923,31.523539],[-91.786025,31.537872],[-91.822426,31.563372],[-91.827526,31.587971],[-91.806261,31.63104],[-91.775836,31.648626],[-91.764476,31.644154],[-91.756123,31.62267],[-91.745738,31.614946],[-91.733116,31.616213],[-91.712166,31.633229],[-91.70559,31.64586],[-91.714273,31.675992],[-91.692466,31.737287],[-91.68035,31.743641],[-91.662466,31.729368],[-91.639215,31.72821],[-91.618396,31.740712],[-91.605322,31.760064],[-91.598128,31.762086],[-91.585787,31.757568],[-91.572421,31.736127],[-91.551736,31.722761],[-91.542899,31.725719],[-91.535305,31.73773],[-91.544743,31.752252],[-91.432448,31.750792],[-91.422431,31.755183],[-91.39829,31.753212],[-91.395357,31.747113],[-91.377992,31.747585],[-91.3802389538171,31.7332419242873],[-91.397115,31.711364],[-91.400015,31.697864],[-91.395715,31.644165],[-91.401015,31.620365],[-91.421116,31.611565],[-91.436716,31.612665],[-91.474318,31.625365],[-91.497665,31.645371],[-91.516659,31.627332],[-91.517233,31.61346],[-91.51301,31.606885],[-91.485218,31.586166],[-91.457517,31.587566],[-91.422716,31.597065],[-91.403915,31.589766],[-91.407915,31.569366],[-91.443916,31.542466],[-91.479718,31.530366],[-91.489618,31.534266],[-91.513963,31.532084],[-91.522536,31.522078],[-91.520579,31.513207],[-91.514917,31.510113],[-91.518148,31.483483],[-91.51513,31.449206],[-91.500046,31.42052],[-91.472065,31.395925],[-91.472465,31.371326],[-91.47887,31.364955],[-91.504163,31.36495],[-91.521836,31.37517],[-91.532336,31.390275],[-91.539458,31.414021],[-91.537137,31.424161],[-91.545013,31.433026],[-91.565179,31.423447],[-91.576265,31.410498],[-91.578334,31.399067],[-91.568953,31.377629],[-91.55568,31.386413],[-91.546207,31.38248],[-91.551002,31.363645],[-91.548967,31.347255],[-91.50866,31.315131],[-91.512085,31.284177],[-91.518578,31.275283],[-91.553905,31.26305],[-91.637672,31.26768],[-91.654027,31.255753],[-91.652019,31.242691],[-91.644356,31.234414],[-91.601616,31.208573],[-91.590051,31.193693],[-91.591502,31.173118],[-91.624217,31.133729],[-91.626476,31.119125],[-91.61857,31.107328],[-91.56415,31.06683],[-91.560365,31.049508],[-91.571695,31.029782],[-91.590463,31.01727],[-91.636942,30.999416],[-91.662506,30.970362],[-91.663142,30.984393],[-91.65592,31.005604],[-91.64377,31.023959],[-91.649246,31.037183],[-91.664385,31.044794],[-91.69998,31.039093],[-91.723804,31.044254],[-91.710106,31.073408],[-91.710309,31.078327],[-91.719217,31.082724],[-91.718846,31.089197],[-91.703447,31.105746],[-91.706046,31.113585],[-91.717587,31.119094],[-91.719004,31.134616],[-91.702705,31.161812],[-91.683742,31.163011],[-91.683457,31.177046],[-91.677302,31.188047],[-91.686225,31.198518],[-91.706223,31.208939],[-91.722753,31.199622],[-91.740796,31.205167],[-91.744642,31.213253],[-91.75846,31.222245],[-91.783239,31.223386],[-91.811001,31.237087],[-91.813652,31.25018],[-91.83428,31.266344],[-91.823671,31.277577],[-91.823646,31.29321],[-91.854185,31.296075],[-91.86442,31.305467],[-91.867422,31.316187]]]}},{"type":"Feature","properties":{"GEOID":"22035","NAME":"East Carroll","state":"LA","wildfire_risk_score":6.87,"wildfire_eal_total":1281.94,"risk_band":"Low","source":"FEMA National Risk Index v1.20 (December 2025)"},"geometry":{"type":"Polygon","coordinates":[[[-91.456223,32.540363],[-91.441376,32.542931],[-91.441592,32.553078],[-91.430908,32.560477],[-91.444163,32.577361],[-91.444542,32.584667],[-91.426574,32.599854],[-91.4007,32.606606],[-91.394905,32.612353],[-91.405944,32.622345],[-91.400557,32.63127],[-91.402963,32.640386],[-91.398632,32.639265],[-91.394134,32.645401],[-91.398356,32.64996],[-91.394643,32.65658],[-91.401277,32.658209],[-91.398215,32.662239],[-91.403569,32.680635],[-91.397284,32.683428],[-91.397848,32.693323],[-91.375114,32.689323],[-91.373564,32.6957],[-91.378122,32.700324],[-91.373796,32.718949],[-91.343293,32.749654],[-91.339767,32.821713],[-91.347744,32.824644],[-91.338458,32.852986],[-91.340361,32.859899],[-91.334838,32.860746],[-91.335463,32.866104],[-91.32838,32.872611],[-91.318962,32.865029],[-91.307646,32.880401],[-91.311853,32.886333],[-91.312234,32.913317],[-91.302129,32.92628],[-91.30938,32.935237],[-91.297888,32.94916],[-91.294901,32.945977],[-91.291585,32.952184],[-91.28876,32.949297],[-91.276805,32.954217],[-91.27704,32.975634],[-91.267665,32.975081],[-91.273883,32.987177],[-91.262219,32.992372],[-91.265018,33.005084],[-91.166095,33.004291],[-91.173308,32.986088],[-91.201842,32.961212],[-91.199415,32.952314],[-91.214027,32.93032],[-91.211597,32.919624],[-91.199775,32.908512],[-91.175405,32.899998],[-91.15169,32.901935],[-91.134041,32.917676],[-91.131289,32.930049],[-91.137863,32.952756],[-91.130721,32.962257],[-91.138585,32.971352],[-91.135517,32.979657],[-91.111757,32.988361],[-91.094265,32.984371],[-91.080355,32.962794],[-91.081913,32.944768],[-91.064804,32.926464],[-91.064449,32.901064],[-91.070602,32.888659],[-91.105631,32.858396],[-91.127886,32.855059],[-91.145002,32.84287],[-91.161669,32.812465],[-91.164397,32.785821],[-91.156918,32.780343],[-91.165328,32.751301],[-91.154461,32.742339],[-91.123152,32.742798],[-91.077176,32.732534],[-91.056999,32.72558],[-91.054749,32.719229],[-91.063946,32.702926],[-91.118258,32.674075],[-91.137638,32.650621],[-91.149753,32.644041],[-91.153744,32.635228],[-91.151318,32.615919],[-91.141148,32.597209],[-91.119854,32.584795],[-91.049796,32.607188],[-91.038415,32.636443],[-91.025769,32.646573],[-91.014286,32.640482],[-91.0035,32.624845],[-91.002997,32.614678],[-91.010228,32.601927],[-91.03617,32.579556],[-91.0702100220126,32.5625396579588],[-91.107627,32.562204],[-91.107865,32.555161],[-91.130225,32.543957],[-91.133144,32.537909],[-91.456223,32.540363]]]}},{"type":"Feature","properties":{"GEOID":"22011","NAME":"Beauregard","state":"LA","wildfire_risk_score":86.291,"wildfire_eal_total":712766.79,"risk_band":"High","source":"FEMA National Risk Index v1.20 (December 2025)"},"geometry":{"type":"Polygon","coordinates":[[[-93.741679,30.402975],[-93.733917,30.414935],[-93.728721,30.413547],[-93.722749,30.419557],[-93.726824,30.429675],[-93.722953,30.432097],[-93.717062,30.423114],[-93.712747,30.433175],[-93.702665,30.429947],[-93.704154,30.434353],[-93.6978,30.440583],[-93.698306,30.444928],[-93.706945,30.443994],[-93.702103,30.449759],[-93.706339,30.458141],[-93.699036,30.458805],[-93.711854,30.469437],[-93.710519,30.475498],[-93.717421,30.483822],[-93.709763,30.482649],[-93.716678,30.494006],[-93.708669,30.499124],[-93.715145,30.501268],[-93.706507,30.50991],[-93.711705,30.510754],[-93.71082,30.517725],[-93.727721,30.525671],[-93.733778,30.531396],[-93.73285,30.536633],[-93.740253,30.539569],[-93.729179,30.544851],[-93.731068,30.553336],[-93.723945,30.559224],[-93.727844,30.57407],[-93.721936,30.580324],[-93.714032,30.580284],[-93.712454,30.588479],[-93.692869,30.594382],[-93.687804,30.590138],[-93.692222,30.585706],[-93.685117,30.586614],[-93.685066,30.592086],[-93.678662,30.594097],[-93.683397,30.608041],[-93.689134,30.611406],[-93.681983,30.618584],[-93.6831,30.640763],[-93.667657,30.660506],[-93.659745,30.662052],[-93.654971,30.670184],[-93.648252,30.667781],[-93.645364,30.673394],[-93.638213,30.673058],[-93.620434,30.694238],[-93.624466,30.701083],[-93.616437,30.712388],[-93.617229,30.71858],[-93.612809,30.71657],[-93.609544,30.723139],[-93.610645,30.734279],[-93.618981,30.740265],[-93.608344,30.747835],[-93.614448,30.75987],[-93.609178,30.75726],[-93.592101,30.763675],[-93.592714,30.775095],[-93.583165,30.778596],[-93.589381,30.786676],[-93.581921,30.788979],[-93.583775,30.801779],[-93.561349,30.807577],[-93.564164,30.817541],[-93.554645,30.823249],[-93.553626,30.83514],[-93.568482,30.845125],[-93.557314,30.852081],[-93.561911,30.858332],[-93.554597,30.877461],[-93.523665,30.87977],[-93.509635,30.868526],[-93.490411,30.866056],[-93.478718,30.859183],[-93.46295,30.868696],[-93.458531,30.866441],[-93.442038,30.873264],[-93.435652,30.881816],[-93.424474,30.883474],[-93.151168,30.883615],[-93.134071,30.883131],[-93.133954,30.877772],[-92.978673,30.878136],[-92.979098,30.597995],[-93.130732,30.598093],[-93.131224,30.403058],[-93.38524,30.402658],[-93.384521,30.490166],[-93.486325,30.490523],[-93.486159,30.402547],[-93.741679,30.402975]]]}},{"type":"Feature","properties":{"GEOID":"22015","NAME":"Bossier","state":"LA","wildfire_risk_score":38.645,"wildfire_eal_total":23117.55,"risk_band":"Moderate","source":"FEMA National Risk Index v1.20 (December 2025)"},"geometry":{"type":"Polygon","coordinates":[[[-93.845224,32.950428],[-93.832109,32.956663],[-93.826597,32.966734],[-93.807514,32.961447],[-93.800924,32.96562],[-93.803067,32.973765],[-93.823332,32.968085],[-93.817459,32.977535],[-93.820511,32.989263],[-93.810398,32.997414],[-93.823799,33.011487],[-93.8145980510626,33.0193719645896],[-93.520992930177,33.0186161167386],[-93.514792,33.01213],[-93.524933,32.986507],[-93.530528,32.983159],[-93.530405,32.975397],[-93.526114,32.977178],[-93.530714,32.967623],[-93.519562,32.96508],[-93.520605,32.954561],[-93.512078,32.947263],[-93.513696,32.940423],[-93.496459,32.928066],[-93.497609,32.922479],[-93.48081,32.927231],[-93.479085,32.919539],[-93.469572,32.917717],[-93.469776,32.904404],[-93.482689,32.904037],[-93.480742,32.890906],[-93.465518,32.879215],[-93.464316,32.868892],[-93.450783,32.87023],[-93.448039,32.866321],[-93.45675,32.862811],[-93.451269,32.855873],[-93.45521,32.850726],[-93.467287,32.848056],[-93.456555,32.835026],[-93.454522,32.830765],[-93.45994,32.827558],[-93.454012,32.821609],[-93.462493,32.810466],[-93.471175,32.811906],[-93.459702,32.806231],[-93.474218,32.787627],[-93.465062,32.772402],[-93.469744,32.761228],[-93.444867,32.761395],[-93.446643,32.500256],[-93.441264,32.497808],[-93.44115,32.410468],[-93.372722,32.41019],[-93.393003,32.394304],[-93.418338,32.401178],[-93.428296,32.388364],[-93.422333,32.375183],[-93.402923,32.368727],[-93.3998,32.362788],[-93.426626,32.30946],[-93.426355,32.303262],[-93.421524,32.302514],[-93.424413,32.298676],[-93.418357,32.295006],[-93.41843,32.284147],[-93.407448,32.284767],[-93.405388,32.278231],[-93.410373,32.27082],[-93.405557,32.268084],[-93.408126,32.250517],[-93.420484,32.238363],[-93.471793,32.237552],[-93.472258,32.242022],[-93.462103,32.250444],[-93.472859,32.248787],[-93.483375,32.256875],[-93.486744,32.253984],[-93.477598,32.242937],[-93.49022,32.243585],[-93.492204,32.265582],[-93.510831,32.274741],[-93.501519,32.285693],[-93.518988,32.27248],[-93.524698,32.273317],[-93.514407,32.297087],[-93.52576,32.297795],[-93.536702,32.290148],[-93.55326,32.293702],[-93.538486,32.294981],[-93.538522,32.303646],[-93.527253,32.310326],[-93.538862,32.31838],[-93.545009,32.306454],[-93.550613,32.319528],[-93.562992,32.320353],[-93.561463,32.326697],[-93.550117,32.32177],[-93.544105,32.326355],[-93.555323,32.331423],[-93.556583,32.345595],[-93.562688,32.343097],[-93.564425,32.331653],[-93.578786,32.327505],[-93.583033,32.331894],[-93.572657,32.340483],[-93.584644,32.335689],[-93.584885,32.347931],[-93.620962,32.350923],[-93.603312,32.37811],[-93.608707,32.378628],[-93.616541,32.365316],[-93.625616,32.361915],[-93.631006,32.375366],[-93.630877,32.386187],[-93.624721,32.395341],[-93.627088,32.399642],[-93.633376,32.398522],[-93.649274,32.377738],[-93.648589,32.388024],[-93.635741,32.39593],[-93.648101,32.402687],[-93.667969,32.404074],[-93.663343,32.387819],[-93.685569,32.395498],[-93.685155,32.408983],[-93.659921,32.415706],[-93.683409,32.417465],[-93.691593,32.423472],[-93.680046,32.433583],[-93.675032,32.431027],[-93.673362,32.420892],[-93.661396,32.427624],[-93.674049,32.440676],[-93.693065,32.448047],[-93.682301,32.464549],[-93.689932,32.462985],[-93.691027,32.473282],[-93.699558,32.477568],[-93.69619,32.490476],[-93.701673,32.495774],[-93.717478,32.488327],[-93.717892,32.492085],[-93.705599,32.498825],[-93.742806,32.514279],[-93.745551,32.532784],[-93.752863,32.528177],[-93.767721,32.539534],[-93.755297,32.537576],[-93.746137,32.546781],[-93.74087,32.54369],[-93.738194,32.533101],[-93.728646,32.534789],[-93.740397,32.550873],[-93.759466,32.548195],[-93.766419,32.553334],[-93.765164,32.560697],[-93.743122,32.570453],[-93.735762,32.5837],[-93.742642,32.591732],[-93.756946,32.587525],[-93.770643,32.593397],[-93.752978,32.599843],[-93.74517,32.595349],[-93.739894,32.598523],[-93.759971,32.606107],[-93.751324,32.630237],[-93.756802,32.636746],[-93.779521,32.637449],[-93.787873,32.64322],[-93.784322,32.646551],[-93.773387,32.640293],[-93.764434,32.641145],[-93.776932,32.658097],[-93.759578,32.663317],[-93.755541,32.672043],[-93.760834,32.677403],[-93.770238,32.677471],[-93.786504,32.667362],[-93.782111,32.712212],[-93.787129,32.724641],[-93.802562,32.72616],[-93.819634,32.710872],[-93.826268,32.716593],[-93.823221,32.735142],[-93.793342,32.757122],[-93.785395,32.768364],[-93.783571,32.786091],[-93.791011,32.798085],[-93.801353,32.798539],[-93.816831,32.782333],[-93.824275,32.7905],[-93.821112,32.798446],[-93.794335,32.812503],[-93.786066,32.835818],[-93.785181,32.857353],[-93.789942,32.861473],[-93.799553,32.84688],[-93.814747,32.851593],[-93.802824,32.860263],[-93.800071,32.86826],[-93.819055,32.881687],[-93.821504,32.899707],[-93.801967,32.931806],[-93.814073,32.942556],[-93.840446,32.946028],[-93.845224,32.950428]]]}},{"type":"Feature","properties":{"GEOID":"22077","NAME":"Pointe Coupee","state":"LA","wildfire_risk_score":11.8,"wildfire_eal_total":2637.34,"risk_band":"Low","source":"FEMA National Risk Index v1.20 (December 2025)"},"geometry":{"type":"Polygon","coordinates":[[[-91.822643,30.859356],[-91.806714,30.862694],[-91.802732,30.867697],[-91.80018,30.924621],[-91.803726,30.977912],[-91.780473,30.986694],[-91.772572,31.00474],[-91.748579,31.01936],[-91.719294,31.006728],[-91.710725,31.007979],[-91.703044,31.018636],[-91.680931,31.015648],[-91.664854,31.004877],[-91.658321,30.994365],[-91.663142,30.984393],[-91.661527,30.964366],[-91.644917,30.928971],[-91.66073,30.89498],[-91.661811,30.860019],[-91.656568,30.851033],[-91.62957,30.840453],[-91.587967,30.847308],[-91.574417,30.844409],[-91.567459,30.83678],[-91.559064,30.839794],[-91.556407,30.848643],[-91.563605,30.883332],[-91.576078,30.893402],[-91.610727,30.89917],[-91.614828,30.903654],[-91.613955,30.918146],[-91.549308,30.916228],[-91.532045,30.903724],[-91.515586,30.875181],[-91.517894,30.851381],[-91.539473,30.791224],[-91.553754,30.77936],[-91.590252,30.769066],[-91.595819,30.760472],[-91.593654,30.749146],[-91.571266,30.735344],[-91.553019,30.730798],[-91.500115,30.741038],[-91.450382,30.736168],[-91.397045,30.757582],[-91.38062,30.758804],[-91.361991,30.739303],[-91.353092,30.72177],[-91.340652,30.670238],[-91.33087,30.658677],[-91.333492,30.654367],[-91.309752,30.650086],[-91.319818,30.63296],[-91.365204,30.588449],[-91.364966,30.569591],[-91.398478,30.568768],[-91.407679,30.540342],[-91.41506,30.540229],[-91.414816,30.511515],[-91.481734,30.511029],[-91.481559,30.497419],[-91.526512,30.497234],[-91.557783,30.488469],[-91.556325,30.482866],[-91.583457,30.48259],[-91.583425,30.496956],[-91.756209,30.498133],[-91.750115,30.508589],[-91.731432,30.512119],[-91.757298,30.564247],[-91.750889,30.601324],[-91.754001,30.617426],[-91.740996,30.632538],[-91.74643,30.658782],[-91.731492,30.669772],[-91.736199,30.679253],[-91.733955,30.703406],[-91.757942,30.74099],[-91.75522,30.756571],[-91.768759,30.785389],[-91.807295,30.811069],[-91.807522,30.820301],[-91.798459,30.828991],[-91.799453,30.834283],[-91.822372,30.854525],[-91.822643,30.859356]]]}},{"type":"Feature","properties":{"GEOID":"22125","NAME":"West Feliciana","state":"LA","wildfire_risk_score":37.627,"wildfire_eal_total":19095.23,"risk_band":"Moderate","source":"FEMA National Risk Index v1.20 (December 2025)"},"geometry":{"type":"MultiPolygon","coordinates":[[[[-91.662506,30.970362],[-91.636942,30.999416],[-91.1761397522757,30.9991437308313],[-91.182617,30.973636],[-91.190129,30.972138],[-91.189822,30.966108],[-91.195246,30.962519],[-91.194731,30.945544],[-91.18665,30.937452],[-91.200381,30.91886],[-91.207776,30.918323],[-91.206599,30.89296],[-91.218209,30.892002],[-91.225517,30.869932],[-91.219648,30.864538],[-91.22921,30.854277],[-91.224791,30.846957],[-91.234334,30.826139],[-91.23056,30.810587],[-91.243567,30.803532],[-91.235471,30.792372],[-91.24979,30.785897],[-91.250331,30.77753],[-91.25995,30.77149],[-91.267553,30.757337],[-91.280081,30.756485],[-91.287115,30.743585],[-91.286119,30.734524],[-91.296386,30.726542],[-91.291883,30.716615],[-91.301926,30.714047],[-91.303656,30.707867],[-91.311193,30.707816],[-91.312463,30.698527],[-91.320706,30.699417],[-91.305212,30.673382],[-91.305219,30.656038],[-91.310061,30.653961],[-91.335062,30.660124],[-91.338399,30.664932],[-91.353092,30.72177],[-91.361991,30.739303],[-91.38062,30.758804],[-91.397045,30.757582],[-91.450382,30.736168],[-91.500115,30.741038],[-91.553019,30.730798],[-91.571266,30.735344],[-91.593654,30.749146],[-91.595819,30.760472],[-91.590252,30.769066],[-91.553754,30.77936],[-91.539473,30.791224],[-91.517894,30.851381],[-91.515586,30.875181],[-91.532045,30.903724],[-91.549308,30.916228],[-91.613955,30.918146],[-91.614828,30.903654],[-91.610727,30.89917],[-91.576078,30.893402],[-91.563605,30.883332],[-91.556407,30.848643],[-91.559064,30.839794],[-91.567459,30.83678],[-91.574417,30.844409],[-91.587967,30.847308],[-91.62957,30.840453],[-91.652555,30.848024],[-91.661372,30.857099],[-91.66073,30.89498],[-91.644917,30.928971],[-91.662506,30.970362]]],[[[-91.750119,31.018814],[-91.723804,31.044254],[-91.69998,31.039093],[-91.659808,31.043991],[-91.649246,31.037183],[-91.643796,31.025151],[-91.658321,30.994365],[-91.671062,31.010608],[-91.690996,31.019323],[-91.703044,31.018636],[-91.710725,31.007979],[-91.717553,31.00666],[-91.750119,31.018814]]]]}},{"type":"Feature","properties":{"GEOID":"22091","NAME":"St. Helena","state":"LA","wildfire_risk_score":53.308,"wildfire_eal_total":33888.07,"risk_band":"High","source":"FEMA National Risk Index v1.20 (December 2025)"},"geometry":{"type":"Polygon","coordinates":[[[-90.911962,30.652148],[-90.907901,30.657185],[-90.901455,30.655313],[-90.900459,30.665352],[-90.894875,30.66411],[-90.896569,30.668153],[-90.888798,30.670584],[-90.890315,30.673874],[-90.87818,30.679072],[-90.876457,30.686588],[-90.869282,30.689224],[-90.870916,30.693329],[-90.852985,30.695681],[-90.8537,30.702048],[-90.844181,30.708047],[-90.848768,30.719458],[-90.839794,30.719414],[-90.850396,30.754326],[-90.841945,30.765474],[-90.844071,30.78367],[-90.840752,30.786373],[-90.844672,30.792886],[-90.843169,30.798313],[-90.837217,30.796372],[-90.841519,30.808483],[-90.834377,30.814822],[-90.849639,30.830494],[-90.848207,30.839675],[-90.84066,30.840161],[-90.840953,30.846919],[-90.846874,30.849644],[-90.844911,30.854959],[-90.858293,30.858894],[-90.8532,30.866044],[-90.861408,30.870715],[-90.845366,30.888574],[-90.854545,30.897372],[-90.856729,30.907611],[-90.851759,30.912052],[-90.859527,30.927035],[-90.858284,30.940732],[-90.863041,30.941981],[-90.845613,30.960439],[-90.844211,30.982705],[-90.837619,30.992968],[-90.8258293654941,30.9993604066554],[-90.567195,30.999733],[-90.567126,30.650015],[-90.911962,30.652148]]]}},{"type":"Feature","properties":{"GEOID":"22025","NAME":"Catahoula","state":"LA","wildfire_risk_score":17.716,"wildfire_eal_total":3844.27,"risk_band":"Low","source":"FEMA National Risk Index v1.20 (December 2025)"},"geometry":{"type":"Polygon","coordinates":[[[-92.023136,31.285808],[-92.01484,31.28905],[-92.020015,31.295885],[-92.016531,31.302445],[-92.01077,31.300902],[-92.010887,31.292424],[-92.005179,31.297657],[-91.996276,31.297186],[-92.008254,31.308869],[-92.001702,31.317652],[-92.008033,31.325809],[-92.005624,31.927383],[-91.903565,31.927457],[-91.904501,31.971399],[-91.884332,31.970918],[-91.863679,31.958508],[-91.863968,31.964515],[-91.859893,31.965206],[-91.860096,31.957237],[-91.852622,31.958292],[-91.851547,31.953259],[-91.844323,31.95896],[-91.848524,31.949089],[-91.845466,31.945329],[-91.850289,31.944862],[-91.841392,31.935088],[-91.827883,31.935434],[-91.834248,31.929908],[-91.823547,31.917816],[-91.813705,31.922672],[-91.809877,31.916145],[-91.800972,31.917249],[-91.801465,31.906071],[-91.794728,31.903367],[-91.804869,31.893193],[-91.794371,31.888597],[-91.789219,31.893445],[-91.787966,31.886908],[-91.778655,31.887686],[-91.784845,31.879494],[-91.779829,31.871896],[-91.756784,31.884644],[-91.732699,31.881217],[-91.723946,31.886081],[-91.720591,31.894209],[-91.706921,31.895487],[-91.696416,31.903654],[-91.688493,31.918666],[-91.66741,31.926725],[-91.66817,31.931949],[-91.648023,31.954659],[-91.647529,31.970525],[-91.596437,31.970401],[-91.597042,31.883243],[-91.575346,31.883266],[-91.579212,31.865432],[-91.570311,31.862751],[-91.56873,31.826961],[-91.578357,31.798245],[-91.553715,31.760083],[-91.536193,31.742718],[-91.537718,31.731805],[-91.545874,31.723572],[-91.555158,31.723603],[-91.572421,31.736127],[-91.585787,31.757568],[-91.59506,31.761909],[-91.605322,31.760064],[-91.618396,31.740712],[-91.639215,31.72821],[-91.662466,31.729368],[-91.683949,31.743168],[-91.696595,31.731796],[-91.701676,31.70298],[-91.714273,31.675992],[-91.70559,31.64586],[-91.712166,31.633229],[-91.733116,31.616213],[-91.745738,31.614946],[-91.756123,31.62267],[-91.764476,31.644154],[-91.775836,31.648626],[-91.806261,31.63104],[-91.815127,31.61917],[-91.826926,31.591671],[-91.824826,31.567372],[-91.786025,31.537872],[-91.775923,31.523539],[-91.783924,31.502473],[-91.802062,31.491104],[-91.804569,31.479542],[-91.798754,31.473354],[-91.778953,31.468115],[-91.731417,31.465781],[-91.720888,31.449543],[-91.724119,31.438833],[-91.73866,31.431552],[-91.759381,31.431088],[-91.779652,31.440921],[-91.807098,31.438794],[-91.828759,31.497215],[-91.842613,31.503207],[-91.857083,31.494527],[-91.854352,31.482509],[-91.86413,31.466167],[-91.854459,31.41987],[-91.834442,31.401612],[-91.81703,31.395619],[-91.785669,31.395021],[-91.777143,31.388175],[-91.779007,31.38141],[-91.78929,31.374647],[-91.809013,31.370586],[-91.828777,31.378707],[-91.842197,31.377307],[-91.861546,31.359913],[-91.867165,31.330652],[-91.865799,31.3083],[-91.847754,31.293749],[-91.823646,31.29321],[-91.82705,31.272762],[-91.850777,31.262102],[-91.869676,31.280713],[-91.888778,31.291623],[-91.908924,31.296789],[-91.926854,31.29483],[-91.938726,31.285073],[-91.946303,31.267746],[-91.935391,31.238433],[-91.922625,31.237892],[-91.92054,31.231311],[-91.944366,31.221083],[-91.946569,31.239667],[-91.955791,31.245743],[-91.961841,31.243528],[-91.970425,31.227852],[-91.983523,31.223652],[-91.994828,31.229561],[-91.992195,31.239005],[-92.004065,31.242014],[-91.988022,31.248897],[-91.997789,31.252878],[-92.00427,31.261989],[-91.991726,31.273536],[-92.002096,31.270296],[-92.003548,31.275154],[-92.012143,31.276826],[-92.010608,31.283313],[-92.019825,31.28046],[-92.023136,31.285808]]]}},{"type":"Feature","properties":{"GEOID":"22051","NAME":"Jefferson","state":"LA","wildfire_risk_score":27.258,"wildfire_eal_total":10194.4,"risk_band":"Moderate","source":"FEMA National Risk Index v1.20 (December 2025)"},"geometry":{"type":"MultiPolygon","coordinates":[[[[-89.950233,29.277044],[-89.943016,29.276529],[-89.93397,29.285649],[-89.906586,29.296637],[-89.915836,29.286477],[-89.944221,29.271717],[-89.950233,29.277044]]],[[[-89.962457,29.304315],[-89.95976,29.306776],[-89.95698,29.303664],[-89.957934,29.30247],[-89.962457,29.304315]]],[[[-89.979129,29.281089],[-89.966888,29.282643],[-89.967126,29.271448],[-89.979485,29.277564],[-89.979129,29.281089]]],[[[-89.984035,29.320814],[-89.970341,29.316907],[-89.973163,29.301022],[-89.981587,29.308802],[-89.984035,29.320814]]],[[[-90.022268,29.242521],[-90.014543,29.25092],[-90.008007,29.239514],[-90.024644,29.24107],[-90.022268,29.242521]]],[[[-90.028804,29.264502],[-90.022624,29.267198],[-90.019891,29.264917],[-90.026902,29.260044],[-90.028804,29.264502]]],[[[-90.03585,29.352375],[-90.0351258601136,29.3574477818187],[-90.027853,29.358801],[-90.01585,29.354036],[-90.008601,29.366983],[-89.997549,29.370504],[-89.97699,29.353207],[-89.982694,29.341295],[-90.007413,29.343159],[-90.017514,29.350825],[-90.0303930718743,29.3449123252716],[-90.03585,29.352375]]],[[[-90.042659,29.202661],[-90.01531,29.22975],[-90.005294,29.233946],[-90.001936,29.246207],[-89.993984,29.249158],[-89.988161,29.260148],[-89.973781,29.257141],[-89.970216,29.263466],[-89.949678,29.264882],[-89.955643,29.252769],[-90.021035,29.216485],[-90.040019,29.200129],[-90.042659,29.202661]]],[[[-90.088528,29.182504],[-90.062101,29.205022],[-90.0635523072935,29.2082536165536],[-90.05517,29.2083],[-90.047879,29.21533],[-90.055163,29.205124],[-90.047854,29.18958],[-90.0887807372695,29.1669441475432],[-90.088528,29.182504]]],[[[-90.280134,29.977051],[-90.275555,30.088877],[-90.259889,30.16341],[-90.156256,30.189613],[-90.139784,30.177365],[-90.108119,30.16494],[-90.125025,29.97371],[-90.140074,29.947904],[-90.138574,29.918805],[-90.116509,29.908707],[-90.085573,29.914405],[-90.062472,29.926004],[-90.058547,29.945334],[-90.008148,29.896896],[-90.027456,29.85285],[-90.06861,29.82883],[-90.071852,29.80804],[-90.060043,29.784128],[-90.075683,29.77185],[-90.065727,29.75311],[-90.067331,29.738879],[-90.015884,29.674413],[-90.002201,29.623421],[-89.985235,29.618923],[-89.988182,29.614499],[-89.980018,29.607582],[-89.983543,29.601823],[-89.981201,29.588735],[-89.97599,29.588001],[-89.985862,29.575446],[-89.982635,29.567065],[-89.9888,29.560525],[-89.985832,29.537826],[-89.979789,29.538032],[-89.97895,29.533643],[-89.9774219308015,29.4596231474006],[-89.991785,29.450632],[-89.991548,29.446079],[-89.970394,29.431796],[-89.987269,29.405503],[-90.002481,29.403433],[-90.000579,29.392251],[-90.015553,29.376097],[-90.0307846691255,29.3750007018809],[-90.029098,29.387514],[-90.033294,29.393278],[-90.020622,29.428461],[-90.037551,29.436344],[-90.042083,29.443426],[-90.037376,29.447832],[-90.048637,29.455245],[-90.047615,29.460447],[-90.062698,29.459194],[-90.078239,29.466125],[-90.095184,29.461421],[-90.137504,29.477163],[-90.144485,29.497373],[-90.172203,29.541196],[-90.18782,29.546567],[-90.192176,29.55274],[-90.186172,29.563341],[-90.158459,29.570032],[-90.164644,29.579857],[-90.15134,29.588374],[-90.151157,29.598559],[-90.156218,29.602533],[-90.151168,29.609112],[-90.157692,29.609426],[-90.161189,29.623424],[-90.155807,29.67753],[-90.164184,29.676935],[-90.170387,29.683523],[-90.186386,29.680912],[-90.195198,29.690505],[-90.228157,29.692028],[-90.202346,29.750669],[-90.169479,29.806388],[-90.167274,29.81846],[-90.173202,29.827524],[-90.182044,29.827598],[-90.240173,29.862117],[-90.243339,29.880935],[-90.268277,29.904987],[-90.280134,29.977051]]]]}},{"type":"Feature","properties":{"GEOID":"22087","NAME":"St. Bernard","state":"LA","wildfire_risk_score":38.709,"wildfire_eal_total":23700.31,"risk_band":"Moderate","source":"FEMA National Risk Index v1.20 (December 2025)"},"geometry":{"type":"MultiPolygon","coordinates":[[[[-88.8677,29.861551],[-88.862714,29.856784],[-88.862331,29.846195],[-88.865143,29.848469],[-88.8677,29.861551]]],[[[-88.879333,29.874023],[-88.878311,29.877016],[-88.875306,29.881949],[-88.876073,29.875021],[-88.879333,29.874023]]],[[[-88.870476,30.049212],[-88.855583,30.034414],[-88.833725,29.998821],[-88.817017,29.93425],[-88.818146,29.889109],[-88.83271,29.824062],[-88.867874,29.762305],[-88.875091,29.759818],[-88.863756,29.793564],[-88.84301,29.82596],[-88.836296,29.855221],[-88.843277,29.86381],[-88.8312,29.878839],[-88.828247,29.920717],[-88.837379,29.944878],[-88.835495,29.974138],[-88.840866,29.995613],[-88.857368,30.027826],[-88.881454,30.053202],[-88.870476,30.049212]]],[[[-89.262222,29.827524],[-89.249505,29.828649],[-89.245499,29.826605],[-89.248902,29.823159],[-89.262222,29.827524]]],[[[-89.293946,30.000302],[-89.287766,29.999582],[-89.289905,29.995156],[-89.293352,29.994745],[-89.293946,30.000302]]],[[[-89.32734,29.951816],[-89.32223,29.954184],[-89.319377,29.948933],[-89.326627,29.946976],[-89.32734,29.951816]]],[[[-89.337916,29.960877],[-89.335658,29.962833],[-89.332212,29.962421],[-89.333995,29.959127],[-89.337916,29.960877]]],[[[-89.341006,29.988878],[-89.33958,29.994024],[-89.336728,29.99423],[-89.336728,29.987951],[-89.341006,29.988878]]],[[[-89.342163,30.059172],[-89.318755,30.065141],[-89.303026,30.09157],[-89.210989,30.141374],[-89.190475,30.16176],[-89.185715,30.157001],[-89.243079,30.100663],[-89.236927,30.094953],[-89.229058,30.098906],[-89.2208,30.071445],[-89.175728,30.062775],[-89.173401,30.04336],[-89.183959,30.032768],[-89.202974,30.03462],[-89.213045,30.027352],[-89.211473,30.010119],[-89.201584,30.001429],[-89.215675,29.993523],[-89.2295,30.000433],[-89.224365,30.007043],[-89.227217,30.021244],[-89.237994,30.033488],[-89.238863,30.052931],[-89.24433,30.05828],[-89.253362,30.060542],[-89.275466,30.037089],[-89.275826,30.023081],[-89.281646,30.028241],[-89.280933,30.036883],[-89.287588,30.040587],[-89.308504,30.039763],[-89.323953,30.047788],[-89.333221,30.034767],[-89.340342,30.044636],[-89.342163,30.059172]]],[[[-89.347424,29.975187],[-89.34576,29.976937],[-89.343502,29.981261],[-89.340412,29.976217],[-89.347424,29.975187]]],[[[-89.360615,29.92741],[-89.357763,29.934001],[-89.352415,29.924423],[-89.360258,29.919891],[-89.360615,29.92741]]],[[[-89.368577,29.953772],[-89.362041,29.962318],[-89.366795,29.976731],[-89.360377,29.979202],[-89.351821,29.972922],[-89.363229,29.971893],[-89.353722,29.959641],[-89.361684,29.951713],[-89.368577,29.953772]]],[[[-89.381412,30.00905],[-89.379748,30.014607],[-89.364774,30.00905],[-89.36727,30.004933],[-89.378441,30.004213],[-89.381412,30.00905]]],[[[-89.440919,30.135182],[-89.442093,30.144369],[-89.429813,30.144429],[-89.426971,30.148495],[-89.417694,30.143682],[-89.429031,30.128559],[-89.446564,30.130278],[-89.440919,30.135182]]],[[[-90.012102,29.94598],[-89.989882,29.98949],[-89.983463,29.987012],[-89.97258,29.994798],[-89.953038,29.981165],[-89.940075,29.980148],[-89.914168,29.999098],[-89.894539,30.002325],[-89.885206,29.996453],[-89.879699,29.985443],[-89.869976,29.993061],[-89.861173,29.988795],[-89.859236,29.992622],[-89.86535,29.997084],[-89.8598781750095,30.0017202406063],[-89.838787,29.942772],[-89.81926,29.933132],[-89.798109,29.931714],[-89.747341,29.945486],[-89.729395,29.957532],[-89.714774,29.947048],[-89.747176,29.930761],[-89.744939,29.907905],[-89.705278,29.874344],[-89.665435,29.862796],[-89.634825,29.863191],[-89.600513,29.877123],[-89.590916,29.88896],[-89.592346,29.917253],[-89.58189,29.929424],[-89.581608,29.945867],[-89.570419,29.961465],[-89.570642,29.97569],[-89.580086,29.990455],[-89.576008,29.996161],[-89.559753,29.998587],[-89.491517,30.0375],[-89.489378,30.041821],[-89.496741,30.0606],[-89.484423,30.078833],[-89.456356,30.058878],[-89.444618,30.060959],[-89.431075,30.051763],[-89.442555,30.046347],[-89.441604,30.040381],[-89.430433,30.033796],[-89.401938,30.049046],[-89.372677,30.049845],[-89.380283,30.041615],[-89.372375,30.036671],[-89.374579,30.032562],[-89.381709,30.035031],[-89.405239,30.028652],[-89.407834,30.023868],[-89.397158,30.005602],[-89.39906,30.000868],[-89.40928,30.009513],[-89.40928,30.020009],[-89.413597,30.023185],[-89.423541,30.016922],[-89.429958,30.028858],[-89.448972,30.019186],[-89.447309,30.014247],[-89.432097,30.010542],[-89.448735,30.011777],[-89.457766,29.998192],[-89.453488,29.99387],[-89.442793,29.997369],[-89.433411,29.991205],[-89.433998,29.974312],[-89.419787,29.972549],[-89.423541,29.963399],[-89.381234,29.959487],[-89.381103,29.95621],[-89.398347,29.95784],[-89.389315,29.944865],[-89.380521,29.94157],[-89.370063,29.892128],[-89.359842,29.890892],[-89.351999,29.902431],[-89.3539,29.911494],[-89.334363,29.906881],[-89.327014,29.918034],[-89.31763,29.921219],[-89.283562,29.97332],[-89.275799,29.977565],[-89.273315,29.99382],[-89.257165,29.990576],[-89.247848,29.997328],[-89.249969,29.975597],[-89.225545,29.967126],[-89.23796,29.937039],[-89.232436,29.930428],[-89.279806,29.927246],[-89.29569,29.918879],[-89.298797,29.909252],[-89.310785,29.90721],[-89.324666,29.888913],[-89.341969,29.883143],[-89.335124,29.872757],[-89.312664,29.881104],[-89.241189,29.885113],[-89.240271,29.878649],[-89.26439,29.866986],[-89.270916,29.852093],[-89.285876,29.85066],[-89.293292,29.863358],[-89.306032,29.865666],[-89.306032,29.858246],[-89.315159,29.852804],[-89.302989,29.843568],[-89.300898,29.836311],[-89.308694,29.841095],[-89.319532,29.837136],[-89.312394,29.823625],[-89.324095,29.826414],[-89.327518,29.82328],[-89.34311,29.838291],[-89.329419,29.843239],[-89.340828,29.849671],[-89.38361,29.840105],[-89.385702,29.835487],[-89.379427,29.822125],[-89.362314,29.826744],[-89.349338,29.820829],[-89.345012,29.815418],[-89.358702,29.809752],[-89.35699,29.800018],[-89.344631,29.797708],[-89.336455,29.785167],[-89.318391,29.783682],[-89.303605,29.796401],[-89.292515,29.799166],[-89.292944,29.775329],[-89.285742,29.763391],[-89.304921,29.758744],[-89.332822,29.779888],[-89.353873,29.783161],[-89.367346,29.777507],[-89.376005,29.788632],[-89.394697,29.790152],[-89.400267,29.785732],[-89.401557,29.769645],[-89.430766,29.740765],[-89.425542,29.731243],[-89.43025,29.712606],[-89.406428,29.694362],[-89.39609,29.69572],[-89.387794,29.679991],[-89.403956,29.681808],[-89.42421,29.697638],[-89.431907,29.688746],[-89.426667,29.678625],[-89.440273,29.681973],[-89.443125,29.671235],[-89.433808,29.656365],[-89.445648,29.651879],[-89.465562,29.651738],[-89.471182,29.673158],[-89.46252,29.679826],[-89.467599,29.699019],[-89.485147,29.719961],[-89.491612,29.723924],[-89.497514,29.717949],[-89.511957,29.727722],[-89.524887,29.726566],[-89.518803,29.702125],[-89.50772,29.692016],[-89.519563,29.692215],[-89.524887,29.682799],[-89.524887,29.675365],[-89.514527,29.668834],[-89.532303,29.673383],[-89.531542,29.666444],[-89.511437,29.656881],[-89.50141,29.634022],[-89.52239,29.650769],[-89.5461273870547,29.6528651795964],[-89.599614,29.674755],[-89.625722,29.678929],[-89.660282,29.708747],[-89.683853,29.716033],[-89.691887,29.738027],[-89.705033,29.752792],[-89.733867,29.758592],[-89.778633,29.756052],[-89.790754,29.760821],[-89.786198,29.773281],[-89.809766,29.798792],[-89.824956,29.802152],[-89.867783,29.79403],[-89.87974,29.807939],[-89.878606,29.815528],[-89.895932,29.833237],[-89.910708,29.867865],[-89.902988,29.876953],[-89.903284,29.887441],[-89.921019,29.915729],[-89.936608,29.924322],[-89.969768,29.924702],[-90.012102,29.94598]]]]}},{"type":"Feature","properties":{"GEOID":"22085","NAME":"Sabine","state":"LA","wildfire_risk_score":67.43,"wildfire_eal_total":90431.44,"risk_band":"High","source":"FEMA National Risk Index v1.20 (December 2025)"},"geometry":{"type":"Polygon","coordinates":[[[-93.8796387140365,31.8436323554259],[-93.441171,31.845233],[-93.441689,31.714485],[-93.338436,31.714205],[-93.337625,31.538274],[-93.236752,31.537863],[-93.236643,31.364491],[-93.390495,31.364147],[-93.442554,31.276716],[-93.535414,31.276402],[-93.534889,31.261062],[-93.53929,31.257043],[-93.535883,31.252715],[-93.544603,31.243205],[-93.556503,31.240317],[-93.552139,31.23813],[-93.550483,31.227568],[-93.541474,31.226563],[-93.551529,31.214887],[-93.544349,31.202781],[-93.555136,31.187382],[-93.5525399494441,31.1856050930259],[-93.588503,31.165581],[-93.600308,31.176158],[-93.601857,31.199393],[-93.607288,31.205403],[-93.603139,31.217056],[-93.595045,31.221044],[-93.599094,31.224182],[-93.596556,31.229657],[-93.608747,31.228014],[-93.617984,31.232501],[-93.616308,31.244595],[-93.621684,31.248586],[-93.614288,31.251631],[-93.613942,31.259375],[-93.620343,31.271025],[-93.641472,31.269936],[-93.647367,31.281726],[-93.659864,31.281962],[-93.66741,31.297054],[-93.68688,31.305166],[-93.681112,31.320125],[-93.673553,31.324542],[-93.677277,31.330483],[-93.668802,31.339604],[-93.668439,31.353012],[-93.646633,31.358595],[-93.639257,31.371535],[-93.670108,31.3657],[-93.674117,31.397681],[-93.704879,31.410881],[-93.704678,31.4189],[-93.692526,31.438201],[-93.708937,31.441706],[-93.703934,31.455493],[-93.709128,31.456746],[-93.70997,31.45276],[-93.717734,31.457106],[-93.722093,31.453496],[-93.749476,31.46869],[-93.745542,31.480396],[-93.752198,31.479551],[-93.751851,31.483117],[-93.727587,31.488902],[-93.711581,31.512789],[-93.742196,31.515469],[-93.742765,31.526858],[-93.747737,31.53069],[-93.758111,31.529872],[-93.75413,31.526406],[-93.760062,31.523933],[-93.787687,31.527344],[-93.803359,31.538787],[-93.799536,31.542977],[-93.818582,31.554826],[-93.821087,31.560341],[-93.81686,31.563084],[-93.822958,31.56813],[-93.818434,31.570943],[-93.834924,31.586211],[-93.838057,31.606795],[-93.830444,31.613595],[-93.818717,31.614556],[-93.82717,31.620276],[-93.816838,31.622509],[-93.820725,31.627992],[-93.815955,31.632279],[-93.818037,31.647892],[-93.826462,31.666919],[-93.822051,31.673967],[-93.812759,31.669763],[-93.813938,31.675894],[-93.794989,31.704806],[-93.808395,31.702853],[-93.816291,31.707497],[-93.813466,31.725884],[-93.836103,31.748521],[-93.822598,31.773559],[-93.834649,31.783309],[-93.839343,31.80033],[-93.851481,31.80015],[-93.861384,31.812297],[-93.873253,31.814886],[-93.877133,31.832184],[-93.873124,31.836664],[-93.8796387140365,31.8436323554259]]]}},{"type":"Feature","properties":{"GEOID":"22119","NAME":"Webster","state":"LA","wildfire_risk_score":41.921,"wildfire_eal_total":18403.52,"risk_band":"Moderate","source":"FEMA National Risk Index v1.20 (December 2025)"},"geometry":{"type":"Polygon","coordinates":[[[-93.530714,32.967623],[-93.526114,32.977178],[-93.530405,32.975397],[-93.530528,32.983159],[-93.516315,33.002541],[-93.514792,33.01213],[-93.520992930177,33.0186161167386],[-93.2386472755819,33.0179920949377],[-93.237744,32.715973],[-93.186698,32.716227],[-93.186092,32.672949],[-93.177916,32.672779],[-93.182211,32.665002],[-93.175665,32.657946],[-93.181087,32.654421],[-93.173589,32.633068],[-93.179492,32.621817],[-93.175999,32.600771],[-93.181339,32.597499],[-93.182158,32.5861],[-93.177033,32.58276],[-93.168158,32.549719],[-93.172013,32.542512],[-93.166786,32.511105],[-93.146446,32.469962],[-93.152085,32.466031],[-93.14765,32.454671],[-93.237242,32.454349],[-93.236922,32.410161],[-93.44115,32.410468],[-93.441264,32.497808],[-93.446643,32.500256],[-93.444867,32.761395],[-93.469744,32.761228],[-93.465062,32.772402],[-93.474218,32.787627],[-93.459702,32.806231],[-93.461984,32.806446],[-93.471175,32.811906],[-93.462493,32.810466],[-93.454012,32.821609],[-93.45994,32.827558],[-93.454522,32.830765],[-93.456555,32.835026],[-93.467287,32.848056],[-93.45521,32.850726],[-93.451269,32.855873],[-93.45675,32.862811],[-93.448039,32.866321],[-93.450783,32.87023],[-93.464316,32.868892],[-93.465518,32.879215],[-93.480742,32.890906],[-93.482689,32.904037],[-93.469776,32.904404],[-93.469572,32.917717],[-93.479085,32.919539],[-93.48081,32.927231],[-93.497609,32.922479],[-93.496459,32.928066],[-93.513696,32.940423],[-93.512078,32.947263],[-93.520605,32.954561],[-93.519562,32.96508],[-93.530714,32.967623]]]}},{"type":"Feature","properties":{"GEOID":"22107","NAME":"Tensas","state":"LA","wildfire_risk_score":6.33,"wildfire_eal_total":1238.24,"risk_band":"Low","source":"FEMA National Risk Index v1.20 (December 2025)"},"geometry":{"type":"Polygon","coordinates":[[[-91.579606,31.871887],[-91.569221,31.89356],[-91.54322,31.913759],[-91.525016,31.915519],[-91.511374,31.930025],[-91.512804,31.954092],[-91.528258,31.960843],[-91.512178,31.975355],[-91.514782,31.985396],[-91.507526,31.991958],[-91.496903,31.992372],[-91.494858,32.003065],[-91.501759,32.005411],[-91.496655,32.00965],[-91.510235,32.021312],[-91.501705,32.045869],[-91.50173,32.066378],[-91.492248,32.069831],[-91.495013,32.076227],[-91.489673,32.077115],[-91.493,32.083036],[-91.489761,32.092422],[-91.510433,32.100619],[-91.501224,32.10577],[-91.506614,32.14291],[-91.495351,32.148159],[-91.49327,32.15611],[-91.493574,32.203247],[-91.321366,32.202916],[-91.314419,32.212429],[-91.297522,32.219735],[-91.287067,32.217832],[-91.270624,32.231228],[-91.267744,32.224744],[-91.251812,32.223698],[-91.249072,32.217432],[-91.234815,32.210039],[-91.222562,32.22768],[-91.202648,32.239503],[-91.183592,32.245435],[-91.13378,32.249339],[-91.12118,32.239171],[-91.121412,32.21304],[-91.133587,32.213432],[-91.164171,32.196888],[-91.174552,32.154978],[-91.165452,32.13429],[-91.111294,32.125036],[-91.08163,32.133992],[-91.0307991898912,32.1205658494524],[-91.034707,32.101053],[-91.081508,32.077754],[-91.080208,32.048355],[-91.103708,32.050255],[-91.128609,32.076554],[-91.139309,32.081754],[-91.14881,32.080154],[-91.16031,32.070354],[-91.16131,32.059755],[-91.15141,32.049255],[-91.088108,32.034455],[-91.075908,32.016828],[-91.104108,31.990357],[-91.16441,31.982557],[-91.18481,31.965557],[-91.19321,31.935658],[-91.18471,31.935058],[-91.18061,31.917959],[-91.20281,31.907959],[-91.234899,31.876863],[-91.267712,31.86266],[-91.268112,31.853061],[-91.245047,31.831447],[-91.255611,31.812662],[-91.269212,31.809162],[-91.282212,31.814762],[-91.289412,31.828661],[-91.293413,31.86016],[-91.327914,31.854761],[-91.345714,31.842861],[-91.359514,31.799362],[-91.365529,31.761628],[-91.355214,31.758063],[-91.273874,31.771178],[-91.259611,31.76129],[-91.275545,31.745515],[-91.319816,31.749989],[-91.365034,31.748184],[-91.3802389538171,31.7332419242873],[-91.377992,31.747585],[-91.395357,31.747113],[-91.400906,31.753796],[-91.544791,31.751731],[-91.578357,31.798245],[-91.56873,31.826961],[-91.570311,31.862751],[-91.578691,31.863923],[-91.579606,31.871887]]]}},{"type":"Feature","properties":{"GEOID":"22017","NAME":"Caddo","state":"LA","wildfire_risk_score":62.754,"wildfire_eal_total":72915.72,"risk_band":"High","source":"FEMA National Risk Index v1.20 (December 2025)"},"geometry":{"type":"Polygon","coordinates":[[[-94.043147,32.693031],[-94.042964,33.019219],[-93.8145980510626,33.0193719645896],[-93.823799,33.011487],[-93.810398,32.997414],[-93.820511,32.989263],[-93.817459,32.977535],[-93.823332,32.968085],[-93.803067,32.973765],[-93.800924,32.96562],[-93.807514,32.961447],[-93.826597,32.966734],[-93.832109,32.956663],[-93.845224,32.950428],[-93.840446,32.946028],[-93.814073,32.942556],[-93.801967,32.931806],[-93.821504,32.899707],[-93.819055,32.881687],[-93.800071,32.86826],[-93.802824,32.860263],[-93.814998,32.852566],[-93.799553,32.84688],[-93.788646,32.861808],[-93.785143,32.845024],[-93.794335,32.812503],[-93.821112,32.798446],[-93.824275,32.7905],[-93.816831,32.782333],[-93.801353,32.798539],[-93.794296,32.799462],[-93.783199,32.783127],[-93.791111,32.759273],[-93.823817,32.73437],[-93.826268,32.716593],[-93.819634,32.710872],[-93.802562,32.72616],[-93.787129,32.724641],[-93.782111,32.712212],[-93.786504,32.667362],[-93.770238,32.677471],[-93.760834,32.677403],[-93.755541,32.672043],[-93.759578,32.663317],[-93.776932,32.658097],[-93.764434,32.641145],[-93.773387,32.640293],[-93.784322,32.646551],[-93.787873,32.64322],[-93.779521,32.637449],[-93.756802,32.636746],[-93.751324,32.630237],[-93.759971,32.606107],[-93.739894,32.598523],[-93.74517,32.595349],[-93.752978,32.599843],[-93.770643,32.593397],[-93.756946,32.587525],[-93.742642,32.591732],[-93.735762,32.5837],[-93.743122,32.570453],[-93.765164,32.560697],[-93.766419,32.553334],[-93.759466,32.548195],[-93.740397,32.550873],[-93.728646,32.534789],[-93.738194,32.533101],[-93.74087,32.54369],[-93.746137,32.546781],[-93.755297,32.537576],[-93.767721,32.539534],[-93.752863,32.528177],[-93.745551,32.532784],[-93.742806,32.514279],[-93.705599,32.498825],[-93.717892,32.492085],[-93.717478,32.488327],[-93.701673,32.495774],[-93.69619,32.490476],[-93.699558,32.477568],[-93.691027,32.473282],[-93.689932,32.462985],[-93.682301,32.464549],[-93.693065,32.448047],[-93.674049,32.440676],[-93.661396,32.427624],[-93.673362,32.420892],[-93.675032,32.431027],[-93.680046,32.433583],[-93.691593,32.423472],[-93.683409,32.417465],[-93.659921,32.415706],[-93.685155,32.408983],[-93.685569,32.395498],[-93.663343,32.387819],[-93.667969,32.404074],[-93.648101,32.402687],[-93.635741,32.39593],[-93.648589,32.388024],[-93.649274,32.377738],[-93.633376,32.398522],[-93.625176,32.398254],[-93.631086,32.384555],[-93.625616,32.361915],[-93.616541,32.365316],[-93.608707,32.378628],[-93.603312,32.37811],[-93.620962,32.350923],[-93.584885,32.347931],[-93.584644,32.335689],[-93.572657,32.340483],[-93.583033,32.331894],[-93.578786,32.327505],[-93.564425,32.331653],[-93.562688,32.343097],[-93.556583,32.345595],[-93.555323,32.331423],[-93.544105,32.326355],[-93.550117,32.32177],[-93.561463,32.326697],[-93.562992,32.320353],[-93.550613,32.319528],[-93.545009,32.306454],[-93.538862,32.31838],[-93.527253,32.310326],[-93.538522,32.303646],[-93.538486,32.294981],[-93.55326,32.293702],[-93.536702,32.290148],[-93.530058,32.296286],[-93.516239,32.29838],[-93.515096,32.28883],[-93.524698,32.273317],[-93.518988,32.27248],[-93.501519,32.285693],[-93.510831,32.274741],[-93.492204,32.265582],[-93.49022,32.243585],[-93.477598,32.242937],[-93.486335,32.25697],[-93.472859,32.248787],[-93.462103,32.250444],[-93.472258,32.242022],[-93.469441,32.237181],[-93.61469,32.237526],[-93.618416,32.253991],[-93.614265,32.269607],[-93.624044,32.283548],[-93.637972,32.290332],[-93.646386,32.304397],[-93.666472,32.317444],[-93.689042,32.31686],[-93.69805,32.324764],[-93.701458,32.318604],[-93.71613,32.316668],[-93.725714,32.32846],[-93.737907,32.326172],[-93.74654,32.341194],[-93.764763,32.345646],[-93.775666,32.339678],[-93.781539,32.343297],[-93.791323,32.340197],[-93.801513,32.333163],[-93.807098,32.327751],[-93.811151,32.309536],[-93.852105,32.289669],[-93.861907,32.252011],[-93.951212,32.195625],[-94.0426206400517,32.196064957593],[-94.043147,32.693031]]]}},{"type":"Feature","properties":{"GEOID":"22099","NAME":"St. Martin","state":"LA","wildfire_risk_score":25.0,"wildfire_eal_total":7527.93,"risk_band":"Moderate","source":"FEMA National Risk Index v1.20 (December 2025)"},"geometry":{"type":"MultiPolygon","coordinates":[[[[-91.471953,29.956304],[-91.255262,29.9716],[-91.251395,29.957591],[-91.245336,29.955556],[-91.247675,29.951146],[-91.229652,29.932718],[-91.232016,29.918171],[-91.214076,29.907569],[-91.207086,29.897888],[-91.198621,29.859717],[-91.184496,29.846722],[-91.150227,29.836831],[-91.131844,29.836991],[-91.120658,29.827916],[-91.111055,29.82655],[-91.106082,29.816939],[-91.099415,29.81465],[-91.092682,29.801],[-91.099017,29.789584],[-91.096125,29.778517],[-91.100245,29.771981],[-91.089465,29.755547],[-91.095364,29.737032],[-91.106551,29.733487],[-91.10001,29.699402],[-91.112275,29.702927],[-91.134117,29.724073],[-91.180909,29.728548],[-91.215195,29.751211],[-91.229398,29.748922],[-91.298584,29.764966],[-91.352348,29.766552],[-91.386491,29.783681],[-91.373642,29.834401],[-91.40113,29.873526],[-91.412912,29.904211],[-91.47196,29.947964],[-91.471953,29.956304]]],[[[-91.988659,30.36962],[-91.981472,30.381692],[-91.980318,30.403395],[-91.970034,30.410206],[-91.936912,30.394742],[-91.869273,30.417235],[-91.81271,30.39426],[-91.678896,30.394731],[-91.6943,30.401748],[-91.6985,30.414607],[-91.713295,30.431893],[-91.718679,30.448898],[-91.739685,30.453044],[-91.756209,30.498133],[-91.701339,30.497747],[-91.692453,30.481301],[-91.674766,30.474546],[-91.640078,30.442673],[-91.639568,30.429032],[-91.628087,30.413915],[-91.630019,30.407084],[-91.62483,30.394789],[-91.627757,30.379553],[-91.643315,30.37247],[-91.648118,30.365068],[-91.625483,30.354209],[-91.627544,30.330102],[-91.621055,30.309938],[-91.589959,30.277047],[-91.588039,30.257113],[-91.56276,30.241949],[-91.51064,30.240659],[-91.475277,30.229231],[-91.490243,30.201912],[-91.471982,30.186747],[-91.467893,30.160378],[-91.472468,30.142702],[-91.461313,30.131246],[-91.471163,30.110699],[-91.463898,30.102682],[-91.388841,30.102445],[-91.378025,30.094851],[-91.37176,30.081562],[-91.368835,30.058824],[-91.488245,30.058238],[-91.495427,30.041369],[-91.506222,30.038961],[-91.507727,30.033553],[-91.600217,30.033036],[-91.612219,30.067702],[-91.630579,30.07188],[-91.658886,30.108226],[-91.669452,30.112893],[-91.67839,30.104962],[-91.699499,30.120784],[-91.712283,30.117199],[-91.726628,30.122413],[-91.765338,30.108432],[-91.768667,30.096411],[-91.760549,30.090915],[-91.772598,30.089404],[-91.801323,30.070081],[-91.7987,30.066927],[-91.818243,30.043925],[-91.875633,30.067753],[-91.895806,30.05722],[-91.907094,30.072597],[-91.951159,30.07278],[-91.934126,30.119717],[-91.905544,30.154616],[-91.912777,30.163583],[-91.907633,30.167272],[-91.921322,30.1882],[-91.933269,30.182771],[-91.954738,30.186842],[-91.953809,30.181745],[-91.962918,30.17594],[-91.979956,30.182516],[-91.978775,30.208809],[-91.966219,30.214],[-91.957918,30.2119],[-91.952618,30.2244],[-91.943618,30.226],[-91.942818,30.236599],[-91.958909,30.237184],[-91.969011,30.248488],[-91.968119,30.259032],[-91.976933,30.260649],[-91.948939,30.276825],[-91.955212,30.308094],[-91.966215,30.32444],[-91.952937,30.33868],[-91.957405,30.345023],[-91.950745,30.348369],[-91.95377,30.359987],[-91.97848,30.362951],[-91.988659,30.36962]]]]}},{"type":"Feature","properties":{"GEOID":"22063","NAME":"Livingston","state":"LA","wildfire_risk_score":56.807,"wildfire_eal_total":71525.2,"risk_band":"High","source":"FEMA National Risk Index v1.20 (December 2025)"},"geometry":{"type":"Polygon","coordinates":[[[-90.991475,30.461954],[-90.974268,30.471019],[-90.978662,30.479098],[-90.970035,30.495571],[-90.975929,30.498349],[-90.96789,30.504381],[-90.982197,30.522114],[-90.977473,30.525067],[-90.979274,30.529695],[-90.984385,30.530637],[-90.972952,30.540928],[-90.975924,30.545495],[-90.971302,30.562687],[-90.987906,30.572643],[-90.985379,30.585328],[-90.980489,30.584757],[-90.980893,30.590547],[-90.971102,30.597383],[-90.963803,30.593925],[-90.961634,30.600981],[-90.956859,30.599497],[-90.959207,30.605823],[-90.949101,30.604085],[-90.947686,30.609826],[-90.935098,30.612851],[-90.932214,30.618409],[-90.939825,30.621947],[-90.927337,30.637186],[-90.918315,30.638055],[-90.910701,30.649385],[-90.567126,30.650015],[-90.566906,30.48706],[-90.557451,30.48488],[-90.557902,30.477049],[-90.552896,30.475745],[-90.546118,30.430283],[-90.520901,30.415759],[-90.521829,30.41069],[-90.514555,30.40625],[-90.510719,30.395124],[-90.515006,30.391893],[-90.501009,30.384205],[-90.503649,30.362751],[-90.492085,30.366019],[-90.489349,30.355546],[-90.47909,30.357621],[-90.474488,30.348566],[-90.484707,30.328078],[-90.482284,30.288655],[-90.485826,30.276992],[-90.509076,30.230135],[-90.546953,30.198707],[-90.557406,30.195142],[-90.577815,30.197168],[-90.5995,30.216836],[-90.613837,30.214845],[-90.634134,30.222045],[-90.636069,30.227612],[-90.647616,30.232749],[-90.660422,30.22553],[-90.662319,30.212122],[-90.668754,30.215348],[-90.677683,30.208887],[-90.673287,30.198013],[-90.683074,30.182693],[-90.698613,30.176015],[-90.704652,30.186926],[-90.708494,30.184266],[-90.719539,30.189994],[-90.722632,30.206514],[-90.735407,30.213056],[-90.731407,30.221153],[-90.741852,30.229943],[-90.742452,30.236039],[-90.749109,30.241281],[-90.766728,30.239243],[-90.774076,30.251719],[-90.787212,30.25697],[-90.791359,30.265],[-90.782121,30.274843],[-90.784695,30.280266],[-90.798172,30.284726],[-90.798622,30.279461],[-90.810297,30.275484],[-90.816404,30.286892],[-90.813618,30.29242],[-90.8253,30.293667],[-90.822685,30.300608],[-90.829065,30.317461],[-90.839707,30.319004],[-90.836599,30.325616],[-90.849082,30.329119],[-90.859711,30.339329],[-90.858509,30.343765],[-90.863455,30.340581],[-90.900596,30.347745],[-90.902341,30.355314],[-90.90805,30.356018],[-90.903678,30.35775],[-90.905379,30.36105],[-90.913523,30.358673],[-90.920296,30.365947],[-90.936957,30.363913],[-90.931533,30.371282],[-90.9437,30.376492],[-90.947213,30.384939],[-90.942849,30.389448],[-90.946648,30.393529],[-90.968264,30.389151],[-90.972067,30.402318],[-90.957922,30.406076],[-90.966053,30.415194],[-90.964151,30.418868],[-90.982351,30.423465],[-90.981034,30.432144],[-90.972402,30.440302],[-90.981307,30.441883],[-90.986932,30.448361],[-90.981157,30.452765],[-90.988558,30.455145],[-90.991475,30.461954]]]}},{"type":"Feature","properties":{"GEOID":"22033","NAME":"East Baton Rouge","state":"LA","wildfire_risk_score":32.284,"wildfire_eal_total":13526.59,"risk_band":"Moderate","source":"FEMA National Risk Index v1.20 (December 2025)"},"geometry":{"type":"Polygon","coordinates":[[[-91.316488,30.590003],[-91.293457,30.628369],[-91.297658,30.649548],[-91.289356,30.678011],[-91.2707,30.680853],[-91.267802,30.694621],[-91.254736,30.704912],[-90.848768,30.719458],[-90.844181,30.708047],[-90.8537,30.702048],[-90.852985,30.695681],[-90.870916,30.693329],[-90.869282,30.689224],[-90.876457,30.686588],[-90.87818,30.679072],[-90.890315,30.673874],[-90.888798,30.670584],[-90.896569,30.668153],[-90.894875,30.66411],[-90.900459,30.665352],[-90.901455,30.655313],[-90.907901,30.657185],[-90.91224,30.65087],[-90.9096,30.647385],[-90.9154,30.646685],[-90.918315,30.638055],[-90.927337,30.637186],[-90.935003,30.628286],[-90.940636,30.620456],[-90.933528,30.620642],[-90.935098,30.612851],[-90.947686,30.609826],[-90.949101,30.604085],[-90.959207,30.605823],[-90.956859,30.599497],[-90.961634,30.600981],[-90.963803,30.593925],[-90.971102,30.597383],[-90.977401,30.593485],[-90.980489,30.584757],[-90.985379,30.585328],[-90.987906,30.572643],[-90.971302,30.562687],[-90.975924,30.545495],[-90.972952,30.540928],[-90.984385,30.530637],[-90.979274,30.529695],[-90.977473,30.525067],[-90.982197,30.522114],[-90.96789,30.504381],[-90.975929,30.498349],[-90.970035,30.495571],[-90.978662,30.479098],[-90.974268,30.471019],[-90.991475,30.461954],[-90.988558,30.455145],[-90.981157,30.452765],[-90.986932,30.448361],[-90.981307,30.441883],[-90.972402,30.440302],[-90.981034,30.432144],[-90.982351,30.423465],[-90.964151,30.418868],[-90.966053,30.415194],[-90.957922,30.406076],[-90.969401,30.405138],[-90.972346,30.397519],[-90.967357,30.388702],[-90.946648,30.393529],[-90.942849,30.389448],[-90.947213,30.384939],[-90.9437,30.376492],[-90.931533,30.371282],[-90.936957,30.363913],[-90.920296,30.365947],[-90.913523,30.358673],[-90.905379,30.36105],[-90.903678,30.35775],[-90.90805,30.356018],[-90.891728,30.345244],[-90.910074,30.339713],[-90.920685,30.345714],[-90.939418,30.340313],[-90.95311,30.345887],[-90.986968,30.345729],[-91.000818,30.336556],[-91.014157,30.334779],[-91.017986,30.324094],[-91.032435,30.314822],[-91.093004,30.320592],[-91.118429,30.312469],[-91.136277,30.315112],[-91.150801,30.337424],[-91.161971,30.341528],[-91.194507,30.346993],[-91.230307,30.341093],[-91.239534,30.351584],[-91.240617,30.362756],[-91.208107,30.403691],[-91.196307,30.434691],[-91.198508,30.513089],[-91.209308,30.522989],[-91.262734,30.505238],[-91.281478,30.506115],[-91.282767,30.51719],[-91.246058,30.535851],[-91.24309,30.55314],[-91.264954,30.572176],[-91.310477,30.574679],[-91.316488,30.590003]]]}},{"type":"Feature","properties":{"GEOID":"22059","NAME":"LaSalle","state":"LA","wildfire_risk_score":20.006,"wildfire_eal_total":7065.96,"risk_band":"Low","source":"FEMA National Risk Index v1.20 (December 2025)"},"geometry":{"type":"Polygon","coordinates":[[[-92.384441,31.620437],[-92.368817,31.616914],[-92.366283,31.628024],[-92.361958,31.623386],[-92.352152,31.623758],[-92.34599,31.629567],[-92.354591,31.630336],[-92.355255,31.637593],[-92.368931,31.631369],[-92.360586,31.642913],[-92.367061,31.648809],[-92.362497,31.655324],[-92.369086,31.659758],[-92.362402,31.659166],[-92.365728,31.672283],[-92.356292,31.670343],[-92.350145,31.680736],[-92.356762,31.678506],[-92.359424,31.683016],[-92.347082,31.690616],[-92.349008,31.69777],[-92.35541,31.700408],[-92.363018,31.69637],[-92.363894,31.702846],[-92.372476,31.701519],[-92.368711,31.722288],[-92.35867,31.723001],[-92.354855,31.728621],[-92.358429,31.733525],[-92.350136,31.73812],[-92.358311,31.743573],[-92.336841,31.76055],[-92.344932,31.759174],[-92.344079,31.769486],[-92.352974,31.780395],[-92.361287,31.78136],[-92.362608,31.796633],[-92.358382,31.798867],[-92.362142,31.79984],[-92.3571,31.803762],[-92.362602,31.80573],[-92.348757,31.809401],[-92.343178,31.816483],[-92.340494,31.813367],[-92.34267,31.823496],[-92.336068,31.823107],[-92.341358,31.831471],[-92.329095,31.848887],[-92.337713,31.853973],[-92.321633,31.861583],[-92.325258,31.871505],[-92.319434,31.883004],[-92.324778,31.8869],[-92.312586,31.89618],[-92.312518,31.927656],[-92.005624,31.927383],[-92.008033,31.325809],[-92.022066,31.330044],[-92.022988,31.340305],[-92.030241,31.343811],[-92.080075,31.323091],[-92.08852,31.33757],[-92.07239,31.343174],[-92.079667,31.347843],[-92.075898,31.354064],[-92.081453,31.356094],[-92.083288,31.364943],[-92.092217,31.365216],[-92.102803,31.37726],[-92.109296,31.372761],[-92.113514,31.374991],[-92.120472,31.379506],[-92.114974,31.385864],[-92.128171,31.389037],[-92.149054,31.405115],[-92.161874,31.434554],[-92.155051,31.450353],[-92.169003,31.457646],[-92.160445,31.465823],[-92.16399,31.471822],[-92.172952,31.469129],[-92.181849,31.475708],[-92.18966,31.468474],[-92.198602,31.480199],[-92.212733,31.481645],[-92.216755,31.492113],[-92.223353,31.486719],[-92.239158,31.490426],[-92.240275,31.486753],[-92.230097,31.477369],[-92.238886,31.476663],[-92.24827,31.48448],[-92.238616,31.500138],[-92.249055,31.505923],[-92.257733,31.495332],[-92.276623,31.495385],[-92.283001,31.502083],[-92.275174,31.506017],[-92.27987,31.514241],[-92.273717,31.51604],[-92.274246,31.526609],[-92.269589,31.529198],[-92.275088,31.536087],[-92.274957,31.530649],[-92.297585,31.535083],[-92.280323,31.542067],[-92.302501,31.548375],[-92.299962,31.567017],[-92.311407,31.573546],[-92.32008,31.57173],[-92.32293,31.576986],[-92.309831,31.580547],[-92.305996,31.58901],[-92.34297,31.595824],[-92.384441,31.620437]]]}},{"type":"Feature","properties":{"GEOID":"22021","NAME":"Caldwell","state":"LA","wildfire_risk_score":25.986,"wildfire_eal_total":9002.88,"risk_band":"Moderate","source":"FEMA National Risk Index v1.20 (December 2025)"},"geometry":{"type":"Polygon","coordinates":[[[-92.312307,32.07652],[-92.312163,32.277348],[-92.164816,32.276697],[-92.152716,32.264668],[-92.15264,32.258833],[-92.106327,32.25873],[-92.106498,32.276886],[-91.993367,32.276795],[-91.992132,32.26375],[-92.001437,32.256818],[-92.000132,32.252851],[-91.986159,32.250833],[-91.996989,32.246383],[-91.998578,32.235844],[-92.007477,32.231052],[-91.99118,32.225499],[-92.000132,32.211686],[-91.990161,32.213821],[-91.983087,32.224296],[-91.977979,32.216175],[-92.006391,32.201628],[-92.0081,32.191598],[-92.000132,32.190393],[-91.975255,32.20429],[-91.972684,32.198617],[-91.983727,32.191829],[-91.976119,32.179178],[-91.980603,32.166634],[-91.9425,32.175474],[-91.932756,32.165236],[-91.910586,32.16906],[-91.892892,32.162799],[-91.896799,32.158906],[-91.89377,32.156046],[-91.900519,32.153087],[-91.894729,32.15155],[-91.897507,32.141998],[-91.883078,32.132347],[-91.885161,32.119836],[-91.874106,32.12596],[-91.869477,32.115354],[-91.875835,32.105871],[-91.867603,32.099607],[-91.868202,32.091555],[-91.875129,32.088254],[-91.889231,32.090199],[-91.89019,32.083475],[-91.897462,32.086108],[-91.901395,32.074976],[-91.902451,32.082953],[-91.906117,32.079883],[-91.913376,32.084989],[-91.914825,32.077423],[-91.926076,32.075485],[-91.933189,32.066374],[-91.922108,32.066297],[-91.916412,32.057116],[-91.908781,32.061102],[-91.913244,32.053257],[-91.898165,32.039552],[-91.903807,32.039645],[-91.898638,32.032364],[-91.902815,32.025444],[-91.894379,32.010551],[-91.899506,32.008817],[-91.897411,31.998828],[-91.902051,31.995805],[-91.889823,31.97169],[-91.904501,31.971399],[-91.903565,31.927457],[-92.312518,31.927656],[-92.312307,32.07652]]]}},{"type":"Feature","properties":{"GEOID":"22105","NAME":"Tangipahoa","state":"LA","wildfire_risk_score":78.308,"wildfire_eal_total":267220.62,"risk_band":"High","source":"FEMA National Risk Index v1.20 (December 2025)"},"geometry":{"type":"Polygon","coordinates":[[[-90.567198,30.824806],[-90.567195,30.999733],[-90.347304385252,31.0003589193692],[-90.346806,30.905628],[-90.330006,30.902205],[-90.329991,30.891152],[-90.317005,30.89116],[-90.314121,30.864086],[-90.298883,30.847645],[-90.29682,30.830141],[-90.290159,30.822144],[-90.293345,30.80649],[-90.278926,30.794374],[-90.276299,30.777512],[-90.262767,30.765864],[-90.266987,30.751777],[-90.253526,30.735549],[-90.25741,30.711081],[-90.250365,30.695552],[-90.253241,30.664346],[-90.243384,30.644831],[-90.251326,30.623316],[-90.249053,30.604985],[-90.243172,30.596015],[-90.249426,30.587647],[-90.244811,30.580169],[-90.243649,30.361581],[-90.192061,30.310783],[-90.160636,30.234337],[-90.297826,30.293903],[-90.320464,30.298985],[-90.350308,30.296831],[-90.373726,30.283392],[-90.386093,30.286879],[-90.420533,30.279837],[-90.485826,30.276992],[-90.482284,30.288655],[-90.484707,30.328078],[-90.474488,30.348566],[-90.47909,30.357621],[-90.489349,30.355546],[-90.492085,30.366019],[-90.503649,30.362751],[-90.501009,30.384205],[-90.515006,30.391893],[-90.510719,30.395124],[-90.514555,30.40625],[-90.521829,30.41069],[-90.520901,30.415759],[-90.546118,30.430283],[-90.552896,30.475745],[-90.557902,30.477049],[-90.557451,30.48488],[-90.566906,30.48706],[-90.567198,30.824806]]]}},{"type":"Feature","properties":{"GEOID":"22123","NAME":"West Carroll","state":"LA","wildfire_risk_score":23.664,"wildfire_eal_total":6662.28,"risk_band":"Low","source":"FEMA National Risk Index v1.20 (December 2025)"},"geometry":{"type":"Polygon","coordinates":[[[-91.638883,32.702472],[-91.630151,32.717748],[-91.617627,32.72166],[-91.611713,32.738048],[-91.597171,32.748897],[-91.595933,32.7725],[-91.605331,32.78295],[-91.589792,32.796778],[-91.591189,32.807207],[-91.573595,32.825387],[-91.57775,32.83001],[-91.56696,32.855019],[-91.541202,32.876551],[-91.518423,32.876719],[-91.494655,32.890796],[-91.497499,32.9061],[-91.475923,32.926595],[-91.479766,32.937341],[-91.46442,32.950749],[-91.456279,32.965842],[-91.438491,32.978797],[-91.439032,32.985505],[-91.449888,32.983376],[-91.449458,32.990168],[-91.438925,32.990957],[-91.438116,33.000124],[-91.432694,33.002622],[-91.437364,33.002699],[-91.435782,33.006099],[-91.265018,33.005084],[-91.261565,33.001724],[-91.262219,32.992372],[-91.273883,32.987177],[-91.267665,32.975081],[-91.27704,32.975634],[-91.276805,32.954217],[-91.28876,32.949297],[-91.291585,32.952184],[-91.294901,32.945977],[-91.297888,32.94916],[-91.30938,32.935237],[-91.302129,32.92628],[-91.312234,32.913317],[-91.311853,32.886333],[-91.307646,32.880401],[-91.318962,32.865029],[-91.32838,32.872611],[-91.335463,32.866104],[-91.334838,32.860746],[-91.340361,32.859899],[-91.338458,32.852986],[-91.347744,32.824644],[-91.339767,32.821713],[-91.343293,32.749654],[-91.373796,32.718949],[-91.378122,32.700324],[-91.373564,32.6957],[-91.375114,32.689323],[-91.397848,32.693323],[-91.397284,32.683428],[-91.403569,32.680635],[-91.398215,32.662239],[-91.401277,32.658209],[-91.394643,32.65658],[-91.398356,32.64996],[-91.394134,32.645401],[-91.398632,32.639265],[-91.402963,32.640386],[-91.400557,32.63127],[-91.405944,32.622345],[-91.403781,32.616571],[-91.3955,32.613979],[-91.397559,32.608918],[-91.426574,32.599854],[-91.445299,32.581956],[-91.59621,32.582113],[-91.596876,32.667147],[-91.637595,32.667298],[-91.621993,32.679944],[-91.620495,32.68801],[-91.624023,32.69567],[-91.638883,32.702472]]]}},{"type":"Feature","properties":{"GEOID":"22047","NAME":"Iberville","state":"LA","wildfire_risk_score":6.043,"wildfire_eal_total":1565.85,"risk_band":"Low","source":"FEMA National Risk Index v1.20 (December 2025)"},"geometry":{"type":"Polygon","coordinates":[[[-91.701339,30.497747],[-91.583425,30.496956],[-91.583457,30.48259],[-91.556325,30.482866],[-91.557783,30.488469],[-91.526512,30.497234],[-91.485155,30.497282],[-91.460215,30.47043],[-91.453161,30.475078],[-91.412512,30.432434],[-91.394497,30.408644],[-91.394571,30.394817],[-91.363643,30.384187],[-91.337202,30.35344],[-91.31974,30.344674],[-91.311285,30.322472],[-91.142105,30.323293],[-91.132826,30.313456],[-91.118429,30.312469],[-91.093004,30.320592],[-91.036783,30.314746],[-91.021014,30.321489],[-91.069966,30.182043],[-91.07364,30.160921],[-91.090166,30.153734],[-91.089834,30.1087],[-91.106559,30.108519],[-91.105997,30.062749],[-91.22423,30.02556],[-91.221912,30.037765],[-91.225448,30.042273],[-91.241909,30.029532],[-91.255942,30.039776],[-91.269085,30.059308],[-91.353523,30.060929],[-91.366735,30.054699],[-91.372066,30.062451],[-91.368831,30.072603],[-91.37176,30.081562],[-91.378025,30.094851],[-91.388841,30.102445],[-91.463898,30.102682],[-91.472139,30.114159],[-91.461313,30.131246],[-91.472468,30.142702],[-91.467893,30.160378],[-91.471982,30.186747],[-91.490243,30.201912],[-91.475277,30.229231],[-91.51064,30.240659],[-91.56276,30.241949],[-91.588039,30.257113],[-91.589959,30.277047],[-91.621055,30.309938],[-91.627544,30.330102],[-91.625483,30.354209],[-91.648118,30.365068],[-91.643315,30.37247],[-91.627757,30.379553],[-91.62483,30.394789],[-91.630019,30.407084],[-91.628087,30.413915],[-91.639568,30.429032],[-91.640078,30.442673],[-91.674766,30.474546],[-91.692453,30.481301],[-91.701339,30.497747]]]}},{"type":"Feature","properties":{"GEOID":"22041","NAME":"Franklin","state":"LA","wildfire_risk_score":21.183,"wildfire_eal_total":5593.87,"risk_band":"Low","source":"FEMA National Risk Index v1.20 (December 2025)"},"geometry":{"type":"Polygon","coordinates":[[[-91.933189,32.066374],[-91.926076,32.075485],[-91.914825,32.077423],[-91.913376,32.084989],[-91.906117,32.079883],[-91.902451,32.082953],[-91.901395,32.074976],[-91.897462,32.086108],[-91.89019,32.083475],[-91.889231,32.090199],[-91.868202,32.091555],[-91.867603,32.099607],[-91.875835,32.105871],[-91.869707,32.118333],[-91.875704,32.127116],[-91.885161,32.119836],[-91.883078,32.132347],[-91.895974,32.138903],[-91.898097,32.14745],[-91.880366,32.171343],[-91.854839,32.176243],[-91.849095,32.172862],[-91.837285,32.176158],[-91.83572,32.18195],[-91.831715,32.180011],[-91.82979,32.189042],[-91.823162,32.190002],[-91.824134,32.203201],[-91.819114,32.20523],[-91.820738,32.211357],[-91.81294,32.222004],[-91.809273,32.218095],[-91.792196,32.225102],[-91.794001,32.229089],[-91.785373,32.235456],[-91.786881,32.239099],[-91.776729,32.238815],[-91.780329,32.243038],[-91.775504,32.242852],[-91.769165,32.257188],[-91.773188,32.258215],[-91.769857,32.260184],[-91.774042,32.263536],[-91.774117,32.277351],[-91.762539,32.293224],[-91.769119,32.295032],[-91.76185,32.298504],[-91.767442,32.301079],[-91.766285,32.305624],[-91.757921,32.309779],[-91.766096,32.310719],[-91.759098,32.317714],[-91.764379,32.330018],[-91.760841,32.335355],[-91.744888,32.339502],[-91.740837,32.333889],[-91.723188,32.333621],[-91.714178,32.3432],[-91.703455,32.342497],[-91.698958,32.353738],[-91.703386,32.359398],[-91.696772,32.363293],[-91.697491,32.371119],[-91.68017,32.373648],[-91.680199,32.384026],[-91.670183,32.383132],[-91.669129,32.388492],[-91.649499,32.389359],[-91.649524,32.393437],[-91.643017,32.393824],[-91.641257,32.402873],[-91.631049,32.40383],[-91.635074,32.405768],[-91.476495,32.405564],[-91.484627,32.397745],[-91.479766,32.396462],[-91.474441,32.383589],[-91.453432,32.370527],[-91.450678,32.361731],[-91.469784,32.351121],[-91.478638,32.353226],[-91.485283,32.366306],[-91.501171,32.344831],[-91.494903,32.33879],[-91.474639,32.341476],[-91.471609,32.317515],[-91.503971,32.314296],[-91.505119,32.29274],[-91.512667,32.299112],[-91.526719,32.300675],[-91.524528,32.25142],[-91.532478,32.249812],[-91.544827,32.259374],[-91.552619,32.257725],[-91.557283,32.250693],[-91.530894,32.234763],[-91.521298,32.235264],[-91.512783,32.245928],[-91.50946,32.244194],[-91.519983,32.223464],[-91.538015,32.220515],[-91.546399,32.206153],[-91.493574,32.203247],[-91.49327,32.15611],[-91.495351,32.148159],[-91.506614,32.14291],[-91.501224,32.10577],[-91.510433,32.100619],[-91.489761,32.092422],[-91.493,32.083036],[-91.489673,32.077115],[-91.495013,32.076227],[-91.492248,32.069831],[-91.50173,32.066378],[-91.501705,32.045869],[-91.510235,32.021312],[-91.496655,32.00965],[-91.501759,32.005411],[-91.494858,32.003065],[-91.496903,31.992372],[-91.507526,31.991958],[-91.514782,31.985396],[-91.512178,31.975355],[-91.528258,31.960843],[-91.512804,31.954092],[-91.510155,31.939818],[-91.511374,31.930025],[-91.525016,31.915519],[-91.54692,31.911759],[-91.575346,31.883266],[-91.597042,31.883243],[-91.596437,31.970401],[-91.647529,31.970525],[-91.648023,31.954659],[-91.66817,31.931949],[-91.66741,31.926725],[-91.688493,31.918666],[-91.696416,31.903654],[-91.706921,31.895487],[-91.720591,31.894209],[-91.723946,31.886081],[-91.732699,31.881217],[-91.756784,31.884644],[-91.781827,31.872462],[-91.784845,31.879494],[-91.778655,31.887686],[-91.787966,31.886908],[-91.789219,31.893445],[-91.794371,31.888597],[-91.804869,31.893193],[-91.794728,31.903367],[-91.801465,31.906071],[-91.800972,31.917249],[-91.809877,31.916145],[-91.813705,31.922672],[-91.822684,31.917168],[-91.834248,31.929908],[-91.827883,31.935434],[-91.841392,31.935088],[-91.850289,31.944862],[-91.845466,31.945329],[-91.848524,31.949089],[-91.844323,31.95896],[-91.849771,31.952607],[-91.852622,31.958292],[-91.860096,31.957237],[-91.859893,31.965206],[-91.863968,31.964515],[-91.863679,31.958508],[-91.889823,31.97169],[-91.902051,31.995805],[-91.897411,31.998828],[-91.899506,32.008817],[-91.894379,32.010551],[-91.902815,32.025444],[-91.898638,32.032364],[-91.903807,32.039645],[-91.898165,32.039552],[-91.913244,32.053257],[-91.908781,32.061102],[-91.916412,32.057116],[-91.922108,32.066297],[-91.933189,32.066374]]]}},{"type":"Feature","properties":{"GEOID":"22127","NAME":"Winn","state":"LA","wildfire_risk_score":33.079,"wildfire_eal_total":10583.07,"risk_band":"Moderate","source":"FEMA National Risk Index v1.20 (December 2025)"},"geometry":{"type":"Polygon","coordinates":[[[-92.976035,31.712423],[-92.968603,31.731006],[-92.972425,31.754618],[-92.96745,31.781271],[-92.961558,31.778489],[-92.952552,31.783688],[-92.951768,31.796608],[-92.945908,31.802768],[-92.948621,31.810143],[-92.94198,31.814973],[-92.951231,31.824872],[-92.938406,31.823355],[-92.941936,31.836533],[-92.949468,31.838963],[-92.946318,31.842439],[-92.951043,31.849417],[-92.946409,31.849206],[-92.950115,31.855287],[-92.908887,31.850753],[-92.899122,31.856971],[-92.906153,31.868704],[-92.901088,31.893909],[-92.892582,31.901446],[-92.89464,31.917159],[-92.884637,31.939537],[-92.872174,31.945856],[-92.885034,31.956563],[-92.882888,31.981642],[-92.89317,31.98906],[-92.90105,31.987995],[-92.901544,31.994964],[-92.884703,32.01205],[-92.888731,32.013129],[-92.886882,32.029617],[-92.898457,32.044894],[-92.895838,32.055007],[-92.911756,32.076839],[-92.910185,32.082158],[-92.904863,32.081457],[-92.90495,32.090224],[-92.931661,32.123337],[-92.932184,32.13651],[-92.939092,32.14792],[-92.311937,32.146036],[-92.312586,31.89618],[-92.324778,31.8869],[-92.319434,31.883004],[-92.325258,31.871505],[-92.321633,31.861583],[-92.337713,31.853973],[-92.329095,31.848887],[-92.341358,31.831471],[-92.336068,31.823107],[-92.34267,31.823496],[-92.340494,31.813367],[-92.343178,31.816483],[-92.348757,31.809401],[-92.362227,31.808113],[-92.3571,31.803762],[-92.362142,31.79984],[-92.358936,31.797524],[-92.619309,31.797288],[-92.62086,31.709618],[-92.973529,31.708922],[-92.976035,31.712423]]]}},{"type":"Feature","properties":{"GEOID":"22005","NAME":"Ascension","state":"LA","wildfire_risk_score":26.622,"wildfire_eal_total":12294.2,"risk_band":"Moderate","source":"FEMA National Risk Index v1.20 (December 2025)"},"geometry":{"type":"Polygon","coordinates":[[[-91.106559,30.108519],[-91.089834,30.1087],[-91.090166,30.153734],[-91.07364,30.160921],[-91.069966,30.182043],[-91.021014,30.321489],[-91.014157,30.334779],[-91.000818,30.336556],[-90.986968,30.345729],[-90.95311,30.345887],[-90.939418,30.340313],[-90.920685,30.345714],[-90.910074,30.339713],[-90.894305,30.345859],[-90.863455,30.340581],[-90.858509,30.343765],[-90.859711,30.339329],[-90.849082,30.329119],[-90.836599,30.325616],[-90.839707,30.319004],[-90.829065,30.317461],[-90.822685,30.300608],[-90.8253,30.293667],[-90.813618,30.29242],[-90.816404,30.286892],[-90.810297,30.275484],[-90.798622,30.279461],[-90.798172,30.284726],[-90.784695,30.280266],[-90.782121,30.274843],[-90.791359,30.265],[-90.787212,30.25697],[-90.774076,30.251719],[-90.766728,30.239243],[-90.749109,30.241281],[-90.742452,30.236039],[-90.741852,30.229943],[-90.731407,30.221153],[-90.735407,30.213056],[-90.722632,30.206514],[-90.719539,30.189994],[-90.708494,30.184266],[-90.704652,30.186926],[-90.698613,30.176015],[-90.683074,30.182693],[-90.673287,30.198013],[-90.678968,30.20669],[-90.670274,30.214918],[-90.662319,30.212122],[-90.658754,30.226791],[-90.647616,30.232749],[-90.631905,30.22119],[-90.642111,30.166448],[-90.915565,30.113285],[-90.914657,30.108835],[-90.934634,30.094046],[-90.935594,30.085558],[-90.965925,30.06535],[-90.984709,30.065143],[-91.005748,30.079106],[-91.055825,30.070581],[-91.074654,30.081744],[-91.078244,30.077196],[-91.089253,30.076797],[-91.089108,30.062802],[-91.105997,30.062749],[-91.106559,30.108519]]]}},{"type":"Feature","properties":{"GEOID":"22065","NAME":"Madison","state":"LA","wildfire_risk_score":4.898,"wildfire_eal_total":932.04,"risk_band":"Low","source":"FEMA National Risk Index v1.20 (December 2025)"},"geometry":{"type":"MultiPolygon","coordinates":[[[[-91.058307,32.180951],[-91.025007,32.162552],[-91.002906,32.162052],[-91.005006,32.142852],[-91.017606,32.125153],[-91.039007,32.120353],[-91.053175,32.124237],[-91.048507,32.150152],[-91.058907,32.171251],[-91.058307,32.180951]]],[[[-91.557283,32.250693],[-91.552619,32.257725],[-91.544827,32.259374],[-91.532478,32.249812],[-91.524528,32.25142],[-91.526719,32.300675],[-91.512667,32.299112],[-91.505119,32.29274],[-91.503971,32.314296],[-91.471609,32.317515],[-91.474639,32.341476],[-91.494903,32.33879],[-91.501171,32.344831],[-91.485283,32.366306],[-91.478638,32.353226],[-91.469784,32.351121],[-91.450678,32.361731],[-91.453432,32.370527],[-91.474441,32.383589],[-91.479766,32.396462],[-91.484627,32.397745],[-91.475611,32.403909],[-91.486796,32.413848],[-91.48726,32.424684],[-91.485267,32.436917],[-91.476011,32.436597],[-91.476555,32.4322],[-91.471595,32.435591],[-91.478734,32.446128],[-91.475008,32.452818],[-91.485692,32.476868],[-91.482077,32.491118],[-91.484971,32.494965],[-91.480269,32.498449],[-91.485199,32.502957],[-91.481635,32.501309],[-91.469528,32.522465],[-91.468851,32.534474],[-91.457614,32.537848],[-91.133144,32.537909],[-91.130225,32.543957],[-91.107865,32.555161],[-91.107627,32.562204],[-91.0702100220126,32.5625396579588],[-91.080398,32.556442],[-91.075373,32.546718],[-91.051168,32.53089],[-91.007075,32.516371],[-90.994867,32.508611],[-90.987579,32.492387],[-91.004206,32.48214],[-91.038106,32.49044],[-91.093741,32.549128],[-91.101304,32.525599],[-91.116708,32.500139],[-91.116008,32.48314],[-91.095308,32.458741],[-91.052907,32.438442],[-91.029606,32.433542],[-90.993863,32.45085],[-90.978547,32.447032],[-90.96959,32.43949],[-90.967767,32.418279],[-90.99408,32.403862],[-91.004506,32.368144],[-91.000106,32.357695],[-90.986672,32.35176],[-90.912363,32.339454],[-90.897762,32.35436],[-90.89206,32.370579],[-90.875631,32.372434],[-90.90072,32.330379],[-90.902558,32.319587],[-90.922231,32.298639],[-90.947834,32.283486],[-90.964149,32.296872],[-90.979475,32.293702],[-90.982985,32.270294],[-90.969403,32.25252],[-90.98029,32.243601],[-90.983771,32.210646],[-90.995159,32.19212],[-91.002467,32.19586],[-91.002906,32.22305],[-91.039007,32.242349],[-91.050307,32.237949],[-91.061408,32.21865],[-91.071108,32.22605],[-91.083708,32.22645],[-91.113009,32.20655],[-91.124043,32.211104],[-91.121583,32.239987],[-91.139441,32.249667],[-91.202648,32.239503],[-91.222562,32.22768],[-91.234815,32.210039],[-91.249072,32.217432],[-91.251812,32.223698],[-91.267744,32.224744],[-91.270624,32.231228],[-91.287067,32.217832],[-91.297522,32.219735],[-91.314419,32.212429],[-91.321366,32.202916],[-91.493574,32.203247],[-91.546399,32.206153],[-91.538015,32.220515],[-91.519983,32.223464],[-91.50946,32.244194],[-91.512783,32.245928],[-91.521298,32.235264],[-91.530894,32.234763],[-91.557283,32.250693]]]]}},{"type":"Feature","properties":{"GEOID":"22055","NAME":"Lafayette","state":"LA","wildfire_risk_score":53.022,"wildfire_eal_total":57891.15,"risk_band":"High","source":"FEMA National Risk Index v1.20 (December 2025)"},"geometry":{"type":"Polygon","coordinates":[[[-92.284675,30.147443],[-92.275312,30.146134],[-92.276625,30.149678],[-92.266599,30.155338],[-92.259891,30.166652],[-92.25098,30.170673],[-92.246328,30.185459],[-92.25049,30.203198],[-92.2479,30.211039],[-92.233996,30.219685],[-92.214572,30.222211],[-92.209894,30.226357],[-92.210205,30.241892],[-92.176097,30.241076],[-92.176283,30.270219],[-92.159294,30.270019],[-92.15951,30.28465],[-92.142211,30.284557],[-92.142184,30.298817],[-92.089215,30.330509],[-92.083938,30.360078],[-92.077056,30.365239],[-92.067137,30.366891],[-92.049113,30.381559],[-92.04028,30.373523],[-92.041366,30.368492],[-92.027019,30.359898],[-92.014767,30.371685],[-92.001018,30.364498],[-91.993389,30.370288],[-91.97848,30.362951],[-91.95377,30.359987],[-91.950745,30.348369],[-91.957405,30.345023],[-91.952937,30.33868],[-91.966215,30.32444],[-91.955212,30.308094],[-91.948939,30.276825],[-91.976933,30.260649],[-91.968119,30.259032],[-91.969011,30.248488],[-91.963702,30.240672],[-91.942818,30.236599],[-91.942918,30.2301],[-91.943618,30.226],[-91.952618,30.2244],[-91.957918,30.2119],[-91.966219,30.214],[-91.978775,30.208809],[-91.979956,30.182516],[-91.962918,30.17594],[-91.953809,30.181745],[-91.954738,30.186842],[-91.933269,30.182771],[-91.921322,30.1882],[-91.907633,30.167272],[-91.912777,30.163583],[-91.905544,30.154616],[-91.934126,30.119717],[-91.964645,30.036986],[-92.066153,30.073926],[-92.072743,30.080871],[-92.077067,30.10127],[-92.089169,30.112913],[-92.08754,30.127695],[-92.112974,30.11992],[-92.119913,30.121843],[-92.12812,30.115904],[-92.202926,30.142739],[-92.22705,30.136896],[-92.24364,30.144179],[-92.250975,30.13918],[-92.258912,30.139298],[-92.262733,30.144388],[-92.275657,30.140778],[-92.284675,30.147443]]]}},{"type":"Feature","properties":{"GEOID":"22101","NAME":"St. Mary","state":"LA","wildfire_risk_score":14.981,"wildfire_eal_total":3962.2,"risk_band":"Low","source":"FEMA National Risk Index v1.20 (December 2025)"},"geometry":{"type":"Polygon","coordinates":[[[-91.880999,29.713338],[-91.856306,29.730141],[-91.8550295230557,29.7388218970687],[-91.841051,29.750411],[-91.711283,29.846131],[-91.624347,29.94546],[-91.471953,29.956304],[-91.47196,29.947964],[-91.412912,29.904211],[-91.40113,29.873526],[-91.373642,29.834401],[-91.386491,29.783681],[-91.352348,29.766552],[-91.298584,29.764966],[-91.229398,29.748922],[-91.215195,29.751211],[-91.180909,29.728548],[-91.134117,29.724073],[-91.112275,29.702927],[-91.095303,29.696318],[-91.105249,29.643012],[-91.089628,29.637624],[-91.082611,29.626814],[-91.117166,29.617523],[-91.121621,29.607985],[-91.13945,29.608911],[-91.139575,29.602722],[-91.151451,29.603671],[-91.161388,29.593013],[-91.172889,29.597433],[-91.177016,29.609584],[-91.200887,29.598655],[-91.225201,29.576299],[-91.222958,29.563162],[-91.227205,29.557869],[-91.239708,29.548434],[-91.268423,29.540177],[-91.272252,29.529456],[-91.264992,29.510809],[-91.2734003699182,29.479213601801],[-91.281022,29.482612],[-91.2935,29.477801],[-91.349419,29.496105],[-91.343689,29.498285],[-91.344091,29.50284],[-91.352132,29.513844],[-91.366283,29.512811],[-91.387372,29.520058],[-91.389234,29.513438],[-91.414694,29.513709],[-91.424474,29.518572],[-91.427269,29.539779],[-91.434254,29.543426],[-91.465613,29.545181],[-91.54138,29.526327],[-91.528437,29.541069],[-91.525523,29.551904],[-91.537445,29.565888],[-91.535557,29.584838],[-91.554571,29.635775],[-91.578102,29.639597],[-91.626113,29.62875],[-91.647504,29.635465],[-91.637046,29.641352],[-91.626588,29.655605],[-91.623023,29.670992],[-91.624925,29.683178],[-91.616843,29.719718],[-91.621512,29.735429],[-91.627896,29.741079],[-91.672936,29.746239],[-91.713823,29.737137],[-91.737109,29.750263],[-91.752915,29.74985],[-91.786666,29.74046],[-91.858326,29.706093],[-91.870448,29.713525],[-91.880999,29.713338]]]}},{"type":"Feature","properties":{"GEOID":"22037","NAME":"East Feliciana","state":"LA","wildfire_risk_score":58.588,"wildfire_eal_total":51797.0,"risk_band":"High","source":"FEMA National Risk Index v1.20 (December 2025)"},"geometry":{"type":"Polygon","coordinates":[[[-91.320244,30.700142],[-91.312463,30.698527],[-91.311193,30.707816],[-91.303656,30.707867],[-91.301926,30.714047],[-91.291883,30.716615],[-91.296386,30.726542],[-91.286119,30.734524],[-91.287115,30.743585],[-91.280081,30.756485],[-91.267553,30.757337],[-91.25995,30.77149],[-91.250331,30.77753],[-91.24979,30.785897],[-91.235471,30.792372],[-91.243567,30.803532],[-91.23056,30.810587],[-91.234334,30.826139],[-91.224791,30.846957],[-91.22921,30.854277],[-91.219648,30.864538],[-91.225517,30.869932],[-91.218209,30.892002],[-91.206599,30.89296],[-91.207776,30.918323],[-91.200381,30.91886],[-91.18665,30.937452],[-91.194731,30.945544],[-91.195246,30.962519],[-91.189822,30.966108],[-91.190129,30.972138],[-91.182617,30.973636],[-91.1761397522757,30.9991437308313],[-90.8258293654941,30.9993604066554],[-90.842563,30.98708],[-90.845613,30.960439],[-90.863041,30.941981],[-90.858284,30.940732],[-90.859527,30.927035],[-90.851759,30.912052],[-90.856729,30.907611],[-90.854545,30.897372],[-90.845366,30.888574],[-90.861408,30.870715],[-90.8532,30.866044],[-90.858293,30.858894],[-90.844911,30.854959],[-90.846874,30.849644],[-90.840953,30.846919],[-90.84066,30.840161],[-90.848207,30.839675],[-90.849639,30.830494],[-90.834377,30.814822],[-90.841519,30.808483],[-90.837217,30.796372],[-90.843169,30.798313],[-90.844672,30.792886],[-90.840752,30.786373],[-90.844071,30.78367],[-90.841945,30.765474],[-90.850396,30.754326],[-90.839794,30.719414],[-91.254736,30.704912],[-91.267802,30.694621],[-91.2707,30.680853],[-91.289356,30.678011],[-91.297658,30.649548],[-91.309395,30.651996],[-91.305219,30.656038],[-91.305212,30.673382],[-91.320244,30.700142]]]}},{"type":"Feature","properties":{"GEOID":"22079","NAME":"Rapides","state":"LA","wildfire_risk_score":78.022,"wildfire_eal_total":255040.46,"risk_band":"High","source":"FEMA National Risk Index v1.20 (December 2025)"},"geometry":{"type":"Polygon","coordinates":[[[-92.98146,31.346864],[-92.947159,31.346751],[-92.947265,31.367723],[-92.913328,31.368193],[-92.913475,31.389732],[-92.888443,31.389631],[-92.888469,31.403994],[-92.871488,31.404454],[-92.871658,31.418598],[-92.846954,31.418775],[-92.846837,31.433513],[-92.830413,31.433529],[-92.830298,31.440996],[-92.81313,31.440945],[-92.813377,31.454845],[-92.795776,31.455338],[-92.795938,31.462062],[-92.787546,31.462024],[-92.787548,31.469106],[-92.77918,31.469384],[-92.779059,31.476486],[-92.761674,31.476399],[-92.761551,31.486234],[-92.718899,31.517476],[-92.70195,31.49438],[-92.687996,31.500947],[-92.682643,31.497893],[-92.684169,31.492777],[-92.69935,31.491043],[-92.698847,31.480272],[-92.690647,31.472973],[-92.705248,31.471573],[-92.708045,31.463725],[-92.702602,31.44662],[-92.68046,31.446068],[-92.694422,31.428162],[-92.67721,31.4156],[-92.694666,31.40724],[-92.69578,31.402373],[-92.681666,31.396009],[-92.66902,31.403619],[-92.666772,31.39422],[-92.658646,31.388078],[-92.196131,31.477877],[-92.18966,31.468474],[-92.181849,31.475708],[-92.172952,31.469129],[-92.16399,31.471822],[-92.160445,31.465823],[-92.169003,31.457646],[-92.155051,31.450353],[-92.161874,31.434554],[-92.149054,31.405115],[-92.128171,31.389037],[-92.114974,31.385864],[-92.120472,31.379506],[-92.113514,31.374991],[-92.109296,31.372761],[-92.102803,31.37726],[-92.092217,31.365216],[-92.083288,31.364943],[-92.081453,31.356094],[-92.075898,31.354064],[-92.079667,31.347843],[-92.07239,31.343174],[-92.087182,31.339134],[-92.096445,31.323355],[-92.109709,31.319622],[-92.115117,31.311557],[-92.120124,31.314856],[-92.126063,31.306045],[-92.131816,31.308588],[-92.147066,31.301862],[-92.16236,31.300341],[-92.176738,31.311206],[-92.180356,31.328399],[-92.186545,31.327239],[-92.193856,31.333904],[-92.209047,31.327072],[-92.219985,31.332636],[-92.23323,31.321545],[-92.233811,31.151496],[-92.22458,31.144144],[-92.234464,31.127933],[-92.216729,30.991373],[-92.211803,30.985737],[-92.212687,30.975949],[-92.205046,30.973607],[-92.208605,30.962171],[-92.214963,30.965668],[-92.330798,30.963304],[-92.325401,30.970327],[-92.343988,30.9704],[-92.341763,30.981503],[-92.358276,30.985164],[-92.36161,30.992153],[-92.371013,30.990984],[-92.376929,31.00007],[-92.38819,31.00156],[-92.408863,30.993064],[-92.418651,30.974968],[-92.43887,30.969792],[-92.460584,30.955582],[-92.469373,30.957573],[-92.47302,30.951954],[-92.48033,30.952271],[-92.48022,30.918229],[-92.495286,30.901535],[-92.508854,30.896003],[-92.526424,30.89356],[-92.527116,30.899626],[-92.540529,30.897915],[-92.548091,30.90313],[-92.567254,30.896237],[-92.72089,30.898711],[-92.720966,30.891362],[-92.82387,30.892071],[-92.829525,31.252055],[-92.846056,31.25294],[-92.846414,31.27408],[-92.862768,31.274204],[-92.862661,31.288481],[-92.879628,31.288464],[-92.879715,31.317439],[-92.896681,31.317471],[-92.896447,31.324725],[-92.930415,31.324448],[-92.930549,31.332209],[-92.964258,31.332388],[-92.964405,31.339645],[-92.981393,31.339416],[-92.98146,31.346864]]]}},{"type":"Feature","properties":{"GEOID":"22053","NAME":"Jefferson Davis","state":"LA","wildfire_risk_score":67.844,"wildfire_eal_total":124315.51,"risk_band":"High","source":"FEMA National Risk Index v1.20 (December 2025)"},"geometry":{"type":"Polygon","coordinates":[[[-93.131155,30.423591],[-93.065386,30.424346],[-93.065584,30.438537],[-92.775737,30.437617],[-92.773981,30.488218],[-92.630321,30.488012],[-92.633839,30.483319],[-92.626013,30.466031],[-92.621374,30.464613],[-92.623144,30.456613],[-92.600597,30.437483],[-92.60377,30.435556],[-92.594586,30.420339],[-92.60088,30.41887],[-92.606059,30.408715],[-92.601934,30.406836],[-92.604306,30.39008],[-92.608402,30.385884],[-92.620828,30.386155],[-92.630975,30.374585],[-92.624777,30.366242],[-92.628998,30.361889],[-92.624172,30.356168],[-92.627808,30.347064],[-92.618526,30.33611],[-92.620477,30.3285],[-92.625527,30.327649],[-92.624302,30.319352],[-92.632291,30.317085],[-92.62131,30.307985],[-92.625481,30.30828],[-92.622683,30.306173],[-92.628182,30.296706],[-92.623492,30.291251],[-92.628084,30.284947],[-92.622481,30.278851],[-92.627726,30.264845],[-92.624399,30.262828],[-92.626703,30.253819],[-92.621883,30.250818],[-92.625851,30.245223],[-92.623244,30.231717],[-92.626648,30.230387],[-92.621053,30.231604],[-92.622898,30.227637],[-92.614872,30.224271],[-92.614736,30.215034],[-92.606668,30.208747],[-92.593293,30.207423],[-92.583209,30.200428],[-92.589658,30.202688],[-92.59454,30.197101],[-92.590644,30.192394],[-92.592535,30.179866],[-92.618308,30.17611],[-92.611704,30.171461],[-92.614892,30.165594],[-92.607727,30.159425],[-92.616354,30.148222],[-92.621773,30.147967],[-92.628578,30.134815],[-92.621664,30.132747],[-92.628449,30.126243],[-92.622944,30.121944],[-92.62595,30.117771],[-92.618338,30.10415],[-92.618453,30.094468],[-92.628388,30.09183],[-92.626584,30.085667],[-92.632778,30.084901],[-92.631399,30.077981],[-92.638368,30.071811],[-92.649573,30.073085],[-92.654339,30.078962],[-92.659961,30.069583],[-92.673883,30.070637],[-92.684644,30.059503],[-92.695053,30.061774],[-92.697626,30.054014],[-92.723869,30.048652],[-92.737217,30.037455],[-92.996624,30.038481],[-92.996479,30.082593],[-92.887529,30.082669],[-92.893029,30.089757],[-92.891522,30.09661],[-92.90022,30.101236],[-92.899837,30.110821],[-92.907896,30.112734],[-92.909418,30.120666],[-92.90705,30.130696],[-92.889429,30.140992],[-92.895281,30.14753],[-92.893324,30.156314],[-92.9963,30.156955],[-92.997128,30.260743],[-93.030728,30.260564],[-93.030959,30.37939],[-93.131087,30.380008],[-93.131155,30.423591]]]}},{"type":"Feature","properties":{"GEOID":"22113","NAME":"Vermilion","state":"LA","wildfire_risk_score":44.116,"wildfire_eal_total":26886.13,"risk_band":"Moderate","source":"FEMA National Risk Index v1.20 (December 2025)"},"geometry":{"type":"Polygon","coordinates":[[[-92.735685,30.037891],[-92.723869,30.048652],[-92.697626,30.054014],[-92.695053,30.061774],[-92.684644,30.059503],[-92.673883,30.070637],[-92.659961,30.069583],[-92.654339,30.078962],[-92.649573,30.073085],[-92.638368,30.071811],[-92.631399,30.077981],[-92.632778,30.084901],[-92.626584,30.085667],[-92.628388,30.09183],[-92.61939,30.092899],[-92.615328,30.088821],[-92.604815,30.098338],[-92.581775,30.097426],[-92.557126,30.115993],[-92.53912,30.10524],[-92.534638,30.107852],[-92.535008,30.103841],[-92.529366,30.106636],[-92.531529,30.101456],[-92.525258,30.094647],[-92.520487,30.095493],[-92.520859,30.087127],[-92.514296,30.088156],[-92.516854,30.085452],[-92.507392,30.082445],[-92.507105,30.07754],[-92.492425,30.076097],[-92.484671,30.064787],[-92.478245,30.066473],[-92.424669,30.049126],[-92.399133,30.060592],[-92.387737,30.060981],[-92.346469,30.085886],[-92.344723,30.095613],[-92.331447,30.102126],[-92.332229,30.107975],[-92.323518,30.114248],[-92.324098,30.123462],[-92.300184,30.130598],[-92.288856,30.149422],[-92.279691,30.141533],[-92.262733,30.144388],[-92.258912,30.139298],[-92.24364,30.144179],[-92.22705,30.136896],[-92.202926,30.142739],[-92.12812,30.115904],[-92.119913,30.121843],[-92.112974,30.11992],[-92.08754,30.127695],[-92.089169,30.112913],[-92.077067,30.10127],[-92.072743,30.080871],[-92.066153,30.073926],[-91.967868,30.038178],[-91.993949,29.982413],[-91.9721628583293,29.8336392985367],[-91.985624,29.81968],[-91.978228,29.799942],[-92.035666,29.781662],[-92.083646,29.759135],[-92.144431,29.716418],[-92.151021,29.719309],[-92.149758,29.726025],[-92.130945,29.736952],[-92.123577,29.753461],[-92.131899,29.765837],[-92.147222,29.765797],[-92.146869,29.757588],[-92.157327,29.752945],[-92.162551,29.762164],[-92.173343,29.761286],[-92.175755,29.752172],[-92.16664,29.746108],[-92.166273,29.741294],[-92.171106,29.739782],[-92.199871,29.753219],[-92.208904,29.745929],[-92.200076,29.72571],[-92.169092,29.70021],[-92.148652,29.695151],[-92.137124,29.699487],[-92.103867,29.699145],[-92.103179,29.69313],[-92.136649,29.667481],[-92.126191,29.653436],[-92.121675,29.633399],[-92.105751,29.611808],[-92.099452,29.612944],[-92.10326,29.620122],[-92.06564,29.619967],[-92.034566,29.63154],[-92.008896,29.612944],[-92.038131,29.618213],[-92.070693,29.600029],[-92.066603,29.592029],[-92.043732,29.591334],[-92.045619,29.585101],[-92.145391,29.58647],[-92.200202,29.568551],[-92.255489,29.540183],[-92.323465,29.531497],[-92.467737,29.562616],[-92.557461,29.576053],[-92.561502,29.589592],[-92.575762,29.583804],[-92.566775,29.577236],[-92.6160809265555,29.585845953466],[-92.616033,30.03826],[-92.735685,30.037891]]]}},{"type":"Feature","properties":{"GEOID":"22097","NAME":"St. Landry","state":"LA","wildfire_risk_score":65.299,"wildfire_eal_total":83991.18,"risk_band":"High","source":"FEMA National Risk Index v1.20 (December 2025)"},"geometry":{"type":"Polygon","coordinates":[[[-92.493021,30.481575],[-92.477488,30.495355],[-92.464347,30.495318],[-92.46143,30.523958],[-92.449371,30.534194],[-92.430692,30.533737],[-92.42078,30.53882],[-92.262719,30.538738],[-92.262356,30.568268],[-92.211478,30.568127],[-92.211599,30.616882],[-92.204217,30.625013],[-92.200451,30.656155],[-92.172536,30.673871],[-92.172314,30.767914],[-92.206915,30.78475],[-92.21139,30.793157],[-92.212593,30.848609],[-91.815258,30.848107],[-91.799453,30.834283],[-91.798459,30.828991],[-91.807522,30.820301],[-91.807295,30.811069],[-91.768759,30.785389],[-91.75522,30.756571],[-91.757942,30.74099],[-91.733955,30.703406],[-91.736199,30.679253],[-91.731492,30.669772],[-91.74643,30.658782],[-91.740996,30.632538],[-91.754001,30.617426],[-91.750889,30.601324],[-91.757298,30.564247],[-91.731432,30.512119],[-91.753782,30.506227],[-91.754157,30.485334],[-91.743841,30.470576],[-91.739685,30.453044],[-91.718679,30.448898],[-91.713295,30.431893],[-91.6985,30.414607],[-91.6943,30.401748],[-91.678896,30.394731],[-91.81271,30.39426],[-91.869273,30.417235],[-91.936912,30.394742],[-91.970034,30.410206],[-91.980318,30.403395],[-91.981472,30.381692],[-91.988718,30.368598],[-91.995846,30.369892],[-92.001018,30.364498],[-92.014767,30.371685],[-92.027019,30.359898],[-92.041366,30.368492],[-92.04028,30.373523],[-92.049113,30.381559],[-92.067137,30.366891],[-92.083938,30.360078],[-92.089215,30.330509],[-92.142184,30.298817],[-92.141509,30.320764],[-92.15846,30.320806],[-92.158605,30.349909],[-92.175778,30.3497],[-92.176444,30.436852],[-92.24425,30.436678],[-92.244795,30.480193],[-92.493021,30.481575]]]}},{"type":"Feature","properties":{"GEOID":"22013","NAME":"Bienville","state":"LA","wildfire_risk_score":21.406,"wildfire_eal_total":5082.15,"risk_band":"Low","source":"FEMA National Risk Index v1.20 (December 2025)"},"geometry":{"type":"Polygon","coordinates":[[[-93.428745,32.385209],[-93.418338,32.401178],[-93.393003,32.394304],[-93.372722,32.41019],[-93.236922,32.410161],[-93.237242,32.454349],[-93.14765,32.454671],[-93.152085,32.466031],[-93.146446,32.469962],[-93.171274,32.526369],[-93.167814,32.528596],[-93.172013,32.542512],[-93.168158,32.549719],[-93.178751,32.584808],[-92.880926,32.585265],[-92.879461,32.454017],[-92.776982,32.453611],[-92.773173,32.235984],[-92.784001,32.226232],[-92.782692,32.218878],[-92.800963,32.210725],[-92.798816,32.181325],[-92.808502,32.168121],[-92.822191,32.162594],[-92.817464,32.154302],[-92.821135,32.151128],[-92.815344,32.147413],[-93.187138,32.148509],[-93.194091,32.164872],[-93.191901,32.178362],[-93.212969,32.196768],[-93.215526,32.207481],[-93.209563,32.222331],[-93.213964,32.236126],[-93.428644,32.235273],[-93.408126,32.250517],[-93.405557,32.268084],[-93.410373,32.27082],[-93.405388,32.278231],[-93.407448,32.284767],[-93.41843,32.284147],[-93.418357,32.295006],[-93.424413,32.298676],[-93.421524,32.302514],[-93.426355,32.303262],[-93.426626,32.30946],[-93.3998,32.362788],[-93.402923,32.368727],[-93.422333,32.375183],[-93.428745,32.385209]]]}},{"type":"Feature","properties":{"GEOID":"22089","NAME":"St. Charles","state":"LA","wildfire_risk_score":18.48,"wildfire_eal_total":6789.05,"risk_band":"Low","source":"FEMA National Risk Index v1.20 (December 2025)"},"geometry":{"type":"Polygon","coordinates":[[[-90.54974,30.002696],[-90.539047,30.002175],[-90.537979,30.016927],[-90.475767,30.035905],[-90.474615,30.031334],[-90.450218,30.033106],[-90.407006,30.083109],[-90.349714,30.120251],[-90.326637,30.150188],[-90.259889,30.16341],[-90.279198,30.052529],[-90.280296,29.972618],[-90.27349,29.92176],[-90.264856,29.899404],[-90.243339,29.880935],[-90.240173,29.862117],[-90.182044,29.827598],[-90.173202,29.827524],[-90.167274,29.81846],[-90.169479,29.806388],[-90.202346,29.750669],[-90.228157,29.692028],[-90.35277,29.695889],[-90.361794,29.70941],[-90.360794,29.737054],[-90.370933,29.746192],[-90.374778,29.762611],[-90.404823,29.774147],[-90.429887,29.776387],[-90.469917,29.805246],[-90.475784,29.812915],[-90.479904,29.847377],[-90.49887,29.86506],[-90.515724,29.864727],[-90.529601,29.884997],[-90.532203,29.967938],[-90.549342,29.968045],[-90.54974,30.002696]]]}},{"type":"Feature","properties":{"GEOID":"22049","NAME":"Jackson","state":"LA","wildfire_risk_score":30.534,"wildfire_eal_total":9483.24,"risk_band":"Moderate","source":"FEMA National Risk Index v1.20 (December 2025)"},"geometry":{"type":"Polygon","coordinates":[[[-92.822191,32.162594],[-92.808502,32.168121],[-92.798816,32.181325],[-92.800963,32.210725],[-92.782692,32.218878],[-92.784001,32.226232],[-92.773173,32.235984],[-92.776982,32.453611],[-92.621681,32.453068],[-92.622402,32.496408],[-92.415515,32.495609],[-92.415577,32.408029],[-92.311957,32.320966],[-92.311937,32.146036],[-92.815344,32.147413],[-92.821135,32.151128],[-92.817464,32.154302],[-92.822191,32.162594]]]}},{"type":"Feature","properties":{"GEOID":"22023","NAME":"Cameron","state":"LA","wildfire_risk_score":86.546,"wildfire_eal_total":815297.55,"risk_band":"High","source":"FEMA National Risk Index v1.20 (December 2025)"},"geometry":{"type":"Polygon","coordinates":[[[-93.929208,29.802952],[-93.91636,29.824968],[-93.86357,29.857177],[-93.838374,29.882855],[-93.818998,29.914822],[-93.807815,29.954549],[-93.789431,29.987812],[-93.770567,29.996532],[-93.755238,30.015187],[-93.74207,30.020771],[-93.737446,30.037283],[-93.7214113823105,30.0524687204968],[-93.128475,30.052709],[-93.128409,30.03837],[-92.616033,30.03826],[-92.6160809265555,29.585845953466],[-92.62924,29.595172],[-92.651701,29.593829],[-92.73451,29.619497],[-92.762697,29.634535],[-92.778028,29.636704],[-92.981838,29.721472],[-93.008047,29.724451],[-93.011786,29.730038],[-93.064907,29.74562],[-93.17693,29.770487],[-93.235442,29.777644],[-93.283446,29.775296],[-93.346439,29.762643],[-93.49285,29.768729],[-93.682043,29.746445],[-93.78003,29.72323],[-93.81429,29.708321],[-93.837971,29.690619],[-93.87002,29.735482],[-93.891637,29.744618],[-93.893862,29.767289],[-93.922407,29.785048],[-93.929208,29.802952]]]}},{"type":"Feature","properties":{"GEOID":"22027","NAME":"Claiborne","state":"LA","wildfire_risk_score":28.626,"wildfire_eal_total":7236.87,"risk_band":"Moderate","source":"FEMA National Risk Index v1.20 (December 2025)"},"geometry":{"type":"Polygon","coordinates":[[[-93.238607,33.017992],[-92.7247428295372,33.0143469910336],[-92.725486,32.818136],[-92.734048,32.818155],[-92.734057,32.80336],[-92.72544,32.803311],[-92.725407,32.759443],[-92.827976,32.759432],[-92.82842,32.711191],[-92.831109,32.713608],[-92.845618,32.704944],[-92.868502,32.677847],[-92.861031,32.629276],[-92.866606,32.607227],[-92.88074,32.600808],[-92.880926,32.585265],[-93.182158,32.5861],[-93.181339,32.597499],[-93.175999,32.600771],[-93.179492,32.621817],[-93.173589,32.633068],[-93.181087,32.654421],[-93.175665,32.657946],[-93.182211,32.665002],[-93.177916,32.672779],[-93.186092,32.672949],[-93.186698,32.716227],[-93.237744,32.715973],[-93.238607,33.017992]]]}},{"type":"Feature","properties":{"GEOID":"22019","NAME":"Calcasieu","state":"LA","wildfire_risk_score":90.553,"wildfire_eal_total":1242694.71,"risk_band":"High","source":"FEMA National Risk Index v1.20 (December 2025)"},"geometry":{"type":"Polygon","coordinates":[[[-93.765822,30.333318],[-93.758922,30.338547],[-93.761539,30.35223],[-93.751744,30.361046],[-93.757264,30.364282],[-93.758753,30.387892],[-93.741679,30.402975],[-93.486159,30.402547],[-93.486325,30.490523],[-93.384521,30.490166],[-93.38524,30.402658],[-93.131224,30.403058],[-93.131087,30.380008],[-93.030959,30.37939],[-93.030728,30.260564],[-92.997128,30.260743],[-92.9963,30.156955],[-92.893324,30.156314],[-92.895281,30.14753],[-92.889429,30.140992],[-92.90705,30.130696],[-92.909418,30.120666],[-92.907896,30.112734],[-92.899837,30.110821],[-92.90022,30.101236],[-92.891522,30.09661],[-92.893029,30.089757],[-92.887529,30.082669],[-92.996479,30.082593],[-92.996624,30.038481],[-93.128409,30.03837],[-93.128475,30.052709],[-93.7214113823105,30.0524687204968],[-93.717327,30.06571],[-93.708045,30.0538],[-93.70082,30.056274],[-93.70058,30.063666],[-93.716405,30.069122],[-93.734085,30.08613],[-93.730566,30.089039],[-93.723631,30.083176],[-93.723765,30.09413],[-93.711503,30.109392],[-93.702436,30.112721],[-93.707794,30.12074],[-93.70143,30.122295],[-93.700744,30.138144],[-93.692849,30.135213],[-93.688552,30.140374],[-93.697737,30.152946],[-93.706532,30.147424],[-93.701959,30.167774],[-93.712595,30.190186],[-93.705495,30.192921],[-93.708489,30.196759],[-93.717839,30.193999],[-93.714959,30.197346],[-93.71922,30.218542],[-93.712152,30.219815],[-93.713359,30.225261],[-93.709284,30.233873],[-93.705032,30.233396],[-93.706547,30.239659],[-93.703113,30.239176],[-93.707638,30.254257],[-93.703162,30.260008],[-93.709132,30.271827],[-93.704584,30.289949],[-93.712908,30.287939],[-93.714319,30.294282],[-93.743941,30.304032],[-93.75556,30.329579],[-93.765822,30.333318]]]}},{"type":"Feature","properties":{"GEOID":"22009","NAME":"Avoyelles","state":"LA","wildfire_risk_score":49.3,"wildfire_eal_total":28493.02,"risk_band":"Moderate","source":"FEMA National Risk Index v1.20 (December 2025)"},"geometry":{"type":"Polygon","coordinates":[[[-92.280738,30.965071],[-92.214963,30.965668],[-92.208605,30.962171],[-92.205046,30.973607],[-92.212687,30.975949],[-92.211803,30.985737],[-92.216729,30.991373],[-92.234464,31.127933],[-92.22458,31.144144],[-92.233811,31.151496],[-92.23323,31.321545],[-92.219985,31.332636],[-92.209047,31.327072],[-92.193856,31.333904],[-92.186545,31.327239],[-92.180356,31.328399],[-92.176738,31.311206],[-92.160605,31.300198],[-92.131816,31.308588],[-92.126063,31.306045],[-92.120124,31.314856],[-92.115117,31.311557],[-92.109709,31.319622],[-92.096445,31.323355],[-92.090683,31.336293],[-92.084865,31.335134],[-92.077635,31.323363],[-92.028143,31.343721],[-92.022988,31.340305],[-92.022066,31.330044],[-92.0026,31.32264],[-92.008254,31.308869],[-91.996276,31.297186],[-92.005179,31.297657],[-92.010887,31.292424],[-92.01077,31.300902],[-92.016531,31.302445],[-92.020015,31.295885],[-92.01484,31.28905],[-92.023515,31.284634],[-92.019825,31.28046],[-92.010608,31.283313],[-92.012143,31.276826],[-92.003548,31.275154],[-92.002096,31.270296],[-91.991332,31.272865],[-91.996299,31.266209],[-92.003364,31.266765],[-92.00427,31.261989],[-91.997789,31.252878],[-91.988022,31.248897],[-92.004242,31.243457],[-91.990938,31.237592],[-91.994828,31.229561],[-91.990596,31.22521],[-91.973862,31.225333],[-91.961841,31.243528],[-91.955791,31.245743],[-91.946569,31.239667],[-91.944366,31.221083],[-91.92054,31.231311],[-91.922625,31.237892],[-91.936605,31.240191],[-91.946522,31.271981],[-91.930583,31.292729],[-91.908924,31.296789],[-91.875123,31.284214],[-91.850777,31.262102],[-91.8353,31.267335],[-91.813652,31.25018],[-91.813189,31.239011],[-91.791317,31.225975],[-91.75846,31.222245],[-91.744642,31.213253],[-91.740796,31.205167],[-91.722753,31.199622],[-91.706223,31.208939],[-91.686225,31.198518],[-91.677302,31.188047],[-91.683457,31.177046],[-91.683742,31.163011],[-91.702705,31.161812],[-91.719004,31.134616],[-91.717587,31.119094],[-91.706046,31.113585],[-91.703447,31.105746],[-91.718846,31.089197],[-91.719217,31.082724],[-91.710309,31.078327],[-91.710106,31.073408],[-91.723804,31.044254],[-91.750119,31.018814],[-91.772572,31.00474],[-91.780473,30.986694],[-91.796521,30.982842],[-91.805623,30.9744],[-91.80018,30.924621],[-91.80165,30.875184],[-91.804324,30.863713],[-91.822643,30.859356],[-91.815258,30.848107],[-92.237794,30.84828],[-92.238281,30.892158],[-92.280715,30.935954],[-92.280738,30.965071]]]}},{"type":"Feature","properties":{"GEOID":"22045","NAME":"Iberia","state":"LA","wildfire_risk_score":28.976,"wildfire_eal_total":9415.79,"risk_band":"Moderate","source":"FEMA National Risk Index v1.20 (December 2025)"},"geometry":{"type":"MultiPolygon","coordinates":[[[[-91.993949,29.982413],[-91.967868,30.038178],[-91.964645,30.036986],[-91.951442,30.07278],[-91.907094,30.072597],[-91.895806,30.05722],[-91.875633,30.067753],[-91.818243,30.043925],[-91.7987,30.066927],[-91.801323,30.070081],[-91.772598,30.089404],[-91.760549,30.090915],[-91.768667,30.096411],[-91.765338,30.108432],[-91.731971,30.122225],[-91.712283,30.117199],[-91.699499,30.120784],[-91.67839,30.104962],[-91.669452,30.112893],[-91.658886,30.108226],[-91.630579,30.07188],[-91.612219,30.067702],[-91.600217,30.033036],[-91.507727,30.033553],[-91.506222,30.038961],[-91.495427,30.041369],[-91.488245,30.058238],[-91.368835,30.058824],[-91.366735,30.054699],[-91.340648,30.061463],[-91.269085,30.059308],[-91.255942,30.039776],[-91.241909,30.029532],[-91.228681,30.042535],[-91.221912,30.037765],[-91.235889,30.001128],[-91.259388,30.0002],[-91.255229,29.971457],[-91.624347,29.94546],[-91.711283,29.846131],[-91.8550295230557,29.7388218970687],[-91.860228,29.745929],[-91.877459,29.747993],[-91.879242,29.756556],[-91.868903,29.761508],[-91.868573,29.767017],[-91.854761,29.779457],[-91.851671,29.791834],[-91.839074,29.773578],[-91.828803,29.777929],[-91.822946,29.800414],[-91.830808,29.82927],[-91.859514,29.826068],[-91.889118,29.836023],[-91.90689,29.83094],[-91.91525,29.819367],[-91.931175,29.822254],[-91.937507,29.816765],[-91.961717,29.825965],[-91.968015,29.835141],[-91.9721628583293,29.8336392985367],[-91.993949,29.982413]]],[[[-92.03185,29.57763],[-92.020917,29.57732],[-92.017827,29.590962],[-92.007963,29.593235],[-92.005348,29.603052],[-91.989041,29.611448],[-91.939903,29.610291],[-91.928103,29.618653],[-91.928459,29.635078],[-91.9161,29.631153],[-91.903146,29.637351],[-91.8915,29.628157],[-91.866425,29.629707],[-91.853233,29.623715],[-91.848955,29.629397],[-91.843013,29.627744],[-91.840518,29.61576],[-91.824118,29.602845],[-91.806631,29.600197],[-91.802727,29.588688],[-91.784663,29.594062],[-91.775275,29.587861],[-91.775869,29.567811],[-91.768501,29.567914],[-91.769451,29.574426],[-91.740573,29.574219],[-91.733324,29.580834],[-91.73677,29.562332],[-91.725481,29.561609],[-91.70813,29.568844],[-91.71324,29.55551],[-91.765411,29.524802],[-91.774205,29.504946],[-91.768263,29.490362],[-91.786202,29.483108],[-91.803558,29.487879],[-91.821579,29.473925],[-91.83101,29.47981],[-91.846463,29.479308],[-91.8526,29.494984],[-91.862503,29.503291],[-91.883018,29.50122],[-91.905998,29.518598],[-91.928712,29.524015],[-91.953534,29.538141],[-91.965933,29.536328],[-91.971954,29.543414],[-92.015139,29.561328],[-92.03185,29.57763]]]]}},{"type":"Feature","properties":{"GEOID":"22073","NAME":"Ouachita","state":"LA","wildfire_risk_score":56.202,"wildfire_eal_total":49961.85,"risk_band":"High","source":"FEMA National Risk Index v1.20 (December 2025)"},"geometry":{"type":"Polygon","coordinates":[[[-92.415556,32.441149],[-92.415228,32.582854],[-92.30178,32.582505],[-92.297499,32.587932],[-92.273463,32.580899],[-92.248114,32.589128],[-92.223849,32.590366],[-92.221672,32.610341],[-92.138157,32.660846],[-92.140213,32.674755],[-92.120181,32.673648],[-92.109055,32.682487],[-92.091378,32.686612],[-92.065179,32.723003],[-92.048172,32.719829],[-92.065741,32.709636],[-92.052135,32.715157],[-92.058475,32.706699],[-92.05585,32.698074],[-92.042829,32.699248],[-92.049891,32.686078],[-92.030614,32.697181],[-92.04292,32.703529],[-92.040382,32.71257],[-92.033241,32.712336],[-92.027224,32.703193],[-92.01892,32.700477],[-92.008617,32.708359],[-91.993065,32.704454],[-91.975324,32.711612],[-91.967297,32.686222],[-91.947716,32.664806],[-91.934725,32.658783],[-91.929958,32.666206],[-91.921826,32.667379],[-91.909956,32.659101],[-91.910332,32.651137],[-91.924214,32.645255],[-91.921585,32.624555],[-91.941765,32.596973],[-91.943419,32.587119],[-91.923968,32.582012],[-91.926315,32.56614],[-91.918318,32.54327],[-91.907301,32.535262],[-91.90416,32.515326],[-91.938604,32.483764],[-91.945817,32.458877],[-91.941205,32.455942],[-91.944278,32.448777],[-91.994208,32.401094],[-92.011493,32.363246],[-92.006192,32.354244],[-92.011481,32.348365],[-92.012293,32.327302],[-92.018119,32.322373],[-92.019816,32.297649],[-92.034473,32.277237],[-92.106498,32.276886],[-92.106327,32.25873],[-92.15264,32.258833],[-92.152716,32.264668],[-92.164816,32.276697],[-92.312163,32.277348],[-92.311957,32.320966],[-92.415577,32.408029],[-92.415556,32.441149]]]}},{"type":"Feature","properties":{"GEOID":"22121","NAME":"West Baton Rouge","state":"LA","wildfire_risk_score":2.926,"wildfire_eal_total":1349.66,"risk_band":"Low","source":"FEMA National Risk Index v1.20 (December 2025)"},"geometry":{"type":"Polygon","coordinates":[[[-91.481559,30.497419],[-91.481734,30.511029],[-91.414816,30.511515],[-91.41506,30.540229],[-91.407679,30.540342],[-91.398478,30.568768],[-91.364966,30.569591],[-91.365204,30.588449],[-91.319818,30.63296],[-91.309752,30.650086],[-91.332808,30.653511],[-91.33087,30.658677],[-91.301179,30.651572],[-91.292821,30.631539],[-91.301863,30.609497],[-91.315282,30.594288],[-91.314406,30.578817],[-91.305854,30.573027],[-91.261522,30.571071],[-91.247909,30.560688],[-91.242312,30.547994],[-91.246058,30.535851],[-91.282767,30.51719],[-91.28276,30.507317],[-91.262734,30.505238],[-91.209308,30.522989],[-91.200808,30.517689],[-91.197205,30.506864],[-91.195906,30.43939],[-91.199807,30.419091],[-91.212807,30.397091],[-91.233908,30.375292],[-91.240617,30.362756],[-91.239534,30.351584],[-91.230307,30.341093],[-91.194507,30.346993],[-91.161971,30.341528],[-91.150801,30.337424],[-91.142105,30.323293],[-91.311285,30.322472],[-91.31974,30.344674],[-91.337202,30.35344],[-91.363643,30.384187],[-91.394571,30.394817],[-91.394497,30.408644],[-91.412512,30.432434],[-91.453161,30.475078],[-91.460215,30.47043],[-91.485155,30.497282],[-91.481559,30.497419]]]}},{"type":"Feature","properties":{"GEOID":"22003","NAME":"Allen","state":"LA","wildfire_risk_score":76.654,"wildfire_eal_total":255914.49,"risk_band":"High","source":"FEMA National Risk Index v1.20 (December 2025)"},"geometry":{"type":"Polygon","coordinates":[[[-93.131188,30.518283],[-93.130732,30.598093],[-92.979098,30.597995],[-92.978673,30.878136],[-92.824169,30.877234],[-92.82387,30.892071],[-92.720966,30.891362],[-92.72089,30.898711],[-92.597719,30.898948],[-92.597537,30.581747],[-92.582741,30.566013],[-92.586342,30.557647],[-92.59434,30.557301],[-92.593014,30.545246],[-92.599235,30.544143],[-92.599443,30.535249],[-92.616755,30.527291],[-92.623582,30.51883],[-92.61415,30.506457],[-92.626558,30.48916],[-92.773981,30.488218],[-92.775737,30.437617],[-93.065584,30.438537],[-93.065386,30.424346],[-93.131155,30.423591],[-93.131188,30.518283]]]}},{"type":"Feature","properties":{"GEOID":"22007","NAME":"Assumption","state":"LA","wildfire_risk_score":4.008,"wildfire_eal_total":930.12,"risk_band":"Low","source":"FEMA National Risk Index v1.20 (December 2025)"},"geometry":{"type":"Polygon","coordinates":[[[-91.259878,29.987981],[-91.258944,30.000674],[-91.235889,30.001128],[-91.22423,30.02556],[-91.105997,30.062749],[-91.089108,30.062802],[-91.089253,30.076797],[-91.078244,30.077196],[-91.074654,30.081744],[-91.055825,30.070581],[-91.005748,30.079106],[-90.984709,30.065143],[-90.963745,30.066831],[-90.963357,30.035783],[-90.946373,30.036042],[-90.946294,29.977932],[-90.911804,29.9785],[-90.911784,29.935072],[-90.886306,29.935647],[-90.885452,29.877562],[-90.909806,29.877195],[-90.924626,29.830326],[-90.947605,29.792532],[-90.981838,29.744875],[-91.082611,29.626814],[-91.089628,29.637624],[-91.105249,29.643012],[-91.095151,29.694261],[-91.100297,29.700333],[-91.106551,29.733487],[-91.095364,29.737032],[-91.089465,29.755547],[-91.100245,29.771981],[-91.096125,29.778517],[-91.099017,29.789584],[-91.092682,29.801],[-91.096183,29.808727],[-91.111055,29.82655],[-91.120658,29.827916],[-91.131844,29.836991],[-91.150227,29.836831],[-91.184496,29.846722],[-91.199801,29.860979],[-91.207086,29.897888],[-91.214076,29.907569],[-91.232016,29.918171],[-91.229652,29.932718],[-91.242727,29.943785],[-91.247675,29.951146],[-91.245336,29.955556],[-91.251395,29.957591],[-91.259878,29.987981]]]}},{"type":"Feature","properties":{"GEOID":"22061","NAME":"Lincoln","state":"LA","wildfire_risk_score":29.707,"wildfire_eal_total":9644.97,"risk_band":"Moderate","source":"FEMA National Risk Index v1.20 (December 2025)"},"geometry":{"type":"Polygon","coordinates":[[[-92.880717,32.587913],[-92.88074,32.600808],[-92.866606,32.607227],[-92.861031,32.629276],[-92.868502,32.677847],[-92.845618,32.704944],[-92.831109,32.713608],[-92.82842,32.711191],[-92.827976,32.759432],[-92.631929,32.759977],[-92.613422,32.752527],[-92.593768,32.755641],[-92.584719,32.746521],[-92.567247,32.746175],[-92.548333,32.719308],[-92.519063,32.720371],[-92.518999,32.670807],[-92.415169,32.670254],[-92.415515,32.495609],[-92.622402,32.496408],[-92.621681,32.453068],[-92.879461,32.454017],[-92.880717,32.587913]]]}},{"type":"Feature","properties":{"GEOID":"22093","NAME":"St. James","state":"LA","wildfire_risk_score":4.803,"wildfire_eal_total":1172.71,"risk_band":"Low","source":"FEMA National Risk Index v1.20 (December 2025)"},"geometry":{"type":"Polygon","coordinates":[[[-90.963745,30.066831],[-90.935594,30.085558],[-90.934634,30.094046],[-90.914657,30.108835],[-90.915565,30.113285],[-90.642111,30.166448],[-90.653722,30.096361],[-90.670871,30.094112],[-90.661213,30.050812],[-90.68885,30.035953],[-90.671623,29.992789],[-90.679257,29.987716],[-90.67567,29.987843],[-90.675623,29.980668],[-90.667137,29.981012],[-90.666524,29.966379],[-90.675149,29.966188],[-90.674881,29.951629],[-90.666452,29.951781],[-90.665603,29.907684],[-90.656312,29.889246],[-90.680691,29.892588],[-90.689956,29.904835],[-90.696534,29.900517],[-90.70876,29.902492],[-90.709135,29.897462],[-90.717344,29.8967],[-90.723191,29.906991],[-90.739842,29.90449],[-90.7787,29.922007],[-90.785765,29.921694],[-90.785427,29.907585],[-90.885749,29.905348],[-90.886306,29.935647],[-90.911784,29.935072],[-90.911804,29.9785],[-90.946294,29.977932],[-90.946373,30.036042],[-90.963357,30.035783],[-90.963745,30.066831]]]}},{"type":"Feature","properties":{"GEOID":"22109","NAME":"Terrebonne","state":"LA","wildfire_risk_score":23.346,"wildfire_eal_total":8916.17,"risk_band":"Low","source":"FEMA National Risk Index v1.20 (December 2025)"},"geometry":{"type":"MultiPolygon","coordinates":[[[[-90.414439,29.207985],[-90.410755,29.210682],[-90.409586,29.2032139514563],[-90.413132,29.204147],[-90.414439,29.207985]]],[[[-90.444387,29.262532],[-90.439396,29.25683],[-90.435117,29.253409],[-90.441416,29.252061],[-90.444387,29.262532]]],[[[-90.550316,29.092142],[-90.470055,29.066879],[-90.42366,29.060863],[-90.442734,29.056053],[-90.47332,29.05949],[-90.529175,29.078049],[-90.550316,29.092142]]],[[[-90.618487,29.196989],[-90.614328,29.196263],[-90.613377,29.193151],[-90.618725,29.195329],[-90.618487,29.196989]]],[[[-90.759316,29.046888],[-90.721307,29.05578],[-90.711777,29.062331],[-90.70546,29.05812],[-90.670235,29.064952],[-90.661669,29.062612],[-90.7409,29.046794],[-90.759316,29.046888]]],[[[-90.868142,29.057199],[-90.843911,29.05005],[-90.820342,29.057325],[-90.806155,29.053794],[-90.818178,29.046521],[-90.834335,29.044923],[-90.868142,29.057199]]],[[[-90.935743,29.055641],[-90.92637,29.051529],[-90.915528,29.049869],[-90.926493,29.049119],[-90.935743,29.055641]]],[[[-91.041557,29.191802],[-91.036328,29.190246],[-91.036328,29.187652],[-91.040131,29.188689],[-91.041557,29.191802]]],[[[-91.339768,29.309818],[-91.315127,29.304616],[-91.291821,29.311357],[-91.289814,29.319952],[-91.275078,29.332178],[-91.276276,29.34236],[-91.269373,29.356729],[-91.236987,29.371342],[-91.238237,29.350618],[-91.227304,29.339741],[-91.224571,29.328448],[-91.208884,29.313942],[-91.203655,29.314253],[-91.199258,29.305134],[-91.171687,29.325133],[-91.162774,29.321299],[-91.168835,29.308864],[-91.171806,29.273521],[-91.176559,29.271137],[-91.154455,29.254964],[-91.165507,29.253823],[-91.172281,29.240758],[-91.170261,29.23547],[-91.165032,29.241277],[-91.148275,29.241795],[-91.144829,29.25175],[-91.129261,29.247913],[-91.121655,29.251439],[-91.119397,29.266472],[-91.132945,29.281399],[-91.118922,29.30617],[-91.127241,29.322335],[-91.12629,29.333421],[-91.133064,29.341088],[-91.150533,29.344921],[-91.153148,29.350955],[-91.149701,29.353518],[-91.160991,29.361079],[-91.19284,29.371126],[-91.198251,29.37578],[-91.200087,29.38955],[-91.219579,29.397117],[-91.211999,29.420931],[-91.217814,29.435287],[-91.256524,29.445005],[-91.266404,29.476094],[-91.273662,29.479433],[-91.264992,29.510809],[-91.271361,29.525231],[-91.270618,29.536735],[-91.264268,29.543397],[-91.235975,29.550366],[-91.223491,29.561872],[-91.225642,29.574506],[-91.218968,29.583876],[-91.183695,29.608005],[-91.175335,29.608832],[-91.172889,29.597433],[-91.161388,29.593013],[-91.151451,29.603671],[-91.139575,29.602722],[-91.13945,29.608911],[-91.121621,29.607985],[-91.117166,29.617523],[-91.085436,29.623815],[-91.00689,29.715093],[-90.880194,29.716809],[-90.882087,29.745897],[-90.841429,29.746382],[-90.842137,29.760092],[-90.827857,29.764618],[-90.827799,29.775828],[-90.81999,29.777926],[-90.805918,29.77442],[-90.804993,29.749484],[-90.797255,29.744492],[-90.784491,29.744629],[-90.78604,29.732093],[-90.766757,29.695945],[-90.743954,29.676789],[-90.727302,29.675582],[-90.705344,29.663911],[-90.65206,29.603867],[-90.619124,29.598181],[-90.603635,29.573936],[-90.574544,29.558887],[-90.568408,29.535195],[-90.550791,29.531265],[-90.536554,29.514299],[-90.537516,29.505506],[-90.506421,29.477508],[-90.497223,29.474985],[-90.486837,29.462029],[-90.468998,29.454075],[-90.448077,29.417998],[-90.418556,29.390037],[-90.398434,29.380969],[-90.385539,29.367749],[-90.379589,29.349054],[-90.386473,29.324743],[-90.376573,29.304801],[-90.3831,29.295614],[-90.383498,29.281933],[-90.396666346071,29.2643985069343],[-90.398515,29.285338],[-90.392929,29.296636],[-90.397564,29.310004],[-90.424897,29.329173],[-90.429294,29.345749],[-90.440227,29.349375],[-90.460311,29.337462],[-90.451636,29.321506],[-90.466016,29.30845],[-90.466491,29.30047],[-90.479088,29.292179],[-90.493111,29.294252],[-90.505233,29.305134],[-90.523178,29.304201],[-90.53221,29.303165],[-90.554314,29.285235],[-90.570833,29.308968],[-90.582954,29.312181],[-90.599235,29.299538],[-90.600067,29.288551],[-90.587945,29.271344],[-90.592699,29.245943],[-90.561801,29.234951],[-90.574635,29.229351],[-90.595789,29.239929],[-90.615992,29.236403],[-90.606128,29.224373],[-90.611832,29.214831],[-90.635719,29.213897],[-90.6438,29.197197],[-90.646771,29.168664],[-90.675887,29.17406],[-90.685038,29.165551],[-90.681354,29.156003],[-90.694307,29.125071],[-90.71142,29.116351],[-90.723185,29.135971],[-90.729959,29.138047],[-90.744814,29.117597],[-90.763472,29.118012],[-90.773692,29.107525],[-90.772504,29.103164],[-90.787953,29.107629],[-90.794133,29.094857],[-90.802214,29.093819],[-90.805933,29.06446],[-90.836107,29.066063],[-90.851528,29.074295],[-90.860921,29.100465],[-90.866744,29.097142],[-90.867813,29.106279],[-90.874944,29.10711],[-90.869121,29.118323],[-90.883976,29.118531],[-90.888848,29.122372],[-90.882906,29.128082],[-90.899664,29.133948],[-90.899187,29.142822],[-90.905842,29.140435],[-90.922588,29.150583],[-90.952427,29.183294],[-90.959677,29.186303],[-90.983207,29.173956],[-91.000439,29.173022],[-91.010778,29.175824],[-91.010778,29.181531],[-91.019572,29.179144],[-91.027059,29.187859],[-91.027059,29.201139],[-91.038349,29.210371],[-91.046073,29.206844],[-91.049163,29.194188],[-91.064731,29.184124],[-91.079111,29.191906],[-91.094916,29.192424],[-91.129855,29.220743],[-91.136867,29.217942],[-91.215182,29.226966],[-91.288324,29.255743],[-91.339768,29.309818]]]]}},{"type":"Feature","properties":{"GEOID":"22095","NAME":"St. John the Baptist","state":"LA","wildfire_risk_score":11.864,"wildfire_eal_total":4038.55,"risk_band":"Low","source":"FEMA National Risk Index v1.20 (December 2025)"},"geometry":{"type":"Polygon","coordinates":[[[-90.687269,30.037204],[-90.661213,30.050812],[-90.670871,30.094112],[-90.653722,30.096361],[-90.631905,30.22119],[-90.610407,30.214231],[-90.5995,30.216836],[-90.577815,30.197168],[-90.55115,30.196728],[-90.51606,30.221343],[-90.485826,30.276992],[-90.420533,30.279837],[-90.386093,30.286879],[-90.373726,30.283392],[-90.350308,30.296831],[-90.320464,30.298985],[-90.297826,30.293903],[-90.160636,30.234337],[-90.158175,30.228128],[-90.156256,30.189613],[-90.326637,30.150188],[-90.349714,30.120251],[-90.407006,30.083109],[-90.450218,30.033106],[-90.474615,30.031334],[-90.475767,30.035905],[-90.537979,30.016927],[-90.539047,30.002175],[-90.54974,30.002696],[-90.549342,29.968045],[-90.532203,29.967938],[-90.529601,29.884997],[-90.535416,29.891061],[-90.553005,29.893338],[-90.5942,29.892801],[-90.609348,29.883094],[-90.612091,29.891103],[-90.627098,29.895042],[-90.656312,29.889246],[-90.665603,29.907684],[-90.666452,29.951781],[-90.674881,29.951629],[-90.675149,29.966188],[-90.666524,29.966379],[-90.667137,29.981012],[-90.675623,29.980668],[-90.67567,29.987843],[-90.679257,29.987716],[-90.671623,29.992789],[-90.687269,30.037204]]]}},{"type":"Feature","properties":{"GEOID":"22069","NAME":"Natchitoches","state":"LA","wildfire_risk_score":51.368,"wildfire_eal_total":36568.84,"risk_band":"High","source":"FEMA National Risk Index v1.20 (December 2025)"},"geometry":{"type":"Polygon","coordinates":[[[-93.440902,31.743394],[-93.441557,31.875164],[-93.43747,31.9051],[-93.440598,31.913582],[-93.429557,31.925344],[-93.426495,31.923811],[-93.423851,31.931416],[-93.414742,31.93381],[-93.414266,31.924195],[-93.398813,31.91791],[-93.387704,31.925266],[-93.377477,31.923442],[-93.377907,31.932712],[-93.354624,31.932216],[-93.353498,31.928091],[-93.360009,31.923919],[-93.34633,31.90685],[-93.350481,31.898736],[-93.318881,31.888413],[-93.302678,31.89762],[-93.294218,31.890056],[-93.279528,31.887074],[-93.275926,31.893329],[-93.266609,31.895637],[-93.253719,31.913304],[-93.239499,31.903605],[-93.23847,31.972781],[-93.121188,31.97261],[-93.135347,31.982378],[-93.134268,31.988151],[-93.158098,32.009407],[-93.158906,32.027749],[-93.14192,32.040619],[-93.136127,32.056224],[-93.145606,32.072699],[-93.161718,32.083138],[-93.164306,32.093317],[-93.152395,32.104512],[-93.187138,32.148509],[-92.939092,32.14792],[-92.932184,32.13651],[-92.931661,32.123337],[-92.90495,32.090224],[-92.904863,32.081457],[-92.910185,32.082158],[-92.911756,32.076839],[-92.895838,32.055007],[-92.898457,32.044894],[-92.886882,32.029617],[-92.888731,32.013129],[-92.884703,32.01205],[-92.901544,31.994964],[-92.90105,31.987995],[-92.89317,31.98906],[-92.882888,31.981642],[-92.885034,31.956563],[-92.872174,31.945856],[-92.884637,31.939537],[-92.89464,31.917159],[-92.892582,31.901446],[-92.901088,31.893909],[-92.906153,31.868704],[-92.899122,31.856971],[-92.908887,31.850753],[-92.950115,31.855287],[-92.946409,31.849206],[-92.951043,31.849417],[-92.946318,31.842439],[-92.949468,31.838963],[-92.941936,31.836533],[-92.938406,31.823355],[-92.951231,31.824872],[-92.94198,31.814973],[-92.948621,31.810143],[-92.946591,31.800051],[-92.951768,31.796608],[-92.955326,31.780784],[-92.96745,31.781271],[-92.97163,31.764737],[-92.968603,31.731006],[-92.976035,31.712423],[-92.959858,31.701294],[-92.965759,31.68342],[-92.950954,31.67594],[-92.927663,31.677424],[-92.921585,31.663547],[-92.902801,31.65951],[-92.910008,31.633054],[-92.906321,31.623628],[-92.869061,31.617196],[-92.840947,31.601233],[-92.801416,31.597012],[-92.787369,31.578661],[-92.756174,31.557938],[-92.76131,31.547388],[-92.71619,31.523119],[-92.761551,31.486234],[-92.761674,31.476399],[-92.779059,31.476486],[-92.77918,31.469384],[-92.787548,31.469106],[-92.787546,31.462024],[-92.795938,31.462062],[-92.795776,31.455338],[-92.813377,31.454845],[-92.81313,31.440945],[-92.830298,31.440996],[-92.830413,31.433529],[-92.846837,31.433513],[-92.846954,31.418775],[-92.871658,31.418598],[-92.871488,31.404454],[-92.888469,31.403994],[-92.888443,31.389631],[-92.913475,31.389732],[-92.913328,31.368193],[-92.947265,31.367723],[-92.947159,31.346751],[-92.98126,31.346742],[-92.992013,31.36043],[-93.03223,31.363565],[-93.23664,31.364001],[-93.236752,31.537863],[-93.337625,31.538274],[-93.338436,31.714205],[-93.441689,31.714485],[-93.440902,31.743394]]]}}]}