{"type":"FeatureCollection","metadata":{"state":"MN","boundary_source":"U.S. Census Bureau 2024 Cartographic Boundary File (counties, 1:500,000)","risk_source":"FEMA National Risk Index v1.20 (December 2025)"},"features":[{"type":"Feature","properties":{"GEOID":"27087","NAME":"Mahnomen","state":"MN","wildfire_risk_score":58.302,"wildfire_eal_total":46524.64,"risk_band":"Moderate","source":"FEMA National Risk Index v1.20 (December 2025)"},"geometry":{"type":"Polygon","coordinates":[[[-96.067621,47.499136],[-95.551458,47.50002],[-95.551186,47.151453],[-96.067069,47.151813],[-96.067621,47.499136]]]}},{"type":"Feature","properties":{"GEOID":"27053","NAME":"Hennepin","state":"MN","wildfire_risk_score":74.873,"wildfire_eal_total":309090.6,"risk_band":"High","source":"FEMA National Risk Index v1.20 (December 2025)"},"geometry":{"type":"Polygon","coordinates":[[[-93.768043,44.905436],[-93.766714,45.060232],[-93.761174,45.068764],[-93.764506,45.071054],[-93.758478,45.072909],[-93.761874,45.081244],[-93.739245,45.080987],[-93.728918,45.090016],[-93.729593,45.097441],[-93.720617,45.114444],[-93.696851,45.139436],[-93.68131,45.15125],[-93.661132,45.153326],[-93.638622,45.16562],[-93.639427,45.175349],[-93.658536,45.191491],[-93.657117,45.197532],[-93.647221,45.199599],[-93.637129,45.210155],[-93.628487,45.202406],[-93.623384,45.203934],[-93.625911,45.20923],[-93.612655,45.211549],[-93.610879,45.208127],[-93.604072,45.212828],[-93.597863,45.207308],[-93.592645,45.210741],[-93.592395,45.218402],[-93.587503,45.214643],[-93.569971,45.218523],[-93.561109,45.226995],[-93.548635,45.226456],[-93.542636,45.232591],[-93.534107,45.230606],[-93.528678,45.22243],[-93.519895,45.238265],[-93.51467,45.239925],[-93.521653,45.246618],[-93.502681,45.242224],[-93.485469,45.225678],[-93.466526,45.225482],[-93.44405,45.216632],[-93.427732,45.215565],[-93.412032,45.198164],[-93.37543,45.178664],[-93.35883,45.174965],[-93.346229,45.160165],[-93.311544,45.143778],[-93.297128,45.126965],[-93.29507,45.115326],[-93.278366,45.103037],[-93.285226,45.058465],[-93.280826,45.043565],[-93.283426,45.035365],[-93.208092,45.035744],[-93.207757,44.953209],[-93.200104,44.941506],[-93.200367,44.909625],[-93.18739,44.89512],[-93.177218,44.893928],[-93.182969,44.885348],[-93.178771,44.880162],[-93.199969,44.865505],[-93.19728,44.860114],[-93.207756,44.843626],[-93.221108,44.838477],[-93.219063,44.832238],[-93.251873,44.811476],[-93.282364,44.805896],[-93.30453,44.794501],[-93.325729,44.792666],[-93.335958,44.786476],[-93.348556,44.791352],[-93.356063,44.785438],[-93.364245,44.789158],[-93.378244,44.78519],[-93.38755,44.798608],[-93.396324,44.797079],[-93.405802,44.804681],[-93.438157,44.813074],[-93.45032,44.803531],[-93.4837,44.807793],[-93.491867,44.804643],[-93.499112,44.810318],[-93.503336,44.804735],[-93.520166,44.802181],[-93.520706,44.891502],[-93.768385,44.89087],[-93.768043,44.905436]]]}},{"type":"Feature","properties":{"GEOID":"27075","NAME":"Lake","state":"MN","wildfire_risk_score":62.341,"wildfire_eal_total":98053.58,"risk_band":"Moderate","source":"FEMA National Risk Index v1.20 (December 2025)"},"geometry":{"type":"MultiPolygon","coordinates":[[[[-91.553748,47.089648],[-91.551738,47.090585],[-91.551579,47.087343],[-91.553193,47.087631],[-91.553748,47.089648]]],[[[-91.800109,47.817437],[-91.7982502061238,48.2028572325255],[-91.78614,48.196412],[-91.756394,48.205823],[-91.749075,48.198844],[-91.741932,48.199122],[-91.742313,48.204491],[-91.714931,48.19913],[-91.711611,48.1891],[-91.724584,48.170657],[-91.705318,48.170775],[-91.708523,48.152701],[-91.698174,48.141643],[-91.711986,48.114713],[-91.703524,48.113548],[-91.682845,48.122118],[-91.687623,48.111698],[-91.665208,48.107011],[-91.653261,48.114137],[-91.653571,48.109567],[-91.640175,48.096926],[-91.559272,48.108268],[-91.552962,48.103012],[-91.569746,48.093348],[-91.575471,48.066294],[-91.575672,48.048791],[-91.567254,48.043719],[-91.488646,48.068065],[-91.45033,48.068806],[-91.438877,48.049979],[-91.429642,48.048608],[-91.391128,48.057075],[-91.370872,48.06941],[-91.365143,48.066968],[-91.340159,48.073236],[-91.332589,48.069331],[-91.26638,48.078713],[-91.214428,48.10294],[-91.190461,48.124891],[-91.183207,48.122235],[-91.137733,48.14915],[-91.14302,48.154247],[-91.120047,48.160412],[-91.082731,48.180756],[-91.0320682870099,48.188527229104],[-91.031627,48.064129],[-91.024628,48.064128],[-91.026516,47.888278],[-91.020737,47.887995],[-91.023124,47.464964],[-91.045646,47.456525],[-91.095608,47.414665],[-91.11938,47.404591],[-91.146958,47.381464],[-91.154812,47.380377],[-91.170701,47.365767],[-91.186577,47.339936],[-91.206564,47.330156],[-91.210299,47.320134],[-91.228584,47.311974],[-91.229283,47.307153],[-91.238658,47.304976],[-91.249213,47.284156],[-91.273808,47.275331],[-91.278595,47.266502],[-91.287502,47.266742],[-91.347885,47.22144],[-91.366668,47.200089],[-91.377258,47.19802],[-91.386468,47.187677],[-91.408583,47.182259],[-91.421661,47.166667],[-91.45426,47.145785],[-91.461481,47.135178],[-91.481065,47.124544],[-91.506713,47.119252],[-91.520897,47.104334],[-91.573817,47.089917],[-91.594962,47.062409],[-91.613173,47.059192],[-91.642102,47.038599],[-91.63736,47.027265],[-91.656003,47.028917],[-91.663693,47.01288],[-91.675844,47.017632],[-91.684718,47.006836],[-91.704649,47.005246],[-91.777508,46.95253],[-91.780665,46.943314],[-91.7943868235181,46.9395824956249],[-91.789132,47.480396],[-91.800109,47.817437]]]]}},{"type":"Feature","properties":{"GEOID":"27163","NAME":"Washington","state":"MN","wildfire_risk_score":64.027,"wildfire_eal_total":202285.66,"risk_band":"High","source":"FEMA National Risk Index v1.20 (December 2025)"},"geometry":{"type":"Polygon","coordinates":[[[-93.021395,44.789707],[-93.004711,44.814873],[-93.011875,44.836716],[-93.008428,44.858711],[-93.020044,44.89075],[-92.984192,44.890814],[-92.984619,45.123622],[-93.020518,45.123866],[-93.01944,45.296929],[-92.745683,45.296042],[-92.761868,45.287013],[-92.751659,45.26591],[-92.760249,45.2496],[-92.751708,45.218666],[-92.763908,45.204866],[-92.767116,45.187879],[-92.752404,45.173916],[-92.749059,45.148466],[-92.752102,45.142069],[-92.739584,45.115598],[-92.791528,45.079647],[-92.802911,45.065403],[-92.797081,45.050648],[-92.76206,45.02432],[-92.771231,45.001378],[-92.769445,44.97215],[-92.754603,44.955767],[-92.750645,44.937299],[-92.758701,44.908979],[-92.774571,44.898084],[-92.763402,44.874167],[-92.769102,44.862167],[-92.765278,44.837186],[-92.78043,44.812589],[-92.785206,44.792303],[-92.805287,44.768361],[-92.807988,44.75147],[-92.8025794058107,44.7457971094334],[-92.826547,44.750429],[-92.8553,44.747715],[-92.87859,44.772314],[-92.913316,44.774695],[-92.928629,44.781417],[-92.954078,44.771154],[-92.986071,44.775312],[-93.005978,44.771685],[-93.015961,44.775564],[-93.021395,44.789707]]]}},{"type":"Feature","properties":{"GEOID":"27015","NAME":"Brown","state":"MN","wildfire_risk_score":24.078,"wildfire_eal_total":14846.93,"risk_band":"Moderate","source":"FEMA National Risk Index v1.20 (December 2025)"},"geometry":{"type":"Polygon","coordinates":[[[-95.108777,44.195044],[-95.10748,44.281768],[-94.866259,44.282372],[-94.865824,44.498218],[-94.851835,44.495248],[-94.853247,44.489673],[-94.842593,44.492346],[-94.826636,44.483075],[-94.81488,44.48445],[-94.817918,44.480202],[-94.811112,44.481447],[-94.810028,44.471307],[-94.798125,44.469579],[-94.805405,44.465341],[-94.790156,44.4563],[-94.781379,44.45772],[-94.78649,44.451309],[-94.776968,44.446796],[-94.765669,44.442752],[-94.748352,44.449642],[-94.730815,44.441222],[-94.726233,44.433771],[-94.70702,44.434323],[-94.695043,44.428258],[-94.701323,44.412193],[-94.693453,44.411629],[-94.696466,44.416422],[-94.692482,44.417651],[-94.684933,44.411662],[-94.697098,44.409132],[-94.694586,44.402663],[-94.676689,44.408432],[-94.669876,44.402819],[-94.677098,44.396834],[-94.666062,44.394048],[-94.654885,44.400625],[-94.654239,44.393026],[-94.64139,44.397042],[-94.63771,44.395527],[-94.640881,44.390086],[-94.627686,44.391264],[-94.623665,44.382359],[-94.596118,44.385118],[-94.592505,44.376733],[-94.587235,44.37384],[-94.583249,44.378298],[-94.576945,44.371699],[-94.565475,44.376763],[-94.558108,44.371478],[-94.555658,44.375907],[-94.547027,44.364717],[-94.522958,44.365391],[-94.518657,44.370354],[-94.517768,44.358027],[-94.502273,44.357554],[-94.499765,44.352223],[-94.49594,44.361708],[-94.483232,44.345519],[-94.461354,44.332424],[-94.451666,44.333306],[-94.451833,44.31656],[-94.441652,44.308419],[-94.431607,44.310875],[-94.441159,44.305728],[-94.431566,44.296035],[-94.424732,44.299034],[-94.432079,44.293192],[-94.414017,44.286659],[-94.412106,44.273582],[-94.384749,44.266489],[-94.380988,44.261427],[-94.375899,44.266295],[-94.371731,44.264448],[-94.36885,44.108698],[-95.100221,44.108034],[-95.100998,44.194938],[-95.108777,44.195044]]]}},{"type":"Feature","properties":{"GEOID":"27167","NAME":"Wilkin","state":"MN","wildfire_risk_score":19.943,"wildfire_eal_total":11189.57,"risk_band":"Low","source":"FEMA National Risk Index v1.20 (December 2025)"},"geometry":{"type":"Polygon","coordinates":[[[-96.791089,46.625494],[-96.784381,46.630504],[-96.281196,46.630779],[-96.28,46.28222],[-96.264647,46.282196],[-96.26614,46.02161],[-96.5765693887837,46.0218456562824],[-96.573644,46.037911],[-96.556907,46.06483],[-96.554507,46.083978],[-96.557952,46.102442],[-96.56692,46.11475],[-96.560268,46.116614],[-96.571999,46.124567],[-96.568632,46.132303],[-96.579453,46.147601],[-96.576265,46.159582],[-96.583476,46.171149],[-96.579926,46.177229],[-96.592682,46.175211],[-96.586299,46.181649],[-96.591572,46.184682],[-96.585055,46.194517],[-96.591217,46.195675],[-96.584272,46.198053],[-96.587342,46.201696],[-96.584372,46.204155],[-96.589027,46.204766],[-96.583842,46.208375],[-96.591025,46.208602],[-96.588517,46.2129],[-96.59567,46.21985],[-96.598645,46.241626],[-96.583857,46.250152],[-96.591056,46.24966],[-96.59317,46.25763],[-96.600415,46.261852],[-96.595014,46.275135],[-96.600371,46.280737],[-96.594849,46.286275],[-96.601765,46.286019],[-96.596077,46.290536],[-96.605486,46.293249],[-96.597802,46.297005],[-96.603453,46.302873],[-96.596999,46.31759],[-96.60104,46.319554],[-96.600623,46.327003],[-96.605997,46.326904],[-96.599761,46.330386],[-96.619991,46.340135],[-96.61712,46.347631],[-96.628522,46.349569],[-96.629287,46.354247],[-96.645372,46.350847],[-96.648223,46.356873],[-96.643756,46.362347],[-96.655206,46.365964],[-96.660347,46.371775],[-96.657973,46.374502],[-96.666028,46.374566],[-96.670923,46.389839],[-96.667588,46.391046],[-96.673801,46.390536],[-96.678507,46.404823],[-96.689907,46.409494],[-96.685134,46.413928],[-96.700834,46.414448],[-96.691957,46.416568],[-96.693465,46.422105],[-96.704679,46.4182],[-96.698855,46.426383],[-96.707522,46.429553],[-96.704603,46.438178],[-96.709095,46.435294],[-96.721897,46.440077],[-96.712255,46.4415],[-96.716438,46.444567],[-96.713722,46.446619],[-96.721661,46.448252],[-96.712962,46.450545],[-96.717587,46.454401],[-96.711718,46.459985],[-96.718729,46.462075],[-96.713019,46.466348],[-96.723055,46.468265],[-96.714218,46.470991],[-96.738092,46.477812],[-96.732685,46.482537],[-96.739676,46.486855],[-96.73415,46.488591],[-96.733612,46.497224],[-96.742343,46.500186],[-96.733297,46.503878],[-96.739605,46.51011],[-96.734486,46.511189],[-96.737408,46.517636],[-96.744593,46.52067],[-96.736741,46.52413],[-96.745435,46.525186],[-96.74202,46.529036],[-96.746102,46.534635],[-96.738052,46.53458],[-96.741456,46.543213],[-96.750229,46.543952],[-96.740518,46.546052],[-96.749231,46.549656],[-96.745887,46.555898],[-96.75437,46.556712],[-96.746734,46.559097],[-96.752386,46.562297],[-96.741887,46.56423],[-96.747451,46.567667],[-96.745197,46.570664],[-96.752633,46.571186],[-96.746863,46.575731],[-96.75651,46.575055],[-96.75189,46.58759],[-96.762702,46.589543],[-96.755398,46.594803],[-96.767416,46.598871],[-96.770507,46.595485],[-96.772476,46.603716],[-96.768724,46.606682],[-96.77857,46.606702],[-96.771123,46.614305],[-96.780129,46.614488],[-96.775532,46.621201],[-96.787022,46.619205],[-96.778416,46.627047],[-96.791089,46.625494]]]}},{"type":"Feature","properties":{"GEOID":"27137","NAME":"St. Louis","state":"MN","wildfire_risk_score":81.743,"wildfire_eal_total":511971.31,"risk_band":"High","source":"FEMA National Risk Index v1.20 (December 2025)"},"geometry":{"type":"Polygon","coordinates":[[[-93.098021,48.242534],[-93.094965,48.242528],[-93.0885619747573,48.6275908612032],[-92.984963,48.623731],[-92.954876,48.631493],[-92.95012,48.630419],[-92.949839,48.608269],[-92.929614,48.606874],[-92.909947,48.596313],[-92.894687,48.594915],[-92.728046,48.53929],[-92.657881,48.546263],[-92.634931,48.542873],[-92.625541,48.517549],[-92.631463,48.50679],[-92.627237,48.503383],[-92.698824,48.494892],[-92.712562,48.463013],[-92.687998,48.443889],[-92.656027,48.436709],[-92.507285,48.447875],[-92.475585,48.418793],[-92.456325,48.414204],[-92.456389,48.401134],[-92.47675,48.37176],[-92.469948,48.351836],[-92.437825,48.309839],[-92.416285,48.295463],[-92.369174,48.220268],[-92.336831,48.235383],[-92.269742,48.248241],[-92.273706,48.256747],[-92.290368,48.265527],[-92.301451,48.288608],[-92.294527,48.306454],[-92.306309,48.316442],[-92.304561,48.322977],[-92.295412,48.323957],[-92.288994,48.342991],[-92.26228,48.354933],[-92.206803,48.345596],[-92.203684,48.352063],[-92.193571,48.348613],[-92.178418,48.351881],[-92.177354,48.357228],[-92.145049,48.365651],[-92.143583,48.356121],[-92.083513,48.353865],[-92.077961,48.358253],[-92.055228,48.359213],[-92.045734,48.347901],[-92.046562,48.33474],[-92.037721,48.333183],[-92.030872,48.325824],[-92.000133,48.321355],[-92.01298,48.297391],[-92.006577,48.265421],[-91.989545,48.260214],[-91.976903,48.244626],[-91.97024,48.253594],[-91.954432,48.251678],[-91.948475,48.245841],[-91.958305,48.24379],[-91.957798,48.232989],[-91.941838,48.230602],[-91.915772,48.238871],[-91.89347,48.237699],[-91.884691,48.227321],[-91.867882,48.219095],[-91.864382,48.207031],[-91.815772,48.211748],[-91.7982502061238,48.2028572325255],[-91.799356,47.757522],[-91.790466,47.600804],[-91.789132,47.480396],[-91.7943868235181,46.9395824956249],[-91.817522,46.923802],[-91.834852,46.927135],[-91.861559,46.910315],[-91.882505,46.904953],[-91.998529,46.838949],[-92.045528,46.819168],[-92.06194,46.805034],[-92.09429,46.788416],[-92.08826,46.773261],[-92.06449,46.745439],[-92.027234,46.710895],[-92.01529,46.706469],[-92.020289,46.704039],[-92.03399,46.708939],[-92.08949,46.74924],[-92.11659,46.74864],[-92.14329,46.73464],[-92.141291,46.72524],[-92.146291,46.71594],[-92.167291,46.719941],[-92.189091,46.717541],[-92.204691,46.704041],[-92.205192,46.698341],[-92.183091,46.695241],[-92.176091,46.686341],[-92.204092,46.666941],[-92.201592,46.656641],[-92.207092,46.651941],[-92.242493,46.649241],[-92.256592,46.658741],[-92.270592,46.650741],[-92.274392,46.657441],[-92.286192,46.660342],[-92.287392,46.667342],[-92.292861,46.66353],[-92.301325,46.666899],[-92.301676,46.764134],[-92.659172,46.769061],[-93.061334,46.766431],[-93.056006,47.109328],[-93.066253,47.109359],[-93.064605,47.371506],[-93.069636,47.400174],[-93.061497,47.720406],[-93.082039,47.72057],[-93.080931,47.978538],[-93.088116,47.978586],[-93.089107,48.067921],[-93.096541,48.067803],[-93.098021,48.242534]]]}},{"type":"Feature","properties":{"GEOID":"27119","NAME":"Polk","state":"MN","wildfire_risk_score":83.365,"wildfire_eal_total":607642.76,"risk_band":"High","source":"FEMA National Risk Index v1.20 (December 2025)"},"geometry":{"type":"Polygon","coordinates":[[[-97.146381843197,48.173223],[-96.500843,48.174108],[-96.500901,48.021656],[-96.482586,48.021673],[-96.482092,47.847428],[-96.352708,47.847328],[-96.351727,47.7603],[-95.837177,47.760894],[-95.836827,47.848219],[-95.709148,47.848594],[-95.709619,47.935805],[-95.582155,47.933966],[-95.578839,47.673677],[-95.553392,47.67361],[-95.554248,47.499893],[-96.8491281184791,47.4989745274964],[-96.853052,47.506828],[-96.84228,47.508636],[-96.853217,47.512681],[-96.841951,47.515238],[-96.861422,47.515873],[-96.871026,47.527867],[-96.853755,47.535967],[-96.863205,47.540589],[-96.845383,47.539563],[-96.860455,47.546515],[-96.849886,47.552516],[-96.861746,47.559496],[-96.847499,47.566226],[-96.862458,47.562514],[-96.868372,47.565768],[-96.866394,47.569377],[-96.851698,47.568498],[-96.859856,47.574144],[-96.849896,47.590898],[-96.858887,47.595103],[-96.851051,47.59794],[-96.856903,47.602329],[-96.855421,47.60875],[-96.879421,47.619039],[-96.875916,47.622622],[-96.880582,47.625625],[-96.874373,47.627824],[-96.888573,47.63845],[-96.882857,47.641714],[-96.889627,47.668587],[-96.885116,47.673808],[-96.896724,47.674758],[-96.899352,47.689473],[-96.909909,47.689522],[-96.907266,47.693976],[-96.912846,47.701746],[-96.920546,47.699649],[-96.911881,47.706745],[-96.920119,47.710383],[-96.919868,47.716982],[-96.930853,47.715387],[-96.918556,47.723863],[-96.932809,47.737139],[-96.929051,47.750331],[-96.939753,47.755292],[-96.928804,47.755724],[-96.937859,47.760195],[-96.935174,47.767466],[-96.946773,47.775091],[-96.955671,47.774748],[-96.952673,47.779777],[-96.95879,47.780335],[-96.95833,47.785708],[-96.965316,47.783474],[-96.957216,47.79097],[-96.96712,47.799852],[-96.976611,47.797982],[-96.972109,47.802556],[-96.991007,47.807672],[-96.978894,47.809882],[-96.98015,47.822379],[-96.974184,47.822978],[-96.987105,47.82555],[-96.981725,47.830421],[-96.986685,47.837639],[-96.998295,47.841724],[-96.993974,47.845974],[-96.998144,47.858882],[-97.005557,47.863977],[-97.002456,47.868677],[-97.023156,47.873978],[-97.017955,47.878478],[-97.025355,47.884278],[-97.018955,47.891078],[-97.024955,47.894978],[-97.020155,47.900478],[-97.024955,47.908178],[-97.015054,47.907178],[-97.023754,47.915878],[-97.017754,47.919778],[-97.035754,47.930179],[-97.036054,47.939379],[-97.054554,47.946279],[-97.052454,47.957179],[-97.061854,47.96448],[-97.053089,47.990252],[-97.064289,47.998508],[-97.066762,48.009558],[-97.063289,48.014989],[-97.072239,48.019107],[-97.068711,48.027694],[-97.072257,48.048068],[-97.104483,48.072428],[-97.099798,48.085884],[-97.109857,48.091395],[-97.102249,48.096694],[-97.11147,48.105913],[-97.123205,48.106648],[-97.120702,48.114987],[-97.133468,48.137101],[-97.124898,48.136193],[-97.123675,48.140319],[-97.146122,48.141649],[-97.140295,48.150894],[-97.12102,48.159086],[-97.127392,48.162748],[-97.14195,48.160202],[-97.146381843197,48.173223]]]}},{"type":"Feature","properties":{"GEOID":"27073","NAME":"Lac qui Parle","state":"MN","wildfire_risk_score":29.676,"wildfire_eal_total":13869.37,"risk_band":"Moderate","source":"FEMA National Risk Index v1.20 (December 2025)"},"geometry":{"type":"Polygon","coordinates":[[[-96.452947585722,45.2689249938184],[-96.419088,45.267778],[-96.406964,45.25652],[-96.37433,45.260748],[-96.337862,45.255962],[-96.327722,45.25013],[-96.312422,45.251808],[-96.313405,45.247447],[-96.283393,45.246911],[-96.288367,45.23745],[-96.280273,45.235921],[-96.27455,45.22266],[-96.258197,45.223536],[-96.242796,45.217778],[-96.223872,45.220756],[-96.20736,45.207138],[-96.173033,45.192862],[-96.132102,45.191918],[-96.107596,45.18319],[-96.088378,45.167152],[-96.04184,45.156074],[-96.012472,45.123726],[-95.999804,45.119328],[-96.001125,45.112945],[-95.992883,45.110801],[-95.894781,45.036487],[-95.882795,45.033538],[-95.879661,45.023579],[-95.870783,45.025081],[-95.860901,45.00757],[-95.838635,44.996568],[-95.833278,44.998008],[-95.83585,44.995663],[-95.830387,44.994923],[-95.834071,44.99293],[-95.83089,44.990634],[-95.825449,44.991862],[-95.830844,44.989967],[-95.824614,44.986884],[-95.82402,44.969522],[-95.820286,44.96861],[-95.82315,44.965022],[-95.811023,44.961456],[-95.809356,44.952416],[-95.796371,44.947282],[-95.786444,44.948891],[-95.776992,44.942495],[-95.770171,44.943545],[-95.769487,44.947952],[-95.760723,44.942793],[-95.766016,44.941991],[-95.756346,44.941598],[-95.758071,44.946862],[-95.749254,44.940641],[-95.74352,44.944235],[-95.741335,44.939462],[-95.744592,44.938548],[-95.739243,44.937156],[-95.736696,44.93604],[-95.737309,44.891479],[-95.847452,44.891799],[-95.849009,44.805347],[-96.4515595397173,44.8055694812453],[-96.452947585722,45.2689249938184]]]}},{"type":"Feature","properties":{"GEOID":"27145","NAME":"Stearns","state":"MN","wildfire_risk_score":76.336,"wildfire_eal_total":335986.58,"risk_band":"High","source":"FEMA National Risk Index v1.20 (December 2025)"},"geometry":{"type":"Polygon","coordinates":[[[-95.13964,45.610355],[-95.139731,45.773416],[-94.271776,45.775208],[-94.272831,45.767716],[-94.264726,45.763051],[-94.266656,45.754607],[-94.259727,45.742357],[-94.237382,45.730331],[-94.215232,45.726252],[-94.214462,45.721645],[-94.224689,45.715319],[-94.223498,45.71014],[-94.210032,45.701104],[-94.203049,45.678153],[-94.182651,45.67958],[-94.197446,45.670538],[-94.198031,45.652419],[-94.204336,45.646473],[-94.203666,45.619556],[-94.192062,45.600851],[-94.170968,45.589666],[-94.160782,45.566362],[-94.145567,45.553466],[-94.1468,45.537051],[-94.15421,45.532659],[-94.139461,45.516366],[-94.141989,45.493243],[-94.101485,45.468348],[-94.102726,45.452979],[-94.081571,45.446786],[-94.080814,45.438585],[-94.069376,45.438488],[-94.065392,45.432533],[-94.052192,45.435261],[-94.048021,45.423274],[-94.056804,45.420566],[-94.0561,45.415985],[-94.068932,45.403989],[-94.068557,45.39627],[-94.086007,45.379775],[-94.081414,45.36677],[-94.095969,45.352352],[-94.089509,45.34662],[-94.09272,45.342467],[-94.106489,45.339937],[-94.116765,45.328019],[-94.161892,45.301233],[-94.175749,45.30258],[-94.17989,45.313151],[-94.194296,45.318948],[-94.252612,45.308305],[-94.256982,45.306269],[-94.254635,45.300658],[-94.26152,45.297688],[-94.260821,45.283941],[-94.383449,45.282797],[-94.383613,45.326635],[-94.76308,45.3261],[-94.762934,45.412861],[-95.131879,45.412495],[-95.13148,45.58503],[-95.139856,45.585016],[-95.13964,45.610355]]]}},{"type":"Feature","properties":{"GEOID":"27061","NAME":"Itasca","state":"MN","wildfire_risk_score":44.784,"wildfire_eal_total":29153.78,"risk_band":"Moderate","source":"FEMA National Risk Index v1.20 (December 2025)"},"geometry":{"type":"Polygon","coordinates":[[[-94.419094,47.780836],[-94.418543,47.845816],[-93.776173,47.846404],[-93.775772,47.89895],[-93.080906,47.891864],[-93.082039,47.72057],[-93.061497,47.720406],[-93.069636,47.400174],[-93.064605,47.371506],[-93.066253,47.109359],[-93.056006,47.109328],[-93.056112,47.026413],[-93.775257,47.030418],[-93.77393,47.211335],[-93.782834,47.209223],[-93.785479,47.215396],[-93.800299,47.220853],[-93.802401,47.23279],[-93.80882,47.232622],[-93.806673,47.237243],[-93.812119,47.242424],[-93.804481,47.243124],[-93.804574,47.251338],[-93.796769,47.259447],[-93.782812,47.260812],[-93.790817,47.266506],[-93.782985,47.265741],[-93.784073,47.275514],[-93.776074,47.277986],[-93.783549,47.29102],[-93.789081,47.290578],[-93.786475,47.299434],[-93.774337,47.297851],[-93.77401,47.30506],[-93.791215,47.308809],[-93.807704,47.304451],[-93.814518,47.308215],[-93.809008,47.30011],[-93.817582,47.305792],[-93.821135,47.300456],[-93.825476,47.309845],[-93.826051,47.303824],[-93.832397,47.30803],[-93.843237,47.306788],[-93.847651,47.310086],[-93.845079,47.316838],[-93.854467,47.313962],[-93.853723,47.318577],[-93.861013,47.322552],[-93.861042,47.319363],[-93.868441,47.320595],[-93.862346,47.314693],[-93.873089,47.315863],[-93.875595,47.320532],[-93.876386,47.316712],[-93.883133,47.317295],[-93.889946,47.326185],[-93.89341,47.306859],[-93.911711,47.297616],[-93.914472,47.304053],[-93.922141,47.301537],[-93.923549,47.307566],[-93.933041,47.304505],[-93.942099,47.308852],[-93.93925,47.310416],[-93.942315,47.314827],[-93.941609,47.310732],[-93.943181,47.310917],[-93.943695,47.317376],[-93.953684,47.317436],[-93.954918,47.323489],[-93.972423,47.330222],[-93.973717,47.337786],[-93.987398,47.337278],[-94.00438,47.348896],[-94.025981,47.351388],[-94.025589,47.357599],[-94.035592,47.360497],[-94.043362,47.376034],[-94.039153,47.385424],[-94.041889,47.401574],[-94.028188,47.409417],[-94.058696,47.43494],[-94.079909,47.468477],[-94.095115,47.477972],[-94.117999,47.480744],[-94.324631,47.415449],[-94.373216,47.427069],[-94.377944,47.431952],[-94.395963,47.427831],[-94.398765,47.433484],[-94.410157,47.435317],[-94.403501,47.437551],[-94.416214,47.44486],[-94.413504,47.586509],[-94.419094,47.780836]]]}},{"type":"Feature","properties":{"GEOID":"27171","NAME":"Wright","state":"MN","wildfire_risk_score":61.037,"wildfire_eal_total":169412.26,"risk_band":"Moderate","source":"FEMA National Risk Index v1.20 (December 2025)"},"geometry":{"type":"Polygon","coordinates":[[[-94.26152,45.297688],[-94.254635,45.300658],[-94.256982,45.306269],[-94.252612,45.308305],[-94.194296,45.318948],[-94.17989,45.313151],[-94.173419,45.301422],[-94.156705,45.303953],[-94.116765,45.328019],[-94.106489,45.339937],[-94.089911,45.345468],[-94.095969,45.352352],[-94.081414,45.36677],[-94.086007,45.379775],[-94.068557,45.39627],[-94.068932,45.403989],[-94.051994,45.42363],[-94.024255,45.403745],[-94.006808,45.404189],[-94.01085,45.391566],[-94.005259,45.391676],[-94.004632,45.396956],[-93.996209,45.401656],[-93.985525,45.399346],[-93.954905,45.377664],[-93.943654,45.385301],[-93.914285,45.382565],[-93.90935,45.372609],[-93.887852,45.362183],[-93.882212,45.349376],[-93.867854,45.339528],[-93.830835,45.33484],[-93.806179,45.312962],[-93.76955,45.297917],[-93.754259,45.294851],[-93.736867,45.299938],[-93.70439,45.297723],[-93.685845,45.305056],[-93.669669,45.29522],[-93.581378,45.291901],[-93.570302,45.301558],[-93.56377,45.301154],[-93.551938,45.264989],[-93.526906,45.251855],[-93.51467,45.239925],[-93.519895,45.238265],[-93.528678,45.22243],[-93.534107,45.230606],[-93.542636,45.232591],[-93.548635,45.226456],[-93.561109,45.226995],[-93.569971,45.218523],[-93.587503,45.214643],[-93.592395,45.218402],[-93.592645,45.210741],[-93.597863,45.207308],[-93.604072,45.212828],[-93.610879,45.208127],[-93.612655,45.211549],[-93.625911,45.20923],[-93.623384,45.203934],[-93.628487,45.202406],[-93.637129,45.210155],[-93.647221,45.199599],[-93.657117,45.197532],[-93.658536,45.191491],[-93.639427,45.175349],[-93.638622,45.16562],[-93.661132,45.153326],[-93.68131,45.15125],[-93.696851,45.139436],[-93.720617,45.114444],[-93.729593,45.097441],[-93.728918,45.090016],[-93.739245,45.080987],[-93.761874,45.081244],[-93.758478,45.072909],[-93.764506,45.071054],[-93.761174,45.068764],[-93.766714,45.060232],[-93.767532,44.977646],[-94.256074,44.979465],[-94.25597,45.211299],[-94.26152,45.297688]]]}},{"type":"Feature","properties":{"GEOID":"27127","NAME":"Redwood","state":"MN","wildfire_risk_score":18.607,"wildfire_eal_total":7003.28,"risk_band":"Low","source":"FEMA National Risk Index v1.20 (December 2025)"},"geometry":{"type":"Polygon","coordinates":[[[-95.594817,44.542305],[-95.3604,44.541762],[-95.360177,44.69854],[-95.314436,44.691973],[-95.312071,44.675825],[-95.293706,44.660939],[-95.265842,44.659469],[-95.244218,44.66706],[-95.186413,44.624478],[-95.150771,44.615344],[-95.132652,44.596443],[-95.11972,44.595764],[-95.114959,44.589315],[-95.104343,44.587441],[-95.099847,44.578266],[-95.088275,44.579124],[-95.097331,44.571817],[-95.067825,44.572056],[-95.049574,44.558163],[-95.03352,44.557245],[-95.029942,44.550724],[-95.026021,44.553335],[-95.022986,44.545504],[-95.012469,44.55032],[-95.016688,44.542913],[-94.988838,44.546376],[-94.982074,44.542227],[-94.984291,44.539832],[-94.975389,44.540475],[-94.977058,44.535357],[-94.97018,44.540263],[-94.968704,44.533352],[-94.942945,44.525733],[-94.93794,44.530402],[-94.937288,44.523201],[-94.930718,44.524642],[-94.92036,44.516554],[-94.898289,44.520778],[-94.892065,44.51844],[-94.890374,44.512158],[-94.880335,44.516794],[-94.873817,44.499457],[-94.865824,44.498218],[-94.866259,44.282372],[-95.10748,44.281768],[-95.108777,44.195044],[-95.59357,44.19553],[-95.594817,44.542305]]]}},{"type":"Feature","properties":{"GEOID":"27097","NAME":"Morrison","state":"MN","wildfire_risk_score":77.99,"wildfire_eal_total":382545.44,"risk_band":"High","source":"FEMA National Risk Index v1.20 (December 2025)"},"geometry":{"type":"Polygon","coordinates":[[[-94.653462,46.348678],[-94.637279,46.341423],[-94.622852,46.326665],[-94.614168,46.324549],[-94.604213,46.330051],[-94.540523,46.303504],[-94.487726,46.314268],[-94.481072,46.321473],[-94.467386,46.322569],[-94.459253,46.331459],[-94.453527,46.327995],[-94.426529,46.332336],[-94.389232,46.312446],[-94.390147,46.303494],[-94.38192,46.309457],[-94.373125,46.297881],[-94.360673,46.300008],[-94.350529,46.295407],[-94.343673,46.286628],[-94.350635,46.279859],[-94.338022,46.275562],[-94.33977,46.270087],[-94.354783,46.264214],[-94.355302,46.255095],[-94.372702,46.242954],[-94.388922,46.238166],[-94.394384,46.228711],[-94.394831,46.209394],[-94.365559,46.178871],[-94.371644,46.173991],[-94.374592,46.157093],[-93.810362,46.156585],[-93.810321,45.98308],[-93.768891,45.982525],[-93.763948,45.822143],[-94.353165,45.822131],[-94.327853,45.79861],[-94.31323,45.800071],[-94.312827,45.792053],[-94.305489,45.785261],[-94.271776,45.775208],[-94.64399,45.77395],[-94.643596,45.932852],[-94.648807,45.932897],[-94.647909,46.282439],[-94.653304,46.282632],[-94.653462,46.348678]]]}},{"type":"Feature","properties":{"GEOID":"27139","NAME":"Scott","state":"MN","wildfire_risk_score":52.004,"wildfire_eal_total":96117.59,"risk_band":"Moderate","source":"FEMA National Risk Index v1.20 (December 2025)"},"geometry":{"type":"Polygon","coordinates":[[[-93.911401,44.545644],[-93.902861,44.552331],[-93.898617,44.54469],[-93.891649,44.546191],[-93.891677,44.552217],[-93.900298,44.555413],[-93.891066,44.566591],[-93.901366,44.570886],[-93.895125,44.574542],[-93.892714,44.584985],[-93.902828,44.587065],[-93.891461,44.595979],[-93.882384,44.596215],[-93.882308,44.600343],[-93.876235,44.601381],[-93.877898,44.605722],[-93.868921,44.602443],[-93.861318,44.605418],[-93.854055,44.617139],[-93.858449,44.620754],[-93.842983,44.617614],[-93.844443,44.625663],[-93.836536,44.618479],[-93.815516,44.632985],[-93.80312,44.634638],[-93.790874,44.628589],[-93.77415,44.637826],[-93.772456,44.630288],[-93.763662,44.634146],[-93.772507,44.638829],[-93.768039,44.640384],[-93.755484,44.635793],[-93.759845,44.643542],[-93.738245,44.645974],[-93.727831,44.656662],[-93.718382,44.655328],[-93.715409,44.659044],[-93.721375,44.663644],[-93.697665,44.669773],[-93.67515,44.692555],[-93.662831,44.696209],[-93.655219,44.690056],[-93.629853,44.69805],[-93.629162,44.702561],[-93.617939,44.70729],[-93.626207,44.715643],[-93.625605,44.723578],[-93.632714,44.724068],[-93.628511,44.731797],[-93.631477,44.738517],[-93.620869,44.753566],[-93.613256,44.749062],[-93.608538,44.753817],[-93.621902,44.762491],[-93.595231,44.774157],[-93.599173,44.782775],[-93.582067,44.782334],[-93.579981,44.793645],[-93.555376,44.799799],[-93.545695,44.79617],[-93.540458,44.804766],[-93.520166,44.802181],[-93.503336,44.804735],[-93.499112,44.810318],[-93.491867,44.804643],[-93.4837,44.807793],[-93.45032,44.803531],[-93.438157,44.813074],[-93.405802,44.804681],[-93.396324,44.797079],[-93.38755,44.798608],[-93.380317,44.785308],[-93.364245,44.789158],[-93.356063,44.785438],[-93.348556,44.791352],[-93.335958,44.786476],[-93.329615,44.791087],[-93.328401,44.71755],[-93.318341,44.717536],[-93.318707,44.630578],[-93.278169,44.630751],[-93.278473,44.543957],[-93.910425,44.543216],[-93.911401,44.545644]]]}},{"type":"Feature","properties":{"GEOID":"27129","NAME":"Renville","state":"MN","wildfire_risk_score":15.426,"wildfire_eal_total":5184.05,"risk_band":"Low","source":"FEMA National Risk Index v1.20 (December 2025)"},"geometry":{"type":"Polygon","coordinates":[[[-95.483611,44.854685],[-95.482889,44.890712],[-94.49773,44.892334],[-94.498074,44.717171],[-94.629489,44.716663],[-94.629285,44.542332],[-94.624343,44.542314],[-94.6242,44.45603],[-94.790156,44.4563],[-94.805405,44.465341],[-94.806396,44.466699],[-94.799982,44.466791],[-94.798125,44.469579],[-94.810028,44.471307],[-94.811112,44.481447],[-94.817918,44.480202],[-94.81488,44.48445],[-94.826636,44.483075],[-94.842593,44.492346],[-94.853247,44.489673],[-94.851835,44.495248],[-94.873817,44.499457],[-94.880335,44.516794],[-94.890374,44.512158],[-94.892065,44.51844],[-94.898289,44.520778],[-94.92036,44.516554],[-94.930718,44.524642],[-94.937288,44.523201],[-94.93794,44.530402],[-94.942945,44.525733],[-94.968704,44.533352],[-94.97018,44.540263],[-94.974584,44.535475],[-94.977058,44.535357],[-94.975389,44.540475],[-94.984291,44.539832],[-94.982074,44.542227],[-94.988838,44.546376],[-95.016688,44.542913],[-95.012469,44.55032],[-95.022986,44.545504],[-95.026021,44.553335],[-95.029942,44.550724],[-95.03352,44.557245],[-95.049574,44.558163],[-95.067825,44.572056],[-95.097331,44.571817],[-95.088275,44.579124],[-95.099847,44.578266],[-95.104343,44.587441],[-95.114959,44.589315],[-95.11972,44.595764],[-95.132652,44.596443],[-95.150771,44.615344],[-95.186413,44.624478],[-95.244218,44.66706],[-95.265842,44.659469],[-95.293706,44.660939],[-95.312071,44.675825],[-95.314436,44.691973],[-95.377818,44.702952],[-95.382128,44.705664],[-95.379575,44.711099],[-95.398461,44.714044],[-95.401355,44.71904],[-95.39715,44.723838],[-95.412487,44.732776],[-95.420326,44.731281],[-95.427772,44.739304],[-95.441107,44.743516],[-95.458094,44.740863],[-95.477221,44.756133],[-95.482843,44.752505],[-95.483611,44.854685]]]}},{"type":"Feature","properties":{"GEOID":"27107","NAME":"Norman","state":"MN","wildfire_risk_score":47.042,"wildfire_eal_total":36987.9,"risk_band":"Moderate","source":"FEMA National Risk Index v1.20 (December 2025)"},"geometry":{"type":"Polygon","coordinates":[[[-96.871663,47.419392],[-96.854323,47.425411],[-96.864731,47.428022],[-96.852818,47.432282],[-96.862598,47.435671],[-96.855849,47.439866],[-96.859239,47.451557],[-96.854232,47.454406],[-96.863552,47.457294],[-96.853908,47.460403],[-96.861002,47.472588],[-96.851896,47.478696],[-96.868415,47.47901],[-96.853817,47.48365],[-96.853141,47.487358],[-96.865068,47.491544],[-96.8491281184791,47.4989745274964],[-96.067621,47.499136],[-96.067069,47.151813],[-96.8397821177233,47.1504764508917],[-96.836471,47.156536],[-96.822706,47.156229],[-96.831983,47.159503],[-96.81895,47.164901],[-96.824549,47.166548],[-96.823408,47.173974],[-96.833383,47.176328],[-96.824768,47.178045],[-96.827597,47.181762],[-96.821555,47.184314],[-96.836029,47.185128],[-96.825926,47.190847],[-96.838233,47.196366],[-96.839909,47.191238],[-96.844711,47.192902],[-96.835729,47.201933],[-96.82723,47.201672],[-96.837178,47.207468],[-96.830777,47.209483],[-96.837252,47.216162],[-96.833114,47.220833],[-96.838926,47.222728],[-96.842393,47.217749],[-96.845634,47.221107],[-96.832078,47.225936],[-96.841228,47.229404],[-96.841176,47.233415],[-96.828878,47.234248],[-96.836716,47.24246],[-96.843721,47.239788],[-96.832494,47.24797],[-96.836529,47.252181],[-96.844049,47.25033],[-96.838553,47.25608],[-96.84476,47.25889],[-96.836532,47.262901],[-96.847315,47.262757],[-96.834591,47.267012],[-96.847517,47.271776],[-96.840353,47.275496],[-96.843922,47.29302],[-96.830697,47.30542],[-96.837045,47.311391],[-96.84288,47.308738],[-96.846976,47.315834],[-96.835657,47.318948],[-96.837033,47.324509],[-96.8288,47.328138],[-96.846009,47.328403],[-96.830613,47.338643],[-96.846639,47.347028],[-96.844798,47.354065],[-96.838111,47.356032],[-96.849831,47.356857],[-96.848506,47.364812],[-96.858211,47.367602],[-96.836706,47.372028],[-96.854622,47.37378],[-96.843921,47.375556],[-96.8482,47.382724],[-96.838154,47.382209],[-96.841767,47.385654],[-96.83951,47.392496],[-96.848896,47.393531],[-96.839212,47.399513],[-96.852739,47.405909],[-96.842307,47.411883],[-96.855709,47.409603],[-96.861231,47.41781],[-96.871663,47.419392]]]}},{"type":"Feature","properties":{"GEOID":"27065","NAME":"Kanabec","state":"MN","wildfire_risk_score":63.327,"wildfire_eal_total":119423.92,"risk_band":"High","source":"FEMA National Risk Index v1.20 (December 2025)"},"geometry":{"type":"Polygon","coordinates":[[[-93.518243,45.908683],[-93.518083,45.981721],[-93.432491,45.981464],[-93.431835,46.153881],[-93.282889,46.15942],[-93.053984,46.158256],[-93.055356,45.981344],[-93.142869,45.981005],[-93.141793,45.730657],[-93.513683,45.734318],[-93.518243,45.908683]]]}},{"type":"Feature","properties":{"GEOID":"27069","NAME":"Kittson","state":"MN","wildfire_risk_score":74.459,"wildfire_eal_total":454937.37,"risk_band":"High","source":"FEMA National Risk Index v1.20 (December 2025)"},"geometry":{"type":"Polygon","coordinates":[[[-97.239209,48.968684],[-97.237297,48.985696],[-97.226687,48.992923],[-97.234201,48.996286],[-97.228439,49.000674],[-96.405411,48.999984],[-96.404924,48.71707],[-96.387472,48.7171],[-96.387835,48.544308],[-97.1631651904105,48.5439647929117],[-97.165577,48.553202],[-97.138615,48.552341],[-97.141004,48.556323],[-97.165677,48.557165],[-97.175329,48.562461],[-97.151638,48.56763],[-97.148098,48.572066],[-97.149616,48.576921],[-97.160631,48.580936],[-97.143654,48.582358],[-97.142237,48.592595],[-97.153979,48.595081],[-97.134481,48.60785],[-97.148267,48.608354],[-97.149798,48.612724],[-97.130183,48.613399],[-97.132857,48.622896],[-97.120408,48.618017],[-97.130781,48.632108],[-97.109349,48.632637],[-97.115714,48.64449],[-97.107814,48.647728],[-97.098731,48.661284],[-97.109255,48.664142],[-97.100562,48.668406],[-97.100408,48.683078],[-97.090328,48.684512],[-97.109701,48.691686],[-97.12007,48.701434],[-97.109992,48.707776],[-97.136868,48.726035],[-97.12834,48.732136],[-97.141244,48.735271],[-97.138248,48.750235],[-97.152997,48.752844],[-97.1548,48.757414],[-97.145918,48.765603],[-97.158971,48.775746],[-97.147281,48.78114],[-97.159382,48.783833],[-97.158102,48.791145],[-97.173556,48.793315],[-97.162577,48.800116],[-97.18123,48.79789],[-97.157546,48.808704],[-97.190313,48.815714],[-97.17959,48.820131],[-97.177747,48.824815],[-97.184457,48.833395],[-97.173811,48.838309],[-97.182923,48.846912],[-97.173278,48.850282],[-97.17942,48.863079],[-97.190445,48.865292],[-97.17779,48.875312],[-97.199545,48.881346],[-97.197388,48.886697],[-97.201718,48.891723],[-97.189751,48.894482],[-97.210541,48.90439],[-97.211161,48.916649],[-97.219776,48.922039],[-97.214374,48.931572],[-97.225285,48.934539],[-97.226498,48.945625],[-97.234054,48.947611],[-97.228001,48.96295],[-97.239209,48.968684]]]}},{"type":"Feature","properties":{"GEOID":"27089","NAME":"Marshall","state":"MN","wildfire_risk_score":85.083,"wildfire_eal_total":795398.94,"risk_band":"High","source":"FEMA National Risk Index v1.20 (December 2025)"},"geometry":{"type":"Polygon","coordinates":[[[-97.162103,48.394761],[-97.145693,48.397431],[-97.131479,48.406586],[-97.139351,48.418031],[-97.15053,48.412742],[-97.154845,48.417463],[-97.140377,48.421574],[-97.122453,48.418276],[-97.145751,48.43027],[-97.141242,48.433771],[-97.126777,48.431804],[-97.123448,48.437018],[-97.126572,48.443131],[-97.146414,48.438068],[-97.150542,48.441203],[-97.131533,48.451601],[-97.128544,48.460301],[-97.14208,48.463347],[-97.148244,48.47074],[-97.142015,48.47465],[-97.129485,48.47149],[-97.12892,48.475742],[-97.162668,48.477783],[-97.140291,48.484722],[-97.143017,48.492334],[-97.13224,48.488436],[-97.132239,48.492378],[-97.149774,48.501986],[-97.149949,48.511986],[-97.139009,48.511663],[-97.126864,48.519758],[-97.150628,48.519453],[-97.153597,48.529508],[-97.14097,48.534225],[-97.1631651904105,48.5439647929117],[-96.23606,48.545072],[-95.602315,48.538887],[-95.601624,48.365431],[-95.593145,48.365445],[-95.593918,48.172915],[-97.146381843197,48.173223],[-97.136415,48.176043],[-97.139577,48.182649],[-97.14981,48.183498],[-97.135672,48.197126],[-97.14091,48.20452],[-97.129216,48.209605],[-97.138953,48.217075],[-97.131363,48.217182],[-97.122925,48.207381],[-97.117838,48.209764],[-97.135056,48.220648],[-97.151746,48.218932],[-97.137191,48.226951],[-97.120749,48.225826],[-97.144423,48.233187],[-97.133735,48.239075],[-97.146744,48.244484],[-97.125108,48.249983],[-97.130614,48.25889],[-97.122954,48.261666],[-97.145112,48.267743],[-97.125348,48.270452],[-97.125469,48.276155],[-97.11657,48.279661],[-97.125348,48.291855],[-97.135546,48.287059],[-97.13809,48.290846],[-97.128296,48.298822],[-97.11919,48.294242],[-97.112231,48.296472],[-97.126176,48.303701],[-97.123826,48.31093],[-97.137984,48.310117],[-97.133777,48.318312],[-97.115581,48.323928],[-97.129206,48.328131],[-97.141715,48.325729],[-97.129571,48.332591],[-97.12592,48.340579],[-97.1396,48.344246],[-97.136373,48.352393],[-97.156276,48.366198],[-97.152456,48.370974],[-97.139286,48.3704],[-97.141351,48.378458],[-97.133377,48.382026],[-97.150587,48.382383],[-97.162103,48.394761]]]}},{"type":"Feature","properties":{"GEOID":"27023","NAME":"Chippewa","state":"MN","wildfire_risk_score":34.669,"wildfire_eal_total":16431.12,"risk_band":"Moderate","source":"FEMA National Risk Index v1.20 (December 2025)"},"geometry":{"type":"Polygon","coordinates":[[[-96.036693,45.152142],[-95.246489,45.152431],[-95.247542,45.021296],[-95.243771,45.018769],[-95.247583,45.019025],[-95.247836,45.012498],[-95.24852,44.89131],[-95.482889,44.890712],[-95.482843,44.752505],[-95.490001,44.751408],[-95.489654,44.764191],[-95.495318,44.769794],[-95.50684,44.772416],[-95.511631,44.765315],[-95.516255,44.771737],[-95.530161,44.771784],[-95.522985,44.775184],[-95.525482,44.783059],[-95.498456,44.786867],[-95.503983,44.794421],[-95.519483,44.801835],[-95.545098,44.803528],[-95.536509,44.815126],[-95.560203,44.823183],[-95.573553,44.840324],[-95.600476,44.843181],[-95.596878,44.849418],[-95.615296,44.850728],[-95.616308,44.863037],[-95.632908,44.877876],[-95.641257,44.874193],[-95.654365,44.88476],[-95.648468,44.887217],[-95.650221,44.891031],[-95.656979,44.88902],[-95.67417,44.897246],[-95.672179,44.904195],[-95.681813,44.909709],[-95.68729,44.90229],[-95.72102,44.907159],[-95.719405,44.920975],[-95.733689,44.934908],[-95.744592,44.938548],[-95.741335,44.939462],[-95.745012,44.944947],[-95.749254,44.940641],[-95.758071,44.946862],[-95.756346,44.941598],[-95.766016,44.941991],[-95.760723,44.942793],[-95.769487,44.947952],[-95.770171,44.943545],[-95.776992,44.942495],[-95.786444,44.948891],[-95.796371,44.947282],[-95.809356,44.952416],[-95.811023,44.961456],[-95.82315,44.965022],[-95.820286,44.96861],[-95.82402,44.969522],[-95.824614,44.986884],[-95.830844,44.989967],[-95.825449,44.991862],[-95.83089,44.990634],[-95.834071,44.99293],[-95.830387,44.994923],[-95.83585,44.995663],[-95.833278,44.998008],[-95.838635,44.996568],[-95.860901,45.00757],[-95.870783,45.025081],[-95.879661,45.023579],[-95.882795,45.033538],[-95.894781,45.036487],[-95.992883,45.110801],[-96.001125,45.112945],[-95.999804,45.119328],[-96.012472,45.123726],[-96.036693,45.152142]]]}},{"type":"Feature","properties":{"GEOID":"27125","NAME":"Red Lake","state":"MN","wildfire_risk_score":48.76,"wildfire_eal_total":70144.9,"risk_band":"Moderate","source":"FEMA National Risk Index v1.20 (December 2025)"},"geometry":{"type":"Polygon","coordinates":[[[-96.48255,47.963595],[-95.70984,47.96433],[-95.709148,47.848594],[-95.836827,47.848219],[-95.837177,47.760894],[-96.351727,47.7603],[-96.352708,47.847328],[-96.482092,47.847428],[-96.48255,47.963595]]]}},{"type":"Feature","properties":{"GEOID":"27031","NAME":"Cook","state":"MN","wildfire_risk_score":79.58,"wildfire_eal_total":342862.87,"risk_band":"High","source":"FEMA National Risk Index v1.20 (December 2025)"},"geometry":{"type":"MultiPolygon","coordinates":[[[[-89.592058,47.966683],[-89.583647,47.972486],[-89.582543,47.97897],[-89.574896,47.980676],[-89.559263,47.979368],[-89.553486,47.973339],[-89.586394,47.958782],[-89.592058,47.966683]]],[[[-89.664644,47.953384],[-89.661743,47.954788],[-89.655105,47.952737],[-89.660115,47.950785],[-89.664644,47.953384]]],[[[-91.0320682870099,48.188527229104],[-91.003353,48.200183],[-90.976955,48.219452],[-90.914971,48.230603],[-90.88548,48.245784],[-90.875107,48.237784],[-90.847352,48.244443],[-90.837772,48.234714],[-90.836313,48.176963],[-90.832589,48.173765],[-90.823642,48.17813],[-90.825726,48.183567],[-90.821115,48.184709],[-90.817698,48.179569],[-90.804207,48.177833],[-90.796596,48.159373],[-90.777917,48.163801],[-90.778031,48.148723],[-90.79797,48.136894],[-90.782108,48.135427],[-90.789919,48.129902],[-90.76911,48.116585],[-90.761625,48.098283],[-90.751608,48.090968],[-90.641596,48.103515],[-90.626886,48.111846],[-90.59146,48.117546],[-90.579897,48.123922],[-90.55929,48.121683],[-90.555845,48.117069],[-90.569763,48.106951],[-90.556838,48.096008],[-90.487077,48.099082],[-90.467712,48.108818],[-90.438449,48.098747],[-90.403219,48.105114],[-90.374542,48.090942],[-90.344234,48.094447],[-90.312386,48.1053],[-90.289337,48.098993],[-90.224692,48.108148],[-90.188679,48.107947],[-90.176605,48.112445],[-90.136191,48.112136],[-90.116259,48.104303],[-90.073873,48.101138],[-90.023595,48.084708],[-90.015057,48.067188],[-90.008446,48.068396],[-89.997852,48.057567],[-89.99305,48.028404],[-89.952052,48.010762],[-89.95059,48.015901],[-89.934489,48.015628],[-89.922571,47.996801],[-89.897414,47.987599],[-89.871245,47.985945],[-89.868153,47.989898],[-89.846244,47.992717],[-89.84485,48.003104],[-89.831825,47.9994],[-89.819802,48.015099],[-89.797744,48.014505],[-89.763967,48.022969],[-89.723164,48.020481],[-89.719655,48.018175],[-89.724044,48.013675],[-89.717102,48.017172],[-89.715906,48.009246],[-89.702528,48.006325],[-89.673798,48.01151],[-89.667128,48.007421],[-89.657051,48.009954],[-89.651065,48.003625],[-89.637995,48.00378],[-89.637173,48.009308],[-89.617867,48.010947],[-89.610351,48.01778],[-89.607821,48.006566],[-89.585859,48.001179],[-89.581007,47.995899],[-89.493977,48.00471],[-89.566382,47.992815],[-89.574659,47.984631],[-89.601029,47.9803],[-89.613894,47.984949],[-89.606089,47.988792],[-89.611651,47.994709],[-89.624529,47.99466],[-89.649591,47.97929],[-89.639545,47.95359],[-89.65757,47.967026],[-89.681371,47.963642],[-89.690527,47.953479],[-89.681934,47.949777],[-89.681847,47.944968],[-89.703208,47.939595],[-89.75988,47.904067],[-89.828857,47.880193],[-89.838158,47.88069],[-89.838767,47.876396],[-89.843046,47.879478],[-89.85396,47.873997],[-89.872074,47.874242],[-89.883556,47.867688],[-89.919051,47.863985],[-89.928009,47.860662],[-89.928972,47.85074],[-89.936679,47.851029],[-89.936775,47.845827],[-89.971357,47.838988],[-89.974487,47.831137],[-90.072025,47.811105],[-90.081677,47.803593],[-90.11757,47.794713],[-90.164797,47.792171],[-90.188261,47.777104],[-90.23189,47.776031],[-90.311682,47.757555],[-90.344676,47.745056],[-90.437712,47.731612],[-90.440185,47.725376],[-90.447808,47.72277],[-90.537105,47.703055],[-90.551291,47.690266],[-90.707582,47.636032],[-90.777003,47.60623],[-91.023124,47.464964],[-91.020737,47.887995],[-91.026516,47.888278],[-91.024628,48.064128],[-91.031627,48.064129],[-91.0320682870099,48.188527229104]]]]}},{"type":"Feature","properties":{"GEOID":"27051","NAME":"Grant","state":"MN","wildfire_risk_score":14.281,"wildfire_eal_total":7994.88,"risk_band":"Low","source":"FEMA National Risk Index v1.20 (December 2025)"},"geometry":{"type":"Polygon","coordinates":[[[-96.26641,45.97807],[-96.265366,46.10861],[-95.76975,46.10745],[-95.76956,45.93368],[-95.758701,45.933692],[-95.758508,45.759932],[-96.254022,45.75982],[-96.253675,45.934648],[-96.26616,45.93471],[-96.26641,45.97807]]]}},{"type":"Feature","properties":{"GEOID":"27103","NAME":"Nicollet","state":"MN","wildfire_risk_score":17.335,"wildfire_eal_total":7738.09,"risk_band":"Low","source":"FEMA National Risk Index v1.20 (December 2025)"},"geometry":{"type":"Polygon","coordinates":[[[-94.786052,44.45324],[-94.78063,44.45665],[-93.934852,44.456661],[-93.936508,44.454095],[-93.929433,44.452749],[-93.933356,44.451449],[-93.928995,44.442871],[-93.939237,44.413858],[-93.954062,44.409642],[-93.94894,44.400371],[-93.950857,44.392812],[-93.96569,44.390892],[-93.956724,44.390689],[-93.952239,44.385704],[-93.963256,44.383222],[-93.955138,44.375674],[-93.962375,44.369966],[-93.960626,44.363276],[-93.952693,44.365577],[-93.956432,44.361847],[-93.953958,44.357008],[-93.939377,44.352664],[-93.932685,44.344885],[-93.937334,44.338981],[-93.945193,44.338988],[-93.94362,44.331266],[-93.950823,44.328758],[-93.95077,44.320379],[-93.959783,44.307299],[-93.991132,44.295466],[-93.998135,44.278806],[-94.010956,44.276755],[-94.012597,44.272828],[-94.008409,44.270673],[-94.025073,44.258227],[-94.016132,44.25738],[-94.008575,44.249963],[-94.021338,44.242533],[-94.011868,44.23952],[-94.018376,44.235293],[-94.014445,44.218485],[-94.0257,44.220981],[-94.025736,44.212543],[-94.014519,44.204742],[-94.021666,44.199208],[-94.013611,44.20039],[-94.010817,44.19661],[-94.011001,44.19203],[-94.019714,44.18954],[-94.019702,44.183621],[-94.006355,44.184163],[-94.00338,44.16926],[-94.030934,44.165914],[-94.042865,44.162393],[-94.046876,44.154301],[-94.055349,44.154018],[-94.061445,44.162655],[-94.073812,44.158515],[-94.104202,44.169739],[-94.099518,44.175301],[-94.102841,44.173258],[-94.113726,44.173367],[-94.114252,44.176351],[-94.109017,44.174],[-94.111205,44.179501],[-94.125218,44.1799],[-94.125105,44.184282],[-94.143234,44.194047],[-94.151979,44.191785],[-94.19884,44.202644],[-94.214548,44.201268],[-94.223332,44.206861],[-94.218971,44.21359],[-94.224141,44.216786],[-94.224465,44.211716],[-94.238713,44.209708],[-94.251354,44.214734],[-94.248069,44.220083],[-94.268031,44.22465],[-94.269486,44.230992],[-94.272356,44.224161],[-94.280106,44.227137],[-94.279009,44.232791],[-94.286296,44.227878],[-94.290883,44.239537],[-94.297235,44.233725],[-94.300025,44.242634],[-94.308402,44.242355],[-94.311906,44.247116],[-94.311766,44.242778],[-94.31974,44.243401],[-94.320328,44.25101],[-94.322461,44.247071],[-94.337158,44.256797],[-94.342755,44.252359],[-94.342365,44.25777],[-94.35576,44.261597],[-94.35994,44.256943],[-94.360453,44.262028],[-94.374317,44.266224],[-94.380988,44.261427],[-94.384749,44.266489],[-94.412106,44.273582],[-94.414017,44.286659],[-94.432079,44.293192],[-94.424732,44.299034],[-94.431566,44.296035],[-94.441159,44.305728],[-94.431607,44.310875],[-94.441652,44.308419],[-94.451833,44.31656],[-94.451666,44.333306],[-94.461354,44.332424],[-94.483232,44.345519],[-94.49594,44.361708],[-94.500016,44.359618],[-94.496413,44.354095],[-94.502003,44.352547],[-94.502273,44.357554],[-94.50922,44.355152],[-94.520257,44.359956],[-94.518657,44.370354],[-94.522958,44.365391],[-94.547027,44.364717],[-94.555658,44.375907],[-94.558108,44.371478],[-94.565475,44.376763],[-94.576945,44.371699],[-94.583249,44.378298],[-94.587235,44.37384],[-94.592505,44.376733],[-94.596118,44.385118],[-94.623665,44.382359],[-94.627686,44.391264],[-94.640881,44.390086],[-94.63771,44.395527],[-94.64139,44.397042],[-94.654239,44.393026],[-94.654885,44.400625],[-94.666062,44.394048],[-94.677098,44.396834],[-94.669876,44.402819],[-94.674771,44.407535],[-94.681633,44.409009],[-94.6929,44.402191],[-94.69699,44.406809],[-94.685165,44.409974],[-94.688704,44.417325],[-94.696466,44.416422],[-94.693453,44.411629],[-94.701323,44.412193],[-94.695043,44.428258],[-94.70702,44.434323],[-94.726233,44.433771],[-94.730815,44.441222],[-94.748352,44.449642],[-94.765669,44.442752],[-94.786052,44.45324]]]}},{"type":"Feature","properties":{"GEOID":"27013","NAME":"Blue Earth","state":"MN","wildfire_risk_score":31.838,"wildfire_eal_total":17151.87,"risk_band":"Moderate","source":"FEMA National Risk Index v1.20 (December 2025)"},"geometry":{"type":"Polygon","coordinates":[[[-94.371731,44.264448],[-94.360453,44.262028],[-94.35994,44.256943],[-94.35576,44.261597],[-94.342365,44.25777],[-94.342755,44.252359],[-94.337158,44.256797],[-94.322461,44.247071],[-94.320328,44.25101],[-94.31974,44.243401],[-94.311766,44.242778],[-94.30958,44.246709],[-94.308402,44.242355],[-94.300025,44.242634],[-94.297235,44.233725],[-94.290883,44.239537],[-94.284177,44.227163],[-94.279009,44.232791],[-94.280106,44.227137],[-94.272356,44.224161],[-94.269486,44.230992],[-94.268031,44.22465],[-94.248069,44.220083],[-94.251354,44.214734],[-94.238713,44.209708],[-94.224465,44.211716],[-94.224141,44.216786],[-94.218971,44.21359],[-94.223332,44.206861],[-94.214548,44.201268],[-94.19884,44.202644],[-94.151979,44.191785],[-94.143234,44.194047],[-94.125105,44.184282],[-94.125218,44.1799],[-94.111205,44.179501],[-94.109017,44.174],[-94.114252,44.176351],[-94.113726,44.173367],[-94.102841,44.173258],[-94.099518,44.175301],[-94.104202,44.169739],[-94.073812,44.158515],[-94.061445,44.162655],[-94.055349,44.154018],[-94.046876,44.154301],[-94.042865,44.162393],[-94.030934,44.165914],[-94.00338,44.16926],[-94.006355,44.184163],[-94.019702,44.183621],[-94.019714,44.18954],[-94.011001,44.19203],[-94.010817,44.19661],[-94.013611,44.20039],[-94.021666,44.199208],[-94.014519,44.204742],[-94.025736,44.212543],[-94.02325,44.222238],[-94.014955,44.216701],[-94.018376,44.235293],[-94.011868,44.23952],[-93.768031,44.239384],[-93.767761,43.847956],[-94.368974,43.848047],[-94.371731,44.264448]]]}},{"type":"Feature","properties":{"GEOID":"27077","NAME":"Lake of the Woods","state":"MN","wildfire_risk_score":55.439,"wildfire_eal_total":121105.96,"risk_band":"Moderate","source":"FEMA National Risk Index v1.20 (December 2025)"},"geometry":{"type":"Polygon","coordinates":[[[-95.34273,48.713028],[-95.089863,48.713062],[-95.091464,48.920618],[-95.116365,48.903639],[-95.148381,48.892264],[-95.226495,48.881681],[-95.254859,48.884474],[-95.30104,48.904216],[-95.296403,48.90827],[-95.310892,48.918274],[-95.322767,48.935435],[-95.321386,48.941983],[-95.304954,48.948348],[-95.317731,48.952444],[-95.326952,48.976927],[-95.319888721057,48.9987694568791],[-95.153711,48.998903],[-95.153314,49.384358],[-95.126467,49.369439],[-95.058404,49.35317],[-95.014415,49.356405],[-94.988908,49.368897],[-94.957465,49.370186],[-94.854245,49.324154],[-94.816222,49.320987],[-94.824291,49.308834],[-94.825555,49.294389],[-94.797244,49.214284],[-94.798083,49.197871],[-94.773223,49.120733],[-94.750278,49.099273],[-94.684347,48.883958],[-94.684217,48.872399],[-94.692527,48.86895],[-94.693044,48.853392],[-94.685681,48.840119],[-94.701968,48.831778],[-94.704284,48.824284],[-94.694974,48.809206],[-94.694347,48.782184],[-94.651973,48.755858],[-94.641242,48.741253],[-94.61901,48.737374],[-94.589591,48.717885],[-94.549069,48.714653],[-94.533323,48.701232],[-94.452332,48.692444],[-94.4302935048838,48.7009565694165],[-94.428704,48.367441],[-95.210953,48.365971],[-95.211965,48.539938],[-95.34254,48.540211],[-95.34273,48.713028]]]}},{"type":"Feature","properties":{"GEOID":"27149","NAME":"Stevens","state":"MN","wildfire_risk_score":20.579,"wildfire_eal_total":13329.71,"risk_band":"Low","source":"FEMA National Risk Index v1.20 (December 2025)"},"geometry":{"type":"Polygon","coordinates":[[[-96.254057,45.687225],[-96.254022,45.75982],[-95.758508,45.759932],[-95.758603,45.585412],[-95.747753,45.585435],[-95.747402,45.412313],[-96.241328,45.412667],[-96.241431,45.58561],[-96.253026,45.585526],[-96.254057,45.687225]]]}},{"type":"Feature","properties":{"GEOID":"27027","NAME":"Clay","state":"MN","wildfire_risk_score":65.967,"wildfire_eal_total":164536.16,"risk_band":"High","source":"FEMA National Risk Index v1.20 (December 2025)"},"geometry":{"type":"Polygon","coordinates":[[[-96.8397821177233,47.1504764508917],[-96.194671,47.151149],[-96.193571,46.977371],[-96.174108,46.977375],[-96.177027,46.804851],[-96.172405,46.630649],[-96.797941,46.629113],[-96.785878,46.640249],[-96.79895,46.654112],[-96.796029,46.665661],[-96.801344,46.668514],[-96.792268,46.671771],[-96.79925,46.678248],[-96.787497,46.677811],[-96.794401,46.683502],[-96.784339,46.685054],[-96.790325,46.690324],[-96.786095,46.691463],[-96.787578,46.700927],[-96.784415,46.700853],[-96.791204,46.703747],[-96.783827,46.705977],[-96.789188,46.709946],[-96.782121,46.716499],[-96.791066,46.717798],[-96.779252,46.727429],[-96.784075,46.730061],[-96.780768,46.733807],[-96.780987,46.742013],[-96.78608,46.744208],[-96.781896,46.744417],[-96.786551,46.748438],[-96.784329,46.754985],[-96.789389,46.757501],[-96.77785,46.761588],[-96.789519,46.766024],[-96.775686,46.766043],[-96.788419,46.770342],[-96.790077,46.774448],[-96.784294,46.774312],[-96.783793,46.778247],[-96.796722,46.777464],[-96.787568,46.786177],[-96.796195,46.789881],[-96.794928,46.795776],[-96.801914,46.796965],[-96.796098,46.803303],[-96.803144,46.805099],[-96.795756,46.807795],[-96.802544,46.811521],[-96.791559,46.827864],[-96.780271,46.825763],[-96.793925,46.833051],[-96.78515,46.833058],[-96.782759,46.837063],[-96.787159,46.841063],[-96.775359,46.838863],[-96.781659,46.845663],[-96.773534,46.851688],[-96.785459,46.854863],[-96.776058,46.854463],[-96.783959,46.861663],[-96.782022,46.87078],[-96.776208,46.87386],[-96.781358,46.879363],[-96.768458,46.879563],[-96.768058,46.884763],[-96.774693,46.888888],[-96.770158,46.893663],[-96.776558,46.895663],[-96.770458,46.906763],[-96.765657,46.905063],[-96.762494,46.918053],[-96.75343,46.914665],[-96.763257,46.923363],[-96.753257,46.924563],[-96.765257,46.927563],[-96.756857,46.928463],[-96.763257,46.935063],[-96.783757,46.924663],[-96.785956,46.930163],[-96.791758,46.928465],[-96.792656,46.946764],[-96.804662,46.947468],[-96.798593,46.951214],[-96.803494,46.958428],[-96.794993,46.965433],[-96.800683,46.968323],[-96.801981,46.964128],[-96.806524,46.967636],[-96.809814,46.9639],[-96.821852,46.969372],[-96.819894,46.977357],[-96.826156,46.987485],[-96.822536,46.990142],[-96.82447,46.996173],[-96.819366,46.997725],[-96.821344,47.003645],[-96.839548,47.006728],[-96.833504,47.01011],[-96.834742,47.017012],[-96.829499,47.021537],[-96.81529,47.023871],[-96.827327,47.031272],[-96.812726,47.038271],[-96.821488,47.035802],[-96.818596,47.047554],[-96.827459,47.045561],[-96.817571,47.0516],[-96.824727,47.055314],[-96.822238,47.05954],[-96.830386,47.060823],[-96.819876,47.062347],[-96.824097,47.070666],[-96.820971,47.074214],[-96.829276,47.07462],[-96.815712,47.079877],[-96.820386,47.083041],[-96.815973,47.088466],[-96.826292,47.088663],[-96.817251,47.092088],[-96.821073,47.099962],[-96.816823,47.10912],[-96.822694,47.109622],[-96.823301,47.117499],[-96.837564,47.12198],[-96.82544,47.123354],[-96.819972,47.130934],[-96.83075,47.12968],[-96.82633,47.134941],[-96.834563,47.144095],[-96.828648,47.146419],[-96.8397821177233,47.1504764508917]]]}},{"type":"Feature","properties":{"GEOID":"27043","NAME":"Faribault","state":"MN","wildfire_risk_score":9.574,"wildfire_eal_total":2694.99,"risk_band":"Low","source":"FEMA National Risk Index v1.20 (December 2025)"},"geometry":{"type":"Polygon","coordinates":[[[-94.247916,43.558005],[-94.247123,43.847946],[-93.648013,43.847606],[-93.6485330076244,43.4996638694705],[-94.2479680112445,43.5001137847652],[-94.247916,43.558005]]]}},{"type":"Feature","properties":{"GEOID":"27021","NAME":"Cass","state":"MN","wildfire_risk_score":63.2,"wildfire_eal_total":82912.13,"risk_band":"High","source":"FEMA National Risk Index v1.20 (December 2025)"},"geometry":{"type":"Polygon","coordinates":[[[-94.787126,46.803943],[-94.659942,46.803716],[-94.663574,47.322722],[-94.671456,47.322781],[-94.670214,47.410151],[-94.416387,47.411829],[-94.414039,47.445504],[-94.403767,47.439226],[-94.410157,47.435317],[-94.398765,47.433484],[-94.395963,47.427831],[-94.377944,47.431952],[-94.373216,47.427069],[-94.324631,47.415449],[-94.117999,47.480744],[-94.095115,47.477972],[-94.079909,47.468477],[-94.058696,47.43494],[-94.028188,47.409417],[-94.041889,47.401574],[-94.039153,47.385424],[-94.043362,47.376034],[-94.035592,47.360497],[-94.025589,47.357599],[-94.025981,47.351388],[-94.00438,47.348896],[-93.987398,47.337278],[-93.973717,47.337786],[-93.972423,47.330222],[-93.954918,47.323489],[-93.953684,47.317436],[-93.943695,47.317376],[-93.943181,47.310917],[-93.942315,47.314827],[-93.93925,47.310416],[-93.942099,47.308852],[-93.933041,47.304505],[-93.923549,47.307566],[-93.922141,47.301537],[-93.914472,47.304053],[-93.911711,47.297616],[-93.89341,47.306859],[-93.889946,47.326185],[-93.883133,47.317295],[-93.876386,47.316712],[-93.875595,47.320532],[-93.873089,47.315863],[-93.862346,47.314693],[-93.868441,47.320595],[-93.861042,47.319363],[-93.861013,47.322552],[-93.853723,47.318577],[-93.854467,47.313962],[-93.845079,47.316838],[-93.847651,47.310086],[-93.843237,47.306788],[-93.832397,47.30803],[-93.826051,47.303824],[-93.825476,47.309845],[-93.821135,47.300456],[-93.817582,47.305792],[-93.809008,47.30011],[-93.814518,47.308215],[-93.807704,47.304451],[-93.791215,47.308809],[-93.77401,47.30506],[-93.774337,47.297851],[-93.786475,47.299434],[-93.789081,47.290578],[-93.783549,47.29102],[-93.776074,47.277986],[-93.784073,47.275514],[-93.782985,47.265741],[-93.790817,47.266506],[-93.782812,47.260812],[-93.796769,47.259447],[-93.804574,47.251338],[-93.804481,47.243124],[-93.812119,47.242424],[-93.806673,47.237243],[-93.80882,47.232622],[-93.802401,47.23279],[-93.800299,47.220853],[-93.785479,47.215396],[-93.782834,47.209223],[-93.77393,47.211335],[-93.776024,46.802891],[-94.34291,46.805529],[-94.345389,46.63145],[-94.330944,46.631147],[-94.327286,46.289817],[-94.332523,46.279566],[-94.339351,46.284649],[-94.341679,46.277705],[-94.34986,46.278367],[-94.343673,46.286628],[-94.350529,46.295407],[-94.360673,46.300008],[-94.373125,46.297881],[-94.38192,46.309457],[-94.390147,46.303494],[-94.389232,46.312446],[-94.426529,46.332336],[-94.453527,46.327995],[-94.459253,46.331459],[-94.467386,46.322569],[-94.481072,46.321473],[-94.487726,46.314268],[-94.507885,46.312863],[-94.534724,46.302797],[-94.556183,46.307136],[-94.604213,46.330051],[-94.614168,46.324549],[-94.622852,46.326665],[-94.637279,46.341423],[-94.658485,46.35212],[-94.663509,46.350236],[-94.669385,46.360755],[-94.676136,46.350662],[-94.721382,46.35154],[-94.731672,46.36418],[-94.728231,46.381241],[-94.73196,46.383999],[-94.741111,46.379995],[-94.746153,46.384669],[-94.751798,46.379053],[-94.755042,46.384523],[-94.760012,46.383122],[-94.764885,46.395713],[-94.779121,46.394215],[-94.780531,46.629746],[-94.785899,46.630199],[-94.787126,46.803943]]]}},{"type":"Feature","properties":{"GEOID":"27173","NAME":"Yellow Medicine","state":"MN","wildfire_risk_score":25.509,"wildfire_eal_total":11839.0,"risk_band":"Moderate","source":"FEMA National Risk Index v1.20 (December 2025)"},"geometry":{"type":"Polygon","coordinates":[[[-96.451829,44.797691],[-96.4515595397173,44.8055694812453],[-95.849009,44.805347],[-95.847452,44.891799],[-95.737309,44.891479],[-95.737018,44.936166],[-95.719405,44.920975],[-95.72102,44.907159],[-95.68729,44.90229],[-95.680164,44.907273],[-95.6836,44.909676],[-95.679065,44.908595],[-95.671176,44.902144],[-95.67417,44.897246],[-95.656979,44.88902],[-95.650221,44.891031],[-95.648468,44.887217],[-95.654365,44.88476],[-95.641257,44.874193],[-95.632908,44.877876],[-95.620936,44.867489],[-95.614643,44.859634],[-95.615296,44.850728],[-95.596878,44.849418],[-95.600476,44.843181],[-95.573553,44.840324],[-95.560203,44.823183],[-95.536509,44.815126],[-95.545098,44.803528],[-95.519483,44.801835],[-95.497566,44.788828],[-95.525482,44.783059],[-95.522494,44.776585],[-95.5306,44.774538],[-95.528772,44.770633],[-95.516255,44.771737],[-95.511631,44.765315],[-95.50684,44.772416],[-95.495318,44.769794],[-95.489654,44.764191],[-95.490001,44.751408],[-95.477221,44.756133],[-95.458094,44.740863],[-95.441107,44.743516],[-95.427772,44.739304],[-95.422177,44.732],[-95.416765,44.73464],[-95.39715,44.723838],[-95.401355,44.71904],[-95.398461,44.714044],[-95.379575,44.711099],[-95.382128,44.705664],[-95.360177,44.69854],[-95.3604,44.541762],[-95.604336,44.542547],[-95.604001,44.629945],[-96.4517605285233,44.6313495894722],[-96.451829,44.797691]]]}},{"type":"Feature","properties":{"GEOID":"27035","NAME":"Crow Wing","state":"MN","wildfire_risk_score":76.145,"wildfire_eal_total":302545.55,"risk_band":"High","source":"FEMA National Risk Index v1.20 (December 2025)"},"geometry":{"type":"Polygon","coordinates":[[[-94.394897,46.217265],[-94.388922,46.238166],[-94.372702,46.242954],[-94.355302,46.255095],[-94.354783,46.264214],[-94.338164,46.272912],[-94.34083,46.283296],[-94.332523,46.279566],[-94.327286,46.289817],[-94.330944,46.631147],[-94.345389,46.63145],[-94.34291,46.805529],[-93.776024,46.802891],[-93.777905,46.589671],[-93.811464,46.584238],[-93.810796,46.253265],[-93.808453,46.248825],[-93.798154,46.248289],[-93.796281,46.243199],[-93.810912,46.243128],[-93.810362,46.156585],[-94.374592,46.157093],[-94.371644,46.173991],[-94.365559,46.178871],[-94.386141,46.197723],[-94.394831,46.209394],[-94.394897,46.217265]]]}},{"type":"Feature","properties":{"GEOID":"27047","NAME":"Freeborn","state":"MN","wildfire_risk_score":24.364,"wildfire_eal_total":10434.04,"risk_band":"Moderate","source":"FEMA National Risk Index v1.20 (December 2025)"},"geometry":{"type":"Polygon","coordinates":[[[-93.648441,43.572036],[-93.64829,43.848139],[-93.049524,43.848443],[-93.0491929755406,43.4997073652257],[-93.6485330076244,43.4996638694705],[-93.648441,43.572036]]]}},{"type":"Feature","properties":{"GEOID":"27133","NAME":"Rock","state":"MN","wildfire_risk_score":7.538,"wildfire_eal_total":3452.45,"risk_band":"Low","source":"FEMA National Risk Index v1.20 (December 2025)"},"geometry":{"type":"Polygon","coordinates":[[[-96.453408,43.675008],[-96.4532636118807,43.8495059094739],[-96.05232,43.84907],[-96.0531620262215,43.5001093609462],[-96.45326,43.50039],[-96.453408,43.675008]]]}},{"type":"Feature","properties":{"GEOID":"27011","NAME":"Big Stone","state":"MN","wildfire_risk_score":32.029,"wildfire_eal_total":16433.05,"risk_band":"Moderate","source":"FEMA National Risk Index v1.20 (December 2025)"},"geometry":{"type":"Polygon","coordinates":[[[-96.830633,45.586224],[-96.241431,45.58561],[-96.241328,45.412667],[-96.117063,45.411992],[-96.117729,45.239783],[-96.10371,45.239766],[-96.103829,45.176742],[-96.107596,45.18319],[-96.132102,45.191918],[-96.173033,45.192862],[-96.20736,45.207138],[-96.223872,45.220756],[-96.242796,45.217778],[-96.258197,45.223536],[-96.27455,45.22266],[-96.280273,45.235921],[-96.288367,45.23745],[-96.283393,45.246911],[-96.292438,45.249327],[-96.313405,45.247447],[-96.312422,45.251808],[-96.327722,45.25013],[-96.337862,45.255962],[-96.37433,45.260748],[-96.406964,45.25652],[-96.419088,45.267778],[-96.452947585722,45.2689249938184],[-96.454094,45.301546],[-96.489065,45.357071],[-96.521787,45.375645],[-96.562142,45.38609],[-96.617726,45.408092],[-96.680454,45.410499],[-96.692541,45.417338],[-96.732739,45.458737],[-96.76528,45.521414],[-96.835451,45.586129],[-96.830633,45.586224]]]}},{"type":"Feature","properties":{"GEOID":"27017","NAME":"Carlton","state":"MN","wildfire_risk_score":40.999,"wildfire_eal_total":31305.94,"risk_band":"Moderate","source":"FEMA National Risk Index v1.20 (December 2025)"},"geometry":{"type":"Polygon","coordinates":[[[-93.064696,46.680088],[-93.061529,46.76655],[-92.659172,46.769061],[-92.301676,46.764134],[-92.301325,46.666899],[-92.292192,46.66393],[-92.29286,46.41722],[-93.054847,46.419269],[-93.054765,46.593239],[-93.062678,46.59331],[-93.064696,46.680088]]]}},{"type":"Feature","properties":{"GEOID":"27147","NAME":"Steele","state":"MN","wildfire_risk_score":10.464,"wildfire_eal_total":6097.43,"risk_band":"Low","source":"FEMA National Risk Index v1.20 (December 2025)"},"geometry":{"type":"Polygon","coordinates":[[[-93.406553,43.93515],[-93.406565,44.196377],[-93.045946,44.196716],[-93.045966,43.848467],[-93.406642,43.84812],[-93.406553,43.93515]]]}},{"type":"Feature","properties":{"GEOID":"27003","NAME":"Anoka","state":"MN","wildfire_risk_score":81.648,"wildfire_eal_total":850598.54,"risk_band":"High","source":"FEMA National Risk Index v1.20 (December 2025)"},"geometry":{"type":"Polygon","coordinates":[[[-93.512511,45.251791],[-93.51007,45.414798],[-93.019563,45.41177],[-93.020518,45.123866],[-93.227696,45.124533],[-93.226929,45.035671],[-93.283426,45.035365],[-93.280826,45.043565],[-93.285226,45.058465],[-93.278366,45.103037],[-93.29507,45.115326],[-93.297128,45.126965],[-93.311544,45.143778],[-93.346229,45.160165],[-93.35883,45.174965],[-93.37543,45.178664],[-93.412032,45.198164],[-93.427732,45.215565],[-93.44405,45.216632],[-93.466526,45.225482],[-93.485469,45.225678],[-93.501598,45.241594],[-93.51219,45.245683],[-93.512511,45.251791]]]}},{"type":"Feature","properties":{"GEOID":"27143","NAME":"Sibley","state":"MN","wildfire_risk_score":13.804,"wildfire_eal_total":7820.09,"risk_band":"Low","source":"FEMA National Risk Index v1.20 (December 2025)"},"geometry":{"type":"Polygon","coordinates":[[[-94.629489,44.716663],[-94.498074,44.717171],[-94.497835,44.629921],[-94.254719,44.630311],[-94.254076,44.717855],[-93.888636,44.717044],[-93.888831,44.673409],[-93.768176,44.67352],[-93.768039,44.640384],[-93.772507,44.638829],[-93.763662,44.634146],[-93.772456,44.630288],[-93.77415,44.637826],[-93.790874,44.628589],[-93.799011,44.63491],[-93.814666,44.633316],[-93.836536,44.618479],[-93.844443,44.625663],[-93.841249,44.618565],[-93.858449,44.620754],[-93.854055,44.617139],[-93.861318,44.605418],[-93.868921,44.602443],[-93.877898,44.605722],[-93.876235,44.601381],[-93.882308,44.600343],[-93.882384,44.596215],[-93.891461,44.595979],[-93.902828,44.587065],[-93.892714,44.584985],[-93.895125,44.574542],[-93.901366,44.570886],[-93.891066,44.566591],[-93.900298,44.555413],[-93.891097,44.548875],[-93.898617,44.54469],[-93.900374,44.552018],[-93.906737,44.551088],[-93.912222,44.538055],[-93.9028,44.538171],[-93.901043,44.529463],[-93.888217,44.526512],[-93.88731,44.504431],[-93.895658,44.501865],[-93.891643,44.494392],[-93.90308,44.484867],[-93.908141,44.47176],[-93.923397,44.473063],[-93.927809,44.468024],[-93.917352,44.461989],[-93.931457,44.45736],[-94.6242,44.45603],[-94.624343,44.542314],[-94.629285,44.542332],[-94.629489,44.716663]]]}},{"type":"Feature","properties":{"GEOID":"27041","NAME":"Douglas","state":"MN","wildfire_risk_score":50.286,"wildfire_eal_total":56320.6,"risk_band":"Moderate","source":"FEMA National Risk Index v1.20 (December 2025)"},"geometry":{"type":"Polygon","coordinates":[[[-95.76974,46.05763],[-95.76975,46.10745],[-95.14588,46.106761],[-95.146255,45.9328],[-95.138832,45.932693],[-95.138632,45.925691],[-95.13967,45.758891],[-95.758508,45.759932],[-95.758701,45.933692],[-95.76956,45.93368],[-95.76974,46.05763]]]}},{"type":"Feature","properties":{"GEOID":"27059","NAME":"Isanti","state":"MN","wildfire_risk_score":65.013,"wildfire_eal_total":206073.79,"risk_band":"High","source":"FEMA National Risk Index v1.20 (December 2025)"},"geometry":{"type":"Polygon","coordinates":[[[-93.513683,45.734318],[-93.141793,45.730657],[-93.141974,45.558109],[-93.021963,45.557445],[-93.019563,45.41177],[-93.51007,45.414798],[-93.513683,45.734318]]]}},{"type":"Feature","properties":{"GEOID":"27093","NAME":"Meeker","state":"MN","wildfire_risk_score":25.954,"wildfire_eal_total":15014.95,"risk_band":"Moderate","source":"FEMA National Risk Index v1.20 (December 2025)"},"geometry":{"type":"Polygon","coordinates":[[[-94.763456,45.246187],[-94.76308,45.3261],[-94.383613,45.326635],[-94.383449,45.282797],[-94.261131,45.283941],[-94.25597,45.211299],[-94.256074,44.979465],[-94.501885,44.979784],[-94.502395,44.892295],[-94.758081,44.892097],[-94.757542,45.239098],[-94.76351,45.239089],[-94.763456,45.246187]]]}},{"type":"Feature","properties":{"GEOID":"27083","NAME":"Lyon","state":"MN","wildfire_risk_score":17.303,"wildfire_eal_total":9308.03,"risk_band":"Low","source":"FEMA National Risk Index v1.20 (December 2025)"},"geometry":{"type":"Polygon","coordinates":[[[-96.09342,44.60445],[-96.09295,44.630486],[-95.604001,44.629945],[-95.604336,44.542547],[-95.594817,44.542305],[-95.59357,44.19553],[-96.07858,44.19662],[-96.080303,44.543398],[-96.0932,44.54374],[-96.09342,44.60445]]]}},{"type":"Feature","properties":{"GEOID":"27117","NAME":"Pipestone","state":"MN","wildfire_risk_score":19.084,"wildfire_eal_total":9214.74,"risk_band":"Low","source":"FEMA National Risk Index v1.20 (December 2025)"},"geometry":{"type":"Polygon","coordinates":[[[-96.453405,44.025413],[-96.4527742996177,44.196779980888],[-96.063778,44.196425],[-96.06462,43.849039],[-96.4532636118807,43.8495059094739],[-96.453405,44.025413]]]}},{"type":"Feature","properties":{"GEOID":"27033","NAME":"Cottonwood","state":"MN","wildfire_risk_score":32.57,"wildfire_eal_total":16029.01,"risk_band":"Moderate","source":"FEMA National Risk Index v1.20 (December 2025)"},"geometry":{"type":"Polygon","coordinates":[[[-95.462886,43.916925],[-95.462547,44.195942],[-95.100998,44.194938],[-95.100221,44.108034],[-94.859803,44.108016],[-94.859388,43.848093],[-95.462427,43.847911],[-95.462886,43.916925]]]}},{"type":"Feature","properties":{"GEOID":"27001","NAME":"Aitkin","state":"MN","wildfire_risk_score":57.602,"wildfire_eal_total":59158.8,"risk_band":"Moderate","source":"FEMA National Risk Index v1.20 (December 2025)"},"geometry":{"type":"Polygon","coordinates":[[[-93.812168,46.504353],[-93.811464,46.584238],[-93.777905,46.589671],[-93.775257,47.030418],[-93.056761,47.026406],[-93.064843,46.676443],[-93.062678,46.59331],[-93.054765,46.593239],[-93.053984,46.158256],[-93.282889,46.15942],[-93.431835,46.153881],[-93.430648,46.246412],[-93.796281,46.243199],[-93.798154,46.248289],[-93.808453,46.248825],[-93.810796,46.253265],[-93.812168,46.504353]]]}},{"type":"Feature","properties":{"GEOID":"27063","NAME":"Jackson","state":"MN","wildfire_risk_score":32.379,"wildfire_eal_total":20734.9,"risk_band":"Moderate","source":"FEMA National Risk Index v1.20 (December 2025)"},"geometry":{"type":"Polygon","coordinates":[[[-95.454551,43.54642],[-95.452502,43.847953],[-94.854444,43.848099],[-94.8545550412929,43.5009548547528],[-95.4544332810506,43.5004589190547],[-95.454551,43.54642]]]}},{"type":"Feature","properties":{"GEOID":"27169","NAME":"Winona","state":"MN","wildfire_risk_score":16.826,"wildfire_eal_total":6403.96,"risk_band":"Low","source":"FEMA National Risk Index v1.20 (December 2025)"},"geometry":{"type":"Polygon","coordinates":[[[-92.079498,44.106721],[-92.079142,44.192984],[-91.8583928235934,44.1930030792415],[-91.829167,44.17835],[-91.808064,44.159262],[-91.751747,44.134786],[-91.719097,44.128853],[-91.710597,44.12048],[-91.707491,44.103906],[-91.68153,44.0974],[-91.647873,44.064109],[-91.610487,44.04931],[-91.59207,44.031372],[-91.507121,44.01898],[-91.48087,44.008145],[-91.463515,44.009041],[-91.43738,43.999962],[-91.407395,43.965148],[-91.385785,43.954239],[-91.366642,43.937463],[-91.357426,43.917231],[-91.347741,43.911964],[-91.338141,43.897664],[-91.320605,43.888491],[-91.310991,43.867381],[-91.284138,43.847065],[-92.079141,43.847126],[-92.079498,44.106721]]]}},{"type":"Feature","properties":{"GEOID":"27155","NAME":"Traverse","state":"MN","wildfire_risk_score":15.872,"wildfire_eal_total":5629.93,"risk_band":"Low","source":"FEMA National Risk Index v1.20 (December 2025)"},"geometry":{"type":"Polygon","coordinates":[[[-96.857751,45.605962],[-96.844211,45.639583],[-96.835769,45.649648],[-96.760866,45.687518],[-96.745086,45.701576],[-96.662595,45.738682],[-96.641941,45.759871],[-96.627778,45.786239],[-96.583085,45.820024],[-96.574517,45.843098],[-96.574667,45.866816],[-96.56442,45.909415],[-96.570186,45.912039],[-96.564002,45.91956],[-96.561334,45.945655],[-96.57035,45.963595],[-96.5765693887837,46.0218456562824],[-96.26614,46.02161],[-96.26616,45.93471],[-96.253675,45.934648],[-96.253026,45.585526],[-96.835451,45.586129],[-96.857751,45.605962]]]}},{"type":"Feature","properties":{"GEOID":"27099","NAME":"Mower","state":"MN","wildfire_risk_score":18.83,"wildfire_eal_total":7030.32,"risk_band":"Low","source":"FEMA National Risk Index v1.20 (December 2025)"},"geometry":{"type":"Polygon","coordinates":[[[-93.049524,43.848443],[-92.689391,43.84857],[-92.689283,43.833847],[-92.448965,43.834105],[-92.44894780657,43.500394163744],[-93.0491929755406,43.4997073652257],[-93.049524,43.848443]]]}},{"type":"Feature","properties":{"GEOID":"27025","NAME":"Chisago","state":"MN","wildfire_risk_score":65.458,"wildfire_eal_total":198976.82,"risk_band":"High","source":"FEMA National Risk Index v1.20 (December 2025)"},"geometry":{"type":"Polygon","coordinates":[[[-93.14197,45.5653],[-93.141793,45.730657],[-92.85266,45.73009],[-92.848851,45.728751],[-92.850933,45.723831],[-92.869193,45.717568],[-92.870145,45.696757],[-92.887067,45.644148],[-92.883749,45.575483],[-92.871082,45.567581],[-92.823309,45.560934],[-92.773412,45.568235],[-92.726082,45.541112],[-92.726677,45.514462],[-92.702224,45.493046],[-92.680234,45.464344],[-92.652698,45.454527],[-92.646602,45.441635],[-92.650422,45.398507],[-92.664102,45.393309],[-92.679193,45.37271],[-92.70272,45.358472],[-92.698967,45.336374],[-92.704794,45.326526],[-92.7455746560589,45.2958435794944],[-93.01944,45.296929],[-93.021963,45.557445],[-93.141974,45.558109],[-93.14197,45.5653]]]}},{"type":"Feature","properties":{"GEOID":"27091","NAME":"Martin","state":"MN","wildfire_risk_score":17.971,"wildfire_eal_total":5822.64,"risk_band":"Low","source":"FEMA National Risk Index v1.20 (December 2025)"},"geometry":{"type":"Polygon","coordinates":[[[-94.854646,43.616984],[-94.854444,43.848099],[-94.247123,43.847946],[-94.2479680112445,43.5001137847652],[-94.8545550412929,43.5009548547528],[-94.854646,43.616984]]]}},{"type":"Feature","properties":{"GEOID":"27157","NAME":"Wabasha","state":"MN","wildfire_risk_score":13.518,"wildfire_eal_total":5504.67,"risk_band":"Low","source":"FEMA National Risk Index v1.20 (December 2025)"},"geometry":{"type":"Polygon","coordinates":[[[-92.550969,44.281536],[-92.550733,44.368521],[-92.430629,44.368291],[-92.430277,44.455321],[-92.24201,44.454254],[-92.215163,44.438503],[-92.124513,44.422115],[-92.111085,44.413948],[-92.056486,44.402729],[-92.038147,44.388731],[-91.959523,44.359404],[-91.941311,44.340978],[-91.92559,44.333548],[-91.918625,44.322671],[-91.913574,44.310392],[-91.924613,44.291815],[-91.896388,44.27469],[-91.896008,44.262871],[-91.88704,44.251772],[-91.892698,44.231105],[-91.877429,44.212921],[-91.875158,44.200575],[-91.8583928235934,44.1930030792415],[-92.079142,44.192984],[-92.079498,44.106721],[-92.318971,44.107734],[-92.318986,44.194057],[-92.550871,44.194916],[-92.550969,44.281536]]]}},{"type":"Feature","properties":{"GEOID":"27071","NAME":"Koochiching","state":"MN","wildfire_risk_score":33.938,"wildfire_eal_total":15571.77,"risk_band":"Moderate","source":"FEMA National Risk Index v1.20 (December 2025)"},"geometry":{"type":"Polygon","coordinates":[[[-94.4302935048838,48.7009565694165],[-94.416191,48.710948],[-94.384221,48.711806],[-94.342758,48.703382],[-94.308446,48.710239],[-94.290737,48.707747],[-94.260541,48.696381],[-94.251169,48.683514],[-94.254577,48.661375],[-94.250191,48.656323],[-94.224276,48.649527],[-94.065775,48.646104],[-94.035616,48.641018],[-94.006933,48.643193],[-93.953017,48.634127],[-93.844351,48.630222],[-93.833443,48.625593],[-93.821427,48.609163],[-93.818518,48.595314],[-93.806763,48.577616],[-93.811201,48.542385],[-93.818253,48.530046],[-93.794454,48.516021],[-93.656652,48.515731],[-93.643091,48.518294],[-93.628865,48.53121],[-93.610618,48.521661],[-93.594379,48.528793],[-93.547191,48.528684],[-93.467504,48.545664],[-93.456675,48.561834],[-93.464308,48.591792],[-93.438494,48.59338],[-93.405269,48.609344],[-93.395022,48.603303],[-93.371156,48.605085],[-93.362132,48.613832],[-93.354135,48.61235],[-93.348183,48.626414],[-93.254854,48.642784],[-93.207398,48.642474],[-93.178095,48.623339],[-93.0885619747573,48.6275908612032],[-93.094965,48.242528],[-93.098021,48.242534],[-93.096541,48.067803],[-93.089107,48.067921],[-93.088116,47.978586],[-93.080931,47.978538],[-93.080906,47.891864],[-93.775772,47.89895],[-93.776173,47.846404],[-94.418543,47.845816],[-94.41776,48.019811],[-94.423702,48.019788],[-94.424773,48.059552],[-94.4302935048838,48.7009565694165]]]}},{"type":"Feature","properties":{"GEOID":"27067","NAME":"Kandiyohi","state":"MN","wildfire_risk_score":49.968,"wildfire_eal_total":49712.4,"risk_band":"Moderate","source":"FEMA National Risk Index v1.20 (December 2025)"},"geometry":{"type":"Polygon","coordinates":[[[-95.255346,45.383916],[-95.255266,45.412738],[-94.762934,45.412861],[-94.76351,45.239089],[-94.757542,45.239098],[-94.758081,44.892097],[-95.24852,44.89131],[-95.247836,45.012498],[-95.247583,45.019025],[-95.243771,45.018769],[-95.247542,45.021296],[-95.246449,45.238683],[-95.255196,45.238712],[-95.255346,45.383916]]]}},{"type":"Feature","properties":{"GEOID":"27121","NAME":"Pope","state":"MN","wildfire_risk_score":36.514,"wildfire_eal_total":23635.24,"risk_band":"Moderate","source":"FEMA National Risk Index v1.20 (December 2025)"},"geometry":{"type":"Polygon","coordinates":[[[-95.758284,45.672728],[-95.758508,45.759932],[-95.13967,45.758891],[-95.139856,45.585016],[-95.13148,45.58503],[-95.131879,45.412495],[-95.747402,45.412313],[-95.747753,45.585435],[-95.758603,45.585412],[-95.758284,45.672728]]]}},{"type":"Feature","properties":{"GEOID":"27161","NAME":"Waseca","state":"MN","wildfire_risk_score":15.172,"wildfire_eal_total":5493.95,"risk_band":"Low","source":"FEMA National Risk Index v1.20 (December 2025)"},"geometry":{"type":"Polygon","coordinates":[[[-93.768295,44.051053],[-93.767971,44.195836],[-93.406565,44.196377],[-93.406642,43.84812],[-93.767761,43.847956],[-93.768295,44.051053]]]}},{"type":"Feature","properties":{"GEOID":"27101","NAME":"Murray","state":"MN","wildfire_risk_score":20.642,"wildfire_eal_total":7884.12,"risk_band":"Low","source":"FEMA National Risk Index v1.20 (December 2025)"},"geometry":{"type":"Polygon","coordinates":[[[-96.06419,43.898339],[-96.063778,44.196425],[-95.462547,44.195942],[-95.462427,43.847911],[-96.06462,43.849039],[-96.06419,43.898339]]]}},{"type":"Feature","properties":{"GEOID":"27039","NAME":"Dodge","state":"MN","wildfire_risk_score":4.453,"wildfire_eal_total":2367.66,"risk_band":"Low","source":"FEMA National Risk Index v1.20 (December 2025)"},"geometry":{"type":"Polygon","coordinates":[[[-93.045647,43.849072],[-93.045946,44.196716],[-92.678717,44.195516],[-92.678296,43.848587],[-93.045647,43.849072]]]}},{"type":"Feature","properties":{"GEOID":"27113","NAME":"Pennington","state":"MN","wildfire_risk_score":82.252,"wildfire_eal_total":617678.45,"risk_band":"High","source":"FEMA National Risk Index v1.20 (December 2025)"},"geometry":{"type":"Polygon","coordinates":[[[-96.501028,48.108693],[-96.500843,48.174108],[-95.593918,48.172915],[-95.592486,48.02067],[-95.582889,48.02067],[-95.582155,47.933966],[-95.709619,47.935805],[-95.70984,47.96433],[-96.48255,47.963595],[-96.482586,48.021673],[-96.500901,48.021656],[-96.501028,48.108693]]]}},{"type":"Feature","properties":{"GEOID":"27037","NAME":"Dakota","state":"MN","wildfire_risk_score":39.567,"wildfire_eal_total":42001.61,"risk_band":"Moderate","source":"FEMA National Risk Index v1.20 (December 2025)"},"geometry":{"type":"Polygon","coordinates":[[[-93.329666,44.779483],[-93.329615,44.791087],[-93.30453,44.794501],[-93.282364,44.805896],[-93.251873,44.811476],[-93.220525,44.831053],[-93.221108,44.838477],[-93.211437,44.839742],[-93.1983,44.858164],[-93.199969,44.865505],[-93.178771,44.880162],[-93.182632,44.88712],[-93.1539,44.892898],[-93.136493,44.906102],[-93.128629,44.919648],[-93.096024,44.919679],[-93.096041,44.923287],[-93.09091,44.919668],[-93.051642,44.919502],[-93.034733,44.897831],[-93.020044,44.89075],[-93.00914,44.861846],[-93.011875,44.836716],[-93.004711,44.814873],[-93.020352,44.794229],[-93.015961,44.775564],[-92.963848,44.770063],[-92.928629,44.781417],[-92.913316,44.774695],[-92.883826,44.77439],[-92.8553,44.747715],[-92.826547,44.750429],[-92.8025794058107,44.7457971094334],[-92.737259,44.717155],[-92.732042,44.7136706398321],[-92.732043,44.629493],[-92.792584,44.629722],[-92.7926,44.542971],[-92.918977,44.54325],[-92.919148,44.517569],[-92.946517,44.512572],[-92.952685,44.506979],[-92.956849,44.514552],[-92.981941,44.518651],[-93.039339,44.515545],[-93.039485,44.471871],[-93.281686,44.471998],[-93.278169,44.630751],[-93.318707,44.630578],[-93.318341,44.717536],[-93.328401,44.71755],[-93.329666,44.779483]]]}},{"type":"Feature","properties":{"GEOID":"27111","NAME":"Otter Tail","state":"MN","wildfire_risk_score":79.326,"wildfire_eal_total":348863.74,"risk_band":"High","source":"FEMA National Risk Index v1.20 (December 2025)"},"geometry":{"type":"Polygon","coordinates":[[[-96.281196,46.630779],[-96.172405,46.630649],[-96.174587,46.717854],[-95.16371,46.71764],[-95.163392,46.629938],[-95.15554,46.62994],[-95.15551,46.347225],[-95.154256,46.282428],[-95.145791,46.282368],[-95.14588,46.106761],[-96.265366,46.10861],[-96.264647,46.282196],[-96.28,46.28222],[-96.281196,46.630779]]]}},{"type":"Feature","properties":{"GEOID":"27109","NAME":"Olmsted","state":"MN","wildfire_risk_score":20.483,"wildfire_eal_total":14969.72,"risk_band":"Low","source":"FEMA National Risk Index v1.20 (December 2025)"},"geometry":{"type":"Polygon","coordinates":[[[-92.689391,43.84857],[-92.678296,43.848587],[-92.678717,44.195516],[-92.318986,44.194057],[-92.318971,44.107734],[-92.079273,44.106741],[-92.079141,43.847126],[-92.448948,43.848281],[-92.448965,43.834105],[-92.689283,43.833847],[-92.689391,43.84857]]]}},{"type":"Feature","properties":{"GEOID":"27085","NAME":"McLeod","state":"MN","wildfire_risk_score":22.201,"wildfire_eal_total":10535.22,"risk_band":"Low","source":"FEMA National Risk Index v1.20 (December 2025)"},"geometry":{"type":"Polygon","coordinates":[[[-94.502263,44.906939],[-94.501885,44.979784],[-94.012236,44.978712],[-94.010494,44.717464],[-94.254076,44.717855],[-94.254719,44.630311],[-94.497835,44.629921],[-94.49773,44.892334],[-94.502395,44.892295],[-94.502263,44.906939]]]}},{"type":"Feature","properties":{"GEOID":"27095","NAME":"Mille Lacs","state":"MN","wildfire_risk_score":65.808,"wildfire_eal_total":151406.16,"risk_band":"High","source":"FEMA National Risk Index v1.20 (December 2025)"},"geometry":{"type":"Polygon","coordinates":[[[-93.810912,46.243128],[-93.430648,46.246412],[-93.432491,45.981464],[-93.518083,45.981721],[-93.510704,45.558772],[-93.75945,45.559618],[-93.768891,45.982525],[-93.810321,45.98308],[-93.810912,46.243128]]]}},{"type":"Feature","properties":{"GEOID":"27153","NAME":"Todd","state":"MN","wildfire_risk_score":71.597,"wildfire_eal_total":178197.59,"risk_band":"High","source":"FEMA National Risk Index v1.20 (December 2025)"},"geometry":{"type":"Polygon","coordinates":[[[-95.15557,46.36888],[-94.731442,46.368605],[-94.721382,46.35154],[-94.676136,46.350662],[-94.669385,46.360755],[-94.663509,46.350236],[-94.653462,46.348678],[-94.653304,46.282632],[-94.647909,46.282439],[-94.648807,45.932897],[-94.643596,45.932852],[-94.64399,45.77395],[-95.139731,45.773416],[-95.138832,45.932693],[-95.146255,45.9328],[-95.145791,46.282368],[-95.154256,46.282428],[-95.15557,46.36888]]]}},{"type":"Feature","properties":{"GEOID":"27009","NAME":"Benton","state":"MN","wildfire_risk_score":67.621,"wildfire_eal_total":156307.44,"risk_band":"High","source":"FEMA National Risk Index v1.20 (December 2025)"},"geometry":{"type":"Polygon","coordinates":[[[-94.353165,45.822131],[-93.763948,45.822143],[-93.75945,45.559618],[-94.149467,45.559066],[-94.160782,45.566362],[-94.170968,45.589666],[-94.192062,45.600851],[-94.203666,45.619556],[-94.204336,45.646473],[-94.198031,45.652419],[-94.197446,45.670538],[-94.1823,45.678053],[-94.2038,45.679179],[-94.210032,45.701104],[-94.223498,45.71014],[-94.224689,45.715319],[-94.214462,45.721645],[-94.215232,45.726252],[-94.237382,45.730331],[-94.259727,45.742357],[-94.266656,45.754607],[-94.264726,45.763051],[-94.272831,45.767716],[-94.271776,45.775208],[-94.305489,45.785261],[-94.312827,45.792053],[-94.31323,45.800071],[-94.327853,45.79861],[-94.353165,45.822131]]]}},{"type":"Feature","properties":{"GEOID":"27123","NAME":"Ramsey","state":"MN","wildfire_risk_score":52.608,"wildfire_eal_total":60044.95,"risk_band":"Moderate","source":"FEMA National Risk Index v1.20 (December 2025)"},"geometry":{"type":"Polygon","coordinates":[[[-93.227967,45.116218],[-93.227696,45.124533],[-92.984619,45.123622],[-92.984192,44.890814],[-93.020044,44.89075],[-93.034733,44.897831],[-93.051642,44.919502],[-93.09091,44.919668],[-93.090935,44.923236],[-93.096024,44.919679],[-93.128629,44.919648],[-93.136493,44.906102],[-93.1539,44.892898],[-93.168919,44.888204],[-93.178539,44.888338],[-93.177218,44.893928],[-93.18739,44.89512],[-93.200367,44.909625],[-93.200104,44.941506],[-93.207757,44.953209],[-93.208092,45.035744],[-93.226929,45.035671],[-93.227967,45.116218]]]}},{"type":"Feature","properties":{"GEOID":"27079","NAME":"Le Sueur","state":"MN","wildfire_risk_score":16.126,"wildfire_eal_total":9908.07,"risk_band":"Low","source":"FEMA National Risk Index v1.20 (December 2025)"},"geometry":{"type":"Polygon","coordinates":[[[-94.025073,44.258227],[-94.008409,44.270673],[-94.012597,44.272828],[-94.010956,44.276755],[-93.998135,44.278806],[-93.991132,44.295466],[-93.959783,44.307299],[-93.95077,44.320379],[-93.950823,44.328758],[-93.94362,44.331266],[-93.945193,44.338988],[-93.932806,44.344007],[-93.939377,44.352664],[-93.953958,44.357008],[-93.956432,44.361847],[-93.952693,44.365577],[-93.960626,44.363276],[-93.962375,44.369966],[-93.955138,44.375674],[-93.963256,44.383222],[-93.952239,44.385704],[-93.956724,44.390689],[-93.96569,44.390892],[-93.950857,44.392812],[-93.94894,44.400371],[-93.954062,44.409642],[-93.939237,44.413858],[-93.928995,44.442871],[-93.933356,44.451449],[-93.929433,44.452749],[-93.936508,44.454095],[-93.917352,44.461989],[-93.926932,44.469673],[-93.922265,44.473454],[-93.908141,44.47176],[-93.90308,44.484867],[-93.891643,44.494392],[-93.895658,44.501865],[-93.88731,44.504431],[-93.888217,44.526512],[-93.901043,44.529463],[-93.9028,44.538171],[-93.912222,44.538055],[-93.910425,44.543216],[-93.524327,44.543618],[-93.525231,44.196134],[-93.767971,44.195836],[-93.768031,44.239384],[-94.019121,44.239463],[-94.021338,44.242533],[-94.008575,44.249963],[-94.016132,44.25738],[-94.025073,44.258227]]]}},{"type":"Feature","properties":{"GEOID":"27049","NAME":"Goodhue","state":"MN","wildfire_risk_score":9.001,"wildfire_eal_total":5509.75,"risk_band":"Low","source":"FEMA National Risk Index v1.20 (December 2025)"},"geometry":{"type":"Polygon","coordinates":[[[-93.040902,44.254748],[-93.039339,44.515545],[-92.981941,44.518651],[-92.956849,44.514552],[-92.952685,44.506979],[-92.946517,44.512572],[-92.919148,44.517569],[-92.918977,44.54325],[-92.7926,44.542971],[-92.792584,44.629722],[-92.732043,44.629493],[-92.732042,44.7136706398321],[-92.660988,44.660884],[-92.632105,44.649027],[-92.619779,44.634195],[-92.621456,44.615017],[-92.601516,44.612052],[-92.586216,44.600088],[-92.577148,44.605054],[-92.569434,44.603539],[-92.549777,44.58113],[-92.54806,44.567792],[-92.518358,44.575183],[-92.493808,44.566063],[-92.481001,44.568276],[-92.458896,44.562745],[-92.437342,44.552786],[-92.415089,44.560359],[-92.361518,44.558935],[-92.329013,44.550895],[-92.314071,44.538014],[-92.303046,44.518646],[-92.302215,44.500298],[-92.291005,44.485464],[-92.24201,44.454254],[-92.430277,44.455321],[-92.430629,44.368291],[-92.550733,44.368521],[-92.550871,44.194916],[-93.041159,44.196726],[-93.040902,44.254748]]]}},{"type":"Feature","properties":{"GEOID":"27081","NAME":"Lincoln","state":"MN","wildfire_risk_score":32.188,"wildfire_eal_total":17051.25,"risk_band":"Moderate","source":"FEMA National Risk Index v1.20 (December 2025)"},"geometry":{"type":"Polygon","coordinates":[[[-96.452774,44.196895],[-96.4517605285233,44.6313495894722],[-96.09295,44.630486],[-96.0932,44.54374],[-96.080303,44.543398],[-96.07858,44.19662],[-96.452774,44.196895]]]}},{"type":"Feature","properties":{"GEOID":"27151","NAME":"Swift","state":"MN","wildfire_risk_score":46.31,"wildfire_eal_total":35398.87,"risk_band":"Moderate","source":"FEMA National Risk Index v1.20 (December 2025)"},"geometry":{"type":"Polygon","coordinates":[[[-96.118204,45.398917],[-96.117036,45.411993],[-95.255266,45.412738],[-95.255196,45.238712],[-95.246449,45.238683],[-95.246489,45.152431],[-96.036693,45.152142],[-96.048217,45.15843],[-96.056292,45.156515],[-96.103829,45.176742],[-96.10371,45.239766],[-96.117729,45.239783],[-96.118204,45.398917]]]}},{"type":"Feature","properties":{"GEOID":"27005","NAME":"Becker","state":"MN","wildfire_risk_score":77.163,"wildfire_eal_total":313477.11,"risk_band":"High","source":"FEMA National Risk Index v1.20 (December 2025)"},"geometry":{"type":"Polygon","coordinates":[[[-96.194671,47.151149],[-95.169172,47.152515],[-95.1703,46.978175],[-95.162266,46.97824],[-95.16371,46.71764],[-96.174587,46.717854],[-96.174108,46.977375],[-96.193571,46.977371],[-96.194671,47.151149]]]}},{"type":"Feature","properties":{"GEOID":"27029","NAME":"Clearwater","state":"MN","wildfire_risk_score":65.522,"wildfire_eal_total":131591.05,"risk_band":"High","source":"FEMA National Risk Index v1.20 (December 2025)"},"geometry":{"type":"Polygon","coordinates":[[[-95.582889,48.02067],[-95.229108,48.020052],[-95.248014,48.003082],[-95.264865,47.97401],[-95.272454,47.959639],[-95.278227,47.930387],[-95.273388,47.91023],[-95.255142,47.88794],[-95.223339,47.876445],[-95.193705,47.872225],[-95.194304,47.67337],[-95.184984,47.673268],[-95.182711,47.325524],[-95.169633,47.325399],[-95.169172,47.152515],[-95.551186,47.151453],[-95.553392,47.67361],[-95.578839,47.673677],[-95.582889,48.02067]]]}},{"type":"Feature","properties":{"GEOID":"27105","NAME":"Nobles","state":"MN","wildfire_risk_score":19.975,"wildfire_eal_total":6166.76,"risk_band":"Low","source":"FEMA National Risk Index v1.20 (December 2025)"},"geometry":{"type":"Polygon","coordinates":[[[-96.053718,43.587239],[-96.05232,43.84907],[-95.452502,43.847953],[-95.4544332810506,43.5004589190547],[-96.0531620262215,43.5001093609462],[-96.053718,43.587239]]]}},{"type":"Feature","properties":{"GEOID":"27057","NAME":"Hubbard","state":"MN","wildfire_risk_score":66.412,"wildfire_eal_total":131106.4,"risk_band":"High","source":"FEMA National Risk Index v1.20 (December 2025)"},"geometry":{"type":"Polygon","coordinates":[[[-95.183216,47.412773],[-94.670214,47.410151],[-94.671456,47.322781],[-94.663574,47.322722],[-94.659942,46.803716],[-95.16301,46.80472],[-95.162266,46.97824],[-95.1703,46.978175],[-95.169633,47.325399],[-95.182711,47.325524],[-95.183216,47.412773]]]}},{"type":"Feature","properties":{"GEOID":"27141","NAME":"Sherburne","state":"MN","wildfire_risk_score":76.431,"wildfire_eal_total":518791.92,"risk_band":"High","source":"FEMA National Risk Index v1.20 (December 2025)"},"geometry":{"type":"Polygon","coordinates":[[[-94.153687,45.533705],[-94.1468,45.537051],[-94.145567,45.553466],[-94.149467,45.559066],[-93.510704,45.558772],[-93.51219,45.245683],[-93.521653,45.246618],[-93.551938,45.264989],[-93.56377,45.301154],[-93.570302,45.301558],[-93.581378,45.291901],[-93.669669,45.29522],[-93.685845,45.305056],[-93.70439,45.297723],[-93.736867,45.299938],[-93.758764,45.295228],[-93.806179,45.312962],[-93.830835,45.33484],[-93.867854,45.339528],[-93.882212,45.349376],[-93.887852,45.362183],[-93.90935,45.372609],[-93.918525,45.384373],[-93.943654,45.385301],[-93.954905,45.377664],[-93.985525,45.399346],[-93.996209,45.401656],[-94.004632,45.396956],[-94.005259,45.391676],[-94.01085,45.391566],[-94.006808,45.404189],[-94.026815,45.405359],[-94.043508,45.417689],[-94.052192,45.435261],[-94.065392,45.432533],[-94.069376,45.438488],[-94.080814,45.438585],[-94.081571,45.446786],[-94.102726,45.452979],[-94.101485,45.468348],[-94.141989,45.493243],[-94.139461,45.516366],[-94.153687,45.533705]]]}},{"type":"Feature","properties":{"GEOID":"27007","NAME":"Beltrami","state":"MN","wildfire_risk_score":82.475,"wildfire_eal_total":496772.3,"risk_band":"High","source":"FEMA National Risk Index v1.20 (December 2025)"},"geometry":{"type":"Polygon","coordinates":[[[-95.601707,48.452116],[-95.602315,48.538887],[-95.211965,48.539938],[-95.210953,48.365971],[-94.425247,48.36744],[-94.424773,48.059552],[-94.423702,48.019788],[-94.41776,48.019811],[-94.41904,47.758929],[-94.413504,47.586509],[-94.416387,47.411829],[-95.183216,47.412773],[-95.184984,47.673268],[-95.194304,47.67337],[-95.193705,47.872225],[-95.223339,47.876445],[-95.255142,47.88794],[-95.273388,47.91023],[-95.278227,47.930387],[-95.272454,47.959639],[-95.264865,47.97401],[-95.248014,48.003082],[-95.229108,48.020052],[-95.592486,48.02067],[-95.593145,48.365445],[-95.601624,48.365431],[-95.601707,48.452116]]]}},{"type":"Feature","properties":{"GEOID":"27055","NAME":"Houston","state":"MN","wildfire_risk_score":8.842,"wildfire_eal_total":4129.47,"risk_band":"Low","source":"FEMA National Risk Index v1.20 (December 2025)"},"geometry":{"type":"Polygon","coordinates":[[[-91.730725,43.6736],[-91.730424,43.846935],[-91.284138,43.847065],[-91.262436,43.792166],[-91.243955,43.773046],[-91.255431,43.744876],[-91.255932,43.729849],[-91.268455,43.709824],[-91.273252,43.666623],[-91.271749,43.654929],[-91.262397,43.64176],[-91.268748,43.615348],[-91.231865,43.581822],[-91.232812,43.564842],[-91.243214,43.550722],[-91.243183,43.540309],[-91.232941,43.523967],[-91.218292,43.514434],[-91.217706,43.50055],[-91.7302169826645,43.500699211139],[-91.730725,43.6736]]]}},{"type":"Feature","properties":{"GEOID":"27019","NAME":"Carver","state":"MN","wildfire_risk_score":39.345,"wildfire_eal_total":48776.98,"risk_band":"Moderate","source":"FEMA National Risk Index v1.20 (December 2025)"},"geometry":{"type":"Polygon","coordinates":[[[-94.012361,44.949572],[-94.012236,44.978712],[-93.767532,44.977646],[-93.768385,44.89087],[-93.520706,44.891502],[-93.520159,44.805037],[-93.540458,44.804766],[-93.545695,44.79617],[-93.555376,44.799799],[-93.574482,44.795814],[-93.58075,44.792731],[-93.582067,44.782334],[-93.599173,44.782775],[-93.595231,44.774157],[-93.621902,44.762491],[-93.608538,44.753817],[-93.613256,44.749062],[-93.620869,44.753566],[-93.631477,44.738517],[-93.628511,44.731797],[-93.632714,44.724068],[-93.625605,44.723578],[-93.626207,44.715643],[-93.617939,44.70729],[-93.637733,44.693613],[-93.648319,44.695242],[-93.655219,44.690056],[-93.662831,44.696209],[-93.67515,44.692555],[-93.697665,44.669773],[-93.721375,44.663644],[-93.715409,44.659044],[-93.718382,44.655328],[-93.727831,44.656662],[-93.738245,44.645974],[-93.759845,44.643542],[-93.753441,44.637134],[-93.760095,44.63514],[-93.768039,44.640384],[-93.768176,44.67352],[-93.888831,44.673409],[-93.888636,44.717044],[-94.010494,44.717464],[-94.012361,44.949572]]]}},{"type":"Feature","properties":{"GEOID":"27045","NAME":"Fillmore","state":"MN","wildfire_risk_score":10.814,"wildfire_eal_total":3619.09,"risk_band":"Low","source":"FEMA National Risk Index v1.20 (December 2025)"},"geometry":{"type":"Polygon","coordinates":[[[-92.449566,43.674436],[-92.448948,43.848281],[-91.730424,43.846935],[-91.7302169826645,43.500699211139],[-92.44894780657,43.500394163744],[-92.449566,43.674436]]]}},{"type":"Feature","properties":{"GEOID":"27115","NAME":"Pine","state":"MN","wildfire_risk_score":65.776,"wildfire_eal_total":119628.09,"risk_band":"High","source":"FEMA National Risk Index v1.20 (December 2025)"},"geometry":{"type":"Polygon","coordinates":[[[-93.142869,45.981005],[-93.055356,45.981344],[-93.054847,46.419269],[-92.29286,46.41722],[-92.294033,46.074377],[-92.332912,46.062697],[-92.35176,46.015685],[-92.372717,46.014198],[-92.410649,46.027259],[-92.428555,46.024241],[-92.442259,46.016177],[-92.453373,45.992913],[-92.464512,45.985038],[-92.46126,45.979427],[-92.469354,45.973811],[-92.527052,45.983245],[-92.549806,45.967986],[-92.551933,45.951651],[-92.614314,45.934529],[-92.638824,45.934166],[-92.639116,45.924555],[-92.656125,45.924442],[-92.676167,45.912072],[-92.676607,45.90637],[-92.707702,45.894901],[-92.734039,45.868108],[-92.739991,45.846283],[-92.765146,45.830183],[-92.757815,45.806574],[-92.776496,45.790014],[-92.784621,45.764196],[-92.828981,45.733714],[-92.848851,45.728751],[-93.141793,45.730657],[-93.142869,45.981005]]]}},{"type":"Feature","properties":{"GEOID":"27135","NAME":"Roseau","state":"MN","wildfire_risk_score":90.999,"wildfire_eal_total":1788907.57,"risk_band":"High","source":"FEMA National Risk Index v1.20 (December 2025)"},"geometry":{"type":"Polygon","coordinates":[[[-96.405411,48.999984],[-95.319888721057,48.9987694568791],[-95.326758,48.982076],[-95.325514,48.969857],[-95.317731,48.952444],[-95.30475,48.946028],[-95.3112,48.948924],[-95.307072,48.94641],[-95.322894,48.940199],[-95.318741,48.9283],[-95.296403,48.90827],[-95.30104,48.904216],[-95.254859,48.884474],[-95.226495,48.881681],[-95.148381,48.892264],[-95.116365,48.903639],[-95.091464,48.920618],[-95.089863,48.713062],[-95.34273,48.713028],[-95.34254,48.540211],[-96.387835,48.544308],[-96.387472,48.7171],[-96.404924,48.71707],[-96.405411,48.999984]]]}},{"type":"Feature","properties":{"GEOID":"27165","NAME":"Watonwan","state":"MN","wildfire_risk_score":9.192,"wildfire_eal_total":2872.86,"risk_band":"Low","source":"FEMA National Risk Index v1.20 (December 2025)"},"geometry":{"type":"Polygon","coordinates":[[[-94.859803,44.108016],[-94.36885,44.108698],[-94.368974,43.848047],[-94.859388,43.848093],[-94.859803,44.108016]]]}},{"type":"Feature","properties":{"GEOID":"27131","NAME":"Rice","state":"MN","wildfire_risk_score":33.047,"wildfire_eal_total":18305.07,"risk_band":"Moderate","source":"FEMA National Risk Index v1.20 (December 2025)"},"geometry":{"type":"Polygon","coordinates":[[[-93.525221,44.275596],[-93.524327,44.543618],[-93.281521,44.543957],[-93.281686,44.471998],[-93.039485,44.471871],[-93.041159,44.196726],[-93.525231,44.196134],[-93.525221,44.275596]]]}},{"type":"Feature","properties":{"GEOID":"27159","NAME":"Wadena","state":"MN","wildfire_risk_score":65.553,"wildfire_eal_total":115164.73,"risk_band":"High","source":"FEMA National Risk Index v1.20 (December 2025)"},"geometry":{"type":"Polygon","coordinates":[[[-95.164103,46.695792],[-95.16301,46.80472],[-94.787126,46.803943],[-94.785899,46.630199],[-94.780531,46.629746],[-94.779121,46.394215],[-94.764885,46.395713],[-94.760012,46.383122],[-94.755042,46.384523],[-94.751798,46.379053],[-94.746153,46.384669],[-94.741111,46.379995],[-94.73196,46.383999],[-94.728231,46.381241],[-94.731442,46.368605],[-95.15557,46.36888],[-95.15554,46.62994],[-95.163392,46.629938],[-95.164103,46.695792]]]}}]}