{"type":"FeatureCollection","metadata":{"state":"MO","boundary_source":"U.S. Census Bureau 2024 Cartographic Boundary File (counties, 1:500,000)","risk_source":"FEMA National Risk Index v1.20 (December 2025)"},"features":[{"type":"Feature","properties":{"GEOID":"29099","NAME":"Jefferson","state":"MO","wildfire_risk_score":53.053,"wildfire_eal_total":72453.8,"risk_band":"Moderate","source":"FEMA National Risk Index v1.20 (December 2025)"},"geometry":{"type":"Polygon","coordinates":[[[-90.773549,38.24068],[-90.737599,38.415897],[-90.73203,38.482153],[-90.71712,38.478267],[-90.71425,38.475075],[-90.717805,38.468782],[-90.696932,38.47191],[-90.68782,38.460408],[-90.688669,38.453141],[-90.680546,38.458372],[-90.676907,38.455309],[-90.686546,38.447542],[-90.678775,38.445877],[-90.654733,38.456078],[-90.660703,38.479195],[-90.655561,38.486737],[-90.633746,38.485782],[-90.626331,38.475903],[-90.613685,38.471328],[-90.602652,38.479617],[-90.591123,38.501652],[-90.405335,38.500598],[-90.407949,38.483328],[-90.422609,38.482056],[-90.411214,38.453438],[-90.39471,38.458486],[-90.391031,38.450561],[-90.353631,38.458217],[-90.336135,38.453491],[-90.348122,38.430592],[-90.347939,38.405357],[-90.3413309865561,38.3882145886649],[-90.368219,38.340254],[-90.372519,38.323354],[-90.372659,38.28623],[-90.359559,38.224525],[-90.331554,38.18758],[-90.290765,38.170453],[-90.274928,38.157615],[-90.2526647395139,38.1278129416306],[-90.256032,38.126248],[-90.249858,38.11455],[-90.256001,38.116931],[-90.262057,38.107898],[-90.279376,38.104771],[-90.280283,38.098764],[-90.295999,38.087979],[-90.32939,38.09436],[-90.416022,38.042315],[-90.583324,38.003499],[-90.628084,38.007743],[-90.612751,38.017021],[-90.621508,38.040357],[-90.612914,38.071631],[-90.659153,38.081797],[-90.662033,38.086225],[-90.651356,38.092094],[-90.657404,38.097306],[-90.663581,38.087743],[-90.684547,38.086311],[-90.685366,38.091058],[-90.676175,38.095066],[-90.681399,38.102681],[-90.780185,38.204112],[-90.773549,38.24068]]]}},{"type":"Feature","properties":{"GEOID":"29033","NAME":"Carroll","state":"MO","wildfire_risk_score":43.861,"wildfire_eal_total":29399.17,"risk_band":"Moderate","source":"FEMA National Risk Index v1.20 (December 2025)"},"geometry":{"type":"Polygon","coordinates":[[[-93.759183,39.524558],[-93.758357,39.611407],[-93.278098,39.615632],[-93.269856,39.599925],[-93.275055,39.590096],[-93.266591,39.573608],[-93.270014,39.560196],[-93.258024,39.555218],[-93.266368,39.546085],[-93.253605,39.54354],[-93.26595,39.541666],[-93.271128,39.534376],[-93.27724,39.539467],[-93.285858,39.537857],[-93.275671,39.526782],[-93.283007,39.519477],[-93.265863,39.500023],[-93.276539,39.496705],[-93.276591,39.486123],[-93.261638,39.469973],[-93.264322,39.461182],[-93.274867,39.465108],[-93.275848,39.458302],[-93.253969,39.461918],[-93.249464,39.452491],[-93.254582,39.445083],[-93.246927,39.442972],[-93.247415,39.458092],[-93.237541,39.464423],[-93.239212,39.470877],[-93.224576,39.472124],[-93.219546,39.450793],[-93.229918,39.44724],[-93.228755,39.436297],[-93.216272,39.431516],[-93.222101,39.439982],[-93.217426,39.443296],[-93.210653,39.44005],[-93.213581,39.430507],[-93.197752,39.4343],[-93.204897,39.440438],[-93.183537,39.432473],[-93.16555,39.436335],[-93.15475,39.421723],[-93.13913,39.423478],[-93.120646,39.417923],[-93.114841,39.411027],[-93.118484,39.402489],[-93.115685,39.389455],[-93.104485,39.383656],[-93.139631,39.378643],[-93.167221,39.407253],[-93.177451,39.411714],[-93.193101,39.409278],[-93.200951,39.398891],[-93.190199,39.381792],[-93.189569,39.370383],[-93.221669,39.331326],[-93.230079,39.327877],[-93.240283,39.336394],[-93.252726,39.338784],[-93.277725,39.311549],[-93.336856,39.307032],[-93.34443,39.289364],[-93.328962,39.265483],[-93.329121,39.255081],[-93.382104,39.22883],[-93.401877,39.226905],[-93.415226,39.234923],[-93.41523,39.241797],[-93.403013,39.25803],[-93.407143,39.26511],[-93.444231,39.268525],[-93.459908,39.289375],[-93.473272,39.293296],[-93.485806,39.288759],[-93.495377,39.275459],[-93.496221,39.264891],[-93.486573,39.233861],[-93.500211,39.218005],[-93.551528,39.217017],[-93.563192,39.22002],[-93.58495,39.240431],[-93.650526,39.248214],[-93.657469,39.245525],[-93.656093,39.241004],[-93.661901,39.235782],[-93.683496,39.230051],[-93.700057,39.209725],[-93.758463,39.207021],[-93.759183,39.524558]]]}},{"type":"Feature","properties":{"GEOID":"29039","NAME":"Cedar","state":"MO","wildfire_risk_score":49.396,"wildfire_eal_total":38602.28,"risk_band":"Moderate","source":"FEMA National Risk Index v1.20 (December 2025)"},"geometry":{"type":"Polygon","coordinates":[[[-94.073524,37.639722],[-94.068716,37.755568],[-94.073342,37.755706],[-94.073307,37.760562],[-94.065675,37.900987],[-93.808648,37.892775],[-93.811402,37.834571],[-93.628404,37.829435],[-93.632439,37.742302],[-93.609489,37.741755],[-93.616033,37.572689],[-94.075385,37.58157],[-94.073524,37.639722]]]}},{"type":"Feature","properties":{"GEOID":"29197","NAME":"Schuyler","state":"MO","wildfire_risk_score":41.158,"wildfire_eal_total":21959.55,"risk_band":"Low","source":"FEMA National Risk Index v1.20 (December 2025)"},"geometry":{"type":"Polygon","coordinates":[[[-92.721158,40.58402],[-92.7145977730885,40.5895641799538],[-92.3508067122935,40.5972731874493],[-92.349975,40.346505],[-92.684167,40.343466],[-92.680739,40.346374],[-92.685813,40.35105],[-92.681965,40.361015],[-92.687189,40.374187],[-92.682683,40.376022],[-92.687576,40.381204],[-92.686019,40.39427],[-92.675873,40.395369],[-92.672073,40.391524],[-92.665936,40.396764],[-92.679733,40.403767],[-92.679284,40.406948],[-92.674046,40.403172],[-92.673236,40.407749],[-92.664742,40.410134],[-92.70087,40.428663],[-92.694493,40.435666],[-92.710128,40.443989],[-92.701383,40.449395],[-92.709294,40.459989],[-92.699379,40.463903],[-92.702255,40.465985],[-92.69827,40.469235],[-92.704024,40.468433],[-92.701148,40.472873],[-92.704564,40.474223],[-92.701179,40.483995],[-92.698092,40.479396],[-92.696115,40.487199],[-92.685116,40.485299],[-92.676032,40.49954],[-92.686195,40.502955],[-92.683196,40.511513],[-92.688324,40.51689],[-92.670812,40.519544],[-92.699359,40.527896],[-92.6981,40.531305],[-92.707638,40.534987],[-92.70161,40.535103],[-92.70374,40.537619],[-92.692374,40.550252],[-92.684423,40.548513],[-92.683043,40.560252],[-92.691142,40.564712],[-92.705425,40.558099],[-92.717545,40.558348],[-92.719348,40.56361],[-92.692224,40.567528],[-92.690094,40.575376],[-92.694504,40.568283],[-92.702067,40.570982],[-92.702249,40.580982],[-92.721158,40.58402]]]}},{"type":"Feature","properties":{"GEOID":"29201","NAME":"Scott","state":"MO","wildfire_risk_score":11.291,"wildfire_eal_total":3230.68,"risk_band":"Low","source":"FEMA National Risk Index v1.20 (December 2025)"},"geometry":{"type":"Polygon","coordinates":[[[-89.786819,37.087824],[-89.774523,37.097272],[-89.772776,37.112673],[-89.765567,37.118597],[-89.765211,37.126066],[-89.758224,37.126039],[-89.758515,37.140608],[-89.721783,37.14056],[-89.722045,37.155074],[-89.703797,37.155049],[-89.704168,37.183964],[-89.685848,37.184005],[-89.685996,37.198486],[-89.667426,37.198754],[-89.667422,37.206126],[-89.649464,37.20619],[-89.649659,37.218268],[-89.620457,37.21828],[-89.620256,37.233008],[-89.583476,37.23292],[-89.583475,37.240319],[-89.546502,37.240222],[-89.546448,37.247296],[-89.507077,37.243993],[-89.470525,37.253357],[-89.458246,37.247066],[-89.467631,37.2182],[-89.456105,37.18812],[-89.42558,37.138235],[-89.41173,37.122507],[-89.38805,37.107481],[-89.37871,37.094586],[-89.375712,37.080505],[-89.385186,37.057748],[-89.383937,37.046441],[-89.362397,37.030156],[-89.3132706651453,37.0095638944548],[-89.347205,37.00911],[-89.347303,37.001977],[-89.374344,36.99421],[-89.375064,36.964947],[-89.411289,36.964787],[-89.411479,36.950135],[-89.429899,36.950263],[-89.42995,36.935609],[-89.465393,36.935729],[-89.465233,36.906239],[-89.501526,36.906262],[-89.501515,36.876926],[-89.519865,36.876937],[-89.519809,36.869617],[-89.56757,36.870909],[-89.604596,36.866218],[-89.605956,36.861659],[-89.691603,36.859517],[-89.689813,36.868132],[-89.697324,36.874127],[-89.689729,36.885991],[-89.686614,36.884797],[-89.693774,36.89964],[-89.68467,36.922976],[-89.689802,36.924113],[-89.6867,36.928047],[-89.692249,36.940651],[-89.695122,36.938675],[-89.714885,36.952125],[-89.720586,36.969043],[-89.718071,36.974768],[-89.72247,36.975812],[-89.721203,36.990054],[-89.737091,37.007186],[-89.746269,37.027757],[-89.753858,37.029897],[-89.75227,37.035759],[-89.758394,37.038338],[-89.75689,37.04965],[-89.766423,37.050702],[-89.786819,37.087824]]]}},{"type":"Feature","properties":{"GEOID":"29183","NAME":"St. Charles","state":"MO","wildfire_risk_score":58.81,"wildfire_eal_total":134952.63,"risk_band":"High","source":"FEMA National Risk Index v1.20 (December 2025)"},"geometry":{"type":"Polygon","coordinates":[[[-90.963771,38.578145],[-90.95645,38.894164],[-90.933455,38.885049],[-90.907772,38.890871],[-90.900496,38.885993],[-90.870425,38.888675],[-90.86291,38.887263],[-90.860366,38.881932],[-90.855845,38.884722],[-90.850189,38.880124],[-90.851301,38.883574],[-90.844673,38.883965],[-90.835431,38.879968],[-90.836594,38.884118],[-90.831097,38.878212],[-90.817827,38.875966],[-90.806213,38.879016],[-90.810213,38.885605],[-90.808333,38.899553],[-90.797499,38.905145],[-90.804418,38.911139],[-90.791344,38.917895],[-90.776406,38.923016],[-90.756746,38.919811],[-90.742997,38.930368],[-90.728841,38.931141],[-90.724129,38.924362],[-90.735737,38.916177],[-90.724578,38.915181],[-90.723898,38.90871],[-90.714198,38.909892],[-90.708149,38.902591],[-90.699324,38.907881],[-90.70623,38.913506],[-90.715738,38.912327],[-90.714309,38.918164],[-90.703824,38.921221],[-90.69719,38.916067],[-90.684562,38.9156],[-90.697481,38.928151],[-90.696582,38.932784],[-90.6634308380559,38.9342213237519],[-90.663466,38.927384],[-90.635896,38.903941],[-90.625122,38.888654],[-90.583388,38.86903],[-90.566557,38.868847],[-90.54403,38.87505],[-90.507451,38.902767],[-90.486974,38.925982],[-90.482419,38.94446],[-90.472122,38.958838],[-90.450792,38.967764],[-90.440078,38.967364],[-90.395816,38.960037],[-90.309454,38.92412],[-90.250248,38.919344],[-90.223041,38.907389],[-90.19761,38.887648],[-90.113327,38.849306],[-90.109407,38.843548],[-90.117707,38.805748],[-90.12678,38.821326],[-90.141608,38.829448],[-90.15511,38.829722],[-90.17765,38.818859],[-90.188927,38.81851],[-90.256136,38.852128],[-90.293712,38.885548],[-90.3245,38.890261],[-90.336387,38.882572],[-90.344965,38.849372],[-90.362163,38.82786],[-90.382268,38.821942],[-90.430975,38.829806],[-90.448117,38.82205],[-90.473188,38.790978],[-90.485205,38.759229],[-90.49579,38.748256],[-90.531927,38.730298],[-90.530363,38.69863],[-90.539288,38.686778],[-90.554722,38.681552],[-90.588614,38.680503],[-90.623805,38.69028],[-90.660509,38.688551],[-90.674531,38.682193],[-90.679252,38.665602],[-90.702995,38.657479],[-90.705811,38.647253],[-90.742412,38.634563],[-90.756419,38.610672],[-90.773622,38.594617],[-90.812988,38.585554],[-90.841933,38.565955],[-90.910886,38.535924],[-90.932857,38.535017],[-90.964469,38.547241],[-90.963771,38.578145]]]}},{"type":"Feature","properties":{"GEOID":"29013","NAME":"Bates","state":"MO","wildfire_risk_score":14.885,"wildfire_eal_total":4470.17,"risk_band":"Low","source":"FEMA National Risk Index v1.20 (December 2025)"},"geometry":{"type":"Polygon","coordinates":[[[-94.614061,38.067343],[-94.6128650452802,38.477602354122],[-94.312148,38.471386],[-94.310281,38.465311],[-94.305156,38.467233],[-94.29751,38.458879],[-94.289895,38.459986],[-94.289964,38.465352],[-94.26611,38.454688],[-94.26396,38.449783],[-94.239831,38.460131],[-94.238403,38.455801],[-94.226302,38.459074],[-94.229462,38.452987],[-94.222883,38.452904],[-94.223346,38.448307],[-94.212023,38.446754],[-94.207512,38.450784],[-94.200524,38.445358],[-94.189643,38.450625],[-94.174102,38.445452],[-94.170609,38.446848],[-94.173781,38.449846],[-94.109959,38.452651],[-94.093455,38.458516],[-94.090049,38.452658],[-94.08641,38.455934],[-94.080433,38.449695],[-94.076724,38.451777],[-94.078084,38.448114],[-94.065713,38.447087],[-94.075214,38.214502],[-94.049895,38.213985],[-94.061333,38.031551],[-94.069375,38.03682],[-94.085239,38.032465],[-94.086424,38.040363],[-94.093801,38.039651],[-94.101912,38.048105],[-94.105647,38.037759],[-94.109911,38.03732],[-94.118755,38.042159],[-94.115478,38.048433],[-94.124693,38.05017],[-94.131396,38.057995],[-94.150064,38.053913],[-94.157432,38.057119],[-94.169431,38.049549],[-94.191788,38.044794],[-94.196061,38.033791],[-94.20069,38.046545],[-94.195358,38.053688],[-94.209544,38.052158],[-94.215532,38.033682],[-94.223889,38.040348],[-94.225197,38.027016],[-94.236588,38.025952],[-94.245361,38.029221],[-94.233334,38.032451],[-94.24075,38.039386],[-94.230452,38.044697],[-94.239413,38.04416],[-94.240643,38.050821],[-94.6140548972092,38.0600558584152],[-94.614061,38.067343]]]}},{"type":"Feature","properties":{"GEOID":"29087","NAME":"Holt","state":"MO","wildfire_risk_score":32.793,"wildfire_eal_total":18461.59,"risk_band":"Low","source":"FEMA National Risk Index v1.20 (December 2025)"},"geometry":{"type":"Polygon","coordinates":[[[-95.554817342733,40.2644598412112],[-95.071593,40.260855],[-95.067824,40.255434],[-95.075556,40.251486],[-95.073596,40.243383],[-95.066621,40.24312],[-95.070768,40.245398],[-95.0671,40.247329],[-95.057879,40.239086],[-95.067891,40.225786],[-95.063849,40.205863],[-95.074912,40.188836],[-95.065964,40.177795],[-95.068064,40.17516],[-95.060645,40.17173],[-95.067198,40.167729],[-95.060206,40.161258],[-95.065662,40.15097],[-95.05887,40.15045],[-95.064329,40.148438],[-95.060035,40.138523],[-95.055543,40.141473],[-95.054021,40.1354],[-95.050631,40.13884],[-95.052919,40.132784],[-95.042907,40.130759],[-95.046389,40.126407],[-95.039267,40.126955],[-95.04571,40.119609],[-95.036152,40.114547],[-95.041958,40.111007],[-95.033587,40.108718],[-95.044283,40.102154],[-95.038713,40.101009],[-95.044254,40.098288],[-95.040116,40.09185],[-95.043494,40.078447],[-95.049312,40.077368],[-95.047476,40.073098],[-95.052203,40.07651],[-95.051687,40.071105],[-95.059067,40.074737],[-95.060797,40.070262],[-95.057451,40.064822],[-95.03941,40.059741],[-95.035379,40.044933],[-95.020506,40.052029],[-95.010542,40.046761],[-95.015968,40.042707],[-95.008535,40.039891],[-95.009741,40.03169],[-95.004258,40.027338],[-95.010753,40.019999],[-95.007836,40.008412],[-95.010933,40.001259],[-95.003684,39.996155],[-95.005302,39.980279],[-94.994261,39.971208],[-95.003009,39.958337],[-94.996108,39.96115],[-94.991403,39.951476],[-94.997048,39.945501],[-94.988097,39.945003],[-95.002516,39.932624],[-95.005432,39.927432],[-95.001931,39.922237],[-95.006743,39.923361],[-94.993392,39.915031],[-94.9934102510667,39.8977932373378],[-95.00844,39.900596],[-95.018743,39.897372],[-95.02524,39.8897],[-95.027931,39.871522],[-95.037767,39.865542],[-95.085003,39.861883],[-95.128166,39.874165],[-95.140601,39.881688],[-95.143802,39.901918],[-95.149657,39.905948],[-95.179453,39.900062],[-95.201935,39.904053],[-95.206196,39.909557],[-95.20069,39.928155],[-95.204428,39.938949],[-95.250254,39.948644],[-95.269886,39.969396],[-95.302507,39.984357],[-95.315271,40.01207],[-95.356876,40.031522],[-95.387195,40.02677],[-95.40726,40.033112],[-95.416824,40.043235],[-95.42164,40.058952],[-95.409856,40.07432],[-95.407591,40.09803],[-95.394216,40.108263],[-95.395369,40.122811],[-95.428749,40.135577],[-95.436348,40.15872],[-95.460746,40.169173],[-95.479193,40.185652],[-95.482319,40.200667],[-95.469718,40.227908],[-95.477501,40.24272],[-95.493405,40.24956],[-95.521035,40.250083],[-95.554817342733,40.2644598412112]]]}},{"type":"Feature","properties":{"GEOID":"29171","NAME":"Putnam","state":"MO","wildfire_risk_score":40.108,"wildfire_eal_total":21035.38,"risk_band":"Low","source":"FEMA National Risk Index v1.20 (December 2025)"},"geometry":{"type":"Polygon","coordinates":[[[-93.375217,40.552654],[-93.3743860081406,40.5803343112705],[-92.7145977730885,40.5895641799538],[-92.721158,40.58402],[-92.702249,40.580982],[-92.702067,40.570982],[-92.694504,40.568283],[-92.690094,40.575376],[-92.689823,40.570389],[-92.692224,40.567528],[-92.709806,40.562903],[-92.719348,40.56361],[-92.717545,40.558348],[-92.705425,40.558099],[-92.691142,40.564712],[-92.683043,40.560252],[-92.684423,40.548513],[-92.692374,40.550252],[-92.70374,40.537619],[-92.70161,40.535103],[-92.707638,40.534987],[-92.6981,40.531305],[-92.699359,40.527896],[-92.670812,40.519544],[-92.688324,40.51689],[-92.683196,40.511513],[-92.686195,40.502955],[-92.676032,40.49954],[-92.685116,40.485299],[-92.696115,40.487199],[-92.698092,40.479396],[-92.701928,40.483103],[-92.704024,40.468433],[-92.69827,40.469235],[-92.702255,40.465985],[-92.699379,40.463903],[-92.709294,40.459989],[-92.701383,40.449395],[-92.710128,40.443989],[-92.694493,40.435666],[-92.701499,40.430121],[-92.693564,40.422898],[-92.664742,40.410134],[-92.679733,40.403767],[-92.665936,40.396764],[-92.672073,40.391524],[-92.675873,40.395369],[-92.686019,40.39427],[-92.687576,40.381204],[-92.682683,40.376022],[-92.687189,40.374187],[-92.681965,40.361015],[-92.685813,40.35105],[-92.680739,40.346374],[-92.724584,40.342666],[-92.855629,40.342736],[-92.855313,40.385894],[-93.366935,40.382999],[-93.366968,40.471794],[-93.37482,40.472553],[-93.375217,40.552654]]]}},{"type":"Feature","properties":{"GEOID":"29037","NAME":"Cass","state":"MO","wildfire_risk_score":29.453,"wildfire_eal_total":17737.76,"risk_band":"Low","source":"FEMA National Risk Index v1.20 (December 2025)"},"geometry":{"type":"Polygon","coordinates":[[[-94.612696,38.483154],[-94.608033,38.847207],[-94.119096,38.833167],[-94.129372,38.655862],[-94.116408,38.655518],[-94.119664,38.568712],[-94.064317,38.56738],[-94.065713,38.447087],[-94.078084,38.448114],[-94.076724,38.451777],[-94.080433,38.449695],[-94.08641,38.455934],[-94.090049,38.452658],[-94.093455,38.458516],[-94.109959,38.452651],[-94.173781,38.449846],[-94.170609,38.446848],[-94.174102,38.445452],[-94.189643,38.450625],[-94.200524,38.445358],[-94.207512,38.450784],[-94.212023,38.446754],[-94.223346,38.448307],[-94.222883,38.452904],[-94.225938,38.451046],[-94.229462,38.452987],[-94.226144,38.453318],[-94.226302,38.459074],[-94.238403,38.455801],[-94.239831,38.460131],[-94.257162,38.450072],[-94.26711,38.450464],[-94.26611,38.454688],[-94.289964,38.465352],[-94.289895,38.459986],[-94.29751,38.458879],[-94.305156,38.467233],[-94.310281,38.465311],[-94.312148,38.471386],[-94.6128650452802,38.477602354122],[-94.612696,38.483154]]]}},{"type":"Feature","properties":{"GEOID":"29019","NAME":"Boone","state":"MO","wildfire_risk_score":70.674,"wildfire_eal_total":232780.79,"risk_band":"High","source":"FEMA National Risk Index v1.20 (December 2025)"},"geometry":{"type":"Polygon","coordinates":[[[-92.569654,38.980265],[-92.556495,38.985426],[-92.563692,38.986616],[-92.565052,38.998741],[-92.430229,39.248795],[-92.104374,39.239809],[-92.110387,39.064204],[-92.131512,39.064484],[-92.128481,39.048504],[-92.140784,39.030135],[-92.130607,39.0253],[-92.133069,39.012637],[-92.140472,39.006659],[-92.136623,38.999633],[-92.138334,38.985182],[-92.14632,38.980954],[-92.143394,38.967719],[-92.152776,38.946638],[-92.153916,38.924523],[-92.160715,38.925158],[-92.155501,38.914396],[-92.168952,38.896424],[-92.158849,38.894667],[-92.154844,38.884266],[-92.148123,38.885208],[-92.149766,38.87984],[-92.156132,38.880652],[-92.162235,38.866521],[-92.149272,38.866238],[-92.147555,38.858448],[-92.154172,38.853504],[-92.145553,38.854379],[-92.148735,38.846582],[-92.140358,38.8455],[-92.15081,38.838718],[-92.145523,38.832777],[-92.152826,38.826108],[-92.142765,38.821637],[-92.145754,38.815457],[-92.138205,38.817737],[-92.135245,38.813894],[-92.151075,38.805746],[-92.145732,38.796074],[-92.151872,38.803652],[-92.15813,38.802211],[-92.158335,38.784837],[-92.164207,38.78387],[-92.167812,38.776786],[-92.162353,38.775972],[-92.163127,38.76492],[-92.172312,38.763939],[-92.176007,38.753944],[-92.186184,38.747554],[-92.182058,38.738402],[-92.19437,38.736243],[-92.192431,38.726132],[-92.212186,38.720117],[-92.216388,38.714495],[-92.215691,38.702487],[-92.225384,38.699469],[-92.21846,38.689051],[-92.220661,38.643167],[-92.259091,38.645347],[-92.29337,38.666564],[-92.345315,38.674882],[-92.36091,38.681848],[-92.36143,38.69204],[-92.343265,38.705073],[-92.344093,38.715069],[-92.360216,38.730133],[-92.399886,38.742169],[-92.408636,38.758243],[-92.407078,38.772598],[-92.390782,38.780612],[-92.382542,38.790914],[-92.37958,38.801546],[-92.384391,38.815488],[-92.42118,38.819754],[-92.439906,38.831346],[-92.456717,38.860269],[-92.47964,38.877439],[-92.47617,38.904463],[-92.569654,38.980265]]]}},{"type":"Feature","properties":{"GEOID":"29159","NAME":"Pettis","state":"MO","wildfire_risk_score":51.749,"wildfire_eal_total":52776.69,"risk_band":"Moderate","source":"FEMA National Risk Index v1.20 (December 2025)"},"geometry":{"type":"Polygon","coordinates":[[[-93.512441,38.519808],[-93.509167,38.644958],[-93.493124,38.899158],[-93.498616,38.8993],[-93.496377,38.942837],[-93.050453,38.928244],[-93.067291,38.529995],[-93.290454,38.535388],[-93.291851,38.506321],[-93.512743,38.512476],[-93.512441,38.519808]]]}},{"type":"Feature","properties":{"GEOID":"29027","NAME":"Callaway","state":"MO","wildfire_risk_score":66.19,"wildfire_eal_total":122832.18,"risk_band":"High","source":"FEMA National Risk Index v1.20 (December 2025)"},"geometry":{"type":"Polygon","coordinates":[[[-92.225384,38.699469],[-92.215691,38.702487],[-92.216388,38.714495],[-92.212186,38.720117],[-92.192431,38.726132],[-92.19437,38.736243],[-92.182058,38.738402],[-92.186184,38.747554],[-92.176007,38.753944],[-92.172312,38.763939],[-92.163127,38.76492],[-92.162353,38.775972],[-92.167812,38.776786],[-92.164207,38.78387],[-92.158335,38.784837],[-92.15813,38.802211],[-92.151872,38.803652],[-92.145732,38.796074],[-92.151075,38.805746],[-92.135245,38.813894],[-92.138205,38.817737],[-92.145754,38.815457],[-92.142765,38.821637],[-92.152826,38.826108],[-92.145523,38.832777],[-92.15081,38.838718],[-92.140358,38.8455],[-92.148735,38.846582],[-92.145553,38.854379],[-92.154172,38.853504],[-92.147555,38.858448],[-92.149272,38.866238],[-92.162235,38.866521],[-92.156132,38.880652],[-92.149766,38.87984],[-92.148123,38.885208],[-92.154844,38.884266],[-92.158849,38.894667],[-92.168952,38.896424],[-92.155501,38.914396],[-92.160715,38.925158],[-92.153916,38.924523],[-92.152776,38.946638],[-92.143394,38.967719],[-92.14632,38.980954],[-92.138334,38.985182],[-92.136623,38.999633],[-92.140472,39.006659],[-92.133069,39.012637],[-92.130607,39.0253],[-92.140784,39.030135],[-92.128481,39.048504],[-92.131512,39.064484],[-91.633998,39.059057],[-91.647171,38.703396],[-91.732286,38.705891],[-91.759726,38.685157],[-91.814436,38.681835],[-91.854867,38.670336],[-91.877356,38.657743],[-91.893749,38.634087],[-91.943936,38.597075],[-91.977454,38.589616],[-92.015617,38.567398],[-92.068099,38.557412],[-92.139025,38.569407],[-92.169328,38.58166],[-92.200721,38.601668],[-92.204751,38.630279],[-92.220661,38.643167],[-92.21846,38.689051],[-92.225384,38.699469]]]}},{"type":"Feature","properties":{"GEOID":"29113","NAME":"Lincoln","state":"MO","wildfire_risk_score":59.256,"wildfire_eal_total":95924.99,"risk_band":"High","source":"FEMA National Risk Index v1.20 (December 2025)"},"geometry":{"type":"Polygon","coordinates":[[[-91.26382,39.007608],[-91.260232,39.139845],[-91.18546,39.13905],[-91.182942,39.227233],[-90.721835,39.224108],[-90.707902,39.15086],[-90.686051,39.117785],[-90.681086,39.10059],[-90.682744,39.088348],[-90.713629,39.053977],[-90.678193,38.991851],[-90.675949,38.96214],[-90.6634308380559,38.9342213237519],[-90.696582,38.932784],[-90.697481,38.928151],[-90.684562,38.9156],[-90.69719,38.916067],[-90.703824,38.921221],[-90.714309,38.918164],[-90.715738,38.912327],[-90.70623,38.913506],[-90.699324,38.907881],[-90.708149,38.902591],[-90.714198,38.909892],[-90.723898,38.90871],[-90.724578,38.915181],[-90.735737,38.916177],[-90.724129,38.924362],[-90.728841,38.931141],[-90.742997,38.930368],[-90.756746,38.919811],[-90.776406,38.923016],[-90.791344,38.917895],[-90.804418,38.911139],[-90.797499,38.905145],[-90.808333,38.899553],[-90.810213,38.885605],[-90.806213,38.879016],[-90.817827,38.875966],[-90.831097,38.878212],[-90.836594,38.884118],[-90.835431,38.879968],[-90.844673,38.883965],[-90.851301,38.883574],[-90.850189,38.880124],[-90.855845,38.884722],[-90.860366,38.881932],[-90.86291,38.887263],[-90.870425,38.888675],[-90.900496,38.885993],[-90.907772,38.890871],[-90.933455,38.885049],[-90.950643,38.894988],[-90.957555,38.893285],[-90.958536,38.870865],[-91.111251,38.872709],[-91.110187,38.931901],[-91.189348,38.932151],[-91.188396,38.991798],[-91.264287,38.992762],[-91.26382,39.007608]]]}},{"type":"Feature","properties":{"GEOID":"29123","NAME":"Madison","state":"MO","wildfire_risk_score":30.216,"wildfire_eal_total":13012.13,"risk_band":"Low","source":"FEMA National Risk Index v1.20 (December 2025)"},"geometry":{"type":"Polygon","coordinates":[[[-90.548632,37.382321],[-90.547406,37.59841],[-90.535066,37.599371],[-90.535016,37.643641],[-90.146778,37.641618],[-90.146752,37.597127],[-90.138536,37.541219],[-90.144156,37.490069],[-90.145699,37.312091],[-90.549729,37.317594],[-90.548632,37.382321]]]}},{"type":"Feature","properties":{"GEOID":"29207","NAME":"Stoddard","state":"MO","wildfire_risk_score":13.391,"wildfire_eal_total":3956.26,"risk_band":"Low","source":"FEMA National Risk Index v1.20 (December 2025)"},"geometry":{"type":"Polygon","coordinates":[[[-90.259757,36.907633],[-90.248465,36.910832],[-90.25755,36.912049],[-90.258563,36.922043],[-90.24181,36.921807],[-90.24164,36.935945],[-90.223603,36.935756],[-90.223011,36.964649],[-90.205175,36.964552],[-90.204884,36.978777],[-90.186577,36.978683],[-90.186327,36.993345],[-90.168461,36.993195],[-90.167874,37.007651],[-90.149447,37.007444],[-90.14852,37.04144],[-89.99572,37.04011],[-89.995852,37.054734],[-89.959196,37.05438],[-89.959574,37.127251],[-89.765211,37.126066],[-89.765567,37.118597],[-89.772776,37.112673],[-89.774523,37.097272],[-89.786819,37.087824],[-89.78587,37.083424],[-89.766423,37.050702],[-89.758104,37.051643],[-89.753858,37.029897],[-89.746269,37.027757],[-89.737091,37.007186],[-89.721203,36.990054],[-89.72247,36.975812],[-89.718071,36.974768],[-89.720586,36.969043],[-89.714885,36.952125],[-89.695122,36.938675],[-89.692249,36.940651],[-89.6867,36.928047],[-89.689802,36.924113],[-89.68467,36.922976],[-89.693774,36.89964],[-89.686614,36.884797],[-89.689729,36.885991],[-89.697324,36.874127],[-89.689556,36.862972],[-89.704833,36.859285],[-89.700952,36.627453],[-90.148398,36.630656],[-90.142298,36.638155],[-90.1494,36.640695],[-90.138798,36.642356],[-90.14699,36.657501],[-90.134457,36.662529],[-90.136844,36.667413],[-90.142949,36.666545],[-90.140398,36.670856],[-90.149291,36.672047],[-90.144398,36.673355],[-90.149088,36.67922],[-90.142071,36.680521],[-90.149195,36.684245],[-90.139868,36.686918],[-90.146786,36.693692],[-90.139804,36.696072],[-90.143391,36.69889],[-90.146259,36.695159],[-90.153524,36.702674],[-90.148403,36.710559],[-90.1531,36.709301],[-90.151623,36.716346],[-90.164474,36.72492],[-90.162453,36.734163],[-90.169076,36.735594],[-90.168141,36.742307],[-90.177021,36.742232],[-90.17253,36.747543],[-90.17661,36.748181],[-90.175308,36.751973],[-90.18744,36.755814],[-90.1829,36.759257],[-90.190574,36.76325],[-90.189446,36.772033],[-90.196438,36.769526],[-90.206164,36.77386],[-90.200997,36.77721],[-90.202571,36.793572],[-90.197632,36.792713],[-90.203655,36.803432],[-90.197911,36.804143],[-90.209086,36.808581],[-90.208056,36.813462],[-90.216299,36.814595],[-90.210348,36.817552],[-90.21233,36.820718],[-90.22182,36.820332],[-90.217531,36.826524],[-90.224423,36.832396],[-90.216321,36.842811],[-90.222277,36.850474],[-90.224831,36.846698],[-90.229805,36.850117],[-90.224984,36.854493],[-90.23064,36.8527],[-90.230464,36.85874],[-90.235073,36.857779],[-90.238185,36.862937],[-90.240907,36.859426],[-90.244869,36.868543],[-90.253279,36.869571],[-90.256651,36.879718],[-90.248109,36.878389],[-90.252999,36.88188],[-90.251966,36.887702],[-90.245161,36.89255],[-90.249678,36.892213],[-90.24736,36.896194],[-90.259757,36.907633]]]}},{"type":"Feature","properties":{"GEOID":"29143","NAME":"New Madrid","state":"MO","wildfire_risk_score":3.753,"wildfire_eal_total":1196.75,"risk_band":"Low","source":"FEMA National Risk Index v1.20 (December 2025)"},"geometry":{"type":"Polygon","coordinates":[[[-89.971289,36.393135],[-89.963539,36.412378],[-89.962426,36.442331],[-89.957307,36.455466],[-89.960839,36.466757],[-89.956629,36.480619],[-89.960492,36.527459],[-89.95387,36.545644],[-89.963284,36.625471],[-89.958786,36.629331],[-89.700952,36.627453],[-89.704833,36.859285],[-89.605956,36.861659],[-89.604596,36.866218],[-89.56757,36.870909],[-89.519809,36.869617],[-89.519701,36.847896],[-89.502092,36.847571],[-89.502045,36.832803],[-89.483394,36.832815],[-89.483231,36.817815],[-89.472109,36.817769],[-89.472558,36.803345],[-89.463589,36.803301],[-89.463226,36.788923],[-89.445614,36.789311],[-89.445888,36.767646],[-89.436886,36.767944],[-89.436869,36.760521],[-89.428066,36.760719],[-89.42795,36.746524],[-89.418775,36.746728],[-89.418832,36.739405],[-89.401396,36.730819],[-89.400611,36.717451],[-89.39167,36.717383],[-89.39146,36.702911],[-89.373855,36.702935],[-89.373169,36.688248],[-89.364123,36.688178],[-89.364331,36.674012],[-89.354872,36.673709],[-89.355074,36.666702],[-89.346188,36.666785],[-89.345968,36.651818],[-89.336967,36.652067],[-89.336969,36.64486],[-89.327476,36.644969],[-89.3275887217666,36.6321935043326],[-89.35651,36.628439],[-89.375453,36.615719],[-89.382762,36.583603],[-89.395909,36.559649],[-89.398685,36.542329],[-89.41977,36.493896],[-89.436763,36.474432],[-89.460436,36.45814],[-89.486215,36.46162],[-89.494074,36.473225],[-89.48671,36.494954],[-89.465888,36.529946],[-89.467761,36.546847],[-89.479093,36.568206],[-89.500076,36.576305],[-89.542459,36.580566],[-89.566817,36.564216],[-89.571241,36.547343],[-89.560344,36.525436],[-89.519501,36.475419],[-89.523427,36.456572],[-89.543406,36.43877],[-89.545503,36.4307],[-89.542337,36.420103],[-89.509558,36.375065],[-89.519,36.3486],[-89.531822,36.339246],[-89.545006,36.336809],[-89.545085,36.359996],[-89.554176,36.360004],[-89.553944,36.367219],[-89.563218,36.367031],[-89.583722,36.383028],[-89.5923,36.403805],[-89.611016,36.411212],[-89.639738,36.400788],[-89.670752,36.399952],[-89.687359,36.406389],[-89.695795,36.41639],[-89.725501,36.42721],[-89.743568,36.422041],[-89.745841,36.404278],[-89.754837,36.40115],[-89.749096,36.396951],[-89.755649,36.384804],[-89.76623,36.389875],[-89.76818,36.38598],[-89.913426,36.38645],[-89.972478,36.389597],[-89.971289,36.393135]]]}},{"type":"Feature","properties":{"GEOID":"29095","NAME":"Jackson","state":"MO","wildfire_risk_score":49.173,"wildfire_eal_total":48902.84,"risk_band":"Moderate","source":"FEMA National Risk Index v1.20 (December 2025)"},"geometry":{"type":"Polygon","coordinates":[[[-94.608334,38.981806],[-94.607354,39.113444],[-94.595725,39.110004],[-94.554952,39.127428],[-94.534061,39.145908],[-94.506406,39.150914],[-94.484616,39.145504],[-94.46159,39.120372],[-94.430365,39.138026],[-94.402328,39.164766],[-94.399928,39.174803],[-94.407228,39.195303],[-94.389728,39.193503],[-94.378494,39.170365],[-94.363556,39.163656],[-94.337659,39.180742],[-94.322317,39.198647],[-94.314002,39.221267],[-94.295105,39.235523],[-94.250046,39.234845],[-94.238429,39.228219],[-94.229561,39.215356],[-94.212515,39.207086],[-94.173519,39.213829],[-94.170239,39.204486],[-94.185735,39.188029],[-94.18584,39.18103],[-94.133664,39.171239],[-94.104823,39.143507],[-94.118786,38.833208],[-94.608033,38.847207],[-94.608334,38.981806]]]}},{"type":"Feature","properties":{"GEOID":"29157","NAME":"Perry","state":"MO","wildfire_risk_score":17.048,"wildfire_eal_total":7620.8,"risk_band":"Low","source":"FEMA National Risk Index v1.20 (December 2025)"},"geometry":{"type":"Polygon","coordinates":[[[-90.146807,37.638587],[-90.110537,37.67134],[-89.999923,37.821523],[-89.9381907218617,37.8751107703036],[-89.901832,37.869822],[-89.844786,37.905572],[-89.799333,37.881517],[-89.80036,37.868625],[-89.786369,37.851734],[-89.782035,37.855092],[-89.754104,37.846358],[-89.739873,37.84693],[-89.71748,37.825724],[-89.669644,37.799922],[-89.66038,37.786296],[-89.667993,37.759484],[-89.663352,37.750052],[-89.64953,37.745498],[-89.617278,37.74972],[-89.615586,37.74235],[-89.596566,37.732886],[-89.583316,37.713261],[-89.516685,37.692762],[-89.51204,37.680985],[-89.517718,37.641217],[-89.478399,37.598869],[-89.47603,37.590226],[-89.486062,37.580853],[-89.516538,37.584504],[-89.520804,37.581155],[-89.5217295671219,37.5662095222196],[-89.528082,37.563965],[-89.538636,37.574329],[-89.54339,37.567009],[-89.555365,37.576819],[-89.581474,37.571011],[-89.583456,37.58188],[-89.592696,37.57512],[-89.596492,37.579014],[-89.592846,37.58299],[-89.603574,37.592056],[-89.602828,37.603225],[-89.616522,37.592645],[-89.624322,37.593679],[-89.625785,37.588462],[-89.634518,37.59063],[-89.636182,37.586867],[-89.641581,37.592183],[-89.638927,37.603595],[-89.647518,37.59765],[-89.665005,37.598389],[-89.664373,37.59073],[-89.672184,37.58338],[-89.675732,37.591556],[-89.681055,37.584609],[-89.687026,37.595577],[-89.697561,37.594243],[-89.709566,37.599307],[-89.719313,37.587857],[-89.722143,37.595405],[-89.734951,37.601558],[-89.740659,37.599193],[-89.737144,37.590624],[-89.756122,37.592286],[-89.761101,37.587909],[-89.782099,37.591837],[-89.786334,37.598728],[-89.791794,37.592492],[-89.801461,37.592685],[-89.797493,37.600421],[-89.800184,37.606423],[-89.816631,37.599884],[-90.146763,37.597434],[-90.146807,37.638587]]]}},{"type":"Feature","properties":{"GEOID":"29023","NAME":"Butler","state":"MO","wildfire_risk_score":39.44,"wildfire_eal_total":22989.34,"risk_band":"Low","source":"FEMA National Risk Index v1.20 (December 2025)"},"geometry":{"type":"Polygon","coordinates":[[[-90.678562,36.92649],[-90.352708,36.926653],[-90.258563,36.922043],[-90.25755,36.912049],[-90.248465,36.910832],[-90.259757,36.907633],[-90.24736,36.896194],[-90.249678,36.892213],[-90.245161,36.89255],[-90.251966,36.887702],[-90.252999,36.88188],[-90.248109,36.878389],[-90.256651,36.879718],[-90.25413,36.871239],[-90.239833,36.864371],[-90.240907,36.859426],[-90.238185,36.862937],[-90.235073,36.857779],[-90.230464,36.85874],[-90.231808,36.85346],[-90.224984,36.854493],[-90.229805,36.850117],[-90.224831,36.846698],[-90.222277,36.850474],[-90.216321,36.842811],[-90.224423,36.832396],[-90.217531,36.826524],[-90.22182,36.820332],[-90.21233,36.820718],[-90.210348,36.817552],[-90.216299,36.814595],[-90.208056,36.813462],[-90.209086,36.808581],[-90.197911,36.804143],[-90.203655,36.803432],[-90.197632,36.792713],[-90.202571,36.793572],[-90.200997,36.77721],[-90.206164,36.77386],[-90.196438,36.769526],[-90.189446,36.772033],[-90.190574,36.76325],[-90.1829,36.759257],[-90.18744,36.755814],[-90.175308,36.751973],[-90.17661,36.748181],[-90.17253,36.747543],[-90.177021,36.742232],[-90.168141,36.742307],[-90.169076,36.735594],[-90.162453,36.734163],[-90.164474,36.72492],[-90.151623,36.716346],[-90.1531,36.709301],[-90.148403,36.710559],[-90.153524,36.702674],[-90.146259,36.695159],[-90.143391,36.69889],[-90.139804,36.696072],[-90.146786,36.693692],[-90.139868,36.686918],[-90.149195,36.684245],[-90.142071,36.680521],[-90.149088,36.67922],[-90.144398,36.673355],[-90.149291,36.672047],[-90.140398,36.670856],[-90.142949,36.666545],[-90.136844,36.667413],[-90.134457,36.662529],[-90.14699,36.657501],[-90.138798,36.642356],[-90.1494,36.640695],[-90.142298,36.638155],[-90.149628,36.633479],[-90.146558,36.629591],[-90.155472,36.629835],[-90.147636,36.623514],[-90.156997,36.626355],[-90.15472,36.619719],[-90.161152,36.621536],[-90.156044,36.617174],[-90.158765,36.614202],[-90.163489,36.619239],[-90.168559,36.614975],[-90.162911,36.604213],[-90.175853,36.600697],[-90.176262,36.605173],[-90.17725,36.600208],[-90.173677,36.593285],[-90.181673,36.596704],[-90.184231,36.590279],[-90.181051,36.588138],[-90.186992,36.587629],[-90.180791,36.582121],[-90.187633,36.578752],[-90.18068,36.569487],[-90.188546,36.554623],[-90.185666,36.548485],[-90.192074,36.543889],[-90.191254,36.54968],[-90.198155,36.548468],[-90.200122,36.541266],[-90.205264,36.54511],[-90.209954,36.542034],[-90.211572,36.534372],[-90.205234,36.530316],[-90.215349,36.529705],[-90.21364,36.522908],[-90.219942,36.522033],[-90.2176942566343,36.4978037021766],[-90.576179556009,36.4984463732781],[-90.574759,36.59185],[-90.593005,36.592445],[-90.592166,36.679368],[-90.628387,36.679544],[-90.627517,36.810954],[-90.662617,36.811453],[-90.661244,36.882909],[-90.679729,36.883107],[-90.678562,36.92649]]]}},{"type":"Feature","properties":{"GEOID":"29195","NAME":"Saline","state":"MO","wildfire_risk_score":30.153,"wildfire_eal_total":13257.6,"risk_band":"Low","source":"FEMA National Risk Index v1.20 (December 2025)"},"geometry":{"type":"Polygon","coordinates":[[[-93.496377,38.942837],[-93.477233,39.292796],[-93.459908,39.289375],[-93.444231,39.268525],[-93.413924,39.267753],[-93.404775,39.263274],[-93.404498,39.254222],[-93.41523,39.241797],[-93.411414,39.231058],[-93.396335,39.22634],[-93.368136,39.23331],[-93.329121,39.255081],[-93.328962,39.265483],[-93.34443,39.289364],[-93.336856,39.307032],[-93.277725,39.311549],[-93.252726,39.338784],[-93.225221,39.328863],[-93.189569,39.370383],[-93.190199,39.381792],[-93.200951,39.398891],[-93.199282,39.404312],[-93.177451,39.411714],[-93.164322,39.405007],[-93.151992,39.387158],[-93.139631,39.378643],[-93.125199,39.377675],[-93.106071,39.383724],[-93.087759,39.378912],[-93.077083,39.3655],[-93.074438,39.337965],[-93.052043,39.320725],[-93.023776,39.313115],[-92.959801,39.312526],[-92.953402,39.302752],[-92.957766,39.279336],[-92.947403,39.270094],[-92.916749,39.25794],[-92.919968,39.232953],[-92.911669,39.223946],[-92.892788,39.222507],[-92.862851,39.236437],[-92.84907,39.230612],[-92.861077,39.200151],[-92.904802,39.166155],[-92.906073,39.147639],[-92.911696,39.138173],[-92.94385,39.121738],[-92.942786,39.103531],[-92.90897,39.095547],[-92.907362,39.084206],[-93.048245,38.972598],[-93.050453,38.928244],[-93.496377,38.942837]]]}},{"type":"Feature","properties":{"GEOID":"29169","NAME":"Pulaski","state":"MO","wildfire_risk_score":62.532,"wildfire_eal_total":135296.99,"risk_band":"High","source":"FEMA National Risk Index v1.20 (December 2025)"},"geometry":{"type":"Polygon","coordinates":[[[-92.412212,37.757084],[-92.406275,38.021179],[-92.021165,38.010639],[-92.029258,37.602542],[-92.249463,37.604543],[-92.248937,37.648471],[-92.413661,37.71416],[-92.412212,37.757084]]]}},{"type":"Feature","properties":{"GEOID":"29015","NAME":"Benton","state":"MO","wildfire_risk_score":69.466,"wildfire_eal_total":110320.53,"risk_band":"High","source":"FEMA National Risk Index v1.20 (December 2025)"},"geometry":{"type":"Polygon","coordinates":[[[-93.523484,38.207216],[-93.511958,38.446814],[-93.515081,38.454521],[-93.512743,38.512476],[-93.291851,38.506321],[-93.290454,38.535388],[-93.067352,38.530094],[-93.082164,38.186503],[-93.059073,38.185685],[-93.065199,38.062479],[-93.503946,38.073123],[-93.49728,38.199087],[-93.513309,38.199524],[-93.51173,38.20648],[-93.523484,38.207216]]]}},{"type":"Feature","properties":{"GEOID":"29041","NAME":"Chariton","state":"MO","wildfire_risk_score":48.187,"wildfire_eal_total":38004.33,"risk_band":"Moderate","source":"FEMA National Risk Index v1.20 (December 2025)"},"geometry":{"type":"Polygon","coordinates":[[[-93.287446,39.6833],[-93.264826,39.697628],[-93.266968,39.703562],[-93.260957,39.703719],[-93.082799,39.706709],[-92.689331,39.698094],[-92.692149,39.610265],[-92.696592,39.610371],[-92.698322,39.576134],[-92.707367,39.321614],[-92.790369,39.343586],[-92.849224,39.226218],[-92.850702,39.233142],[-92.862851,39.236437],[-92.892788,39.222507],[-92.911669,39.223946],[-92.919968,39.232953],[-92.916749,39.25794],[-92.947403,39.270094],[-92.957766,39.279336],[-92.953273,39.298457],[-92.958148,39.311142],[-92.971592,39.3156],[-93.023776,39.313115],[-93.061533,39.325566],[-93.076948,39.342506],[-93.080289,39.371752],[-93.092577,39.38156],[-93.114348,39.387],[-93.117177,39.415861],[-93.13913,39.423478],[-93.15475,39.421723],[-93.16555,39.436335],[-93.183537,39.432473],[-93.204897,39.440438],[-93.197752,39.4343],[-93.213581,39.430507],[-93.210653,39.44005],[-93.217426,39.443296],[-93.222101,39.439982],[-93.216267,39.434646],[-93.219212,39.430402],[-93.230116,39.437943],[-93.229918,39.44724],[-93.219546,39.450793],[-93.224774,39.460497],[-93.221593,39.467662],[-93.228095,39.473215],[-93.239212,39.470877],[-93.237541,39.464423],[-93.247415,39.458092],[-93.246927,39.442972],[-93.254582,39.445083],[-93.249464,39.452491],[-93.253969,39.461918],[-93.275848,39.458302],[-93.274867,39.465108],[-93.264322,39.461182],[-93.261638,39.469973],[-93.276591,39.486123],[-93.276539,39.496705],[-93.265863,39.500023],[-93.283007,39.519477],[-93.275671,39.526782],[-93.285858,39.537857],[-93.27724,39.539467],[-93.271128,39.534376],[-93.26595,39.541666],[-93.253605,39.54354],[-93.266368,39.546085],[-93.258024,39.555218],[-93.270014,39.560196],[-93.266591,39.573608],[-93.275055,39.590096],[-93.269856,39.599925],[-93.281038,39.619128],[-93.277289,39.622863],[-93.265772,39.620025],[-93.260388,39.626711],[-93.283418,39.651433],[-93.283056,39.656355],[-93.277638,39.651826],[-93.273392,39.654842],[-93.285892,39.666819],[-93.279261,39.681613],[-93.287446,39.6833]]]}},{"type":"Feature","properties":{"GEOID":"29029","NAME":"Camden","state":"MO","wildfire_risk_score":81.838,"wildfire_eal_total":404952.56,"risk_band":"High","source":"FEMA National Risk Index v1.20 (December 2025)"},"geometry":{"type":"Polygon","coordinates":[[[-93.082164,38.186503],[-93.077692,38.263092],[-93.061136,38.271616],[-93.046306,38.267757],[-93.016534,38.244912],[-93.00565,38.222705],[-92.984195,38.219728],[-92.984894,38.211428],[-93.01204,38.210224],[-93.02,38.204797],[-93.022277,38.198642],[-93.01694,38.191282],[-93.0062,38.186002],[-92.986555,38.190761],[-92.956898,38.229508],[-92.937823,38.225223],[-92.931993,38.216229],[-92.938793,38.208529],[-92.956593,38.203729],[-92.962994,38.197229],[-92.764539,38.189619],[-92.755988,38.212465],[-92.736675,38.220733],[-92.707187,38.224031],[-92.675586,38.212831],[-92.640085,38.213032],[-92.641314,38.171631],[-92.604684,38.170733],[-92.605302,38.139894],[-92.596374,38.139787],[-92.596761,38.110754],[-92.587688,38.110636],[-92.587984,38.096134],[-92.569682,38.095934],[-92.570281,38.066635],[-92.552081,38.066335],[-92.552381,38.052145],[-92.533554,38.051808],[-92.533895,38.037467],[-92.51558,38.036936],[-92.515979,38.022336],[-92.406275,38.021179],[-92.409231,37.85918],[-92.421761,37.858728],[-92.449459,37.835359],[-92.452953,37.824083],[-92.501467,37.827735],[-92.513509,37.810932],[-92.53168,37.811139],[-92.539605,37.802064],[-92.549074,37.800539],[-92.56532,37.806965],[-92.571576,37.823639],[-92.585376,37.828038],[-92.600077,37.840338],[-92.599177,37.851838],[-92.608678,37.856138],[-92.618678,37.873837],[-92.620181,37.892521],[-93.072447,37.902627],[-93.059073,38.185685],[-93.082164,38.186503]]]}},{"type":"Feature","properties":{"GEOID":"29031","NAME":"Cape Girardeau","state":"MO","wildfire_risk_score":32.697,"wildfire_eal_total":19982.59,"risk_band":"Low","source":"FEMA National Risk Index v1.20 (December 2025)"},"geometry":{"type":"Polygon","coordinates":[[[-89.8668,37.218975],[-89.86326,37.219035],[-89.86259,37.248796],[-89.861123,37.599286],[-89.816631,37.599884],[-89.800184,37.606423],[-89.797493,37.600421],[-89.801461,37.592685],[-89.791794,37.592492],[-89.786334,37.598728],[-89.782099,37.591837],[-89.761101,37.587909],[-89.756122,37.592286],[-89.737144,37.590624],[-89.740659,37.599193],[-89.734951,37.601558],[-89.722143,37.595405],[-89.719313,37.587857],[-89.709566,37.599307],[-89.697561,37.594243],[-89.687026,37.595577],[-89.681055,37.584609],[-89.675732,37.591556],[-89.672184,37.58338],[-89.664373,37.59073],[-89.665005,37.598389],[-89.647518,37.59765],[-89.638927,37.603595],[-89.641581,37.592183],[-89.636182,37.586867],[-89.634518,37.59063],[-89.625785,37.588462],[-89.624322,37.593679],[-89.616522,37.592645],[-89.602828,37.603225],[-89.603574,37.592056],[-89.592846,37.58299],[-89.596492,37.579014],[-89.592696,37.57512],[-89.583456,37.58188],[-89.581474,37.571011],[-89.555365,37.576819],[-89.54339,37.567009],[-89.538636,37.574329],[-89.529294,37.564189],[-89.5217295671219,37.5662095222196],[-89.516447,37.535558],[-89.475525,37.471388],[-89.439769,37.4372],[-89.42132,37.392077],[-89.432836,37.347056],[-89.447556,37.340475],[-89.484211,37.335646],[-89.511842,37.310825],[-89.51834,37.285497],[-89.4887281875826,37.2515074830223],[-89.490219,37.24721],[-89.518137,37.243535],[-89.520489,37.247325],[-89.546448,37.247296],[-89.546502,37.240222],[-89.583475,37.240319],[-89.583476,37.23292],[-89.620256,37.233008],[-89.620457,37.21828],[-89.649659,37.218268],[-89.649464,37.20619],[-89.667422,37.206126],[-89.667426,37.198754],[-89.685996,37.198486],[-89.685848,37.184005],[-89.704168,37.183964],[-89.703797,37.155049],[-89.722045,37.155074],[-89.721783,37.14056],[-89.758515,37.140608],[-89.758224,37.126039],[-89.866627,37.126227],[-89.8668,37.218975]]]}},{"type":"Feature","properties":{"GEOID":"29069","NAME":"Dunklin","state":"MO","wildfire_risk_score":7.761,"wildfire_eal_total":1774.76,"risk_band":"Low","source":"FEMA National Risk Index v1.20 (December 2025)"},"geometry":{"type":"Polygon","coordinates":[[[-90.3778638390322,35.9957178722202],[-90.351732,36.025347],[-90.347908,36.041939],[-90.337146,36.047754],[-90.333261,36.067504],[-90.320746,36.071326],[-90.319168,36.089976],[-90.29991,36.098236],[-90.293109,36.114368],[-90.266256,36.120559],[-90.235585,36.139474],[-90.231386,36.147348],[-90.23537,36.159153],[-90.220425,36.184764],[-90.21128,36.183392],[-90.188189,36.20536],[-90.161166,36.215767],[-90.15614,36.213706],[-90.14224,36.227522],[-90.126366,36.229367],[-90.12466,36.235549],[-90.130565,36.242092],[-90.118219,36.253491],[-90.114922,36.265595],[-90.083731,36.272332],[-90.075934,36.281485],[-90.0778,36.288349],[-90.06398,36.303038],[-90.069266,36.313152],[-90.081961,36.322097],[-90.074074,36.342895],[-90.077723,36.349484],[-90.066297,36.3593],[-90.064514,36.382085],[-90.080426,36.400763],[-90.109495,36.404073],[-90.131038,36.415069],[-90.138512,36.413952],[-90.134231,36.422827],[-90.144139,36.425806],[-90.134136,36.436602],[-90.137323,36.455411],[-90.142475,36.463422],[-90.155804,36.463555],[-90.152888,36.47093],[-90.142269,36.472138],[-90.159376,36.480084],[-90.155997,36.490385],[-90.159048,36.493734],[-90.152481,36.497952],[-90.2176942566343,36.4978037021766],[-90.219942,36.522033],[-90.21364,36.522908],[-90.215349,36.529705],[-90.205234,36.530316],[-90.211572,36.534372],[-90.209954,36.542034],[-90.205264,36.54511],[-90.200122,36.541266],[-90.198155,36.548468],[-90.191254,36.54968],[-90.192074,36.543889],[-90.185666,36.548485],[-90.188546,36.554623],[-90.18068,36.569487],[-90.187633,36.578752],[-90.180791,36.582121],[-90.186992,36.587629],[-90.181051,36.588138],[-90.184231,36.590279],[-90.181673,36.596704],[-90.173677,36.593285],[-90.17725,36.600208],[-90.176262,36.605173],[-90.175853,36.600697],[-90.162911,36.604213],[-90.168559,36.614975],[-90.163489,36.619239],[-90.158765,36.614202],[-90.156044,36.617174],[-90.161152,36.621536],[-90.15472,36.619719],[-90.156997,36.626355],[-90.147636,36.623514],[-90.148934,36.627896],[-90.153105,36.626509],[-90.155331,36.628694],[-90.154379,36.630413],[-89.958786,36.629331],[-89.963284,36.625471],[-89.963601,36.613435],[-89.953996,36.550114],[-89.960492,36.527459],[-89.956629,36.480619],[-89.960839,36.466757],[-89.957307,36.455466],[-89.962426,36.442331],[-89.963539,36.412378],[-89.972478,36.389597],[-89.96131,36.388803],[-89.959377,35.99902],[-90.3778638390322,35.9957178722202]]]}},{"type":"Feature","properties":{"GEOID":"29189","NAME":"St. Louis","state":"MO","wildfire_risk_score":61.705,"wildfire_eal_total":100747.64,"risk_band":"High","source":"FEMA National Risk Index v1.20 (December 2025)"},"geometry":{"type":"Polygon","coordinates":[[[-90.736126,38.468131],[-90.732328,38.639302],[-90.705811,38.647253],[-90.702995,38.657479],[-90.679252,38.665602],[-90.674531,38.682193],[-90.660509,38.688551],[-90.623805,38.69028],[-90.588614,38.680503],[-90.554722,38.681552],[-90.539288,38.686778],[-90.530363,38.69863],[-90.531927,38.730298],[-90.492149,38.751793],[-90.482658,38.763472],[-90.473188,38.790978],[-90.440617,38.82765],[-90.41932,38.829277],[-90.382268,38.821942],[-90.365801,38.825878],[-90.344965,38.849372],[-90.336387,38.882572],[-90.31423,38.891146],[-90.293712,38.885548],[-90.256136,38.852128],[-90.188927,38.81851],[-90.150893,38.829925],[-90.132811,38.825086],[-90.123064,38.816035],[-90.117707,38.805748],[-90.123107,38.798048],[-90.1667138613198,38.7722694787651],[-90.184184,38.774288],[-90.186402,38.761546],[-90.205717,38.741849],[-90.221779,38.730134],[-90.251773,38.71885],[-90.301828,38.655642],[-90.320515,38.594152],[-90.306958,38.572194],[-90.272664,38.548596],[-90.266872,38.534267],[-90.2577736606992,38.5320062026605],[-90.292782,38.428651],[-90.3413309865561,38.3882145886649],[-90.347939,38.405357],[-90.348122,38.430592],[-90.336135,38.453491],[-90.353631,38.458217],[-90.391031,38.450561],[-90.39471,38.458486],[-90.411214,38.453438],[-90.422609,38.482056],[-90.407949,38.483328],[-90.405335,38.500598],[-90.591123,38.501652],[-90.602652,38.479617],[-90.613685,38.471328],[-90.626331,38.475903],[-90.633746,38.485782],[-90.655561,38.486737],[-90.660703,38.479195],[-90.654733,38.456078],[-90.678775,38.445877],[-90.686546,38.447542],[-90.676907,38.455309],[-90.680546,38.458372],[-90.688669,38.453141],[-90.68782,38.460408],[-90.696932,38.47191],[-90.717805,38.468782],[-90.71425,38.475075],[-90.71712,38.478267],[-90.730509,38.482736],[-90.736126,38.468131]]]}},{"type":"Feature","properties":{"GEOID":"29017","NAME":"Bollinger","state":"MO","wildfire_risk_score":22.106,"wildfire_eal_total":9715.87,"risk_band":"Low","source":"FEMA National Risk Index v1.20 (December 2025)"},"geometry":{"type":"Polygon","coordinates":[[[-90.222864,37.10058],[-90.217657,37.314967],[-90.145699,37.312091],[-90.144156,37.490069],[-90.138536,37.541219],[-90.146763,37.597434],[-89.861123,37.599286],[-89.866627,37.126227],[-89.959574,37.127251],[-89.959196,37.05438],[-89.995852,37.054734],[-89.99572,37.04011],[-90.111247,37.041205],[-90.110354,37.085871],[-90.22323,37.086519],[-90.222864,37.10058]]]}},{"type":"Feature","properties":{"GEOID":"29139","NAME":"Montgomery","state":"MO","wildfire_risk_score":44.434,"wildfire_eal_total":27169.23,"risk_band":"Moderate","source":"FEMA National Risk Index v1.20 (December 2025)"},"geometry":{"type":"Polygon","coordinates":[[[-91.646421,38.716178],[-91.629598,39.147853],[-91.260232,39.139845],[-91.264927,38.843833],[-91.415832,38.8453],[-91.418637,38.709778],[-91.4576,38.70627],[-91.453063,38.709268],[-91.472339,38.707621],[-91.487792,38.713114],[-91.501074,38.704687],[-91.502602,38.695],[-91.552196,38.676322],[-91.587665,38.682185],[-91.625169,38.70073],[-91.647171,38.703396],[-91.646421,38.716178]]]}},{"type":"Feature","properties":{"GEOID":"29179","NAME":"Reynolds","state":"MO","wildfire_risk_score":48.505,"wildfire_eal_total":37183.2,"risk_band":"Moderate","source":"FEMA National Risk Index v1.20 (December 2025)"},"geometry":{"type":"Polygon","coordinates":[[[-91.313176,37.555046],[-91.312458,37.592824],[-91.100665,37.587762],[-90.986777,37.603853],[-90.768695,37.603011],[-90.772949,37.373659],[-90.74972,37.372796],[-90.753627,37.270113],[-90.735453,37.27104],[-90.734438,37.227146],[-90.737146,37.166413],[-90.75587,37.166722],[-90.756799,37.137739],[-90.77903,37.137632],[-90.779553,37.050324],[-90.964466,37.053584],[-90.963562,37.09736],[-90.99989,37.100404],[-91.017766,37.095677],[-91.017163,37.143478],[-91.035138,37.140181],[-91.034346,37.169343],[-91.071046,37.162712],[-91.070634,37.177573],[-91.088865,37.174179],[-91.08826,37.203193],[-91.126028,37.19948],[-91.123152,37.254504],[-91.159321,37.255038],[-91.158429,37.312917],[-91.176158,37.312592],[-91.175405,37.414805],[-91.211863,37.415277],[-91.210984,37.501911],[-91.314236,37.505132],[-91.313176,37.555046]]]}},{"type":"Feature","properties":{"GEOID":"29067","NAME":"Douglas","state":"MO","wildfire_risk_score":58.683,"wildfire_eal_total":62007.75,"risk_band":"High","source":"FEMA National Risk Index v1.20 (December 2025)"},"geometry":{"type":"Polygon","coordinates":[[[-92.908987,36.819885],[-92.903273,37.070651],[-92.088708,37.056248],[-92.095982,36.794011],[-92.909336,36.809178],[-92.908987,36.819885]]]}},{"type":"Feature","properties":{"GEOID":"29151","NAME":"Osage","state":"MO","wildfire_risk_score":35.846,"wildfire_eal_total":21875.66,"risk_band":"Low","source":"FEMA National Risk Index v1.20 (December 2025)"},"geometry":{"type":"Polygon","coordinates":[[[-92.195222,38.308919],[-92.193178,38.370835],[-92.180721,38.378419],[-92.160577,38.377036],[-92.13532,38.383821],[-92.121777,38.391337],[-92.114977,38.401937],[-92.121319,38.417077],[-92.157671,38.439044],[-92.167357,38.469687],[-92.147333,38.474086],[-92.12764,38.460861],[-92.110415,38.457376],[-92.073712,38.466724],[-92.043489,38.466479],[-92.020554,38.47629],[-92.008298,38.497119],[-92.027094,38.528713],[-92.024875,38.553627],[-92.018912,38.558954],[-92.0035,38.56026],[-92.008983,38.5709],[-91.982025,38.587638],[-91.943936,38.597075],[-91.893749,38.634087],[-91.877356,38.657743],[-91.86057,38.668174],[-91.814436,38.681835],[-91.759726,38.685157],[-91.732286,38.705891],[-91.640372,38.703792],[-91.644729,38.28851],[-91.86312,38.29361],[-92.012094,38.28815],[-92.195675,38.292237],[-92.195222,38.308919]]]}},{"type":"Feature","properties":{"GEOID":"29121","NAME":"Macon","state":"MO","wildfire_risk_score":52.64,"wildfire_eal_total":49336.36,"risk_band":"Moderate","source":"FEMA National Risk Index v1.20 (December 2025)"},"geometry":{"type":"Polygon","coordinates":[[[-92.857097,39.729376],[-92.847477,40.037301],[-92.34294,40.037163],[-92.344708,39.953297],[-92.287882,39.95249],[-92.299316,39.605344],[-92.692149,39.610265],[-92.689331,39.698094],[-92.85792,39.699985],[-92.857097,39.729376]]]}},{"type":"Feature","properties":{"GEOID":"29061","NAME":"Daviess","state":"MO","wildfire_risk_score":51.718,"wildfire_eal_total":39253.12,"risk_band":"Moderate","source":"FEMA National Risk Index v1.20 (December 2025)"},"geometry":{"type":"Polygon","coordinates":[[[-94.218459,40.049406],[-94.216696,40.136626],[-93.764021,40.132909],[-93.758992,39.784674],[-94.205844,39.788954],[-94.203457,40.034539],[-94.2188,40.034885],[-94.218459,40.049406]]]}},{"type":"Feature","properties":{"GEOID":"29049","NAME":"Clinton","state":"MO","wildfire_risk_score":66.253,"wildfire_eal_total":153690.58,"risk_band":"High","source":"FEMA National Risk Index v1.20 (December 2025)"},"geometry":{"type":"Polygon","coordinates":[[[-94.602257,39.747195],[-94.205961,39.745841],[-94.210642,39.454682],[-94.600819,39.456155],[-94.602257,39.747195]]]}},{"type":"Feature","properties":{"GEOID":"29063","NAME":"DeKalb","state":"MO","wildfire_risk_score":46.374,"wildfire_eal_total":46183.14,"risk_band":"Moderate","source":"FEMA National Risk Index v1.20 (December 2025)"},"geometry":{"type":"Polygon","coordinates":[[[-94.605377,40.039217],[-94.329967,40.039255],[-94.203457,40.034539],[-94.205961,39.745841],[-94.602257,39.747195],[-94.605377,40.039217]]]}},{"type":"Feature","properties":{"GEOID":"29071","NAME":"Franklin","state":"MO","wildfire_risk_score":66.698,"wildfire_eal_total":157892.22,"risk_band":"High","source":"FEMA National Risk Index v1.20 (December 2025)"},"geometry":{"type":"Polygon","coordinates":[[[-91.369192,38.699324],[-91.34912,38.695435],[-91.324376,38.708414],[-91.313093,38.706715],[-91.232986,38.65134],[-91.223683,38.620149],[-91.125148,38.597704],[-91.077324,38.609343],[-91.055898,38.608267],[-91.037222,38.598576],[-91.02143,38.57352],[-91.007809,38.562345],[-90.926767,38.53429],[-90.895968,38.540589],[-90.841933,38.565955],[-90.812988,38.585554],[-90.773622,38.594617],[-90.756419,38.610672],[-90.742412,38.634563],[-90.732328,38.639302],[-90.737599,38.415897],[-90.780185,38.204112],[-91.36763,38.204013],[-91.369192,38.699324]]]}},{"type":"Feature","properties":{"GEOID":"29167","NAME":"Polk","state":"MO","wildfire_risk_score":72.201,"wildfire_eal_total":177005.09,"risk_band":"High","source":"FEMA National Risk Index v1.20 (December 2025)"},"geometry":{"type":"Polygon","coordinates":[[[-93.632033,37.749584],[-93.628404,37.829435],[-93.573202,37.828035],[-93.574103,37.813336],[-93.187915,37.802737],[-93.19138,37.730012],[-93.173183,37.72966],[-93.182489,37.417204],[-93.621153,37.427423],[-93.609489,37.741755],[-93.632439,37.742302],[-93.632033,37.749584]]]}},{"type":"Feature","properties":{"GEOID":"29055","NAME":"Crawford","state":"MO","wildfire_risk_score":53.594,"wildfire_eal_total":58469.64,"risk_band":"Moderate","source":"FEMA National Risk Index v1.20 (December 2025)"},"geometry":{"type":"Polygon","coordinates":[[[-91.535333,38.210936],[-91.367482,38.209741],[-91.36763,38.204013],[-91.095765,38.204083],[-91.093953,38.001273],[-91.100017,37.740012],[-91.146521,37.740811],[-91.146972,37.697198],[-91.310655,37.700048],[-91.308311,37.787186],[-91.528797,37.788989],[-91.525025,38.152433],[-91.534384,38.152593],[-91.535333,38.210936]]]}},{"type":"Feature","properties":{"GEOID":"29145","NAME":"Newton","state":"MO","wildfire_risk_score":77.29,"wildfire_eal_total":296666.62,"risk_band":"High","source":"FEMA National Risk Index v1.20 (December 2025)"},"geometry":{"type":"Polygon","coordinates":[[[-94.618658,36.880064],[-94.617875,37.056798],[-94.059211,37.048127],[-94.068898,36.747818],[-94.618307,36.76656],[-94.618658,36.880064]]]}},{"type":"Feature","properties":{"GEOID":"29133","NAME":"Mississippi","state":"MO","wildfire_risk_score":1.59,"wildfire_eal_total":513.62,"risk_band":"Low","source":"FEMA National Risk Index v1.20 (December 2025)"},"geometry":{"type":"Polygon","coordinates":[[[-89.519865,36.876937],[-89.501515,36.876926],[-89.501526,36.906262],[-89.465233,36.906239],[-89.465393,36.935729],[-89.42995,36.935609],[-89.429899,36.950263],[-89.411479,36.950135],[-89.411289,36.964787],[-89.375064,36.964947],[-89.374344,36.99421],[-89.347303,37.001977],[-89.347205,37.00911],[-89.3132706651453,37.0095638944548],[-89.29213,36.992189],[-89.278628,36.98867],[-89.266242,36.996302],[-89.257608,37.015496],[-89.260003,37.023288],[-89.304752,37.047565],[-89.310819,37.057897],[-89.307726,37.069654],[-89.259936,37.064071],[-89.25493,37.072014],[-89.234053,37.037277],[-89.200793,37.016164],[-89.192097,36.979995],[-89.185491,36.973518],[-89.170008,36.970298],[-89.125069,36.983499],[-89.109498,36.976563],[-89.099594,36.964543],[-89.100766,36.943973],[-89.117567,36.887356],[-89.131944,36.857437],[-89.137969,36.847349],[-89.1704,36.841522],[-89.178888,36.831368],[-89.178749,36.809928],[-89.171069,36.798119],[-89.155891,36.789126],[-89.12353,36.785309],[-89.116067,36.772423],[-89.119198,36.759802],[-89.130399,36.751702],[-89.169106,36.759473],[-89.184523,36.753638],[-89.197808,36.739412],[-89.19948,36.716045],[-89.169522,36.688878],[-89.167961,36.678189],[-89.171882,36.672526],[-89.15908,36.666352],[-89.197654,36.628936],[-89.202607,36.601576],[-89.213563,36.580119],[-89.236542,36.566824],[-89.259994,36.565149],[-89.294637,36.593729],[-89.3275887217666,36.6321935043326],[-89.327476,36.644969],[-89.336969,36.64486],[-89.336967,36.652067],[-89.345968,36.651818],[-89.346188,36.666785],[-89.355074,36.666702],[-89.354872,36.673709],[-89.364331,36.674012],[-89.364123,36.688178],[-89.373169,36.688248],[-89.373855,36.702935],[-89.39146,36.702911],[-89.39167,36.717383],[-89.400611,36.717451],[-89.401396,36.730819],[-89.418832,36.739405],[-89.418775,36.746728],[-89.42795,36.746524],[-89.428066,36.760719],[-89.436869,36.760521],[-89.436886,36.767944],[-89.445888,36.767646],[-89.445614,36.789311],[-89.463226,36.788923],[-89.463589,36.803301],[-89.472558,36.803345],[-89.472109,36.817769],[-89.483231,36.817815],[-89.483394,36.832815],[-89.502045,36.832803],[-89.502092,36.847571],[-89.519701,36.847896],[-89.519865,36.876937]]]}},{"type":"Feature","properties":{"GEOID":"29163","NAME":"Pike","state":"MO","wildfire_risk_score":41.953,"wildfire_eal_total":30365.45,"risk_band":"Moderate","source":"FEMA National Risk Index v1.20 (December 2025)"},"geometry":{"type":"Polygon","coordinates":[[[-91.460442,39.450722],[-91.203712,39.598355],[-91.178012,39.598196],[-91.168419,39.564928],[-91.158606,39.553048],[-91.148275,39.545798],[-91.100307,39.538695],[-91.079769,39.507728],[-91.064305,39.494643],[-91.059439,39.46886],[-91.03827,39.448436],[-90.993789,39.422959],[-90.940766,39.403984],[-90.928745,39.387544],[-90.904862,39.379403],[-90.893777,39.367343],[-90.8475,39.345272],[-90.816851,39.320496],[-90.793461,39.309498],[-90.751599,39.265432],[-90.72996,39.255894],[-90.721835,39.224108],[-91.182942,39.227233],[-91.18546,39.13905],[-91.409033,39.142542],[-91.460442,39.450722]]]}},{"type":"Feature","properties":{"GEOID":"29081","NAME":"Harrison","state":"MO","wildfire_risk_score":60.051,"wildfire_eal_total":63209.48,"risk_band":"High","source":"FEMA National Risk Index v1.20 (December 2025)"},"geometry":{"type":"Polygon","coordinates":[[[-94.2322400446736,40.5719073719896],[-93.7743442708352,40.5775843690663],[-93.774548,40.47235],[-93.764823,40.472515],[-93.764021,40.132909],[-94.216696,40.136626],[-94.214619,40.470464],[-94.231565,40.470357],[-94.2322400446736,40.5719073719896]]]}},{"type":"Feature","properties":{"GEOID":"29217","NAME":"Vernon","state":"MO","wildfire_risk_score":24.523,"wildfire_eal_total":9938.84,"risk_band":"Low","source":"FEMA National Risk Index v1.20 (December 2025)"},"geometry":{"type":"Polygon","coordinates":[[[-94.6178411032141,37.7282141838004],[-94.6140548972092,38.0600558584152],[-94.240643,38.050821],[-94.239413,38.04416],[-94.230452,38.044697],[-94.24075,38.039386],[-94.233334,38.032451],[-94.245361,38.029221],[-94.236588,38.025952],[-94.225197,38.027016],[-94.223889,38.040348],[-94.215532,38.033682],[-94.209544,38.052158],[-94.195358,38.053688],[-94.20069,38.046545],[-94.196061,38.033791],[-94.191788,38.044794],[-94.169431,38.049549],[-94.157432,38.057119],[-94.150064,38.053913],[-94.131396,38.057995],[-94.124693,38.05017],[-94.115478,38.048433],[-94.118755,38.042159],[-94.109911,38.03732],[-94.105647,38.037759],[-94.101912,38.048105],[-94.093801,38.039651],[-94.086424,38.040363],[-94.088601,38.035946],[-94.082752,38.031695],[-94.069375,38.03682],[-94.063198,38.030861],[-94.058285,38.036627],[-94.073307,37.760562],[-94.073342,37.755706],[-94.068716,37.755568],[-94.073524,37.639722],[-94.6175754334997,37.6535765775648],[-94.6178411032141,37.7282141838004]]]}},{"type":"Feature","properties":{"GEOID":"29083","NAME":"Henry","state":"MO","wildfire_risk_score":43.543,"wildfire_eal_total":25177.03,"risk_band":"Moderate","source":"FEMA National Risk Index v1.20 (December 2025)"},"geometry":{"type":"Polygon","coordinates":[[[-94.073721,38.258083],[-94.064317,38.56738],[-93.51103,38.55621],[-93.523484,38.207216],[-93.538576,38.205477],[-93.5609,38.220808],[-93.570781,38.215409],[-93.557336,38.201074],[-94.075214,38.214502],[-94.073721,38.258083]]]}},{"type":"Feature","properties":{"GEOID":"29187","NAME":"St. Francois","state":"MO","wildfire_risk_score":57.252,"wildfire_eal_total":65611.39,"risk_band":"Moderate","source":"FEMA National Risk Index v1.20 (December 2025)"},"geometry":{"type":"Polygon","coordinates":[[[-90.647843,37.644602],[-90.63998,38.076548],[-90.612166,38.070084],[-90.621447,38.047474],[-90.612751,38.017021],[-90.628084,38.007743],[-90.583324,38.003499],[-90.416953,38.042701],[-90.32287,37.981731],[-90.459133,37.878924],[-90.34833,37.793495],[-90.200208,37.669628],[-90.154187,37.699766],[-90.110537,37.67134],[-90.146778,37.641618],[-90.647843,37.644602]]]}},{"type":"Feature","properties":{"GEOID":"29089","NAME":"Howard","state":"MO","wildfire_risk_score":31.87,"wildfire_eal_total":18953.46,"risk_band":"Low","source":"FEMA National Risk Index v1.20 (December 2025)"},"geometry":{"type":"Polygon","coordinates":[[[-92.945317,39.114685],[-92.94165,39.125892],[-92.911696,39.138173],[-92.906073,39.147639],[-92.904802,39.166155],[-92.896741,39.175906],[-92.875186,39.187007],[-92.859083,39.202975],[-92.790369,39.343586],[-92.430229,39.248795],[-92.565052,38.998741],[-92.563692,38.986616],[-92.556495,38.985426],[-92.569489,38.978345],[-92.558086,38.970692],[-92.59776,38.967681],[-92.6467,38.975875],[-92.693002,38.975957],[-92.719421,38.98426],[-92.783099,38.971571],[-92.852628,38.982183],[-92.87951,39.003236],[-92.902547,39.01111],[-92.914477,39.021188],[-92.935096,39.06099],[-92.930482,39.068532],[-92.910762,39.079759],[-92.907438,39.092655],[-92.942786,39.103531],[-92.945317,39.114685]]]}},{"type":"Feature","properties":{"GEOID":"29077","NAME":"Greene","state":"MO","wildfire_risk_score":72.424,"wildfire_eal_total":241468.76,"risk_band":"High","source":"FEMA National Risk Index v1.20 (December 2025)"},"geometry":{"type":"Polygon","coordinates":[[[-93.624415,37.324748],[-93.621153,37.427423],[-93.07338,37.414989],[-93.076778,37.270412],[-93.061541,37.269832],[-93.065274,37.088694],[-93.608899,37.098153],[-93.605095,37.281482],[-93.625844,37.282011],[-93.624415,37.324748]]]}},{"type":"Feature","properties":{"GEOID":"29223","NAME":"Wayne","state":"MO","wildfire_risk_score":47.169,"wildfire_eal_total":23688.93,"risk_band":"Moderate","source":"FEMA National Risk Index v1.20 (December 2025)"},"geometry":{"type":"Polygon","coordinates":[[[-90.778938,37.107795],[-90.77903,37.137632],[-90.756799,37.137739],[-90.75587,37.166722],[-90.737146,37.166413],[-90.735453,37.27104],[-90.661775,37.274767],[-90.550603,37.272608],[-90.549729,37.317594],[-90.217657,37.314967],[-90.22323,37.086519],[-90.110354,37.085871],[-90.111247,37.041205],[-90.14852,37.04144],[-90.149447,37.007444],[-90.167874,37.007651],[-90.168461,36.993195],[-90.186327,36.993345],[-90.186577,36.978683],[-90.204884,36.978777],[-90.205175,36.964552],[-90.223011,36.964649],[-90.223603,36.935756],[-90.24164,36.935945],[-90.24181,36.921807],[-90.352708,36.926653],[-90.696891,36.927186],[-90.695419,36.970751],[-90.71342,36.971051],[-90.712986,37.000367],[-90.730938,37.000398],[-90.729722,37.049534],[-90.779553,37.050324],[-90.778938,37.107795]]]}},{"type":"Feature","properties":{"GEOID":"29091","NAME":"Howell","state":"MO","wildfire_risk_score":75.445,"wildfire_eal_total":215225.63,"risk_band":"High","source":"FEMA National Risk Index v1.20 (December 2025)"},"geometry":{"type":"Polygon","coordinates":[[[-92.1203864308024,36.4988632711175],[-92.112346,36.794231],[-92.095982,36.794011],[-92.088708,37.056248],[-91.655607,37.048925],[-91.660017,36.787531],[-91.674237,36.787832],[-91.674892,36.767728],[-91.678333,36.62506],[-91.677974,36.60675],[-91.672304,36.606604],[-91.672343,36.499463],[-92.1203864308024,36.4988632711175]]]}},{"type":"Feature","properties":{"GEOID":"29209","NAME":"Stone","state":"MO","wildfire_risk_score":64.09,"wildfire_eal_total":93241.65,"risk_band":"High","source":"FEMA National Risk Index v1.20 (December 2025)"},"geometry":{"type":"Polygon","coordinates":[[[-93.61286,36.825866],[-93.610126,36.99581],[-93.337451,36.992494],[-93.342041,36.817301],[-93.304359,36.816866],[-93.3153231265986,36.4984079591933],[-93.5842620582646,36.4988959959276],[-93.5738,36.820032],[-93.612929,36.820562],[-93.61286,36.825866]]]}},{"type":"Feature","properties":{"GEOID":"29119","NAME":"McDonald","state":"MO","wildfire_risk_score":72.805,"wildfire_eal_total":229708.72,"risk_band":"High","source":"FEMA National Risk Index v1.20 (December 2025)"},"geometry":{"type":"Polygon","coordinates":[[[-94.618307,36.76656],[-94.067145,36.74774],[-94.077089,36.49873],[-94.617919,36.499414],[-94.618307,36.76656]]]}},{"type":"Feature","properties":{"GEOID":"29213","NAME":"Taney","state":"MO","wildfire_risk_score":67.907,"wildfire_eal_total":117853.2,"risk_band":"High","source":"FEMA National Risk Index v1.20 (December 2025)"},"geometry":{"type":"Polygon","coordinates":[[[-93.314903,36.51426],[-93.304359,36.816866],[-92.764869,36.806097],[-92.772333,36.497772],[-93.3153231265986,36.4984079591933],[-93.314903,36.51426]]]}},{"type":"Feature","properties":{"GEOID":"29011","NAME":"Barton","state":"MO","wildfire_risk_score":10.178,"wildfire_eal_total":2733.39,"risk_band":"Low","source":"FEMA National Risk Index v1.20 (December 2025)"},"geometry":{"type":"Polygon","coordinates":[[[-94.617625,37.367576],[-94.6175754334997,37.6535765775648],[-94.073524,37.639722],[-94.082083,37.349291],[-94.456002,37.358322],[-94.617537717162,37.3641671035633],[-94.617625,37.367576]]]}},{"type":"Feature","properties":{"GEOID":"29051","NAME":"Cole","state":"MO","wildfire_risk_score":71.724,"wildfire_eal_total":262358.1,"risk_band":"High","source":"FEMA National Risk Index v1.20 (December 2025)"},"geometry":{"type":"Polygon","coordinates":[[[-92.487897,38.449854],[-92.394866,38.73913],[-92.360216,38.730133],[-92.344093,38.715069],[-92.343265,38.705073],[-92.362993,38.688653],[-92.357813,38.679517],[-92.29337,38.666564],[-92.259091,38.645347],[-92.229401,38.646027],[-92.215746,38.641285],[-92.203072,38.626639],[-92.200721,38.601668],[-92.160233,38.577461],[-92.098096,38.559854],[-92.058876,38.55774],[-92.008983,38.5709],[-92.0035,38.56026],[-92.018912,38.558954],[-92.027688,38.546567],[-92.027094,38.528713],[-92.008298,38.497119],[-92.015074,38.481026],[-92.026554,38.472577],[-92.110415,38.457376],[-92.12764,38.460861],[-92.147333,38.474086],[-92.167357,38.469687],[-92.157671,38.439044],[-92.121319,38.417077],[-92.115277,38.407037],[-92.116277,38.398837],[-92.13532,38.383821],[-92.160577,38.377036],[-92.180721,38.378419],[-92.193178,38.370835],[-92.194476,38.335536],[-92.224678,38.335733],[-92.247778,38.322935],[-92.288779,38.338834],[-92.408407,38.341344],[-92.403484,38.425331],[-92.495185,38.427829],[-92.487897,38.449854]]]}},{"type":"Feature","properties":{"GEOID":"29021","NAME":"Buchanan","state":"MO","wildfire_risk_score":57.761,"wildfire_eal_total":78495.54,"risk_band":"Moderate","source":"FEMA National Risk Index v1.20 (December 2025)"},"geometry":{"type":"Polygon","coordinates":[[[-95.113077,39.559133],[-95.107454,39.573843],[-95.099095,39.579691],[-95.069315,39.576218],[-95.054804,39.582488],[-95.046361,39.599557],[-95.055152,39.621657],[-95.049518,39.637876],[-95.018318,39.672869],[-94.984149,39.67785],[-94.971317,39.68641],[-94.971206,39.729305],[-94.960086,39.743065],[-94.944741,39.744377],[-94.902612,39.724202],[-94.884143,39.726794],[-94.870143,39.734594],[-94.859443,39.753694],[-94.867143,39.771694],[-94.88146,39.771258],[-94.912293,39.759338],[-94.929653,39.769098],[-94.935782,39.778906],[-94.925605,39.789754],[-94.884084,39.794234],[-94.876344,39.806894],[-94.8765889529094,39.8208781023877],[-94.60283,39.819906],[-94.601215,39.53017],[-95.101408,39.533255],[-95.109304,39.542285],[-95.113077,39.559133]]]}},{"type":"Feature","properties":{"GEOID":"29165","NAME":"Platte","state":"MO","wildfire_risk_score":60.592,"wildfire_eal_total":138717.53,"risk_band":"High","source":"FEMA National Risk Index v1.20 (December 2025)"},"geometry":{"type":"Polygon","coordinates":[[[-95.101408,39.533255],[-94.601215,39.53017],[-94.601733,39.159603],[-94.639779,39.153707],[-94.655787,39.15568],[-94.661397,39.162742],[-94.659162,39.174126],[-94.680336,39.184303],[-94.714137,39.170403],[-94.741938,39.170203],[-94.763138,39.179903],[-94.781518,39.206146],[-94.823791,39.209874],[-94.835056,39.220658],[-94.825663,39.241729],[-94.831471,39.256273],[-94.84632,39.268481],[-94.887056,39.28648],[-94.905329,39.311952],[-94.910017,39.352543],[-94.88136,39.370383],[-94.879281,39.37978],[-94.885026,39.389801],[-94.901823,39.392798],[-94.92311,39.384492],[-94.942039,39.389499],[-94.947864,39.408604],[-94.972952,39.421705],[-94.982144,39.440552],[-95.0375,39.463689],[-95.047133,39.474971],[-95.052177,39.499996],[-95.082714,39.516712],[-95.101408,39.533255]]]}},{"type":"Feature","properties":{"GEOID":"29147","NAME":"Nodaway","state":"MO","wildfire_risk_score":52.99,"wildfire_eal_total":63891.14,"risk_band":"Moderate","source":"FEMA National Risk Index v1.20 (December 2025)"},"geometry":{"type":"Polygon","coordinates":[[[-95.2022644684083,40.5785277644034],[-94.632032,40.571186],[-94.631889,40.472513],[-94.608409,40.472443],[-94.608642,40.386818],[-94.598487,40.386714],[-94.605629,40.126336],[-95.052919,40.132784],[-95.049536,40.137866],[-95.056008,40.135977],[-95.055543,40.141473],[-95.060035,40.138523],[-95.064329,40.148438],[-95.05887,40.15045],[-95.065662,40.15097],[-95.060206,40.161258],[-95.067198,40.167729],[-95.060645,40.17173],[-95.068064,40.17516],[-95.065964,40.177795],[-95.074912,40.188836],[-95.063849,40.205863],[-95.067891,40.225786],[-95.057879,40.239086],[-95.0671,40.247329],[-95.070768,40.245398],[-95.066621,40.24312],[-95.073596,40.243383],[-95.075556,40.251486],[-95.067824,40.255434],[-95.071593,40.260855],[-95.180614,40.261706],[-95.177708,40.478903],[-95.202017,40.479135],[-95.2022644684083,40.5785277644034]]]}},{"type":"Feature","properties":{"GEOID":"29111","NAME":"Lewis","state":"MO","wildfire_risk_score":36.673,"wildfire_eal_total":18859.8,"risk_band":"Low","source":"FEMA National Risk Index v1.20 (December 2025)"},"geometry":{"type":"Polygon","coordinates":[[[-91.952527,39.981171],[-91.947241,40.213799],[-91.951663,40.21395],[-91.950812,40.25721],[-91.4972633213575,40.2487613186394],[-91.506501,40.236304],[-91.504477,40.198262],[-91.513079,40.178537],[-91.508224,40.157665],[-91.511749,40.147091],[-91.509245,40.121876],[-91.489606,40.057435],[-91.494878,40.036453],[-91.465315,39.983995],[-91.4354775008627,39.9452779153574],[-91.952726,39.949426],[-91.952527,39.981171]]]}},{"type":"Feature","properties":{"GEOID":"29097","NAME":"Jasper","state":"MO","wildfire_risk_score":66.285,"wildfire_eal_total":133129.31,"risk_band":"High","source":"FEMA National Risk Index v1.20 (December 2025)"},"geometry":{"type":"Polygon","coordinates":[[[-94.618505,37.181184],[-94.617537717162,37.3641671035633],[-94.082083,37.349291],[-94.083833,37.290851],[-94.052313,37.290078],[-94.059211,37.048127],[-94.617875,37.056798],[-94.618505,37.181184]]]}},{"type":"Feature","properties":{"GEOID":"29009","NAME":"Barry","state":"MO","wildfire_risk_score":67.557,"wildfire_eal_total":126255.11,"risk_band":"High","source":"FEMA National Risk Index v1.20 (December 2025)"},"geometry":{"type":"Polygon","coordinates":[[[-94.077146,36.503777],[-94.06274,36.931775],[-93.611003,36.922831],[-93.612929,36.820562],[-93.5738,36.820032],[-93.5842620582646,36.4988959959276],[-94.077089,36.49873],[-94.077146,36.503777]]]}},{"type":"Feature","properties":{"GEOID":"29173","NAME":"Ralls","state":"MO","wildfire_risk_score":32.125,"wildfire_eal_total":23429.21,"risk_band":"Low","source":"FEMA National Risk Index v1.20 (December 2025)"},"geometry":{"type":"Polygon","coordinates":[[[-91.717968,39.339122],[-91.711934,39.599095],[-91.716264,39.59945],[-91.715497,39.686492],[-91.3066819759012,39.6848809168884],[-91.27614,39.665759],[-91.229317,39.620853],[-91.185921,39.605119],[-91.178012,39.598196],[-91.203712,39.598355],[-91.460442,39.450722],[-91.438235,39.318716],[-91.718467,39.324505],[-91.717968,39.339122]]]}},{"type":"Feature","properties":{"GEOID":"29129","NAME":"Mercer","state":"MO","wildfire_risk_score":48.346,"wildfire_eal_total":32276.13,"risk_band":"Moderate","source":"FEMA National Risk Index v1.20 (December 2025)"},"geometry":{"type":"Polygon","coordinates":[[[-93.774671,40.508764],[-93.7743442708352,40.5775843690663],[-93.3743860081406,40.5803343112705],[-93.37482,40.472553],[-93.366968,40.471794],[-93.367214,40.266314],[-93.763324,40.263988],[-93.764823,40.472515],[-93.774548,40.47235],[-93.774671,40.508764]]]}},{"type":"Feature","properties":{"GEOID":"29153","NAME":"Ozark","state":"MO","wildfire_risk_score":60.751,"wildfire_eal_total":52037.66,"risk_band":"High","source":"FEMA National Risk Index v1.20 (December 2025)"},"geometry":{"type":"Polygon","coordinates":[[[-92.77044,36.573477],[-92.764869,36.806097],[-92.112346,36.794231],[-92.1203864308024,36.4988632711175],[-92.772333,36.497772],[-92.77044,36.573477]]]}},{"type":"Feature","properties":{"GEOID":"29085","NAME":"Hickory","state":"MO","wildfire_risk_score":69.37,"wildfire_eal_total":113780.91,"risk_band":"High","source":"FEMA National Risk Index v1.20 (December 2025)"},"geometry":{"type":"Polygon","coordinates":[[[-93.573202,37.828035],[-93.568709,37.914918],[-93.512103,37.913535],[-93.503946,38.073123],[-93.065199,38.062479],[-93.072447,37.902627],[-93.182648,37.904232],[-93.187915,37.802737],[-93.574103,37.813336],[-93.573202,37.828035]]]}},{"type":"Feature","properties":{"GEOID":"29065","NAME":"Dent","state":"MO","wildfire_risk_score":60.019,"wildfire_eal_total":78708.46,"risk_band":"High","source":"FEMA National Risk Index v1.20 (December 2025)"},"geometry":{"type":"Polygon","coordinates":[[[-91.808371,37.678269],[-91.806219,37.791286],[-91.308311,37.787186],[-91.310655,37.700048],[-91.153345,37.69734],[-91.155073,37.588092],[-91.312458,37.592824],[-91.314236,37.505132],[-91.210984,37.501911],[-91.211863,37.415277],[-91.75504,37.42411],[-91.754795,37.598768],[-91.809105,37.598863],[-91.808371,37.678269]]]}},{"type":"Feature","properties":{"GEOID":"29101","NAME":"Johnson","state":"MO","wildfire_risk_score":28.817,"wildfire_eal_total":17534.64,"risk_band":"Low","source":"FEMA National Risk Index v1.20 (December 2025)"},"geometry":{"type":"Polygon","coordinates":[[[-94.128304,38.677754],[-94.114175,38.917304],[-93.836319,38.908709],[-93.834719,38.937909],[-93.497278,38.92843],[-93.498616,38.8993],[-93.493124,38.899158],[-93.51103,38.55621],[-94.119664,38.568712],[-94.116408,38.655518],[-94.129372,38.655862],[-94.128304,38.677754]]]}},{"type":"Feature","properties":{"GEOID":"29203","NAME":"Shannon","state":"MO","wildfire_risk_score":60.814,"wildfire_eal_total":54663.15,"risk_band":"High","source":"FEMA National Risk Index v1.20 (December 2025)"},"geometry":{"type":"Polygon","coordinates":[[[-91.657814,36.889648],[-91.646626,37.422731],[-91.175405,37.414805],[-91.176158,37.312592],[-91.158429,37.312917],[-91.159321,37.255038],[-91.123152,37.254504],[-91.126028,37.19948],[-91.08826,37.203193],[-91.088865,37.174179],[-91.070634,37.177573],[-91.071046,37.162712],[-91.034346,37.169343],[-91.035138,37.140181],[-91.017163,37.143478],[-91.017766,37.095677],[-91.066736,37.093775],[-91.065418,37.088495],[-91.10974,37.084057],[-91.21715,37.086197],[-91.22283,36.883857],[-91.657814,36.889648]]]}},{"type":"Feature","properties":{"GEOID":"29073","NAME":"Gasconade","state":"MO","wildfire_risk_score":34.288,"wildfire_eal_total":21220.07,"risk_band":"Low","source":"FEMA National Risk Index v1.20 (December 2025)"},"geometry":{"type":"Polygon","coordinates":[[[-91.644818,38.155468],[-91.640372,38.703792],[-91.587665,38.682185],[-91.552196,38.676322],[-91.502602,38.695],[-91.501074,38.704687],[-91.487792,38.713114],[-91.472339,38.707621],[-91.453063,38.709268],[-91.4576,38.70627],[-91.397327,38.708444],[-91.369192,38.699324],[-91.367482,38.209741],[-91.535333,38.210936],[-91.534384,38.152593],[-91.644818,38.155468]]]}},{"type":"Feature","properties":{"GEOID":"29109","NAME":"Lawrence","state":"MO","wildfire_risk_score":53.435,"wildfire_eal_total":49569.14,"risk_band":"Moderate","source":"FEMA National Risk Index v1.20 (December 2025)"},"geometry":{"type":"Polygon","coordinates":[[[-94.062729,36.936985],[-94.052313,37.290078],[-93.605095,37.281482],[-93.611003,36.922831],[-94.06274,36.931775],[-94.062729,36.936985]]]}},{"type":"Feature","properties":{"GEOID":"29079","NAME":"Grundy","state":"MO","wildfire_risk_score":46.788,"wildfire_eal_total":32179.21,"risk_band":"Moderate","source":"FEMA National Risk Index v1.20 (December 2025)"},"geometry":{"type":"Polygon","coordinates":[[[-93.764921,40.10202],[-93.763324,40.263988],[-93.367214,40.266314],[-93.366556,40.033099],[-93.361951,40.033098],[-93.361957,39.967606],[-93.761973,39.959552],[-93.764921,40.10202]]]}},{"type":"Feature","properties":{"GEOID":"29215","NAME":"Texas","state":"MO","wildfire_risk_score":64.949,"wildfire_eal_total":87011.75,"risk_band":"High","source":"FEMA National Risk Index v1.20 (December 2025)"},"geometry":{"type":"Polygon","coordinates":[[[-92.253209,37.386537],[-92.249463,37.604543],[-91.754795,37.598768],[-91.75504,37.42411],[-91.646626,37.422731],[-91.647691,37.248333],[-91.651579,37.24835],[-91.655607,37.048925],[-92.251359,37.059653],[-92.247175,37.254908],[-92.25298,37.254843],[-92.253209,37.386537]]]}},{"type":"Feature","properties":{"GEOID":"29175","NAME":"Randolph","state":"MO","wildfire_risk_score":38.359,"wildfire_eal_total":25404.41,"risk_band":"Low","source":"FEMA National Risk Index v1.20 (December 2025)"},"geometry":{"type":"Polygon","coordinates":[[[-92.706318,39.341679],[-92.696592,39.610371],[-92.300871,39.605348],[-92.314471,39.246454],[-92.430229,39.248795],[-92.707367,39.321614],[-92.706318,39.341679]]]}},{"type":"Feature","properties":{"GEOID":"29117","NAME":"Livingston","state":"MO","wildfire_risk_score":38.232,"wildfire_eal_total":27188.95,"risk_band":"Low","source":"FEMA National Risk Index v1.20 (December 2025)"},"geometry":{"type":"Polygon","coordinates":[[[-93.761973,39.959552],[-93.361359,39.967628],[-93.364808,39.703803],[-93.266968,39.703562],[-93.264826,39.697628],[-93.287446,39.6833],[-93.279261,39.681613],[-93.285892,39.666819],[-93.273392,39.654842],[-93.284807,39.654523],[-93.261583,39.629207],[-93.261803,39.622719],[-93.268082,39.619509],[-93.279275,39.622569],[-93.280107,39.615488],[-93.758357,39.611407],[-93.761973,39.959552]]]}},{"type":"Feature","properties":{"GEOID":"29125","NAME":"Maries","state":"MO","wildfire_risk_score":45.547,"wildfire_eal_total":35868.4,"risk_band":"Moderate","source":"FEMA National Risk Index v1.20 (December 2025)"},"geometry":{"type":"Polygon","coordinates":[[[-92.19735,38.189318],[-92.195675,38.292237],[-92.012094,38.28815],[-91.86312,38.29361],[-91.644729,38.28851],[-91.644893,38.153679],[-91.630554,38.153519],[-91.632431,38.050951],[-91.895132,38.051199],[-91.935247,38.03087],[-91.941852,38.041592],[-91.953704,38.040155],[-91.966333,38.009683],[-92.18537,38.015138],[-92.181372,38.161238],[-92.197773,38.161538],[-92.19735,38.189318]]]}},{"type":"Feature","properties":{"GEOID":"29205","NAME":"Shelby","state":"MO","wildfire_risk_score":20.77,"wildfire_eal_total":8491.04,"risk_band":"Low","source":"FEMA National Risk Index v1.20 (December 2025)"},"geometry":{"type":"Polygon","coordinates":[[[-92.298516,39.641844],[-92.287882,39.95249],[-92.177328,39.954494],[-91.840353,39.948235],[-91.846743,39.658513],[-92.184986,39.662932],[-92.186691,39.604082],[-92.299316,39.605344],[-92.298516,39.641844]]]}},{"type":"Feature","properties":{"GEOID":"29057","NAME":"Dade","state":"MO","wildfire_risk_score":38.104,"wildfire_eal_total":18620.04,"risk_band":"Low","source":"FEMA National Risk Index v1.20 (December 2025)"},"geometry":{"type":"Polygon","coordinates":[[[-94.082083,37.349291],[-94.075385,37.58157],[-93.616033,37.572689],[-93.625844,37.282011],[-94.083833,37.290851],[-94.082083,37.349291]]]}},{"type":"Feature","properties":{"GEOID":"29185","NAME":"St. Clair","state":"MO","wildfire_risk_score":53.149,"wildfire_eal_total":39609.34,"risk_band":"Moderate","source":"FEMA National Risk Index v1.20 (December 2025)"},"geometry":{"type":"Polygon","coordinates":[[[-94.064723,37.921084],[-94.049895,38.213985],[-93.557336,38.201074],[-93.570781,38.215409],[-93.5609,38.220808],[-93.538576,38.205477],[-93.514061,38.207634],[-93.513309,38.199524],[-93.49728,38.199087],[-93.512103,37.913535],[-93.568709,37.914918],[-93.572303,37.827935],[-93.811402,37.834571],[-93.808648,37.892775],[-94.065675,37.900987],[-94.064723,37.921084]]]}},{"type":"Feature","properties":{"GEOID":"29199","NAME":"Scotland","state":"MO","wildfire_risk_score":55.153,"wildfire_eal_total":37282.94,"risk_band":"Moderate","source":"FEMA National Risk Index v1.20 (December 2025)"},"geometry":{"type":"Polygon","coordinates":[[[-92.351404,40.491573],[-92.3508067122935,40.5972731874493],[-91.943113186634,40.60584170797],[-91.949747,40.300832],[-92.349897,40.302733],[-92.351404,40.491573]]]}},{"type":"Feature","properties":{"GEOID":"29105","NAME":"Laclede","state":"MO","wildfire_risk_score":78.212,"wildfire_eal_total":312127.14,"risk_band":"High","source":"FEMA National Risk Index v1.20 (December 2025)"},"geometry":{"type":"Polygon","coordinates":[[[-92.859525,37.737646],[-92.855384,37.895736],[-92.620181,37.892521],[-92.618678,37.873837],[-92.608678,37.856138],[-92.599177,37.851838],[-92.600077,37.840338],[-92.585376,37.828038],[-92.571576,37.823639],[-92.56532,37.806965],[-92.549074,37.800539],[-92.539605,37.802064],[-92.53168,37.811139],[-92.513509,37.810932],[-92.501467,37.827735],[-92.452953,37.824083],[-92.449459,37.835359],[-92.421761,37.858728],[-92.409231,37.85918],[-92.413661,37.71416],[-92.248937,37.648471],[-92.252261,37.472944],[-92.853481,37.48397],[-92.846281,37.721039],[-92.859913,37.721239],[-92.859525,37.737646]]]}},{"type":"Feature","properties":{"GEOID":"29131","NAME":"Miller","state":"MO","wildfire_risk_score":70.038,"wildfire_eal_total":169725.47,"risk_band":"High","source":"FEMA National Risk Index v1.20 (December 2025)"},"geometry":{"type":"Polygon","coordinates":[[[-92.693713,38.260812],[-92.689834,38.348472],[-92.633756,38.348082],[-92.63019,38.430958],[-92.403484,38.425331],[-92.408407,38.341344],[-92.288779,38.338834],[-92.250178,38.322713],[-92.232974,38.327748],[-92.224678,38.335733],[-92.194476,38.335536],[-92.197773,38.161538],[-92.181372,38.161238],[-92.18537,38.016338],[-92.515979,38.022336],[-92.51558,38.036936],[-92.533895,38.037467],[-92.533554,38.051808],[-92.552381,38.052145],[-92.552081,38.066335],[-92.570281,38.066635],[-92.569682,38.095934],[-92.587984,38.096134],[-92.587688,38.110636],[-92.596761,38.110754],[-92.596374,38.139787],[-92.605302,38.139894],[-92.604684,38.170733],[-92.641314,38.171631],[-92.640085,38.213032],[-92.675586,38.212831],[-92.695886,38.222031],[-92.693713,38.260812]]]}},{"type":"Feature","properties":{"GEOID":"29115","NAME":"Linn","state":"MO","wildfire_risk_score":50.668,"wildfire_eal_total":40777.61,"risk_band":"Moderate","source":"FEMA National Risk Index v1.20 (December 2025)"},"geometry":{"type":"Polygon","coordinates":[[[-93.364665,39.720764],[-93.361951,40.033098],[-92.847477,40.037301],[-92.85792,39.699985],[-93.082799,39.706709],[-93.364808,39.703803],[-93.364665,39.720764]]]}},{"type":"Feature","properties":{"GEOID":"29103","NAME":"Knox","state":"MO","wildfire_risk_score":35.274,"wildfire_eal_total":15341.25,"risk_band":"Low","source":"FEMA National Risk Index v1.20 (December 2025)"},"geometry":{"type":"Polygon","coordinates":[[[-92.34927,40.239763],[-92.347801,40.302756],[-91.949747,40.300832],[-91.951663,40.21395],[-91.947241,40.213799],[-91.952726,39.949426],[-92.344708,39.953297],[-92.34294,40.037163],[-92.34927,40.239763]]]}},{"type":"Feature","properties":{"GEOID":"29135","NAME":"Moniteau","state":"MO","wildfire_risk_score":67.684,"wildfire_eal_total":140523.09,"risk_band":"High","source":"FEMA National Risk Index v1.20 (December 2025)"},"geometry":{"type":"Polygon","coordinates":[[[-92.84195,38.60315],[-92.839792,38.684948],[-92.617147,38.680013],[-92.616652,38.694466],[-92.498377,38.922084],[-92.474586,38.902371],[-92.47964,38.877439],[-92.456717,38.860269],[-92.439906,38.831346],[-92.42118,38.819754],[-92.38791,38.817934],[-92.381304,38.808732],[-92.384564,38.787046],[-92.408567,38.770195],[-92.40681,38.752653],[-92.394866,38.73913],[-92.495185,38.427829],[-92.625189,38.430778],[-92.841871,38.596792],[-92.84195,38.60315]]]}},{"type":"Feature","properties":{"GEOID":"29181","NAME":"Ripley","state":"MO","wildfire_risk_score":44.752,"wildfire_eal_total":25335.39,"risk_band":"Moderate","source":"FEMA National Risk Index v1.20 (December 2025)"},"geometry":{"type":"Polygon","coordinates":[[[-91.1268,36.500064],[-91.115926,36.823672],[-91.007917,36.824309],[-91.007738,36.820076],[-90.895724,36.812854],[-90.627517,36.810954],[-90.628387,36.679544],[-90.592166,36.679368],[-90.593005,36.592445],[-90.574759,36.59185],[-90.576179556009,36.4984463732781],[-91.1268,36.500064]]]}},{"type":"Feature","properties":{"GEOID":"29149","NAME":"Oregon","state":"MO","wildfire_risk_score":60.115,"wildfire_eal_total":58736.01,"risk_band":"High","source":"FEMA National Risk Index v1.20 (December 2025)"},"geometry":{"type":"Polygon","coordinates":[[[-91.678333,36.62506],[-91.674237,36.787832],[-91.660017,36.787531],[-91.658111,36.888724],[-91.22283,36.883857],[-91.224825,36.825679],[-91.115926,36.823672],[-91.126529,36.497712],[-91.672343,36.499463],[-91.672304,36.606604],[-91.677974,36.60675],[-91.678333,36.62506]]]}},{"type":"Feature","properties":{"GEOID":"29005","NAME":"Atchison","state":"MO","wildfire_risk_score":28.753,"wildfire_eal_total":11745.26,"risk_band":"Low","source":"FEMA National Risk Index v1.20 (December 2025)"},"geometry":{"type":"Polygon","coordinates":[[[-95.773549,40.578205],[-95.765645,40.585208],[-95.2022644684083,40.5785277644034],[-95.202017,40.479135],[-95.177708,40.478903],[-95.180614,40.261706],[-95.554817342733,40.2644598412112],[-95.550966,40.285947],[-95.562157,40.297359],[-95.581787,40.29958],[-95.610439,40.31397],[-95.642262,40.306025],[-95.654294,40.307906],[-95.656612,40.319465],[-95.625204,40.334288],[-95.623728,40.346567],[-95.641027,40.366399],[-95.643934,40.386849],[-95.659134,40.40869],[-95.65819,40.44188],[-95.694651,40.471452],[-95.694726,40.493602],[-95.699969,40.505275],[-95.661687,40.517309],[-95.655674,40.523557],[-95.65341,40.541893],[-95.671754,40.562626],[-95.678718,40.56256],[-95.694147,40.556942],[-95.69505,40.533124],[-95.708591,40.521551],[-95.722444,40.528118],[-95.73725,40.52393],[-95.75711,40.52599],[-95.768693,40.534106],[-95.763366,40.550797],[-95.773549,40.578205]]]}},{"type":"Feature","properties":{"GEOID":"29229","NAME":"Wright","state":"MO","wildfire_risk_score":64.599,"wildfire_eal_total":79766.58,"risk_band":"High","source":"FEMA National Risk Index v1.20 (December 2025)"},"geometry":{"type":"Polygon","coordinates":[[[-92.691904,37.281743],[-92.686671,37.481545],[-92.252261,37.472944],[-92.25298,37.254843],[-92.247175,37.254908],[-92.251359,37.059653],[-92.685867,37.067051],[-92.67897,37.263149],[-92.692303,37.263514],[-92.691904,37.281743]]]}},{"type":"Feature","properties":{"GEOID":"29059","NAME":"Dallas","state":"MO","wildfire_risk_score":73.537,"wildfire_eal_total":183036.44,"risk_band":"High","source":"FEMA National Risk Index v1.20 (December 2025)"},"geometry":{"type":"Polygon","coordinates":[[[-93.190691,37.744522],[-93.182648,37.904232],[-92.855384,37.895736],[-92.859913,37.721239],[-92.846281,37.721039],[-92.853481,37.48397],[-93.071584,37.487444],[-93.07338,37.414989],[-93.182489,37.417204],[-93.173183,37.72966],[-93.19138,37.730012],[-93.190691,37.744522]]]}},{"type":"Feature","properties":{"GEOID":"29155","NAME":"Pemiscot","state":"MO","wildfire_risk_score":3.944,"wildfire_eal_total":842.72,"risk_band":"Low","source":"FEMA National Risk Index v1.20 (December 2025)"},"geometry":{"type":"Polygon","coordinates":[[[-89.961535,36.268193],[-89.96131,36.388803],[-89.76818,36.38598],[-89.76623,36.389875],[-89.755649,36.384804],[-89.749096,36.396951],[-89.754837,36.40115],[-89.745841,36.404278],[-89.743568,36.422041],[-89.730974,36.427659],[-89.695795,36.41639],[-89.687359,36.406389],[-89.670752,36.399952],[-89.639738,36.400788],[-89.611016,36.411212],[-89.5923,36.403805],[-89.583722,36.383028],[-89.563218,36.367031],[-89.553944,36.367219],[-89.554176,36.360004],[-89.545085,36.359996],[-89.545006,36.336809],[-89.605668,36.342234],[-89.615841,36.336085],[-89.620255,36.323006],[-89.611819,36.309088],[-89.578492,36.288317],[-89.554289,36.277751],[-89.539487,36.277368],[-89.534507,36.261802],[-89.539229,36.248821],[-89.562206,36.250909],[-89.587326,36.239484],[-89.60651,36.238328],[-89.642182,36.249486],[-89.678046,36.248284],[-89.695235,36.252766],[-89.703511,36.243412],[-89.70525,36.236568],[-89.69263,36.224959],[-89.607004,36.171179],[-89.594397,36.155457],[-89.591605,36.144096],[-89.594,36.12719],[-89.601936,36.11947],[-89.666598,36.095802],[-89.678821,36.084636],[-89.688577,36.029238],[-89.706932,36.000981],[-89.959377,35.99902],[-89.961535,36.268193]]]}},{"type":"Feature","properties":{"GEOID":"29186","NAME":"Ste. Genevieve","state":"MO","wildfire_risk_score":36.228,"wildfire_eal_total":25699.98,"risk_band":"Low","source":"FEMA National Risk Index v1.20 (December 2025)"},"geometry":{"type":"Polygon","coordinates":[[[-90.459133,37.878924],[-90.32287,37.981731],[-90.416022,38.042315],[-90.32939,38.09436],[-90.295999,38.087979],[-90.287894,38.091803],[-90.279376,38.104771],[-90.262057,38.107898],[-90.256001,38.116931],[-90.249858,38.11455],[-90.256032,38.126248],[-90.2526647395139,38.1278129416306],[-90.243116,38.112669],[-90.17716,38.071152],[-90.157855,38.074798],[-90.130788,38.062341],[-90.126194,38.040702],[-90.117423,38.031708],[-90.08826,38.015772],[-90.057269,38.014362],[-90.052433,38.006152],[-90.03169,37.995028],[-90.00011,37.964563],[-89.978919,37.962791],[-89.940754,37.971038],[-89.93586,37.959574],[-89.925085,37.960021],[-89.932467,37.947497],[-89.947429,37.940336],[-89.959646,37.940196],[-89.974918,37.926719],[-89.973642,37.917661],[-89.952499,37.883218],[-89.938617,37.874289],[-89.999935,37.821509],[-90.110537,37.67134],[-90.154187,37.699766],[-90.200208,37.669628],[-90.34833,37.793495],[-90.459133,37.878924]]]}},{"type":"Feature","properties":{"GEOID":"29510","NAME":"St. Louis","state":"MO","wildfire_risk_score":2.99,"wildfire_eal_total":831.35,"risk_band":"Low","source":"FEMA National Risk Index v1.20 (December 2025)"},"geometry":{"type":"Polygon","coordinates":[[[-90.320515,38.594152],[-90.301828,38.655642],[-90.251773,38.71885],[-90.221779,38.730134],[-90.205717,38.741849],[-90.186402,38.761546],[-90.184184,38.774288],[-90.1667138613198,38.7722694787651],[-90.176309,38.754449],[-90.20521,38.73215],[-90.21191,38.71795],[-90.20921,38.70275],[-90.18641,38.67475],[-90.17771,38.64275],[-90.17881,38.62915],[-90.191811,38.598951],[-90.224212,38.575051],[-90.2577736606992,38.5320062026605],[-90.266872,38.534267],[-90.272664,38.548596],[-90.306958,38.572194],[-90.320515,38.594152]]]}},{"type":"Feature","properties":{"GEOID":"29141","NAME":"Morgan","state":"MO","wildfire_risk_score":72.265,"wildfire_eal_total":130403.94,"risk_band":"High","source":"FEMA National Risk Index v1.20 (December 2025)"},"geometry":{"type":"Polygon","coordinates":[[[-93.077061,38.273964],[-93.059974,38.693077],[-92.839837,38.683974],[-92.841871,38.596792],[-92.625189,38.430778],[-92.63019,38.430958],[-92.633756,38.348082],[-92.689834,38.348472],[-92.695886,38.222031],[-92.749044,38.21756],[-92.755988,38.212465],[-92.764539,38.189619],[-92.962994,38.197229],[-92.956593,38.203729],[-92.938793,38.208529],[-92.931993,38.216229],[-92.937823,38.225223],[-92.956898,38.229508],[-92.986555,38.190761],[-93.0062,38.186002],[-93.01694,38.191282],[-93.022277,38.198642],[-93.02,38.204797],[-93.01204,38.210224],[-92.984894,38.211428],[-92.984195,38.219728],[-93.00565,38.222705],[-93.016534,38.244912],[-93.046306,38.267757],[-93.061136,38.271616],[-93.077692,38.263092],[-93.077061,38.273964]]]}},{"type":"Feature","properties":{"GEOID":"29047","NAME":"Clay","state":"MO","wildfire_risk_score":69.116,"wildfire_eal_total":225266.27,"risk_band":"High","source":"FEMA National Risk Index v1.20 (December 2025)"},"geometry":{"type":"Polygon","coordinates":[[[-94.60829,39.117944],[-94.589898,39.138979],[-94.588413,39.149869],[-94.601733,39.159603],[-94.600819,39.456155],[-94.210642,39.454682],[-94.212515,39.207086],[-94.229561,39.215356],[-94.238429,39.228219],[-94.250046,39.234845],[-94.289873,39.237107],[-94.308932,39.227351],[-94.328155,39.191232],[-94.363556,39.163656],[-94.378494,39.170365],[-94.389728,39.193503],[-94.407228,39.195303],[-94.399928,39.174803],[-94.402328,39.164766],[-94.430365,39.138026],[-94.46159,39.120372],[-94.484616,39.145504],[-94.506406,39.150914],[-94.534061,39.145908],[-94.554952,39.127428],[-94.595725,39.110004],[-94.603901,39.110916],[-94.60829,39.117944]]]}},{"type":"Feature","properties":{"GEOID":"29225","NAME":"Webster","state":"MO","wildfire_risk_score":69.148,"wildfire_eal_total":198061.6,"risk_band":"High","source":"FEMA National Risk Index v1.20 (December 2025)"},"geometry":{"type":"Polygon","coordinates":[[[-93.076771,37.270745],[-93.071584,37.487444],[-92.686671,37.481545],[-92.692303,37.263514],[-92.67897,37.263149],[-92.685867,37.067051],[-92.903273,37.070651],[-92.902922,37.085221],[-93.065274,37.088694],[-93.061541,37.269832],[-93.076771,37.270745]]]}},{"type":"Feature","properties":{"GEOID":"29075","NAME":"Gentry","state":"MO","wildfire_risk_score":51.877,"wildfire_eal_total":41748.03,"risk_band":"Moderate","source":"FEMA National Risk Index v1.20 (December 2025)"},"geometry":{"type":"Polygon","coordinates":[[[-94.605942,40.126127],[-94.598487,40.386714],[-94.214278,40.384254],[-94.2188,40.034885],[-94.329967,40.039255],[-94.606596,40.039203],[-94.605942,40.126127]]]}},{"type":"Feature","properties":{"GEOID":"29043","NAME":"Christian","state":"MO","wildfire_risk_score":70.388,"wildfire_eal_total":249365.99,"risk_band":"High","source":"FEMA National Risk Index v1.20 (December 2025)"},"geometry":{"type":"Polygon","coordinates":[[[-93.610177,37.003099],[-93.608899,37.098153],[-92.902922,37.085221],[-92.909336,36.809178],[-93.342041,36.817301],[-93.337451,36.992494],[-93.610126,36.99581],[-93.610177,37.003099]]]}},{"type":"Feature","properties":{"GEOID":"29003","NAME":"Andrew","state":"MO","wildfire_risk_score":50.159,"wildfire_eal_total":69748.29,"risk_band":"Moderate","source":"FEMA National Risk Index v1.20 (December 2025)"},"geometry":{"type":"Polygon","coordinates":[[[-95.060281,40.070975],[-95.059067,40.074737],[-95.051687,40.071105],[-95.052203,40.07651],[-95.047476,40.073098],[-95.049312,40.077368],[-95.043494,40.078447],[-95.040116,40.09185],[-95.044254,40.098288],[-95.038713,40.101009],[-95.044283,40.102154],[-95.033587,40.108718],[-95.042911,40.112425],[-95.036152,40.114547],[-95.04571,40.119609],[-95.039267,40.126955],[-95.048028,40.127711],[-95.04308,40.130096],[-94.605942,40.126127],[-94.60283,39.819906],[-94.8765889529094,39.8208781023877],[-94.886933,39.833098],[-94.916918,39.836138],[-94.942567,39.856602],[-94.927252,39.880258],[-94.934493,39.893366],[-94.959276,39.901671],[-94.9934102510667,39.8977932373378],[-94.993392,39.915031],[-95.006743,39.923361],[-95.001931,39.922237],[-95.005432,39.927432],[-95.002516,39.932624],[-94.988097,39.945003],[-94.997048,39.945501],[-94.991403,39.951476],[-94.996108,39.96115],[-95.003009,39.958337],[-94.994261,39.971208],[-95.005302,39.980279],[-95.003684,39.996155],[-95.010933,40.001259],[-95.007836,40.008412],[-95.010753,40.019999],[-95.004258,40.027338],[-95.009741,40.03169],[-95.008535,40.039891],[-95.015968,40.042707],[-95.010542,40.046761],[-95.020506,40.052029],[-95.035379,40.044933],[-95.03941,40.059741],[-95.057451,40.064822],[-95.060281,40.070975]]]}},{"type":"Feature","properties":{"GEOID":"29219","NAME":"Warren","state":"MO","wildfire_risk_score":56.552,"wildfire_eal_total":101873.86,"risk_band":"Moderate","source":"FEMA National Risk Index v1.20 (December 2025)"},"geometry":{"type":"Polygon","coordinates":[[[-91.418302,38.72075],[-91.415832,38.8453],[-91.264927,38.843833],[-91.264287,38.992762],[-91.188396,38.991798],[-91.189348,38.932151],[-91.110187,38.931901],[-91.111251,38.872709],[-90.958536,38.870865],[-90.964469,38.547241],[-91.01029,38.563891],[-91.02143,38.57352],[-91.032325,38.59349],[-91.046568,38.60488],[-91.077324,38.609343],[-91.125148,38.597704],[-91.216357,38.617702],[-91.226547,38.621567],[-91.226858,38.640711],[-91.232986,38.65134],[-91.313093,38.706715],[-91.324376,38.708414],[-91.352986,38.695635],[-91.395134,38.70799],[-91.418637,38.709778],[-91.418302,38.72075]]]}},{"type":"Feature","properties":{"GEOID":"29053","NAME":"Cooper","state":"MO","wildfire_risk_score":40.363,"wildfire_eal_total":41223.94,"risk_band":"Low","source":"FEMA National Risk Index v1.20 (December 2025)"},"geometry":{"type":"Polygon","coordinates":[[[-93.059549,38.700905],[-93.048245,38.972598],[-92.934569,39.064547],[-92.909654,39.015648],[-92.87951,39.003236],[-92.852628,38.982183],[-92.783099,38.971571],[-92.719421,38.98426],[-92.693002,38.975957],[-92.6467,38.975875],[-92.59776,38.967681],[-92.562079,38.972014],[-92.498377,38.922084],[-92.616652,38.694466],[-92.617147,38.680013],[-92.950512,38.68577],[-93.059974,38.693077],[-93.059549,38.700905]]]}},{"type":"Feature","properties":{"GEOID":"29093","NAME":"Iron","state":"MO","wildfire_risk_score":50.827,"wildfire_eal_total":40385.46,"risk_band":"Moderate","source":"FEMA National Risk Index v1.20 (December 2025)"},"geometry":{"type":"Polygon","coordinates":[[[-91.15444,37.617245],[-91.153345,37.69734],[-91.146972,37.697198],[-91.146521,37.740811],[-90.982499,37.74033],[-90.874134,37.734196],[-90.762091,37.738517],[-90.645135,37.734813],[-90.647874,37.642809],[-90.535006,37.645019],[-90.535066,37.599371],[-90.547406,37.59841],[-90.550603,37.272608],[-90.661775,37.274767],[-90.753627,37.270113],[-90.74972,37.372796],[-90.773036,37.375049],[-90.768695,37.603011],[-90.986777,37.603853],[-91.100665,37.587762],[-91.155073,37.588092],[-91.15444,37.617245]]]}},{"type":"Feature","properties":{"GEOID":"29137","NAME":"Monroe","state":"MO","wildfire_risk_score":31.902,"wildfire_eal_total":14652.83,"risk_band":"Low","source":"FEMA National Risk Index v1.20 (December 2025)"},"geometry":{"type":"Polygon","coordinates":[[[-92.31001,39.34877],[-92.300871,39.605348],[-92.186691,39.604082],[-92.184986,39.662932],[-91.715247,39.657644],[-91.716264,39.59945],[-91.711934,39.599095],[-91.717968,39.339122],[-92.092226,39.340762],[-92.31001,39.34877]]]}},{"type":"Feature","properties":{"GEOID":"29107","NAME":"Lafayette","state":"MO","wildfire_risk_score":34.033,"wildfire_eal_total":21326.71,"risk_band":"Low","source":"FEMA National Risk Index v1.20 (December 2025)"},"geometry":{"type":"Polygon","coordinates":[[[-94.11427,38.928542],[-94.104823,39.143507],[-94.078607,39.134247],[-94.058975,39.134824],[-94.045566,39.14084],[-94.024206,39.154537],[-94.025711,39.165001],[-94.035474,39.177502],[-94.032046,39.189961],[-93.980088,39.205874],[-93.971971,39.202176],[-93.961779,39.19212],[-93.962442,39.183369],[-93.983361,39.168524],[-93.988892,39.152786],[-93.967014,39.142376],[-93.942411,39.158083],[-93.944358,39.170222],[-93.940043,39.17969],[-93.92783,39.184386],[-93.899417,39.184539],[-93.87522,39.20408],[-93.855434,39.212874],[-93.824172,39.214897],[-93.784391,39.200209],[-93.746,39.209487],[-93.71121,39.206262],[-93.696968,39.211874],[-93.681595,39.231235],[-93.658009,39.238478],[-93.653777,39.248011],[-93.58495,39.240431],[-93.563192,39.22002],[-93.551528,39.217017],[-93.505836,39.216712],[-93.487885,39.228875],[-93.496323,39.270022],[-93.492018,39.282938],[-93.477233,39.292796],[-93.497278,38.92843],[-93.834719,38.937909],[-93.836319,38.908709],[-94.114175,38.917304],[-94.11427,38.928542]]]}},{"type":"Feature","properties":{"GEOID":"29001","NAME":"Adair","state":"MO","wildfire_risk_score":42.875,"wildfire_eal_total":37453.38,"risk_band":"Moderate","source":"FEMA National Risk Index v1.20 (December 2025)"},"geometry":{"type":"Polygon","coordinates":[[[-92.856045,40.121128],[-92.855629,40.342736],[-92.349975,40.346505],[-92.345064,40.03721],[-92.856191,40.037253],[-92.856045,40.121128]]]}},{"type":"Feature","properties":{"GEOID":"29035","NAME":"Carter","state":"MO","wildfire_risk_score":47.455,"wildfire_eal_total":24527.0,"risk_band":"Moderate","source":"FEMA National Risk Index v1.20 (December 2025)"},"geometry":{"type":"Polygon","coordinates":[[[-91.224467,36.840395],[-91.21715,37.086197],[-91.10974,37.084057],[-91.065418,37.088495],[-91.066736,37.093775],[-91.036046,37.093684],[-90.99989,37.100404],[-90.963562,37.09736],[-90.964466,37.053584],[-90.729722,37.049534],[-90.730938,37.000398],[-90.712986,37.000367],[-90.71342,36.971051],[-90.695419,36.970751],[-90.696891,36.927186],[-90.678568,36.927288],[-90.679729,36.883107],[-90.661244,36.882909],[-90.662617,36.811453],[-90.895724,36.812854],[-91.007738,36.820076],[-91.007917,36.824309],[-91.224825,36.825679],[-91.224467,36.840395]]]}},{"type":"Feature","properties":{"GEOID":"29127","NAME":"Marion","state":"MO","wildfire_risk_score":30.757,"wildfire_eal_total":16397.57,"risk_band":"Low","source":"FEMA National Risk Index v1.20 (December 2025)"},"geometry":{"type":"Polygon","coordinates":[[[-91.846752,39.664904],[-91.840353,39.948235],[-91.4354775008627,39.9452779153574],[-91.421832,39.932973],[-91.418807,39.922126],[-91.420878,39.914865],[-91.443513,39.893583],[-91.446922,39.883034],[-91.446385,39.870394],[-91.436051,39.84551],[-91.429519,39.837801],[-91.377971,39.811273],[-91.367966,39.800403],[-91.361571,39.787548],[-91.370009,39.732524],[-91.3453,39.709402],[-91.3066819759012,39.6848809168884],[-91.715497,39.686492],[-91.714172,39.657471],[-91.846743,39.658513],[-91.846752,39.664904]]]}},{"type":"Feature","properties":{"GEOID":"29211","NAME":"Sullivan","state":"MO","wildfire_risk_score":42.621,"wildfire_eal_total":27335.95,"risk_band":"Moderate","source":"FEMA National Risk Index v1.20 (December 2025)"},"geometry":{"type":"Polygon","coordinates":[[[-93.367295,40.324665],[-93.366935,40.382999],[-92.855313,40.385894],[-92.856191,40.037253],[-93.366556,40.033099],[-93.367295,40.324665]]]}},{"type":"Feature","properties":{"GEOID":"29177","NAME":"Ray","state":"MO","wildfire_risk_score":55.025,"wildfire_eal_total":60075.93,"risk_band":"Moderate","source":"FEMA National Risk Index v1.20 (December 2025)"},"geometry":{"type":"Polygon","coordinates":[[[-94.212188,39.234333],[-94.208423,39.5272],[-93.759183,39.524558],[-93.758463,39.207021],[-93.784391,39.200209],[-93.824172,39.214897],[-93.855434,39.212874],[-93.87522,39.20408],[-93.899417,39.184539],[-93.92783,39.184386],[-93.940043,39.17969],[-93.944358,39.170222],[-93.942411,39.158083],[-93.968748,39.142293],[-93.988892,39.152786],[-93.983361,39.168524],[-93.961479,39.187525],[-93.966768,39.198266],[-93.980088,39.205874],[-94.032046,39.189961],[-94.035474,39.177502],[-94.025711,39.165001],[-94.024206,39.154537],[-94.056638,39.135544],[-94.078607,39.134247],[-94.103391,39.142423],[-94.133664,39.171239],[-94.18584,39.18103],[-94.185735,39.188029],[-94.175327,39.19719],[-94.169423,39.210614],[-94.184703,39.214293],[-94.212515,39.207086],[-94.212188,39.234333]]]}},{"type":"Feature","properties":{"GEOID":"29045","NAME":"Clark","state":"MO","wildfire_risk_score":47.36,"wildfire_eal_total":35229.62,"risk_band":"Moderate","source":"FEMA National Risk Index v1.20 (December 2025)"},"geometry":{"type":"Polygon","coordinates":[[[-91.95078,40.257586],[-91.943113186634,40.60584170797],[-91.729115,40.61364],[-91.716769,40.59853],[-91.686357,40.580875],[-91.691557,40.564867],[-91.6887,40.55739],[-91.620071,40.540817],[-91.621353,40.510072],[-91.590817,40.492292],[-91.574746,40.465664],[-91.552691,40.458769],[-91.52509,40.457845],[-91.523271,40.450061],[-91.533623,40.43832],[-91.519134,40.432822],[-91.526555,40.419872],[-91.524612,40.410765],[-91.498093,40.401926],[-91.488481,40.404317],[-91.490977,40.393484],[-91.484507,40.3839],[-91.463386,40.385394],[-91.463895,40.375659],[-91.451627,40.376019],[-91.441243,40.386255],[-91.419422,40.378264],[-91.444833,40.36317],[-91.46214,40.342414],[-91.489868,40.286048],[-91.490524,40.259498],[-91.4972633213575,40.2487613186394],[-91.95078,40.257586]]]}},{"type":"Feature","properties":{"GEOID":"29227","NAME":"Worth","state":"MO","wildfire_risk_score":34.097,"wildfire_eal_total":18058.52,"risk_band":"Low","source":"FEMA National Risk Index v1.20 (December 2025)"},"geometry":{"type":"Polygon","coordinates":[[[-94.632032,40.571186],[-94.2322400446736,40.5719073719896],[-94.231565,40.470357],[-94.214619,40.470464],[-94.214278,40.384254],[-94.608642,40.386818],[-94.608409,40.472443],[-94.631889,40.472513],[-94.632032,40.571186]]]}},{"type":"Feature","properties":{"GEOID":"29025","NAME":"Caldwell","state":"MO","wildfire_risk_score":45.388,"wildfire_eal_total":29597.3,"risk_band":"Moderate","source":"FEMA National Risk Index v1.20 (December 2025)"},"geometry":{"type":"Polygon","coordinates":[[[-94.207691,39.541643],[-94.205844,39.788954],[-93.758992,39.784674],[-93.759183,39.524558],[-94.208423,39.5272],[-94.207691,39.541643]]]}},{"type":"Feature","properties":{"GEOID":"29221","NAME":"Washington","state":"MO","wildfire_risk_score":56.011,"wildfire_eal_total":49884.63,"risk_band":"Moderate","source":"FEMA National Risk Index v1.20 (December 2025)"},"geometry":{"type":"Polygon","coordinates":[[[-91.097582,37.840299],[-91.095765,38.204083],[-90.780185,38.204112],[-90.681399,38.102681],[-90.676175,38.095066],[-90.685366,38.091058],[-90.684547,38.086311],[-90.663581,38.087743],[-90.657404,38.097306],[-90.651919,38.090529],[-90.661998,38.08465],[-90.63998,38.076548],[-90.645135,37.734813],[-90.762091,37.738517],[-90.874134,37.734196],[-90.982499,37.74033],[-91.100017,37.740012],[-91.097582,37.840299]]]}},{"type":"Feature","properties":{"GEOID":"29161","NAME":"Phelps","state":"MO","wildfire_risk_score":57.856,"wildfire_eal_total":78738.64,"risk_band":"High","source":"FEMA National Risk Index v1.20 (December 2025)"},"geometry":{"type":"Polygon","coordinates":[[[-92.02856,37.706841],[-92.021165,38.010639],[-91.966333,38.009683],[-91.953704,38.040155],[-91.941852,38.041592],[-91.935247,38.03087],[-91.895132,38.051199],[-91.632431,38.050951],[-91.630554,38.153519],[-91.525025,38.152433],[-91.528797,37.788989],[-91.806219,37.791286],[-91.809105,37.598863],[-92.029258,37.602542],[-92.02856,37.706841]]]}},{"type":"Feature","properties":{"GEOID":"29007","NAME":"Audrain","state":"MO","wildfire_risk_score":41.826,"wildfire_eal_total":23029.18,"risk_band":"Moderate","source":"FEMA National Risk Index v1.20 (December 2025)"},"geometry":{"type":"Polygon","coordinates":[[[-92.313836,39.249986],[-92.310028,39.347795],[-92.092226,39.340762],[-91.722523,39.339293],[-91.717968,39.339122],[-91.718467,39.324505],[-91.438235,39.318716],[-91.409033,39.142542],[-91.629598,39.147853],[-91.633998,39.059057],[-92.110387,39.064204],[-92.104374,39.239809],[-92.314471,39.246454],[-92.313836,39.249986]]]}}]}