{"type":"FeatureCollection","metadata":{"state":"MT","boundary_source":"U.S. Census Bureau 2024 Cartographic Boundary File (counties, 1:500,000)","risk_source":"FEMA National Risk Index v1.20 (December 2025)"},"features":[{"type":"Feature","properties":{"GEOID":"30001","NAME":"Beaverhead","state":"MT","wildfire_risk_score":84.319,"wildfire_eal_total":479756.22,"risk_band":"Moderate","source":"FEMA National Risk Index v1.20 (December 2025)"},"geometry":{"type":"Polygon","coordinates":[[[-113.937372,45.697274],[-113.922306,45.703976],[-113.910416,45.699356],[-113.906529,45.704175],[-113.911119,45.712761],[-113.903046,45.721506],[-113.909354,45.726684],[-113.904361,45.730997],[-113.916261,45.746028],[-113.896496,45.769723],[-113.868295,45.781175],[-113.854917,45.773141],[-113.84926,45.752631],[-113.830242,45.750718],[-113.811059,45.757862],[-113.800104,45.772799],[-113.78721,45.778394],[-113.792239,45.783473],[-113.792006,45.792129],[-113.778374,45.792003],[-113.770824,45.800881],[-113.758649,45.801896],[-113.744046,45.815074],[-113.729448,45.819538],[-113.724164,45.828953],[-113.715455,45.830585],[-113.712522,45.838384],[-113.697639,45.843545],[-113.68593,45.83866],[-113.674904,45.840787],[-113.667875,45.835373],[-113.654693,45.840373],[-113.622542,45.841305],[-113.609492,45.850866],[-113.592215,45.850224],[-113.5914,45.862898],[-113.579328,45.872892],[-113.528581,45.88116],[-113.53655,45.893877],[-113.535109,45.913198],[-113.516144,45.938814],[-113.503957,45.941505],[-113.495527,45.936184],[-113.484745,45.910908],[-113.47079,45.89779],[-113.465081,45.881141],[-113.456669,45.875664],[-113.459674,45.871497],[-113.441302,45.855522],[-113.440203,45.83944],[-113.429415,45.830628],[-113.432221,45.826302],[-113.42749,45.814243],[-113.435089,45.807048],[-113.431961,45.800684],[-113.39514,45.766579],[-113.376994,45.759619],[-113.363363,45.757911],[-113.364429,45.771036],[-113.353359,45.784284],[-113.347268,45.804601],[-113.335912,45.81324],[-113.308299,45.806389],[-113.294258,45.820748],[-113.275418,45.817973],[-113.249978,45.839614],[-113.255046,45.845582],[-113.252897,45.84951],[-113.238845,45.853392],[-113.222449,45.871065],[-113.208562,45.876376],[-113.19694,45.874555],[-113.179791,45.885009],[-113.158146,45.885256],[-113.100273,45.881717],[-113.087555,45.87203],[-113.082638,45.853827],[-113.064907,45.85069],[-113.03821,45.832273],[-113.021657,45.828611],[-113.020731,45.822352],[-113.002041,45.815887],[-112.997176,45.806568],[-112.988743,45.808615],[-112.945329,45.799029],[-112.931134,45.802481],[-112.90431,45.780807],[-112.884734,45.789258],[-112.866371,45.77726],[-112.855172,45.779797],[-112.823566,45.774252],[-112.799207,45.75876],[-112.784782,45.763479],[-112.779325,45.754567],[-112.759339,45.748209],[-112.758271,45.734084],[-112.747754,45.729421],[-112.753649,45.71146],[-112.735998,45.702064],[-112.747716,45.696098],[-112.726199,45.682454],[-112.723906,45.675575],[-112.701192,45.67654],[-112.692273,45.656407],[-112.699905,45.642663],[-112.679269,45.612104],[-112.68719,45.600795],[-112.687616,45.561941],[-112.695106,45.550428],[-112.693203,45.544288],[-112.704848,45.533232],[-112.699133,45.513612],[-112.691297,45.512279],[-112.688931,45.50724],[-112.69285,45.488795],[-112.687839,45.47724],[-112.660509,45.464224],[-112.658909,45.457694],[-112.638841,45.4551],[-112.628609,45.440586],[-112.609231,45.437049],[-112.59855,45.42943],[-112.577233,45.429838],[-112.53944,45.446534],[-112.505568,45.443009],[-112.46426,45.39382],[-112.464636,45.34991],[-112.458062,45.34991],[-112.456854,45.088509],[-112.333899,45.088423],[-112.334248,45.000519],[-112.191187,45.000512],[-112.190634,44.912735],[-112.166986,44.912587],[-112.167108,44.826738],[-112.065678,44.825985],[-112.065797,44.783475],[-111.781157,44.781027],[-111.781099,44.708845],[-111.474963,44.708773],[-111.485278,44.70777],[-111.489894,44.700559],[-111.483765,44.694464],[-111.484898,44.687578],[-111.468809,44.67941],[-111.476511,44.673724],[-111.472255,44.666896],[-111.487515,44.653685],[-111.491934,44.643134],[-111.500888,44.649189],[-111.504392,44.644528],[-111.516167,44.644059],[-111.502489,44.62682],[-111.521585,44.615021],[-111.525198,44.6052],[-111.519337,44.601768],[-111.523789,44.594567],[-111.517814,44.582166],[-111.50134,44.57249],[-111.509975,44.565159],[-111.507408,44.562079],[-111.492024,44.56081],[-111.478653,44.553395],[-111.469318,44.557552],[-111.463673,44.541591],[-111.499586,44.542041],[-111.51527,44.537016],[-111.523594,44.547864],[-111.547052,44.557176],[-111.562814,44.555209],[-111.586507,44.562657],[-111.612669,44.548768],[-111.645905,44.554687],[-111.659265,44.552663],[-111.682435,44.560864],[-111.691208,44.55658],[-111.701745,44.559952],[-111.715648,44.543369],[-111.746401,44.540766],[-111.761601,44.5268],[-111.772606,44.530103],[-111.78033,44.523853],[-111.801119,44.525985],[-111.807632,44.52065],[-111.808102,44.511177],[-111.82153,44.508941],[-111.863585,44.551339],[-111.868756,44.565834],[-111.879459,44.560409],[-111.889712,44.564646],[-111.908263,44.556435],[-111.947047,44.556978],[-111.951158,44.549918],[-111.961333,44.549011],[-111.977455,44.535837],[-111.994275,44.53515],[-112.032707,44.546642],[-112.032386,44.528725],[-112.069583,44.536901],[-112.093304,44.530002],[-112.096299,44.523212],[-112.106755,44.520829],[-112.126239,44.52883],[-112.137075,44.539767],[-112.148886,44.536756],[-112.164648,44.541533],[-112.183937,44.533067],[-112.221698,44.543519],[-112.229477,44.549494],[-112.229342,44.564108],[-112.242785,44.568091],[-112.256946,44.571301],[-112.266285,44.565859],[-112.286041,44.568605],[-112.312899,44.553536],[-112.319198,44.53911],[-112.35421,44.535638],[-112.358917,44.528847],[-112.358483,44.485736],[-112.366692,44.467096],[-112.387339,44.447597],[-112.406709,44.457251],[-112.432982,44.454452],[-112.441877,44.46612],[-112.455278,44.466682],[-112.46035,44.475115],[-112.472041,44.4791],[-112.500189,44.462963],[-112.511445,44.467059],[-112.513437,44.474709],[-112.534688,44.47834],[-112.541712,44.483771],[-112.58485,44.481107],[-112.601955,44.490705],[-112.628524,44.482794],[-112.632993,44.491048],[-112.66357,44.486249],[-112.685869,44.493308],[-112.693082,44.500046],[-112.71911,44.504344],[-112.733947,44.499787],[-112.744163,44.488241],[-112.779844,44.484613],[-112.802497,44.457204],[-112.825861,44.443985],[-112.828137,44.431504],[-112.839427,44.425119],[-112.819944,44.400198],[-112.811106,44.398878],[-112.815129,44.394705],[-112.813153,44.376697],[-112.845176,44.357962],[-112.855086,44.35997],[-112.88152,44.379629],[-112.88367,44.399948],[-112.889154,44.405205],[-112.902662,44.399101],[-112.9229,44.410839],[-112.93958,44.412502],[-112.951109,44.417442],[-112.95215,44.424348],[-112.9642,44.423787],[-113.005059,44.45372],[-113.006702,44.471651],[-113.0265,44.494593],[-113.017047,44.50398],[-113.015578,44.516203],[-113.005408,44.520142],[-113.007952,44.52718],[-113.04422,44.54337],[-113.047765,44.548283],[-113.045096,44.555984],[-113.036827,44.560362],[-113.037792,44.565083],[-113.067168,44.579062],[-113.062703,44.586433],[-113.087542,44.59951],[-113.07467,44.613982],[-113.057122,44.618609],[-113.049808,44.629066],[-113.051504,44.63695],[-113.065589,44.649253],[-113.067761,44.678786],[-113.081406,44.683372],[-113.083237,44.692156],[-113.097833,44.698868],[-113.101597,44.729388],[-113.116011,44.732328],[-113.121503,44.747173],[-113.13428,44.752267],[-113.137704,44.760109],[-113.131418,44.765272],[-113.131831,44.773038],[-113.163409,44.778779],[-113.179538,44.787165],[-113.190334,44.79979],[-113.209171,44.809032],[-113.237711,44.813874],[-113.247603,44.822861],[-113.341822,44.784944],[-113.354435,44.793032],[-113.3461,44.800611],[-113.356062,44.819798],[-113.376157,44.83039],[-113.377115,44.834829],[-113.409413,44.840757],[-113.421579,44.837554],[-113.42875,44.854213],[-113.455071,44.865424],[-113.4612,44.886754],[-113.477988,44.895222],[-113.471948,44.909456],[-113.488501,44.920728],[-113.498373,44.941685],[-113.493814,44.948509],[-113.46521,44.947866],[-113.444388,44.958745],[-113.449444,44.970017],[-113.44517,44.972644],[-113.44663,44.99782],[-113.437882,45.007343],[-113.448743,45.020711],[-113.446239,45.033461],[-113.45579,45.040169],[-113.449833,45.045501],[-113.452044,45.059174],[-113.459766,45.064641],[-113.485308,45.063547],[-113.487097,45.074652],[-113.522502,45.091736],[-113.506908,45.106918],[-113.510262,45.115476],[-113.550071,45.113043],[-113.569821,45.124299],[-113.576632,45.131518],[-113.565407,45.148743],[-113.579956,45.148354],[-113.590707,45.155886],[-113.594254,45.16677],[-113.58961,45.177616],[-113.591911,45.184187],[-113.637042,45.212939],[-113.649132,45.233999],[-113.684556,45.25312],[-113.692485,45.26344],[-113.690941,45.27283],[-113.679335,45.275529],[-113.680834,45.279304],[-113.710035,45.301015],[-113.718704,45.3158],[-113.738056,45.328372],[-113.740172,45.343993],[-113.729651,45.355717],[-113.738879,45.36813],[-113.733216,45.372795],[-113.734402,45.392353],[-113.749116,45.402831],[-113.776043,45.408477],[-113.776691,45.41683],[-113.760146,45.427436],[-113.776809,45.435049],[-113.774777,45.447178],[-113.783541,45.451978],[-113.774641,45.46301],[-113.776364,45.47042],[-113.759986,45.480735],[-113.772669,45.514255],[-113.766555,45.520906],[-113.834459,45.521092],[-113.817949,45.556659],[-113.820873,45.56606],[-113.797133,45.582115],[-113.807405,45.602783],[-113.825215,45.613107],[-113.83888,45.610691],[-113.848639,45.620109],[-113.861232,45.623589],[-113.885748,45.617435],[-113.903684,45.621591],[-113.899915,45.62886],[-113.9022,45.637736],[-113.895237,45.643391],[-113.91948,45.65786],[-113.931094,45.673746],[-113.937372,45.697274]]]}},{"type":"Feature","properties":{"GEOID":"30105","NAME":"Valley","state":"MT","wildfire_risk_score":49.459,"wildfire_eal_total":45026.38,"risk_band":"Low","source":"FEMA National Risk Index v1.20 (December 2025)"},"geometry":{"type":"Polygon","coordinates":[[[-107.414884,47.705],[-107.4144,47.870513],[-107.404676,47.870509],[-107.404513,48.21844],[-107.36973,48.218373],[-107.369252,48.305163],[-107.260458,48.304768],[-107.260279,48.39408],[-107.301073,48.394],[-107.301721,48.480943],[-107.257944,48.480989],[-107.25803,48.514821],[-107.251025,48.517225],[-107.241295,48.51324],[-107.233025,48.515515],[-107.217443,48.50757],[-107.192691,48.509402],[-107.192709,48.568113],[-107.206316,48.56817],[-107.206032,48.91271],[-107.179823,48.912668],[-107.179812009792,48.9999246229784],[-106.1120637647,48.9992794389196],[-106.112003,48.910647],[-106.15193,48.910637],[-106.151908,48.823927],[-106.021251,48.823975],[-106.021316,48.563761],[-105.804436,48.563358],[-105.804599,48.219037],[-105.843823,48.219034],[-105.843891,48.010289],[-105.855386,48.008412],[-105.860795,48.015353],[-105.881,48.02402],[-105.887194,48.036693],[-105.894617,48.038184],[-105.899279,48.034219],[-105.897544,48.011083],[-105.907061,48.00561],[-105.919548,48.003898],[-105.938368,48.014234],[-105.974602,48.015859],[-105.999227,48.031446],[-106.017371,48.033625],[-106.025102,48.026087],[-106.011137,48.011253],[-106.016685,48.005245],[-106.029368,48.004058],[-106.044121,48.008469],[-106.058262,48.028909],[-106.082525,48.035469],[-106.088242,48.033128],[-106.085635,48.02043],[-106.095538,48.010575],[-106.119878,48.004067],[-106.1452,48.007503],[-106.143,48.012757],[-106.124493,48.021462],[-106.12271,48.028242],[-106.12941,48.03225],[-106.229302,48.026416],[-106.2448,48.029943],[-106.272484,48.046106],[-106.300974,48.041376],[-106.313537,48.054887],[-106.355826,48.044366],[-106.366098,48.04838],[-106.368786,48.059954],[-106.394163,48.064726],[-106.417795,48.04292],[-106.430477,48.019718],[-106.423668,48.011288],[-106.414291,47.972816],[-106.41862,47.957457],[-106.429009,47.954626],[-106.43405,47.961363],[-106.428958,47.976176],[-106.447421,47.98286],[-106.452414,47.970419],[-106.462586,47.965326],[-106.501725,47.958287],[-106.510097,47.948096],[-106.495285,47.943319],[-106.489428,47.927382],[-106.498523,47.914524],[-106.519566,47.911936],[-106.53081,47.903562],[-106.510062,47.891155],[-106.508186,47.880216],[-106.526072,47.881428],[-106.542707,47.875827],[-106.541872,47.869983],[-106.527141,47.860976],[-106.528095,47.851702],[-106.562383,47.843391],[-106.557789,47.825489],[-106.566289,47.814958],[-106.608369,47.806714],[-106.60223,47.78698],[-106.609813,47.777234],[-106.621789,47.790855],[-106.642775,47.793053],[-106.654139,47.788785],[-106.655312,47.779776],[-106.66556,47.769802],[-106.687175,47.776989],[-106.710492,47.773236],[-106.710823,47.758037],[-106.717698,47.747398],[-106.731699,47.735075],[-106.746573,47.731316],[-106.763477,47.732202],[-106.790073,47.74339],[-106.853714,47.740316],[-106.879193,47.720686],[-106.870039,47.69414],[-106.881162,47.678128],[-106.925557,47.66947],[-106.94455,47.676289],[-106.965922,47.671692],[-106.993521,47.674637],[-107.011358,47.663111],[-107.028974,47.660437],[-107.114109,47.669026],[-107.158817,47.667788],[-107.17669,47.661665],[-107.249,47.661566],[-107.284283,47.680446],[-107.336667,47.681123],[-107.366193,47.692347],[-107.414886,47.691734],[-107.414884,47.705]]]}},{"type":"Feature","properties":{"GEOID":"30005","NAME":"Blaine","state":"MT","wildfire_risk_score":69.847,"wildfire_eal_total":102389.6,"risk_band":"Moderate","source":"FEMA National Risk Index v1.20 (December 2025)"},"geometry":{"type":"Polygon","coordinates":[[[-109.551644,48.293479],[-109.51908,48.293457],[-109.51878,48.394726],[-109.497028,48.394739],[-109.49673,48.45273],[-109.464318,48.452638],[-109.464318,48.52526],[-109.496881,48.525207],[-109.496882,48.567914],[-109.505333,48.56791],[-109.505514,48.913911],[-109.489627,48.913968],[-109.489553083702,49.0006056734615],[-108.236362223928,48.9995299383905],[-108.236357,48.91352],[-108.259372,48.913592],[-108.259384,48.742225],[-108.319119,48.742209],[-108.319011,48.568431],[-108.346193,48.56845],[-108.346316,48.422305],[-108.346703,48.428401],[-108.353691,48.428051],[-108.35425,48.432563],[-108.367579,48.430923],[-108.359574,48.439003],[-108.371106,48.441172],[-108.374174,48.436443],[-108.377545,48.44233],[-108.384014,48.437818],[-108.392342,48.442519],[-108.393266,48.437769],[-108.404848,48.440772],[-108.398007,48.445079],[-108.404453,48.443734],[-108.410374,48.448484],[-108.411186,48.444981],[-108.411363,48.219554],[-108.433848,48.219551],[-108.43398,47.976553],[-108.569564,47.981272],[-108.597801,47.991923],[-108.607579,47.990997],[-108.623259,47.957242],[-108.625587,47.920411],[-108.656132,47.919979],[-108.662132,47.924967],[-108.888316,47.922722],[-108.891115,47.734456],[-108.919407,47.735396],[-108.936652,47.728798],[-108.945635,47.730364],[-108.950006,47.736901],[-108.946064,47.74253],[-108.920422,47.756494],[-108.945661,47.772897],[-108.946535,47.779301],[-108.93902,47.790216],[-108.962793,47.79333],[-108.978383,47.802658],[-108.995265,47.803424],[-109.037088,47.792117],[-109.072713,47.801141],[-109.139956,47.780423],[-109.163681,47.780045],[-109.190276,47.790903],[-109.226574,47.794689],[-109.275945,47.792936],[-109.28394,47.786431],[-109.282886,47.776041],[-109.301081,47.770263],[-109.312838,47.758383],[-109.369936,47.742977],[-109.38797,47.742244],[-109.393473,47.734671],[-109.425315,47.720153],[-109.436685,47.725727],[-109.458748,47.723556],[-109.472156,47.731454],[-109.487237,47.730941],[-109.514499,47.746004],[-109.538677,47.738864],[-109.538663,47.871021],[-109.532919,47.871083],[-109.533938,48.221317],[-109.551758,48.221373],[-109.551644,48.293479]]]}},{"type":"Feature","properties":{"GEOID":"30029","NAME":"Flathead","state":"MT","wildfire_risk_score":95.452,"wildfire_eal_total":4817712.53,"risk_band":"High","source":"FEMA National Risk Index v1.20 (December 2025)"},"geometry":{"type":"Polygon","coordinates":[[[-115.020079,48.225954],[-114.848098,48.226125],[-114.849803,48.573502],[-114.888679,48.573546],[-114.888592,48.658526],[-114.639007,48.658878],[-114.655922,48.670574],[-114.690227,48.677552],[-114.692131,48.684577],[-114.680768,48.698195],[-114.691264,48.708896],[-114.679109,48.724308],[-114.625819,48.738308],[-114.612665,48.754699],[-114.618144,48.759558],[-114.635508,48.759363],[-114.648569,48.779362],[-114.661822,48.781058],[-114.673381,48.789405],[-114.672163,48.799286],[-114.714542,48.801601],[-114.73248,48.809304],[-114.722678,48.831608],[-114.70801,48.832466],[-114.705265,48.838546],[-114.691763,48.84243],[-114.689417,48.863886],[-114.693653,48.874198],[-114.709822,48.888285],[-114.70391,48.910269],[-114.707977,48.927409],[-114.718126,48.931767],[-114.718806,48.938678],[-114.696994,48.9539],[-114.684887,48.971534],[-114.696861,48.979942],[-114.735072,48.98279],[-114.739398,48.990826],[-114.73332,48.997677],[-114.375977,49.00139],[-114.068178608618,48.9989189222999],[-114.056449,48.986095],[-114.057748,48.976677],[-114.050365,48.963367],[-114.02796,48.964732],[-114.021376,48.96113],[-114.042472,48.945894],[-114.047483,48.936401],[-114.042193,48.932064],[-114.02477,48.933403],[-114.014912,48.924807],[-114.013798,48.908506],[-114.01887,48.90303],[-114.039039,48.895064],[-114.055089,48.894628],[-114.058093,48.888954],[-114.031095,48.87993],[-114.017229,48.864747],[-114.006654,48.864957],[-113.993032,48.854123],[-113.989686,48.840588],[-113.999138,48.839018],[-114.00406,48.83308],[-114.001391,48.831393],[-113.980897,48.825772],[-113.973497,48.81876],[-113.966387,48.823761],[-113.956864,48.817474],[-113.918678,48.835042],[-113.911149,48.849865],[-113.875042,48.837297],[-113.865485,48.847263],[-113.841084,48.855794],[-113.837075,48.850754],[-113.818373,48.848218],[-113.818058,48.842713],[-113.81075,48.838584],[-113.79046,48.845485],[-113.785164,48.832598],[-113.756941,48.818318],[-113.763963,48.803704],[-113.772806,48.80084],[-113.771663,48.787757],[-113.761646,48.773303],[-113.742707,48.765219],[-113.735501,48.749395],[-113.713655,48.74144],[-113.707113,48.730818],[-113.709646,48.724111],[-113.702732,48.719377],[-113.713146,48.699416],[-113.740992,48.692271],[-113.725891,48.67146],[-113.739066,48.663146],[-113.745569,48.652773],[-113.746681,48.639484],[-113.742166,48.635546],[-113.754035,48.61854],[-113.750454,48.614335],[-113.724476,48.600065],[-113.679755,48.593389],[-113.663557,48.585639],[-113.641273,48.600552],[-113.632257,48.598819],[-113.604188,48.575393],[-113.592952,48.57698],[-113.586481,48.583533],[-113.578346,48.584241],[-113.572065,48.578969],[-113.543853,48.587025],[-113.536519,48.578045],[-113.516905,48.572923],[-113.510316,48.559817],[-113.492291,48.552326],[-113.473384,48.552483],[-113.467372,48.547555],[-113.473653,48.504794],[-113.466047,48.498172],[-113.471821,48.487577],[-113.466584,48.474533],[-113.480839,48.459662],[-113.478912,48.453123],[-113.464573,48.445422],[-113.451783,48.445825],[-113.411016,48.419536],[-113.385453,48.416518],[-113.355976,48.423912],[-113.34839,48.412757],[-113.35111,48.405941],[-113.346558,48.394094],[-113.332966,48.387632],[-113.334014,48.381944],[-113.340991,48.369569],[-113.387048,48.341502],[-113.374587,48.33238],[-113.374269,48.32393],[-113.354804,48.316498],[-113.347906,48.311067],[-113.348,48.303113],[-113.33376,48.298172],[-113.327406,48.289396],[-113.297972,48.284341],[-113.289585,48.265339],[-113.249792,48.255214],[-113.236777,48.247211],[-113.225885,48.231654],[-113.228916,48.229412],[-113.225859,48.224928],[-113.236608,48.21834],[-113.237622,48.210631],[-113.231652,48.171077],[-113.208933,48.164219],[-113.196532,48.168284],[-113.191252,48.17566],[-113.184972,48.171469],[-113.182615,48.175093],[-113.152279,48.15124],[-113.141921,48.153351],[-113.134616,48.149108],[-113.130849,48.140145],[-113.13468,48.138183],[-113.129823,48.135417],[-113.090804,48.136443],[-113.068293,48.148412],[-113.070412,48.152653],[-113.052922,48.140902],[-113.055635,48.124862],[-113.051183,48.12131],[-113.030149,48.133269],[-113.009938,48.128231],[-113.000624,48.130734],[-112.983366,48.117761],[-112.993244,48.114858],[-112.99071,48.107804],[-112.996088,48.106093],[-112.994237,48.098514],[-112.978987,48.088847],[-112.982864,48.086435],[-112.97818,48.080203],[-112.981771,48.07376],[-112.963711,48.07491],[-112.952892,48.065613],[-112.93777,48.060926],[-112.93713,48.055523],[-112.950716,48.049976],[-112.950029,48.033527],[-112.90767,48.02959],[-112.896662,48.019019],[-112.878701,47.977163],[-112.897897,47.972453],[-112.912591,47.946407],[-112.951631,47.944814],[-112.958095,47.95147],[-112.981758,47.955287],[-112.998375,47.944084],[-113.013791,47.941483],[-113.022115,47.927097],[-113.065533,47.926594],[-113.086634,47.918182],[-113.086548,47.910618],[-113.093335,47.907968],[-113.092519,47.896129],[-113.063275,47.88564],[-113.065284,47.877361],[-113.05813,47.870819],[-113.058188,47.842496],[-113.066432,47.838116],[-113.069335,47.829247],[-113.062375,47.822007],[-113.064061,47.813487],[-113.059974,47.80806],[-113.066834,47.799242],[-113.061498,47.78816],[-113.066451,47.776214],[-113.082592,47.773063],[-113.080997,47.749917],[-113.09407,47.743583],[-113.121863,47.741589],[-113.137986,47.745786],[-113.165555,47.727963],[-113.157814,47.695788],[-113.140897,47.668602],[-113.12847,47.661047],[-113.130286,47.641577],[-113.144481,47.637216],[-113.144362,47.626686],[-113.135758,47.620321],[-113.146287,47.607507],[-113.144368,47.595507],[-113.634079,47.600027],[-113.625087,47.622019],[-113.629067,47.626946],[-113.623703,47.63615],[-113.622663,47.658657],[-113.605954,47.663181],[-113.598113,47.68315],[-113.598647,47.697463],[-113.60285,47.70205],[-113.603924,47.72144],[-113.640588,47.719998],[-113.659492,47.735306],[-113.66383,47.744885],[-113.649744,47.755847],[-113.64666,47.764831],[-113.652931,47.776717],[-113.670642,47.78315],[-113.675348,47.793397],[-113.681896,47.796189],[-113.680828,47.808908],[-113.667029,47.814859],[-113.673371,47.830908],[-113.666201,47.84065],[-113.675698,47.860278],[-113.665827,47.87245],[-113.667242,47.889535],[-113.694756,47.908685],[-113.69873,47.916746],[-113.718499,47.916726],[-113.724564,47.921069],[-113.72829,47.934202],[-113.747183,47.952952],[-113.770362,47.947664],[-113.774206,47.950454],[-113.772336,47.957966],[-113.789264,47.968801],[-113.795666,47.968215],[-113.803682,47.980212],[-113.813854,47.983183],[-113.821677,47.978699],[-113.829774,47.981079],[-113.832946,47.976406],[-113.842199,47.978242],[-113.865368,48.014137],[-113.858349,48.022473],[-113.869844,48.034455],[-113.866491,48.041452],[-113.882963,48.044832],[-113.884541,48.0519],[-114.029042,48.051653],[-114.028326,48.037343],[-114.049903,48.037342],[-114.050243,48.022994],[-114.078282,48.023148],[-114.062177,47.989975],[-114.05733,48.000284],[-114.044143,47.996603],[-114.038991,47.987535],[-114.042736,47.971514],[-114.038545,47.96255],[-114.49219,47.961989],[-114.492147,47.875414],[-114.477451,47.875401],[-114.47729,47.789941],[-114.604462,47.789871],[-114.604584,47.875605],[-114.989344,47.872807],[-114.989433,48.003141],[-115.010678,48.003139],[-115.010094,48.139115],[-115.019703,48.139138],[-115.020079,48.225954]]]}},{"type":"Feature","properties":{"GEOID":"30063","NAME":"Missoula","state":"MT","wildfire_risk_score":95.77,"wildfire_eal_total":6818101.29,"risk_band":"High","source":"FEMA National Risk Index v1.20 (December 2025)"},"geometry":{"type":"Polygon","coordinates":[[[-114.797204,47.268916],[-114.766829,47.260384],[-114.737165,47.262758],[-114.715454,47.254192],[-114.708847,47.254689],[-114.68721,47.274335],[-114.636642,47.26593],[-114.631423,47.268458],[-114.593458,47.257089],[-114.550364,47.251722],[-114.543485,47.240135],[-114.532334,47.240392],[-114.517118,47.230106],[-114.501518,47.227242],[-114.493363,47.219405],[-114.466135,47.218701],[-114.454758,47.208195],[-114.423858,47.210091],[-114.381271,47.188048],[-114.360638,47.18712],[-114.35384,47.190995],[-114.346111,47.176235],[-114.338868,47.172459],[-114.352138,47.169042],[-114.355922,47.157903],[-114.344409,47.155146],[-114.333079,47.145241],[-114.323102,47.145312],[-114.31332,47.137155],[-114.3026,47.136271],[-114.292604,47.125693],[-114.264148,47.12107],[-114.253584,47.121007],[-114.236088,47.134301],[-114.212098,47.127709],[-114.191611,47.138879],[-113.933503,47.138289],[-113.933568,47.18172],[-113.821447,47.181709],[-113.821166,47.2687],[-113.824348,47.274413],[-113.842732,47.271884],[-113.855385,47.285002],[-113.872638,47.289355],[-113.873364,47.298866],[-113.882738,47.308073],[-113.900685,47.311317],[-113.886613,47.318266],[-113.881838,47.338524],[-113.893131,47.359086],[-113.887233,47.359913],[-113.886213,47.369265],[-113.875879,47.37103],[-113.87111,47.39197],[-113.885953,47.407087],[-113.891339,47.416784],[-113.890834,47.431689],[-113.902677,47.446706],[-113.932412,47.4576],[-113.928775,47.465901],[-113.951167,47.476018],[-113.938561,47.485042],[-113.942466,47.492805],[-113.930423,47.500259],[-113.915386,47.500282],[-113.908581,47.514436],[-113.927674,47.520571],[-113.92187,47.528317],[-113.923339,47.536337],[-113.929688,47.539918],[-113.9195,47.549411],[-113.932258,47.577161],[-113.928007,47.593753],[-113.934877,47.599959],[-113.941912,47.596507],[-113.948745,47.599992],[-113.466485,47.600057],[-113.46645,47.179186],[-113.302943,47.179643],[-113.302903,46.832159],[-113.416599,46.832113],[-113.417085,46.802495],[-113.479832,46.802772],[-113.479856,46.744714],[-113.545081,46.744623],[-113.545114,46.730987],[-113.551517,46.730993],[-113.55153,46.716508],[-113.668166,46.716229],[-113.667996,46.658372],[-114.332661751706,46.6605807312884],[-114.352898,46.663527],[-114.358528,46.670697],[-114.382809,46.662794],[-114.409898,46.661202],[-114.4131,46.656774],[-114.424424,46.660648],[-114.453477,46.649209],[-114.452609,46.641874],[-114.467095,46.631764],[-114.487385,46.633128],[-114.501217,46.64135],[-114.521384,46.640175],[-114.541304,46.649656],[-114.563335,46.640835],[-114.570751,46.643173],[-114.583385,46.633227],[-114.605269,46.635822],[-114.61415,46.639059],[-114.614464,46.654677],[-114.635779,46.659476],[-114.639794,46.665981],[-114.633468,46.672354],[-114.642246,46.673618],[-114.641664,46.679191],[-114.623169,46.691638],[-114.621526,46.707879],[-114.644627,46.722832],[-114.65075,46.733457],[-114.664572,46.739084],[-114.674941986649,46.7368334719963],[-114.674925,46.747414],[-114.549127,46.747366],[-114.549004,46.833626],[-114.566259,46.833557],[-114.566129,46.963405],[-114.546445,46.963371],[-114.547172,46.992439],[-114.52533,46.992328],[-114.525358,47.00925],[-114.50261,47.009076],[-114.486134,46.999197],[-114.451265,46.993201],[-114.451356,47.0089],[-114.419374,47.008896],[-114.419532,47.023246],[-114.483227,47.023358],[-114.483694,47.067508],[-114.566094,47.06738],[-114.565653,47.09485],[-114.586671,47.094853],[-114.586735,47.123757],[-114.629214,47.123721],[-114.629151,47.138255],[-114.65047,47.138244],[-114.650226,47.167163],[-114.691397,47.167201],[-114.691364,47.18227],[-114.712283,47.182187],[-114.712274,47.22559],[-114.775833,47.225573],[-114.775846,47.240053],[-114.797135,47.240033],[-114.797204,47.268916]]]}},{"type":"Feature","properties":{"GEOID":"30097","NAME":"Sweet Grass","state":"MT","wildfire_risk_score":88.104,"wildfire_eal_total":1454520.17,"risk_band":"High","source":"FEMA National Risk Index v1.20 (December 2025)"},"geometry":{"type":"Polygon","coordinates":[[[-110.292751,46.001423],[-110.292752,46.133849],[-110.281898,46.13384],[-110.281971,46.220605],[-109.653871,46.219404],[-109.65384,46.132465],[-109.60419,46.132484],[-109.605153,46.044994],[-109.417158,46.044759],[-109.423011,46.033019],[-109.423026,45.960011],[-109.506604,45.959112],[-109.505963,45.870218],[-109.548822,45.870749],[-109.546551,45.783475],[-109.563907,45.783471],[-109.56207,45.609119],[-109.685385,45.609022],[-109.685385,45.56561],[-109.808793,45.565925],[-109.808841,45.52247],[-109.932025,45.522456],[-109.931984,45.348755],[-110.064581,45.348755],[-110.064518,45.172129],[-110.228052,45.172129],[-110.228243,45.348755],[-110.219412,45.348799],[-110.220908,45.784973],[-110.292662,45.785057],[-110.292751,46.001423]]]}},{"type":"Feature","properties":{"GEOID":"30047","NAME":"Lake","state":"MT","wildfire_risk_score":92.653,"wildfire_eal_total":1847131.85,"risk_band":"High","source":"FEMA National Risk Index v1.20 (December 2025)"},"geometry":{"type":"Polygon","coordinates":[[[-114.60449,47.783901],[-114.604462,47.789871],[-114.47729,47.789941],[-114.477451,47.875401],[-114.492147,47.875414],[-114.49219,47.961989],[-114.038545,47.96255],[-114.042736,47.971514],[-114.038991,47.987535],[-114.044143,47.996603],[-114.05733,48.000284],[-114.062177,47.989975],[-114.078282,48.023148],[-114.050243,48.022994],[-114.049903,48.037342],[-114.028326,48.037343],[-114.029042,48.051653],[-113.884541,48.0519],[-113.882963,48.044832],[-113.866491,48.041452],[-113.869844,48.034455],[-113.858349,48.022473],[-113.865368,48.014137],[-113.842199,47.978242],[-113.832946,47.976406],[-113.829774,47.981079],[-113.821677,47.978699],[-113.813854,47.983183],[-113.803682,47.980212],[-113.795666,47.968215],[-113.789264,47.968801],[-113.772336,47.957966],[-113.774206,47.950454],[-113.770362,47.947664],[-113.747183,47.952952],[-113.72829,47.934202],[-113.724564,47.921069],[-113.718499,47.916726],[-113.69873,47.916746],[-113.692614,47.906871],[-113.672014,47.896349],[-113.665292,47.882898],[-113.665827,47.87245],[-113.675698,47.860278],[-113.666201,47.84065],[-113.673371,47.830908],[-113.667029,47.814859],[-113.680828,47.808908],[-113.681896,47.796189],[-113.675348,47.793397],[-113.670642,47.78315],[-113.652931,47.776717],[-113.64666,47.764831],[-113.649744,47.755847],[-113.663887,47.746631],[-113.659492,47.735306],[-113.640588,47.719998],[-113.603924,47.72144],[-113.598113,47.68315],[-113.605954,47.663181],[-113.622663,47.658657],[-113.623703,47.63615],[-113.629067,47.626946],[-113.625087,47.622019],[-113.634079,47.600027],[-113.948745,47.599992],[-113.941912,47.596507],[-113.934877,47.599959],[-113.928007,47.593753],[-113.932258,47.577161],[-113.9195,47.549411],[-113.929688,47.539918],[-113.923339,47.536337],[-113.92187,47.528317],[-113.927674,47.520571],[-113.908581,47.514436],[-113.915386,47.500282],[-113.930423,47.500259],[-113.942466,47.492805],[-113.938561,47.485042],[-113.951167,47.476018],[-113.928775,47.465901],[-113.932412,47.4576],[-113.902677,47.446706],[-113.890834,47.431689],[-113.891339,47.416784],[-113.885953,47.407087],[-113.87111,47.39197],[-113.875879,47.37103],[-113.886213,47.369265],[-113.887233,47.359913],[-113.893131,47.359086],[-113.881838,47.338524],[-113.886613,47.318266],[-113.900685,47.311317],[-113.882738,47.308073],[-113.873364,47.298866],[-113.872638,47.289355],[-113.855385,47.285002],[-113.842732,47.271884],[-113.824348,47.274413],[-113.821166,47.2687],[-113.821447,47.181709],[-113.933568,47.18172],[-113.933503,47.138289],[-114.18717,47.138191],[-114.187062,47.181889],[-114.203119,47.181908],[-114.203026,47.355746],[-114.288557,47.355875],[-114.303529,47.362763],[-114.327667,47.357044],[-114.324624,47.368376],[-114.35308,47.38985],[-114.342602,47.40893],[-114.342196,47.438526],[-114.328535,47.447999],[-114.325472,47.467701],[-114.297248,47.46141],[-114.28418,47.468496],[-114.284781,47.478493],[-114.296156,47.49477],[-114.304033,47.497398],[-114.350356,47.496695],[-114.362851,47.491019],[-114.3703,47.481102],[-114.383431,47.483914],[-114.365001,47.518051],[-114.366378,47.536088],[-114.328646,47.558696],[-114.328373,47.565666],[-114.339166,47.569356],[-114.34083,47.583337],[-114.320528,47.594551],[-114.330295,47.59834],[-114.342034,47.589311],[-114.350364,47.602142],[-114.58376,47.601718],[-114.584454,47.746355],[-114.604857,47.746421],[-114.60449,47.783901]]]}},{"type":"Feature","properties":{"GEOID":"30069","NAME":"Petroleum","state":"MT","wildfire_risk_score":66.476,"wildfire_eal_total":141607.6,"risk_band":"Low","source":"FEMA National Risk Index v1.20 (December 2025)"},"geometry":{"type":"Polygon","coordinates":[[[-108.736077,47.183414],[-108.719283,47.183358],[-108.719189,47.270342],[-108.591111,47.270135],[-108.590835,47.306516],[-108.3368,47.307932],[-108.336803,47.315159],[-108.315481,47.315152],[-108.313048,47.58365],[-108.282375,47.579615],[-108.259619,47.587987],[-108.24261,47.582184],[-108.19957,47.589725],[-108.171466,47.57994],[-108.147544,47.583642],[-108.131827,47.593974],[-108.083861,47.591143],[-108.062975,47.598418],[-108.024056,47.582346],[-108.005689,47.582183],[-107.985263,47.588717],[-107.96591,47.578486],[-107.96158,47.569875],[-107.944341,47.566326],[-107.931105,47.569073],[-107.923619,47.557232],[-107.930612,47.545582],[-107.918384,47.532953],[-107.918695,47.519684],[-107.896976,47.506981],[-107.909119,47.488011],[-107.904894,47.474812],[-107.912538,47.463788],[-107.90912,47.450692],[-107.923011,47.444781],[-107.913795,47.441732],[-107.920308,47.438341],[-107.912206,47.434347],[-107.909933,47.428984],[-107.913535,47.425084],[-107.908814,47.419173],[-107.920572,47.416167],[-107.909258,47.414182],[-107.909603,47.40158],[-107.926655,47.395009],[-107.924801,47.386678],[-107.936299,47.386617],[-107.929438,47.377577],[-107.943516,47.376898],[-107.939077,47.368092],[-107.957571,47.360019],[-107.952251,47.354369],[-107.963887,47.354012],[-107.951002,47.340876],[-107.956761,47.341534],[-107.955314,47.337074],[-107.963887,47.328911],[-107.951894,47.326029],[-107.957176,47.322663],[-107.956295,47.316828],[-107.954354,47.32267],[-107.944517,47.320195],[-107.943497,47.323662],[-107.934961,47.318369],[-107.953761,47.313715],[-107.956801,47.303871],[-107.94611,47.300448],[-107.964406,47.28927],[-107.946981,47.282945],[-107.956223,47.284252],[-107.964473,47.275385],[-107.952758,47.273489],[-107.951784,47.267028],[-107.956662,47.271649],[-107.96302,47.266264],[-107.961262,47.26156],[-107.947585,47.259088],[-107.95286,47.253107],[-107.961265,47.257192],[-107.968626,47.249823],[-107.94905,47.243383],[-107.949512,47.237982],[-107.961768,47.237668],[-107.955371,47.232882],[-107.956592,47.227636],[-107.964662,47.230489],[-107.953198,47.223596],[-107.949668,47.228416],[-107.94322,47.223422],[-107.9473,47.220605],[-107.937383,47.216248],[-107.938986,47.204977],[-107.9514,47.195056],[-107.932296,47.193029],[-107.939784,47.18947],[-107.931837,47.186824],[-107.939043,47.181431],[-107.934818,47.176735],[-107.93143,47.183054],[-107.922932,47.179485],[-107.934118,47.173543],[-107.928398,47.16891],[-107.931518,47.165479],[-107.941861,47.171652],[-107.946253,47.169548],[-107.937021,47.153573],[-107.941273,47.153312],[-107.943886,47.161195],[-107.954867,47.158578],[-107.938512,47.142216],[-107.956215,47.139335],[-107.941123,47.137787],[-107.952037,47.130335],[-107.955584,47.134834],[-107.960582,47.125333],[-107.930961,47.114885],[-107.932386,47.109954],[-107.93771,47.114395],[-107.953788,47.107333],[-107.942391,47.106409],[-107.934089,47.09756],[-107.933162,47.088665],[-107.944238,47.084823],[-107.933535,47.08424],[-107.93142,47.076411],[-107.928392,47.083088],[-107.922202,47.082317],[-107.917848,47.079376],[-107.926754,47.06942],[-107.913912,47.069243],[-107.924737,47.065524],[-107.922726,47.060421],[-107.91613,47.060122],[-107.928096,47.053797],[-107.919477,47.049851],[-107.927754,47.046803],[-107.907939,47.039749],[-107.909693,47.031828],[-107.901813,47.029887],[-107.913067,47.028962],[-107.922009,47.020744],[-107.910565,47.012786],[-107.902796,47.021435],[-107.895672,47.007419],[-107.890745,47.01047],[-107.889793,47.002719],[-107.882514,46.999355],[-107.890337,46.996342],[-107.89123,46.99024],[-107.885056,46.983959],[-107.897267,46.982932],[-107.889153,46.976827],[-107.915692,46.970008],[-107.904526,46.962454],[-107.911035,46.960824],[-107.904946,46.955166],[-107.91629,46.946346],[-107.915923,46.941582],[-107.904808,46.938458],[-107.928377,46.933644],[-107.915376,46.930911],[-107.929389,46.926815],[-107.917217,46.920934],[-107.934028,46.917275],[-107.928536,46.908326],[-107.934214,46.904826],[-107.930191,46.899405],[-107.940816,46.89474],[-107.936647,46.887389],[-107.941329,46.883163],[-107.934716,46.873643],[-107.9279,46.878117],[-107.915233,46.87485],[-107.919622,46.866818],[-107.900562,46.865719],[-107.907221,46.857198],[-107.89173,46.852031],[-107.896826,46.84825],[-107.8767,46.845031],[-107.873446,46.835011],[-107.861812,46.835606],[-107.865392,46.82477],[-107.858162,46.824435],[-107.85624,46.818659],[-107.847172,46.819172],[-107.854982,46.812317],[-107.840973,46.801957],[-107.850566,46.800981],[-107.85172,46.793612],[-107.837291,46.792151],[-107.844411,46.789886],[-107.843457,46.784316],[-107.853286,46.777888],[-107.842502,46.780874],[-107.843643,46.77196],[-107.837461,46.773607],[-107.840822,46.765396],[-107.827903,46.764582],[-107.825555,46.761454],[-107.832104,46.757382],[-107.827687,46.755875],[-108.631462,46.749392],[-108.630689,46.836807],[-108.611116,46.836776],[-108.608954,47.098126],[-108.736838,47.098218],[-108.736077,47.183414]]]}},{"type":"Feature","properties":{"GEOID":"30023","NAME":"Deer Lodge","state":"MT","wildfire_risk_score":73.601,"wildfire_eal_total":203926.59,"risk_band":"Moderate","source":"FEMA National Risk Index v1.20 (December 2025)"},"geometry":{"type":"Polygon","coordinates":[[[-113.516818,45.942096],[-113.499843,45.948439],[-113.480172,45.939683],[-113.459408,45.962159],[-113.46811,45.971364],[-113.458363,45.984064],[-113.442023,45.980985],[-113.415089,45.989807],[-113.411056,45.99968],[-113.399267,46.000469],[-113.394423,46.007128],[-113.396973,46.013921],[-113.378961,46.018589],[-113.363841,46.007548],[-113.352705,46.010257],[-113.335804,46.005384],[-113.328238,46.015502],[-113.316495,46.018894],[-113.278012,46.045268],[-113.280819,46.057221],[-113.274359,46.059326],[-113.274364,46.135798],[-113.285039,46.135788],[-113.284532,46.222783],[-113.036818,46.22333],[-113.036825,46.266826],[-112.558599,46.265821],[-112.579659,46.241824],[-112.597936,46.236894],[-112.592835,46.22542],[-112.574278,46.214848],[-112.582112,46.198686],[-112.577106,46.178981],[-112.593893,46.171324],[-112.594412,46.165238],[-112.604917,46.170196],[-112.615227,46.165391],[-112.621896,46.173197],[-112.640138,46.17434],[-112.656229,46.152864],[-112.67951,46.140538],[-112.681004,46.135672],[-112.77712,46.135826],[-112.777717,46.048313],[-112.852763,46.048434],[-112.870103,46.028215],[-112.868124,46.010334],[-112.877993,45.999416],[-112.922793,46.004811],[-112.927825,45.997266],[-112.938729,45.993373],[-112.941716,45.987172],[-112.937068,45.981345],[-112.938401,45.968412],[-112.932027,45.963016],[-112.932264,45.952984],[-112.923225,45.934768],[-112.92806,45.927654],[-112.96021,45.922587],[-112.968785,45.913401],[-112.965254,45.90554],[-112.982284,45.897117],[-112.983543,45.892487],[-113.013564,45.883915],[-113.024083,45.871393],[-113.052749,45.867046],[-113.060777,45.869716],[-113.085517,45.860648],[-113.087555,45.87203],[-113.100273,45.881717],[-113.179791,45.885009],[-113.19694,45.874555],[-113.213542,45.875264],[-113.228838,45.866457],[-113.238845,45.853392],[-113.252897,45.84951],[-113.255046,45.845582],[-113.249978,45.839614],[-113.275418,45.817973],[-113.294258,45.820748],[-113.308299,45.806389],[-113.333047,45.813408],[-113.339665,45.810798],[-113.347268,45.804601],[-113.353359,45.784284],[-113.364429,45.771036],[-113.363363,45.757911],[-113.371962,45.758715],[-113.39514,45.766579],[-113.431961,45.800684],[-113.435089,45.807048],[-113.42749,45.814243],[-113.432221,45.826302],[-113.429415,45.830628],[-113.440203,45.83944],[-113.441302,45.855522],[-113.459674,45.871497],[-113.456669,45.875664],[-113.465081,45.881141],[-113.47079,45.89779],[-113.484745,45.910908],[-113.495527,45.936184],[-113.516818,45.942096]]]}},{"type":"Feature","properties":{"GEOID":"30053","NAME":"Lincoln","state":"MT","wildfire_risk_score":96.597,"wildfire_eal_total":4061571.81,"risk_band":"High","source":"FEMA National Risk Index v1.20 (December 2025)"},"geometry":{"type":"Polygon","coordinates":[[[-116.049140153119,48.5020457243821],[-116.049086,49.000846],[-114.72705020628,49.0005869898058],[-114.739214,48.991591],[-114.735072,48.98279],[-114.696861,48.979942],[-114.684887,48.971534],[-114.696994,48.9539],[-114.718806,48.938678],[-114.718126,48.931767],[-114.707977,48.927409],[-114.70391,48.910269],[-114.709822,48.888285],[-114.693653,48.874198],[-114.689417,48.863886],[-114.691763,48.84243],[-114.705265,48.838546],[-114.70801,48.832466],[-114.722678,48.831608],[-114.73248,48.809304],[-114.714542,48.801601],[-114.672163,48.799286],[-114.673381,48.789405],[-114.661822,48.781058],[-114.648569,48.779362],[-114.635508,48.759363],[-114.618144,48.759558],[-114.612063,48.751858],[-114.619055,48.748689],[-114.619201,48.742601],[-114.639165,48.731931],[-114.679109,48.724308],[-114.691264,48.708896],[-114.680768,48.698195],[-114.692131,48.684577],[-114.690227,48.677552],[-114.655922,48.670574],[-114.639007,48.658878],[-114.888592,48.658526],[-114.888679,48.573546],[-114.849803,48.573502],[-114.848098,48.226125],[-115.020079,48.225954],[-115.019703,48.139138],[-115.010094,48.139115],[-115.010672,48.017621],[-115.154527,48.017692],[-115.149292,48.009523],[-115.150757,47.995478],[-115.136339,47.984183],[-115.144605,47.977289],[-115.14813,47.963501],[-115.153719,47.961573],[-115.160441,47.963532],[-115.16484,47.97265],[-115.17575,47.974394],[-115.175313,47.95986],[-115.185481,47.956729],[-115.17846,47.94791],[-115.184978,47.919269],[-115.200529,47.916083],[-115.205583,47.919281],[-115.225139,47.908297],[-115.247941,47.915223],[-115.251982,47.905216],[-115.262763,47.903539],[-115.27843,47.890268],[-115.29351,47.898349],[-115.301794,47.912467],[-115.31924,47.92157],[-115.38369,47.905107],[-115.399455,47.912442],[-115.399817,47.936117],[-115.421452,47.933768],[-115.426961,47.927077],[-115.427001,47.911097],[-115.461704,47.920333],[-115.470213,47.913222],[-115.482051,47.918119],[-115.499621,47.909175],[-115.51948,47.90775],[-115.546534,47.922079],[-115.545435,47.928192],[-115.556342,47.935612],[-115.558139,47.942291],[-115.537877,47.981646],[-115.544858,47.9994],[-115.568248,48.020157],[-115.581436,48.020588],[-115.596427,48.030786],[-115.611132,48.047945],[-115.609285,48.060105],[-115.641047,48.078812],[-115.632231,48.088622],[-115.638404,48.095405],[-115.641182,48.116741],[-115.649562,48.12419],[-115.645768,48.134142],[-115.65622,48.140128],[-115.654611,48.146246],[-115.66975,48.154783],[-115.671809,48.161495],[-115.693892,48.166979],[-115.696111,48.177474],[-115.683614,48.193603],[-115.67321,48.194965],[-115.672359,48.206394],[-115.693415,48.224568],[-115.698764,48.238498],[-115.709824,48.248427],[-115.734266,48.25665],[-115.737266,48.263274],[-115.759161,48.263997],[-115.771401,48.259064],[-115.78252,48.239714],[-115.800172,48.222818],[-115.828714,48.217484],[-115.833312,48.210779],[-115.841193,48.211002],[-115.84375,48.216114],[-115.845425,48.211057],[-115.855995,48.210707],[-115.857984,48.205789],[-115.883084,48.20255],[-115.903431,48.192519],[-115.908505,48.182608],[-115.936899,48.184063],[-115.957251,48.149042],[-115.980182,48.158405],[-116.009237,48.159669],[-116.018005,48.169538],[-116.016535,48.180382],[-116.021426,48.182977],[-116.020395,48.192499],[-116.012954,48.196762],[-116.018668,48.202839],[-116.016723,48.206217],[-116.048994358324,48.2161284423458],[-116.049140153119,48.5020457243821]]]}},{"type":"Feature","properties":{"GEOID":"30051","NAME":"Liberty","state":"MT","wildfire_risk_score":17.08,"wildfire_eal_total":4888.46,"risk_band":"Low","source":"FEMA National Risk Index v1.20 (December 2025)"},"geometry":{"type":"Polygon","coordinates":[[[-111.409018,48.219542],[-111.275306,48.219531],[-111.269864027259,48.9972297844707],[-110.743064,48.9985575021156],[-110.742698,48.914089],[-110.750595,48.914088],[-110.750113,48.566516],[-110.756177,48.566492],[-110.755873,48.219601],[-110.827413,48.219566],[-110.827168,48.133205],[-111.409097,48.132218],[-111.409018,48.219542]]]}},{"type":"Feature","properties":{"GEOID":"30085","NAME":"Roosevelt","state":"MT","wildfire_risk_score":72.837,"wildfire_eal_total":120926.81,"risk_band":"Moderate","source":"FEMA National Risk Index v1.20 (December 2025)"},"geometry":{"type":"Polygon","coordinates":[[[-105.84405,48.04782],[-105.843823,48.219034],[-105.804599,48.219037],[-105.804436,48.563358],[-104.757619,48.563127],[-104.757643,48.476556],[-104.627726,48.476349],[-104.62776,48.389362],[-104.046910625118,48.3892985761957],[-104.04412,47.996107],[-104.066179,48.003402],[-104.100932,48.000618],[-104.106695,48.013774],[-104.092657,48.03217],[-104.096246,48.035237],[-104.104068,48.029719],[-104.116628,48.031987],[-104.132903,48.055054],[-104.14247,48.055005],[-104.167221,48.035501],[-104.176012,48.03799],[-104.1883,48.048998],[-104.18297,48.063065],[-104.189097,48.068471],[-104.206285,48.062936],[-104.206437,48.055427],[-104.198797,48.045705],[-104.200698,48.0373],[-104.224029,48.03044],[-104.245936,48.031005],[-104.29044,48.050927],[-104.320674,48.045136],[-104.349492,48.046435],[-104.358616,48.066165],[-104.367495,48.073381],[-104.395056,48.076923],[-104.440434,48.093499],[-104.459967,48.119605],[-104.468664,48.122964],[-104.487092,48.121875],[-104.510463,48.109609],[-104.528335,48.124262],[-104.544517,48.126553],[-104.589754,48.107255],[-104.593573,48.110992],[-104.588066,48.127752],[-104.608123,48.142161],[-104.610335,48.133792],[-104.629159,48.127395],[-104.621297,48.114587],[-104.67734,48.102977],[-104.683272,48.105196],[-104.686757,48.115571],[-104.697921,48.118818],[-104.714307,48.118934],[-104.745439,48.110292],[-104.760735,48.126382],[-104.771144,48.12984],[-104.819609,48.119279],[-104.839065,48.12066],[-104.862225,48.130669],[-104.878641,48.14798],[-104.892006,48.150548],[-104.922186,48.137866],[-104.925837,48.11048],[-104.938251,48.095852],[-104.944574,48.09339],[-104.974058,48.103307],[-104.983595,48.101584],[-104.974812,48.084466],[-104.986975,48.068625],[-104.998373,48.067089],[-104.992493,48.080691],[-105.006225,48.085365],[-105.013902,48.077346],[-105.013845,48.069332],[-105.037094,48.063416],[-105.043563,48.053565],[-105.05278,48.058102],[-105.049135,48.072932],[-105.061071,48.078067],[-105.087468,48.063051],[-105.119117,48.0596],[-105.107836,48.068569],[-105.109414,48.076426],[-105.117735,48.078652],[-105.142334,48.072988],[-105.173367,48.081855],[-105.176391,48.088483],[-105.167189,48.096488],[-105.177722,48.1031],[-105.18286,48.09769],[-105.181574,48.079735],[-105.186434,48.070912],[-105.210871,48.06325],[-105.22194,48.066868],[-105.224202,48.071389],[-105.218934,48.081464],[-105.231833,48.090144],[-105.317563,48.079016],[-105.325469,48.082247],[-105.327108,48.090502],[-105.341066,48.094897],[-105.364528,48.088752],[-105.390106,48.093045],[-105.452579,48.089408],[-105.47057,48.093959],[-105.486855,48.091125],[-105.503195,48.097792],[-105.515205,48.091714],[-105.523676,48.07432],[-105.535409,48.066445],[-105.568481,48.08355],[-105.595027,48.08178],[-105.617496,48.073268],[-105.647941,48.077304],[-105.653136,48.073296],[-105.639652,48.066001],[-105.638641,48.059043],[-105.651506,48.046498],[-105.662539,48.046288],[-105.666202,48.057048],[-105.680021,48.059086],[-105.701167,48.049096],[-105.717201,48.033377],[-105.750561,48.025397],[-105.763764,48.028902],[-105.767399,48.043168],[-105.774461,48.048345],[-105.781876,48.042547],[-105.786283,48.022558],[-105.80888,48.024732],[-105.843891,48.010289],[-105.84405,48.04782]]]}},{"type":"Feature","properties":{"GEOID":"30075","NAME":"Powder River","state":"MT","wildfire_risk_score":87.977,"wildfire_eal_total":1229057.39,"risk_band":"High","source":"FEMA National Risk Index v1.20 (December 2025)"},"geometry":{"type":"Polygon","coordinates":[[[-106.279549,45.351797],[-106.235716,45.351796],[-106.234502,45.788578],[-104.98194,45.786982],[-104.981451,45.442759],[-104.987306,45.442759],[-104.987318,45.35204],[-105.038205,45.352035],[-105.038249000584,45.000103600584],[-105.913149,45.000238],[-105.928174,44.993487],[-106.263715096083,44.9937884502354],[-106.263684,45.179723],[-106.279709,45.179728],[-106.279549,45.351797]]]}},{"type":"Feature","properties":{"GEOID":"30035","NAME":"Glacier","state":"MT","wildfire_risk_score":85.274,"wildfire_eal_total":412368.59,"risk_band":"Moderate","source":"FEMA National Risk Index v1.20 (December 2025)"},"geometry":{"type":"Polygon","coordinates":[[[-114.068178608618,48.9989189222999],[-112.193409074978,48.9988999207963],[-112.184784,48.477353],[-112.20721,48.477023],[-112.229059,48.483614],[-112.576982,48.483348],[-112.575864,48.309684],[-113.349046,48.310263],[-113.374269,48.32393],[-113.374587,48.33238],[-113.387048,48.341502],[-113.340991,48.369569],[-113.334014,48.381944],[-113.332966,48.387632],[-113.346558,48.394094],[-113.35111,48.405941],[-113.34839,48.412757],[-113.355976,48.423912],[-113.385453,48.416518],[-113.411016,48.419536],[-113.451783,48.445825],[-113.464573,48.445422],[-113.478912,48.453123],[-113.480839,48.459662],[-113.466584,48.474533],[-113.471821,48.487577],[-113.466047,48.498172],[-113.473653,48.504794],[-113.467372,48.547555],[-113.473384,48.552483],[-113.492291,48.552326],[-113.510316,48.559817],[-113.516905,48.572923],[-113.536519,48.578045],[-113.543853,48.587025],[-113.572065,48.578969],[-113.578346,48.584241],[-113.586481,48.583533],[-113.592952,48.57698],[-113.604188,48.575393],[-113.632257,48.598819],[-113.641273,48.600552],[-113.663557,48.585639],[-113.679755,48.593389],[-113.724476,48.600065],[-113.750454,48.614335],[-113.754035,48.61854],[-113.742166,48.635546],[-113.746681,48.639484],[-113.745569,48.652773],[-113.739066,48.663146],[-113.725891,48.67146],[-113.740992,48.692271],[-113.713146,48.699416],[-113.702732,48.719377],[-113.709646,48.724111],[-113.707113,48.730818],[-113.713655,48.74144],[-113.735501,48.749395],[-113.742707,48.765219],[-113.761646,48.773303],[-113.771663,48.787757],[-113.772806,48.80084],[-113.763963,48.803704],[-113.756941,48.818318],[-113.785164,48.832598],[-113.79046,48.845485],[-113.81075,48.838584],[-113.818058,48.842713],[-113.818373,48.848218],[-113.837075,48.850754],[-113.841084,48.855794],[-113.865485,48.847263],[-113.875042,48.837297],[-113.911149,48.849865],[-113.918678,48.835042],[-113.956864,48.817474],[-113.966387,48.823761],[-113.973497,48.81876],[-113.980897,48.825772],[-114.001391,48.831393],[-114.00406,48.83308],[-113.999138,48.839018],[-113.989686,48.840588],[-113.993032,48.854123],[-114.006654,48.864957],[-114.017229,48.864747],[-114.031095,48.87993],[-114.058093,48.888954],[-114.055089,48.894628],[-114.039039,48.895064],[-114.01887,48.90303],[-114.013798,48.908506],[-114.014912,48.924807],[-114.02477,48.933403],[-114.042193,48.932064],[-114.047483,48.936401],[-114.042472,48.945894],[-114.021376,48.96113],[-114.02796,48.964732],[-114.050365,48.963367],[-114.057748,48.976677],[-114.056449,48.986095],[-114.068178608618,48.9989189222999]]]}},{"type":"Feature","properties":{"GEOID":"30009","NAME":"Carbon","state":"MT","wildfire_risk_score":93.321,"wildfire_eal_total":1888624.98,"risk_band":"High","source":"FEMA National Risk Index v1.20 (December 2025)"},"geometry":{"type":"Polygon","coordinates":[[[-109.798673,45.167339],[-109.687792,45.167339],[-109.687857,45.26144],[-109.608504,45.261445],[-109.608831,45.304832],[-109.588185,45.304874],[-109.588222,45.333905],[-109.567657,45.333898],[-109.561924,45.362843],[-109.541381,45.362873],[-109.54139,45.377353],[-109.520873,45.377362],[-109.520884,45.391852],[-109.500319,45.391845],[-109.500318,45.406327],[-109.479707,45.40636],[-109.479697,45.420834],[-109.438524,45.420771],[-109.438586,45.435272],[-109.41831,45.435298],[-109.418352,45.449762],[-109.356454,45.449843],[-109.356417,45.464326],[-109.191761,45.464504],[-109.191551,45.523095],[-109.128225,45.523025],[-109.127757,45.587567],[-109.067734,45.583349],[-109.041364,45.590049],[-109.028807,45.601347],[-109.012944,45.607324],[-108.97428,45.616662],[-108.933844,45.602855],[-108.89137,45.602532],[-108.867669,45.607903],[-108.863405,45.613152],[-108.84123,45.610961],[-108.808463,45.624951],[-108.797787,45.635238],[-108.782,45.638639],[-108.782891,45.613142],[-108.789073,45.611607],[-108.78693,45.607913],[-108.793744,45.604873],[-108.789959,45.598647],[-108.798589,45.595447],[-108.795516,45.591006],[-108.802373,45.587518],[-108.801761,45.551965],[-108.760482,45.55192],[-108.760308,45.522831],[-108.699283,45.522629],[-108.698102,45.464072],[-108.645325,45.464073],[-108.682223,45.433132],[-108.685733,45.391854],[-108.69962,45.348946],[-108.696402,45.320364],[-108.699616,45.217709],[-108.098054,45.220517],[-108.11322,45.216095],[-108.128538,45.217786],[-108.125898,45.210535],[-108.136709,45.202644],[-108.13044,45.194844],[-108.14565,45.192613],[-108.129739,45.183838],[-108.147766,45.185114],[-108.153384,45.167843],[-108.16085,45.172674],[-108.168395,45.170815],[-108.158639,45.163803],[-108.174051,45.158217],[-108.169206,45.148518],[-108.171838,45.144712],[-108.163949,45.137986],[-108.169872,45.132748],[-108.18928,45.130712],[-108.181629,45.124464],[-108.182955,45.113977],[-108.198021,45.113424],[-108.187793,45.107911],[-108.18913,45.099679],[-108.198463,45.099619],[-108.201803,45.104787],[-108.206621,45.094372],[-108.217518,45.094115],[-108.220202,45.078342],[-108.229868,45.07073],[-108.227761,45.064181],[-108.239601,45.062506],[-108.237939,45.055261],[-108.222061,45.052601],[-108.220828,45.047429],[-108.235084,45.047885],[-108.24467,45.041761],[-108.25049,45.028736],[-108.248116,45.020551],[-108.254081,45.018058],[-108.25863,45.007576],[-108.246429,45.006035],[-108.249411984913,44.9999033618024],[-109.082849,44.999551],[-109.103228,45.005815],[-109.798485808248,45.0022542953343],[-109.798673,45.167339]]]}},{"type":"Feature","properties":{"GEOID":"30045","NAME":"Judith Basin","state":"MT","wildfire_risk_score":63.677,"wildfire_eal_total":117858.04,"risk_band":"Low","source":"FEMA National Risk Index v1.20 (December 2025)"},"geometry":{"type":"Polygon","coordinates":[[[-110.788302,47.307848],[-110.772313,47.307914],[-110.772415,47.297149],[-110.767032,47.297065],[-110.767125,47.359128],[-110.638911,47.359032],[-110.639559,47.416486],[-110.213596,47.416657],[-110.213285,47.358771],[-110.127952,47.35902],[-110.127699,47.27191],[-110.000289,47.272133],[-110.000024,47.228716],[-109.872475,47.228883],[-109.871985,47.185323],[-109.756568,47.185694],[-109.755423,46.896023],[-109.776507,46.896005],[-109.776408,46.881539],[-109.792249,46.881524],[-109.792183,46.867045],[-109.797469,46.867038],[-109.798833,46.830933],[-109.835569,46.830865],[-109.835424,46.809161],[-109.830147,46.80916],[-109.830132,46.801932],[-109.798462,46.801972],[-109.798363,46.794728],[-109.787763,46.794745],[-109.787614,46.780261],[-109.756666,46.780389],[-109.756379,46.744238],[-109.745815,46.744327],[-109.745745,46.694097],[-109.819866,46.693446],[-109.83017,46.696495],[-109.831496,46.70436],[-109.845162,46.710814],[-109.867022,46.710326],[-109.903746,46.729818],[-109.915639,46.730325],[-109.969221,46.752909],[-110.028992,46.736207],[-110.052716,46.749623],[-110.102839,46.743987],[-110.118777,46.736435],[-110.12099,46.722752],[-110.131219,46.718068],[-110.161018,46.716559],[-110.195893,46.725572],[-110.210301,46.708664],[-110.269707,46.712116],[-110.293396,46.701121],[-110.302726,46.688647],[-110.326138,46.685587],[-110.329644,46.680014],[-110.326411,46.67436],[-110.33376,46.672056],[-110.34424,46.672562],[-110.349481,46.682461],[-110.375292,46.692912],[-110.410275,46.68472],[-110.421109,46.677743],[-110.436554,46.686507],[-110.465685,46.678409],[-110.46771,46.684955],[-110.480108,46.68914],[-110.483057,46.70147],[-110.498014,46.702944],[-110.506319,46.712774],[-110.524345,46.712788],[-110.549225,46.733041],[-110.561491,46.732088],[-110.564334,46.738864],[-110.557697,46.763584],[-110.563704,46.771363],[-110.618116,46.771],[-110.631712,46.779645],[-110.649524,46.801473],[-110.64471,46.816477],[-110.652877,46.823626],[-110.652909,46.837162],[-110.636381,46.837161],[-110.636266,46.92393],[-110.640951,46.923934],[-110.645212,47.09587],[-110.772508,47.095925],[-110.772758,47.183863],[-110.76694,47.183872],[-110.766593,47.234539],[-110.777426,47.234576],[-110.777326,47.249098],[-110.788068,47.249133],[-110.788302,47.307848]]]}},{"type":"Feature","properties":{"GEOID":"30013","NAME":"Cascade","state":"MT","wildfire_risk_score":84.16,"wildfire_eal_total":714395.3,"risk_band":"Moderate","source":"FEMA National Risk Index v1.20 (December 2025)"},"geometry":{"type":"Polygon","coordinates":[[[-112.046079,47.516484],[-112.027319,47.518023],[-112.001369,47.507416],[-111.995504,47.511125],[-111.976147,47.507402],[-111.970631,47.511328],[-111.960765,47.503411],[-111.946947,47.506843],[-111.92458,47.501226],[-111.922567,47.611259],[-111.66626,47.611253],[-111.666482,47.697761],[-110.976171,47.698738],[-110.983605,47.689453],[-110.983667,47.681897],[-110.994822,47.679218],[-111.003361,47.668475],[-111.002735,47.660311],[-111.016482,47.655018],[-111.026422,47.634406],[-111.039881,47.62231],[-111.049847,47.598333],[-111.044722,47.598068],[-111.043131,47.590866],[-111.033243,47.589715],[-111.02191,47.576953],[-111.002503,47.5724],[-110.974992,47.574365],[-110.966646,47.564286],[-110.959653,47.566679],[-110.949577,47.553093],[-110.935167,47.552278],[-110.936866,47.546843],[-110.925264,47.548123],[-110.925073,47.542763],[-110.91674,47.546395],[-110.907116,47.542135],[-110.897822,47.544794],[-110.891093,47.552604],[-110.889164,47.539575],[-110.879804,47.547275],[-110.880805,47.540545],[-110.867821,47.538248],[-110.872882,47.534667],[-110.86678,47.532845],[-110.86463,47.524714],[-110.768465,47.525638],[-110.769129,47.446096],[-110.639589,47.445425],[-110.638911,47.359032],[-110.767125,47.359128],[-110.767032,47.297065],[-110.772415,47.297149],[-110.772313,47.307914],[-110.788302,47.307848],[-110.788068,47.249133],[-110.777326,47.249098],[-110.777426,47.234576],[-110.766593,47.234539],[-110.76694,47.183872],[-110.772758,47.183863],[-110.772508,47.095925],[-110.645212,47.09587],[-110.640951,46.923934],[-110.636266,46.92393],[-110.636381,46.837161],[-110.652909,46.837162],[-110.652865,46.821451],[-110.662584,46.818117],[-110.678922,46.824774],[-110.697417,46.84496],[-110.720361,46.837919],[-110.725882,46.845931],[-110.735911,46.848474],[-110.751586,46.844531],[-110.757329,46.84886],[-110.752108,46.859553],[-110.753993,46.872002],[-110.760667,46.871996],[-110.7575,46.879234],[-110.76234,46.88258],[-110.7522,46.888886],[-110.760047,46.900307],[-110.767547,46.896921],[-110.783399,46.901712],[-110.782377,46.908788],[-110.786534,46.910635],[-110.806027,46.901831],[-110.818204,46.914018],[-110.83325,46.912939],[-110.840397,46.918871],[-110.856038,46.921347],[-110.85552,46.942987],[-110.871054,46.94474],[-110.913442,46.980827],[-110.970624,46.99991],[-110.996805,46.997625],[-110.996401,47.005093],[-111.045518,47.004375],[-111.055003,47.00907],[-111.072278,47.005663],[-111.084285,47.010613],[-111.104792,47.029036],[-111.076802,47.045283],[-111.083808,47.063719],[-111.083856,47.072528],[-111.076229,47.07935],[-111.080918,47.088033],[-111.158559,47.088301],[-111.158386,47.011771],[-111.285208,47.011746],[-111.285268,47.001026],[-111.539373,47.000559],[-111.539214,46.913371],[-111.790236,46.913764],[-111.789278,47.128922],[-111.87488,47.128655],[-111.874437,47.121392],[-111.896359,47.121281],[-111.896286,47.135741],[-111.920137,47.135693],[-111.930259,47.143848],[-111.938468,47.141685],[-111.948589,47.15063],[-111.946489,47.154387],[-111.964183,47.158751],[-111.960754,47.166866],[-111.966447,47.17365],[-111.971165,47.16796],[-111.98242,47.173675],[-111.975452,47.178499],[-111.977382,47.183932],[-111.996733,47.185456],[-111.994581,47.177785],[-112.01016,47.17921],[-112.014442,47.187792],[-112.008461,47.190763],[-112.011117,47.195384],[-112.02565,47.199138],[-112.025496,47.194151],[-112.030102,47.196972],[-112.044829,47.192711],[-112.046079,47.516484]]]}},{"type":"Feature","properties":{"GEOID":"30007","NAME":"Broadwater","state":"MT","wildfire_risk_score":72.901,"wildfire_eal_total":192322.21,"risk_band":"Moderate","source":"FEMA National Risk Index v1.20 (December 2025)"},"geometry":{"type":"Polygon","coordinates":[[[-111.787949,46.569465],[-111.631906,46.569972],[-111.640095,46.582463],[-111.638701,46.738317],[-111.624978,46.746337],[-111.622862,46.755513],[-111.615283,46.758403],[-111.606135,46.776607],[-111.587332,46.781867],[-111.567095,46.776675],[-111.56732,46.768976],[-111.561224,46.766228],[-111.544694,46.769188],[-111.508887,46.759565],[-111.498095,46.762502],[-111.465311,46.751896],[-111.455397,46.742533],[-111.45653,46.728757],[-111.463622,46.722614],[-111.448374,46.716022],[-111.462488,46.704906],[-111.447532,46.701462],[-111.443994,46.695453],[-111.443243,46.690763],[-111.452364,46.68432],[-111.449449,46.681435],[-111.426013,46.681289],[-111.415274,46.674311],[-111.40868,46.657096],[-111.412919,46.647537],[-111.410268,46.639223],[-111.379463,46.646258],[-111.367561,46.63574],[-111.330351,46.633338],[-111.326119,46.622351],[-111.328991,46.617485],[-111.325303,46.615776],[-111.334881,46.607084],[-111.329197,46.592885],[-111.334825,46.582673],[-111.320181,46.569401],[-111.319996,46.56227],[-111.344736,46.545429],[-111.338881,46.538968],[-111.315251,46.530163],[-111.283037,46.522975],[-111.26992,46.49781],[-111.257378,46.498485],[-111.246519,46.438109],[-111.227893,46.428747],[-111.193886,46.428939],[-111.178655,46.435705],[-111.172816,46.446836],[-111.122461,46.452639],[-111.119945,46.449132],[-111.125122,46.439755],[-111.098843,46.433627],[-111.093969,46.4234],[-111.057226,46.403407],[-111.056996,46.398122],[-111.066297,46.389985],[-111.063847,46.381936],[-111.073357,46.370072],[-111.069308,46.351417],[-111.094123,46.34445],[-111.094514,46.337666],[-111.117839,46.317332],[-111.118824,46.294885],[-111.12707,46.273754],[-111.107355,46.264068],[-111.108563,46.259071],[-111.075406,46.250798],[-111.0837,46.237452],[-111.070624,46.232381],[-111.061757,46.220743],[-111.061956,46.192834],[-111.159545,46.192829],[-111.159544,46.187767],[-111.346652,46.187785],[-111.349372,46.122607],[-111.378628,46.113302],[-111.38408,46.104219],[-111.394038,46.108991],[-111.398521,46.105849],[-111.391238,46.092087],[-111.405801,46.085097],[-111.423831,46.061951],[-111.422198,46.029008],[-111.429596,46.018975],[-111.42158,46.015707],[-111.415802,46.001785],[-111.419618,45.996322],[-111.442899,45.990694],[-111.458936,45.99828],[-111.464611,45.984534],[-111.464145,45.963635],[-111.471285,45.951475],[-111.499058,45.932384],[-111.505774,45.932302],[-111.507261,45.925855],[-111.513383,45.928553],[-111.53474,45.924144],[-111.532899,45.918541],[-111.542883,45.919432],[-111.54497,45.910777],[-111.560712,45.914695],[-111.566813,45.909615],[-111.587359,45.906802],[-111.608522,45.888663],[-111.612906,45.874515],[-111.625736,45.861772],[-111.637117,45.861],[-111.637365,45.84872],[-111.650467,45.850933],[-111.660057,45.8335],[-111.660422,46.049192],[-111.784565,46.049813],[-111.787949,46.569465]]]}},{"type":"Feature","properties":{"GEOID":"30049","NAME":"Lewis and Clark","state":"MT","wildfire_risk_score":92.844,"wildfire_eal_total":2546506.08,"risk_band":"High","source":"FEMA National Risk Index v1.20 (December 2025)"},"geometry":{"type":"Polygon","coordinates":[[[-113.165339,47.7224],[-113.164119,47.730023],[-113.137986,47.745786],[-113.121863,47.741589],[-113.09407,47.743583],[-113.080997,47.749917],[-113.082592,47.773063],[-113.066451,47.776214],[-113.061498,47.78816],[-113.066834,47.799242],[-113.059974,47.80806],[-113.064061,47.813487],[-113.062375,47.822007],[-113.069335,47.829247],[-113.066432,47.838116],[-113.058188,47.842496],[-113.05813,47.870819],[-113.065284,47.877361],[-113.063275,47.88564],[-113.092519,47.896129],[-113.093335,47.907968],[-113.086548,47.910618],[-113.086634,47.918182],[-113.065533,47.926594],[-113.022115,47.927097],[-113.013791,47.941483],[-112.998375,47.944084],[-112.984734,47.953918],[-112.97431,47.913308],[-112.952975,47.904852],[-112.948406,47.879202],[-112.942466,47.869582],[-112.927536,47.86013],[-112.925305,47.844153],[-112.919868,47.842886],[-112.913256,47.826216],[-112.916961,47.819703],[-112.913452,47.813692],[-112.91928,47.80691],[-112.914484,47.801401],[-112.922316,47.788677],[-112.918419,47.77291],[-112.926599,47.761527],[-112.901992,47.732207],[-112.906418,47.721449],[-112.902488,47.707875],[-112.91422,47.694958],[-112.89638,47.680964],[-112.895944,47.675807],[-112.890948,47.677214],[-112.891653,47.66911],[-112.879193,47.660625],[-112.87588,47.648762],[-112.859569,47.640087],[-112.856907,47.629491],[-112.846347,47.628354],[-112.817827,47.607589],[-112.805535,47.611427],[-112.782804,47.59925],[-112.770602,47.598616],[-112.758631,47.602482],[-112.756215,47.60798],[-112.74085,47.608871],[-112.732078,47.617131],[-112.713013,47.616735],[-112.697783,47.622288],[-112.681972,47.61438],[-112.674953,47.622276],[-112.663907,47.617447],[-112.661326,47.622728],[-112.646294,47.620682],[-112.615786,47.635544],[-112.576811,47.633687],[-112.562255,47.639504],[-112.563093,47.6443],[-112.553692,47.652147],[-112.548591,47.651824],[-112.537594,47.644371],[-112.520943,47.64307],[-112.521985,47.633577],[-112.51507,47.631198],[-112.515547,47.62262],[-112.509389,47.619282],[-112.501185,47.621035],[-112.493884,47.613495],[-112.473573,47.614554],[-112.438093,47.604636],[-112.429506,47.606094],[-112.418429,47.596712],[-112.417833,47.581334],[-112.405258,47.57652],[-112.405595,47.552423],[-112.382645,47.551705],[-112.376111,47.546436],[-112.344175,47.551038],[-112.343096,47.539197],[-112.330653,47.544829],[-112.319606,47.54305],[-112.308927,47.528191],[-112.293606,47.523132],[-112.278,47.505623],[-112.254741,47.510035],[-112.238112,47.505858],[-112.218325,47.508747],[-112.205594,47.502324],[-112.179322,47.513927],[-112.160144,47.509416],[-112.14666,47.516719],[-112.105911,47.506701],[-112.087636,47.515713],[-112.073603,47.511917],[-112.063359,47.51694],[-112.047781,47.516034],[-112.044829,47.192711],[-112.030102,47.196972],[-112.025496,47.194151],[-112.02565,47.199138],[-112.011117,47.195384],[-112.008461,47.190763],[-112.014442,47.187792],[-112.01016,47.17921],[-111.994581,47.177785],[-111.996733,47.185456],[-111.977382,47.183932],[-111.975452,47.178499],[-111.98242,47.173675],[-111.971165,47.16796],[-111.966447,47.17365],[-111.960754,47.166866],[-111.964183,47.158751],[-111.946489,47.154387],[-111.948589,47.15063],[-111.938468,47.141685],[-111.930259,47.143848],[-111.920137,47.135693],[-111.896286,47.135741],[-111.896359,47.121281],[-111.874437,47.121392],[-111.87488,47.128655],[-111.789278,47.128922],[-111.790236,46.913764],[-111.658132,46.913423],[-111.650056,46.908015],[-111.621404,46.903177],[-111.603296,46.88865],[-111.612951,46.885028],[-111.608066,46.882166],[-111.609279,46.87742],[-111.642219,46.86539],[-111.63487,46.852121],[-111.645739,46.843361],[-111.639502,46.832134],[-111.625084,46.83204],[-111.613029,46.817062],[-111.589278,46.805599],[-111.572301,46.810106],[-111.552799,46.804035],[-111.532301,46.804383],[-111.523823,46.809203],[-111.523814,46.817074],[-111.509208,46.816246],[-111.505769,46.814115],[-111.511548,46.808296],[-111.496029,46.790273],[-111.498095,46.762502],[-111.508887,46.759565],[-111.544694,46.769188],[-111.561224,46.766228],[-111.56732,46.768976],[-111.567095,46.776675],[-111.587332,46.781867],[-111.608241,46.775001],[-111.624978,46.746337],[-111.638701,46.738317],[-111.640095,46.582463],[-111.631906,46.569972],[-112.029231,46.568805],[-112.033535,46.565001],[-112.029412,46.557817],[-112.033615,46.543127],[-112.063232,46.523716],[-112.084838,46.51673],[-112.120845,46.51473],[-112.134319,46.522116],[-112.183801,46.501106],[-112.205757,46.499748],[-112.200595,46.485722],[-112.20319,46.479903],[-112.187051,46.476732],[-112.176579,46.466552],[-112.176235,46.456342],[-112.187354,46.449931],[-112.215251,46.450423],[-112.225888,46.431376],[-112.268397,46.414961],[-112.287028,46.421879],[-112.316782,46.422478],[-112.323443,46.43331],[-112.320961,46.443545],[-112.304536,46.450097],[-112.30898,46.455494],[-112.304629,46.461435],[-112.308968,46.480834],[-112.301847,46.489877],[-112.305771,46.512972],[-112.293443,46.51813],[-112.297024,46.526379],[-112.293709,46.531128],[-112.307773,46.549338],[-112.308935,46.56432],[-112.316705,46.574923],[-112.299652,46.59146],[-112.300604,46.598934],[-112.293205,46.605089],[-112.298531,46.625973],[-112.310591,46.633842],[-112.306902,46.637137],[-112.320871,46.655927],[-112.410638,46.656011],[-112.410846,46.699505],[-112.535597,46.699482],[-112.535748,46.834234],[-112.795642,46.831665],[-112.795808,47.177004],[-113.059053,47.17957],[-113.059199,47.488599],[-113.062885,47.482236],[-113.080428,47.485565],[-113.09172,47.48063],[-113.11455,47.490409],[-113.118359,47.497896],[-113.11483,47.501049],[-113.123098,47.51573],[-113.118281,47.520539],[-113.12583,47.541813],[-113.122527,47.545177],[-113.124661,47.55797],[-113.118108,47.560535],[-113.117746,47.570473],[-113.12705,47.5759],[-113.130834,47.587674],[-113.142223,47.593067],[-113.1472,47.602465],[-113.135758,47.620321],[-113.144362,47.626686],[-113.144481,47.637216],[-113.130286,47.641577],[-113.12847,47.661047],[-113.146412,47.676472],[-113.157814,47.695788],[-113.165339,47.7224]]]}},{"type":"Feature","properties":{"GEOID":"30027","NAME":"Fergus","state":"MT","wildfire_risk_score":80.407,"wildfire_eal_total":404452.13,"risk_band":"Moderate","source":"FEMA National Risk Index v1.20 (December 2025)"},"geometry":{"type":"Polygon","coordinates":[[[-110.213596,47.416657],[-110.164048,47.419389],[-110.159579,47.415312],[-110.151311,47.425555],[-110.146108,47.425044],[-110.147246,47.42854],[-110.130671,47.428872],[-110.12783,47.435244],[-110.120296,47.431855],[-110.118096,47.436568],[-110.112914,47.435961],[-110.113701,47.440946],[-110.106811,47.439782],[-110.108506,47.443308],[-110.103063,47.440288],[-110.085689,47.445025],[-110.079185,47.448489],[-110.082541,47.453005],[-110.076582,47.457824],[-110.047996,47.46577],[-110.050769,47.468897],[-110.045496,47.468707],[-110.046606,47.47214],[-110.029236,47.4749],[-110.031015,47.479404],[-110.019476,47.478819],[-110.015735,47.47365],[-110.010107,47.479221],[-110.002921,47.475517],[-109.999059,47.481121],[-109.989046,47.478941],[-109.990669,47.48316],[-109.981495,47.482654],[-109.981265,47.488084],[-109.976046,47.485576],[-109.979404,47.488929],[-109.974818,47.491097],[-109.968965,47.487457],[-109.95701,47.498005],[-109.937753,47.501261],[-109.934811,47.511608],[-109.91976,47.512593],[-109.922999,47.514808],[-109.910037,47.518924],[-109.915564,47.521209],[-109.906825,47.5201],[-109.902881,47.526395],[-109.890061,47.52551],[-109.890882,47.521718],[-109.877158,47.526379],[-109.874242,47.523062],[-109.857148,47.540977],[-109.849102,47.540357],[-109.854151,47.541963],[-109.845601,47.54578],[-109.845192,47.552362],[-109.849227,47.553688],[-109.844069,47.560056],[-109.849653,47.56112],[-109.845249,47.565108],[-109.851042,47.565562],[-109.844854,47.571169],[-109.850518,47.57012],[-109.843075,47.576945],[-109.851989,47.580285],[-109.848451,47.583586],[-109.85359,47.586698],[-109.852426,47.590676],[-109.845881,47.590494],[-109.850921,47.59588],[-109.843522,47.60082],[-109.848407,47.605439],[-109.842014,47.610281],[-109.843439,47.616103],[-109.83825,47.616339],[-109.842253,47.619065],[-109.837116,47.622249],[-109.842631,47.622155],[-109.832114,47.632116],[-109.839777,47.635323],[-109.831519,47.648816],[-109.839224,47.651617],[-109.832273,47.656932],[-109.838981,47.662577],[-109.834262,47.66422],[-109.835914,47.671124],[-109.841099,47.671639],[-109.833432,47.67957],[-109.839183,47.681625],[-109.835975,47.687362],[-109.831026,47.687154],[-109.840826,47.691305],[-109.841074,47.695832],[-109.833462,47.701249],[-109.83916,47.705211],[-109.832982,47.709135],[-109.836861,47.712041],[-109.830486,47.711646],[-109.829635,47.715978],[-109.783767,47.708018],[-109.769699,47.709732],[-109.75342,47.702897],[-109.72371,47.702377],[-109.681602,47.733859],[-109.633538,47.739449],[-109.608155,47.732197],[-109.579712,47.7478],[-109.54303,47.738949],[-109.514499,47.746004],[-109.487237,47.730941],[-109.472156,47.731454],[-109.458748,47.723556],[-109.436685,47.725727],[-109.425315,47.720153],[-109.393473,47.734671],[-109.38797,47.742244],[-109.369936,47.742977],[-109.312838,47.758383],[-109.301081,47.770263],[-109.282886,47.776041],[-109.28394,47.786431],[-109.274171,47.793239],[-109.226574,47.794689],[-109.190276,47.790903],[-109.163681,47.780045],[-109.139956,47.780423],[-109.072713,47.801141],[-109.037088,47.792117],[-109.000719,47.803119],[-108.978383,47.802658],[-108.962793,47.79333],[-108.93902,47.790216],[-108.946535,47.779301],[-108.945661,47.772897],[-108.920749,47.757868],[-108.922486,47.752882],[-108.949202,47.739267],[-108.945635,47.730364],[-108.892384,47.735118],[-108.821449,47.709084],[-108.78406,47.682104],[-108.782298,47.672106],[-108.78982,47.662943],[-108.771619,47.645523],[-108.755437,47.643842],[-108.727883,47.649887],[-108.715457,47.644004],[-108.70872,47.632121],[-108.686034,47.631114],[-108.6714,47.619556],[-108.628442,47.619656],[-108.610972,47.624329],[-108.572422,47.609483],[-108.538516,47.61394],[-108.527063,47.621103],[-108.508601,47.611562],[-108.510376,47.602396],[-108.505486,47.599934],[-108.477325,47.597402],[-108.463169,47.605434],[-108.456908,47.615726],[-108.444936,47.615351],[-108.438348,47.610654],[-108.439342,47.602479],[-108.426587,47.604866],[-108.422361,47.600924],[-108.42828,47.586241],[-108.412458,47.5849],[-108.404464,47.595058],[-108.391857,47.5938],[-108.379423,47.586741],[-108.377853,47.577607],[-108.354044,47.578869],[-108.3489,47.566684],[-108.324036,47.572736],[-108.332978,47.582719],[-108.313048,47.58365],[-108.315481,47.315152],[-108.336803,47.315159],[-108.3368,47.307932],[-108.590835,47.306516],[-108.591111,47.270135],[-108.719189,47.270342],[-108.719283,47.183358],[-108.736077,47.183414],[-108.736838,47.098218],[-108.608954,47.098126],[-108.611116,46.836776],[-108.630689,46.836807],[-108.631462,46.749392],[-109.389208,46.751351],[-109.389163,46.693625],[-109.745745,46.693593],[-109.745815,46.744327],[-109.756379,46.744238],[-109.756666,46.780389],[-109.787614,46.780261],[-109.787763,46.794745],[-109.798363,46.794728],[-109.798462,46.801972],[-109.830132,46.801932],[-109.830147,46.80916],[-109.835424,46.809161],[-109.835569,46.830865],[-109.798833,46.830933],[-109.797469,46.867038],[-109.792183,46.867045],[-109.792249,46.881524],[-109.776408,46.881539],[-109.776507,46.896005],[-109.755423,46.896023],[-109.756568,47.185694],[-109.871985,47.185323],[-109.872475,47.228883],[-110.000024,47.228716],[-110.000289,47.272133],[-110.127699,47.27191],[-110.127952,47.35902],[-110.213285,47.358771],[-110.213596,47.416657]]]}},{"type":"Feature","properties":{"GEOID":"30037","NAME":"Golden Valley","state":"MT","wildfire_risk_score":57.443,"wildfire_eal_total":68324.84,"risk_band":"Low","source":"FEMA National Risk Index v1.20 (December 2025)"},"geometry":{"type":"Polygon","coordinates":[[[-109.653871,46.219404],[-109.402906,46.219706],[-109.403544,46.490657],[-109.388548,46.490638],[-109.389208,46.751351],[-109.00957,46.750702],[-109.009982,46.621172],[-108.988727,46.62124],[-108.988995,46.577851],[-108.904904,46.576908],[-108.905259,46.489805],[-108.880114,46.489737],[-108.881795,46.45173],[-108.860801,46.451665],[-108.862277,46.364586],[-108.841331,46.364563],[-108.841724,46.350064],[-108.831262,46.350091],[-108.83161,46.320999],[-108.821158,46.321013],[-108.821129,46.306456],[-108.800203,46.306441],[-108.800141,46.277405],[-108.779272,46.277398],[-108.779733,46.132457],[-109.416227,46.132371],[-109.417158,46.044759],[-109.605153,46.044994],[-109.60419,46.132484],[-109.65384,46.132465],[-109.653871,46.219404]]]}},{"type":"Feature","properties":{"GEOID":"30039","NAME":"Granite","state":"MT","wildfire_risk_score":88.645,"wildfire_eal_total":1012312.93,"risk_band":"High","source":"FEMA National Risk Index v1.20 (December 2025)"},"geometry":{"type":"Polygon","coordinates":[[[-113.878358,46.503199],[-113.866186,46.512673],[-113.850029,46.514832],[-113.844968,46.547206],[-113.829063,46.569211],[-113.835256,46.584031],[-113.812379,46.588756],[-113.809694,46.594276],[-113.809807,46.608701],[-113.816393,46.614812],[-113.805672,46.618892],[-113.803224,46.629914],[-113.81765,46.637306],[-113.827743,46.660896],[-113.667996,46.658372],[-113.668166,46.716229],[-113.55153,46.716508],[-113.551517,46.730993],[-113.545114,46.730987],[-113.545081,46.744623],[-113.479856,46.744714],[-113.479832,46.802772],[-113.417085,46.802495],[-113.416599,46.832113],[-113.291498,46.832198],[-113.291406,46.806932],[-113.272369,46.815046],[-113.26578,46.825982],[-113.259909,46.824746],[-113.241937,46.813826],[-113.242308,46.799887],[-113.228169,46.783247],[-113.193145,46.769743],[-113.173073,46.754023],[-113.182666,46.745221],[-113.177083,46.730735],[-113.167143,46.733644],[-113.161874,46.728037],[-113.150618,46.730334],[-113.131712,46.725673],[-113.115117,46.713448],[-113.096426,46.721002],[-113.078552,46.720575],[-113.047085,46.736653],[-113.038702,46.73554],[-113.036818,46.22333],[-113.284532,46.222783],[-113.285039,46.135788],[-113.274364,46.135798],[-113.274359,46.059326],[-113.280819,46.057221],[-113.278012,46.045268],[-113.316495,46.018894],[-113.328238,46.015502],[-113.335804,46.005384],[-113.352705,46.010257],[-113.363841,46.007548],[-113.378961,46.018589],[-113.396973,46.013921],[-113.394423,46.007128],[-113.399267,46.000469],[-113.411056,45.99968],[-113.415089,45.989807],[-113.442023,45.980985],[-113.458363,45.984064],[-113.46811,45.971364],[-113.459408,45.962159],[-113.480172,45.939683],[-113.499843,45.948439],[-113.514078,45.945144],[-113.517409,45.940089],[-113.526383,45.945083],[-113.554618,45.947146],[-113.579165,45.938665],[-113.583955,45.947081],[-113.608868,45.94984],[-113.61608,45.970278],[-113.64869,45.965246],[-113.670044,45.993552],[-113.667711,46.000897],[-113.676386,46.015518],[-113.671368,46.023187],[-113.690819,46.025953],[-113.68725,46.035236],[-113.732002,46.038439],[-113.74494,46.048778],[-113.753466,46.046593],[-113.760772,46.030053],[-113.76902,46.027801],[-113.803677,46.037675],[-113.803497,46.049039],[-113.793068,46.056792],[-113.787455,46.074444],[-113.773721,46.083221],[-113.767,46.101551],[-113.755643,46.104646],[-113.753097,46.11214],[-113.770181,46.132316],[-113.777214,46.134197],[-113.780361,46.144489],[-113.795249,46.152614],[-113.790026,46.162516],[-113.791684,46.174536],[-113.78499,46.181279],[-113.802438,46.191356],[-113.818047,46.191224],[-113.822893,46.208881],[-113.815929,46.216199],[-113.775082,46.228396],[-113.778194,46.23686],[-113.773653,46.245154],[-113.763768,46.246174],[-113.761178,46.258088],[-113.748547,46.26862],[-113.755945,46.275354],[-113.784181,46.284932],[-113.785169,46.296734],[-113.771959,46.321301],[-113.785503,46.339099],[-113.782841,46.364204],[-113.786055,46.370112],[-113.796105,46.372915],[-113.800998,46.385171],[-113.821686,46.403239],[-113.820241,46.407271],[-113.858336,46.420185],[-113.849222,46.448043],[-113.856804,46.470499],[-113.867507,46.483056],[-113.865926,46.492123],[-113.878276,46.497422],[-113.878358,46.503199]]]}},{"type":"Feature","properties":{"GEOID":"30061","NAME":"Mineral","state":"MT","wildfire_risk_score":85.56,"wildfire_eal_total":603261.09,"risk_band":"Moderate","source":"FEMA National Risk Index v1.20 (December 2025)"},"geometry":{"type":"Polygon","coordinates":[[[-115.759304,47.423862],[-115.747933,47.441675],[-115.717039,47.452575],[-115.691925,47.457082],[-115.664221,47.453883],[-115.640133,47.459714],[-115.629974,47.479633],[-115.619067,47.484622],[-115.608867,47.473739],[-115.558867,47.471936],[-115.529093,47.477267],[-115.521456,47.487072],[-115.526265,47.494916],[-115.519272,47.496789],[-115.504465,47.494791],[-115.484492,47.471659],[-115.471856,47.466972],[-115.456246,47.471499],[-115.44427,47.465712],[-115.429305,47.476241],[-115.401676,47.484904],[-115.3634,47.48367],[-115.342687,47.470913],[-115.324042,47.471024],[-115.305978,47.471432],[-115.282181,47.486923],[-115.241535,47.478201],[-115.225425,47.466396],[-115.193855,47.461075],[-115.157386,47.447809],[-115.159037,47.443403],[-115.149491,47.432934],[-115.123832,47.420689],[-115.096379,47.428391],[-115.067056,47.417082],[-115.048939,47.415339],[-115.047643,47.408499],[-115.027637,47.414431],[-115.011919,47.399655],[-114.979189,47.395391],[-114.977045,47.378445],[-114.969056,47.37405],[-114.968978,47.312625],[-114.906014,47.312482],[-114.906046,47.29797],[-114.842453,47.297943],[-114.842324,47.268847],[-114.797204,47.268916],[-114.797135,47.240033],[-114.775846,47.240053],[-114.775833,47.225573],[-114.712274,47.22559],[-114.712283,47.182187],[-114.691364,47.18227],[-114.691397,47.167201],[-114.650226,47.167163],[-114.65047,47.138244],[-114.629151,47.138255],[-114.629214,47.123721],[-114.586735,47.123757],[-114.586671,47.094853],[-114.565653,47.09485],[-114.566094,47.06738],[-114.483694,47.067508],[-114.483227,47.023358],[-114.419532,47.023246],[-114.419374,47.008896],[-114.451356,47.0089],[-114.451265,46.993201],[-114.486134,46.999197],[-114.50261,47.009076],[-114.525358,47.00925],[-114.52533,46.992328],[-114.547172,46.992439],[-114.546445,46.963371],[-114.566129,46.963405],[-114.566259,46.833557],[-114.549004,46.833626],[-114.549127,46.747366],[-114.674925,46.747414],[-114.674941986649,46.7368334719963],[-114.698594,46.740451],[-114.713923,46.715061],[-114.739773,46.711941],[-114.748048,46.698978],[-114.767272,46.697195],[-114.769102,46.704982],[-114.781548,46.70678],[-114.788555,46.713661],[-114.765578,46.745623],[-114.76519,46.758254],[-114.783634,46.768666],[-114.784838,46.780019],[-114.799145,46.775881],[-114.80796,46.782214],[-114.829613,46.782967],[-114.836784,46.792556],[-114.855233,46.800595],[-114.865779,46.814529],[-114.887113,46.809457],[-114.895189,46.80163],[-114.898236,46.822001],[-114.920731,46.827083],[-114.928672,46.836408],[-114.924257,46.847528],[-114.928853,46.854935],[-114.948039,46.85964],[-114.931608,46.876799],[-114.936724,46.897329],[-114.929333,46.909889],[-114.922062,46.912487],[-114.925295,46.918749],[-114.960964,46.930408],[-114.958866,46.933466],[-114.986516,46.950148],[-115.001274,46.971901],[-115.028386,46.975659],[-115.048383,46.969819],[-115.050201,46.98123],[-115.067301,46.994989],[-115.071728,47.025855],[-115.081034,47.029847],[-115.087602,47.045789],[-115.107202,47.049484],[-115.131134,47.068956],[-115.139619,47.080019],[-115.144341,47.101977],[-115.172175,47.107151],[-115.185987,47.129402],[-115.199059,47.139622],[-115.221893,47.148995],[-115.245265,47.151751],[-115.262422,47.181687],[-115.300504,47.188139],[-115.291579,47.210001],[-115.298784,47.225504],[-115.316402,47.233293],[-115.324369,47.244724],[-115.318676,47.251365],[-115.320147,47.2567],[-115.340441,47.26287],[-115.359219,47.259643],[-115.385119,47.26766],[-115.412079,47.264602],[-115.425967,47.280278],[-115.453683,47.277391],[-115.466691,47.287173],[-115.483637,47.282134],[-115.490838,47.289482],[-115.528511,47.299314],[-115.528258,47.309212],[-115.537062,47.317838],[-115.538835,47.329059],[-115.550179,47.333741],[-115.549074,47.347205],[-115.557555,47.353535],[-115.575047,47.355875],[-115.577639,47.367404],[-115.615401,47.381943],[-115.642921,47.377367],[-115.657304,47.400208],[-115.676908,47.402097],[-115.675604,47.40942],[-115.692123,47.41534],[-115.712021,47.415406],[-115.721435,47.425714],[-115.759304,47.423862]]]}},{"type":"Feature","properties":{"GEOID":"30083","NAME":"Richland","state":"MT","wildfire_risk_score":54.994,"wildfire_eal_total":84589.01,"risk_band":"Low","source":"FEMA National Risk Index v1.20 (December 2025)"},"geometry":{"type":"Polygon","coordinates":[[[-105.23463,47.78776],[-105.234651,47.868057],[-105.195122,47.868081],[-105.194783,48.066617],[-105.181574,48.079735],[-105.18286,48.09769],[-105.177722,48.1031],[-105.167189,48.096488],[-105.176391,48.088483],[-105.173367,48.081855],[-105.142334,48.072988],[-105.117735,48.078652],[-105.109414,48.076426],[-105.107836,48.068569],[-105.119117,48.0596],[-105.087468,48.063051],[-105.061071,48.078067],[-105.049135,48.072932],[-105.05278,48.058102],[-105.043563,48.053565],[-105.037094,48.063416],[-105.013845,48.069332],[-105.013902,48.077346],[-105.006225,48.085365],[-104.992493,48.080691],[-104.998373,48.067089],[-104.986975,48.068625],[-104.974812,48.084466],[-104.983595,48.101584],[-104.974058,48.103307],[-104.944574,48.09339],[-104.938251,48.095852],[-104.925837,48.11048],[-104.922186,48.137866],[-104.898447,48.149315],[-104.878641,48.14798],[-104.862225,48.130669],[-104.839065,48.12066],[-104.819609,48.119279],[-104.771144,48.12984],[-104.760735,48.126382],[-104.745439,48.110292],[-104.714307,48.118934],[-104.697921,48.118818],[-104.686757,48.115571],[-104.683272,48.105196],[-104.67734,48.102977],[-104.621297,48.114587],[-104.629159,48.127395],[-104.610335,48.133792],[-104.606717,48.14212],[-104.588066,48.127752],[-104.593573,48.110992],[-104.589754,48.107255],[-104.544517,48.126553],[-104.528335,48.124262],[-104.510463,48.109609],[-104.479442,48.123763],[-104.462515,48.12101],[-104.440434,48.093499],[-104.360398,48.068699],[-104.349492,48.046435],[-104.320674,48.045136],[-104.29044,48.050927],[-104.245936,48.031005],[-104.233517,48.029946],[-104.200698,48.0373],[-104.198797,48.045705],[-104.207195,48.059538],[-104.196359,48.067831],[-104.183153,48.066079],[-104.1883,48.048998],[-104.17073,48.035381],[-104.14247,48.055005],[-104.132903,48.055054],[-104.116628,48.031987],[-104.104068,48.029719],[-104.096246,48.035237],[-104.092657,48.03217],[-104.106695,48.013774],[-104.100932,48.000618],[-104.066179,48.003402],[-104.04412,47.996107],[-104.045065376246,47.3970661515231],[-104.131508,47.397403],[-104.131863,47.353901],[-104.513292,47.354719],[-104.513049,47.529442],[-104.594046,47.529335],[-104.593664,47.616294],[-104.978553,47.616272],[-104.97809,47.703293],[-105.235016,47.703581],[-105.23463,47.78776]]]}},{"type":"Feature","properties":{"GEOID":"30057","NAME":"Madison","state":"MT","wildfire_risk_score":87.341,"wildfire_eal_total":1096033.66,"risk_band":"High","source":"FEMA National Risk Index v1.20 (December 2025)"},"geometry":{"type":"Polygon","coordinates":[[[-112.704848,45.533232],[-112.694053,45.542756],[-112.695106,45.550428],[-112.687616,45.561941],[-112.68719,45.600795],[-112.679269,45.612104],[-112.687054,45.624854],[-112.60066,45.661264],[-112.577565,45.678144],[-112.549953,45.684158],[-112.525912,45.704882],[-112.523998,45.731098],[-112.515453,45.746702],[-112.498432,45.759765],[-112.485311,45.759007],[-112.461816,45.742584],[-112.168767,45.749981],[-112.138352,45.769867],[-112.133236,45.788036],[-112.112238,45.805518],[-112.118808,45.812735],[-112.114342,45.829955],[-112.11796,45.83411],[-112.110725,45.833821],[-112.110646,45.837862],[-112.104763,45.838677],[-112.107034,45.840845],[-112.095857,45.83847],[-112.085801,45.851101],[-112.046667,45.849547],[-112.049724,45.853964],[-112.038751,45.858232],[-112.017138,45.858434],[-112.007743,45.855891],[-112.00592,45.850071],[-111.996486,45.851613],[-111.984039,45.846493],[-111.930143,45.857621],[-111.90958,45.839006],[-111.914092,45.8319],[-111.910327,45.828563],[-111.884542,45.830597],[-111.872147,45.818027],[-111.837953,45.820956],[-111.810637,45.812938],[-111.80538,45.786748],[-111.763324,45.786828],[-111.763273,45.772554],[-111.721847,45.772369],[-111.721683,45.743278],[-111.659738,45.743344],[-111.659742,45.728834],[-111.639745,45.728825],[-111.639717,45.714305],[-111.619036,45.714363],[-111.619037,45.699863],[-111.598318,45.699962],[-111.598239,45.685121],[-111.577687,45.685251],[-111.577698,45.670771],[-111.557006,45.670995],[-111.556969,45.656427],[-111.536316,45.656833],[-111.536241,45.642257],[-111.35138,45.641938],[-111.35003,45.350548],[-111.37303,45.350521],[-111.372222,44.911796],[-111.377483,44.911794],[-111.377149066519,44.7511577867496],[-111.385106,44.754898],[-111.392475,44.752369],[-111.397362,44.746847],[-111.397759,44.724077],[-111.414273,44.710739],[-111.431733,44.720694],[-111.474880236007,44.7085555454992],[-111.781099,44.708845],[-111.781157,44.781027],[-112.065797,44.783475],[-112.065678,44.825985],[-112.167108,44.826738],[-112.166986,44.912587],[-112.190634,44.912735],[-112.191187,45.000512],[-112.334248,45.000519],[-112.333899,45.088423],[-112.456854,45.088509],[-112.458062,45.34991],[-112.464636,45.34991],[-112.46426,45.39382],[-112.505568,45.443009],[-112.53944,45.446534],[-112.577233,45.429838],[-112.59855,45.42943],[-112.609231,45.437049],[-112.628609,45.440586],[-112.638841,45.4551],[-112.658909,45.457694],[-112.660509,45.464224],[-112.687839,45.47724],[-112.69285,45.488795],[-112.688931,45.50724],[-112.691297,45.512279],[-112.699133,45.513612],[-112.704848,45.533232]]]}},{"type":"Feature","properties":{"GEOID":"30015","NAME":"Chouteau","state":"MT","wildfire_risk_score":72.583,"wildfire_eal_total":172490.26,"risk_band":"Moderate","source":"FEMA National Risk Index v1.20 (December 2025)"},"geometry":{"type":"Polygon","coordinates":[[[-111.409097,48.132218],[-110.827168,48.133205],[-110.827413,48.219566],[-110.625543,48.219731],[-110.625409,48.306479],[-109.845932,48.305971],[-109.845812,48.219004],[-109.726943,48.221525],[-109.726914,48.132859],[-109.534295,48.134564],[-109.532919,47.871083],[-109.538663,47.871021],[-109.538677,47.738864],[-109.579712,47.7478],[-109.608155,47.732197],[-109.633538,47.739449],[-109.67811,47.734646],[-109.72371,47.702377],[-109.75342,47.702897],[-109.769699,47.709732],[-109.783767,47.708018],[-109.829635,47.715978],[-109.830486,47.711646],[-109.836861,47.712041],[-109.832982,47.709135],[-109.83916,47.705211],[-109.833462,47.701249],[-109.841074,47.695832],[-109.840826,47.691305],[-109.831026,47.687154],[-109.835975,47.687362],[-109.839183,47.681625],[-109.833432,47.67957],[-109.841099,47.671639],[-109.835914,47.671124],[-109.834262,47.66422],[-109.838981,47.662577],[-109.832273,47.656932],[-109.839224,47.651617],[-109.831519,47.648816],[-109.839777,47.635323],[-109.832114,47.632116],[-109.842631,47.622155],[-109.837116,47.622249],[-109.842253,47.619065],[-109.83825,47.616339],[-109.843439,47.616103],[-109.842014,47.610281],[-109.848407,47.605439],[-109.843522,47.60082],[-109.850921,47.59588],[-109.845881,47.590494],[-109.852426,47.590676],[-109.85359,47.586698],[-109.848451,47.583586],[-109.851989,47.580285],[-109.843075,47.576945],[-109.850518,47.57012],[-109.844854,47.571169],[-109.851042,47.565562],[-109.845249,47.565108],[-109.849653,47.56112],[-109.844069,47.560056],[-109.849227,47.553688],[-109.845192,47.552362],[-109.845601,47.54578],[-109.854151,47.541963],[-109.849102,47.540357],[-109.857148,47.540977],[-109.874242,47.523062],[-109.877158,47.526379],[-109.890882,47.521718],[-109.890061,47.52551],[-109.902881,47.526395],[-109.906825,47.5201],[-109.915564,47.521209],[-109.910037,47.518924],[-109.922999,47.514808],[-109.91976,47.512593],[-109.934811,47.511608],[-109.937753,47.501261],[-109.95701,47.498005],[-109.968965,47.487457],[-109.974818,47.491097],[-109.979404,47.488929],[-109.976046,47.485576],[-109.981265,47.488084],[-109.981495,47.482654],[-109.990669,47.48316],[-109.989046,47.478941],[-109.999059,47.481121],[-110.002921,47.475517],[-110.010107,47.479221],[-110.015735,47.47365],[-110.019476,47.478819],[-110.031015,47.479404],[-110.029236,47.4749],[-110.046606,47.47214],[-110.045496,47.468707],[-110.050769,47.468897],[-110.047996,47.46577],[-110.076582,47.457824],[-110.082541,47.453005],[-110.079185,47.448489],[-110.085689,47.445025],[-110.103063,47.440288],[-110.108506,47.443308],[-110.106811,47.439782],[-110.113701,47.440946],[-110.112914,47.435961],[-110.118096,47.436568],[-110.120296,47.431855],[-110.12783,47.435244],[-110.130671,47.428872],[-110.147246,47.42854],[-110.146108,47.425044],[-110.151311,47.425555],[-110.159579,47.415312],[-110.164048,47.419389],[-110.639559,47.416486],[-110.640599,47.446306],[-110.769129,47.446096],[-110.768465,47.525638],[-110.86463,47.524714],[-110.86678,47.532845],[-110.872882,47.534667],[-110.867821,47.538248],[-110.880805,47.540545],[-110.879804,47.547275],[-110.889164,47.539575],[-110.891093,47.552604],[-110.897822,47.544794],[-110.907116,47.542135],[-110.91674,47.546395],[-110.925073,47.542763],[-110.925264,47.548123],[-110.936866,47.546843],[-110.935167,47.552278],[-110.949577,47.553093],[-110.959653,47.566679],[-110.966646,47.564286],[-110.974992,47.574365],[-111.002503,47.5724],[-111.02191,47.576953],[-111.033243,47.589715],[-111.043131,47.590866],[-111.044722,47.598068],[-111.049847,47.598333],[-111.039881,47.62231],[-111.026422,47.634406],[-111.016482,47.655018],[-111.002735,47.660311],[-111.003361,47.668475],[-110.994822,47.679218],[-110.983667,47.681897],[-110.983605,47.689453],[-110.976171,47.698738],[-111.40885,47.698123],[-111.409097,48.132218]]]}},{"type":"Feature","properties":{"GEOID":"30073","NAME":"Pondera","state":"MT","wildfire_risk_score":70.293,"wildfire_eal_total":112278.47,"risk_band":"Moderate","source":"FEMA National Risk Index v1.20 (December 2025)"},"geometry":{"type":"Polygon","coordinates":[[[-113.349046,48.310263],[-112.575864,48.309684],[-112.576982,48.483348],[-112.229059,48.483614],[-112.20721,48.477023],[-112.179361,48.47726],[-112.174532,48.467348],[-112.159605,48.463641],[-112.153619,48.464571],[-112.152396,48.471397],[-112.133736,48.466861],[-112.132958,48.460389],[-112.125869,48.461941],[-112.122854,48.455891],[-112.116992,48.456909],[-112.113072,48.448664],[-112.099419,48.449961],[-112.097614,48.441139],[-112.08202,48.442586],[-112.077584,48.435369],[-112.070979,48.438912],[-112.073026,48.444071],[-112.064656,48.444936],[-112.064827,48.439702],[-112.06124,48.447818],[-112.046478,48.448709],[-112.043027,48.452872],[-112.036888,48.451789],[-112.038526,48.44616],[-112.019777,48.451523],[-112.025553,48.446351],[-112.020312,48.442349],[-112.013822,48.45066],[-112.004013,48.448644],[-112.008126,48.441862],[-111.990944,48.438546],[-111.990889,48.394265],[-111.79591,48.393081],[-111.795855,48.349812],[-111.665756,48.349456],[-111.665599,48.219549],[-111.409018,48.219542],[-111.408514,47.987178],[-111.984263,47.984592],[-111.984125,48.042767],[-112.048342,48.042909],[-112.047999,48.086612],[-112.177751,48.087162],[-112.177755,48.130717],[-112.826745,48.133176],[-113.021161,48.129482],[-113.030149,48.133269],[-113.051183,48.12131],[-113.055635,48.124862],[-113.052922,48.140902],[-113.070412,48.152653],[-113.068293,48.148412],[-113.090804,48.136443],[-113.129823,48.135417],[-113.13468,48.138183],[-113.130849,48.140145],[-113.134616,48.149108],[-113.141921,48.153351],[-113.152279,48.15124],[-113.182615,48.175093],[-113.184972,48.171469],[-113.191252,48.17566],[-113.196532,48.168284],[-113.208933,48.164219],[-113.230906,48.170426],[-113.235641,48.177415],[-113.230723,48.182002],[-113.237622,48.210631],[-113.236608,48.21834],[-113.225859,48.224928],[-113.228916,48.229412],[-113.225885,48.231654],[-113.236777,48.247211],[-113.249792,48.255214],[-113.289585,48.265339],[-113.297972,48.284341],[-113.327406,48.289396],[-113.33376,48.298172],[-113.348,48.303113],[-113.349046,48.310263]]]}},{"type":"Feature","properties":{"GEOID":"30087","NAME":"Rosebud","state":"MT","wildfire_risk_score":95.006,"wildfire_eal_total":1905277.15,"risk_band":"High","source":"FEMA National Risk Index v1.20 (December 2025)"},"geometry":{"type":"Polygon","coordinates":[[[-107.897356,46.849722],[-107.46777,46.85116],[-107.467748,46.859254],[-106.720157,46.859603],[-106.720237,46.845176],[-106.086463,46.845881],[-106.086341,46.831462],[-106.12063,46.831438],[-106.120366,46.483648],[-106.155143,46.483634],[-106.153433,46.13726],[-106.191629,46.137183],[-106.191734,45.7886],[-106.234502,45.788578],[-106.235716,45.351796],[-106.279549,45.351797],[-106.279709,45.179728],[-106.768014,45.179728],[-106.768676,45.352826],[-106.729543,45.35148],[-106.727573,45.676469],[-106.846476,45.676587],[-106.846491,45.683828],[-106.912959,45.683915],[-106.9128,45.788221],[-106.877116,45.788217],[-106.877217,45.831714],[-106.939077,45.831608],[-106.939067,46.136667],[-107.007394,46.134198],[-107.007394,46.305902],[-107.028538,46.306639],[-107.028422,46.39546],[-107.153444,46.395613],[-107.15358,46.468101],[-107.174435,46.468176],[-107.174531,46.482713],[-107.754815,46.481804],[-107.754824,46.496043],[-107.796755,46.495874],[-107.795473,46.596652],[-107.837732,46.596647],[-107.82615,46.60522],[-107.830215,46.608679],[-107.817611,46.613479],[-107.822495,46.623054],[-107.815101,46.62671],[-107.811187,46.639676],[-107.820493,46.639182],[-107.817496,46.644893],[-107.821054,46.645459],[-107.813713,46.656187],[-107.805884,46.654365],[-107.808655,46.662646],[-107.796839,46.665298],[-107.800966,46.670128],[-107.792939,46.67983],[-107.804531,46.696793],[-107.808681,46.69327],[-107.814075,46.701012],[-107.821857,46.701501],[-107.816882,46.708428],[-107.826004,46.71413],[-107.819106,46.720138],[-107.827035,46.72134],[-107.82654,46.72726],[-107.809508,46.728798],[-107.807637,46.732399],[-107.811834,46.734197],[-107.808446,46.735759],[-107.816433,46.737551],[-107.813427,46.743319],[-107.825451,46.748165],[-107.827174,46.758412],[-107.832104,46.757382],[-107.825555,46.761454],[-107.827903,46.764582],[-107.840822,46.765396],[-107.837461,46.773607],[-107.843643,46.77196],[-107.842502,46.780874],[-107.853286,46.777888],[-107.843457,46.784316],[-107.844411,46.789886],[-107.837291,46.792151],[-107.85172,46.793612],[-107.853525,46.798418],[-107.840973,46.801957],[-107.854982,46.812317],[-107.847172,46.819172],[-107.85624,46.818659],[-107.858162,46.824435],[-107.865392,46.82477],[-107.861812,46.835606],[-107.873446,46.835011],[-107.8767,46.845031],[-107.88571,46.843927],[-107.897356,46.849722]]]}},{"type":"Feature","properties":{"GEOID":"30055","NAME":"McCone","state":"MT","wildfire_risk_score":48.569,"wildfire_eal_total":48212.86,"risk_band":"Low","source":"FEMA National Risk Index v1.20 (December 2025)"},"geometry":{"type":"Polygon","coordinates":[[[-106.430075,48.021294],[-106.417795,48.04292],[-106.394163,48.064726],[-106.368786,48.059954],[-106.366098,48.04838],[-106.355826,48.044366],[-106.313537,48.054887],[-106.300974,48.041376],[-106.272484,48.046106],[-106.2448,48.029943],[-106.229302,48.026416],[-106.12941,48.03225],[-106.12271,48.028242],[-106.124493,48.021462],[-106.143,48.012757],[-106.1452,48.007503],[-106.119878,48.004067],[-106.095538,48.010575],[-106.08448,48.022704],[-106.088242,48.033128],[-106.079148,48.03554],[-106.058262,48.028909],[-106.044121,48.008469],[-106.029368,48.004058],[-106.016685,48.005245],[-106.011137,48.011253],[-106.025102,48.026087],[-106.017371,48.033625],[-105.999227,48.031446],[-105.974602,48.015859],[-105.938368,48.014234],[-105.919548,48.003898],[-105.907061,48.00561],[-105.897544,48.011083],[-105.899279,48.034219],[-105.894617,48.038184],[-105.884527,48.034202],[-105.881,48.02402],[-105.851976,48.008522],[-105.80888,48.024732],[-105.786283,48.022558],[-105.781876,48.042547],[-105.774461,48.048345],[-105.767399,48.043168],[-105.763764,48.028902],[-105.750561,48.025397],[-105.717201,48.033377],[-105.701167,48.049096],[-105.680021,48.059086],[-105.666202,48.057048],[-105.662539,48.046288],[-105.651506,48.046498],[-105.638641,48.059043],[-105.639652,48.066001],[-105.653136,48.073296],[-105.647941,48.077304],[-105.617496,48.073268],[-105.595027,48.08178],[-105.568481,48.08355],[-105.535409,48.066445],[-105.523676,48.07432],[-105.515205,48.091714],[-105.503195,48.097792],[-105.486855,48.091125],[-105.47057,48.093959],[-105.452579,48.089408],[-105.390106,48.093045],[-105.364528,48.088752],[-105.341066,48.094897],[-105.327108,48.090502],[-105.325469,48.082247],[-105.317563,48.079016],[-105.231833,48.090144],[-105.218934,48.081464],[-105.224202,48.071389],[-105.218691,48.064104],[-105.194783,48.066617],[-105.195122,47.868081],[-105.234651,47.868057],[-105.234771,47.790502],[-105.363262,47.790419],[-105.363507,47.529558],[-105.406581,47.529534],[-105.406309,47.181583],[-105.833044,47.181092],[-105.832637,47.093109],[-105.959897,47.092968],[-105.959819,47.181],[-106.17042,47.180826],[-106.170675,47.354495],[-106.298158,47.354298],[-106.298073,47.529041],[-106.261121,47.529052],[-106.260932,47.868431],[-106.358085,47.868412],[-106.358288,47.957216],[-106.41862,47.957457],[-106.414291,47.972816],[-106.430075,48.021294]]]}},{"type":"Feature","properties":{"GEOID":"30089","NAME":"Sanders","state":"MT","wildfire_risk_score":91.19,"wildfire_eal_total":968871.94,"risk_band":"High","source":"FEMA National Risk Index v1.20 (December 2025)"},"geometry":{"type":"Polygon","coordinates":[[[-116.049115,48.058985],[-116.048994358324,48.2161284423458],[-116.016723,48.206217],[-116.018668,48.202839],[-116.012954,48.196762],[-116.020395,48.192499],[-116.021426,48.182977],[-116.016535,48.180382],[-116.018005,48.169538],[-116.009237,48.159669],[-115.980182,48.158405],[-115.957251,48.149042],[-115.936899,48.184063],[-115.908505,48.182608],[-115.903431,48.192519],[-115.883084,48.20255],[-115.857984,48.205789],[-115.855995,48.210707],[-115.845425,48.211057],[-115.84375,48.216114],[-115.841193,48.211002],[-115.833312,48.210779],[-115.828714,48.217484],[-115.800172,48.222818],[-115.78252,48.239714],[-115.771401,48.259064],[-115.759161,48.263997],[-115.737266,48.263274],[-115.734266,48.25665],[-115.709824,48.248427],[-115.698764,48.238498],[-115.693415,48.224568],[-115.672359,48.206394],[-115.67321,48.194965],[-115.683614,48.193603],[-115.696111,48.177474],[-115.693892,48.166979],[-115.671809,48.161495],[-115.66975,48.154783],[-115.654611,48.146246],[-115.65622,48.140128],[-115.645768,48.134142],[-115.649562,48.12419],[-115.641182,48.116741],[-115.638404,48.095405],[-115.632231,48.088622],[-115.641047,48.078812],[-115.609285,48.060105],[-115.611132,48.047945],[-115.596427,48.030786],[-115.581436,48.020588],[-115.568248,48.020157],[-115.544858,47.9994],[-115.537877,47.981646],[-115.557574,47.939365],[-115.545435,47.928192],[-115.546534,47.922079],[-115.523645,47.908301],[-115.499621,47.909175],[-115.482051,47.918119],[-115.470213,47.913222],[-115.461704,47.920333],[-115.427001,47.911097],[-115.426961,47.927077],[-115.421452,47.933768],[-115.399817,47.936117],[-115.399455,47.912442],[-115.38369,47.905107],[-115.31924,47.92157],[-115.301794,47.912467],[-115.29351,47.898349],[-115.27843,47.890268],[-115.262763,47.903539],[-115.251982,47.905216],[-115.247941,47.915223],[-115.225139,47.908297],[-115.205583,47.919281],[-115.200529,47.916083],[-115.184978,47.919269],[-115.17846,47.94791],[-115.185481,47.956729],[-115.175313,47.95986],[-115.17575,47.974394],[-115.16484,47.97265],[-115.160441,47.963532],[-115.153719,47.961573],[-115.14813,47.963501],[-115.144605,47.977289],[-115.136339,47.984183],[-115.150757,47.995478],[-115.149292,48.009523],[-115.154527,48.017692],[-115.010672,48.017621],[-115.010678,48.003139],[-114.989433,48.003141],[-114.989344,47.872807],[-114.604584,47.875605],[-114.604857,47.746421],[-114.584454,47.746355],[-114.58376,47.601718],[-114.350364,47.602142],[-114.342034,47.589311],[-114.330295,47.59834],[-114.320528,47.594551],[-114.34083,47.583337],[-114.339166,47.569356],[-114.328373,47.565666],[-114.328646,47.558696],[-114.366378,47.536088],[-114.365001,47.518051],[-114.383431,47.483914],[-114.3703,47.481102],[-114.362851,47.491019],[-114.350356,47.496695],[-114.304033,47.497398],[-114.296156,47.49477],[-114.284781,47.478493],[-114.28418,47.468496],[-114.297248,47.46141],[-114.325472,47.467701],[-114.328535,47.447999],[-114.342196,47.438526],[-114.342602,47.40893],[-114.35308,47.38985],[-114.324624,47.368376],[-114.327667,47.357044],[-114.303529,47.362763],[-114.288557,47.355875],[-114.203026,47.355746],[-114.203119,47.181908],[-114.187062,47.181889],[-114.18717,47.138191],[-114.200165,47.137191],[-114.212098,47.127709],[-114.236088,47.134301],[-114.255248,47.120757],[-114.292604,47.125693],[-114.3026,47.136271],[-114.31332,47.137155],[-114.323102,47.145312],[-114.333079,47.145241],[-114.344409,47.155146],[-114.355922,47.157903],[-114.352138,47.169042],[-114.338868,47.172459],[-114.346111,47.176235],[-114.35384,47.190995],[-114.360638,47.18712],[-114.381271,47.188048],[-114.423858,47.210091],[-114.454758,47.208195],[-114.466135,47.218701],[-114.493363,47.219405],[-114.501518,47.227242],[-114.517118,47.230106],[-114.532334,47.240392],[-114.543485,47.240135],[-114.550364,47.251722],[-114.593458,47.257089],[-114.631423,47.268458],[-114.636642,47.26593],[-114.68721,47.274335],[-114.708847,47.254689],[-114.715454,47.254192],[-114.737165,47.262758],[-114.761193,47.259931],[-114.787513,47.268384],[-114.842324,47.268847],[-114.842453,47.297943],[-114.906046,47.29797],[-114.906014,47.312482],[-114.968978,47.312625],[-114.969056,47.37405],[-114.977045,47.378445],[-114.979189,47.395391],[-115.011919,47.399655],[-115.027637,47.414431],[-115.047643,47.408499],[-115.048939,47.415339],[-115.067056,47.417082],[-115.090679,47.42795],[-115.123832,47.420689],[-115.149491,47.432934],[-115.159037,47.443403],[-115.157386,47.447809],[-115.193855,47.461075],[-115.225425,47.466396],[-115.234771,47.471028],[-115.234978,47.476061],[-115.249057,47.480416],[-115.282181,47.486923],[-115.305978,47.471432],[-115.342687,47.470913],[-115.3634,47.48367],[-115.396689,47.485349],[-115.429305,47.476241],[-115.44427,47.465712],[-115.456246,47.471499],[-115.471856,47.466972],[-115.484492,47.471659],[-115.504465,47.494791],[-115.519272,47.496789],[-115.526265,47.494916],[-115.521456,47.487072],[-115.530382,47.476495],[-115.566332,47.471053],[-115.612073,47.474503],[-115.619067,47.484622],[-115.629974,47.479633],[-115.660276,47.477962],[-115.668003,47.4888],[-115.686264,47.48494],[-115.690064,47.500794],[-115.698633,47.502273],[-115.711398,47.516771],[-115.711211,47.523274],[-115.69554,47.527585],[-115.698724,47.531653],[-115.741378,47.538253],[-115.755663,47.5483],[-115.738768,47.564468],[-115.722505,47.571649],[-115.721195,47.576254],[-115.705693,47.578034],[-115.70507,47.584391],[-115.68855,47.594333],[-115.697217,47.603741],[-115.694444,47.623761],[-115.707926,47.634831],[-115.730393,47.642331],[-115.736497,47.654738],[-115.726511,47.673226],[-115.728282,47.681708],[-115.722789,47.694725],[-115.73173,47.705204],[-115.753026,47.71695],[-115.773957,47.717904],[-115.784258,47.729963],[-115.780853,47.742472],[-115.797332,47.757128],[-115.824993,47.752373],[-115.831944,47.755983],[-115.837438,47.774846],[-115.847487,47.785227],[-115.848638,47.810692],[-115.845082,47.814903],[-115.852312,47.827857],[-115.870861,47.834939],[-115.88123,47.84935],[-115.901401,47.843097],[-115.910081,47.853017],[-115.918772,47.853656],[-115.936697,47.879519],[-115.953363,47.894053],[-115.968485,47.899659],[-115.96542,47.910852],[-115.982267,47.915561],[-115.984844,47.922705],[-115.993678,47.926183],[-116.019758,47.96324],[-116.030387,47.972619],[-116.049108,47.976842],[-116.049115,48.058985]]]}},{"type":"Feature","properties":{"GEOID":"30081","NAME":"Ravalli","state":"MT","wildfire_risk_score":98.887,"wildfire_eal_total":21311630.76,"risk_band":"High","source":"FEMA National Risk Index v1.20 (December 2025)"},"geometry":{"type":"Polygon","coordinates":[[[-114.561592,45.780409],[-114.544431,45.790026],[-114.544967,45.797898],[-114.531029,45.809868],[-114.52959,45.819278],[-114.5144,45.827131],[-114.517183,45.833506],[-114.509303,45.845531],[-114.485757,45.851614],[-114.474891,45.846585],[-114.438348,45.862555],[-114.410706,45.851824],[-114.406231,45.869319],[-114.396638,45.87098],[-114.388557,45.882189],[-114.388689,45.892114],[-114.39371,45.892969],[-114.395088,45.900783],[-114.413168,45.911479],[-114.414854,45.921767],[-114.431396,45.93604],[-114.402524,45.957944],[-114.411755,45.97787],[-114.429422,45.986608],[-114.447616,45.987354],[-114.457496,45.997369],[-114.479992,45.992902],[-114.487783,46.003646],[-114.473474,46.013057],[-114.480505,46.030424],[-114.489313,46.027869],[-114.507419,46.031861],[-114.493475,46.052402],[-114.469438,46.06183],[-114.471282,46.077123],[-114.462458,46.078408],[-114.460475,46.09779],[-114.475178,46.113179],[-114.489758,46.113488],[-114.520513,46.12491],[-114.517782,46.135028],[-114.527096,46.146218],[-114.514676,46.153581],[-114.514977,46.167415],[-114.488909,46.167536],[-114.475953,46.160606],[-114.456531,46.170263],[-114.444091,46.169273],[-114.443215,46.202943],[-114.451678,46.214172],[-114.445823,46.219534],[-114.448564,46.232964],[-114.451852,46.240673],[-114.468254,46.248796],[-114.465133,46.252327],[-114.47072,46.266041],[-114.464921,46.273219],[-114.441594,46.273711],[-114.427309,46.283624],[-114.432796,46.3061],[-114.421366,46.330703],[-114.414259,46.335483],[-114.410493,46.365143],[-114.422212,46.387331],[-114.409779,46.399392],[-114.38503,46.411229],[-114.381377,46.433879],[-114.368786,46.436508],[-114.37234,46.44281],[-114.384052,46.446517],[-114.379799,46.460719],[-114.383127,46.466245],[-114.394655,46.469426],[-114.400672,46.477813],[-114.40255,46.500207],[-114.359683,46.504925],[-114.342794,46.518257],[-114.349208,46.529514],[-114.343975,46.541269],[-114.347221,46.552421],[-114.329788,46.57722],[-114.343733,46.590456],[-114.330256,46.599477],[-114.322537,46.611284],[-114.327782,46.620208],[-114.320335,46.63853],[-114.321118,46.647514],[-114.332661751706,46.6605807312884],[-113.827743,46.660896],[-113.81765,46.637306],[-113.803224,46.629914],[-113.805672,46.618892],[-113.816393,46.614812],[-113.809807,46.608701],[-113.809694,46.594276],[-113.812379,46.588756],[-113.835256,46.584031],[-113.829063,46.569211],[-113.844968,46.547206],[-113.846315,46.521593],[-113.850029,46.514832],[-113.874651,46.508329],[-113.878276,46.497422],[-113.865926,46.492123],[-113.867507,46.483056],[-113.856804,46.470499],[-113.849222,46.448043],[-113.858336,46.420185],[-113.820241,46.407271],[-113.821686,46.403239],[-113.800998,46.385171],[-113.796105,46.372915],[-113.786055,46.370112],[-113.782841,46.364204],[-113.785503,46.339099],[-113.771959,46.321301],[-113.785169,46.296734],[-113.784181,46.284932],[-113.751898,46.273346],[-113.748196,46.265497],[-113.761178,46.258088],[-113.763768,46.246174],[-113.773653,46.245154],[-113.778194,46.23686],[-113.775082,46.228396],[-113.815929,46.216199],[-113.822893,46.208881],[-113.818047,46.191224],[-113.802438,46.191356],[-113.78499,46.181279],[-113.791684,46.174536],[-113.790026,46.162516],[-113.795249,46.152614],[-113.780361,46.144489],[-113.777214,46.134197],[-113.770181,46.132316],[-113.753097,46.11214],[-113.755643,46.104646],[-113.767,46.101551],[-113.773721,46.083221],[-113.787455,46.074444],[-113.793068,46.056792],[-113.803497,46.049039],[-113.803677,46.037675],[-113.76902,46.027801],[-113.760772,46.030053],[-113.753466,46.046593],[-113.74494,46.048778],[-113.732002,46.038439],[-113.68725,46.035236],[-113.690819,46.025953],[-113.671368,46.023187],[-113.676386,46.015518],[-113.667711,46.000897],[-113.670044,45.993552],[-113.64869,45.965246],[-113.61608,45.970278],[-113.608868,45.94984],[-113.583955,45.947081],[-113.579165,45.938665],[-113.554618,45.947146],[-113.526383,45.945083],[-113.517409,45.940089],[-113.515483,45.936017],[-113.535109,45.913198],[-113.53655,45.893877],[-113.528581,45.88116],[-113.579328,45.872892],[-113.5914,45.862898],[-113.592215,45.850224],[-113.610954,45.850455],[-113.627401,45.840032],[-113.654693,45.840373],[-113.667875,45.835373],[-113.674904,45.840787],[-113.68593,45.83866],[-113.697639,45.843545],[-113.712522,45.838384],[-113.715455,45.830585],[-113.724164,45.828953],[-113.729448,45.819538],[-113.744046,45.815074],[-113.758649,45.801896],[-113.770824,45.800881],[-113.778374,45.792003],[-113.792006,45.792129],[-113.792239,45.783473],[-113.78721,45.778394],[-113.800104,45.772799],[-113.811059,45.757862],[-113.830242,45.750718],[-113.84926,45.752631],[-113.854917,45.773141],[-113.868295,45.781175],[-113.896496,45.769723],[-113.916261,45.746028],[-113.909909,45.741804],[-113.904361,45.730997],[-113.909354,45.726684],[-113.903046,45.721506],[-113.911119,45.712761],[-113.906174,45.707235],[-113.910416,45.699356],[-113.922306,45.703976],[-113.96188,45.689718],[-113.969088,45.692756],[-113.971507,45.702712],[-113.988075,45.705721],[-113.997617,45.696672],[-114.015482,45.695901],[-114.01903,45.692751],[-114.014824,45.683508],[-114.027399,45.675753],[-114.015327,45.663421],[-114.018783,45.648496],[-114.033345,45.648191],[-114.051838,45.632705],[-114.066962,45.627967],[-114.073991,45.614519],[-114.081563,45.611073],[-114.086584,45.59118],[-114.121607,45.584319],[-114.13211,45.572183],[-114.128987,45.565385],[-114.136182,45.557019],[-114.180652,45.550695],[-114.192226,45.537081],[-114.203665,45.53557],[-114.227176,45.545858],[-114.248354,45.545408],[-114.25159,45.537504],[-114.247064,45.525156],[-114.270449,45.484423],[-114.294476,45.479542],[-114.334402,45.459094],[-114.344184,45.459683],[-114.351107,45.470519],[-114.361098,45.474409],[-114.366138,45.490982],[-114.38782,45.502035],[-114.424683,45.509911],[-114.430574,45.52951],[-114.463942,45.545365],[-114.457824,45.561711],[-114.471946,45.565223],[-114.49826,45.555488],[-114.52756,45.570824],[-114.552638,45.55702],[-114.564974,45.557807],[-114.565491,45.562601],[-114.552956,45.576603],[-114.558325,45.584278],[-114.538471,45.605764],[-114.545004,45.617131],[-114.55331,45.618869],[-114.563987,45.637621],[-114.542323,45.641961],[-114.540257,45.650272],[-114.523058,45.649352],[-114.509065,45.656806],[-114.499576,45.669604],[-114.499049,45.67874],[-114.514993,45.685032],[-114.495385,45.703055],[-114.504175,45.721659],[-114.526654,45.727634],[-114.535723,45.739155],[-114.546527,45.742991],[-114.5441,45.758447],[-114.566465,45.77331],[-114.561592,45.780409]]]}},{"type":"Feature","properties":{"GEOID":"30099","NAME":"Teton","state":"MT","wildfire_risk_score":73.505,"wildfire_eal_total":262776.15,"risk_band":"Moderate","source":"FEMA National Risk Index v1.20 (December 2025)"},"geometry":{"type":"Polygon","coordinates":[[[-113.014811,48.13103],[-112.177755,48.130717],[-112.177751,48.087162],[-112.047999,48.086612],[-112.048342,48.042909],[-111.984125,48.042767],[-111.984263,47.984592],[-111.408514,47.987178],[-111.40885,47.698123],[-111.666482,47.697761],[-111.66626,47.611253],[-111.922567,47.611259],[-111.922795,47.505064],[-111.926223,47.500289],[-111.946947,47.506843],[-111.960765,47.503411],[-111.970631,47.511328],[-111.976147,47.507402],[-111.995504,47.511125],[-112.001369,47.507416],[-112.027319,47.518023],[-112.063359,47.51694],[-112.073603,47.511917],[-112.087636,47.515713],[-112.105911,47.506701],[-112.14666,47.516719],[-112.160144,47.509416],[-112.179322,47.513927],[-112.205594,47.502324],[-112.218325,47.508747],[-112.238112,47.505858],[-112.254741,47.510035],[-112.278,47.505623],[-112.293606,47.523132],[-112.308927,47.528191],[-112.319606,47.54305],[-112.330653,47.544829],[-112.343096,47.539197],[-112.344175,47.551038],[-112.376111,47.546436],[-112.382645,47.551705],[-112.405595,47.552423],[-112.405258,47.57652],[-112.417833,47.581334],[-112.418429,47.596712],[-112.429506,47.606094],[-112.438093,47.604636],[-112.473573,47.614554],[-112.493884,47.613495],[-112.501185,47.621035],[-112.509389,47.619282],[-112.515547,47.62262],[-112.51507,47.631198],[-112.521985,47.633577],[-112.520943,47.64307],[-112.537594,47.644371],[-112.548591,47.651824],[-112.553692,47.652147],[-112.563093,47.6443],[-112.562255,47.639504],[-112.576811,47.633687],[-112.615786,47.635544],[-112.646294,47.620682],[-112.661326,47.622728],[-112.663907,47.617447],[-112.674953,47.622276],[-112.681972,47.61438],[-112.697783,47.622288],[-112.713013,47.616735],[-112.732078,47.617131],[-112.74085,47.608871],[-112.756215,47.60798],[-112.758631,47.602482],[-112.770602,47.598616],[-112.782804,47.59925],[-112.805535,47.611427],[-112.817827,47.607589],[-112.846347,47.628354],[-112.856907,47.629491],[-112.859569,47.640087],[-112.87588,47.648762],[-112.879193,47.660625],[-112.891653,47.66911],[-112.890948,47.677214],[-112.895944,47.675807],[-112.89638,47.680964],[-112.91422,47.694958],[-112.902488,47.707875],[-112.906418,47.721449],[-112.901992,47.732207],[-112.926599,47.761527],[-112.918419,47.77291],[-112.922316,47.788677],[-112.914484,47.801401],[-112.91928,47.80691],[-112.913452,47.813692],[-112.916961,47.819703],[-112.913256,47.826216],[-112.919868,47.842886],[-112.925305,47.844153],[-112.927536,47.86013],[-112.942466,47.869582],[-112.948406,47.879202],[-112.952975,47.904852],[-112.97431,47.913308],[-112.984734,47.953918],[-112.958095,47.95147],[-112.951631,47.944814],[-112.912591,47.946407],[-112.897897,47.972453],[-112.878701,47.977163],[-112.896662,48.019019],[-112.90767,48.02959],[-112.950029,48.033527],[-112.950716,48.049976],[-112.93713,48.055523],[-112.93777,48.060926],[-112.952892,48.065613],[-112.963711,48.07491],[-112.981771,48.07376],[-112.97818,48.080203],[-112.982864,48.086435],[-112.978987,48.088847],[-112.994237,48.098514],[-112.996088,48.106093],[-112.99071,48.107804],[-112.993244,48.114858],[-112.983366,48.117761],[-113.000624,48.130734],[-113.014811,48.13103]]]}},{"type":"Feature","properties":{"GEOID":"30059","NAME":"Meagher","state":"MT","wildfire_risk_score":68.416,"wildfire_eal_total":140417.31,"risk_band":"Moderate","source":"FEMA National Risk Index v1.20 (December 2025)"},"geometry":{"type":"Polygon","coordinates":[[[-111.658132,46.913423],[-111.539214,46.913371],[-111.539373,47.000559],[-111.285268,47.001026],[-111.285208,47.011746],[-111.158386,47.011771],[-111.158559,47.088301],[-111.080918,47.088033],[-111.076229,47.07935],[-111.083856,47.072528],[-111.083808,47.063719],[-111.076802,47.045283],[-111.104792,47.029036],[-111.084285,47.010613],[-111.072278,47.005663],[-111.055003,47.00907],[-111.045518,47.004375],[-110.996401,47.005093],[-110.996805,46.997625],[-110.978982,47.001428],[-110.925452,46.985159],[-110.892759,46.966776],[-110.871054,46.94474],[-110.85552,46.942987],[-110.856038,46.921347],[-110.840397,46.918871],[-110.83325,46.912939],[-110.818204,46.914018],[-110.806027,46.901831],[-110.786534,46.910635],[-110.782377,46.908788],[-110.783399,46.901712],[-110.767547,46.896921],[-110.760047,46.900307],[-110.7522,46.888886],[-110.76234,46.88258],[-110.7575,46.879234],[-110.760667,46.871996],[-110.753993,46.872002],[-110.754751,46.846584],[-110.735911,46.848474],[-110.725882,46.845931],[-110.720361,46.837919],[-110.697417,46.84496],[-110.678922,46.824774],[-110.662584,46.818117],[-110.650755,46.824504],[-110.64471,46.816477],[-110.649524,46.801473],[-110.631712,46.779645],[-110.618116,46.771],[-110.563704,46.771363],[-110.557697,46.763584],[-110.564334,46.738864],[-110.561491,46.732088],[-110.549225,46.733041],[-110.524345,46.712788],[-110.506319,46.712774],[-110.498014,46.702944],[-110.483057,46.70147],[-110.480108,46.68914],[-110.46771,46.684955],[-110.466812,46.678795],[-110.436554,46.686507],[-110.421109,46.677743],[-110.410275,46.68472],[-110.375292,46.692912],[-110.349481,46.682461],[-110.34424,46.672562],[-110.33376,46.672056],[-110.326411,46.67436],[-110.329644,46.680014],[-110.326138,46.685587],[-110.302726,46.688647],[-110.293396,46.701121],[-110.273337,46.710509],[-110.272998,46.48983],[-110.281471,46.489826],[-110.281916,46.184397],[-110.409283,46.184368],[-110.409271,46.192065],[-111.061956,46.192834],[-111.061757,46.220743],[-111.070624,46.232381],[-111.0837,46.237452],[-111.075406,46.250798],[-111.108563,46.259071],[-111.107355,46.264068],[-111.12707,46.273754],[-111.118824,46.294885],[-111.117839,46.317332],[-111.094514,46.337666],[-111.094123,46.34445],[-111.069308,46.351417],[-111.073357,46.370072],[-111.063847,46.381936],[-111.066297,46.389985],[-111.056996,46.398122],[-111.057226,46.403407],[-111.093969,46.4234],[-111.098843,46.433627],[-111.125122,46.439755],[-111.119945,46.449132],[-111.122461,46.452639],[-111.172816,46.446836],[-111.178655,46.435705],[-111.193886,46.428939],[-111.227893,46.428747],[-111.246519,46.438109],[-111.257378,46.498485],[-111.26992,46.49781],[-111.283037,46.522975],[-111.315251,46.530163],[-111.338881,46.538968],[-111.344736,46.545429],[-111.319996,46.56227],[-111.320181,46.569401],[-111.334825,46.582673],[-111.329197,46.592885],[-111.334881,46.607084],[-111.325303,46.615776],[-111.328991,46.617485],[-111.326119,46.622351],[-111.330351,46.633338],[-111.367561,46.63574],[-111.379463,46.646258],[-111.410268,46.639223],[-111.412919,46.647537],[-111.40868,46.657096],[-111.415274,46.674311],[-111.426013,46.681289],[-111.449449,46.681435],[-111.452364,46.68432],[-111.443243,46.690763],[-111.443994,46.695453],[-111.447532,46.701462],[-111.462488,46.704906],[-111.448374,46.716022],[-111.463622,46.722614],[-111.45653,46.728757],[-111.457018,46.745168],[-111.498095,46.762502],[-111.496029,46.790273],[-111.511548,46.808296],[-111.505769,46.814115],[-111.523814,46.817074],[-111.523823,46.809203],[-111.532301,46.804383],[-111.552799,46.804035],[-111.572301,46.810106],[-111.589278,46.805599],[-111.613029,46.817062],[-111.625084,46.83204],[-111.639502,46.832134],[-111.645739,46.843361],[-111.63487,46.852121],[-111.642219,46.86539],[-111.609279,46.87742],[-111.608066,46.882166],[-111.612951,46.885028],[-111.602722,46.891391],[-111.621404,46.903177],[-111.650056,46.908015],[-111.658132,46.913423]]]}},{"type":"Feature","properties":{"GEOID":"30077","NAME":"Powell","state":"MT","wildfire_risk_score":86.355,"wildfire_eal_total":684387.48,"risk_band":"Moderate","source":"FEMA National Risk Index v1.20 (December 2025)"},"geometry":{"type":"Polygon","coordinates":[[[-113.466485,47.600057],[-113.144368,47.595507],[-113.130834,47.587674],[-113.12705,47.5759],[-113.117746,47.570473],[-113.118108,47.560535],[-113.124661,47.55797],[-113.122527,47.545177],[-113.12583,47.541813],[-113.11455,47.490409],[-113.09172,47.48063],[-113.080428,47.485565],[-113.062885,47.482236],[-113.059199,47.488599],[-113.059053,47.17957],[-112.795808,47.177004],[-112.795642,46.831665],[-112.535748,46.834234],[-112.535597,46.699482],[-112.410846,46.699505],[-112.410638,46.656011],[-112.320871,46.655927],[-112.306902,46.637137],[-112.310591,46.633842],[-112.298531,46.625973],[-112.293205,46.605089],[-112.300604,46.598934],[-112.299652,46.59146],[-112.316705,46.574923],[-112.308935,46.56432],[-112.307773,46.549338],[-112.293709,46.531128],[-112.297024,46.526379],[-112.293443,46.51813],[-112.302806,46.516623],[-112.30629,46.510393],[-112.301847,46.489877],[-112.308968,46.480834],[-112.304629,46.461435],[-112.30898,46.455494],[-112.304536,46.450097],[-112.320961,46.443545],[-112.323443,46.43331],[-112.316782,46.422478],[-112.310573,46.421171],[-112.312528,46.418388],[-112.336737,46.404067],[-112.35006,46.385068],[-112.403784,46.386566],[-112.417548,46.376658],[-112.414647,46.37152],[-112.426093,46.36898],[-112.426005,46.357464],[-112.436279,46.351055],[-112.450408,46.351263],[-112.449521,46.334098],[-112.454085,46.328932],[-112.464611,46.328863],[-112.471736,46.340552],[-112.490621,46.3423],[-112.5002,46.341073],[-112.503954,46.330196],[-112.522684,46.32993],[-112.532675,46.335147],[-112.556296,46.30747],[-112.570046,46.304972],[-112.572403,46.296639],[-112.559037,46.282028],[-112.558599,46.265821],[-113.036825,46.266826],[-113.038702,46.73554],[-113.047085,46.736653],[-113.078552,46.720575],[-113.096426,46.721002],[-113.115117,46.713448],[-113.131712,46.725673],[-113.150618,46.730334],[-113.161874,46.728037],[-113.167143,46.733644],[-113.177083,46.730735],[-113.182666,46.745221],[-113.173073,46.754023],[-113.193145,46.769743],[-113.228169,46.783247],[-113.242308,46.799887],[-113.241937,46.813826],[-113.249346,46.820569],[-113.26578,46.825982],[-113.272369,46.815046],[-113.291406,46.806932],[-113.291498,46.832198],[-113.302903,46.832159],[-113.302943,47.179643],[-113.46645,47.179186],[-113.466485,47.600057]]]}},{"type":"Feature","properties":{"GEOID":"30031","NAME":"Gallatin","state":"MT","wildfire_risk_score":91.38,"wildfire_eal_total":2515928.08,"risk_band":"High","source":"FEMA National Risk Index v1.20 (December 2025)"},"geometry":{"type":"Polygon","coordinates":[[[-111.805259,45.798306],[-111.78821,45.792512],[-111.755855,45.804233],[-111.726992,45.793468],[-111.703019,45.796617],[-111.680834,45.821582],[-111.661254,45.828261],[-111.664957,45.833081],[-111.656723,45.834317],[-111.650467,45.850933],[-111.637365,45.84872],[-111.637117,45.861],[-111.625736,45.861772],[-111.612906,45.874515],[-111.608522,45.888663],[-111.587359,45.906802],[-111.566813,45.909615],[-111.560712,45.914695],[-111.54497,45.910777],[-111.542883,45.919432],[-111.532899,45.918541],[-111.53474,45.924144],[-111.513383,45.928553],[-111.507261,45.925855],[-111.505774,45.932302],[-111.499058,45.932384],[-111.471285,45.951475],[-111.464145,45.963635],[-111.460645,45.997041],[-111.45164,45.997595],[-111.442899,45.990694],[-111.423853,45.993946],[-111.415802,46.001785],[-111.42158,46.015707],[-111.429596,46.018975],[-111.422198,46.029008],[-111.423831,46.061951],[-111.405801,46.085097],[-111.391238,46.092087],[-111.398521,46.105849],[-111.394038,46.108991],[-111.38408,46.104219],[-111.378628,46.113302],[-111.349372,46.122607],[-111.346652,46.187785],[-111.159544,46.187767],[-111.159545,46.192829],[-110.783833,46.192699],[-110.784031,46.141826],[-110.790767,46.141846],[-110.789129,45.800776],[-110.789399,45.786308],[-110.795264,45.786319],[-110.794774,45.590682],[-110.857382,45.59065],[-110.858252,45.524879],[-110.919222,45.524861],[-110.917899,45.351273],[-111.038169,45.351391],[-111.038613,45.176379],[-111.04661,45.176327],[-111.045066048714,45.0009308540398],[-111.054556,45.000955],[-111.052434,44.478411],[-111.107213,44.486929],[-111.127383,44.49762],[-111.138618,44.516854],[-111.131382,44.532429],[-111.150571,44.534971],[-111.158894,44.546264],[-111.173755,44.549333],[-111.180747,44.554883],[-111.18103,44.569231],[-111.201491,44.575896],[-111.227504,44.577172],[-111.240332,44.613687],[-111.220145,44.622996],[-111.253183,44.651173],[-111.268824,44.647177],[-111.278477,44.651265],[-111.280473,44.654778],[-111.266804,44.667512],[-111.280302,44.682974],[-111.296337,44.691059],[-111.296038,44.702053],[-111.322484,44.718776],[-111.323052,44.728555],[-111.337355,44.73317],[-111.348067,44.725314],[-111.355153,44.727195],[-111.377149066519,44.7511577867496],[-111.377483,44.911794],[-111.372222,44.911796],[-111.37303,45.350521],[-111.35003,45.350548],[-111.35138,45.641938],[-111.536241,45.642257],[-111.536316,45.656833],[-111.556969,45.656427],[-111.557006,45.670995],[-111.577698,45.670771],[-111.577687,45.685251],[-111.598239,45.685121],[-111.598318,45.699962],[-111.619037,45.699863],[-111.619036,45.714363],[-111.639717,45.714305],[-111.639745,45.728825],[-111.659742,45.728834],[-111.659738,45.743344],[-111.721683,45.743278],[-111.721847,45.772369],[-111.763273,45.772554],[-111.763324,45.786828],[-111.80538,45.786748],[-111.805259,45.798306]]]}},{"type":"Feature","properties":{"GEOID":"30071","NAME":"Phillips","state":"MT","wildfire_risk_score":67.748,"wildfire_eal_total":103333.13,"risk_band":"Low","source":"FEMA National Risk Index v1.20 (December 2025)"},"geometry":{"type":"Polygon","coordinates":[[[-108.891069,47.870608],[-108.888316,47.922722],[-108.662132,47.924967],[-108.656132,47.919979],[-108.625587,47.920411],[-108.623259,47.957242],[-108.607579,47.990997],[-108.597801,47.991923],[-108.569564,47.981272],[-108.43398,47.976553],[-108.433848,48.219551],[-108.411363,48.219554],[-108.411186,48.444981],[-108.410374,48.448484],[-108.404453,48.443734],[-108.398007,48.445079],[-108.404848,48.440772],[-108.393266,48.437769],[-108.392342,48.442519],[-108.384014,48.437818],[-108.377545,48.44233],[-108.374174,48.436443],[-108.371106,48.441172],[-108.359574,48.439003],[-108.367579,48.430923],[-108.35425,48.432563],[-108.353691,48.428051],[-108.346703,48.428401],[-108.346316,48.422305],[-108.346193,48.56845],[-108.319011,48.568431],[-108.319119,48.742209],[-108.259384,48.742225],[-108.259372,48.913592],[-108.236357,48.91352],[-108.236362223928,48.9995299383905],[-107.179812009792,48.9999246229784],[-107.179823,48.912668],[-107.206032,48.91271],[-107.206316,48.56817],[-107.192709,48.568113],[-107.192691,48.509402],[-107.217443,48.50757],[-107.233025,48.515515],[-107.241295,48.51324],[-107.251025,48.517225],[-107.25803,48.514821],[-107.257944,48.480989],[-107.301721,48.480943],[-107.301073,48.394],[-107.260279,48.39408],[-107.260458,48.304768],[-107.369252,48.305163],[-107.36973,48.218373],[-107.404513,48.21844],[-107.404676,47.870509],[-107.4144,47.870513],[-107.414886,47.691734],[-107.428528,47.676526],[-107.420695,47.657736],[-107.439025,47.64799],[-107.433439,47.636229],[-107.441385,47.624445],[-107.499344,47.624005],[-107.520788,47.642919],[-107.553672,47.646348],[-107.567572,47.642964],[-107.59425,47.649731],[-107.610852,47.647369],[-107.619619,47.631331],[-107.638985,47.649626],[-107.654416,47.652563],[-107.646121,47.642149],[-107.648861,47.625374],[-107.660751,47.620197],[-107.671173,47.629892],[-107.695668,47.628986],[-107.695073,47.621001],[-107.709522,47.60026],[-107.731521,47.58541],[-107.732268,47.571874],[-107.762992,47.563648],[-107.759362,47.553225],[-107.765854,47.545435],[-107.777095,47.543346],[-107.790376,47.554538],[-107.79862,47.544602],[-107.81871,47.546128],[-107.839431,47.534405],[-107.847448,47.520299],[-107.865489,47.512898],[-107.849894,47.490462],[-107.868972,47.477658],[-107.860944,47.457048],[-107.905241,47.449376],[-107.912248,47.453214],[-107.912073,47.465714],[-107.904894,47.474812],[-107.909119,47.488011],[-107.896976,47.506981],[-107.919184,47.520588],[-107.918384,47.532953],[-107.930612,47.545582],[-107.923857,47.555816],[-107.926205,47.565185],[-107.931105,47.569073],[-107.944341,47.566326],[-107.96158,47.569875],[-107.96591,47.578486],[-107.985263,47.588717],[-108.005689,47.582183],[-108.024056,47.582346],[-108.062975,47.598418],[-108.083861,47.591143],[-108.131827,47.593974],[-108.147544,47.583642],[-108.171466,47.57994],[-108.19957,47.589725],[-108.24261,47.582184],[-108.259619,47.587987],[-108.282375,47.579615],[-108.323904,47.58544],[-108.332978,47.582719],[-108.32418,47.575278],[-108.326383,47.570761],[-108.3489,47.566684],[-108.354044,47.578869],[-108.377853,47.577607],[-108.379423,47.586741],[-108.391857,47.5938],[-108.404464,47.595058],[-108.412458,47.5849],[-108.42828,47.586241],[-108.422361,47.600924],[-108.426587,47.604866],[-108.439342,47.602479],[-108.438348,47.610654],[-108.444936,47.615351],[-108.456908,47.615726],[-108.463169,47.605434],[-108.477325,47.597402],[-108.505486,47.599934],[-108.510376,47.602396],[-108.508601,47.611562],[-108.527063,47.621103],[-108.538516,47.61394],[-108.572422,47.609483],[-108.610972,47.624329],[-108.628442,47.619656],[-108.6714,47.619556],[-108.686034,47.631114],[-108.70872,47.632121],[-108.715457,47.644004],[-108.727883,47.649887],[-108.755437,47.643842],[-108.771619,47.645523],[-108.78982,47.662943],[-108.782298,47.672106],[-108.78406,47.682104],[-108.821449,47.709084],[-108.891115,47.734456],[-108.891069,47.870608]]]}},{"type":"Feature","properties":{"GEOID":"30043","NAME":"Jefferson","state":"MT","wildfire_risk_score":89.059,"wildfire_eal_total":1328568.56,"risk_band":"High","source":"FEMA National Risk Index v1.20 (December 2025)"},"geometry":{"type":"Polygon","coordinates":[[[-112.597936,46.236894],[-112.579659,46.241824],[-112.559268,46.263318],[-112.557571,46.277762],[-112.572403,46.296639],[-112.570046,46.304972],[-112.556296,46.30747],[-112.532675,46.335147],[-112.522684,46.32993],[-112.503954,46.330196],[-112.5002,46.341073],[-112.490621,46.3423],[-112.471736,46.340552],[-112.464611,46.328863],[-112.454085,46.328932],[-112.449521,46.334098],[-112.450408,46.351263],[-112.436279,46.351055],[-112.426005,46.357464],[-112.426093,46.36898],[-112.414647,46.37152],[-112.417548,46.376658],[-112.403784,46.386566],[-112.35006,46.385068],[-112.336737,46.404067],[-112.306698,46.422923],[-112.268397,46.414961],[-112.225888,46.431376],[-112.215251,46.450423],[-112.187354,46.449931],[-112.176235,46.456342],[-112.179743,46.470966],[-112.20319,46.479903],[-112.200595,46.485722],[-112.205757,46.499748],[-112.183801,46.501106],[-112.134319,46.522116],[-112.120845,46.51473],[-112.084838,46.51673],[-112.063232,46.523716],[-112.033615,46.543127],[-112.029412,46.557817],[-112.033535,46.565001],[-112.029231,46.568805],[-111.787949,46.569465],[-111.784565,46.049813],[-111.660422,46.049192],[-111.660057,45.8335],[-111.664957,45.833081],[-111.661254,45.828261],[-111.680834,45.821582],[-111.705467,45.795738],[-111.726992,45.793468],[-111.755855,45.804233],[-111.78821,45.792512],[-111.805259,45.798306],[-111.810637,45.812938],[-111.821358,45.813024],[-111.834429,45.820174],[-111.872147,45.818027],[-111.884542,45.830597],[-111.910327,45.828563],[-111.914092,45.8319],[-111.90958,45.839006],[-111.930143,45.857621],[-111.984039,45.846493],[-111.996486,45.851613],[-112.00592,45.850071],[-112.007743,45.855891],[-112.022865,45.858781],[-112.049124,45.854567],[-112.046667,45.849547],[-112.085801,45.851101],[-112.095857,45.83847],[-112.107034,45.840845],[-112.104763,45.838677],[-112.110646,45.837862],[-112.110725,45.833821],[-112.11796,45.83411],[-112.114342,45.829955],[-112.118808,45.812735],[-112.112238,45.805518],[-112.133236,45.788036],[-112.138352,45.769867],[-112.155337,45.755746],[-112.18538,45.747368],[-112.214605,45.765553],[-112.241536,45.772241],[-112.254831,45.770888],[-112.274352,45.791341],[-112.283252,45.790698],[-112.414212,45.836684],[-112.426464,45.843725],[-112.430512,45.853859],[-112.404349,45.888049],[-112.409264,45.901923],[-112.421306,45.910998],[-112.416328,45.922189],[-112.431317,45.929522],[-112.436223,45.938992],[-112.430331,45.944819],[-112.433606,45.95218],[-112.429902,45.958362],[-112.438258,45.967658],[-112.445454,45.997803],[-112.442857,46.00936],[-112.435848,46.014276],[-112.444971,46.03378],[-112.473785,46.042108],[-112.472396,46.048078],[-112.476952,46.051715],[-112.461793,46.07575],[-112.470796,46.082497],[-112.466304,46.092727],[-112.503097,46.113672],[-112.501745,46.121147],[-112.514462,46.124884],[-112.520093,46.137265],[-112.512973,46.153233],[-112.517036,46.165867],[-112.505377,46.184317],[-112.526201,46.184928],[-112.540217,46.174792],[-112.552623,46.179382],[-112.560002,46.175484],[-112.577106,46.178981],[-112.582112,46.198686],[-112.574278,46.214848],[-112.592835,46.22542],[-112.597936,46.236894]]]}},{"type":"Feature","properties":{"GEOID":"30093","NAME":"Silver Bow","state":"MT","wildfire_risk_score":80.725,"wildfire_eal_total":526609.14,"risk_band":"Moderate","source":"FEMA National Risk Index v1.20 (December 2025)"},"geometry":{"type":"Polygon","coordinates":[[[-113.085517,45.860648],[-113.060777,45.869716],[-113.052749,45.867046],[-113.024083,45.871393],[-113.013564,45.883915],[-112.983543,45.892487],[-112.982284,45.897117],[-112.965254,45.90554],[-112.968785,45.913401],[-112.96021,45.922587],[-112.928661,45.927071],[-112.923225,45.934768],[-112.932264,45.952984],[-112.932027,45.963016],[-112.938401,45.968412],[-112.937068,45.981345],[-112.941716,45.987172],[-112.938729,45.993373],[-112.927825,45.997266],[-112.922793,46.004811],[-112.877993,45.999416],[-112.868124,46.010334],[-112.870103,46.028215],[-112.852763,46.048434],[-112.777717,46.048313],[-112.77712,46.135826],[-112.681004,46.135672],[-112.67951,46.140538],[-112.656229,46.152864],[-112.640138,46.17434],[-112.621896,46.173197],[-112.615227,46.165391],[-112.604917,46.170196],[-112.594412,46.165238],[-112.593893,46.171324],[-112.577106,46.178981],[-112.560002,46.175484],[-112.552623,46.179382],[-112.540217,46.174792],[-112.526201,46.184928],[-112.505377,46.184317],[-112.517036,46.165867],[-112.512973,46.153233],[-112.520093,46.137265],[-112.514462,46.124884],[-112.501745,46.121147],[-112.503097,46.113672],[-112.466304,46.092727],[-112.470796,46.082497],[-112.461793,46.07575],[-112.476952,46.051715],[-112.472396,46.048078],[-112.472255,46.039063],[-112.462319,46.039452],[-112.441988,46.029479],[-112.435848,46.014276],[-112.442857,46.00936],[-112.445454,45.997803],[-112.438258,45.967658],[-112.429902,45.958362],[-112.433606,45.95218],[-112.430331,45.944819],[-112.436223,45.938992],[-112.431317,45.929522],[-112.416328,45.922189],[-112.421306,45.910998],[-112.409264,45.901923],[-112.404349,45.888049],[-112.430512,45.853859],[-112.426464,45.843725],[-112.283252,45.790698],[-112.274352,45.791341],[-112.254831,45.770888],[-112.241536,45.772241],[-112.214605,45.765553],[-112.189986,45.749534],[-112.461816,45.742584],[-112.485311,45.759007],[-112.498432,45.759765],[-112.515453,45.746702],[-112.523998,45.731098],[-112.525912,45.704882],[-112.549953,45.684158],[-112.577565,45.678144],[-112.60066,45.661264],[-112.687054,45.624854],[-112.699905,45.642663],[-112.692273,45.656407],[-112.701192,45.67654],[-112.723906,45.675575],[-112.726199,45.682454],[-112.747716,45.696098],[-112.735998,45.702064],[-112.753649,45.71146],[-112.747754,45.729421],[-112.758271,45.734084],[-112.759339,45.748209],[-112.779325,45.754567],[-112.784782,45.763479],[-112.799207,45.75876],[-112.823566,45.774252],[-112.855172,45.779797],[-112.866371,45.77726],[-112.884734,45.789258],[-112.90431,45.780807],[-112.931134,45.802481],[-112.945329,45.799029],[-112.988743,45.808615],[-112.997176,45.806568],[-113.002041,45.815887],[-113.020731,45.822352],[-113.021657,45.828611],[-113.03821,45.832273],[-113.064907,45.85069],[-113.082638,45.853827],[-113.085517,45.860648]]]}},{"type":"Feature","properties":{"GEOID":"30003","NAME":"Big Horn","state":"MT","wildfire_risk_score":94.847,"wildfire_eal_total":1954818.34,"risk_band":"High","source":"FEMA National Risk Index v1.20 (December 2025)"},"geometry":{"type":"Polygon","coordinates":[[[-108.69962,45.348946],[-108.685733,45.391854],[-108.682223,45.433132],[-108.645325,45.464073],[-108.316374,45.460509],[-108.316245,45.489503],[-108.193191,45.489526],[-108.193205,45.518538],[-108.069752,45.518535],[-108.069572,45.783507],[-108.047559,45.783476],[-108.047352,45.899479],[-107.881846,45.899233],[-107.881873,45.928149],[-107.840375,45.928018],[-107.84038,45.956812],[-107.798821,45.956723],[-107.798753,45.98568],[-107.674468,45.985759],[-107.674454,46.04361],[-107.424929,46.043374],[-107.425128,45.956674],[-107.176358,45.956761],[-107.17636,45.913323],[-107.051946,45.913489],[-107.052159,45.870052],[-106.939095,45.870041],[-106.939077,45.831608],[-106.877217,45.831714],[-106.877116,45.788217],[-106.9128,45.788221],[-106.912959,45.683915],[-106.846491,45.683828],[-106.846476,45.676587],[-106.727573,45.676469],[-106.729543,45.35148],[-106.768676,45.352826],[-106.768014,45.179728],[-106.263684,45.179723],[-106.263715096083,44.9937884502354],[-107.483747,45.001426],[-108.249411984913,44.9999033618024],[-108.246429,45.006035],[-108.25863,45.007576],[-108.254081,45.018058],[-108.248116,45.020551],[-108.25049,45.028736],[-108.24467,45.041761],[-108.235084,45.047885],[-108.220828,45.047429],[-108.222061,45.052601],[-108.237939,45.055261],[-108.239601,45.062506],[-108.227761,45.064181],[-108.229868,45.07073],[-108.220202,45.078342],[-108.217518,45.094115],[-108.206621,45.094372],[-108.201803,45.104787],[-108.198463,45.099619],[-108.18913,45.099679],[-108.187793,45.107911],[-108.198021,45.113424],[-108.182955,45.113977],[-108.181629,45.124464],[-108.18928,45.130712],[-108.169872,45.132748],[-108.163949,45.137986],[-108.171838,45.144712],[-108.169206,45.148518],[-108.174051,45.158217],[-108.158639,45.163803],[-108.168395,45.170815],[-108.16085,45.172674],[-108.153384,45.167843],[-108.147766,45.185114],[-108.129739,45.183838],[-108.14565,45.192613],[-108.13044,45.194844],[-108.136709,45.202644],[-108.125898,45.210535],[-108.128538,45.217786],[-108.11322,45.216095],[-108.098054,45.220517],[-108.699616,45.217709],[-108.696402,45.320364],[-108.69962,45.348946]]]}},{"type":"Feature","properties":{"GEOID":"30019","NAME":"Daniels","state":"MT","wildfire_risk_score":37.818,"wildfire_eal_total":29732.57,"risk_band":"Low","source":"FEMA National Risk Index v1.20 (December 2025)"},"geometry":{"type":"Polygon","coordinates":[[[-106.15193,48.910637],[-106.112003,48.910647],[-106.1120637647,48.9992794389196],[-105.057634998852,48.9992288786173],[-105.057742,48.910522],[-105.038171,48.910512],[-105.038548,48.650099],[-104.973283,48.65006],[-104.973354,48.56319],[-106.01982,48.563221],[-106.021251,48.823975],[-106.151908,48.823927],[-106.15193,48.910637]]]}},{"type":"Feature","properties":{"GEOID":"30041","NAME":"Hill","state":"MT","wildfire_risk_score":62.786,"wildfire_eal_total":82537.0,"risk_band":"Low","source":"FEMA National Risk Index v1.20 (December 2025)"},"geometry":{"type":"Polygon","coordinates":[[[-110.756177,48.566492],[-110.750113,48.566516],[-110.750595,48.914088],[-110.742698,48.914089],[-110.743064,48.9985575021156],[-109.489553083702,49.0006056734615],[-109.489627,48.913968],[-109.505514,48.913911],[-109.505333,48.56791],[-109.496882,48.567914],[-109.496881,48.525207],[-109.464318,48.52526],[-109.464318,48.452638],[-109.49673,48.45273],[-109.497028,48.394739],[-109.51878,48.394726],[-109.51908,48.293457],[-109.551644,48.293479],[-109.551758,48.221373],[-109.533938,48.221317],[-109.534295,48.134564],[-109.726914,48.132859],[-109.726943,48.221525],[-109.845812,48.219004],[-109.845932,48.305971],[-110.625409,48.306479],[-110.625543,48.219731],[-110.755873,48.219601],[-110.756177,48.566492]]]}},{"type":"Feature","properties":{"GEOID":"30067","NAME":"Park","state":"MT","wildfire_risk_score":93.511,"wildfire_eal_total":2704789.71,"risk_band":"High","source":"FEMA National Risk Index v1.20 (December 2025)"},"geometry":{"type":"Polygon","coordinates":[[[-111.04661,45.176327],[-111.038613,45.176379],[-111.038169,45.351391],[-110.917899,45.351273],[-110.919222,45.524861],[-110.858252,45.524879],[-110.857382,45.59065],[-110.794774,45.590682],[-110.795264,45.786319],[-110.789399,45.786308],[-110.789129,45.800776],[-110.790767,46.141846],[-110.784031,46.141826],[-110.783833,46.192699],[-110.409271,46.192065],[-110.409283,46.184368],[-110.281916,46.184397],[-110.281898,46.13384],[-110.292752,46.133849],[-110.292662,45.785057],[-110.220908,45.784973],[-110.219412,45.348799],[-110.228243,45.348755],[-110.228052,45.172129],[-109.798666,45.172128],[-109.798485808248,45.0022542953343],[-110.105776,45.003533],[-110.183221,44.996953],[-110.407116,44.999496],[-110.445743,44.993682],[-110.704476,44.992174],[-110.790119,45.000883],[-111.045066048714,45.0009308540398],[-111.04661,45.176327]]]}},{"type":"Feature","properties":{"GEOID":"30091","NAME":"Sheridan","state":"MT","wildfire_risk_score":51.209,"wildfire_eal_total":42541.34,"risk_band":"Low","source":"FEMA National Risk Index v1.20 (December 2025)"},"geometry":{"type":"Polygon","coordinates":[[[-105.057634998852,48.9992288786173],[-104.048736,48.999877],[-104.046910625118,48.3892985761957],[-104.62776,48.389362],[-104.627726,48.476349],[-104.757643,48.476556],[-104.757619,48.563127],[-104.973354,48.56319],[-104.973283,48.65006],[-105.038548,48.650099],[-105.038171,48.910512],[-105.057742,48.910522],[-105.057634998852,48.9992288786173]]]}},{"type":"Feature","properties":{"GEOID":"30079","NAME":"Prairie","state":"MT","wildfire_risk_score":60.973,"wildfire_eal_total":67468.61,"risk_band":"Low","source":"FEMA National Risk Index v1.20 (December 2025)"},"geometry":{"type":"Polygon","coordinates":[[[-106.086777,47.180938],[-105.959819,47.181],[-105.959897,47.092968],[-105.832637,47.093109],[-105.833044,47.181092],[-105.324853,47.181496],[-105.324757,46.977196],[-105.196735,46.977172],[-105.197011,46.919192],[-105.069524,46.919172],[-105.069583,46.905275],[-105.048831,46.905229],[-105.048789,46.890683],[-105.027542,46.890581],[-105.027526,46.861457],[-104.603766,46.860853],[-104.603395,46.831867],[-104.607307,46.831877],[-104.606835,46.655968],[-104.732843,46.656264],[-104.733059,46.612695],[-104.858738,46.612557],[-104.858749,46.569115],[-104.98474,46.569386],[-104.984714,46.540389],[-105.239238,46.541188],[-105.239058,46.570265],[-105.449196,46.570967],[-105.449406,46.600011],[-105.491919,46.600085],[-105.492002,46.658117],[-105.576063,46.658003],[-105.576394,46.745021],[-105.618097,46.744932],[-105.618158,46.832148],[-105.832631,46.83196],[-105.832674,46.86082],[-106.086585,46.86029],[-106.086777,47.180938]]]}},{"type":"Feature","properties":{"GEOID":"30107","NAME":"Wheatland","state":"MT","wildfire_risk_score":51.018,"wildfire_eal_total":41196.32,"risk_band":"Low","source":"FEMA National Risk Index v1.20 (December 2025)"},"geometry":{"type":"Polygon","coordinates":[[[-110.281414,46.482103],[-110.281471,46.489826],[-110.272998,46.48983],[-110.273337,46.710509],[-110.269707,46.712116],[-110.210301,46.708664],[-110.195893,46.725572],[-110.161018,46.716559],[-110.131219,46.718068],[-110.12099,46.722752],[-110.118777,46.736435],[-110.102839,46.743987],[-110.052716,46.749623],[-110.028992,46.736207],[-109.969221,46.752909],[-109.915639,46.730325],[-109.903746,46.729818],[-109.867022,46.710326],[-109.845162,46.710814],[-109.831496,46.70436],[-109.83017,46.696495],[-109.819866,46.693446],[-109.389163,46.693625],[-109.388548,46.490638],[-109.403544,46.490657],[-109.402906,46.219706],[-110.281971,46.220605],[-110.281414,46.482103]]]}},{"type":"Feature","properties":{"GEOID":"30017","NAME":"Custer","state":"MT","wildfire_risk_score":85.369,"wildfire_eal_total":550221.63,"risk_band":"Moderate","source":"FEMA National Risk Index v1.20 (December 2025)"},"geometry":{"type":"Polygon","coordinates":[[[-106.191524,45.869765],[-106.191629,46.137183],[-106.153433,46.13726],[-106.155143,46.483634],[-106.120366,46.483648],[-106.12063,46.831438],[-106.086341,46.831462],[-106.086585,46.86029],[-105.832674,46.86082],[-105.832631,46.83196],[-105.618158,46.832148],[-105.618097,46.744932],[-105.576394,46.745021],[-105.576063,46.658003],[-105.492002,46.658117],[-105.491919,46.600085],[-105.449406,46.600011],[-105.449196,46.570967],[-105.239058,46.570265],[-105.239238,46.541188],[-104.984714,46.540389],[-104.98474,46.569386],[-104.858749,46.569115],[-104.858738,46.612557],[-104.733059,46.612695],[-104.732672,46.482202],[-104.905988,46.482251],[-104.905313,46.313333],[-104.885577,46.313346],[-104.885495,46.136595],[-104.939205,46.136575],[-104.939289,45.786964],[-106.191734,45.7886],[-106.191524,45.869765]]]}},{"type":"Feature","properties":{"GEOID":"30033","NAME":"Garfield","state":"MT","wildfire_risk_score":78.34,"wildfire_eal_total":398226.52,"risk_band":"Moderate","source":"FEMA National Risk Index v1.20 (December 2025)"},"geometry":{"type":"Polygon","coordinates":[[[-107.968626,47.249823],[-107.961265,47.257192],[-107.95286,47.253107],[-107.947585,47.259088],[-107.963265,47.264124],[-107.956662,47.271649],[-107.951784,47.267028],[-107.95413,47.274631],[-107.964473,47.275385],[-107.962079,47.280629],[-107.946981,47.282945],[-107.964406,47.28927],[-107.94611,47.300448],[-107.956801,47.303871],[-107.955949,47.310666],[-107.934961,47.318369],[-107.943497,47.323662],[-107.944517,47.320195],[-107.954354,47.32267],[-107.956295,47.316828],[-107.957176,47.322663],[-107.951894,47.326029],[-107.963887,47.328911],[-107.955314,47.337074],[-107.956761,47.341534],[-107.951002,47.340876],[-107.963887,47.354012],[-107.952251,47.354369],[-107.957571,47.360019],[-107.939077,47.368092],[-107.943516,47.376898],[-107.929438,47.377577],[-107.936299,47.386617],[-107.924801,47.386678],[-107.926655,47.395009],[-107.909603,47.40158],[-107.909258,47.414182],[-107.920572,47.416167],[-107.908814,47.419173],[-107.913535,47.425084],[-107.909933,47.428984],[-107.912206,47.434347],[-107.920308,47.438341],[-107.913795,47.441732],[-107.923011,47.444781],[-107.90912,47.450692],[-107.860944,47.457048],[-107.868972,47.477658],[-107.849894,47.490462],[-107.864808,47.50795],[-107.862879,47.515387],[-107.847448,47.520299],[-107.839431,47.534405],[-107.822031,47.545179],[-107.801411,47.543611],[-107.790376,47.554538],[-107.777095,47.543346],[-107.765854,47.545435],[-107.759362,47.553225],[-107.762992,47.563648],[-107.732268,47.571874],[-107.731521,47.58541],[-107.709522,47.60026],[-107.695073,47.621001],[-107.695668,47.628986],[-107.671173,47.629892],[-107.660751,47.620197],[-107.648861,47.625374],[-107.646121,47.642149],[-107.654416,47.652563],[-107.638985,47.649626],[-107.619619,47.631331],[-107.610852,47.647369],[-107.59425,47.649731],[-107.567572,47.642964],[-107.553672,47.646348],[-107.520788,47.642919],[-107.499344,47.624005],[-107.451508,47.622141],[-107.434698,47.631407],[-107.439025,47.64799],[-107.424165,47.65298],[-107.419745,47.662295],[-107.428528,47.676526],[-107.417346,47.690677],[-107.409161,47.692506],[-107.366193,47.692347],[-107.336667,47.681123],[-107.284283,47.680446],[-107.249,47.661566],[-107.17669,47.661665],[-107.158817,47.667788],[-107.114109,47.669026],[-107.028974,47.660437],[-107.011358,47.663111],[-106.993521,47.674637],[-106.965922,47.671692],[-106.94455,47.676289],[-106.925557,47.66947],[-106.892753,47.674818],[-106.87968,47.678952],[-106.870039,47.69414],[-106.879193,47.720686],[-106.853714,47.740316],[-106.790073,47.74339],[-106.763477,47.732202],[-106.746573,47.731316],[-106.731699,47.735075],[-106.717698,47.747398],[-106.710823,47.758037],[-106.710492,47.773236],[-106.687175,47.776989],[-106.66556,47.769802],[-106.655312,47.779776],[-106.654139,47.788785],[-106.642775,47.793053],[-106.621789,47.790855],[-106.609813,47.777234],[-106.60223,47.78698],[-106.608369,47.806714],[-106.566289,47.814958],[-106.557789,47.825489],[-106.562383,47.843391],[-106.528095,47.851702],[-106.527141,47.860976],[-106.541872,47.869983],[-106.542707,47.875827],[-106.526072,47.881428],[-106.508186,47.880216],[-106.510062,47.891155],[-106.53081,47.903562],[-106.519566,47.911936],[-106.498523,47.914524],[-106.489428,47.927382],[-106.495285,47.943319],[-106.510097,47.948096],[-106.506471,47.953542],[-106.497713,47.960443],[-106.455932,47.968512],[-106.450062,47.981973],[-106.436035,47.981315],[-106.428958,47.976176],[-106.43405,47.961363],[-106.426686,47.953783],[-106.41862,47.957457],[-106.358288,47.957216],[-106.358085,47.868412],[-106.260932,47.868431],[-106.261121,47.529052],[-106.298073,47.529041],[-106.298158,47.354298],[-106.170675,47.354495],[-106.17042,47.180826],[-106.086777,47.180938],[-106.086463,46.845881],[-106.720237,46.845176],[-106.720157,46.859603],[-107.467748,46.859254],[-107.46777,46.85116],[-107.901462,46.852498],[-107.907221,46.857198],[-107.900562,46.865719],[-107.919622,46.866818],[-107.916478,46.875545],[-107.939276,46.876241],[-107.941329,46.883163],[-107.936647,46.887389],[-107.941377,46.893723],[-107.930191,46.899405],[-107.934214,46.904826],[-107.928536,46.908326],[-107.934028,46.917275],[-107.917217,46.920934],[-107.929389,46.926815],[-107.915376,46.930911],[-107.928377,46.933644],[-107.904808,46.938458],[-107.915923,46.941582],[-107.91629,46.946346],[-107.904946,46.955166],[-107.911035,46.960824],[-107.904526,46.962454],[-107.915692,46.970008],[-107.889153,46.976827],[-107.897267,46.982932],[-107.885056,46.983959],[-107.89123,46.99024],[-107.890337,46.996342],[-107.882514,46.999355],[-107.889793,47.002719],[-107.890745,47.01047],[-107.895672,47.007419],[-107.902796,47.021435],[-107.910565,47.012786],[-107.922009,47.020744],[-107.913067,47.028962],[-107.901813,47.029887],[-107.909693,47.031828],[-107.907939,47.039749],[-107.927754,47.046803],[-107.919477,47.049851],[-107.928096,47.053797],[-107.91613,47.060122],[-107.922726,47.060421],[-107.924737,47.065524],[-107.913912,47.069243],[-107.926754,47.06942],[-107.917848,47.079376],[-107.922202,47.082317],[-107.928392,47.083088],[-107.93142,47.076411],[-107.933535,47.08424],[-107.944238,47.084823],[-107.933162,47.088665],[-107.934089,47.09756],[-107.942391,47.106409],[-107.953788,47.107333],[-107.93771,47.114395],[-107.932386,47.109954],[-107.930961,47.114885],[-107.960582,47.125333],[-107.955584,47.134834],[-107.952037,47.130335],[-107.941123,47.137787],[-107.956215,47.139335],[-107.938512,47.142216],[-107.954867,47.158578],[-107.943886,47.161195],[-107.941273,47.153312],[-107.937021,47.153573],[-107.946253,47.169548],[-107.941861,47.171652],[-107.931518,47.165479],[-107.928398,47.16891],[-107.934118,47.173543],[-107.922932,47.179485],[-107.93143,47.183054],[-107.934818,47.176735],[-107.939043,47.181431],[-107.931837,47.186824],[-107.939784,47.18947],[-107.932296,47.193029],[-107.9514,47.195056],[-107.938986,47.204977],[-107.937383,47.216248],[-107.9473,47.220605],[-107.94322,47.223422],[-107.949668,47.228416],[-107.953198,47.223596],[-107.961083,47.225429],[-107.964507,47.231631],[-107.956592,47.227636],[-107.955371,47.232882],[-107.961768,47.237668],[-107.949512,47.237982],[-107.94905,47.243383],[-107.968626,47.249823]]]}},{"type":"Feature","properties":{"GEOID":"30011","NAME":"Carter","state":"MT","wildfire_risk_score":73.823,"wildfire_eal_total":310870.33,"risk_band":"Moderate","source":"FEMA National Risk Index v1.20 (December 2025)"},"geometry":{"type":"Polygon","coordinates":[[[-105.038287,45.265048],[-105.038205,45.352035],[-104.987318,45.35204],[-104.987306,45.442759],[-104.981451,45.442759],[-104.98194,45.786982],[-104.939289,45.786964],[-104.939205,46.136575],[-104.516126,46.136196],[-104.516078,46.054844],[-104.390744,46.054826],[-104.390876,45.970363],[-104.134842,45.968833],[-104.134826,45.881928],[-104.04403,45.881975],[-104.039694,44.99807],[-105.038249000584,45.000103600584],[-105.038287,45.265048]]]}},{"type":"Feature","properties":{"GEOID":"30109","NAME":"Wibaux","state":"MT","wildfire_risk_score":41.858,"wildfire_eal_total":38617.66,"risk_band":"Low","source":"FEMA National Risk Index v1.20 (December 2025)"},"geometry":{"type":"Polygon","coordinates":[[[-104.607307,46.831877],[-104.603395,46.831867],[-104.603766,46.860853],[-104.496582,46.860813],[-104.496581,46.868055],[-104.48603,46.868024],[-104.486034,46.875266],[-104.464947,46.875204],[-104.464939,46.882435],[-104.454409,46.882417],[-104.454413,46.88966],[-104.433233,46.88961],[-104.433241,46.904095],[-104.412124,46.904003],[-104.412117,46.918586],[-104.401564,46.918585],[-104.401536,46.93307],[-104.390975,46.933079],[-104.390961,46.940325],[-104.380398,46.940317],[-104.380386,46.947574],[-104.369824,46.947576],[-104.369801,46.962057],[-104.359201,46.962078],[-104.359173,46.976582],[-104.348567,46.976596],[-104.348547,46.991085],[-104.337931,46.99117],[-104.337871,47.005771],[-104.327241,47.005803],[-104.327277,47.041967],[-104.306062,47.042046],[-104.305747,47.136815],[-104.31637,47.136863],[-104.316166,47.18054],[-104.320728,47.180538],[-104.320654,47.194898],[-104.331316,47.194862],[-104.33118,47.216506],[-104.341804,47.2165],[-104.34168,47.245392],[-104.352315,47.245391],[-104.352284,47.252619],[-104.362919,47.252621],[-104.362904,47.259851],[-104.373545,47.259837],[-104.373515,47.274291],[-104.387164,47.274256],[-104.387266,47.288716],[-104.397921,47.288758],[-104.397886,47.296016],[-104.408516,47.296014],[-104.40851,47.303232],[-104.419293,47.303343],[-104.41941,47.310588],[-104.43034,47.310713],[-104.430045,47.317949],[-104.451018,47.317629],[-104.422632,47.344982],[-104.420347,47.354435],[-104.131863,47.353901],[-104.131508,47.397403],[-104.045065376246,47.3970661515231],[-104.045271165876,46.6415039833225],[-104.354835,46.641409],[-104.354701,46.670381],[-104.418001,46.670435],[-104.417998,46.684892],[-104.607017,46.684926],[-104.607307,46.831877]]]}},{"type":"Feature","properties":{"GEOID":"30065","NAME":"Musselshell","state":"MT","wildfire_risk_score":91.921,"wildfire_eal_total":1403018.7,"risk_band":"High","source":"FEMA National Risk Index v1.20 (December 2025)"},"geometry":{"type":"Polygon","coordinates":[[[-109.00957,46.750702],[-108.379299,46.749555],[-108.261779,46.754232],[-107.827687,46.755875],[-107.825451,46.748165],[-107.813427,46.743319],[-107.816433,46.737551],[-107.807637,46.732399],[-107.814816,46.726453],[-107.827665,46.725747],[-107.826002,46.720459],[-107.819106,46.720138],[-107.826004,46.71413],[-107.816882,46.708428],[-107.822949,46.703141],[-107.814075,46.701012],[-107.808681,46.69327],[-107.803427,46.695953],[-107.792939,46.67983],[-107.800966,46.670128],[-107.796839,46.665298],[-107.808655,46.662646],[-107.805884,46.654365],[-107.813713,46.656187],[-107.821054,46.645459],[-107.817496,46.644893],[-107.820493,46.639182],[-107.811187,46.639676],[-107.815101,46.62671],[-107.822495,46.623054],[-107.817611,46.613479],[-107.830215,46.608679],[-107.82615,46.60522],[-107.837732,46.596647],[-107.795473,46.596652],[-107.796755,46.495874],[-107.781214,46.496014],[-107.782087,46.395182],[-107.928547,46.395284],[-107.9285,46.380796],[-107.949395,46.380596],[-107.949322,46.36606],[-107.970165,46.365967],[-107.970009,46.351474],[-107.991101,46.35147],[-107.990834,46.337014],[-108.011948,46.336813],[-108.011597,46.307822],[-108.02933,46.307841],[-108.029363,46.264055],[-108.320812,46.263997],[-108.320952,46.249664],[-108.362927,46.25003],[-108.36294,46.235584],[-108.404856,46.23596],[-108.404795,46.132952],[-108.779733,46.132457],[-108.779272,46.277398],[-108.800141,46.277405],[-108.800203,46.306441],[-108.821129,46.306456],[-108.821158,46.321013],[-108.83161,46.320999],[-108.831262,46.350091],[-108.841724,46.350064],[-108.841331,46.364563],[-108.862277,46.364586],[-108.860801,46.451665],[-108.881795,46.45173],[-108.880114,46.489737],[-108.905259,46.489805],[-108.904904,46.576908],[-108.988995,46.577851],[-108.988727,46.62124],[-109.009982,46.621172],[-109.00957,46.750702]]]}},{"type":"Feature","properties":{"GEOID":"30021","NAME":"Dawson","state":"MT","wildfire_risk_score":59.574,"wildfire_eal_total":74260.32,"risk_band":"Low","source":"FEMA National Risk Index v1.20 (December 2025)"},"geometry":{"type":"Polygon","coordinates":[[[-105.406581,47.529534],[-105.363507,47.529558],[-105.363262,47.790419],[-105.234771,47.790502],[-105.235016,47.703581],[-104.97809,47.703293],[-104.978553,47.616272],[-104.593664,47.616294],[-104.594046,47.529335],[-104.513049,47.529442],[-104.513292,47.354719],[-104.420347,47.354435],[-104.422632,47.344982],[-104.451018,47.317629],[-104.430045,47.317949],[-104.43034,47.310713],[-104.41941,47.310588],[-104.419293,47.303343],[-104.40851,47.303232],[-104.408516,47.296014],[-104.397886,47.296016],[-104.397921,47.288758],[-104.387266,47.288716],[-104.387164,47.274256],[-104.373515,47.274291],[-104.373545,47.259837],[-104.362904,47.259851],[-104.362919,47.252621],[-104.352284,47.252619],[-104.352315,47.245391],[-104.34168,47.245392],[-104.341804,47.2165],[-104.33118,47.216506],[-104.331316,47.194862],[-104.320654,47.194898],[-104.320728,47.180538],[-104.316166,47.18054],[-104.31637,47.136863],[-104.305747,47.136815],[-104.306062,47.042046],[-104.327277,47.041967],[-104.327241,47.005803],[-104.337871,47.005771],[-104.337931,46.99117],[-104.348547,46.991085],[-104.348567,46.976596],[-104.359173,46.976582],[-104.359201,46.962078],[-104.369801,46.962057],[-104.369824,46.947576],[-104.380386,46.947574],[-104.380398,46.940317],[-104.390961,46.940325],[-104.390975,46.933079],[-104.401536,46.93307],[-104.401564,46.918585],[-104.412117,46.918586],[-104.412124,46.904003],[-104.433241,46.904095],[-104.433233,46.88961],[-104.454413,46.88966],[-104.454409,46.882417],[-104.464939,46.882435],[-104.464947,46.875204],[-104.486034,46.875266],[-104.48603,46.868024],[-104.496581,46.868055],[-104.496582,46.860813],[-105.027526,46.861457],[-105.027542,46.890581],[-105.048789,46.890683],[-105.048831,46.905229],[-105.069583,46.905275],[-105.069524,46.919172],[-105.197011,46.919192],[-105.196735,46.977172],[-105.324757,46.977196],[-105.324853,47.181496],[-105.406309,47.181583],[-105.406581,47.529534]]]}},{"type":"Feature","properties":{"GEOID":"30025","NAME":"Fallon","state":"MT","wildfire_risk_score":56.52,"wildfire_eal_total":92617.39,"risk_band":"Low","source":"FEMA National Risk Index v1.20 (December 2025)"},"geometry":{"type":"Polygon","coordinates":[[[-104.905988,46.482251],[-104.732672,46.482202],[-104.732843,46.656264],[-104.606835,46.655968],[-104.606903,46.684924],[-104.417998,46.684892],[-104.418001,46.670435],[-104.354701,46.670381],[-104.354835,46.641409],[-104.045271165876,46.6415039833225],[-104.04403,45.881975],[-104.134826,45.881928],[-104.134842,45.968833],[-104.390876,45.970363],[-104.390744,46.054826],[-104.516078,46.054844],[-104.516126,46.136196],[-104.885495,46.136595],[-104.885577,46.313346],[-104.905313,46.313333],[-104.905988,46.482251]]]}},{"type":"Feature","properties":{"GEOID":"30111","NAME":"Yellowstone","state":"MT","wildfire_risk_score":93.448,"wildfire_eal_total":2919018.63,"risk_band":"High","source":"FEMA National Risk Index v1.20 (December 2025)"},"geometry":{"type":"Polygon","coordinates":[[[-108.924589,46.13237],[-108.404795,46.132952],[-108.404856,46.23596],[-108.36294,46.235584],[-108.362927,46.25003],[-108.320952,46.249664],[-108.320812,46.263997],[-108.029363,46.264055],[-108.02933,46.307841],[-108.011597,46.307822],[-108.011948,46.336813],[-107.990834,46.337014],[-107.991101,46.35147],[-107.970009,46.351474],[-107.970165,46.365967],[-107.949322,46.36606],[-107.949395,46.380596],[-107.9285,46.380796],[-107.928547,46.395284],[-107.782087,46.395182],[-107.781214,46.496014],[-107.754824,46.496043],[-107.754815,46.481804],[-107.738548,46.481806],[-107.738432,46.467556],[-107.717512,46.467508],[-107.717289,46.438507],[-107.696323,46.438477],[-107.6961,46.409482],[-107.675188,46.409433],[-107.675069,46.394936],[-107.654159,46.394888],[-107.654153,46.365951],[-107.633378,46.365993],[-107.633363,46.351525],[-107.612411,46.351557],[-107.612395,46.308113],[-107.591438,46.308156],[-107.591422,46.29365],[-107.570495,46.293652],[-107.570468,46.264705],[-107.549552,46.264717],[-107.549555,46.250222],[-107.528646,46.250245],[-107.528695,46.221227],[-107.507959,46.221294],[-107.507925,46.192283],[-107.487022,46.192296],[-107.487115,46.177794],[-107.466131,46.177774],[-107.466012,46.16078],[-107.47499,46.153138],[-107.462651,46.141426],[-107.475851,46.134233],[-107.466996,46.129995],[-107.46952,46.124986],[-107.484289,46.124401],[-107.474487,46.102996],[-107.486638,46.0991],[-107.484544,46.089155],[-107.497103,46.089422],[-107.494163,46.084077],[-107.503221,46.079952],[-107.500627,46.07132],[-107.51726,46.059873],[-107.517629,46.050042],[-107.511534,46.043403],[-107.674454,46.04361],[-107.674468,45.985759],[-107.798753,45.98568],[-107.798821,45.956723],[-107.84038,45.956812],[-107.840375,45.928018],[-107.881873,45.928149],[-107.881846,45.899233],[-108.047352,45.899479],[-108.047559,45.783476],[-108.069572,45.783507],[-108.069752,45.518535],[-108.193205,45.518538],[-108.193191,45.489526],[-108.316245,45.489503],[-108.316374,45.460509],[-108.698102,45.464072],[-108.699283,45.522629],[-108.760308,45.522831],[-108.760482,45.55192],[-108.801761,45.551965],[-108.802373,45.587518],[-108.795516,45.591006],[-108.798589,45.595447],[-108.789959,45.598647],[-108.793744,45.604873],[-108.78693,45.607913],[-108.789073,45.611607],[-108.782891,45.613142],[-108.782,45.638639],[-108.797787,45.635238],[-108.808463,45.624951],[-108.843016,45.611042],[-108.843145,45.639458],[-108.863707,45.639422],[-108.863836,45.653875],[-108.884427,45.653836],[-108.884764,45.682855],[-108.904837,45.681894],[-108.901655,45.959416],[-108.92233,45.959444],[-108.924589,46.13237]]]}},{"type":"Feature","properties":{"GEOID":"30095","NAME":"Stillwater","state":"MT","wildfire_risk_score":87.055,"wildfire_eal_total":1263680.42,"risk_band":"Moderate","source":"FEMA National Risk Index v1.20 (December 2025)"},"geometry":{"type":"Polygon","coordinates":[[[-110.064581,45.348755],[-109.931984,45.348755],[-109.932025,45.522456],[-109.808841,45.52247],[-109.808793,45.565925],[-109.685385,45.56561],[-109.685385,45.609022],[-109.56207,45.609119],[-109.563907,45.783471],[-109.546551,45.783475],[-109.548822,45.870749],[-109.505963,45.870218],[-109.506604,45.959112],[-109.423026,45.960011],[-109.416227,46.132371],[-108.924589,46.13237],[-108.92233,45.959444],[-108.901655,45.959416],[-108.904837,45.681894],[-108.884764,45.682855],[-108.884427,45.653836],[-108.863836,45.653875],[-108.863707,45.639422],[-108.843145,45.639458],[-108.843016,45.611042],[-108.863405,45.613152],[-108.867669,45.607903],[-108.89137,45.602532],[-108.933844,45.602855],[-108.977944,45.616399],[-109.012944,45.607324],[-109.028807,45.601347],[-109.041364,45.590049],[-109.067734,45.583349],[-109.127757,45.587567],[-109.128225,45.523025],[-109.191551,45.523095],[-109.191761,45.464504],[-109.356417,45.464326],[-109.356454,45.449843],[-109.418352,45.449762],[-109.41831,45.435298],[-109.438586,45.435272],[-109.438524,45.420771],[-109.479697,45.420834],[-109.479707,45.40636],[-109.500318,45.406327],[-109.500319,45.391845],[-109.520884,45.391852],[-109.520873,45.377362],[-109.54139,45.377353],[-109.541381,45.362873],[-109.561924,45.362843],[-109.567657,45.333898],[-109.588222,45.333905],[-109.588185,45.304874],[-109.608831,45.304832],[-109.608504,45.261445],[-109.687857,45.26144],[-109.687792,45.167339],[-109.798673,45.167339],[-109.798666,45.172128],[-110.064518,45.172129],[-110.064581,45.348755]]]}},{"type":"Feature","properties":{"GEOID":"30103","NAME":"Treasure","state":"MT","wildfire_risk_score":63.645,"wildfire_eal_total":146049.62,"risk_band":"Low","source":"FEMA National Risk Index v1.20 (December 2025)"},"geometry":{"type":"Polygon","coordinates":[[[-107.738548,46.481806],[-107.174531,46.482713],[-107.174435,46.468176],[-107.15358,46.468101],[-107.153444,46.395613],[-107.028422,46.39546],[-107.028538,46.306639],[-107.007394,46.305902],[-107.007394,46.134198],[-106.939067,46.136667],[-106.939095,45.870041],[-107.052159,45.870052],[-107.051946,45.913489],[-107.17636,45.913323],[-107.176358,45.956761],[-107.425128,45.956674],[-107.424929,46.043374],[-107.511534,46.043403],[-107.517629,46.050042],[-107.51726,46.059873],[-107.500627,46.07132],[-107.503221,46.079952],[-107.494163,46.084077],[-107.497103,46.089422],[-107.484544,46.089155],[-107.486638,46.0991],[-107.474487,46.102996],[-107.484289,46.124401],[-107.466963,46.127556],[-107.475851,46.134233],[-107.462965,46.139913],[-107.47499,46.153138],[-107.466012,46.16078],[-107.466131,46.177774],[-107.487115,46.177794],[-107.487022,46.192296],[-107.507925,46.192283],[-107.507959,46.221294],[-107.528695,46.221227],[-107.528646,46.250245],[-107.549555,46.250222],[-107.549552,46.264717],[-107.570468,46.264705],[-107.570495,46.293652],[-107.591422,46.29365],[-107.591438,46.308156],[-107.612395,46.308113],[-107.612411,46.351557],[-107.633363,46.351525],[-107.633378,46.365993],[-107.654153,46.365951],[-107.654159,46.394888],[-107.675069,46.394936],[-107.675188,46.409433],[-107.6961,46.409482],[-107.696323,46.438477],[-107.717289,46.438507],[-107.717512,46.467508],[-107.738432,46.467556],[-107.738548,46.481806]]]}},{"type":"Feature","properties":{"GEOID":"30101","NAME":"Toole","state":"MT","wildfire_risk_score":47.901,"wildfire_eal_total":34162.44,"risk_band":"Low","source":"FEMA National Risk Index v1.20 (December 2025)"},"geometry":{"type":"Polygon","coordinates":[[[-112.193409074978,48.9988999207963],[-111.269864027259,48.9972297844707],[-111.275306,48.219531],[-111.665599,48.219549],[-111.665756,48.349456],[-111.795855,48.349812],[-111.79591,48.393081],[-111.990889,48.394265],[-111.990944,48.438546],[-112.008126,48.441862],[-112.004013,48.448644],[-112.013822,48.45066],[-112.020312,48.442349],[-112.025553,48.446351],[-112.019777,48.451523],[-112.038526,48.44616],[-112.036888,48.451789],[-112.043027,48.452872],[-112.046478,48.448709],[-112.06124,48.447818],[-112.064827,48.439702],[-112.064656,48.444936],[-112.073026,48.444071],[-112.070979,48.438912],[-112.077584,48.435369],[-112.08202,48.442586],[-112.097614,48.441139],[-112.099419,48.449961],[-112.113072,48.448664],[-112.116992,48.456909],[-112.122854,48.455891],[-112.125869,48.461941],[-112.132958,48.460389],[-112.133736,48.466861],[-112.152396,48.471397],[-112.153619,48.464571],[-112.159605,48.463641],[-112.175743,48.468356],[-112.177148,48.47547],[-112.184784,48.477578],[-112.184587,48.566466],[-112.189102,48.566473],[-112.189016,48.913989],[-112.193202,48.914023],[-112.193409074978,48.9988999207963]]]}}]}