{"type":"FeatureCollection","metadata":{"state":"SC","boundary_source":"U.S. Census Bureau 2024 Cartographic Boundary File (counties, 1:500,000)","risk_source":"FEMA National Risk Index v1.20 (December 2025)"},"features":[{"type":"Feature","properties":{"GEOID":"45013","NAME":"Beaufort","state":"SC","wildfire_risk_score":90.299,"wildfire_eal_total":1382878.44,"risk_band":"High","source":"FEMA National Risk Index v1.20 (December 2025)"},"geometry":{"type":"Polygon","coordinates":[[[-81.016112,32.244294],[-81.004925,32.250695],[-80.991677,32.267546],[-80.997543,32.28133],[-80.994209,32.290558],[-81.006369,32.306521],[-80.93494,32.300108],[-80.934125,32.321151],[-80.924459,32.350289],[-80.892054,32.353731],[-80.890755,32.347481],[-80.877594,32.345901],[-80.874341,32.359225],[-80.868487,32.363726],[-80.873715,32.369059],[-80.841458,32.385064],[-80.842329,32.394692],[-80.829836,32.410465],[-80.834852,32.414914],[-80.847973,32.411642],[-80.850197,32.416307],[-80.833929,32.45689],[-80.817729,32.46569],[-80.820228,32.490788],[-80.847733,32.530057],[-80.835978,32.544044],[-80.839207,32.557509],[-80.831543,32.593388],[-80.836548,32.608845],[-80.849937,32.616524],[-80.84584,32.62513],[-80.848305,32.632553],[-80.856079,32.634762],[-80.869705,32.660935],[-80.830153,32.70364],[-80.820938,32.696236],[-80.811356,32.697426],[-80.807877,32.689438],[-80.790247,32.684914],[-80.787483,32.688221],[-80.787256,32.682484],[-80.781258,32.681786],[-80.778305,32.68692],[-80.772659,32.676239],[-80.768631,32.681477],[-80.765622,32.675267],[-80.759727,32.679558],[-80.744888,32.674229],[-80.739243,32.682304],[-80.728534,32.673663],[-80.721619,32.680244],[-80.715575,32.673152],[-80.706497,32.673244],[-80.703327,32.664586],[-80.690041,32.667269],[-80.685875,32.672806],[-80.67115,32.671642],[-80.668854,32.663574],[-80.684341,32.659],[-80.681618,32.647083],[-80.676277,32.642494],[-80.664047,32.64566],[-80.658123,32.637614],[-80.673961,32.632908],[-80.675147,32.625182],[-80.669961,32.622465],[-80.654396,32.626877],[-80.659751,32.612683],[-80.647828,32.596371],[-80.630837,32.591725],[-80.625361,32.582341],[-80.618673,32.582239],[-80.609914,32.590029],[-80.599788,32.581047],[-80.579835,32.584273],[-80.576166,32.577761],[-80.584206,32.567728],[-80.565224,32.565488],[-80.566016,32.550943],[-80.558939,32.555209],[-80.5574,32.566197],[-80.551504,32.565769],[-80.536483,32.529224],[-80.51776,32.519136],[-80.502944,32.495652],[-80.4770408344244,32.485446033952],[-80.481297,32.475588],[-80.476882,32.467913],[-80.484617,32.460976],[-80.461534,32.412893],[-80.435565,32.412459],[-80.429218,32.405548],[-80.429291,32.389667],[-80.444214,32.354935],[-80.454005,32.339267],[-80.463642,32.340108],[-80.453296,32.321913],[-80.503885,32.307491],[-80.576243,32.275285],[-80.588464,32.282656],[-80.62369,32.258059],[-80.645388,32.260852],[-80.644794,32.291497],[-80.688527,32.302849],[-80.708145,32.323734],[-80.722216,32.324704],[-80.733637,32.319469],[-80.741002,32.303784],[-80.75345,32.306822],[-80.766038,32.292608],[-80.761257,32.280044],[-80.742361,32.263766],[-80.730121,32.270499],[-80.717796,32.266974],[-80.677845,32.236406],[-80.669166,32.216783],[-80.739939,32.146131],[-80.812503,32.109746],[-80.82153,32.108589],[-80.842424,32.117837],[-80.873798,32.0823],[-80.903801,32.07689],[-80.910545,32.079923],[-80.911701,32.085396],[-80.895659,32.107702],[-80.928313,32.121411],[-80.907254,32.131014],[-80.909456,32.134736],[-80.921158,32.130052],[-80.928535,32.138577],[-80.941319,32.137328],[-80.946908,32.128849],[-80.953436,32.131561],[-80.961468,32.126224],[-80.958002,32.137727],[-80.967254,32.140734],[-80.968959,32.147665],[-80.961019,32.151883],[-80.953016,32.141554],[-80.950513,32.161264],[-80.95762,32.165036],[-80.948593,32.169077],[-80.954107,32.175362],[-80.960225,32.17395],[-80.961815,32.179467],[-80.969319,32.176211],[-80.96239,32.184965],[-80.976589,32.185263],[-80.986931,32.193373],[-80.988455,32.189702],[-80.993812,32.187955],[-80.990441,32.190232],[-81.000138,32.196122],[-80.994227,32.197379],[-80.998245,32.204604],[-81.009961,32.213413],[-81.006577,32.213188],[-81.007561,32.219086],[-81.012368,32.218232],[-81.016112,32.244294]]]}},{"type":"Feature","properties":{"GEOID":"45051","NAME":"Horry","state":"SC","wildfire_risk_score":89.885,"wildfire_eal_total":1141175.49,"risk_band":"High","source":"FEMA National Risk Index v1.20 (December 2025)"},"geometry":{"type":"Polygon","coordinates":[[[-79.338842,33.970494],[-79.331298,33.978995],[-79.331437,33.987738],[-79.328434,33.986756],[-79.332458,33.994997],[-79.328466,34.000163],[-79.321895,34.002288],[-79.315079,33.996506],[-79.307157,34.005929],[-79.30424,34.02283],[-79.307568,34.027685],[-79.29395,34.035722],[-79.287954,34.033064],[-79.27414,34.044054],[-79.265089,34.043982],[-79.25815,34.054055],[-79.247758,34.057081],[-79.248271,34.066444],[-79.242961,34.067958],[-79.239582,34.076753],[-79.248087,34.079452],[-79.250133,34.090371],[-79.241875,34.092737],[-79.243117,34.097523],[-79.234557,34.100778],[-79.230101,34.108818],[-79.220905,34.107744],[-79.218934,34.12676],[-79.214473,34.130586],[-79.210299,34.12726],[-79.205771,34.132973],[-79.207539,34.154839],[-79.202994,34.153168],[-79.197319,34.158687],[-79.19272,34.17545],[-79.176931,34.184793],[-79.173583,34.179534],[-79.153939,34.207207],[-79.144265,34.20622],[-79.142221,34.213914],[-79.133729,34.215673],[-79.134663,34.220849],[-79.130859,34.221557],[-79.135661,34.229126],[-79.132943,34.233177],[-79.128264,34.230743],[-79.126657,34.236142],[-79.134787,34.241023],[-79.126758,34.248279],[-79.126396,34.25727],[-79.120998,34.255053],[-79.109976,34.272438],[-79.093731,34.277962],[-79.09183,34.285131],[-79.086423,34.28504],[-79.08968,34.288772],[-79.086067,34.294956],[-79.078313,34.292736],[-79.0779,34.297224],[-79.0712551379366,34.2993123985096],[-78.547324,33.856483],[-78.55464,33.849168],[-78.591714,33.843432],[-78.697696,33.808002],[-78.795794,33.75506],[-78.843798,33.721329],[-78.91406,33.661616],[-79.0017805194861,33.5726759487036],[-79.01568,33.569108],[-79.016688,33.572282],[-79.101074,33.572969],[-79.096787,33.600349],[-79.09982,33.608997],[-79.10451,33.611144],[-79.109085,33.600326],[-79.121278,33.604775],[-79.123252,33.623239],[-79.133714,33.635664],[-79.129672,33.640642],[-79.134916,33.648509],[-79.127267,33.643627],[-79.12389,33.652188],[-79.12953,33.650146],[-79.136356,33.663807],[-79.141484,33.658587],[-79.1533,33.659385],[-79.151858,33.676201],[-79.157345,33.684777],[-79.175492,33.692246],[-79.180656,33.696835],[-79.176711,33.700855],[-79.191351,33.706506],[-79.1959,33.727886],[-79.220367,33.748288],[-79.218226,33.7551],[-79.233415,33.761801],[-79.236616,33.773914],[-79.248094,33.784415],[-79.25101,33.802536],[-79.255275,33.803492],[-79.25274,33.808236],[-79.260887,33.818852],[-79.248814,33.83116],[-79.264073,33.842526],[-79.256009,33.865356],[-79.263598,33.892466],[-79.28307,33.900724],[-79.286374,33.895243],[-79.295994,33.900696],[-79.295015,33.904352],[-79.299865,33.903817],[-79.303573,33.913974],[-79.312347,33.91823],[-79.306712,33.923901],[-79.311063,33.929933],[-79.306874,33.934788],[-79.316969,33.934143],[-79.311614,33.944191],[-79.321803,33.946981],[-79.325599,33.953792],[-79.33344,33.952717],[-79.330115,33.961631],[-79.338842,33.970494]]]}},{"type":"Feature","properties":{"GEOID":"45091","NAME":"York","state":"SC","wildfire_risk_score":63.709,"wildfire_eal_total":145054.93,"risk_band":"Moderate","source":"FEMA National Risk Index v1.20 (December 2025)"},"geometry":{"type":"Polygon","coordinates":[[[-81.492282,34.947194],[-81.475835,34.982966],[-81.484671,34.997435],[-81.48057,35.005906],[-81.487269,35.03472],[-81.471389,35.048085],[-81.408816,35.047077],[-81.402521,35.136886],[-81.3665997502835,35.164889487764],[-81.043625,35.149877],[-81.051037,35.131654],[-81.038968,35.126299],[-81.032806,35.108049],[-81.052078,35.096276],[-81.058029,35.07319],[-81.057648,35.062433],[-81.041489,35.044703],[-80.93495,35.107409],[-80.906207449782,35.0763921387788],[-80.907069,35.066266],[-80.899582,35.059862],[-80.905885,35.046783],[-80.897295,35.035269],[-80.903051,35.018644],[-80.909486,35.016481],[-80.89935,35.011441],[-80.902449,35.005737],[-80.894848,35.000165],[-80.894018,34.99317],[-80.885735,34.99155],[-80.888662,34.984695],[-80.882388,34.969852],[-80.884702,34.966203],[-80.878932,34.96234],[-80.874004,34.96537],[-80.868561,34.950697],[-80.870617,34.934406],[-80.86514,34.923921],[-80.867693,34.912821],[-80.878858,34.901044],[-80.880086,34.871524],[-80.878706,34.862069],[-80.866642,34.848543],[-80.873901,34.838467],[-80.896802,34.828411],[-80.898243,34.820844],[-81.476578,34.822573],[-81.461755,34.831018],[-81.453282,34.846331],[-81.468416,34.865199],[-81.47293,34.891915],[-81.478653,34.897967],[-81.470065,34.913574],[-81.477259,34.926098],[-81.47351,34.935489],[-81.487569,34.939916],[-81.492282,34.947194]]]}},{"type":"Feature","properties":{"GEOID":"45055","NAME":"Kershaw","state":"SC","wildfire_risk_score":69.688,"wildfire_eal_total":156041.11,"risk_band":"Moderate","source":"FEMA National Risk Index v1.20 (December 2025)"},"geometry":{"type":"Polygon","coordinates":[[[-80.879227,34.457776],[-80.743345,34.539916],[-80.737674,34.539497],[-80.745617,34.512591],[-80.739548,34.505573],[-80.745597,34.491174],[-80.739966,34.479957],[-80.713641,34.487263],[-80.709185,34.505115],[-80.698162,34.515967],[-80.689079,34.515324],[-80.676062,34.493116],[-80.658417,34.478612],[-80.645245,34.483746],[-80.645601,34.491548],[-80.632213,34.491433],[-80.632105,34.480609],[-80.628104,34.48242],[-80.622671,34.491527],[-80.629647,34.491194],[-80.629595,34.498704],[-80.62561,34.495236],[-80.61363,34.499939],[-80.610214,34.497747],[-80.614278,34.488808],[-80.610359,34.488794],[-80.598025,34.495187],[-80.595766,34.502134],[-80.585977,34.496788],[-80.57937,34.484569],[-80.576146,34.489415],[-80.548906,34.493264],[-80.54405,34.507491],[-80.530284,34.503706],[-80.523945,34.509752],[-80.535973,34.533943],[-80.543528,34.537449],[-80.550666,34.559967],[-80.408373,34.614765],[-80.407298,34.608582],[-80.383375,34.592193],[-80.379339,34.584536],[-80.381383,34.573759],[-80.377028,34.573458],[-80.371519,34.559574],[-80.377153,34.563224],[-80.372336,34.546769],[-80.354772,34.531125],[-80.353634,34.520901],[-80.330279,34.509512],[-80.33372,34.503826],[-80.326876,34.493965],[-80.330502,34.474208],[-80.325308,34.453901],[-80.328498,34.452423],[-80.322726,34.448892],[-80.326621,34.44647],[-80.326254,34.4374],[-80.320836,34.42636],[-80.319666,34.429442],[-80.311441,34.42429],[-80.31037,34.414924],[-80.301432,34.407983],[-80.302215,34.399821],[-80.291656,34.392786],[-80.28588,34.394071],[-80.287841,34.382814],[-80.283965,34.377723],[-80.28973,34.367504],[-80.286936,34.364572],[-80.326129,34.344234],[-80.325107,34.339291],[-80.363759,34.339547],[-80.365772,34.328153],[-80.353031,34.30333],[-80.382004,34.305188],[-80.400922,34.295196],[-80.421654,34.294301],[-80.437359,34.284502],[-80.431036,34.276632],[-80.429288,34.257195],[-80.424057,34.250703],[-80.43299,34.248856],[-80.4308,34.226997],[-80.445164,34.206046],[-80.454545,34.207963],[-80.452367,34.198991],[-80.464621,34.178616],[-80.58011,34.099949],[-80.604403,34.101671],[-80.618533,34.10917],[-80.620781,34.102385],[-80.616186,34.099605],[-80.635594,34.097666],[-80.658845,34.085872],[-80.70359,34.080985],[-80.719318,34.068972],[-80.851379,34.174071],[-80.86913,34.182866],[-80.769926,34.377111],[-80.783614,34.38883],[-80.783207,34.406485],[-80.793478,34.413298],[-80.833215,34.414825],[-80.879227,34.457776]]]}},{"type":"Feature","properties":{"GEOID":"45027","NAME":"Clarendon","state":"SC","wildfire_risk_score":81.17,"wildfire_eal_total":294458.77,"risk_band":"High","source":"FEMA National Risk Index v1.20 (December 2025)"},"geometry":{"type":"Polygon","coordinates":[[[-80.540514,33.629032],[-80.528309,33.636722],[-80.534085,33.643911],[-80.497595,33.67432],[-80.478709,33.714265],[-80.454441,33.713523],[-80.449293,33.737528],[-80.430925,33.738306],[-80.425935,33.72409],[-80.432912,33.721178],[-80.434426,33.71189],[-80.392003,33.71555],[-80.397131,33.767821],[-80.271233,33.786252],[-80.255405,33.804083],[-80.195371,33.838982],[-80.13548,33.868765],[-80.121612,33.869555],[-79.974601,33.946527],[-79.945948,33.885997],[-79.899971,33.889087],[-79.87562,33.885245],[-79.915305,33.818648],[-79.944505,33.810214],[-79.995638,33.767906],[-79.974382,33.72159],[-79.993233,33.704458],[-80.101697,33.496891],[-80.125549,33.502435],[-80.127285,33.493274],[-80.144104,33.484388],[-80.152085,33.485418],[-80.148222,33.47402],[-80.13176,33.463405],[-80.144243,33.464106],[-80.139199,33.45398],[-80.152163,33.459374],[-80.147881,33.452426],[-80.15072,33.448177],[-80.161461,33.448947],[-80.158536,33.45703],[-80.162727,33.4607],[-80.173394,33.448691],[-80.181021,33.454631],[-80.181662,33.448491],[-80.186792,33.450518],[-80.197517,33.443643],[-80.198097,33.451575],[-80.20735,33.45257],[-80.204021,33.441872],[-80.222362,33.447756],[-80.222267,33.443716],[-80.23591,33.439635],[-80.239949,33.441699],[-80.239907,33.454675],[-80.242419,33.449595],[-80.253912,33.449329],[-80.267879,33.437852],[-80.281988,33.448354],[-80.291438,33.440777],[-80.323568,33.431162],[-80.348879,33.430219],[-80.390245,33.444032],[-80.436974,33.477962],[-80.43394,33.488345],[-80.441318,33.493677],[-80.439085,33.502025],[-80.460048,33.502895],[-80.456396,33.512151],[-80.467741,33.516157],[-80.467997,33.525028],[-80.447324,33.524527],[-80.447463,33.540472],[-80.455375,33.547056],[-80.461151,33.540778],[-80.468421,33.541058],[-80.474659,33.552884],[-80.485019,33.560047],[-80.4948,33.557041],[-80.504531,33.562716],[-80.504036,33.56999],[-80.516108,33.579073],[-80.502186,33.586203],[-80.502204,33.590419],[-80.519799,33.597368],[-80.519989,33.614233],[-80.540514,33.629032]]]}},{"type":"Feature","properties":{"GEOID":"45017","NAME":"Calhoun","state":"SC","wildfire_risk_score":51.813,"wildfire_eal_total":40282.06,"risk_band":"Low","source":"FEMA National Risk Index v1.20 (December 2025)"},"geometry":{"type":"Polygon","coordinates":[[[-81.059299,33.76536],[-81.047516,33.789425],[-81.037903,33.870868],[-81.01233,33.88008],[-80.998169,33.876791],[-80.996722,33.870774],[-81.002081,33.863056],[-80.986217,33.857464],[-80.988276,33.8498],[-80.953744,33.8427],[-80.936192,33.826387],[-80.924263,33.827409],[-80.920493,33.834851],[-80.913103,33.832934],[-80.915558,33.811419],[-80.898535,33.808767],[-80.874812,33.815488],[-80.865759,33.802719],[-80.837472,33.793906],[-80.833464,33.785508],[-80.822545,33.787003],[-80.827989,33.776206],[-80.821903,33.774386],[-80.81569,33.781069],[-80.811249,33.77975],[-80.807591,33.774211],[-80.782968,33.768899],[-80.78486,33.761008],[-80.77177,33.7719],[-80.766337,33.766821],[-80.759731,33.773997],[-80.756185,33.764819],[-80.747337,33.761742],[-80.74486,33.764014],[-80.751574,33.770564],[-80.745034,33.776426],[-80.736335,33.767422],[-80.738464,33.756391],[-80.728004,33.761819],[-80.726847,33.768282],[-80.715368,33.760485],[-80.712336,33.771233],[-80.704386,33.766486],[-80.705386,33.759795],[-80.691687,33.756837],[-80.687399,33.761092],[-80.686592,33.755993],[-80.65468,33.773508],[-80.65174,33.769976],[-80.656399,33.761398],[-80.640412,33.747548],[-80.620889,33.744978],[-80.629638,33.73892],[-80.624472,33.734562],[-80.627554,33.730996],[-80.616465,33.719497],[-80.615264,33.711835],[-80.593092,33.701947],[-80.596598,33.695036],[-80.59026,33.684844],[-80.562359,33.678395],[-80.560512,33.671538],[-80.565548,33.664732],[-80.553939,33.661176],[-80.548457,33.650413],[-80.530008,33.641126],[-80.529248,33.634709],[-80.538961,33.632451],[-80.54036,33.628022],[-80.519989,33.614233],[-80.519799,33.597368],[-80.501423,33.58814],[-80.516236,33.576892],[-80.505774,33.571618],[-80.505994,33.564215],[-80.496273,33.558481],[-80.498004,33.552671],[-80.505589,33.552592],[-80.50335,33.535827],[-80.540143,33.5618],[-80.551357,33.558738],[-80.552272,33.565414],[-80.603615,33.5554],[-80.610346,33.550732],[-80.588231,33.538597],[-80.624702,33.498899],[-80.619669,33.493223],[-80.624951,33.488763],[-80.611327,33.470416],[-80.616575,33.466006],[-80.627291,33.473821],[-80.634486,33.469467],[-80.639282,33.474913],[-80.65902,33.470982],[-80.694011,33.505991],[-80.694072,33.521911],[-80.807631,33.604081],[-80.881393,33.619702],[-80.919677,33.605505],[-80.93979,33.608798],[-80.942061,33.641879],[-80.965511,33.625305],[-81.042854,33.707131],[-80.991515,33.73214],[-80.978468,33.730482],[-80.955743,33.737818],[-80.945601,33.749297],[-80.924603,33.756945],[-80.933613,33.764808],[-80.961886,33.778992],[-81.014003,33.781241],[-81.014437,33.775015],[-81.022599,33.773186],[-81.023475,33.763469],[-81.032867,33.764055],[-81.036124,33.745211],[-81.058521,33.747053],[-81.059299,33.76536]]]}},{"type":"Feature","properties":{"GEOID":"45045","NAME":"Greenville","state":"SC","wildfire_risk_score":55.089,"wildfire_eal_total":72513.26,"risk_band":"Moderate","source":"FEMA National Risk Index v1.20 (December 2025)"},"geometry":{"type":"Polygon","coordinates":[[[-82.7641000172578,35.0681684927111],[-82.754162,35.069629],[-82.751813,35.079892],[-82.738379,35.079453],[-82.72701,35.094142],[-82.715297,35.092943],[-82.700496,35.100759],[-82.697677,35.095726],[-82.686484,35.108164],[-82.693552,35.116879],[-82.681443,35.127918],[-82.674615,35.126435],[-82.673272,35.11748],[-82.662381,35.118123],[-82.641042,35.132319],[-82.636236,35.125495],[-82.629031,35.126155],[-82.612444,35.138234],[-82.569912,35.145268],[-82.55333,35.153493],[-82.555758,35.159346],[-82.546374,35.163731],[-82.536747,35.160091],[-82.536474,35.154783],[-82.529973,35.155617],[-82.516044,35.163442],[-82.498464,35.162954],[-82.483937,35.173798],[-82.460092,35.178143],[-82.451609,35.172699],[-82.457128,35.16395],[-82.439595,35.165863],[-82.426805,35.178918],[-82.419744,35.198613],[-82.403348,35.204473],[-82.39293,35.215402],[-82.384029,35.210542],[-82.378744,35.198053],[-82.382217,35.189593],[-82.371298,35.181449],[-82.361469,35.190831],[-82.344554,35.193115],[-82.32335,35.184789],[-82.282516,35.199858],[-82.2159400144574,35.1960293986111],[-82.22613,34.850175],[-82.219441,34.853392],[-82.209676,34.841743],[-82.19578,34.835006],[-82.173418,34.805958],[-82.165228,34.806945],[-82.162503,34.802604],[-82.170162,34.802628],[-82.168809,34.797146],[-82.15698,34.792402],[-82.153492,34.782033],[-82.145587,34.785208],[-82.234779,34.588815],[-82.236063,34.535348],[-82.313871,34.484335],[-82.337064,34.501769],[-82.34378,34.499996],[-82.344029,34.512231],[-82.349398,34.509359],[-82.364221,34.515438],[-82.386344,34.539333],[-82.409997,34.546632],[-82.419637,34.557133],[-82.428348,34.59887],[-82.443825,34.607277],[-82.438225,34.610704],[-82.449407,34.617733],[-82.446717,34.623372],[-82.452935,34.62377],[-82.453451,34.636373],[-82.449636,34.639973],[-82.457294,34.650729],[-82.455894,34.657279],[-82.463132,34.655773],[-82.467709,34.66705],[-82.458808,34.672651],[-82.456701,34.680259],[-82.463864,34.685628],[-82.458703,34.690854],[-82.462911,34.694842],[-82.456878,34.699522],[-82.465403,34.706023],[-82.45741,34.71424],[-82.465538,34.72124],[-82.459417,34.739928],[-82.463426,34.744885],[-82.455269,34.750221],[-82.45836,34.755609],[-82.452081,34.776427],[-82.459732,34.78161],[-82.460939,34.796664],[-82.469349,34.798126],[-82.470367,34.803597],[-82.476579,34.802182],[-82.475129,34.810428],[-82.487034,34.819004],[-82.476366,34.827934],[-82.486993,34.830569],[-82.480773,34.84253],[-82.489146,34.841123],[-82.484659,34.844364],[-82.483001,34.857942],[-82.489028,34.861408],[-82.487438,34.874756],[-82.491539,34.878384],[-82.487738,34.885797],[-82.496476,34.887616],[-82.493822,34.895736],[-82.502794,34.9037],[-82.501028,34.910381],[-82.508964,34.911478],[-82.510913,34.917981],[-82.518156,34.920411],[-82.515853,34.926008],[-82.521097,34.927356],[-82.517595,34.934951],[-82.52593,34.943315],[-82.518988,34.944012],[-82.528534,34.953921],[-82.52744,34.965935],[-82.548056,34.978723],[-82.54054,34.984759],[-82.534138,34.983761],[-82.543159,35.004564],[-82.537858,35.015471],[-82.573736,35.013151],[-82.581477,35.008402],[-82.595552,35.010136],[-82.588344,35.021026],[-82.592265,35.027688],[-82.585721,35.0324],[-82.590272,35.044186],[-82.598215,35.038505],[-82.597721,35.05429],[-82.590483,35.063689],[-82.574264,35.064595],[-82.571589,35.07463],[-82.61138,35.072269],[-82.613234,35.067409],[-82.641624,35.060178],[-82.655712,35.061888],[-82.659669,35.06698],[-82.669236,35.062425],[-82.708208,35.062131],[-82.719106,35.052752],[-82.729364,35.054919],[-82.737907,35.047153],[-82.74971,35.047603],[-82.7641000172578,35.0681684927111]]]}},{"type":"Feature","properties":{"GEOID":"45025","NAME":"Chesterfield","state":"SC","wildfire_risk_score":76.749,"wildfire_eal_total":210676.38,"risk_band":"High","source":"FEMA National Risk Index v1.20 (December 2025)"},"geometry":{"type":"Polygon","coordinates":[[[-80.564055,34.814763],[-80.499788,34.817261],[-79.9307316921099,34.8066227195903],[-79.934621,34.797577],[-79.92809,34.769875],[-79.893039,34.741964],[-79.878719,34.716828],[-79.872941,34.69563],[-79.859388,34.677789],[-79.840801,34.669489],[-79.830454,34.657212],[-79.816868,34.658677],[-79.808357,34.650777],[-79.79561,34.647596],[-79.800592,34.637668],[-79.790202,34.631831],[-79.790369,34.623564],[-79.777627,34.612209],[-79.789493,34.606102],[-79.803132,34.609663],[-79.829981,34.531925],[-79.839193,34.534611],[-79.848807,34.524443],[-79.862028,34.521041],[-79.863641,34.508733],[-79.879648,34.493469],[-79.902076,34.489234],[-79.919846,34.495764],[-79.940832,34.48802],[-79.962474,34.487006],[-79.971466,34.497273],[-79.983435,34.501708],[-80.026547,34.486541],[-80.045493,34.492603],[-80.288596,34.366207],[-80.283965,34.377723],[-80.287841,34.382814],[-80.28588,34.394071],[-80.291656,34.392786],[-80.302215,34.399821],[-80.301432,34.407983],[-80.31037,34.414924],[-80.311441,34.42429],[-80.319666,34.429442],[-80.320836,34.42636],[-80.326254,34.4374],[-80.326621,34.44647],[-80.322726,34.448892],[-80.328498,34.452423],[-80.325308,34.453901],[-80.330502,34.474208],[-80.326876,34.493965],[-80.33372,34.503826],[-80.330279,34.509512],[-80.353634,34.520901],[-80.354772,34.531125],[-80.372336,34.546769],[-80.377153,34.563224],[-80.371519,34.559574],[-80.377028,34.573458],[-80.381383,34.573759],[-80.379339,34.584536],[-80.386223,34.596618],[-80.407298,34.608582],[-80.405657,34.613004],[-80.419186,34.619985],[-80.412509,34.623615],[-80.413898,34.627796],[-80.432817,34.638798],[-80.431768,34.660021],[-80.440236,34.658033],[-80.439381,34.663761],[-80.4534,34.671715],[-80.450294,34.6758],[-80.460782,34.676984],[-80.475181,34.699244],[-80.488532,34.704584],[-80.489048,34.715721],[-80.485567,34.717429],[-80.516247,34.758916],[-80.514702,34.766598],[-80.529773,34.771079],[-80.53348,34.782937],[-80.544545,34.784011],[-80.564055,34.814763]]]}},{"type":"Feature","properties":{"GEOID":"45079","NAME":"Richland","state":"SC","wildfire_risk_score":69.656,"wildfire_eal_total":178530.79,"risk_band":"Moderate","source":"FEMA National Risk Index v1.20 (December 2025)"},"geometry":{"type":"Polygon","coordinates":[[[-81.345328,34.20503],[-81.316911,34.239458],[-81.296605,34.237391],[-81.279568,34.230619],[-81.251273,34.202946],[-81.226412,34.205687],[-81.218735,34.196796],[-81.178293,34.174552],[-81.179423,34.18706],[-81.168431,34.197653],[-81.181196,34.220285],[-81.095863,34.213872],[-81.0833,34.224753],[-81.076753,34.220905],[-81.070837,34.225062],[-81.069867,34.232246],[-81.061227,34.228003],[-81.057546,34.233655],[-81.042685,34.236661],[-81.039224,34.232537],[-80.961896,34.252021],[-80.825921,34.26876],[-80.868509,34.181705],[-80.851379,34.174071],[-80.719318,34.068972],[-80.70359,34.080985],[-80.658845,34.085872],[-80.635594,34.097666],[-80.616186,34.099605],[-80.620896,34.09004],[-80.632427,34.089368],[-80.63616,34.080206],[-80.626604,34.077438],[-80.619502,34.082306],[-80.631167,34.068238],[-80.612718,34.063108],[-80.612739,34.056163],[-80.606416,34.057982],[-80.612569,34.051773],[-80.600952,34.039386],[-80.608019,34.02929],[-80.602087,34.025355],[-80.61547,34.024456],[-80.618663,34.016678],[-80.628049,34.011887],[-80.625285,34.003704],[-80.637267,34.007608],[-80.635393,34.001448],[-80.646598,33.999009],[-80.639257,33.993412],[-80.643969,33.989121],[-80.641126,33.983319],[-80.630442,33.975766],[-80.633148,33.966549],[-80.61576,33.965472],[-80.629055,33.941776],[-80.620157,33.942386],[-80.622778,33.936647],[-80.616716,33.936427],[-80.630567,33.9337],[-80.6262,33.929899],[-80.634093,33.917333],[-80.624507,33.905497],[-80.625744,33.898545],[-80.615045,33.891887],[-80.620408,33.888651],[-80.625563,33.893511],[-80.620793,33.882486],[-80.625003,33.880802],[-80.619589,33.87873],[-80.625322,33.869625],[-80.62296,33.860408],[-80.627596,33.86114],[-80.633545,33.85268],[-80.616073,33.834332],[-80.620288,33.831032],[-80.615676,33.814514],[-80.606416,33.808686],[-80.603094,33.810932],[-80.598288,33.804476],[-80.605381,33.804746],[-80.600345,33.799183],[-80.603762,33.793062],[-80.596205,33.786431],[-80.602976,33.785323],[-80.597715,33.777512],[-80.605679,33.771766],[-80.601552,33.768724],[-80.608837,33.761938],[-80.604971,33.758484],[-80.616155,33.75097],[-80.614649,33.747577],[-80.620127,33.747884],[-80.618658,33.743585],[-80.632785,33.743667],[-80.656399,33.761398],[-80.65174,33.769976],[-80.65468,33.773508],[-80.686592,33.755993],[-80.687399,33.761092],[-80.691687,33.756837],[-80.705386,33.759795],[-80.704386,33.766486],[-80.712336,33.771233],[-80.715368,33.760485],[-80.726847,33.768282],[-80.728004,33.761819],[-80.738464,33.756391],[-80.736335,33.767422],[-80.745034,33.776426],[-80.751574,33.770564],[-80.74486,33.764014],[-80.747337,33.761742],[-80.756185,33.764819],[-80.759731,33.773997],[-80.766337,33.766821],[-80.77177,33.7719],[-80.78486,33.761008],[-80.782968,33.768899],[-80.807591,33.774211],[-80.811249,33.77975],[-80.81569,33.781069],[-80.821903,33.774386],[-80.827989,33.776206],[-80.822545,33.787003],[-80.833464,33.785508],[-80.837472,33.793906],[-80.865759,33.802719],[-80.874812,33.815488],[-80.898535,33.808767],[-80.915558,33.811419],[-80.916962,33.820984],[-80.911733,33.829878],[-80.915319,33.833921],[-80.920493,33.834851],[-80.926355,33.826572],[-80.936192,33.826387],[-80.953744,33.8427],[-80.988276,33.8498],[-80.986217,33.857464],[-81.002081,33.863056],[-80.996722,33.870774],[-80.998169,33.876791],[-81.020707,33.884656],[-81.020111,33.8933],[-81.008754,33.904102],[-81.030135,33.913647],[-81.019414,33.921155],[-81.017014,33.930855],[-81.045826,33.976644],[-81.04645,33.988028],[-81.054684,34.000789],[-81.064917,34.008614],[-81.073012,34.006457],[-81.097466,34.017734],[-81.132037,34.062321],[-81.1729,34.090454],[-81.233433,34.101768],[-81.275845,34.097381],[-81.315037,34.146141],[-81.302266,34.162395],[-81.314456,34.186905],[-81.329405,34.190416],[-81.345328,34.20503]]]}},{"type":"Feature","properties":{"GEOID":"45047","NAME":"Greenwood","state":"SC","wildfire_risk_score":54.358,"wildfire_eal_total":52710.14,"risk_band":"Low","source":"FEMA National Risk Index v1.20 (December 2025)"},"geometry":{"type":"Polygon","coordinates":[[[-82.334234,34.34263],[-82.246337,34.409676],[-82.2446,34.403428],[-82.228368,34.402426],[-82.231335,34.392477],[-82.221453,34.391151],[-82.212986,34.378528],[-82.196895,34.374988],[-82.196921,34.369435],[-82.191956,34.37038],[-82.177999,34.358134],[-82.168731,34.330102],[-82.155039,34.331675],[-82.134027,34.323794],[-82.125945,34.316476],[-82.121724,34.303403],[-82.110707,34.308064],[-82.08452,34.299759],[-82.052426,34.275476],[-82.048892,34.267271],[-82.031129,34.262359],[-82.009309,34.242498],[-81.978375,34.238109],[-81.97924,34.232357],[-81.971079,34.222157],[-81.96069,34.218542],[-81.93908,34.195465],[-81.920471,34.192013],[-81.922473,34.186227],[-81.916989,34.176981],[-81.905445,34.178055],[-81.907693,34.161902],[-81.898616,34.156445],[-81.897154,34.146307],[-81.868535,34.132441],[-81.896997,34.106883],[-81.895677,34.099714],[-81.900274,34.094978],[-81.915781,34.09098],[-81.918287,34.079087],[-81.930665,34.069833],[-81.947346,34.037138],[-81.98991,33.997101],[-81.999564,33.975218],[-82.010272,33.964023],[-82.007778,33.961279],[-82.046974,33.95321],[-82.04513,33.983396],[-82.076108,33.978783],[-82.151068,33.986517],[-82.167716,33.973052],[-82.184403,33.974386],[-82.220844,33.991101],[-82.243651,34.017886],[-82.305882,33.971789],[-82.326947,34.06412],[-82.268843,34.107127],[-82.249795,34.13452],[-82.240567,34.163445],[-82.240122,34.192167],[-82.248241,34.220551],[-82.265336,34.244525],[-82.294345,34.271217],[-82.307074,34.275882],[-82.311081,34.320441],[-82.32382,34.325269],[-82.334234,34.34263]]]}},{"type":"Feature","properties":{"GEOID":"45087","NAME":"Union","state":"SC","wildfire_risk_score":53.467,"wildfire_eal_total":36061.34,"risk_band":"Low","source":"FEMA National Risk Index v1.20 (December 2025)"},"geometry":{"type":"Polygon","coordinates":[[[-81.851865,34.594775],[-81.838228,34.646158],[-81.819589,34.688991],[-81.782791,34.837211],[-81.759018,34.868563],[-81.714094,34.912865],[-81.698388,34.905888],[-81.685272,34.913013],[-81.677585,34.900892],[-81.673298,34.903935],[-81.663631,34.898679],[-81.647184,34.900473],[-81.638603,34.884727],[-81.640557,34.880084],[-81.62482,34.873936],[-81.587199,34.88745],[-81.565023,34.874651],[-81.543533,34.869886],[-81.534576,34.879613],[-81.529888,34.867643],[-81.522738,34.877294],[-81.514872,34.87713],[-81.499648,34.867752],[-81.481945,34.866495],[-81.483571,34.856343],[-81.457141,34.839248],[-81.461755,34.831018],[-81.487999,34.815141],[-81.481269,34.80861],[-81.46912,34.811002],[-81.469335,34.802777],[-81.459259,34.797532],[-81.453641,34.782242],[-81.453199,34.760903],[-81.482453,34.744398],[-81.488377,34.73304],[-81.479395,34.723869],[-81.461962,34.726517],[-81.454242,34.720919],[-81.454297,34.675188],[-81.442018,34.653727],[-81.429667,34.648604],[-81.415995,34.633589],[-81.417963,34.604109],[-81.426937,34.5785],[-81.419829,34.566588],[-81.427545,34.529482],[-81.421139,34.503224],[-81.423241,34.494379],[-81.43344,34.492407],[-81.439692,34.496922],[-81.444938,34.487991],[-81.457287,34.487046],[-81.467932,34.494174],[-81.484647,34.490003],[-81.541005,34.445034],[-81.551098,34.452205],[-81.552308,34.457199],[-81.546343,34.461925],[-81.556878,34.463081],[-81.55288,34.476781],[-81.588426,34.496805],[-81.602717,34.51285],[-81.613374,34.51375],[-81.617791,34.525249],[-81.62719,34.521685],[-81.657982,34.540573],[-81.658451,34.54784],[-81.677616,34.550804],[-81.677321,34.557972],[-81.690758,34.552705],[-81.701054,34.559363],[-81.717328,34.55147],[-81.733621,34.560909],[-81.739238,34.559781],[-81.747335,34.568272],[-81.752516,34.563598],[-81.767506,34.56653],[-81.768732,34.570889],[-81.797935,34.57386],[-81.802319,34.580808],[-81.810395,34.578077],[-81.81817,34.588202],[-81.825865,34.588058],[-81.829476,34.594071],[-81.839339,34.593235],[-81.842846,34.600635],[-81.851865,34.594775]]]}},{"type":"Feature","properties":{"GEOID":"45071","NAME":"Newberry","state":"SC","wildfire_risk_score":53.912,"wildfire_eal_total":45176.99,"risk_band":"Low","source":"FEMA National Risk Index v1.20 (December 2025)"},"geometry":{"type":"Polygon","coordinates":[[[-81.943718,34.206054],[-81.926727,34.219721],[-81.923777,34.230895],[-81.911351,34.246345],[-81.9032,34.263286],[-81.895331,34.300497],[-81.883076,34.311964],[-81.861302,34.315545],[-81.848467,34.323528],[-81.849816,34.332984],[-81.836861,34.342805],[-81.812999,34.347558],[-81.782627,34.365089],[-81.778407,34.378887],[-81.747064,34.412908],[-81.747462,34.419591],[-81.734455,34.437736],[-81.722491,34.449661],[-81.703198,34.452631],[-81.66475,34.505335],[-81.649702,34.517709],[-81.643552,34.533652],[-81.62719,34.521685],[-81.617791,34.525249],[-81.613374,34.51375],[-81.602717,34.51285],[-81.588426,34.496805],[-81.55288,34.476781],[-81.556878,34.463081],[-81.546343,34.461925],[-81.552308,34.457199],[-81.551098,34.452205],[-81.541005,34.445034],[-81.484647,34.490003],[-81.467932,34.494174],[-81.457287,34.487046],[-81.444938,34.487991],[-81.439692,34.496922],[-81.43344,34.492407],[-81.423241,34.494379],[-81.422449,34.482217],[-81.415977,34.479515],[-81.412494,34.469879],[-81.42124,34.453824],[-81.39653,34.389809],[-81.371459,34.350403],[-81.358978,34.310519],[-81.33961,34.292197],[-81.34534,34.279166],[-81.342297,34.266928],[-81.330144,34.259084],[-81.316911,34.239458],[-81.345328,34.20503],[-81.338961,34.197587],[-81.352349,34.196689],[-81.374766,34.179009],[-81.403672,34.177876],[-81.437172,34.129963],[-81.432203,34.121254],[-81.420912,34.115493],[-81.422158,34.110007],[-81.403254,34.0979],[-81.388235,34.079347],[-81.394083,34.071545],[-81.40282,34.070839],[-81.424925,34.082954],[-81.444872,34.077668],[-81.465503,34.087315],[-81.471972,34.076552],[-81.485078,34.082299],[-81.502477,34.07388],[-81.51385,34.082253],[-81.538899,34.081744],[-81.54734,34.093425],[-81.57135,34.099714],[-81.589596,34.117212],[-81.595286,34.118459],[-81.600468,34.112906],[-81.607615,34.123161],[-81.622676,34.126301],[-81.636963,34.146181],[-81.672671,34.156009],[-81.691503,34.172943],[-81.715502,34.175234],[-81.731614,34.187613],[-81.749177,34.177097],[-81.768863,34.174908],[-81.778804,34.164667],[-81.785604,34.165914],[-81.78143,34.169764],[-81.784165,34.172681],[-81.793584,34.169318],[-81.808395,34.175173],[-81.827335,34.172838],[-81.827264,34.182187],[-81.838918,34.172184],[-81.860571,34.179373],[-81.876356,34.167834],[-81.879248,34.157881],[-81.866664,34.138132],[-81.877438,34.136861],[-81.898213,34.147611],[-81.898616,34.156445],[-81.907693,34.161902],[-81.905445,34.178055],[-81.916989,34.176981],[-81.922473,34.186227],[-81.920471,34.192013],[-81.93908,34.195465],[-81.943718,34.206054]]]}},{"type":"Feature","properties":{"GEOID":"45049","NAME":"Hampton","state":"SC","wildfire_risk_score":71.438,"wildfire_eal_total":119565.35,"risk_band":"Moderate","source":"FEMA National Risk Index v1.20 (December 2025)"},"geometry":{"type":"Polygon","coordinates":[[[-81.427505,32.702242],[-81.425927,32.710037],[-81.41512,32.713669],[-81.420338,32.721051],[-81.409988,32.721863],[-81.417769,32.725074],[-81.418542,32.732586],[-81.412517,32.732432],[-81.41267,32.739083],[-81.367973,32.760601],[-81.338543,32.768456],[-81.326814,32.790914],[-81.261662,32.839139],[-81.276729,32.892086],[-81.260116,32.902979],[-81.237681,32.906731],[-81.236956,32.940244],[-81.207266,32.960372],[-81.082291,33.02663],[-81.064656,33.013614],[-81.063553,33.006971],[-81.054261,32.999551],[-81.053258,32.989564],[-81.02963,32.973912],[-81.013461,32.954841],[-80.987205,32.90107],[-80.968475,32.890573],[-80.958832,32.87668],[-80.945538,32.876357],[-80.900059,32.832632],[-80.895778,32.810585],[-80.866191,32.775581],[-80.84562,32.720838],[-80.826265,32.70425],[-80.837213,32.699821],[-80.902448,32.621561],[-80.918322,32.626376],[-80.929043,32.636322],[-80.95867,32.642507],[-80.962951,32.652243],[-80.950034,32.661479],[-80.945865,32.687348],[-80.964779,32.695135],[-80.976496,32.720886],[-80.99534,32.730547],[-81.014625,32.753058],[-81.157665,32.64575],[-81.22258,32.603825],[-81.288879,32.551163],[-81.291289,32.562739],[-81.291762,32.555328],[-81.296691,32.553393],[-81.297955,32.563026],[-81.321807,32.55954],[-81.354797,32.571072],[-81.357749,32.582119],[-81.36695,32.577019],[-81.363593,32.581791],[-81.369819,32.585048],[-81.369757,32.591231],[-81.380999,32.589652],[-81.411222,32.61773],[-81.418431,32.634704],[-81.413411,32.637368],[-81.408197,32.631307],[-81.402735,32.637031],[-81.412553,32.641523],[-81.393033,32.651543],[-81.407193,32.660519],[-81.400342,32.658488],[-81.397544,32.662591],[-81.403913,32.666877],[-81.401029,32.677494],[-81.409618,32.697046],[-81.412403,32.692095],[-81.427505,32.702242]]]}},{"type":"Feature","properties":{"GEOID":"45005","NAME":"Allendale","state":"SC","wildfire_risk_score":50.318,"wildfire_eal_total":30538.78,"risk_band":"Low","source":"FEMA National Risk Index v1.20 (December 2025)"},"geometry":{"type":"Polygon","coordinates":[[[-81.613558,33.095667],[-81.541881,33.158279],[-81.364857,33.108061],[-81.283665,33.108555],[-81.240228,33.118747],[-81.193099,33.118668],[-81.170777,33.095688],[-81.148709,33.080905],[-81.124449,33.053218],[-81.101174,33.049104],[-81.082291,33.02663],[-81.207266,32.960372],[-81.236956,32.940244],[-81.237681,32.906731],[-81.260116,32.902979],[-81.276729,32.892086],[-81.261662,32.839139],[-81.326814,32.790914],[-81.338543,32.768456],[-81.367973,32.760601],[-81.39399,32.744867],[-81.4050923155378,32.7449673826847],[-81.405866,32.749144],[-81.419837,32.749797],[-81.408364,32.754686],[-81.414038,32.755423],[-81.411821,32.763122],[-81.417766,32.760222],[-81.417096,32.766088],[-81.43194,32.768911],[-81.414456,32.778149],[-81.431235,32.784141],[-81.42224,32.783986],[-81.427425,32.78832],[-81.4197,32.793227],[-81.428292,32.800832],[-81.422739,32.80199],[-81.426326,32.809928],[-81.417984,32.818196],[-81.427094,32.81687],[-81.421952,32.821466],[-81.429943,32.828246],[-81.421828,32.829265],[-81.421614,32.835178],[-81.434807,32.843538],[-81.43995,32.840362],[-81.444866,32.850967],[-81.451742,32.844765],[-81.460722,32.846038],[-81.455559,32.846508],[-81.45339,32.87388],[-81.465051,32.880896],[-81.470376,32.876267],[-81.479445,32.881082],[-81.4771,32.887469],[-81.465933,32.889452],[-81.464069,32.897814],[-81.471616,32.900005],[-81.472142,32.893814],[-81.480812,32.898614],[-81.480008,32.913444],[-81.487049,32.914772],[-81.483198,32.921802],[-81.502427,32.935353],[-81.499446,32.944988],[-81.508609,32.952551],[-81.510802,32.968525],[-81.49983,32.963816],[-81.496138,32.990913],[-81.491457,32.995437],[-81.50023,33.003455],[-81.491419,33.008078],[-81.504053,33.016253],[-81.51069,33.010315],[-81.510282,33.021233],[-81.519075,33.023196],[-81.511245,33.027786],[-81.522653,33.030789],[-81.529142,33.040812],[-81.538789,33.039185],[-81.543758,33.048559],[-81.551786,33.04339],[-81.561948,33.045844],[-81.566108,33.048792],[-81.558938,33.052921],[-81.563992,33.060844],[-81.566949,33.059597],[-81.563016,33.05581],[-81.571905,33.053987],[-81.572829,33.058636],[-81.578332,33.058936],[-81.574911,33.061799],[-81.580994,33.062697],[-81.577187,33.065939],[-81.603243,33.074419],[-81.596501,33.079893],[-81.60132,33.087049],[-81.612903,33.081024],[-81.608286,33.089022],[-81.613558,33.095667]]]}},{"type":"Feature","properties":{"GEOID":"45007","NAME":"Anderson","state":"SC","wildfire_risk_score":47.424,"wildfire_eal_total":41512.69,"risk_band":"Low","source":"FEMA National Risk Index v1.20 (December 2025)"},"geometry":{"type":"Polygon","coordinates":[[[-82.986568,34.484685],[-82.787568,34.672734],[-82.485093,34.819357],[-82.475129,34.810428],[-82.476579,34.802182],[-82.470367,34.803597],[-82.469349,34.798126],[-82.460939,34.796664],[-82.459732,34.78161],[-82.452081,34.776427],[-82.45836,34.755609],[-82.455269,34.750221],[-82.463426,34.744885],[-82.459417,34.739928],[-82.465538,34.72124],[-82.45741,34.71424],[-82.465403,34.706023],[-82.456878,34.699522],[-82.462911,34.694842],[-82.458703,34.690854],[-82.463864,34.685628],[-82.456701,34.680259],[-82.458808,34.672651],[-82.467709,34.66705],[-82.463132,34.655773],[-82.455894,34.657279],[-82.457294,34.650729],[-82.449636,34.639973],[-82.453451,34.636373],[-82.452935,34.62377],[-82.446717,34.623372],[-82.449407,34.617733],[-82.438225,34.610704],[-82.443825,34.607277],[-82.428348,34.59887],[-82.419637,34.557133],[-82.409997,34.546632],[-82.386344,34.539333],[-82.364221,34.515438],[-82.349398,34.509359],[-82.344029,34.512231],[-82.34378,34.499996],[-82.337064,34.501769],[-82.313871,34.484335],[-82.7420185021942,34.2117486731798],[-82.746656,34.266407],[-82.781812,34.297917],[-82.794701,34.34058],[-82.834806,34.366302],[-82.858837,34.45522],[-82.881174,34.469479],[-82.887398,34.480959],[-82.901551,34.486764],[-82.926156,34.481651],[-82.943987,34.485515],[-82.955706,34.478901],[-82.964241,34.484571],[-82.974917,34.47935],[-82.979746,34.482938],[-82.9922169848413,34.4792078005883],[-82.986568,34.484685]]]}},{"type":"Feature","properties":{"GEOID":"45083","NAME":"Spartanburg","state":"SC","wildfire_risk_score":59.447,"wildfire_eal_total":80510.04,"risk_band":"Moderate","source":"FEMA National Risk Index v1.20 (December 2025)"},"geometry":{"type":"Polygon","coordinates":[[[-82.226325,34.852488],[-82.2159400144574,35.1960293986111],[-81.8746867180113,35.1841199007888],[-81.806131,35.057244],[-81.807646,35.035646],[-81.794331,35.035378],[-81.785674,35.019329],[-81.755195,34.930609],[-81.734716,34.932787],[-81.729932,34.92182],[-81.714094,34.912865],[-81.759018,34.868563],[-81.782791,34.837211],[-81.820355,34.68654],[-81.838228,34.646158],[-81.851865,34.594775],[-81.858762,34.592233],[-81.863555,34.580197],[-81.871164,34.59288],[-81.880229,34.596668],[-81.89029,34.590112],[-81.893825,34.60168],[-81.89976,34.598987],[-81.910295,34.60304],[-81.951851,34.649541],[-81.96993,34.649549],[-81.969886,34.656576],[-81.977988,34.660747],[-81.982226,34.657268],[-82.004644,34.662349],[-82.029105,34.681354],[-82.035623,34.680529],[-82.048041,34.692857],[-82.057133,34.695155],[-82.058744,34.70174],[-82.069443,34.702257],[-82.066635,34.715248],[-82.069974,34.719812],[-82.078757,34.719446],[-82.076569,34.725779],[-82.08216,34.727006],[-82.086807,34.738267],[-82.083913,34.74481],[-82.101052,34.744035],[-82.109373,34.756258],[-82.115245,34.748904],[-82.131103,34.773719],[-82.13535,34.773068],[-82.131939,34.778822],[-82.147846,34.786122],[-82.153492,34.782033],[-82.15698,34.792402],[-82.168809,34.797146],[-82.170162,34.802628],[-82.162503,34.802604],[-82.165228,34.806945],[-82.173418,34.805958],[-82.19578,34.835006],[-82.209676,34.841743],[-82.219441,34.853392],[-82.226325,34.852488]]]}},{"type":"Feature","properties":{"GEOID":"45075","NAME":"Orangeburg","state":"SC","wildfire_risk_score":79.93,"wildfire_eal_total":261024.68,"risk_band":"High","source":"FEMA National Risk Index v1.20 (December 2025)"},"geometry":{"type":"Polygon","coordinates":[[[-81.373494,33.49051],[-81.187271,33.652937],[-81.086803,33.695315],[-81.042854,33.707131],[-80.965511,33.625305],[-80.942061,33.641879],[-80.93979,33.608798],[-80.919677,33.605505],[-80.881393,33.619702],[-80.807631,33.604081],[-80.694072,33.521911],[-80.694011,33.505991],[-80.65902,33.470982],[-80.639282,33.474913],[-80.634486,33.469467],[-80.627291,33.473821],[-80.616575,33.466006],[-80.611327,33.470416],[-80.624951,33.488763],[-80.619669,33.493223],[-80.624702,33.498899],[-80.588231,33.538597],[-80.610346,33.550732],[-80.603615,33.5554],[-80.552272,33.565414],[-80.551357,33.558738],[-80.540143,33.5618],[-80.50335,33.535827],[-80.505589,33.552592],[-80.485019,33.560047],[-80.474659,33.552884],[-80.468421,33.541058],[-80.461151,33.540778],[-80.455375,33.547056],[-80.447463,33.540472],[-80.447324,33.524527],[-80.467997,33.525028],[-80.467741,33.516157],[-80.456396,33.512151],[-80.461055,33.504336],[-80.439085,33.502025],[-80.441318,33.493677],[-80.43394,33.488345],[-80.436974,33.477962],[-80.393824,33.445849],[-80.354539,33.430408],[-80.323568,33.431162],[-80.291438,33.440777],[-80.281988,33.448354],[-80.267879,33.437852],[-80.253912,33.449329],[-80.242419,33.449595],[-80.239907,33.454675],[-80.239123,33.440019],[-80.222267,33.443716],[-80.222568,33.391288],[-80.229876,33.391575],[-80.230245,33.384105],[-80.238463,33.391153],[-80.241557,33.383084],[-80.239619,33.352201],[-80.2479,33.338163],[-80.253836,33.29926],[-80.301943,33.267459],[-80.317203,33.264118],[-80.348927,33.278023],[-80.3591,33.271995],[-80.361851,33.257443],[-80.39421,33.264663],[-80.424457,33.257709],[-80.436172,33.260022],[-80.451683,33.270656],[-80.466619,33.271471],[-80.484578,33.280034],[-80.495176,33.302546],[-80.494669,33.323807],[-80.50279,33.334496],[-80.797912,33.176944],[-80.817006,33.187493],[-80.817224,33.195351],[-80.825781,33.196794],[-80.824746,33.201606],[-80.8375,33.203712],[-80.840581,33.207904],[-80.83742,33.210883],[-80.843907,33.212096],[-80.838895,33.219177],[-80.846827,33.221076],[-80.846151,33.238328],[-80.854141,33.241052],[-80.855802,33.237707],[-80.855724,33.245176],[-80.862977,33.245815],[-80.862953,33.251056],[-80.869114,33.249065],[-80.883078,33.2596],[-80.887579,33.25793],[-80.885206,33.262908],[-80.889545,33.261285],[-80.892257,33.268391],[-80.926003,33.286793],[-80.922903,33.288525],[-80.932087,33.293197],[-80.929244,33.295571],[-80.950861,33.305224],[-80.948708,33.309259],[-80.961885,33.308062],[-80.968332,33.318753],[-80.979731,33.318081],[-80.985338,33.327018],[-80.99444,33.327243],[-81.004761,33.336345],[-81.024671,33.338908],[-81.031028,33.348858],[-81.047817,33.349166],[-81.088564,33.379572],[-81.111318,33.38086],[-81.163996,33.409252],[-81.189531,33.411683],[-81.206058,33.437338],[-81.253735,33.446198],[-81.2807,33.468316],[-81.286714,33.46779],[-81.29688,33.479864],[-81.344231,33.480891],[-81.373494,33.49051]]]}},{"type":"Feature","properties":{"GEOID":"45067","NAME":"Marion","state":"SC","wildfire_risk_score":68.543,"wildfire_eal_total":99399.99,"risk_band":"Moderate","source":"FEMA National Risk Index v1.20 (December 2025)"},"geometry":{"type":"Polygon","coordinates":[[[-79.57188,34.185366],[-79.563,34.19612],[-79.550673,34.201361],[-79.54573,34.210809],[-79.54404,34.225186],[-79.55428,34.247604],[-79.512375,34.257451],[-79.496288,34.274819],[-79.4791,34.278595],[-79.480712,34.288081],[-79.41104,34.300172],[-79.380264,34.300572],[-79.305384,34.269307],[-79.294397,34.276994],[-79.271857,34.269754],[-79.259536,34.259031],[-79.239444,34.25434],[-79.22083,34.258972],[-79.21432,34.255539],[-79.173475,34.287534],[-79.126594,34.251706],[-79.134787,34.241023],[-79.126657,34.236142],[-79.128264,34.230743],[-79.132943,34.233177],[-79.135661,34.229126],[-79.130859,34.221557],[-79.134663,34.220849],[-79.133729,34.215673],[-79.142221,34.213914],[-79.144265,34.20622],[-79.153939,34.207207],[-79.173583,34.179534],[-79.176931,34.184793],[-79.19272,34.17545],[-79.197319,34.158687],[-79.202994,34.153168],[-79.207539,34.154839],[-79.205771,34.132973],[-79.210299,34.12726],[-79.214473,34.130586],[-79.218934,34.12676],[-79.220905,34.107744],[-79.230101,34.108818],[-79.234557,34.100778],[-79.243117,34.097523],[-79.241875,34.092737],[-79.250133,34.090371],[-79.248087,34.079452],[-79.239582,34.076753],[-79.242961,34.067958],[-79.248271,34.066444],[-79.247758,34.057081],[-79.25815,34.054055],[-79.265089,34.043982],[-79.27414,34.044054],[-79.287954,34.033064],[-79.29395,34.035722],[-79.307568,34.027685],[-79.30424,34.02283],[-79.307157,34.005929],[-79.315079,33.996506],[-79.321895,34.002288],[-79.328466,34.000163],[-79.332458,33.994997],[-79.328434,33.986756],[-79.331437,33.987738],[-79.331298,33.978995],[-79.338842,33.970494],[-79.330115,33.961631],[-79.33344,33.952717],[-79.325599,33.953792],[-79.321803,33.946981],[-79.311614,33.944191],[-79.316969,33.934143],[-79.306874,33.934788],[-79.311063,33.929933],[-79.306712,33.923901],[-79.312347,33.91823],[-79.303573,33.913974],[-79.299865,33.903817],[-79.295015,33.904352],[-79.295994,33.900696],[-79.286374,33.895243],[-79.28307,33.900724],[-79.263598,33.892466],[-79.256009,33.865356],[-79.264073,33.842526],[-79.248814,33.83116],[-79.258546,33.825205],[-79.260283,33.814854],[-79.25274,33.808236],[-79.255275,33.803492],[-79.25101,33.802536],[-79.248094,33.784415],[-79.236616,33.773914],[-79.235472,33.764396],[-79.218226,33.7551],[-79.220367,33.748288],[-79.1959,33.727886],[-79.192369,33.721174],[-79.195391,33.712177],[-79.190264,33.705787],[-79.199432,33.710101],[-79.196229,33.70134],[-79.212842,33.700058],[-79.21798,33.705784],[-79.217575,33.701048],[-79.23888,33.694417],[-79.249309,33.696975],[-79.240644,33.702598],[-79.242415,33.705905],[-79.267586,33.703399],[-79.265011,33.710275],[-79.275057,33.708852],[-79.271058,33.721645],[-79.286441,33.717597],[-79.291574,33.728981],[-79.286248,33.737386],[-79.293978,33.741144],[-79.293312,33.75228],[-79.323277,33.788741],[-79.320129,33.791254],[-79.325316,33.802],[-79.317282,33.79932],[-79.314094,33.816717],[-79.319544,33.822538],[-79.315168,33.826811],[-79.336864,33.832552],[-79.332042,33.836626],[-79.339777,33.841487],[-79.349153,33.842059],[-79.353769,33.834081],[-79.353486,33.841153],[-79.368341,33.842931],[-79.388827,33.864892],[-79.389519,33.873197],[-79.409838,33.885294],[-79.400421,33.892238],[-79.428997,33.897811],[-79.430413,33.903307],[-79.452206,33.914835],[-79.452006,33.924646],[-79.459613,33.920782],[-79.46292,33.93177],[-79.47368,33.930026],[-79.475396,33.938006],[-79.482632,33.937589],[-79.491714,33.946522],[-79.492008,33.952599],[-79.481494,33.964689],[-79.499779,33.971266],[-79.51694,33.99398],[-79.508899,34.003747],[-79.512825,34.013761],[-79.511447,34.040925],[-79.521207,34.060301],[-79.526905,34.062877],[-79.526604,34.069267],[-79.535909,34.076085],[-79.530282,34.079264],[-79.529062,34.100249],[-79.515308,34.097207],[-79.5198,34.102435],[-79.514513,34.105475],[-79.524575,34.115581],[-79.517206,34.12677],[-79.532479,34.126311],[-79.532586,34.135701],[-79.541624,34.139168],[-79.543957,34.151698],[-79.568984,34.175087],[-79.57188,34.185366]]]}},{"type":"Feature","properties":{"GEOID":"45009","NAME":"Bamberg","state":"SC","wildfire_risk_score":55.852,"wildfire_eal_total":41671.92,"risk_band":"Moderate","source":"FEMA National Risk Index v1.20 (December 2025)"},"geometry":{"type":"Polygon","coordinates":[[[-81.227778,33.162622],[-81.217933,33.208379],[-81.221724,33.214311],[-81.217719,33.221804],[-81.220824,33.259149],[-81.213182,33.397866],[-81.222673,33.44],[-81.206058,33.437338],[-81.189531,33.411683],[-81.163996,33.409252],[-81.111318,33.38086],[-81.088564,33.379572],[-81.047817,33.349166],[-81.031028,33.348858],[-81.024671,33.338908],[-81.004761,33.336345],[-80.99444,33.327243],[-80.985338,33.327018],[-80.979731,33.318081],[-80.968332,33.318753],[-80.961885,33.308062],[-80.948708,33.309259],[-80.950861,33.305224],[-80.929244,33.295571],[-80.932087,33.293197],[-80.922903,33.288525],[-80.926003,33.286793],[-80.892257,33.268391],[-80.889545,33.261285],[-80.885206,33.262908],[-80.887579,33.25793],[-80.883078,33.2596],[-80.869114,33.249065],[-80.862953,33.251056],[-80.862977,33.245815],[-80.855724,33.245176],[-80.855802,33.237707],[-80.854141,33.241052],[-80.846151,33.238328],[-80.846827,33.221076],[-80.838895,33.219177],[-80.843907,33.212096],[-80.83742,33.210883],[-80.840581,33.207904],[-80.8375,33.203712],[-80.824746,33.201606],[-80.825781,33.196794],[-80.817224,33.195351],[-80.817006,33.187493],[-80.797912,33.176944],[-80.895426,33.125348],[-80.887851,33.112269],[-80.889025,33.102211],[-80.876896,33.093181],[-80.890558,33.078083],[-80.896074,33.06141],[-80.906025,33.060228],[-80.937157,33.102584],[-81.082291,33.02663],[-81.098508,33.047207],[-81.124449,33.053218],[-81.148709,33.080905],[-81.170777,33.095688],[-81.198327,33.126588],[-81.210092,33.133712],[-81.211456,33.143541],[-81.227778,33.162622]]]}},{"type":"Feature","properties":{"GEOID":"45019","NAME":"Charleston","state":"SC","wildfire_risk_score":93.861,"wildfire_eal_total":3077857.24,"risk_band":"High","source":"FEMA National Risk Index v1.20 (December 2025)"},"geometry":{"type":"MultiPolygon","coordinates":[[[[-79.507948,33.020076],[-79.502368,33.020582],[-79.50097,33.018191],[-79.503106,33.017563],[-79.507948,33.020076]]],[[[-79.553606,32.990386],[-79.548734,32.992978],[-79.545219,32.990715],[-79.55218,32.988791],[-79.553606,32.990386]]],[[[-80.186317,32.55302],[-80.184492,32.55358],[-80.177151,32.548264],[-80.182049,32.547222],[-80.186317,32.55302]]],[[[-80.453553,32.740501],[-80.447937,32.748439],[-80.447492,32.762709],[-80.439306,32.765882],[-80.432929,32.778479],[-80.435813,32.788194],[-80.418277,32.805144],[-80.414752,32.802562],[-80.414091,32.808837],[-80.409921,32.806538],[-80.405409,32.814966],[-80.394137,32.844502],[-80.39943,32.845742],[-80.401322,32.858532],[-80.301751,32.851913],[-80.149255,32.818195],[-80.1608,32.840922],[-80.183738,32.847075],[-80.185697,32.860807],[-80.176744,32.867075],[-80.161297,32.855901],[-80.154923,32.865051],[-80.162185,32.874614],[-80.149659,32.878856],[-80.144793,32.887563],[-80.13662,32.88772],[-80.137677,32.883736],[-80.125441,32.889636],[-80.122794,32.901766],[-80.118243,32.901149],[-80.119471,32.893625],[-80.102328,32.893144],[-80.097659,32.886962],[-80.079804,32.928186],[-80.141349,32.979207],[-80.110543,32.985492],[-80.13555,32.998887],[-80.14604,32.984295],[-80.167622,33.002557],[-80.162593,33.010502],[-80.16638,33.01264],[-80.169954,33.004346],[-80.17638,33.009964],[-80.169985,33.015525],[-80.164456,33.012818],[-80.160728,33.020767],[-80.153975,33.018103],[-80.149246,33.021601],[-80.113364,32.998061],[-80.110426,33.002156],[-80.102707,33.001325],[-80.10507,32.992491],[-80.098222,32.988106],[-80.056018,32.999355],[-80.040065,32.982747],[-80.041492,32.955011],[-80.011774,32.899881],[-79.948207,32.908348],[-79.962404,32.891106],[-79.963727,32.875353],[-79.956309,32.860047],[-79.931176,32.850007],[-79.929684,32.823213],[-79.923294,32.816622],[-79.913776,32.815653],[-79.896217,32.829734],[-79.895946,32.85986],[-79.852965,32.876102],[-79.83595,32.919754],[-79.82599,32.91864],[-79.781389,32.943782],[-79.771626,32.941845],[-79.763445,32.956336],[-79.7693,32.971566],[-79.762115,32.989093],[-79.730301,33.012638],[-79.716404,33.038555],[-79.703032,33.045934],[-79.674655,33.080462],[-79.660501,33.090832],[-79.642327,33.124386],[-79.612274,33.138446],[-79.609086,33.133123],[-79.60286,33.133784],[-79.597932,33.142032],[-79.562293,33.156333],[-79.550518,33.155427],[-79.533913,33.143754],[-79.521962,33.146698],[-79.512049,33.158076],[-79.512996,33.166157],[-79.50446,33.177054],[-79.497537,33.176985],[-79.492818,33.191821],[-79.486369,33.192368],[-79.483668,33.203811],[-79.477959,33.203023],[-79.477294,33.208871],[-79.450294,33.207334],[-79.446699,33.213458],[-79.437749,33.215242],[-79.41434,33.199011],[-79.404032,33.183777],[-79.351291,33.153523],[-79.333316,33.155778],[-79.316555,33.146139],[-79.29125,33.146563],[-79.268762,33.136043],[-79.27557597567,33.1167698552898],[-79.328159,33.090406],[-79.362292,33.009087],[-79.416515,33.006815],[-79.423138,33.010183],[-79.401081,33.011175],[-79.404422,33.019617],[-79.407286,33.01445],[-79.483271,33.009785],[-79.506923,33.032813],[-79.525221,33.037286],[-79.532114,33.035193],[-79.534966,33.02847],[-79.571108,33.013811],[-79.580725,33.006447],[-79.58659,32.991334],[-79.60102,32.979282],[-79.617611,32.952726],[-79.607532,32.92623],[-79.589811,32.924534],[-79.574086,32.932509],[-79.581058,32.906417],[-79.631149,32.888606],[-79.646656,32.876055],[-79.655927,32.875881],[-79.698115,32.851325],[-79.703789,32.836024],[-79.719879,32.825796],[-79.718068,32.816976],[-79.726389,32.805996],[-79.813984,32.774819],[-79.823967,32.762727],[-79.848797,32.75363],[-79.862709,32.761528],[-79.865442,32.774919],[-79.878039,32.785709],[-79.923198,32.781813],[-79.928784,32.769123],[-79.928546,32.754233],[-79.879109,32.750834],[-79.87093,32.742434],[-79.870148,32.730003],[-79.887094,32.701947],[-79.885582,32.684868],[-79.915682,32.664915],[-79.974299,32.641024],[-79.986917,32.626388],[-79.992244,32.610998],[-80.000801,32.605892],[-80.037276,32.610236],[-80.098075,32.598277],[-80.14541,32.578132],[-80.166552,32.560224],[-80.194985,32.56003],[-80.2544050924034,32.5321028709609],[-80.260765,32.536514],[-80.265123,32.52824],[-80.277518,32.523623],[-80.28478,32.529638],[-80.290992,32.527326],[-80.318175,32.511285],[-80.322898,32.523682],[-80.348346,32.52535],[-80.349994,32.518744],[-80.333784,32.513059],[-80.324646,32.503726],[-80.326749,32.493082],[-80.351298,32.49866],[-80.38148,32.530229],[-80.414877,32.54648],[-80.412299,32.556861],[-80.395711,32.561695],[-80.389141,32.57384],[-80.3972,32.591862],[-80.387191,32.615129],[-80.399136,32.618255],[-80.420408,32.604205],[-80.428045,32.622455],[-80.422654,32.627359],[-80.407545,32.62708],[-80.402359,32.639521],[-80.389009,32.652283],[-80.404915,32.652409],[-80.420913,32.670059],[-80.417874,32.680688],[-80.422657,32.688471],[-80.415891,32.694745],[-80.422777,32.714593],[-80.435411,32.713132],[-80.429557,32.720391],[-80.447149,32.728384],[-80.453553,32.740501]]]]}},{"type":"Feature","properties":{"GEOID":"45003","NAME":"Aiken","state":"SC","wildfire_risk_score":82.22,"wildfire_eal_total":465680.77,"risk_band":"High","source":"FEMA National Risk Index v1.20 (December 2025)"},"geometry":{"type":"Polygon","coordinates":[[[-82.0124735862371,33.5321069800702],[-81.571487,33.877318],[-81.56107,33.862815],[-81.546405,33.858577],[-81.531673,33.830896],[-81.519723,33.823836],[-81.515028,33.813114],[-81.460556,33.797251],[-81.435742,33.775666],[-81.426723,33.743114],[-81.41517,33.732118],[-81.381304,33.725197],[-81.36451,33.728096],[-81.310747,33.708457],[-81.290522,33.69424],[-81.270055,33.693894],[-81.265549,33.687119],[-81.187271,33.652937],[-81.372931,33.490417],[-81.7570833221477,33.1981218255034],[-81.774035,33.221147],[-81.780135,33.221147],[-81.777535,33.211347],[-81.784535,33.208147],[-81.80649,33.212126],[-81.809236,33.222147],[-81.827936,33.228746],[-81.852937,33.248744],[-81.840036,33.254645],[-81.846336,33.258445],[-81.84691,33.266599],[-81.834408,33.258378],[-81.828336,33.263045],[-81.836036,33.263545],[-81.83252,33.275556],[-81.839145,33.273899],[-81.846191,33.284325],[-81.863336,33.289244],[-81.860036,33.299144],[-81.848736,33.296744],[-81.847636,33.307143],[-81.856064,33.309852],[-81.863929,33.302036],[-81.864936,33.311843],[-81.869247,33.313768],[-81.881237,33.302543],[-81.882536,33.317043],[-81.892537,33.315343],[-81.889161,33.321092],[-81.898588,33.322905],[-81.896937,33.330542],[-81.901954,33.335876],[-81.90613,33.32162],[-81.913737,33.320042],[-81.908137,33.327142],[-81.918929,33.33496],[-81.90893,33.346268],[-81.919278,33.340338],[-81.92346,33.344898],[-81.939737,33.344941],[-81.935313,33.356789],[-81.946337,33.37064],[-81.930634,33.368165],[-81.924837,33.37414],[-81.930861,33.380076],[-81.935085,33.397243],[-81.945629,33.405835],[-81.93139,33.406956],[-81.924766,33.412418],[-81.912367,33.40809],[-81.910765,33.415035],[-81.932308,33.426587],[-81.916972,33.432592],[-81.913532,33.441274],[-81.929436,33.465837],[-81.985938,33.486536],[-81.991938,33.504435],[-82.0124735862371,33.5321069800702]]]}},{"type":"Feature","properties":{"GEOID":"45021","NAME":"Cherokee","state":"SC","wildfire_risk_score":37.468,"wildfire_eal_total":18019.99,"risk_band":"Low","source":"FEMA National Risk Index v1.20 (December 2025)"},"geometry":{"type":"Polygon","coordinates":[[[-81.874433,35.184113],[-81.3665997502835,35.164889487764],[-81.402521,35.136886],[-81.408816,35.047077],[-81.471389,35.048085],[-81.487269,35.03472],[-81.48057,35.005906],[-81.484671,34.997435],[-81.475835,34.982966],[-81.492282,34.947194],[-81.487569,34.939916],[-81.47351,34.935489],[-81.477259,34.926098],[-81.470065,34.913574],[-81.478653,34.897967],[-81.47293,34.891915],[-81.468416,34.865199],[-81.462078,34.852903],[-81.453645,34.847647],[-81.457141,34.839248],[-81.483571,34.856343],[-81.481945,34.866495],[-81.499648,34.867752],[-81.514872,34.87713],[-81.522738,34.877294],[-81.529888,34.867643],[-81.534576,34.879613],[-81.543533,34.869886],[-81.565023,34.874651],[-81.587199,34.88745],[-81.606985,34.877555],[-81.626737,34.874338],[-81.640557,34.880084],[-81.638603,34.884727],[-81.647184,34.900473],[-81.663631,34.898679],[-81.673298,34.903935],[-81.677585,34.900892],[-81.685272,34.913013],[-81.69245,34.906619],[-81.701957,34.906157],[-81.729932,34.92182],[-81.734716,34.932787],[-81.755195,34.930609],[-81.785674,35.019329],[-81.794331,35.035378],[-81.807646,35.035646],[-81.806131,35.057244],[-81.874433,35.184113]]]}},{"type":"Feature","properties":{"GEOID":"45057","NAME":"Lancaster","state":"SC","wildfire_risk_score":45.102,"wildfire_eal_total":33857.98,"risk_band":"Low","source":"FEMA National Risk Index v1.20 (December 2025)"},"geometry":{"type":"Polygon","coordinates":[[[-80.909309,35.017624],[-80.903051,35.018644],[-80.897295,35.035269],[-80.905885,35.046783],[-80.899582,35.059862],[-80.907069,35.066266],[-80.906207449782,35.0763921387788],[-80.782042,34.935782],[-80.797543,34.819786],[-80.5617093879227,34.8174816094994],[-80.564055,34.814763],[-80.552434,34.791872],[-80.545045,34.789101],[-80.544545,34.784011],[-80.53348,34.782937],[-80.529773,34.771079],[-80.514702,34.766598],[-80.516247,34.758916],[-80.485567,34.717429],[-80.489048,34.715721],[-80.488532,34.704584],[-80.475181,34.699244],[-80.460782,34.676984],[-80.450294,34.6758],[-80.4534,34.671715],[-80.439381,34.663761],[-80.440236,34.658033],[-80.431768,34.660021],[-80.435036,34.642075],[-80.413898,34.627796],[-80.412509,34.623615],[-80.419186,34.619985],[-80.408373,34.614765],[-80.550666,34.559967],[-80.543528,34.537449],[-80.535973,34.533943],[-80.523945,34.509752],[-80.530284,34.503706],[-80.54405,34.507491],[-80.548906,34.493264],[-80.576146,34.489415],[-80.57937,34.484569],[-80.585977,34.496788],[-80.595766,34.502134],[-80.598025,34.495187],[-80.610359,34.488794],[-80.614278,34.488808],[-80.610214,34.497747],[-80.61363,34.499939],[-80.62561,34.495236],[-80.629595,34.498704],[-80.629647,34.491194],[-80.622671,34.491527],[-80.628104,34.48242],[-80.632105,34.480609],[-80.632213,34.491433],[-80.645601,34.491548],[-80.645245,34.483746],[-80.658417,34.478612],[-80.676062,34.493116],[-80.689079,34.515324],[-80.698162,34.515967],[-80.709185,34.505115],[-80.713641,34.487263],[-80.739966,34.479957],[-80.745597,34.491174],[-80.739548,34.505573],[-80.745617,34.512591],[-80.737674,34.539497],[-80.743345,34.539916],[-80.879227,34.457776],[-80.898722,34.486694],[-80.895652,34.493571],[-80.88172,34.500117],[-80.875377,34.529735],[-80.878446,34.546303],[-80.872964,34.552965],[-80.878272,34.581118],[-80.892191,34.598048],[-80.889307,34.618193],[-80.896475,34.635224],[-80.887511,34.652599],[-80.88857,34.668603],[-80.859857,34.700234],[-80.866425,34.706626],[-80.877696,34.743889],[-80.87642,34.788537],[-80.898942,34.823734],[-80.873901,34.838467],[-80.86689,34.847686],[-80.867682,34.85417],[-80.878706,34.862069],[-80.880086,34.871524],[-80.878858,34.901044],[-80.867693,34.912821],[-80.86514,34.923921],[-80.870617,34.934406],[-80.868561,34.950697],[-80.874004,34.96537],[-80.878932,34.96234],[-80.884702,34.966203],[-80.882388,34.969852],[-80.888662,34.984695],[-80.885735,34.99155],[-80.894018,34.99317],[-80.894848,35.000165],[-80.902449,35.005737],[-80.89935,35.011441],[-80.904341,35.010931],[-80.909309,35.017624]]]}},{"type":"Feature","properties":{"GEOID":"45069","NAME":"Marlboro","state":"SC","wildfire_risk_score":73.664,"wildfire_eal_total":133499.11,"risk_band":"Moderate","source":"FEMA National Risk Index v1.20 (December 2025)"},"geometry":{"type":"Polygon","coordinates":[[[-79.934322,34.80127],[-79.9307316921099,34.8066227195903],[-79.675299,34.804744],[-79.450034,34.621036],[-79.633413,34.297994],[-79.657764,34.30519],[-79.656797,34.309072],[-79.662644,34.311944],[-79.660364,34.32228],[-79.673073,34.331278],[-79.686596,34.354136],[-79.692733,34.35652],[-79.691584,34.361328],[-79.682688,34.35971],[-79.673676,34.371099],[-79.675114,34.376288],[-79.689442,34.381765],[-79.690922,34.389743],[-79.684807,34.392104],[-79.683401,34.399148],[-79.699655,34.406636],[-79.703474,34.399333],[-79.712613,34.402099],[-79.715279,34.394374],[-79.721314,34.392463],[-79.7165,34.399643],[-79.721952,34.408679],[-79.718441,34.417088],[-79.727555,34.416967],[-79.750566,34.436797],[-79.751804,34.466495],[-79.731692,34.46638],[-79.732381,34.477138],[-79.721794,34.485416],[-79.72658,34.495523],[-79.754415,34.50414],[-79.752115,34.51353],[-79.763278,34.519069],[-79.770471,34.508475],[-79.76909,34.496528],[-79.782927,34.497769],[-79.788039,34.484303],[-79.796426,34.491619],[-79.806146,34.484584],[-79.814885,34.497192],[-79.833379,34.510258],[-79.829246,34.520277],[-79.832718,34.528084],[-79.81889,34.57056],[-79.80881,34.584727],[-79.80618,34.605755],[-79.803132,34.609663],[-79.784081,34.607254],[-79.777815,34.614293],[-79.790369,34.623564],[-79.790202,34.631831],[-79.800592,34.637668],[-79.79561,34.647596],[-79.808357,34.650777],[-79.816868,34.658677],[-79.830454,34.657212],[-79.840801,34.669489],[-79.859388,34.677789],[-79.872941,34.69563],[-79.878719,34.716828],[-79.893039,34.741964],[-79.926208,34.766534],[-79.934322,34.80127]]]}},{"type":"Feature","properties":{"GEOID":"45077","NAME":"Pickens","state":"SC","wildfire_risk_score":50.859,"wildfire_eal_total":49248.02,"risk_band":"Low","source":"FEMA National Risk Index v1.20 (December 2025)"},"geometry":{"type":"MultiPolygon","coordinates":[[[[-82.844222,34.619777],[-82.842954,34.62101],[-82.841971,34.621463],[-82.84395,34.619544],[-82.844222,34.619777]]],[[[-82.864934,34.616961],[-82.859107,34.621527],[-82.852891,34.614782],[-82.852815,34.618722],[-82.845093,34.618518],[-82.857782,34.60883],[-82.864934,34.616961]]],[[[-82.943375,34.98849],[-82.939001,34.989541],[-82.942043,34.991762],[-82.934018,34.997914],[-82.93028,35.009336],[-82.918359,35.006091],[-82.912114,35.009514],[-82.920878,35.015734],[-82.918122,35.029355],[-82.913842,35.029513],[-82.918257,35.036065],[-82.904957,35.042081],[-82.905627,35.048757],[-82.899089,35.049339],[-82.8975590881488,35.0560056967985],[-82.787867,35.085024],[-82.776357,35.081349],[-82.781973,35.066817],[-82.777376,35.064143],[-82.7641000172578,35.0681684927111],[-82.74971,35.047603],[-82.737907,35.047153],[-82.729364,35.054919],[-82.719106,35.052752],[-82.708208,35.062131],[-82.669236,35.062425],[-82.659669,35.06698],[-82.655712,35.061888],[-82.641624,35.060178],[-82.613234,35.067409],[-82.61138,35.072269],[-82.571589,35.07463],[-82.574264,35.064595],[-82.590483,35.063689],[-82.597721,35.05429],[-82.598215,35.038505],[-82.590272,35.044186],[-82.585721,35.0324],[-82.592265,35.027688],[-82.588344,35.021026],[-82.595552,35.010136],[-82.581477,35.008402],[-82.573736,35.013151],[-82.537858,35.015471],[-82.543159,35.004564],[-82.534138,34.983761],[-82.54054,34.984759],[-82.548056,34.978723],[-82.52744,34.965935],[-82.528534,34.953921],[-82.518988,34.944012],[-82.52593,34.943315],[-82.517595,34.934951],[-82.521097,34.927356],[-82.515853,34.926008],[-82.518156,34.920411],[-82.510913,34.917981],[-82.508964,34.911478],[-82.501028,34.910381],[-82.502794,34.9037],[-82.493822,34.895736],[-82.496476,34.887616],[-82.487738,34.885797],[-82.491539,34.878384],[-82.487438,34.874756],[-82.489028,34.861408],[-82.483001,34.857942],[-82.484659,34.844364],[-82.489146,34.841123],[-82.480773,34.84253],[-82.486993,34.830569],[-82.476366,34.827934],[-82.487034,34.819004],[-82.787568,34.672734],[-82.840009,34.623311],[-82.847118,34.620248],[-82.846593,34.625893],[-82.850234,34.621555],[-82.852152,34.621266],[-82.851049,34.62646],[-82.855306,34.626193],[-82.852088,34.630399],[-82.855122,34.630168],[-82.856898,34.630733],[-82.856654,34.632293],[-82.838171,34.637252],[-82.836621,34.632666],[-82.827446,34.642351],[-82.83731,34.639301],[-82.839614,34.64508],[-82.832496,34.64375],[-82.8376,34.646761],[-82.82288,34.654503],[-82.830042,34.657146],[-82.840097,34.652512],[-82.842419,34.655462],[-82.832366,34.660008],[-82.851237,34.668525],[-82.855531,34.678401],[-82.848551,34.683144],[-82.853777,34.68994],[-82.849434,34.695916],[-82.865109,34.701645],[-82.856993,34.713196],[-82.858106,34.729267],[-82.874082,34.736932],[-82.894626,34.736132],[-82.900212,34.741074],[-82.889024,34.760767],[-82.893232,34.765408],[-82.887078,34.768694],[-82.880929,34.786933],[-82.873015,34.79],[-82.887244,34.795228],[-82.888106,34.807705],[-82.896614,34.802949],[-82.89595,34.815599],[-82.90113,34.823223],[-82.896081,34.836933],[-82.904678,34.859627],[-82.902137,34.864969],[-82.909288,34.894684],[-82.900963,34.895362],[-82.900315,34.902363],[-82.906183,34.906452],[-82.901449,34.914628],[-82.908937,34.921255],[-82.903309,34.935044],[-82.915735,34.947141],[-82.908799,34.954388],[-82.919157,34.95989],[-82.91589,34.972396],[-82.93678,34.978122],[-82.937228,34.985562],[-82.943375,34.98849]]]]}},{"type":"Feature","properties":{"GEOID":"45059","NAME":"Laurens","state":"SC","wildfire_risk_score":49.078,"wildfire_eal_total":34087.36,"risk_band":"Low","source":"FEMA National Risk Index v1.20 (December 2025)"},"geometry":{"type":"Polygon","coordinates":[[[-82.314744,34.47263],[-82.313871,34.484335],[-82.236063,34.535348],[-82.234779,34.588815],[-82.145587,34.785208],[-82.131939,34.778822],[-82.13535,34.773068],[-82.131103,34.773719],[-82.115245,34.748904],[-82.109373,34.756258],[-82.101052,34.744035],[-82.083913,34.74481],[-82.086807,34.738267],[-82.08216,34.727006],[-82.076569,34.725779],[-82.078757,34.719446],[-82.069974,34.719812],[-82.066635,34.715248],[-82.069443,34.702257],[-82.058744,34.70174],[-82.057133,34.695155],[-82.048041,34.692857],[-82.035623,34.680529],[-82.029105,34.681354],[-82.004644,34.662349],[-81.982226,34.657268],[-81.977988,34.660747],[-81.969886,34.656576],[-81.96993,34.649549],[-81.951851,34.649541],[-81.910295,34.60304],[-81.89976,34.598987],[-81.893825,34.60168],[-81.89029,34.590112],[-81.880229,34.596668],[-81.871164,34.59288],[-81.863555,34.580197],[-81.858762,34.592233],[-81.842846,34.600635],[-81.839339,34.593235],[-81.829476,34.594071],[-81.825865,34.588058],[-81.81817,34.588202],[-81.810395,34.578077],[-81.802319,34.580808],[-81.797935,34.57386],[-81.768732,34.570889],[-81.767506,34.56653],[-81.752516,34.563598],[-81.747335,34.568272],[-81.739238,34.559781],[-81.733621,34.560909],[-81.717328,34.55147],[-81.701054,34.559363],[-81.690758,34.552705],[-81.677321,34.557972],[-81.677616,34.550804],[-81.658451,34.54784],[-81.658611,34.541157],[-81.643552,34.533652],[-81.649702,34.517709],[-81.66475,34.505335],[-81.703198,34.452631],[-81.722491,34.449661],[-81.734455,34.437736],[-81.747462,34.419591],[-81.747064,34.412908],[-81.778407,34.378887],[-81.782627,34.365089],[-81.812999,34.347558],[-81.836861,34.342805],[-81.849816,34.332984],[-81.848467,34.323528],[-81.861302,34.315545],[-81.883076,34.311964],[-81.895331,34.300497],[-81.9032,34.263286],[-81.911351,34.246345],[-81.923777,34.230895],[-81.926727,34.219721],[-81.945019,34.203148],[-81.96069,34.218542],[-81.971079,34.222157],[-81.97924,34.232357],[-81.978375,34.238109],[-82.009309,34.242498],[-82.031129,34.262359],[-82.048892,34.267271],[-82.052426,34.275476],[-82.08452,34.299759],[-82.110707,34.308064],[-82.121724,34.303403],[-82.125945,34.316476],[-82.134027,34.323794],[-82.155039,34.331675],[-82.168731,34.330102],[-82.173154,34.350834],[-82.184948,34.364997],[-82.196921,34.369435],[-82.20085,34.376919],[-82.209161,34.375772],[-82.220994,34.38536],[-82.221453,34.391151],[-82.231335,34.392477],[-82.227886,34.402171],[-82.2446,34.403428],[-82.254404,34.420151],[-82.261431,34.420938],[-82.266065,34.433234],[-82.276985,34.435957],[-82.287926,34.453585],[-82.305022,34.461287],[-82.314744,34.47263]]]}},{"type":"Feature","properties":{"GEOID":"45085","NAME":"Sumter","state":"SC","wildfire_risk_score":78.976,"wildfire_eal_total":326187.86,"risk_band":"High","source":"FEMA National Risk Index v1.20 (December 2025)"},"geometry":{"type":"Polygon","coordinates":[[[-80.646598,33.999009],[-80.635393,34.001448],[-80.637267,34.007608],[-80.625285,34.003704],[-80.628049,34.011887],[-80.618663,34.016678],[-80.61547,34.024456],[-80.602087,34.025355],[-80.608019,34.02929],[-80.600952,34.039386],[-80.612569,34.051773],[-80.606416,34.057982],[-80.612739,34.056163],[-80.612718,34.063108],[-80.631167,34.068238],[-80.619502,34.082306],[-80.626604,34.077438],[-80.63616,34.080206],[-80.632427,34.089368],[-80.620896,34.09004],[-80.615698,34.096764],[-80.620313,34.107377],[-80.58011,34.099949],[-80.479857,34.168696],[-80.481318,34.112622],[-80.405526,34.081369],[-80.39564,34.08949],[-80.378741,34.080701],[-80.317016,34.078314],[-80.303245,34.063222],[-80.294931,34.039437],[-80.266985,34.033113],[-80.258766,34.021816],[-80.259267,34.011966],[-80.249799,33.992166],[-80.188288,34.004924],[-80.180371,33.952002],[-80.070364,34.00792],[-80.02676,34.008543],[-80.000594,34.047877],[-79.959766,34.021373],[-79.946947,34.022955],[-79.947497,34.018076],[-79.936219,34.017985],[-79.92464,34.007494],[-79.910917,34.006484],[-79.903658,34.002245],[-79.902147,33.992415],[-79.893517,33.988017],[-80.056328,33.906848],[-80.121612,33.869555],[-80.13548,33.868765],[-80.195371,33.838982],[-80.255405,33.804083],[-80.271233,33.786252],[-80.397131,33.767821],[-80.392003,33.71555],[-80.434426,33.71189],[-80.432912,33.721178],[-80.425935,33.72409],[-80.430925,33.738306],[-80.449293,33.737528],[-80.454441,33.713523],[-80.478709,33.714265],[-80.497595,33.67432],[-80.534085,33.643911],[-80.548457,33.650413],[-80.553939,33.661176],[-80.565548,33.664732],[-80.560512,33.671538],[-80.562359,33.678395],[-80.59026,33.684844],[-80.596598,33.695036],[-80.593092,33.701947],[-80.615264,33.711835],[-80.616465,33.719497],[-80.627554,33.730996],[-80.624472,33.734562],[-80.629657,33.737391],[-80.605638,33.757476],[-80.608837,33.761938],[-80.601552,33.768724],[-80.605679,33.771766],[-80.597715,33.777512],[-80.602976,33.785323],[-80.596205,33.786431],[-80.603762,33.793062],[-80.600345,33.799183],[-80.605381,33.804746],[-80.598288,33.804476],[-80.603094,33.810932],[-80.606416,33.808686],[-80.615676,33.814514],[-80.620288,33.831032],[-80.616073,33.834332],[-80.633545,33.85268],[-80.627596,33.86114],[-80.62296,33.860408],[-80.625322,33.869625],[-80.619589,33.87873],[-80.625003,33.880802],[-80.620793,33.882486],[-80.625563,33.893511],[-80.620408,33.888651],[-80.615045,33.891887],[-80.625744,33.898545],[-80.624507,33.905497],[-80.634093,33.917333],[-80.6262,33.929899],[-80.630567,33.9337],[-80.616716,33.936427],[-80.622778,33.936647],[-80.620157,33.942386],[-80.629055,33.941776],[-80.61576,33.965472],[-80.633148,33.966549],[-80.630442,33.975766],[-80.641126,33.983319],[-80.643969,33.989121],[-80.639257,33.993412],[-80.646598,33.999009]]]}},{"type":"Feature","properties":{"GEOID":"45061","NAME":"Lee","state":"SC","wildfire_risk_score":57.411,"wildfire_eal_total":48078.23,"risk_band":"Moderate","source":"FEMA National Risk Index v1.20 (December 2025)"},"geometry":{"type":"Polygon","coordinates":[[[-80.480293,34.125504],[-80.479857,34.168696],[-80.460865,34.183315],[-80.452367,34.198991],[-80.454545,34.207963],[-80.445164,34.206046],[-80.437497,34.21674],[-80.4308,34.226997],[-80.43299,34.248856],[-80.424057,34.250703],[-80.429288,34.257195],[-80.431036,34.276632],[-80.437359,34.284502],[-80.421654,34.294301],[-80.400922,34.295196],[-80.382004,34.305188],[-80.353031,34.30333],[-80.365772,34.328153],[-80.363759,34.339547],[-80.325107,34.339291],[-80.326129,34.344234],[-80.288692,34.364139],[-80.275563,34.349245],[-80.252869,34.340714],[-80.243558,34.323884],[-80.206302,34.339055],[-80.1913,34.366691],[-80.18512,34.367936],[-80.177225,34.366203],[-80.175036,34.326271],[-80.170223,34.315998],[-80.160823,34.30213],[-80.133897,34.282444],[-80.135817,34.27246],[-80.111733,34.228613],[-80.112727,34.197018],[-80.158582,34.161623],[-80.13452,34.128492],[-80.124416,34.12564],[-80.114974,34.115049],[-80.107179,34.115166],[-80.084151,34.09112],[-80.057447,34.079096],[-80.031929,34.076801],[-80.017047,34.060969],[-80.005051,34.056268],[-80.005962,34.050932],[-80.000594,34.047877],[-80.02676,34.008543],[-80.070364,34.00792],[-80.180371,33.952002],[-80.188288,34.004924],[-80.249799,33.992166],[-80.259267,34.011966],[-80.258766,34.021816],[-80.266985,34.033113],[-80.294931,34.039437],[-80.303245,34.063222],[-80.317016,34.078314],[-80.378741,34.080701],[-80.39564,34.08949],[-80.405526,34.081369],[-80.481318,34.112622],[-80.480293,34.125504]]]}},{"type":"Feature","properties":{"GEOID":"45041","NAME":"Florence","state":"SC","wildfire_risk_score":86.45,"wildfire_eal_total":656126.13,"risk_band":"High","source":"FEMA National Risk Index v1.20 (December 2025)"},"geometry":{"type":"Polygon","coordinates":[[[-80.069878,34.086191],[-79.809021,34.252438],[-79.797942,34.254711],[-79.749383,34.245053],[-79.752562,34.250616],[-79.729566,34.29519],[-79.685599,34.284431],[-79.679225,34.287798],[-79.672131,34.302731],[-79.662386,34.307585],[-79.631124,34.296848],[-79.62386,34.300556],[-79.601003,34.290532],[-79.576663,34.272587],[-79.571557,34.26267],[-79.561567,34.257944],[-79.54404,34.225186],[-79.548523,34.204095],[-79.563,34.19612],[-79.571834,34.183689],[-79.554417,34.158073],[-79.543957,34.151698],[-79.541624,34.139168],[-79.532586,34.135701],[-79.532479,34.126311],[-79.517206,34.12677],[-79.524575,34.115581],[-79.514513,34.105475],[-79.5198,34.102435],[-79.515308,34.097207],[-79.529062,34.100249],[-79.530282,34.079264],[-79.535909,34.076085],[-79.526604,34.069267],[-79.526905,34.062877],[-79.521207,34.060301],[-79.511447,34.040925],[-79.512825,34.013761],[-79.508899,34.003747],[-79.51694,33.99398],[-79.499779,33.971266],[-79.481494,33.964689],[-79.492008,33.952599],[-79.491714,33.946522],[-79.482632,33.937589],[-79.475396,33.938006],[-79.47368,33.930026],[-79.46292,33.93177],[-79.459613,33.920782],[-79.452006,33.924646],[-79.452206,33.914835],[-79.430413,33.903307],[-79.428997,33.897811],[-79.400421,33.892238],[-79.409838,33.885294],[-79.389519,33.873197],[-79.388827,33.864892],[-79.368341,33.842931],[-79.353486,33.841153],[-79.353769,33.834081],[-79.349153,33.842059],[-79.339777,33.841487],[-79.332042,33.836626],[-79.336864,33.832552],[-79.315168,33.826811],[-79.319544,33.822538],[-79.314094,33.816717],[-79.317282,33.79932],[-79.322357,33.803932],[-79.324317,33.799123],[-79.330799,33.800271],[-79.331412,33.804812],[-79.340393,33.802796],[-79.352229,33.815135],[-79.382645,33.818577],[-79.386905,33.807449],[-79.397197,33.801177],[-79.418678,33.799441],[-79.441533,33.784387],[-79.458827,33.781068],[-79.471177,33.78412],[-79.496486,33.775357],[-79.63488,33.808359],[-79.635808,33.818038],[-79.644013,33.814344],[-79.677327,33.814694],[-79.687973,33.804914],[-79.699635,33.814007],[-79.724936,33.814552],[-79.743388,33.835056],[-79.79837,33.835562],[-79.834881,33.882601],[-79.847156,33.884487],[-79.854891,33.891738],[-79.866427,33.884322],[-79.899971,33.889087],[-79.944002,33.885067],[-79.952317,33.89425],[-79.974601,33.946527],[-79.894229,33.989709],[-79.902147,33.992415],[-79.903658,34.002245],[-79.910917,34.006484],[-79.92464,34.007494],[-79.936219,34.017985],[-79.947497,34.018076],[-79.946947,34.022955],[-79.959766,34.021373],[-79.980432,34.036783],[-79.992099,34.039756],[-80.005962,34.050932],[-80.005051,34.056268],[-80.017047,34.060969],[-80.031929,34.076801],[-80.057447,34.079096],[-80.069878,34.086191]]]}},{"type":"Feature","properties":{"GEOID":"45015","NAME":"Berkeley","state":"SC","wildfire_risk_score":89.822,"wildfire_eal_total":1716163.31,"risk_band":"High","source":"FEMA National Risk Index v1.20 (December 2025)"},"geometry":{"type":"Polygon","coordinates":[[[-80.361301,33.263077],[-80.357354,33.274775],[-80.348927,33.278023],[-80.317203,33.264118],[-80.301943,33.267459],[-80.253836,33.29926],[-80.2479,33.338163],[-80.239619,33.352201],[-80.241557,33.383084],[-80.238463,33.391153],[-80.230245,33.384105],[-80.229876,33.391575],[-80.222568,33.391288],[-80.222362,33.447756],[-80.204021,33.441872],[-80.208162,33.452291],[-80.198097,33.451575],[-80.197517,33.443643],[-80.186792,33.450518],[-80.181662,33.448491],[-80.181021,33.454631],[-80.175684,33.448614],[-80.170565,33.449739],[-80.162727,33.4607],[-80.158536,33.45703],[-80.161461,33.448947],[-80.148306,33.449867],[-80.150669,33.460265],[-80.139199,33.45398],[-80.144243,33.464106],[-80.13176,33.463405],[-80.148222,33.47402],[-80.152085,33.485418],[-80.144104,33.484388],[-80.127285,33.493274],[-80.125549,33.502435],[-80.104422,33.497051],[-80.09594,33.499611],[-80.095867,33.495446],[-80.093832,33.502965],[-80.084656,33.499984],[-80.079889,33.506874],[-80.048651,33.506373],[-80.042478,33.500949],[-80.036558,33.50683],[-80.031722,33.500907],[-80.02526,33.506441],[-80.020477,33.498423],[-80.013963,33.5051],[-80.005361,33.502539],[-80.001893,33.49472],[-79.9969,33.499224],[-80.000355,33.505589],[-79.996226,33.506841],[-79.989787,33.498297],[-79.964557,33.498642],[-79.941151,33.480834],[-79.940109,33.475726],[-79.934769,33.47773],[-79.910226,33.455713],[-79.902145,33.455348],[-79.903119,33.450426],[-79.894146,33.45365],[-79.876316,33.435311],[-79.868225,33.434482],[-79.868539,33.429266],[-79.878674,33.427056],[-79.861303,33.417789],[-79.860795,33.408508],[-79.840222,33.398011],[-79.835825,33.390552],[-79.813862,33.382321],[-79.808275,33.373284],[-79.8008,33.372634],[-79.794969,33.377948],[-79.790398,33.373158],[-79.784163,33.376126],[-79.786449,33.372023],[-79.781669,33.363956],[-79.771768,33.356162],[-79.767918,33.344612],[-79.761392,33.342248],[-79.761527,33.335569],[-79.754449,33.33447],[-79.75542,33.329451],[-79.749795,33.330358],[-79.734814,33.320169],[-79.709576,33.321246],[-79.664251,33.298322],[-79.630992,33.292928],[-79.606574,33.27932],[-79.56225,33.272523],[-79.557671,33.268588],[-79.559813,33.260484],[-79.549763,33.264979],[-79.545832,33.254808],[-79.493993,33.23603],[-79.479283,33.246068],[-79.482882,33.235444],[-79.470655,33.239414],[-79.473933,33.229771],[-79.458734,33.235219],[-79.462027,33.229387],[-79.453725,33.227842],[-79.455093,33.217733],[-79.446648,33.211819],[-79.450294,33.207334],[-79.474019,33.210341],[-79.477959,33.203023],[-79.483668,33.203811],[-79.486369,33.192368],[-79.492818,33.191821],[-79.497537,33.176985],[-79.50446,33.177054],[-79.512996,33.166157],[-79.512049,33.158076],[-79.521962,33.146698],[-79.533913,33.143754],[-79.550518,33.155427],[-79.562293,33.156333],[-79.597932,33.142032],[-79.60286,33.133784],[-79.609086,33.133123],[-79.612274,33.138446],[-79.642327,33.124386],[-79.660501,33.090832],[-79.674655,33.080462],[-79.703032,33.045934],[-79.716404,33.038555],[-79.730301,33.012638],[-79.762115,32.989093],[-79.7693,32.971566],[-79.763445,32.956336],[-79.771626,32.941845],[-79.781389,32.943782],[-79.82599,32.91864],[-79.83595,32.919754],[-79.852965,32.876102],[-79.895946,32.85986],[-79.893858,32.838677],[-79.897453,32.826937],[-79.918968,32.815421],[-79.929684,32.823213],[-79.931176,32.850007],[-79.956309,32.860047],[-79.963727,32.875353],[-79.962404,32.891106],[-79.948207,32.908348],[-80.011774,32.899881],[-80.041492,32.955011],[-80.040065,32.982747],[-80.056018,32.999355],[-80.098222,32.988106],[-80.10507,32.992491],[-80.102707,33.001325],[-80.110426,33.002156],[-80.113364,32.998061],[-80.33594,33.145463],[-80.310956,33.158355],[-80.296352,33.179454],[-80.308801,33.190429],[-80.330818,33.198424],[-80.335403,33.224494],[-80.346855,33.236085],[-80.348407,33.248922],[-80.361851,33.257443],[-80.361301,33.263077]]]}},{"type":"Feature","properties":{"GEOID":"45043","NAME":"Georgetown","state":"SC","wildfire_risk_score":91.349,"wildfire_eal_total":1212443.69,"risk_band":"High","source":"FEMA National Risk Index v1.20 (December 2025)"},"geometry":{"type":"Polygon","coordinates":[[[-79.680883,33.319604],[-79.677246,33.336762],[-79.653474,33.360652],[-79.633804,33.372633],[-79.625592,33.389718],[-79.595994,33.421548],[-79.59011,33.44354],[-79.545288,33.490903],[-79.496313,33.517469],[-79.483331,33.536771],[-79.435889,33.572509],[-79.433639,33.576709],[-79.442474,33.59596],[-79.419842,33.648468],[-79.411088,33.685825],[-79.392345,33.712177],[-79.359599,33.740107],[-79.346554,33.755334],[-79.338757,33.77358],[-79.332437,33.777054],[-79.317041,33.779878],[-79.30883,33.771973],[-79.293312,33.75228],[-79.293978,33.741144],[-79.286248,33.737386],[-79.291574,33.728981],[-79.28717,33.718807],[-79.280518,33.716324],[-79.271058,33.721645],[-79.275057,33.708852],[-79.265011,33.710275],[-79.267586,33.703399],[-79.242415,33.705905],[-79.240644,33.702598],[-79.249309,33.696975],[-79.234715,33.694235],[-79.216527,33.701653],[-79.21798,33.705784],[-79.212842,33.700058],[-79.196229,33.70134],[-79.199432,33.710101],[-79.178288,33.702194],[-79.180264,33.695432],[-79.157345,33.684777],[-79.151858,33.676201],[-79.1533,33.659385],[-79.141484,33.658587],[-79.136356,33.663807],[-79.12953,33.650146],[-79.12389,33.652188],[-79.127267,33.643627],[-79.133281,33.649299],[-79.135109,33.646702],[-79.129672,33.640642],[-79.134212,33.63802],[-79.128963,33.625932],[-79.123252,33.623239],[-79.122173,33.605709],[-79.109085,33.600326],[-79.10451,33.611144],[-79.09982,33.608997],[-79.096787,33.600349],[-79.101074,33.572969],[-79.016688,33.572282],[-79.01568,33.569108],[-79.0017805194861,33.5726759487036],[-79.028634,33.533407],[-79.0388,33.531499],[-79.04396,33.51922],[-79.084588,33.483669],[-79.135441,33.403867],[-79.147496,33.378243],[-79.158516,33.336743],[-79.172108,33.329123],[-79.163761,33.312049],[-79.180318,33.254141],[-79.175713,33.21106],[-79.1832,33.190774],[-79.19449,33.169787],[-79.223725,33.14979],[-79.246423,33.126007],[-79.27557597567,33.1167698552898],[-79.267946,33.132707],[-79.272412,33.139653],[-79.29125,33.146563],[-79.315087,33.145719],[-79.333316,33.155778],[-79.351291,33.153523],[-79.404032,33.183777],[-79.427477,33.209784],[-79.455093,33.217733],[-79.451725,33.225409],[-79.462027,33.229387],[-79.458734,33.235219],[-79.473933,33.229771],[-79.470655,33.239414],[-79.482882,33.235444],[-79.479283,33.246068],[-79.493993,33.23603],[-79.53018,33.247475],[-79.545832,33.254808],[-79.549763,33.264979],[-79.561087,33.261475],[-79.557671,33.268588],[-79.56225,33.272523],[-79.606574,33.27932],[-79.630992,33.292928],[-79.664251,33.298322],[-79.677014,33.304944],[-79.67275,33.310657],[-79.680883,33.319604]]]}},{"type":"Feature","properties":{"GEOID":"45029","NAME":"Colleton","state":"SC","wildfire_risk_score":82.761,"wildfire_eal_total":369011.21,"risk_band":"High","source":"FEMA National Risk Index v1.20 (December 2025)"},"geometry":{"type":"Polygon","coordinates":[[[-81.082291,33.02663],[-80.937157,33.102584],[-80.906025,33.060228],[-80.896074,33.06141],[-80.890558,33.078083],[-80.876896,33.093181],[-80.889025,33.102211],[-80.887851,33.112269],[-80.895426,33.125348],[-80.790822,33.181168],[-80.791968,33.176174],[-80.779081,33.176766],[-80.772,33.171563],[-80.74611,33.174535],[-80.743736,33.16819],[-80.734452,33.17005],[-80.715457,33.160525],[-80.712568,33.153812],[-80.709736,33.15647],[-80.703062,33.152485],[-80.705267,33.147008],[-80.69165,33.137524],[-80.693501,33.13237],[-80.68939,33.130239],[-80.693038,33.128704],[-80.678607,33.121585],[-80.670443,33.103552],[-80.627263,33.07593],[-80.629415,33.072771],[-80.622699,33.066263],[-80.578483,33.057251],[-80.577939,33.060526],[-80.570566,33.057687],[-80.553207,33.061925],[-80.550297,33.058328],[-80.544501,33.062244],[-80.547439,33.065751],[-80.540228,33.064307],[-80.538322,33.069965],[-80.532013,33.069653],[-80.526061,33.06118],[-80.509677,33.057263],[-80.491168,33.063792],[-80.475412,33.05995],[-80.474788,33.064394],[-80.459578,33.063735],[-80.455523,33.058993],[-80.452068,33.062201],[-80.43996,33.049005],[-80.437376,33.05322],[-80.424753,33.051478],[-80.421868,33.054915],[-80.412022,33.046596],[-80.400702,33.05278],[-80.38969,33.042994],[-80.387819,33.032843],[-80.406483,33.019011],[-80.403795,33.008403],[-80.412311,32.986026],[-80.408696,32.984605],[-80.41427,32.984171],[-80.418648,32.975351],[-80.413675,32.971501],[-80.418813,32.967264],[-80.407639,32.952712],[-80.405219,32.955134],[-80.407329,32.946046],[-80.402608,32.946987],[-80.399405,32.936039],[-80.398356,32.926899],[-80.406447,32.910229],[-80.395256,32.897126],[-80.397457,32.893852],[-80.392894,32.895957],[-80.385344,32.886119],[-80.396204,32.883049],[-80.394433,32.879682],[-80.403262,32.869644],[-80.399303,32.864449],[-80.39943,32.845742],[-80.394137,32.844502],[-80.405409,32.814966],[-80.409921,32.806538],[-80.414091,32.808837],[-80.414752,32.802562],[-80.418277,32.805144],[-80.435813,32.788194],[-80.432929,32.778479],[-80.439306,32.765882],[-80.447492,32.762709],[-80.447937,32.748439],[-80.453553,32.740501],[-80.447149,32.728384],[-80.429557,32.720391],[-80.435411,32.713132],[-80.422777,32.714593],[-80.415891,32.694745],[-80.422657,32.688471],[-80.417874,32.680688],[-80.420913,32.670059],[-80.404915,32.652409],[-80.389009,32.652283],[-80.402359,32.639521],[-80.407545,32.62708],[-80.422654,32.627359],[-80.428045,32.622455],[-80.420408,32.604205],[-80.399136,32.618255],[-80.387191,32.615129],[-80.3972,32.591862],[-80.389141,32.57384],[-80.393677,32.563305],[-80.412299,32.556861],[-80.415332,32.547935],[-80.38148,32.530229],[-80.351298,32.49866],[-80.336815,32.4932],[-80.326749,32.493082],[-80.324646,32.503726],[-80.333784,32.513059],[-80.349994,32.518744],[-80.348346,32.52535],[-80.322898,32.523682],[-80.319063,32.511113],[-80.28478,32.529638],[-80.277518,32.523623],[-80.265123,32.52824],[-80.260765,32.536514],[-80.2544050924034,32.5321028709609],[-80.332438,32.478104],[-80.338354,32.47873],[-80.346743,32.4945],[-80.36041,32.499813],[-80.37063,32.487584],[-80.387743,32.482973],[-80.392561,32.475332],[-80.413487,32.470672],[-80.421563,32.494835],[-80.444073,32.504924],[-80.472068,32.496964],[-80.4770408344244,32.485446033952],[-80.502944,32.495652],[-80.51776,32.519136],[-80.536483,32.529224],[-80.551504,32.565769],[-80.5574,32.566197],[-80.558939,32.555209],[-80.566016,32.550943],[-80.565224,32.565488],[-80.584206,32.567728],[-80.576166,32.577761],[-80.579835,32.584273],[-80.599788,32.581047],[-80.609914,32.590029],[-80.620881,32.5812],[-80.630837,32.591725],[-80.647828,32.596371],[-80.660655,32.615141],[-80.654396,32.626877],[-80.669961,32.622465],[-80.675147,32.625182],[-80.673961,32.632908],[-80.658638,32.635115],[-80.660693,32.64328],[-80.67823,32.642666],[-80.684494,32.654613],[-80.680527,32.662846],[-80.668854,32.663574],[-80.67115,32.671642],[-80.685875,32.672806],[-80.690041,32.667269],[-80.703327,32.664586],[-80.706497,32.673244],[-80.715575,32.673152],[-80.718353,32.679501],[-80.728534,32.673663],[-80.739243,32.682304],[-80.744888,32.674229],[-80.759727,32.679558],[-80.765622,32.675267],[-80.768631,32.681477],[-80.772659,32.676239],[-80.778305,32.68692],[-80.781258,32.681786],[-80.787256,32.682484],[-80.787483,32.688221],[-80.800026,32.686855],[-80.802505,32.690907],[-80.807877,32.689438],[-80.811356,32.697426],[-80.822731,32.696896],[-80.828735,32.708836],[-80.84562,32.720838],[-80.866191,32.775581],[-80.895778,32.810585],[-80.900059,32.832632],[-80.945538,32.876357],[-80.958832,32.87668],[-80.968475,32.890573],[-80.987205,32.90107],[-81.013461,32.954841],[-81.02963,32.973912],[-81.053258,32.989564],[-81.054261,32.999551],[-81.063553,33.006971],[-81.064656,33.013614],[-81.082291,33.02663]]]}},{"type":"Feature","properties":{"GEOID":"45035","NAME":"Dorchester","state":"SC","wildfire_risk_score":79.039,"wildfire_eal_total":454168.47,"risk_band":"High","source":"FEMA National Risk Index v1.20 (December 2025)"},"geometry":{"type":"Polygon","coordinates":[[[-80.789924,33.179426],[-80.50279,33.334496],[-80.494669,33.323807],[-80.493962,33.297539],[-80.484578,33.280034],[-80.475608,33.274851],[-80.451683,33.270656],[-80.427092,33.257762],[-80.391872,33.264564],[-80.364302,33.258555],[-80.348407,33.248922],[-80.346855,33.236085],[-80.335403,33.224494],[-80.330818,33.198424],[-80.308801,33.190429],[-80.296352,33.179454],[-80.310956,33.158355],[-80.33594,33.145463],[-80.149246,33.021601],[-80.153975,33.018103],[-80.160728,33.020767],[-80.164456,33.012818],[-80.169985,33.015525],[-80.17638,33.009964],[-80.169954,33.004346],[-80.16638,33.01264],[-80.162593,33.010502],[-80.167622,33.002557],[-80.14604,32.984295],[-80.13555,32.998887],[-80.110543,32.985492],[-80.130646,32.979009],[-80.139236,32.981783],[-80.141349,32.979207],[-80.079804,32.928186],[-80.097659,32.886962],[-80.102328,32.893144],[-80.119471,32.893625],[-80.118243,32.901149],[-80.122794,32.901766],[-80.125441,32.889636],[-80.137677,32.883736],[-80.13662,32.88772],[-80.144793,32.887563],[-80.149659,32.878856],[-80.162185,32.874614],[-80.154923,32.865051],[-80.161297,32.855901],[-80.176744,32.867075],[-80.185697,32.860807],[-80.183738,32.847075],[-80.1608,32.840922],[-80.149255,32.818195],[-80.301751,32.851913],[-80.401322,32.858532],[-80.399303,32.864449],[-80.403262,32.869644],[-80.394433,32.879682],[-80.396204,32.883049],[-80.385344,32.886119],[-80.392894,32.895957],[-80.397457,32.893852],[-80.395256,32.897126],[-80.406447,32.910229],[-80.398356,32.926899],[-80.399405,32.936039],[-80.402608,32.946987],[-80.407329,32.946046],[-80.405219,32.955134],[-80.407639,32.952712],[-80.418813,32.967264],[-80.413675,32.971501],[-80.418648,32.975351],[-80.41427,32.984171],[-80.408696,32.984605],[-80.412311,32.986026],[-80.403795,33.008403],[-80.406483,33.019011],[-80.387819,33.032843],[-80.38969,33.042994],[-80.400702,33.05278],[-80.412022,33.046596],[-80.421868,33.054915],[-80.424753,33.051478],[-80.437376,33.05322],[-80.43996,33.049005],[-80.452068,33.062201],[-80.455523,33.058993],[-80.459578,33.063735],[-80.474788,33.064394],[-80.475412,33.05995],[-80.491168,33.063792],[-80.509677,33.057263],[-80.526061,33.06118],[-80.532013,33.069653],[-80.538322,33.069965],[-80.540228,33.064307],[-80.547439,33.065751],[-80.544501,33.062244],[-80.550297,33.058328],[-80.553207,33.061925],[-80.591488,33.05782],[-80.6181,33.064754],[-80.62773,33.069516],[-80.627263,33.07593],[-80.670443,33.103552],[-80.678607,33.121585],[-80.693038,33.128704],[-80.68939,33.130239],[-80.693501,33.13237],[-80.69165,33.137524],[-80.705267,33.147008],[-80.703062,33.152485],[-80.709736,33.15647],[-80.712568,33.153812],[-80.715457,33.160525],[-80.734452,33.17005],[-80.743736,33.16819],[-80.74611,33.174535],[-80.758677,33.174674],[-80.762167,33.170344],[-80.764997,33.174608],[-80.772,33.171563],[-80.779081,33.176766],[-80.791968,33.176174],[-80.789924,33.179426]]]}},{"type":"Feature","properties":{"GEOID":"45063","NAME":"Lexington","state":"SC","wildfire_risk_score":75.254,"wildfire_eal_total":300948.27,"risk_band":"Moderate","source":"FEMA National Risk Index v1.20 (December 2025)"},"geometry":{"type":"Polygon","coordinates":[[[-81.571487,33.877318],[-81.465503,34.087315],[-81.444872,34.077668],[-81.424925,34.082954],[-81.40282,34.070839],[-81.390139,34.075255],[-81.388235,34.079347],[-81.403254,34.0979],[-81.422158,34.110007],[-81.420912,34.115493],[-81.432203,34.121254],[-81.437172,34.129963],[-81.403672,34.177876],[-81.374766,34.179009],[-81.352349,34.196689],[-81.338961,34.197587],[-81.314456,34.186905],[-81.302266,34.162395],[-81.315037,34.146141],[-81.275845,34.097381],[-81.233433,34.101768],[-81.1729,34.090454],[-81.132037,34.062321],[-81.097466,34.017734],[-81.073012,34.006457],[-81.064917,34.008614],[-81.050859,33.995775],[-81.045826,33.976644],[-81.017014,33.930855],[-81.019414,33.921155],[-81.030135,33.913647],[-81.008754,33.904102],[-81.021424,33.888074],[-81.01233,33.88008],[-81.037903,33.870868],[-81.047516,33.789425],[-81.059356,33.770425],[-81.058521,33.747053],[-81.036124,33.745211],[-81.032867,33.764055],[-81.023475,33.763469],[-81.022599,33.773186],[-81.014437,33.775015],[-81.014003,33.781241],[-80.961886,33.778992],[-80.924603,33.756945],[-80.945601,33.749297],[-80.955743,33.737818],[-80.978468,33.730482],[-80.991515,33.73214],[-81.042261,33.70729],[-81.086803,33.695315],[-81.187271,33.652937],[-81.265549,33.687119],[-81.270055,33.693894],[-81.290522,33.69424],[-81.310747,33.708457],[-81.36451,33.728096],[-81.381304,33.725197],[-81.41517,33.732118],[-81.426723,33.743114],[-81.435742,33.775666],[-81.460556,33.797251],[-81.515028,33.813114],[-81.519723,33.823836],[-81.531673,33.830896],[-81.546405,33.858577],[-81.56107,33.862815],[-81.571487,33.877318]]]}},{"type":"Feature","properties":{"GEOID":"45031","NAME":"Darlington","state":"SC","wildfire_risk_score":73.95,"wildfire_eal_total":169886.71,"risk_band":"Moderate","source":"FEMA National Risk Index v1.20 (December 2025)"},"geometry":{"type":"Polygon","coordinates":[[[-80.288692,34.364139],[-80.045493,34.492603],[-80.026547,34.486541],[-79.983435,34.501708],[-79.971466,34.497273],[-79.962474,34.487006],[-79.940832,34.48802],[-79.919846,34.495764],[-79.894227,34.489147],[-79.874787,34.496333],[-79.875678,34.501086],[-79.863641,34.508733],[-79.862028,34.521041],[-79.848807,34.524443],[-79.846883,34.53082],[-79.836106,34.53514],[-79.829981,34.531925],[-79.833379,34.510258],[-79.814885,34.497192],[-79.806146,34.484584],[-79.796426,34.491619],[-79.788039,34.484303],[-79.782927,34.497769],[-79.76909,34.496528],[-79.770471,34.508475],[-79.763278,34.519069],[-79.752115,34.51353],[-79.754415,34.50414],[-79.72658,34.495523],[-79.721794,34.485416],[-79.732381,34.477138],[-79.731692,34.46638],[-79.751804,34.466495],[-79.750566,34.436797],[-79.727555,34.416967],[-79.718441,34.417088],[-79.721952,34.408679],[-79.7165,34.399643],[-79.721314,34.392463],[-79.715279,34.394374],[-79.712613,34.402099],[-79.703474,34.399333],[-79.699655,34.406636],[-79.683401,34.399148],[-79.684807,34.392104],[-79.690922,34.389743],[-79.689442,34.381765],[-79.675114,34.376288],[-79.673676,34.371099],[-79.682688,34.35971],[-79.691584,34.361328],[-79.692733,34.35652],[-79.686596,34.354136],[-79.673073,34.331278],[-79.660364,34.32228],[-79.662644,34.311944],[-79.656797,34.309072],[-79.657764,34.30519],[-79.670668,34.304013],[-79.679225,34.287798],[-79.685599,34.284431],[-79.729566,34.29519],[-79.752562,34.250616],[-79.749383,34.245053],[-79.797942,34.254711],[-79.809021,34.252438],[-80.072202,34.085303],[-80.084151,34.09112],[-80.088806,34.099572],[-80.093101,34.098128],[-80.107179,34.115166],[-80.114974,34.115049],[-80.124416,34.12564],[-80.13452,34.128492],[-80.158582,34.161623],[-80.112727,34.197018],[-80.111733,34.228613],[-80.135817,34.27246],[-80.133897,34.282444],[-80.160823,34.30213],[-80.170223,34.315998],[-80.175036,34.326271],[-80.177225,34.366203],[-80.1913,34.366691],[-80.206302,34.339055],[-80.243558,34.323884],[-80.252869,34.340714],[-80.275563,34.349245],[-80.288692,34.364139]]]}},{"type":"Feature","properties":{"GEOID":"45089","NAME":"Williamsburg","state":"SC","wildfire_risk_score":87.246,"wildfire_eal_total":588123.22,"risk_band":"High","source":"FEMA National Risk Index v1.20 (December 2025)"},"geometry":{"type":"Polygon","coordinates":[[[-80.101697,33.496891],[-79.993233,33.704458],[-79.974382,33.72159],[-79.995638,33.767906],[-79.944505,33.810214],[-79.915305,33.818648],[-79.87562,33.885245],[-79.866427,33.884322],[-79.854891,33.891738],[-79.847156,33.884487],[-79.834881,33.882601],[-79.79837,33.835562],[-79.743388,33.835056],[-79.724936,33.814552],[-79.699635,33.814007],[-79.687973,33.804914],[-79.677327,33.814694],[-79.644013,33.814344],[-79.635808,33.818038],[-79.63488,33.808359],[-79.496486,33.775357],[-79.471177,33.78412],[-79.458827,33.781068],[-79.441533,33.784387],[-79.418678,33.799441],[-79.397197,33.801177],[-79.386905,33.807449],[-79.385197,33.817456],[-79.370415,33.818602],[-79.352229,33.815135],[-79.340393,33.802796],[-79.331412,33.804812],[-79.320129,33.791254],[-79.323277,33.788741],[-79.317041,33.779878],[-79.337764,33.774605],[-79.346554,33.755334],[-79.392345,33.712177],[-79.409997,33.687916],[-79.418503,33.667289],[-79.419842,33.648468],[-79.442474,33.59596],[-79.433639,33.576709],[-79.435889,33.572509],[-79.483331,33.536771],[-79.496313,33.517469],[-79.539673,33.495956],[-79.59011,33.44354],[-79.595994,33.421548],[-79.625592,33.389718],[-79.633804,33.372633],[-79.653474,33.360652],[-79.677246,33.336762],[-79.680883,33.319604],[-79.67275,33.310657],[-79.677014,33.304944],[-79.709576,33.321246],[-79.734814,33.320169],[-79.749795,33.330358],[-79.75542,33.329451],[-79.754449,33.33447],[-79.761527,33.335569],[-79.761392,33.342248],[-79.767918,33.344612],[-79.771768,33.356162],[-79.781669,33.363956],[-79.786449,33.372023],[-79.784163,33.376126],[-79.790398,33.373158],[-79.794969,33.377948],[-79.807011,33.372588],[-79.813862,33.382321],[-79.85477,33.402924],[-79.860795,33.408508],[-79.861303,33.417789],[-79.878674,33.427056],[-79.868539,33.429266],[-79.868225,33.434482],[-79.876316,33.435311],[-79.894146,33.45365],[-79.903119,33.450426],[-79.902145,33.455348],[-79.910226,33.455713],[-79.934769,33.47773],[-79.940109,33.475726],[-79.941151,33.480834],[-79.964557,33.498642],[-79.989787,33.498297],[-79.991861,33.504596],[-79.998831,33.506686],[-79.9969,33.499224],[-80.001893,33.49472],[-80.012136,33.505172],[-80.018569,33.498305],[-80.023949,33.506291],[-80.031722,33.500907],[-80.036558,33.50683],[-80.042478,33.500949],[-80.048651,33.506373],[-80.073486,33.507172],[-80.082171,33.505728],[-80.084656,33.499984],[-80.093832,33.502965],[-80.095867,33.495446],[-80.09594,33.499611],[-80.101697,33.496891]]]}},{"type":"Feature","properties":{"GEOID":"45065","NAME":"McCormick","state":"SC","wildfire_risk_score":34.765,"wildfire_eal_total":11313.53,"risk_band":"Low","source":"FEMA National Risk Index v1.20 (December 2025)"},"geometry":{"type":"Polygon","coordinates":[[[-82.5945005539168,34.0139247009851],[-82.530462,34.071919],[-82.49956,34.072098],[-82.483551,34.081215],[-82.452707,34.060344],[-82.376589,34.057374],[-82.326947,34.06412],[-82.305882,33.971789],[-82.243651,34.017886],[-82.21394,33.986077],[-82.174836,33.972433],[-82.167716,33.973052],[-82.151068,33.986517],[-82.076108,33.978783],[-82.04513,33.983396],[-82.046974,33.95321],[-82.155595,33.928917],[-82.148275,33.902811],[-82.159063,33.898009],[-82.154551,33.881673],[-82.113728,33.82988],[-82.12351,33.827781],[-82.130101,33.818805],[-82.138984,33.818532],[-82.134075,33.810185],[-82.141376,33.805616],[-82.138789,33.801562],[-82.1427,33.79584],[-82.150175,33.793779],[-82.147937,33.789762],[-82.159582,33.791362],[-82.153345,33.782561],[-82.159951,33.78153],[-82.172872,33.764733],[-82.165685,33.754746],[-82.164338,33.741325],[-82.181994,33.730465],[-82.182888,33.723732],[-82.165791,33.690108],[-82.145347,33.686097],[-82.148216,33.676487],[-82.134481,33.673905],[-82.130936,33.658829],[-82.110474,33.655299],[-82.095527,33.633869],[-82.1153200453067,33.5965957838839],[-82.12908,33.589925],[-82.142872,33.594278],[-82.156288,33.60863],[-82.176172,33.613775],[-82.196583,33.630582],[-82.199847,33.661758],[-82.234576,33.700216],[-82.247472,33.752591],[-82.288652,33.781635],[-82.297479,33.782974],[-82.300213,33.800627],[-82.346199,33.833829],[-82.373301,33.84475],[-82.402197,33.864656],[-82.424888,33.864133],[-82.455105,33.88165],[-82.492929,33.909754],[-82.51295,33.936969],[-82.524515,33.94336],[-82.543128,33.940949],[-82.556835,33.945353],[-82.580459,33.982133],[-82.575249,33.991433],[-82.588552,33.999768],[-82.5945005539168,34.0139247009851]]]}},{"type":"Feature","properties":{"GEOID":"45053","NAME":"Jasper","state":"SC","wildfire_risk_score":76.718,"wildfire_eal_total":223075.61,"risk_band":"High","source":"FEMA National Risk Index v1.20 (December 2025)"},"geometry":{"type":"Polygon","coordinates":[[[-81.2812975973478,32.556440280647],[-81.22258,32.603825],[-81.157665,32.64575],[-81.014625,32.753058],[-80.99534,32.730547],[-80.976496,32.720886],[-80.964779,32.695135],[-80.945865,32.687348],[-80.950034,32.661479],[-80.962951,32.652243],[-80.95867,32.642507],[-80.929043,32.636322],[-80.918322,32.626376],[-80.902448,32.621561],[-80.869705,32.660935],[-80.856079,32.634762],[-80.848305,32.632553],[-80.84584,32.62513],[-80.849937,32.616524],[-80.836548,32.608845],[-80.831543,32.593388],[-80.839207,32.557509],[-80.835978,32.544044],[-80.847733,32.530057],[-80.820228,32.490788],[-80.817729,32.46569],[-80.833929,32.45689],[-80.850197,32.416307],[-80.847973,32.411642],[-80.834852,32.414914],[-80.829836,32.410465],[-80.842329,32.394692],[-80.841458,32.385064],[-80.873715,32.369059],[-80.868487,32.363726],[-80.874341,32.359225],[-80.877594,32.345901],[-80.890755,32.347481],[-80.892054,32.353731],[-80.924459,32.350289],[-80.934125,32.321151],[-80.93494,32.300108],[-81.006369,32.306521],[-80.994209,32.290558],[-80.997543,32.28133],[-80.991677,32.267546],[-81.004925,32.250695],[-81.016112,32.244294],[-81.012368,32.218232],[-81.007561,32.219086],[-81.006577,32.213188],[-81.009961,32.213413],[-80.998245,32.204604],[-80.994227,32.197379],[-81.000138,32.196122],[-80.990441,32.190232],[-80.993812,32.187955],[-80.988455,32.189702],[-80.986931,32.193373],[-80.976589,32.185263],[-80.96239,32.184965],[-80.969319,32.176211],[-80.961815,32.179467],[-80.960225,32.17395],[-80.954107,32.175362],[-80.948593,32.169077],[-80.95762,32.165036],[-80.950513,32.161264],[-80.953016,32.141554],[-80.961019,32.151883],[-80.968959,32.147665],[-80.967254,32.140734],[-80.958002,32.137727],[-80.961468,32.126224],[-80.953436,32.131561],[-80.946908,32.128849],[-80.941319,32.137328],[-80.928535,32.138577],[-80.921158,32.130052],[-80.909456,32.134736],[-80.907254,32.131014],[-80.928313,32.121411],[-80.895659,32.107702],[-80.911701,32.085396],[-80.910545,32.079923],[-80.903801,32.07689],[-80.8793130837558,32.081031311622],[-80.907519,32.050935],[-80.90169,32.042699],[-80.894456,32.045089],[-80.889512,32.037593],[-80.925085,32.041939],[-80.95388,32.070142],[-80.983509,32.079549],[-80.992138,32.094915],[-81.004305,32.102367],[-81.017355,32.098785],[-81.026262,32.088129],[-81.038125,32.083734],[-81.08827,32.099931],[-81.091245,32.110888],[-81.106703,32.109698],[-81.115367,32.114705],[-81.119943,32.133998],[-81.112236,32.150804],[-81.121116,32.154504],[-81.122034,32.161803],[-81.129746,32.165933],[-81.121189,32.174923],[-81.111132,32.172703],[-81.111933,32.178002],[-81.120452,32.178293],[-81.118234,32.189201],[-81.121584,32.192203],[-81.114016,32.195448],[-81.122061,32.195501],[-81.138435,32.219256],[-81.152153,32.222322],[-81.143634,32.229266],[-81.156587,32.24391],[-81.14573,32.251523],[-81.146602,32.262766],[-81.13693,32.266115],[-81.141925,32.271742],[-81.13349,32.269796],[-81.13,32.275796],[-81.123425,32.275051],[-81.126965,32.282698],[-81.119867,32.286203],[-81.122933,32.307295],[-81.133052,32.309011],[-81.130648,32.325408],[-81.137926,32.328662],[-81.128956,32.336452],[-81.129435,32.341552],[-81.143794,32.351529],[-81.145982,32.345018],[-81.159832,32.339964],[-81.15484,32.349557],[-81.160096,32.348952],[-81.160998,32.355905],[-81.173824,32.36271],[-81.167906,32.368304],[-81.181845,32.379348],[-81.178713,32.393645],[-81.205507,32.423612],[-81.208443,32.437002],[-81.199435,32.444193],[-81.206666,32.448093],[-81.204496,32.452779],[-81.197485,32.44914],[-81.197968,32.453878],[-81.192243,32.453639],[-81.193727,32.459677],[-81.186952,32.463566],[-81.200029,32.467985],[-81.233585,32.498488],[-81.238684,32.506984],[-81.232148,32.513337],[-81.23342,32.517963],[-81.252882,32.51833],[-81.279905,32.536592],[-81.274955,32.544821],[-81.280731,32.547638],[-81.2812975973478,32.556440280647]]]}},{"type":"Feature","properties":{"GEOID":"45037","NAME":"Edgefield","state":"SC","wildfire_risk_score":57.888,"wildfire_eal_total":65058.44,"risk_band":"Moderate","source":"FEMA National Risk Index v1.20 (December 2025)"},"geometry":{"type":"Polygon","coordinates":[[[-82.182587,33.726622],[-82.164338,33.741325],[-82.165685,33.754746],[-82.172872,33.764733],[-82.159951,33.78153],[-82.153345,33.782561],[-82.159582,33.791362],[-82.147937,33.789762],[-82.150175,33.793779],[-82.1427,33.79584],[-82.138789,33.801562],[-82.141376,33.805616],[-82.134075,33.810185],[-82.138984,33.818532],[-82.130101,33.818805],[-82.12351,33.827781],[-82.113728,33.82988],[-82.154551,33.881673],[-82.159063,33.898009],[-82.148275,33.902811],[-82.155595,33.928917],[-81.932044,33.976914],[-81.894595,33.975415],[-81.87036,33.891985],[-81.836803,33.866501],[-81.823435,33.86738],[-81.776625,33.845993],[-81.651759,33.81451],[-82.0124735862371,33.5321069800702],[-82.033023,33.546454],[-82.046335,33.56383],[-82.094128,33.582742],[-82.10624,33.595637],[-82.1153200453067,33.5965957838839],[-82.095527,33.633869],[-82.110474,33.655299],[-82.130936,33.658829],[-82.134481,33.673905],[-82.148216,33.676487],[-82.145347,33.686097],[-82.165791,33.690108],[-82.182587,33.726622]]]}},{"type":"Feature","properties":{"GEOID":"45039","NAME":"Fairfield","state":"SC","wildfire_risk_score":45.897,"wildfire_eal_total":24206.4,"risk_band":"Low","source":"FEMA National Risk Index v1.20 (December 2025)"},"geometry":{"type":"Polygon","coordinates":[[[-81.426891,34.533999],[-81.420126,34.562613],[-81.422698,34.572019],[-80.877596,34.54315],[-80.875377,34.529735],[-80.88172,34.500117],[-80.895652,34.493571],[-80.898722,34.486694],[-80.888246,34.467874],[-80.833215,34.414825],[-80.793478,34.413298],[-80.783207,34.406485],[-80.783614,34.38883],[-80.769926,34.377111],[-80.825921,34.26876],[-80.961896,34.252021],[-81.039224,34.232537],[-81.042685,34.236661],[-81.057546,34.233655],[-81.061227,34.228003],[-81.069867,34.232246],[-81.070837,34.225062],[-81.076753,34.220905],[-81.0833,34.224753],[-81.095863,34.213872],[-81.181196,34.220285],[-81.168431,34.197653],[-81.179423,34.18706],[-81.178293,34.174552],[-81.218735,34.196796],[-81.226412,34.205687],[-81.251273,34.202946],[-81.284113,34.233033],[-81.314184,34.237715],[-81.330144,34.259084],[-81.342297,34.266928],[-81.34534,34.279166],[-81.33961,34.292197],[-81.353991,34.302884],[-81.365177,34.322745],[-81.371459,34.350403],[-81.39653,34.389809],[-81.42124,34.453824],[-81.412494,34.469879],[-81.415977,34.479515],[-81.422449,34.482217],[-81.421139,34.503224],[-81.426891,34.533999]]]}},{"type":"Feature","properties":{"GEOID":"45073","NAME":"Oconee","state":"SC","wildfire_risk_score":63.391,"wildfire_eal_total":84291.86,"risk_band":"Moderate","source":"FEMA National Risk Index v1.20 (December 2025)"},"geometry":{"type":"Polygon","coordinates":[[[-83.35391,34.699219],[-83.346649,34.70422],[-83.352798,34.717445],[-83.349075,34.736633],[-83.338965,34.738436],[-83.325897,34.756474],[-83.318939,34.758331],[-83.323213,34.760579],[-83.318977,34.771309],[-83.323866,34.789712],[-83.313782,34.799911],[-83.301182,34.804008],[-83.299797,34.810062],[-83.306663,34.81485],[-83.303131,34.818745],[-83.296051,34.813114],[-83.28865,34.824673],[-83.27669,34.816894],[-83.268318,34.821125],[-83.26734,34.832372],[-83.272426,34.834718],[-83.266306,34.849044],[-83.250163,34.844597],[-83.253319,34.855923],[-83.246933,34.855007],[-83.246719,34.867002],[-83.238609,34.865452],[-83.234703,34.870743],[-83.243126,34.877392],[-83.21994,34.878113],[-83.214485,34.88847],[-83.214722,34.883842],[-83.206253,34.879677],[-83.201019,34.884789],[-83.203069,34.893855],[-83.196775,34.890733],[-83.194374,34.899567],[-83.189278,34.897255],[-83.169087,34.918777],[-83.157208,34.914934],[-83.156235,34.930984],[-83.140621,34.924915],[-83.130554,34.930932],[-83.12759,34.938491],[-83.120819,34.933048],[-83.111725,34.935863],[-83.127556,34.949482],[-83.126587,34.954861],[-83.114021,34.950912],[-83.120028,34.957478],[-83.115929,34.960308],[-83.12211,34.964329],[-83.116623,34.975315],[-83.110855,34.976315],[-83.111275,34.981003],[-83.105766,34.981503],[-83.098381,34.991123],[-83.109557,35.001197],[-82.8975590881488,35.0560056967985],[-82.899089,35.049339],[-82.905627,35.048757],[-82.904957,35.042081],[-82.918257,35.036065],[-82.913842,35.029513],[-82.918122,35.029355],[-82.920878,35.015734],[-82.912114,35.009514],[-82.918359,35.006091],[-82.93028,35.009336],[-82.943597,34.987532],[-82.937228,34.985562],[-82.934079,34.976593],[-82.91589,34.972396],[-82.919157,34.95989],[-82.908799,34.954388],[-82.915735,34.947141],[-82.903309,34.935044],[-82.908937,34.921255],[-82.901449,34.914628],[-82.906183,34.906452],[-82.900315,34.902363],[-82.900963,34.895362],[-82.909288,34.894684],[-82.902137,34.864969],[-82.904678,34.859627],[-82.896081,34.836933],[-82.90113,34.823223],[-82.89595,34.815599],[-82.896614,34.802949],[-82.888106,34.807705],[-82.887244,34.795228],[-82.873015,34.79],[-82.880929,34.786933],[-82.887078,34.768694],[-82.893232,34.765408],[-82.889024,34.760767],[-82.900212,34.741074],[-82.894626,34.736132],[-82.874082,34.736932],[-82.858106,34.729267],[-82.856993,34.713196],[-82.865109,34.701645],[-82.849434,34.695916],[-82.853777,34.68994],[-82.848551,34.683144],[-82.855531,34.678401],[-82.851237,34.668525],[-82.832366,34.660008],[-82.842419,34.655462],[-82.840097,34.652512],[-82.830042,34.657146],[-82.82288,34.654503],[-82.8376,34.646761],[-82.832496,34.64375],[-82.839614,34.64508],[-82.83731,34.639301],[-82.827446,34.642351],[-82.836621,34.632666],[-82.838171,34.637252],[-82.856654,34.632293],[-82.852088,34.630399],[-82.855306,34.626193],[-82.851049,34.62646],[-82.852152,34.621266],[-82.846593,34.625893],[-82.847118,34.620248],[-82.840009,34.623311],[-82.845093,34.618518],[-82.852815,34.618722],[-82.852891,34.614782],[-82.859107,34.621527],[-82.861688,34.616698],[-82.867034,34.617247],[-82.855296,34.60889],[-82.992671,34.479072],[-82.99509,34.472483],[-83.03336,34.48309],[-83.051025,34.493526],[-83.054463,34.50289],[-83.069451,34.502131],[-83.079842,34.514454],[-83.087189,34.515939],[-83.077934,34.524765],[-83.084855,34.530967],[-83.102852,34.532574],[-83.110248,34.547056],[-83.124256,34.554997],[-83.122901,34.560129],[-83.140515,34.562386],[-83.143176,34.573399],[-83.158677,34.578999],[-83.154577,34.588198],[-83.170278,34.592398],[-83.170078,34.599598],[-83.160689,34.599474],[-83.159954,34.603464],[-83.180778,34.607498],[-83.197379,34.603198],[-83.199079,34.607998],[-83.208831,34.610705],[-83.231339,34.611187],[-83.243481,34.618197],[-83.240669,34.624507],[-83.254481,34.637096],[-83.293183,34.654296],[-83.304641,34.669561],[-83.314394,34.668944],[-83.325336,34.679517],[-83.341373,34.681358],[-83.340134,34.691483],[-83.35391,34.699219]]]}},{"type":"Feature","properties":{"GEOID":"45033","NAME":"Dillon","state":"SC","wildfire_risk_score":81.266,"wildfire_eal_total":310064.9,"risk_band":"High","source":"FEMA National Risk Index v1.20 (December 2025)"},"geometry":{"type":"Polygon","coordinates":[[[-79.633413,34.297994],[-79.450034,34.621036],[-79.0712551379366,34.2993123985096],[-79.0779,34.297224],[-79.078313,34.292736],[-79.086067,34.294956],[-79.08968,34.288772],[-79.086423,34.28504],[-79.109976,34.272438],[-79.111407,34.265866],[-79.120998,34.255053],[-79.126396,34.25727],[-79.125737,34.253262],[-79.173475,34.287534],[-79.21432,34.255539],[-79.22083,34.258972],[-79.239444,34.25434],[-79.259536,34.259031],[-79.271857,34.269754],[-79.294397,34.276994],[-79.305384,34.269307],[-79.380264,34.300572],[-79.41104,34.300172],[-79.480712,34.288081],[-79.4791,34.278595],[-79.496288,34.274819],[-79.512375,34.257451],[-79.55428,34.247604],[-79.54793,34.230913],[-79.561567,34.257944],[-79.571557,34.26267],[-79.587191,34.281382],[-79.62386,34.300556],[-79.633413,34.297994]]]}},{"type":"Feature","properties":{"GEOID":"45011","NAME":"Barnwell","state":"SC","wildfire_risk_score":59.892,"wildfire_eal_total":47722.07,"risk_band":"Moderate","source":"FEMA National Risk Index v1.20 (December 2025)"},"geometry":{"type":"Polygon","coordinates":[[[-81.771735,33.181548],[-81.766135,33.177849],[-81.767735,33.184648],[-81.7570833221477,33.1981218255034],[-81.374827,33.489652],[-81.33972,33.480274],[-81.29688,33.479864],[-81.286714,33.46779],[-81.2807,33.468316],[-81.253735,33.446198],[-81.242908,33.441136],[-81.222219,33.440664],[-81.213182,33.397866],[-81.220824,33.259149],[-81.217719,33.221804],[-81.221724,33.214311],[-81.217933,33.208379],[-81.227804,33.160697],[-81.211456,33.143541],[-81.210092,33.133712],[-81.193099,33.118668],[-81.240228,33.118747],[-81.283665,33.108555],[-81.364857,33.108061],[-81.541881,33.158279],[-81.6140572675171,33.0951883214361],[-81.642333,33.093152],[-81.721734,33.126451],[-81.763135,33.159449],[-81.771735,33.181548]]]}},{"type":"Feature","properties":{"GEOID":"45081","NAME":"Saluda","state":"SC","wildfire_risk_score":52.29,"wildfire_eal_total":34769.9,"risk_band":"Low","source":"FEMA National Risk Index v1.20 (December 2025)"},"geometry":{"type":"Polygon","coordinates":[[[-82.010272,33.964023],[-81.999564,33.975218],[-81.988827,33.998403],[-81.947346,34.037138],[-81.930665,34.069833],[-81.918287,34.079087],[-81.915781,34.09098],[-81.900274,34.094978],[-81.895677,34.099714],[-81.896997,34.106883],[-81.868535,34.132441],[-81.866727,34.140926],[-81.879248,34.157881],[-81.876356,34.167834],[-81.860571,34.179373],[-81.838918,34.172184],[-81.827264,34.182187],[-81.827335,34.172838],[-81.808395,34.175173],[-81.793584,34.169318],[-81.784165,34.172681],[-81.78143,34.169764],[-81.785604,34.165914],[-81.778804,34.164667],[-81.768863,34.174908],[-81.749177,34.177097],[-81.731614,34.187613],[-81.715502,34.175234],[-81.691503,34.172943],[-81.672671,34.156009],[-81.636963,34.146181],[-81.622676,34.126301],[-81.607615,34.123161],[-81.600468,34.112906],[-81.595286,34.118459],[-81.589596,34.117212],[-81.57135,34.099714],[-81.54734,34.093425],[-81.538899,34.081744],[-81.51385,34.082253],[-81.502477,34.07388],[-81.485078,34.082299],[-81.471972,34.076552],[-81.571487,33.877318],[-81.651759,33.81451],[-81.776625,33.845993],[-81.823435,33.86738],[-81.836803,33.866501],[-81.87036,33.891985],[-81.894595,33.975415],[-81.932044,33.976914],[-82.010272,33.964023]]]}},{"type":"Feature","properties":{"GEOID":"45023","NAME":"Chester","state":"SC","wildfire_risk_score":45.483,"wildfire_eal_total":28159.89,"risk_band":"Low","source":"FEMA National Risk Index v1.20 (December 2025)"},"geometry":{"type":"Polygon","coordinates":[[[-81.488321,34.735474],[-81.482453,34.744398],[-81.452899,34.762813],[-81.459259,34.797532],[-81.469335,34.802777],[-81.46912,34.811002],[-81.479964,34.808382],[-81.48743,34.813398],[-81.476578,34.822573],[-80.898243,34.820844],[-80.87642,34.788537],[-80.877696,34.743889],[-80.866425,34.706626],[-80.859857,34.700234],[-80.88857,34.668603],[-80.887511,34.652599],[-80.896475,34.635224],[-80.889307,34.618193],[-80.892191,34.598048],[-80.878272,34.581118],[-80.872964,34.552965],[-80.877596,34.54315],[-80.950896,34.545386],[-81.422698,34.572019],[-81.426937,34.5785],[-81.417963,34.604109],[-81.416488,34.635252],[-81.429667,34.648604],[-81.442018,34.653727],[-81.454297,34.675188],[-81.454242,34.720919],[-81.461962,34.726517],[-81.479395,34.723869],[-81.488321,34.735474]]]}},{"type":"Feature","properties":{"GEOID":"45001","NAME":"Abbeville","state":"SC","wildfire_risk_score":39.822,"wildfire_eal_total":18369.26,"risk_band":"Low","source":"FEMA National Risk Index v1.20 (December 2025)"},"geometry":{"type":"Polygon","coordinates":[[[-82.7420185021942,34.2117486731798],[-82.313871,34.484335],[-82.314544,34.469625],[-82.287926,34.453585],[-82.277797,34.436734],[-82.266065,34.433234],[-82.261431,34.420938],[-82.254404,34.420151],[-82.246337,34.409676],[-82.334234,34.34263],[-82.32382,34.325269],[-82.311081,34.320441],[-82.307074,34.275882],[-82.294345,34.271217],[-82.265336,34.244525],[-82.248241,34.220551],[-82.240122,34.192167],[-82.240567,34.163445],[-82.249795,34.13452],[-82.268843,34.107127],[-82.326947,34.06412],[-82.376589,34.057374],[-82.452707,34.060344],[-82.483551,34.081215],[-82.49956,34.072098],[-82.530462,34.071919],[-82.5945005539168,34.0139247009851],[-82.594192,34.028866],[-82.607414,34.038071],[-82.626963,34.063457],[-82.640518,34.067883],[-82.645661,34.076046],[-82.641641,34.09209],[-82.658849,34.103962],[-82.67522,34.129779],[-82.717459,34.150546],[-82.731773,34.17804],[-82.732544,34.194519],[-82.7420185021942,34.2117486731798]]]}}]}