{"type":"FeatureCollection","metadata":{"state":"TN","boundary_source":"U.S. Census Bureau 2024 Cartographic Boundary File (counties, 1:500,000)","risk_source":"FEMA National Risk Index v1.20 (December 2025)"},"features":[{"type":"Feature","properties":{"GEOID":"47157","NAME":"Shelby","state":"TN","wildfire_risk_score":71.056,"wildfire_eal_total":145014.27,"risk_band":"High","source":"FEMA National Risk Index v1.20 (December 2025)"},"geometry":{"type":"Polygon","coordinates":[[[-90.310453,35.002696],[-90.292348,35.041356],[-90.264818,35.040448],[-90.251797,35.03161],[-90.207315,35.025773],[-90.186547,35.045423],[-90.177615,35.063842],[-90.175,35.076064],[-90.181374,35.094013],[-90.176843,35.112088],[-90.154697,35.130924],[-90.141805,35.133041],[-90.095009,35.117535],[-90.082623,35.121326],[-90.066547,35.136844],[-90.06401,35.144634],[-90.068673,35.155999],[-90.101426,35.171089],[-90.117383,35.190059],[-90.11606,35.19859],[-90.096466,35.194848],[-90.08856,35.212318],[-90.078207,35.209669],[-90.074859,35.218105],[-90.086352,35.238183],[-90.105144,35.254417],[-90.139717,35.252301],[-90.152094,35.255989],[-90.168794,35.279088],[-90.163812,35.296115],[-90.157325,35.301492],[-90.139504,35.298828],[-90.109966,35.304988],[-90.096182,35.348852],[-90.078263,35.37493],[-90.0809533836107,35.3859117613597],[-90.061788,35.386184],[-90.041563,35.39662],[-89.778755,35.38782],[-89.776736,35.405173],[-89.730814,35.401111],[-89.73028,35.406756],[-89.71018,35.404384],[-89.70928,35.409483],[-89.70248,35.408584],[-89.702893,35.389059],[-89.642796,35.387983],[-89.646,35.372265],[-89.632776,35.375824],[-89.6440499795058,34.9952920623604],[-90.308361,34.995694],[-90.310453,35.002696]]]}},{"type":"Feature","properties":{"GEOID":"47165","NAME":"Sumner","state":"TN","wildfire_risk_score":37.754,"wildfire_eal_total":27615.86,"risk_band":"Moderate","source":"FEMA National Risk Index v1.20 (December 2025)"},"geometry":{"type":"Polygon","coordinates":[[[-86.754795,36.405496],[-86.746596,36.411184],[-86.749311,36.413556],[-86.745468,36.418851],[-86.727443,36.413968],[-86.719812,36.418264],[-86.718763,36.413967],[-86.69656,36.406832],[-86.690759,36.409742],[-86.693251,36.425663],[-86.645895,36.480952],[-86.633984,36.536363],[-86.602777,36.572757],[-86.5639157484191,36.6335518059594],[-86.551292,36.637985],[-86.550054,36.644817],[-86.543777,36.640536],[-86.507771,36.652445],[-86.333051,36.648778],[-86.2054686100012,36.6397833130926],[-86.225104,36.528776],[-86.214784,36.52491],[-86.218933,36.498081],[-86.225028,36.488556],[-86.239992,36.486384],[-86.239272,36.481986],[-86.233488,36.481278],[-86.23722,36.45192],[-86.268788,36.452897],[-86.272496,36.359036],[-86.28182,36.361298],[-86.283256,36.3475],[-86.295987,36.336491],[-86.300075,36.312374],[-86.330452,36.318772],[-86.360512,36.309843],[-86.361281,36.315434],[-86.346094,36.329848],[-86.345651,36.34089],[-86.351025,36.352292],[-86.363902,36.358063],[-86.375705,36.352119],[-86.38624,36.337625],[-86.393113,36.307671],[-86.407812,36.307702],[-86.417304,36.317594],[-86.41884,36.333489],[-86.438225,36.339441],[-86.510002,36.302462],[-86.522074,36.278015],[-86.53357,36.283983],[-86.542378,36.319334],[-86.549338,36.320662],[-86.565832,36.305152],[-86.557197,36.281107],[-86.573916,36.253771],[-86.587735,36.246873],[-86.613384,36.244085],[-86.638707,36.254397],[-86.642269,36.289385],[-86.670736,36.301112],[-86.666556,36.303489],[-86.674988,36.316353],[-86.696869,36.321756],[-86.696876,36.32673],[-86.720959,36.341911],[-86.73045,36.381259],[-86.745693,36.403097],[-86.754795,36.405496]]]}},{"type":"Feature","properties":{"GEOID":"47019","NAME":"Carter","state":"TN","wildfire_risk_score":60.782,"wildfire_eal_total":60568.13,"risk_band":"High","source":"FEMA National Risk Index v1.20 (December 2025)"},"geometry":{"type":"Polygon","coordinates":[[[-82.342282,36.263977],[-82.326512,36.292995],[-82.301759,36.365105],[-82.299859,36.396505],[-82.288615,36.39517],[-82.251866,36.420134],[-82.242255,36.421949],[-82.232455,36.412306],[-82.188053,36.400608],[-82.118603,36.441727],[-82.099049,36.45901],[-82.078148,36.457611],[-82.039946,36.485612],[-81.999086,36.491954],[-82.001045,36.499414],[-81.986944,36.510614],[-81.983843,36.508314],[-81.987503,36.499142],[-81.976215,36.495174],[-81.94984,36.472385],[-81.965978,36.462947],[-81.982278,36.441948],[-81.993823,36.434895],[-81.995464,36.426842],[-82.003243,36.424816],[-82.035645,36.386216],[-82.058946,36.367415],[-82.036523,36.356959],[-82.044345,36.354716],[-82.026443,36.340517],[-82.030543,36.333817],[-82.021643,36.329518],[-82.002142,36.333419],[-81.99676,36.32972],[-81.9995,36.320161],[-81.988816,36.314742],[-81.990796,36.307987],[-81.980942,36.300867],[-81.982555,36.288178],[-81.972427,36.285474],[-81.96969,36.277136],[-81.957359,36.273969],[-81.9515,36.261763],[-81.933019683861,36.2648426504234],[-82.033141,36.120422],[-82.054142,36.126821],[-82.061342,36.113121],[-82.080143,36.10572],[-82.105444,36.108119],[-82.127146,36.104417],[-82.137974,36.119576],[-82.136547,36.128817],[-82.147948,36.149516],[-82.176849,36.142214],[-82.204872,36.157067],[-82.222052,36.156911],[-82.228953,36.19051],[-82.247455,36.206809],[-82.267955,36.210109],[-82.254955,36.224848],[-82.256356,36.233208],[-82.278857,36.243408],[-82.284691,36.251686],[-82.319588,36.260347],[-82.34046,36.252807],[-82.342282,36.263977]]]}},{"type":"Feature","properties":{"GEOID":"47123","NAME":"Monroe","state":"TN","wildfire_risk_score":68.575,"wildfire_eal_total":114935.06,"risk_band":"High","source":"FEMA National Risk Index v1.20 (December 2025)"},"geometry":{"type":"Polygon","coordinates":[[[-84.52585,35.624186],[-84.503415,35.620648],[-84.500061,35.62939],[-84.508579,35.629399],[-84.508657,35.636686],[-84.513777,35.636829],[-84.509243,35.642154],[-84.522545,35.643984],[-84.522162,35.651394],[-84.504595,35.651034],[-84.504274,35.665866],[-84.500114,35.665745],[-84.495592,35.655445],[-84.487344,35.655508],[-84.458363,35.658735],[-84.457249,35.665763],[-84.43578,35.665953],[-84.437664,35.671077],[-84.423549,35.671735],[-84.424785,35.661078],[-84.416172,35.662228],[-84.412801,35.667975],[-84.414254,35.664828],[-84.406472,35.665622],[-84.402237,35.654694],[-84.406502,35.651188],[-84.397901,35.650995],[-84.398074,35.640208],[-84.385011,35.639841],[-84.36227,35.647189],[-84.362228,35.654448],[-84.353275,35.654396],[-84.357608,35.665162],[-84.326477,35.665005],[-84.326443,35.672204],[-84.317628,35.672107],[-84.31759,35.65996],[-84.290765,35.654925],[-84.297522,35.643152],[-84.282185,35.641346],[-84.281835,35.635572],[-84.256407,35.631922],[-84.25079,35.636989],[-84.2476,35.633782],[-84.254322,35.624712],[-84.253071,35.617852],[-84.230594,35.622296],[-84.221451,35.615322],[-84.19263,35.618241],[-84.181868,35.598892],[-84.14891,35.591265],[-84.14871,35.58379],[-84.140016,35.58363],[-84.130953,35.576313],[-84.112319,35.587456],[-84.111764,35.576758],[-84.096169,35.575487],[-84.096192,35.568851],[-84.087768,35.559875],[-84.094807,35.55332],[-84.085507,35.541372],[-84.06809,35.546393],[-84.038753,35.542679],[-84.012768,35.546635],[-84.0055,35.554758],[-83.995926,35.55294],[-83.993431,35.527767],[-84.007983,35.52046],[-84.009842,35.510955],[-83.991944,35.499433],[-83.987343,35.487483],[-83.980654,35.487908],[-83.974534,35.501148],[-83.959791,35.490341],[-83.93854,35.487773],[-83.943794,35.480741],[-83.965151,35.471117],[-83.961054,35.462838],[-83.965229,35.455399],[-83.971439,35.455145],[-83.973057,35.448921],[-83.992568,35.438065],[-84.014707,35.411983],[-84.023007,35.411684],[-84.018807,35.399783],[-84.008207,35.390383],[-84.011207,35.384383],[-84.007586,35.371661],[-84.023456,35.354217],[-84.038327,35.347813],[-84.033975,35.342771],[-84.036194,35.337674],[-84.029377,35.333197],[-84.03571,35.312883],[-84.02141,35.301383],[-84.052612,35.269982],[-84.081117,35.261146],[-84.098068,35.247209],[-84.118914,35.252281],[-84.125615,35.249381],[-84.127915,35.241081],[-84.143124,35.246879],[-84.170416,35.245779],[-84.188417,35.239979],[-84.200117,35.244679],[-84.211818,35.266078],[-84.223718,35.269078],[-84.28322,35.226577],[-84.29024,35.225572],[-84.292319677455,35.2066890084035],[-84.325722,35.219377],[-84.332522,35.207776],[-84.340422,35.210877],[-84.344323,35.204276],[-84.352123,35.207276],[-84.344822,35.220376],[-84.360923,35.226676],[-84.356923,35.233676],[-84.495529,35.285472],[-84.454713,35.318518],[-84.401025,35.330374],[-84.400623,35.344278],[-84.409322,35.344276],[-84.409226,35.398378],[-84.426326,35.401874],[-84.426326,35.408374],[-84.430826,35.408274],[-84.426651,35.418444],[-84.436526,35.422774],[-84.43733,35.43371],[-84.443597,35.433485],[-84.434342,35.440155],[-84.434027,35.448645],[-84.443042,35.455531],[-84.452227,35.455274],[-84.452327,35.459876],[-84.443282,35.462746],[-84.504749,35.578735],[-84.504786,35.586154],[-84.522628,35.586136],[-84.520291,35.600511],[-84.52585,35.624186]],[[-84.350001,35.632939],[-84.342871,35.636585],[-84.349251,35.644264],[-84.355297,35.640924],[-84.350001,35.632939]]]}},{"type":"Feature","properties":{"GEOID":"47013","NAME":"Campbell","state":"TN","wildfire_risk_score":78.88,"wildfire_eal_total":247999.39,"risk_band":"High","source":"FEMA National Risk Index v1.20 (December 2025)"},"geometry":{"type":"Polygon","coordinates":[[[-84.375633,36.255679],[-84.371433,36.265879],[-84.358533,36.273879],[-84.333921,36.277988],[-84.329927,36.284686],[-84.333132,36.364379],[-84.326032,36.366379],[-84.333333,36.369979],[-84.334433,36.388079],[-84.324932,36.390879],[-84.321032,36.383879],[-84.312086,36.384573],[-84.344701,36.415677],[-84.343299,36.442188],[-84.355622,36.458897],[-84.350813,36.465925],[-84.340479,36.466472],[-84.334632,36.493189],[-84.339645,36.498469],[-84.329434,36.50368],[-84.330434,36.50948],[-84.286333,36.50398],[-84.259593,36.513985],[-84.260332,36.52688],[-84.251132,36.53418],[-84.249231,36.564684],[-84.263833,36.56718],[-84.261333,36.591981],[-83.987842,36.5896],[-83.982492,36.585315],[-83.984634,36.560482],[-83.978389,36.555992],[-83.980126,36.550712],[-83.936421,36.460121],[-83.930291,36.459959],[-83.933319,36.453279],[-83.922618,36.427779],[-83.907318,36.429079],[-83.899796,36.42315],[-83.908355,36.419759],[-83.903317,36.418279],[-83.905817,36.413279],[-83.910819,36.413378],[-83.902817,36.405379],[-83.921217,36.387879],[-83.952419,36.399978],[-83.958218,36.378578],[-83.949918,36.368978],[-83.957618,36.361678],[-83.965117,36.362178],[-83.957618,36.357078],[-83.968418,36.354578],[-83.961717,36.346778],[-83.971418,36.342578],[-83.973117,36.308678],[-83.977917,36.305678],[-83.974017,36.298278],[-83.983117,36.289178],[-83.981016,36.284978],[-83.997617,36.282678],[-84.002114,36.270621],[-84.018418,36.271078],[-84.025918,36.279278],[-84.026519,36.297079],[-84.035819,36.301278],[-84.033219,36.291078],[-84.042019,36.282578],[-84.041419,36.275278],[-84.057319,36.260578],[-84.057619,36.249078],[-84.063119,36.246978],[-84.072698,36.251989],[-84.07602,36.247878],[-84.069918,36.230378],[-84.09152,36.229278],[-84.092746,36.2224],[-84.102691,36.224424],[-84.104521,36.232078],[-84.110421,36.233878],[-84.227527,36.244879],[-84.229926,36.224879],[-84.225626,36.219579],[-84.234226,36.208379],[-84.229726,36.201679],[-84.229225,36.183878],[-84.241325,36.177578],[-84.258627,36.190078],[-84.264127,36.188178],[-84.274528,36.201878],[-84.299929,36.220878],[-84.33073,36.208078],[-84.346731,36.215078],[-84.370632,36.214978],[-84.372733,36.224078],[-84.368733,36.228578],[-84.375733,36.238078],[-84.375633,36.255679]]]}},{"type":"Feature","properties":{"GEOID":"47001","NAME":"Anderson","state":"TN","wildfire_risk_score":54.262,"wildfire_eal_total":55643.31,"risk_band":"High","source":"FEMA National Risk Index v1.20 (December 2025)"},"geometry":{"type":"Polygon","coordinates":[[[-84.449881,36.151046],[-84.440834,36.155978],[-84.441034,36.163478],[-84.415333,36.167978],[-84.402033,36.176078],[-84.403133,36.185778],[-84.390833,36.196478],[-84.391033,36.203878],[-84.372731,36.216778],[-84.365732,36.212478],[-84.346731,36.215078],[-84.33073,36.208078],[-84.299929,36.220878],[-84.274528,36.201878],[-84.264127,36.188178],[-84.258627,36.190078],[-84.241325,36.177578],[-84.229225,36.183878],[-84.229726,36.201679],[-84.234226,36.208379],[-84.225626,36.219579],[-84.229926,36.224879],[-84.227527,36.244879],[-84.110421,36.233878],[-84.104521,36.232078],[-84.102691,36.224424],[-84.092746,36.2224],[-84.09152,36.229278],[-84.073718,36.227878],[-84.069218,36.233578],[-84.07592,36.241878],[-84.07492,36.250078],[-84.057619,36.249078],[-84.057319,36.260578],[-84.041419,36.275278],[-84.042019,36.282578],[-84.033219,36.291078],[-84.037619,36.299078],[-84.033719,36.301779],[-84.026519,36.297079],[-84.021518,36.272278],[-84.004317,36.270378],[-84.009753,36.27031],[-83.96914,36.210105],[-83.941711,36.186378],[-83.969913,36.167479],[-83.976313,36.167879],[-83.975513,36.163179],[-83.999721,36.144419],[-84.000313,36.138979],[-84.015314,36.135378],[-84.015514,36.129378],[-84.028698,36.122591],[-84.029717,36.116475],[-84.043836,36.111583],[-84.046122,36.103839],[-84.068075,36.086559],[-84.093004,36.073519],[-84.094011,36.068911],[-84.058585,36.036304],[-84.076618,36.02],[-84.103627,36.01207],[-84.114603,35.999535],[-84.119867,36.000959],[-84.147212,35.987327],[-84.192287,35.995488],[-84.196606,35.978414],[-84.215759,35.97331],[-84.220543,35.960638],[-84.214495,35.95411],[-84.215902,35.946382],[-84.240704,35.95571],[-84.24536,35.953134],[-84.238576,35.946967],[-84.237583,35.929646],[-84.258397,35.941557],[-84.271546,35.942228],[-84.272889,35.936694],[-84.256366,35.928358],[-84.252593,35.91818],[-84.271587,35.910165],[-84.320159,35.991862],[-84.341812,36.048977],[-84.37903,36.095377],[-84.396431,36.105077],[-84.420432,36.108377],[-84.430033,36.131877],[-84.449034,36.139577],[-84.449881,36.151046]]]}},{"type":"Feature","properties":{"GEOID":"47189","NAME":"Wilson","state":"TN","wildfire_risk_score":37.309,"wildfire_eal_total":31258.69,"risk_band":"Moderate","source":"FEMA National Risk Index v1.20 (December 2025)"},"geometry":{"type":"Polygon","coordinates":[[[-86.594645,36.241933],[-86.573916,36.253771],[-86.560407,36.272687],[-86.557185,36.281473],[-86.565832,36.305152],[-86.546578,36.321255],[-86.541394,36.31695],[-86.537826,36.290727],[-86.530386,36.280727],[-86.522074,36.278015],[-86.510002,36.302462],[-86.438225,36.339441],[-86.41884,36.333489],[-86.417304,36.317594],[-86.407812,36.307702],[-86.393113,36.307671],[-86.38624,36.337625],[-86.366388,36.357746],[-86.351025,36.352292],[-86.345651,36.34089],[-86.346094,36.329848],[-86.361281,36.315434],[-86.358539,36.309236],[-86.330452,36.318772],[-86.300075,36.312374],[-86.295987,36.336491],[-86.27911,36.348523],[-86.26913,36.344862],[-86.265761,36.337369],[-86.264643,36.328292],[-86.27347,36.309364],[-86.263446,36.299448],[-86.24999,36.304979],[-86.245715,36.334643],[-86.230096,36.349172],[-86.226251,36.348957],[-86.226996,36.342692],[-86.20656,36.342659],[-86.204069,36.332321],[-86.189251,36.320088],[-86.184277,36.319287],[-86.175916,36.328836],[-86.135661,36.294603],[-86.124885,36.265489],[-86.115607,36.268886],[-86.123021,36.260995],[-86.112637,36.242171],[-86.121367,36.231389],[-86.111275,36.228566],[-86.1028,36.205147],[-86.092527,36.203502],[-86.091159,36.197995],[-86.100389,36.193473],[-86.077223,36.135139],[-86.066132,36.124178],[-86.07012,36.10976],[-86.067145,36.111352],[-86.059706,36.086024],[-86.059457,36.073609],[-86.063413,36.070052],[-86.053018,36.071403],[-86.056452,36.05929],[-86.047374,36.057493],[-86.053437,36.043793],[-86.046033,36.042013],[-86.045744,36.036469],[-86.034475,36.026217],[-86.041072,36.006416],[-86.024882,35.99981],[-86.026539,35.99258],[-86.014849,35.96106],[-86.022675,35.964679],[-86.083421,35.964969],[-86.090502,35.974451],[-86.095732,35.960886],[-86.154505,35.963097],[-86.153214,35.954399],[-86.16126,35.956751],[-86.161094,35.963214],[-86.17521,35.960409],[-86.170476,35.957262],[-86.186495,35.957877],[-86.185922,35.962184],[-86.210327,35.962945],[-86.209846,35.966952],[-86.216868,35.969366],[-86.222995,35.969276],[-86.225099,35.962918],[-86.236949,35.963285],[-86.23776,35.959424],[-86.251731,35.961141],[-86.250608,35.967681],[-86.310363,35.978563],[-86.309967,35.986146],[-86.326252,35.985008],[-86.364882,36.010586],[-86.367524,36.017894],[-86.373951,36.018007],[-86.376999,36.012043],[-86.388359,36.027193],[-86.383847,36.026697],[-86.382528,36.035251],[-86.394136,36.036448],[-86.39512,36.03103],[-86.439752,36.051836],[-86.437304,36.054036],[-86.523355,36.106633],[-86.535943,36.108166],[-86.529238,36.124347],[-86.535105,36.126254],[-86.525559,36.13854],[-86.538597,36.135395],[-86.54272,36.140594],[-86.556865,36.13496],[-86.555275,36.143521],[-86.550926,36.144355],[-86.555759,36.145381],[-86.57089,36.173679],[-86.594645,36.241933]],[[-86.523452,36.137463],[-86.521736,36.137294],[-86.521057,36.141141],[-86.522556,36.141284],[-86.523452,36.137463]]]}},{"type":"Feature","properties":{"GEOID":"47135","NAME":"Perry","state":"TN","wildfire_risk_score":7.824,"wildfire_eal_total":1606.35,"risk_band":"Low","source":"FEMA National Risk Index v1.20 (December 2025)"},"geometry":{"type":"Polygon","coordinates":[[[-88.043503,35.449809],[-88.026787,35.472051],[-87.98584,35.485486],[-87.974353,35.514049],[-87.981321,35.535289],[-87.998443,35.553089],[-88.035213,35.616679],[-88.016641,35.677589],[-88.028409,35.693815],[-88.034788,35.717261],[-88.021579,35.737641],[-87.986272,35.766585],[-87.976552,35.787189],[-87.968987,35.828827],[-87.96274,35.840921],[-87.910297,35.838336],[-87.910825,35.831405],[-87.900777,35.824367],[-87.885062,35.822069],[-87.852682,35.803799],[-87.847879,35.804483],[-87.844142,35.820724],[-87.825265,35.824076],[-87.818968,35.829721],[-87.818738,35.836769],[-87.71676,35.83875],[-87.732935,35.72626],[-87.72428,35.728996],[-87.716851,35.710096],[-87.709976,35.71012],[-87.710669,35.703616],[-87.737811,35.702342],[-87.74375,35.663952],[-87.676483,35.627054],[-87.660991,35.613792],[-87.64853,35.590012],[-87.651755,35.564864],[-87.665168,35.553235],[-87.673878,35.551627],[-87.681487,35.55757],[-87.688101,35.552255],[-87.690651,35.505329],[-87.711014,35.505289],[-87.717559,35.483347],[-87.733811,35.491691],[-87.745489,35.491782],[-87.803589,35.484954],[-87.827406,35.46988],[-87.848105,35.465255],[-87.858506,35.465413],[-87.864865,35.475976],[-87.893434,35.464846],[-87.914207,35.465857],[-87.921891,35.459695],[-87.932058,35.465701],[-87.952092,35.458121],[-87.973806,35.460199],[-87.98441,35.45209],[-87.989305,35.453291],[-87.991349,35.447129],[-88.011815,35.432826],[-88.012618,35.426585],[-88.007709,35.423381],[-88.030842,35.427963],[-88.043503,35.449809]]]}},{"type":"Feature","properties":{"GEOID":"47045","NAME":"Dyer","state":"TN","wildfire_risk_score":24.618,"wildfire_eal_total":7881.28,"risk_band":"Moderate","source":"FEMA National Risk Index v1.20 (December 2025)"},"geometry":{"type":"Polygon","coordinates":[[[-89.733056,36.000809],[-89.706932,36.000981],[-89.692437,36.020507],[-89.680029,36.082494],[-89.672463,36.091837],[-89.625078,36.108131],[-89.594,36.12719],[-89.594397,36.155457],[-89.607004,36.171179],[-89.629452,36.185382],[-89.488283,36.187544],[-89.482971,36.212659],[-89.154464,36.204678],[-89.163862,36.02619],[-89.188743,36.022084],[-89.206182,36.013764],[-89.188844,35.99976],[-89.198345,35.970209],[-89.239206,35.925694],[-89.250069,35.917348],[-89.267275,35.913447],[-89.280148,35.886499],[-89.342829,35.880934],[-89.351504,35.892539],[-89.349757,35.897648],[-89.354423,35.894674],[-89.35488,35.904632],[-89.37326,35.911549],[-89.371229,35.914872],[-89.384072,35.920672],[-89.381053,35.925803],[-89.386641,35.925086],[-89.393601,35.932683],[-89.393797,35.939088],[-89.403124,35.93822],[-89.406965,35.946599],[-89.490925,35.947723],[-89.495047,35.944382],[-89.487951,35.943266],[-89.492638,35.939641],[-89.490639,35.933223],[-89.500756,35.932091],[-89.506854,35.924386],[-89.507237,35.934421],[-89.517891,35.927754],[-89.52202,35.93399],[-89.537225,35.930295],[-89.557965,35.937704],[-89.569164,35.92577],[-89.57534,35.930128],[-89.57907,35.924638],[-89.588906,35.928457],[-89.608251,35.919957],[-89.637309,35.923175],[-89.6410718557004,35.9062360721498],[-89.650267,35.927663],[-89.718497,35.963123],[-89.722916,35.989061],[-89.733056,36.000809]]]}},{"type":"Feature","properties":{"GEOID":"47029","NAME":"Cocke","state":"TN","wildfire_risk_score":61.768,"wildfire_eal_total":61963.5,"risk_band":"High","source":"FEMA National Risk Index v1.20 (December 2025)"},"geometry":{"type":"Polygon","coordinates":[[[-83.315188,35.893322],[-83.305752,35.900164],[-83.302702,35.897579],[-83.293739,35.910081],[-83.284242,35.964544],[-83.290468,35.966209],[-83.283635,35.96801],[-83.276677,36.007652],[-83.268792,35.998794],[-83.260131,35.998403],[-83.257684,36.024095],[-83.261385,36.033894],[-83.256686,36.044321],[-83.243884,36.047395],[-83.239685,36.054895],[-83.253886,36.082194],[-83.242386,36.089294],[-83.225484,36.082795],[-83.226887,36.092501],[-83.246086,36.123694],[-83.240787,36.126494],[-83.222966,36.122607],[-83.219186,36.132292],[-83.225593,36.146793],[-83.219195,36.151095],[-83.195281,36.128892],[-83.176411,36.126016],[-83.178985,36.153011],[-83.187786,36.173895],[-83.170186,36.182295],[-83.165386,36.179095],[-83.172485,36.157095],[-83.166785,36.150795],[-83.152484,36.144996],[-83.131782,36.124096],[-83.116046,36.121756],[-83.117004,36.111112],[-83.101348,36.120759],[-83.072397,36.092883],[-83.067743,36.092565],[-83.067443,36.096604],[-83.055448,36.090668],[-83.052177,36.077899],[-82.957228,36.0001],[-82.8984628586304,35.9450880979247],[-82.901623,35.927384],[-82.920396,35.927224],[-82.913337,35.924113],[-82.914503,35.915154],[-82.901843,35.89293],[-82.906528,35.884089],[-82.897273,35.877882],[-82.901301,35.872593],[-82.920609,35.868472],[-82.916551,35.841369],[-82.931859,35.836351],[-82.937437,35.82732],[-82.945515,35.824662],[-82.964088,35.78998],[-82.995803,35.773128],[-83.036209,35.787405],[-83.078732,35.789472],[-83.120183,35.766234],[-83.159208,35.764892],[-83.185685,35.72989],[-83.214501,35.724434],[-83.240669,35.72676],[-83.255476179897,35.7150906815168],[-83.270809,35.712982],[-83.276413,35.713591],[-83.274954,35.721941],[-83.280757,35.734769],[-83.275349,35.778617],[-83.285769,35.780445],[-83.287421,35.795423],[-83.278383,35.806466],[-83.279019,35.823222],[-83.273604,35.814319],[-83.263264,35.819344],[-83.261715,35.825364],[-83.271642,35.826527],[-83.270544,35.832962],[-83.284012,35.838386],[-83.287395,35.853501],[-83.293702,35.854563],[-83.288918,35.866396],[-83.308735,35.871692],[-83.307523,35.886569],[-83.316491,35.889998],[-83.315188,35.893322]]]}},{"type":"Feature","properties":{"GEOID":"47049","NAME":"Fentress","state":"TN","wildfire_risk_score":68.48,"wildfire_eal_total":104401.99,"risk_band":"High","source":"FEMA National Risk Index v1.20 (December 2025)"},"geometry":{"type":"Polygon","coordinates":[[[-85.121757,36.328401],[-85.120445,36.407164],[-85.102839,36.409939],[-85.088459,36.500065],[-85.064608,36.52766],[-85.051148,36.526044],[-85.044052,36.539535],[-85.04828,36.539138],[-85.047124,36.543915],[-85.052454,36.54788],[-85.043924,36.558791],[-85.038773,36.554137],[-85.030903,36.560166],[-85.022638,36.55919],[-85.019128,36.566244],[-85.012828,36.565541],[-85.010715,36.574078],[-84.999557,36.565565],[-84.943144,36.58127],[-84.899845,36.57827],[-84.862343,36.569871],[-84.81804,36.550073],[-84.784041,36.524973],[-84.731839,36.524674],[-84.715139,36.498874],[-84.692534,36.435468],[-84.674441,36.413775],[-84.664341,36.412979],[-84.663641,36.406575],[-84.668339,36.406474],[-84.659082,36.395227],[-84.685913,36.388016],[-84.690123,36.374602],[-84.706354,36.367997],[-84.724775,36.376233],[-84.723422,36.369779],[-84.732491,36.366261],[-84.73268,36.358745],[-84.726904,36.352837],[-84.745486,36.351083],[-84.74001,36.336551],[-84.750018,36.332156],[-84.755182,36.334702],[-84.760662,36.327815],[-84.773723,36.334812],[-84.776827,36.327838],[-84.786617,36.324877],[-84.782061,36.318982],[-84.788857,36.317798],[-84.794716,36.309544],[-84.791621,36.302043],[-84.79568,36.297689],[-84.815003,36.293392],[-84.821884,36.299507],[-84.842631,36.28705],[-84.856188,36.293629],[-84.866104,36.292928],[-84.875211,36.285597],[-84.88385,36.239533],[-84.89245,36.237955],[-84.895256,36.226024],[-84.914155,36.20829],[-84.908635,36.196154],[-84.910459,36.186363],[-84.904151,36.18377],[-84.899971,36.172429],[-84.907753,36.156293],[-84.927076,36.146806],[-84.934756,36.147265],[-84.93683,36.154607],[-84.953653,36.155469],[-84.958954,36.147769],[-84.970144,36.157865],[-84.968185,36.162251],[-84.980531,36.157829],[-84.995149,36.160493],[-85.000286,36.150813],[-85.005105,36.156776],[-85.01509,36.158473],[-85.012317,36.161153],[-85.013426,36.164922],[-85.018598,36.160331],[-85.028803,36.170575],[-85.034959,36.162957],[-85.03823,36.167292],[-85.049034,36.149367],[-85.052292,36.15307],[-85.063395,36.150609],[-85.069532,36.139884],[-85.081568,36.138224],[-85.081654,36.132789],[-85.119583,36.144719],[-85.082497,36.196171],[-85.122245,36.304599],[-85.121757,36.328401]]]}},{"type":"Feature","properties":{"GEOID":"47085","NAME":"Humphreys","state":"TN","wildfire_risk_score":10.782,"wildfire_eal_total":2783.61,"risk_band":"Low","source":"FEMA National Risk Index v1.20 (December 2025)"},"geometry":{"type":"Polygon","coordinates":[[[-88.022635,35.969497],[-88.017728,35.983699],[-88.00174,35.995459],[-88.00088,36.027839],[-87.989144,36.04669],[-87.959738,36.075862],[-87.919043,36.130049],[-87.91676,36.165582],[-87.934822,36.185916],[-87.941083,36.206769],[-87.950759,36.219805],[-87.949603,36.24316],[-87.834641,36.232368],[-87.798508,36.244754],[-87.758,36.241522],[-87.707509,36.227205],[-87.662191,36.201227],[-87.585973,36.197699],[-87.586689,36.19278],[-87.576556,36.189325],[-87.578359,36.183077],[-87.566798,36.177857],[-87.551806,36.137514],[-87.544519,36.094158],[-87.549431,36.059306],[-87.545298,36.046641],[-87.550766,36.03236],[-87.54601,36.022781],[-87.552372,36.016007],[-87.531702,35.989298],[-87.532493,35.96946],[-87.550114,35.960792],[-87.562229,35.948253],[-87.579557,35.951799],[-87.584879,35.947814],[-87.587584,35.953378],[-87.61186,35.949981],[-87.61075,35.944315],[-87.640821,35.923824],[-87.656699,35.921549],[-87.658423,35.915511],[-87.683608,35.916076],[-87.685739,35.911542],[-87.70696,35.905884],[-87.71676,35.83875],[-87.818738,35.836769],[-87.818968,35.829721],[-87.825265,35.824076],[-87.844142,35.820724],[-87.847879,35.804483],[-87.852682,35.803799],[-87.885062,35.822069],[-87.900777,35.824367],[-87.910825,35.831405],[-87.910297,35.838336],[-87.96274,35.840921],[-87.938709,35.869971],[-87.927743,35.911119],[-87.926676,35.93557],[-87.931657,35.939864],[-87.974172,35.937213],[-88.000033,35.940824],[-88.012932,35.946648],[-88.022635,35.969497]]]}},{"type":"Feature","properties":{"GEOID":"47185","NAME":"White","state":"TN","wildfire_risk_score":30.566,"wildfire_eal_total":12119.14,"risk_band":"Moderate","source":"FEMA National Risk Index v1.20 (December 2025)"},"geometry":{"type":"MultiPolygon","coordinates":[[[[-85.274319,35.784433],[-85.272664,35.787718],[-85.26038,35.78258],[-85.257467,35.787169],[-85.247784,35.78666],[-85.253518,35.766927],[-85.259497,35.775945],[-85.256846,35.780818],[-85.268056,35.779556],[-85.274319,35.784433]]],[[[-85.682886,35.829359],[-85.677521,35.833579],[-85.658864,35.825872],[-85.632449,35.847385],[-85.634803,35.853897],[-85.664573,35.848998],[-85.673224,35.854607],[-85.635903,35.884543],[-85.641617,35.889902],[-85.669877,35.884868],[-85.646756,35.901375],[-85.651662,35.904993],[-85.651656,35.913856],[-85.658514,35.916222],[-85.654425,35.926717],[-85.66262,35.949049],[-85.663055,35.967757],[-85.646608,35.988676],[-85.644207,36.00215],[-85.630493,36.006469],[-85.641019,36.00862],[-85.643274,36.024191],[-85.621972,36.033484],[-85.610501,36.046218],[-85.594086,36.043726],[-85.584076,36.037034],[-85.589298,36.043403],[-85.583068,36.045795],[-85.582834,36.060418],[-85.577541,36.062463],[-85.575028,36.05587],[-85.560459,36.073471],[-85.5454,36.077798],[-85.506291,36.081827],[-85.372181,36.052388],[-85.326278,36.030227],[-85.309363,36.031592],[-85.311302,35.992997],[-85.264206,35.979154],[-85.265489,35.965754],[-85.242698,35.91304],[-85.213115,35.910379],[-85.214506,35.898971],[-85.223931,35.899736],[-85.224771,35.893145],[-85.231587,35.893201],[-85.22244,35.877102],[-85.24138,35.809495],[-85.247442,35.809998],[-85.248435,35.798748],[-85.260385,35.79996],[-85.263012,35.790519],[-85.276278,35.799243],[-85.277535,35.805095],[-85.265064,35.821973],[-85.362267,35.796774],[-85.431676,35.818818],[-85.439527,35.815866],[-85.44936,35.821559],[-85.464391,35.821783],[-85.467525,35.814703],[-85.474213,35.822656],[-85.497428,35.811422],[-85.498026,35.806458],[-85.518761,35.815169],[-85.527045,35.805858],[-85.519043,35.793735],[-85.524109,35.791531],[-85.547855,35.802389],[-85.553406,35.795908],[-85.571577,35.806576],[-85.58436,35.806817],[-85.590949,35.801241],[-85.601085,35.806515],[-85.597309,35.79644],[-85.600215,35.793888],[-85.608493,35.804237],[-85.622195,35.80181],[-85.641655,35.816717],[-85.671427,35.820708],[-85.682886,35.829359]]]]}},{"type":"Feature","properties":{"GEOID":"47127","NAME":"Moore","state":"TN","wildfire_risk_score":2.417,"wildfire_eal_total":786.94,"risk_band":"Low","source":"FEMA National Risk Index v1.20 (December 2025)"},"geometry":{"type":"Polygon","coordinates":[[[-86.539485,35.335435],[-86.525306,35.354718],[-86.508745,35.363009],[-86.50397,35.359501],[-86.489348,35.361715],[-86.4796,35.352663],[-86.475327,35.338121],[-86.465341,35.336955],[-86.459501,35.327675],[-86.444169,35.3207],[-86.422338,35.318846],[-86.414249,35.324465],[-86.409286,35.346591],[-86.397592,35.348977],[-86.390592,35.344877],[-86.389692,35.349977],[-86.369237,35.346778],[-86.374173,35.356611],[-86.365695,35.350994],[-86.360288,35.361989],[-86.34728,35.361779],[-86.338992,35.367477],[-86.338392,35.362777],[-86.328792,35.363677],[-86.336192,35.370377],[-86.294328,35.392033],[-86.288015,35.40726],[-86.25759,35.412476],[-86.258354,35.409107],[-86.251504,35.409038],[-86.251673,35.403511],[-86.260859,35.40432],[-86.261045,35.39779],[-86.267252,35.397978],[-86.279905,35.387452],[-86.253335,35.385299],[-86.257491,35.370878],[-86.274691,35.370578],[-86.272991,35.366378],[-86.261991,35.365678],[-86.25849,35.357976],[-86.24429,35.356079],[-86.24539,35.347379],[-86.266376,35.338564],[-86.260235,35.327647],[-86.245519,35.324139],[-86.244723,35.314877],[-86.251885,35.315151],[-86.255762,35.295829],[-86.266245,35.297663],[-86.267165,35.28571],[-86.27341,35.286137],[-86.276343,35.278304],[-86.26749,35.276681],[-86.26809,35.271581],[-86.27919,35.272481],[-86.28389,35.267981],[-86.28369,35.263981],[-86.27719,35.262981],[-86.28719,35.259681],[-86.27859,35.253081],[-86.281191,35.241761],[-86.297904,35.235595],[-86.295827,35.231677],[-86.301597,35.235241],[-86.306076,35.231178],[-86.299283,35.230832],[-86.297492,35.222187],[-86.316224,35.219745],[-86.314681,35.215299],[-86.295907,35.218062],[-86.293717,35.207287],[-86.30189,35.206582],[-86.30179,35.198782],[-86.311832,35.195513],[-86.305906,35.186385],[-86.3108,35.18106],[-86.300989,35.173183],[-86.316937,35.168633],[-86.319973,35.161316],[-86.316935,35.146484],[-86.333353,35.146485],[-86.312615,35.134321],[-86.318168,35.126986],[-86.328472,35.122389],[-86.344768,35.129514],[-86.350579,35.146621],[-86.356373,35.140574],[-86.359016,35.124492],[-86.366203,35.124382],[-86.370547,35.144251],[-86.368491,35.171582],[-86.392192,35.235381],[-86.408456,35.238015],[-86.4087,35.228237],[-86.415242,35.22633],[-86.419049,35.237487],[-86.423775,35.237286],[-86.423874,35.2411],[-86.412696,35.245348],[-86.420792,35.24908],[-86.420492,35.25388],[-86.411692,35.25178],[-86.411091,35.259479],[-86.420492,35.25748],[-86.426101,35.259489],[-86.426,35.265594],[-86.434393,35.264179],[-86.436985,35.27501],[-86.445593,35.275179],[-86.444593,35.279779],[-86.460899,35.284576],[-86.46126,35.292767],[-86.526962,35.311487],[-86.539485,35.335435]]]}},{"type":"Feature","properties":{"GEOID":"47167","NAME":"Tipton","state":"TN","wildfire_risk_score":31.966,"wildfire_eal_total":12445.84,"risk_band":"Moderate","source":"FEMA National Risk Index v1.20 (December 2025)"},"geometry":{"type":"MultiPolygon","coordinates":[[[[-90.048086,35.411737],[-90.002675,35.430529],[-90.011917,35.462597],[-90.035112,35.482711],[-90.047678,35.50261],[-90.04909,35.522257],[-90.038109,35.549731],[-90.008293,35.560065],[-89.989363,35.560043],[-89.958498,35.541703],[-89.958749,35.523837],[-89.924373,35.511303],[-89.911923,35.512841],[-89.902375,35.525036],[-89.904398,35.535888],[-89.909698,35.537955],[-89.894393,35.550157],[-89.88844,35.572383],[-89.881188,35.577853],[-89.884497,35.584976],[-89.873945,35.585576],[-89.871396,35.581314],[-89.86604,35.588469],[-89.860245,35.584594],[-89.857248,35.591727],[-89.842392,35.597572],[-89.844691,35.604775],[-89.824146,35.603139],[-89.826486,35.614379],[-89.814839,35.617945],[-89.817679,35.623732],[-89.807115,35.620462],[-89.806786,35.627251],[-89.792886,35.633214],[-89.793566,35.639949],[-89.788457,35.634724],[-89.779698,35.635419],[-89.769518,35.638585],[-89.77115,35.642999],[-89.765656,35.640218],[-89.764254,35.645552],[-89.759108,35.64256],[-89.758116,35.650361],[-89.741757,35.646001],[-89.739091,35.639394],[-89.729068,35.647359],[-89.726953,35.636469],[-89.723311,35.640759],[-89.706053,35.639674],[-89.694326,35.645111],[-89.688495,35.635927],[-89.680871,35.640155],[-89.678369,35.636041],[-89.675879,35.640406],[-89.665938,35.631392],[-89.666609,35.636098],[-89.661131,35.631788],[-89.651006,35.6387],[-89.653789,35.644836],[-89.650415,35.648508],[-89.631001,35.645051],[-89.63265,35.650328],[-89.623015,35.652344],[-89.620823,35.645987],[-89.612976,35.643236],[-89.615693,35.636872],[-89.607856,35.635591],[-89.60679,35.627993],[-89.602153,35.623777],[-89.6027,35.628866],[-89.597906,35.630112],[-89.585124,35.625629],[-89.578778,35.615254],[-89.574268,35.618776],[-89.572089,35.613857],[-89.560162,35.613069],[-89.553689,35.604388],[-89.553256,35.608577],[-89.550626,35.60595],[-89.545844,35.609783],[-89.543598,35.602841],[-89.532108,35.602595],[-89.535013,35.595729],[-89.526107,35.598173],[-89.526129,35.589943],[-89.521402,35.59581],[-89.521239,35.590112],[-89.511487,35.587998],[-89.510323,35.580782],[-89.484156,35.574362],[-89.488918,35.571442],[-89.488461,35.56811],[-89.483519,35.569377],[-89.477394,35.562012],[-89.482701,35.54664],[-89.469862,35.546566],[-89.474171,35.403039],[-89.544046,35.404748],[-89.568988,35.396879],[-89.585159,35.397474],[-89.616176,35.388662],[-89.617295,35.383595],[-89.628966,35.382599],[-89.628472,35.37872],[-89.644985,35.371211],[-89.642796,35.387983],[-89.702893,35.389059],[-89.70248,35.408584],[-89.70928,35.409483],[-89.71018,35.404384],[-89.73028,35.406756],[-89.730814,35.401111],[-89.776736,35.405173],[-89.778755,35.38782],[-90.044044,35.396722],[-90.056782,35.403863],[-90.048086,35.411737]]],[[[-90.179265,35.385194],[-90.16888,35.421878],[-90.129435,35.442119],[-90.114412,35.472467],[-90.088033,35.478583],[-90.079007,35.476874],[-90.067798,35.466224],[-90.074082,35.433983],[-90.062018,35.41518],[-90.069528,35.408132],[-90.054322,35.389277],[-90.077971,35.384501],[-90.111624,35.409589],[-90.129342,35.41383],[-90.139295,35.410521],[-90.146191,35.399468],[-90.13551,35.376668],[-90.165282,35.373982],[-90.179265,35.385194]]]]}},{"type":"Feature","properties":{"GEOID":"47055","NAME":"Giles","state":"TN","wildfire_risk_score":19.752,"wildfire_eal_total":5924.88,"risk_band":"Moderate","source":"FEMA National Risk Index v1.20 (December 2025)"},"geometry":{"type":"Polygon","coordinates":[[[-87.232054,35.292704],[-87.215082,35.295769],[-87.214994,35.381302],[-87.206578,35.433207],[-87.160263,35.435371],[-87.149904,35.446918],[-87.122529,35.456061],[-87.101706,35.449704],[-87.093968,35.441755],[-87.071771,35.440383],[-87.05918,35.431354],[-87.038762,35.428306],[-87.030114,35.432201],[-87.01949,35.424005],[-87.017567,35.415921],[-86.998805,35.409573],[-86.986705,35.409375],[-86.984405,35.420075],[-86.968204,35.412075],[-86.960565,35.413064],[-86.956704,35.419475],[-86.945404,35.413675],[-86.940003,35.415475],[-86.934903,35.408276],[-86.931203,35.412076],[-86.924802,35.409075],[-86.924603,35.363076],[-86.917831,35.363663],[-86.920107,35.35218],[-86.908247,35.350118],[-86.912003,35.340176],[-86.901802,35.338475],[-86.903207,35.324779],[-86.909005,35.324978],[-86.910636,35.318151],[-86.906451,35.314075],[-86.888004,35.315176],[-86.886437,35.306444],[-86.864102,35.304877],[-86.859481,35.298966],[-86.855193,35.315517],[-86.845688,35.321021],[-86.843602,35.309276],[-86.837672,35.308468],[-86.832701,35.292477],[-86.8285,35.293376],[-86.836306,34.991764],[-87.224053220297,34.9993266591169],[-87.224877,35.046503],[-87.218027,35.095254],[-87.212778,35.094978],[-87.211254,35.103938],[-87.216775,35.104559],[-87.213984,35.12331],[-87.202549,35.12165],[-87.200121,35.133027],[-87.208934,35.134172],[-87.204969,35.152342],[-87.198677,35.151672],[-87.197359,35.159439],[-87.220472,35.168874],[-87.216557,35.198642],[-87.219703,35.203636],[-87.210946,35.202923],[-87.209499,35.209142],[-87.217788,35.209654],[-87.219586,35.21867],[-87.213842,35.22157],[-87.21331,35.227563],[-87.219067,35.227549],[-87.2153,35.286625],[-87.232442,35.28767],[-87.232054,35.292704]]]}},{"type":"Feature","properties":{"GEOID":"47065","NAME":"Hamilton","state":"TN","wildfire_risk_score":70.642,"wildfire_eal_total":185083.57,"risk_band":"High","source":"FEMA National Risk Index v1.20 (December 2025)"},"geometry":{"type":"Polygon","coordinates":[[[-85.474889,34.986972],[-85.427571,35.006881],[-85.408712,35.041195],[-85.392637,35.039138],[-85.382255,35.04473],[-85.366359,35.069474],[-85.361959,35.087773],[-85.383305,35.10574],[-85.39577,35.105638],[-85.385791,35.137095],[-85.388448,35.145504],[-85.246005,35.319077],[-85.168302,35.455614],[-85.15181,35.445244],[-85.137969,35.456216],[-85.131757,35.450974],[-85.131094,35.458004],[-85.111443,35.456891],[-85.103325,35.445525],[-85.110728,35.437238],[-85.102158,35.428442],[-85.087293,35.434537],[-85.082006,35.429069],[-85.073434,35.429283],[-85.066908,35.436476],[-85.016661,35.409101],[-85.025395,35.404765],[-85.030369,35.379122],[-85.01515,35.371888],[-85.008366,35.383255],[-85.000522,35.380359],[-84.990528,35.366541],[-84.977749,35.36107],[-84.964078,35.310315],[-84.94233,35.282242],[-84.951249,35.279071],[-84.960649,35.262571],[-84.965549,35.262371],[-84.962049,35.252872],[-84.990349,35.206572],[-85.003181,35.196143],[-85.01018,35.174665],[-85.004871,35.173326],[-85.007355,35.163422],[-85.012361,35.152342],[-85.024043,35.148829],[-85.026643,35.136171],[-85.026427,35.128079],[-85.010251,35.100841],[-85.009928,35.083793],[-84.995148,35.075174],[-85.002282,35.061913],[-84.994448,35.058874],[-85.001518,35.045736],[-84.994029,35.035035],[-84.961362,35.015877],[-84.9769733744412,34.9876687952914],[-85.384967,34.982987],[-85.4741053158651,34.9830630878201],[-85.474889,34.986972]]]}},{"type":"Feature","properties":{"GEOID":"47155","NAME":"Sevier","state":"TN","wildfire_risk_score":78.721,"wildfire_eal_total":306204.74,"risk_band":"High","source":"FEMA National Risk Index v1.20 (December 2025)"},"geometry":{"type":"Polygon","coordinates":[[[-83.791627,35.889317],[-83.764266,35.91327],[-83.743876,35.920582],[-83.738506,35.916966],[-83.693364,35.9447],[-83.68306,35.937598],[-83.687073,35.949335],[-83.654605,35.971937],[-83.659711,35.985887],[-83.650957,35.986368],[-83.651287,35.989625],[-83.661938,35.991507],[-83.669979,36.018314],[-83.677496,36.028068],[-83.673297,36.038486],[-83.65636,36.034589],[-83.655597,36.043119],[-83.613696,36.013586],[-83.607494,36.015685],[-83.521515,35.962958],[-83.516325,35.955646],[-83.518197,35.950923],[-83.507995,35.939025],[-83.487506,35.9348],[-83.490299,35.928044],[-83.477139,35.930126],[-83.474901,35.922893],[-83.470863,35.923082],[-83.462423,35.929926],[-83.457279,35.922385],[-83.450641,35.929722],[-83.447538,35.9228],[-83.444352,35.928915],[-83.435405,35.923727],[-83.416141,35.933272],[-83.404607,35.928568],[-83.394843,35.933085],[-83.389133,35.92822],[-83.39075,35.914779],[-83.371442,35.914196],[-83.353374,35.919628],[-83.318252,35.903913],[-83.310782,35.895846],[-83.316491,35.889998],[-83.307523,35.886569],[-83.308735,35.871692],[-83.291006,35.868964],[-83.293702,35.854563],[-83.287395,35.853501],[-83.284012,35.838386],[-83.270544,35.832962],[-83.271642,35.826527],[-83.261715,35.825364],[-83.263264,35.819344],[-83.273604,35.814319],[-83.279019,35.823222],[-83.278383,35.806466],[-83.287421,35.795423],[-83.285769,35.780445],[-83.275349,35.778617],[-83.280778,35.750095],[-83.276413,35.713591],[-83.255476179897,35.7150906815168],[-83.25561,35.696061],[-83.271378,35.681476],[-83.289165,35.674509],[-83.297154,35.65775],[-83.312757,35.654809],[-83.321101,35.662815],[-83.334965,35.665471],[-83.35156,35.659858],[-83.366941,35.638728],[-83.388722,35.633584],[-83.396626,35.62272],[-83.421576,35.611186],[-83.445802,35.611803],[-83.455722,35.598045],[-83.479082,35.583316],[-83.485527,35.568204],[-83.498335,35.562981],[-83.56609,35.565993],[-83.58559,35.562941],[-83.604806,35.57934],[-83.629734,35.567889],[-83.660925,35.568207],[-83.662814,35.690618],[-83.674272,35.685497],[-83.679138,35.688353],[-83.680502,35.707865],[-83.70525,35.71158],[-83.701344,35.719276],[-83.716462,35.729035],[-83.718914,35.747726],[-83.729968,35.754302],[-83.726148,35.763369],[-83.73105,35.764372],[-83.747317,35.798398],[-83.73877,35.811534],[-83.749895,35.808725],[-83.772214,35.845733],[-83.769008,35.847506],[-83.784286,35.856686],[-83.779405,35.859291],[-83.784186,35.879205],[-83.794275,35.887125],[-83.791627,35.889317]]]}},{"type":"Feature","properties":{"GEOID":"47059","NAME":"Greene","state":"TN","wildfire_risk_score":45.038,"wildfire_eal_total":25470.19,"risk_band":"High","source":"FEMA National Risk Index v1.20 (December 2025)"},"geometry":{"type":"Polygon","coordinates":[[[-83.172285,36.159395],[-83.166085,36.180894],[-83.139484,36.188893],[-83.132352,36.202834],[-83.124842,36.201287],[-83.098563,36.232172],[-83.084785,36.241896],[-83.061674,36.247995],[-83.047982,36.261595],[-83.049282,36.265696],[-83.031705,36.276696],[-83.021483,36.269697],[-83.014983,36.272797],[-82.985283,36.293597],[-82.967583,36.316397],[-82.962383,36.315697],[-82.937183,36.334797],[-82.932982,36.330297],[-82.927882,36.333997],[-82.916082,36.328598],[-82.885082,36.353398],[-82.874282,36.353098],[-82.858082,36.364998],[-82.854581,36.360498],[-82.840822,36.370485],[-82.813281,36.363399],[-82.779718,36.388243],[-82.76708,36.381899],[-82.75608,36.3834],[-82.726879,36.4045],[-82.715579,36.4016],[-82.702566,36.410412],[-82.631794,36.418769],[-82.633032,36.364769],[-82.628624,36.359342],[-82.633289,36.360741],[-82.644071,36.210704],[-82.651122,36.209103],[-82.645862,36.20599],[-82.649583,36.199527],[-82.644753,36.199537],[-82.64573,36.185682],[-82.651856,36.180727],[-82.651808,36.176824],[-82.646202,36.176646],[-82.647769,36.146404],[-82.63662,36.14347],[-82.638818,36.139456],[-82.642889,36.142067],[-82.5772,36.078387],[-82.602877,36.039833],[-82.618164,36.047005],[-82.618664,36.056105],[-82.637165,36.065805],[-82.683565,36.046104],[-82.688865,36.038604],[-82.715165,36.028604],[-82.715965,36.022804],[-82.750065,36.006004],[-82.776001,36.000103],[-82.785267,35.987927],[-82.785558,35.977795],[-82.774905,35.971978],[-82.777751,35.966912],[-82.784536,35.963905],[-82.787465,35.952163],[-82.805851,35.937938],[-82.802892,35.929013],[-82.821861,35.921839],[-82.828933,35.932932],[-82.852554,35.949089],[-82.874159,35.952698],[-82.898938,35.945405],[-82.957228,36.0001],[-83.052177,36.077899],[-83.055448,36.090668],[-83.067443,36.096604],[-83.067743,36.092565],[-83.072397,36.092883],[-83.101348,36.120759],[-83.117004,36.111112],[-83.116046,36.121756],[-83.139683,36.129196],[-83.142083,36.136096],[-83.166785,36.150795],[-83.172285,36.159395]]]}},{"type":"Feature","properties":{"GEOID":"47147","NAME":"Robertson","state":"TN","wildfire_risk_score":23.569,"wildfire_eal_total":10870.55,"risk_band":"Moderate","source":"FEMA National Risk Index v1.20 (December 2025)"},"geometry":{"type":"Polygon","coordinates":[[[-87.150233,36.567702],[-87.132522,36.56372],[-87.134335,36.570564],[-87.129755,36.572283],[-87.12099,36.613544],[-87.131292,36.621995],[-87.126771,36.621443],[-87.125932,36.628989],[-87.117437,36.628118],[-87.114976,36.642414],[-86.589906,36.652486],[-86.5639157484191,36.6335518059594],[-86.602777,36.572757],[-86.633984,36.536363],[-86.645895,36.480952],[-86.693251,36.425663],[-86.690759,36.409742],[-86.69875,36.4074],[-86.718763,36.413967],[-86.719812,36.418264],[-86.727443,36.413968],[-86.748341,36.418508],[-86.746596,36.411184],[-86.756597,36.400441],[-86.781199,36.39019],[-86.781292,36.383645],[-86.791034,36.37676],[-86.787357,36.35964],[-86.825915,36.349635],[-86.834514,36.359843],[-86.854299,36.369796],[-86.852919,36.380135],[-86.862796,36.381171],[-86.86214,36.369569],[-86.870168,36.37419],[-86.876116,36.371892],[-86.881187,36.38092],[-86.898938,36.389979],[-86.909198,36.390256],[-86.913233,36.382621],[-86.919582,36.387092],[-86.927937,36.382513],[-86.93648,36.38798],[-86.938049,36.379856],[-86.962311,36.377128],[-86.97078,36.373391],[-86.972714,36.366207],[-86.984092,36.371419],[-86.984496,36.365097],[-87.005364,36.392392],[-87.027745,36.400564],[-87.095044,36.440269],[-87.09455,36.445039],[-87.098277,36.44233],[-87.120443,36.45546],[-87.119598,36.461107],[-87.128677,36.46195],[-87.120657,36.510943],[-87.113244,36.523046],[-87.118626,36.523667],[-87.116147,36.539212],[-87.121522,36.53998],[-87.117722,36.549641],[-87.129672,36.546523],[-87.13158,36.553727],[-87.141268,36.554908],[-87.13796,36.562058],[-87.150004,36.564016],[-87.150233,36.567702]]]}},{"type":"Feature","properties":{"GEOID":"47009","NAME":"Blount","state":"TN","wildfire_risk_score":69.434,"wildfire_eal_total":188651.93,"risk_band":"High","source":"FEMA National Risk Index v1.20 (December 2025)"},"geometry":{"type":"Polygon","coordinates":[[[-84.188319,35.610549],[-84.151652,35.627498],[-84.144914,35.641609],[-84.134468,35.647399],[-84.134703,35.664568],[-84.153818,35.673866],[-84.162053,35.687424],[-84.160576,35.695486],[-84.172812,35.712756],[-84.167955,35.741589],[-84.151955,35.757554],[-84.179499,35.768449],[-84.171716,35.781671],[-84.172745,35.804419],[-84.164025,35.803895],[-84.155339,35.794083],[-84.139473,35.8001],[-84.137199,35.807585],[-84.142394,35.822011],[-84.134248,35.834169],[-84.146595,35.848845],[-84.130053,35.850077],[-84.122981,35.844395],[-84.126216,35.83298],[-84.121051,35.831022],[-84.103144,35.844043],[-84.078959,35.85079],[-84.070119,35.844067],[-84.066857,35.830629],[-84.054959,35.827578],[-84.050039,35.83396],[-84.05194,35.848828],[-84.047509,35.852286],[-84.032806,35.852913],[-84.020564,35.839345],[-84.009845,35.843706],[-84.006577,35.853739],[-84.010427,35.864061],[-84.024315,35.869409],[-84.028564,35.87582],[-84.008741,35.875277],[-83.996136,35.883928],[-83.974136,35.863548],[-83.961268,35.873165],[-83.946129,35.876227],[-83.939079,35.867567],[-83.934652,35.869107],[-83.906811,35.854378],[-83.907542,35.846626],[-83.853457,35.841138],[-83.811819,35.878389],[-83.794275,35.887125],[-83.78872,35.884119],[-83.779405,35.859291],[-83.784286,35.856686],[-83.769008,35.847506],[-83.772214,35.845733],[-83.749895,35.808725],[-83.73877,35.811534],[-83.747317,35.798398],[-83.73105,35.764372],[-83.726148,35.763369],[-83.729968,35.754302],[-83.718914,35.747726],[-83.716462,35.729035],[-83.701344,35.719276],[-83.70525,35.71158],[-83.680502,35.707865],[-83.679138,35.688353],[-83.674272,35.685497],[-83.662814,35.690618],[-83.6630236045826,35.5691430430619],[-83.707199,35.568533],[-83.723459,35.561874],[-83.735669,35.565455],[-83.771736,35.562118],[-83.780129,35.550387],[-83.802434,35.541588],[-83.82559,35.523829],[-83.880074,35.518745],[-83.901381,35.496553],[-83.911773,35.476028],[-83.937015,35.471511],[-83.949389,35.461164],[-83.963213,35.46452],[-83.965151,35.471117],[-83.943794,35.480741],[-83.939643,35.488937],[-83.959791,35.490341],[-83.974534,35.501148],[-83.980654,35.487908],[-83.987343,35.487483],[-83.991944,35.499433],[-84.009842,35.510955],[-84.007983,35.52046],[-83.993431,35.527767],[-83.995926,35.55294],[-84.0055,35.554758],[-84.012768,35.546635],[-84.038753,35.542679],[-84.06809,35.546393],[-84.085507,35.541372],[-84.094807,35.55332],[-84.087768,35.559875],[-84.096192,35.568851],[-84.096169,35.575487],[-84.111764,35.576758],[-84.112319,35.587456],[-84.130953,35.576313],[-84.140016,35.58363],[-84.14871,35.58379],[-84.14891,35.591265],[-84.181868,35.598892],[-84.188319,35.610549]]]}},{"type":"Feature","properties":{"GEOID":"47003","NAME":"Bedford","state":"TN","wildfire_risk_score":18.989,"wildfire_eal_total":6338.63,"risk_band":"Low","source":"FEMA National Risk Index v1.20 (December 2025)"},"geometry":{"type":"Polygon","coordinates":[[[-86.663296,35.471221],[-86.653193,35.57412],[-86.635207,35.577415],[-86.644349,35.583024],[-86.656322,35.578112],[-86.663707,35.581296],[-86.660983,35.588359],[-86.652207,35.587179],[-86.649204,35.599391],[-86.636362,35.701982],[-86.543116,35.697617],[-86.543685,35.694278],[-86.523378,35.689855],[-86.523293,35.686053],[-86.515516,35.688396],[-86.519442,35.677751],[-86.508794,35.675598],[-86.509482,35.67136],[-86.494006,35.658048],[-86.472088,35.654732],[-86.473206,35.646321],[-86.461353,35.645176],[-86.462181,35.63785],[-86.456052,35.637154],[-86.455038,35.644548],[-86.438418,35.645231],[-86.424145,35.652976],[-86.424931,35.649772],[-86.416625,35.649636],[-86.418902,35.640617],[-86.413429,35.640023],[-86.416866,35.625559],[-86.402726,35.618571],[-86.39509,35.623204],[-86.395498,35.627778],[-86.372941,35.63068],[-86.376796,35.647157],[-86.362826,35.65228],[-86.352169,35.650237],[-86.354825,35.657939],[-86.34194,35.664259],[-86.334075,35.658059],[-86.327852,35.662395],[-86.304128,35.659553],[-86.300321,35.655736],[-86.305235,35.646375],[-86.286923,35.643409],[-86.287584,35.648252],[-86.280924,35.648615],[-86.260577,35.637897],[-86.25766,35.631921],[-86.245165,35.631913],[-86.24167,35.626986],[-86.248096,35.62062],[-86.243651,35.618091],[-86.242654,35.517822],[-86.236679,35.505836],[-86.241641,35.504176],[-86.24692,35.466074],[-86.244286,35.458809],[-86.234529,35.453308],[-86.237789,35.448553],[-86.246613,35.449195],[-86.25055,35.413202],[-86.288015,35.40726],[-86.294328,35.392033],[-86.336192,35.370377],[-86.328792,35.363677],[-86.338392,35.362777],[-86.338992,35.367477],[-86.34728,35.361779],[-86.360288,35.361989],[-86.365695,35.350994],[-86.374173,35.356611],[-86.369237,35.346778],[-86.389692,35.349977],[-86.390592,35.344877],[-86.397592,35.348977],[-86.409286,35.346591],[-86.414249,35.324465],[-86.422338,35.318846],[-86.444169,35.3207],[-86.459501,35.327675],[-86.465341,35.336955],[-86.475327,35.338121],[-86.4796,35.352663],[-86.489348,35.361715],[-86.50397,35.359501],[-86.508745,35.363009],[-86.532568,35.351603],[-86.543392,35.363126],[-86.552689,35.359981],[-86.582709,35.370814],[-86.597896,35.363875],[-86.61822,35.366795],[-86.627273,35.381481],[-86.624295,35.385973],[-86.633263,35.389792],[-86.658247,35.435281],[-86.657891,35.45599],[-86.665555,35.456207],[-86.663296,35.471221]]]}},{"type":"Feature","properties":{"GEOID":"47053","NAME":"Gibson","state":"TN","wildfire_risk_score":18.543,"wildfire_eal_total":5572.37,"risk_band":"Low","source":"FEMA National Risk Index v1.20 (December 2025)"},"geometry":{"type":"Polygon","coordinates":[[[-89.206182,36.013764],[-89.188743,36.022084],[-89.163862,36.02619],[-89.154464,36.204678],[-88.961232,36.201635],[-88.959839,36.222834],[-88.931864,36.193569],[-88.894533,36.176835],[-88.863515,36.137699],[-88.848288,36.135661],[-88.840884,36.123495],[-88.758394,36.109781],[-88.74446,36.094068],[-88.74922,36.094822],[-88.748613,36.091444],[-88.730248,36.079829],[-88.718201,36.07901],[-88.698062,36.064199],[-88.694426,36.066432],[-88.706811,35.791075],[-88.916181,35.797307],[-88.939135,35.814745],[-88.948454,35.813666],[-88.955329,35.823579],[-88.966393,35.826897],[-88.967381,35.832069],[-88.986385,35.827745],[-88.988123,35.832228],[-88.993586,35.829264],[-88.993581,35.832472],[-89.00656,35.832682],[-89.006579,35.839227],[-89.019273,35.839751],[-89.021914,35.854491],[-89.06005,35.848063],[-89.072207,35.857515],[-89.109818,35.862353],[-89.116172,35.88571],[-89.129701,35.899882],[-89.13027,35.914894],[-89.124693,35.920972],[-89.135958,35.967841],[-89.145209,35.967485],[-89.151756,35.974609],[-89.178468,35.982665],[-89.184441,35.987712],[-89.185265,35.999108],[-89.206182,36.013764]]]}},{"type":"Feature","properties":{"GEOID":"47033","NAME":"Crockett","state":"TN","wildfire_risk_score":7.793,"wildfire_eal_total":1769.55,"risk_band":"Low","source":"FEMA National Risk Index v1.20 (December 2025)"},"geometry":{"type":"Polygon","coordinates":[[[-89.361544,35.823712],[-89.357228,35.831221],[-89.358948,35.839747],[-89.354461,35.840054],[-89.353309,35.847805],[-89.339556,35.862383],[-89.342829,35.880934],[-89.280148,35.886499],[-89.267275,35.913447],[-89.250069,35.917348],[-89.239206,35.925694],[-89.198345,35.970209],[-89.187272,36.000212],[-89.184441,35.987712],[-89.178468,35.982665],[-89.151756,35.974609],[-89.145209,35.967485],[-89.135958,35.967841],[-89.124693,35.920972],[-89.13027,35.914894],[-89.129701,35.899882],[-89.116172,35.88571],[-89.109818,35.862353],[-89.072207,35.857515],[-89.06005,35.848063],[-89.021914,35.854491],[-89.019273,35.839751],[-89.006579,35.839227],[-89.00656,35.832682],[-88.993581,35.832472],[-88.993586,35.829264],[-88.988123,35.832228],[-88.986385,35.827745],[-88.967381,35.832069],[-88.966393,35.826897],[-88.955329,35.823579],[-88.948454,35.813666],[-88.939135,35.814745],[-88.918803,35.801932],[-88.911916,35.790452],[-88.892938,35.783842],[-89.021364,35.670953],[-89.054341,35.683403],[-89.059911,35.679393],[-89.063359,35.690645],[-89.079584,35.697319],[-89.087437,35.694999],[-89.100647,35.701966],[-89.116959,35.69924],[-89.142252,35.719818],[-89.189682,35.742716],[-89.271205,35.755011],[-89.287623,35.77316],[-89.309502,35.772923],[-89.325251,35.788579],[-89.342548,35.792205],[-89.350504,35.812094],[-89.354256,35.809114],[-89.355787,35.819216],[-89.361544,35.823712]]]}},{"type":"Feature","properties":{"GEOID":"47173","NAME":"Union","state":"TN","wildfire_risk_score":50.413,"wildfire_eal_total":45010.53,"risk_band":"High","source":"FEMA National Risk Index v1.20 (December 2025)"},"geometry":{"type":"Polygon","coordinates":[[[-84.007298,36.270304],[-84.00072,36.271647],[-83.997617,36.282678],[-83.981016,36.284978],[-83.983117,36.289178],[-83.974017,36.298278],[-83.977917,36.305678],[-83.973117,36.308678],[-83.971418,36.342578],[-83.961717,36.346778],[-83.968418,36.354578],[-83.957618,36.357078],[-83.965117,36.362178],[-83.957618,36.361678],[-83.949918,36.368978],[-83.958218,36.378578],[-83.952419,36.399978],[-83.921217,36.387879],[-83.902817,36.405379],[-83.910819,36.413378],[-83.903317,36.418279],[-83.908355,36.419759],[-83.893717,36.419679],[-83.890517,36.431279],[-83.884737,36.421325],[-83.876517,36.430479],[-83.861217,36.434679],[-83.851916,36.427979],[-83.839341,36.429287],[-83.833282,36.419654],[-83.805515,36.435879],[-83.798614,36.429579],[-83.807914,36.422379],[-83.805014,36.416379],[-83.798038,36.4241],[-83.79273,36.423099],[-83.795133,36.413284],[-83.764512,36.398779],[-83.758321,36.383915],[-83.742559,36.368127],[-83.745578,36.354005],[-83.733054,36.345043],[-83.714009,36.344181],[-83.696909,36.365681],[-83.667408,36.344381],[-83.673408,36.338782],[-83.670908,36.335482],[-83.674808,36.337482],[-83.682308,36.331582],[-83.675808,36.326482],[-83.689107,36.295981],[-83.683007,36.297281],[-83.682147,36.292038],[-83.689507,36.279082],[-83.702707,36.273182],[-83.704507,36.250182],[-83.695606,36.254382],[-83.693506,36.237483],[-83.700205,36.207583],[-83.718805,36.198583],[-83.715805,36.191983],[-83.729805,36.186682],[-83.714704,36.173783],[-83.732704,36.164583],[-83.903972,36.16898],[-83.900489,36.164533],[-83.905169,36.160906],[-83.90973,36.162688],[-83.906108,36.169013],[-83.922712,36.169381],[-83.96914,36.210105],[-84.007298,36.270304]]]}},{"type":"Feature","properties":{"GEOID":"47031","NAME":"Coffee","state":"TN","wildfire_risk_score":11.546,"wildfire_eal_total":3727.78,"risk_band":"Low","source":"FEMA National Risk Index v1.20 (December 2025)"},"geometry":{"type":"Polygon","coordinates":[[[-86.279905,35.387452],[-86.267252,35.397978],[-86.261045,35.39779],[-86.260859,35.40432],[-86.251673,35.403511],[-86.251504,35.409038],[-86.258354,35.409107],[-86.25055,35.413202],[-86.246613,35.449195],[-86.237789,35.448553],[-86.234529,35.453308],[-86.244286,35.458809],[-86.24692,35.466074],[-86.241641,35.504176],[-86.236679,35.505836],[-86.242654,35.517822],[-86.243651,35.618091],[-86.248096,35.62062],[-86.24167,35.626986],[-86.245682,35.645644],[-86.240844,35.657983],[-86.249052,35.66504],[-86.241672,35.668464],[-86.245406,35.688899],[-86.225318,35.695164],[-86.221631,35.706429],[-86.215482,35.700935],[-86.191852,35.701868],[-86.190408,35.692458],[-86.165826,35.681545],[-86.165858,35.676856],[-86.154196,35.673872],[-86.143394,35.661652],[-86.120263,35.660929],[-86.08889,35.646823],[-86.053246,35.643989],[-86.052669,35.648047],[-86.037896,35.643001],[-86.032238,35.65114],[-86.015261,35.649433],[-86.00817,35.657203],[-86.00157,35.652628],[-85.994462,35.653725],[-85.994211,35.660453],[-85.985062,35.660108],[-85.984021,35.655202],[-85.990368,35.650625],[-85.978125,35.650797],[-85.967962,35.631677],[-85.971368,35.632041],[-85.969357,35.625732],[-85.956333,35.619561],[-85.957347,35.614401],[-85.950184,35.609874],[-85.951475,35.599435],[-85.94693,35.596389],[-85.954374,35.594207],[-85.955972,35.586206],[-85.945524,35.584767],[-85.948192,35.573422],[-85.938362,35.572311],[-85.934405,35.563019],[-85.917607,35.552754],[-85.904098,35.551413],[-85.90455,35.541299],[-85.880025,35.535405],[-85.884734,35.533218],[-85.876962,35.524095],[-85.885485,35.517039],[-85.8782,35.514387],[-85.883131,35.508057],[-85.876232,35.507339],[-85.879529,35.491763],[-85.885585,35.489485],[-85.889216,35.443954],[-85.886982,35.38154],[-85.869478,35.380435],[-85.880456,35.360634],[-85.881077,35.348804],[-85.904877,35.330434],[-85.900833,35.317764],[-85.90554,35.317589],[-85.910273,35.306477],[-85.906935,35.297295],[-85.913593,35.289189],[-85.927427,35.290445],[-85.934194,35.299788],[-85.948719,35.299167],[-85.943049,35.304829],[-85.946767,35.307951],[-85.956412,35.308251],[-85.959013,35.301426],[-85.962006,35.314505],[-85.967421,35.310088],[-85.9777,35.313069],[-85.979602,35.318129],[-85.990268,35.313107],[-86.001882,35.31468],[-86.02369,35.334348],[-86.033482,35.335157],[-86.02704,35.343837],[-86.15212,35.361921],[-86.158018,35.362607],[-86.159489,35.34918],[-86.172287,35.352648],[-86.171988,35.357579],[-86.194063,35.344484],[-86.18929,35.338976],[-86.197589,35.333479],[-86.219164,35.348572],[-86.22749,35.347479],[-86.23269,35.341179],[-86.250174,35.344644],[-86.250775,35.336861],[-86.26049,35.337479],[-86.261489,35.333579],[-86.266376,35.338564],[-86.24539,35.347379],[-86.24429,35.356079],[-86.25849,35.357976],[-86.261991,35.365678],[-86.272991,35.366378],[-86.274691,35.370578],[-86.257491,35.370878],[-86.253335,35.385299],[-86.279905,35.387452]]]}},{"type":"Feature","properties":{"GEOID":"47119","NAME":"Maury","state":"TN","wildfire_risk_score":33.238,"wildfire_eal_total":19942.62,"risk_band":"Moderate","source":"FEMA National Risk Index v1.20 (December 2025)"},"geometry":{"type":"Polygon","coordinates":[[[-87.354146,35.610309],[-87.351773,35.619331],[-87.332768,35.634672],[-87.331606,35.656301],[-87.339654,35.656792],[-87.339232,35.65911],[-87.325284,35.657768],[-87.31951,35.664841],[-87.31936,35.674238],[-87.294946,35.695252],[-87.258521,35.697815],[-87.250343,35.709133],[-87.253308,35.714825],[-87.265391,35.719016],[-87.234143,35.724691],[-87.215099,35.850651],[-87.035681,35.796213],[-87.003959,35.779028],[-86.96951,35.771676],[-86.960568,35.775317],[-86.962471,35.782883],[-86.950733,35.781642],[-86.952242,35.773499],[-86.944302,35.77265],[-86.941723,35.779551],[-86.929027,35.778129],[-86.938747,35.7622],[-86.928979,35.757196],[-86.854124,35.734342],[-86.845491,35.725166],[-86.811891,35.720455],[-86.797898,35.707988],[-86.782016,35.706595],[-86.794332,35.702123],[-86.796935,35.691479],[-86.802792,35.692042],[-86.803233,35.699415],[-86.811864,35.696412],[-86.82238,35.608564],[-86.82843,35.596246],[-86.839846,35.591527],[-86.840755,35.583247],[-86.827501,35.580812],[-86.829905,35.57411],[-86.836381,35.575465],[-86.834354,35.566837],[-86.840489,35.567286],[-86.841704,35.559657],[-86.838216,35.559388],[-86.84213,35.551036],[-86.8381,35.550776],[-86.849573,35.525515],[-86.87128,35.502486],[-86.870568,35.520796],[-86.875589,35.521251],[-86.8806,35.494003],[-86.924503,35.463674],[-86.919003,35.456274],[-86.930205,35.454565],[-86.936403,35.459074],[-86.955004,35.451474],[-86.960565,35.413064],[-86.964911,35.411913],[-86.984405,35.420075],[-86.986705,35.409375],[-86.998805,35.409573],[-87.017567,35.415921],[-87.01949,35.424005],[-87.030114,35.432201],[-87.038762,35.428306],[-87.05918,35.431354],[-87.071771,35.440383],[-87.093968,35.441755],[-87.101706,35.449704],[-87.122529,35.456061],[-87.149904,35.446918],[-87.160263,35.435371],[-87.193227,35.430902],[-87.226272,35.440408],[-87.227932,35.429332],[-87.295242,35.442128],[-87.28896,35.459404],[-87.281483,35.458658],[-87.276791,35.470104],[-87.274764,35.483405],[-87.279743,35.483902],[-87.276727,35.492182],[-87.282817,35.499495],[-87.2705,35.500733],[-87.269432,35.505851],[-87.282393,35.50486],[-87.289872,35.548025],[-87.317721,35.549104],[-87.314884,35.567597],[-87.338357,35.57275],[-87.338524,35.584396],[-87.352305,35.584621],[-87.354146,35.610309]]]}},{"type":"Feature","properties":{"GEOID":"47121","NAME":"Meigs","state":"TN","wildfire_risk_score":32.252,"wildfire_eal_total":12098.67,"risk_band":"Moderate","source":"FEMA National Risk Index v1.20 (December 2025)"},"geometry":{"type":"Polygon","coordinates":[[[-85.026818,35.385222],[-85.02302,35.408188],[-85.00729,35.414876],[-84.980051,35.43927],[-84.985452,35.46177],[-84.982354,35.468874],[-84.969753,35.467574],[-84.960251,35.44937],[-84.95105,35.44237],[-84.923649,35.437371],[-84.904848,35.451771],[-84.900348,35.47967],[-84.859949,35.497072],[-84.860356,35.512875],[-84.880431,35.531052],[-84.873969,35.550217],[-84.858884,35.554561],[-84.815513,35.54539],[-84.795946,35.551102],[-84.795169,35.559727],[-84.808085,35.56883],[-84.811453,35.579253],[-84.777235,35.600767],[-84.777791,35.613241],[-84.786552,35.629837],[-84.777599,35.647564],[-84.781207,35.678405],[-84.761882,35.701755],[-84.749941,35.694519],[-84.75162,35.680516],[-84.74721,35.678202],[-84.721082,35.691725],[-84.723122,35.706924],[-84.711515,35.730069],[-84.723853,35.752896],[-84.713986,35.741986],[-84.698416,35.741814],[-84.69841,35.732708],[-84.695122,35.732685],[-84.69873,35.717869],[-84.67654,35.717501],[-84.672223,35.702943],[-84.663528,35.702837],[-84.663209,35.710202],[-84.654403,35.710017],[-84.654349,35.717293],[-84.645279,35.717092],[-84.645073,35.724438],[-84.636309,35.72429],[-84.619031,35.70788],[-84.623339,35.699878],[-84.619201,35.694837],[-84.628061,35.690117],[-84.628038,35.662249],[-84.61988,35.658865],[-84.619865,35.644651],[-84.641858,35.626175],[-84.666535,35.589289],[-84.689814,35.577603],[-84.69108,35.563032],[-84.706773,35.541347],[-84.724879,35.521364],[-84.747173,35.510783],[-84.749741,35.500465],[-84.761743,35.493472],[-84.757243,35.489072],[-84.771343,35.480672],[-84.775826,35.467258],[-84.787743,35.464769],[-84.801749,35.454282],[-84.800044,35.450771],[-84.806544,35.446171],[-84.800743,35.442271],[-84.801943,35.43777],[-84.815843,35.43527],[-84.823054,35.419785],[-84.817144,35.416971],[-84.824543,35.404671],[-84.831244,35.40447],[-84.837444,35.39737],[-84.860164,35.350074],[-84.877546,35.357871],[-84.880346,35.35127],[-84.873246,35.348971],[-84.884046,35.329172],[-84.927446,35.288869],[-84.940148,35.297671],[-84.946339,35.287717],[-84.962471,35.306826],[-84.977749,35.36107],[-84.990528,35.366541],[-85.000522,35.380359],[-85.008366,35.383255],[-85.01515,35.371888],[-85.023539,35.374711],[-85.030369,35.379122],[-85.026818,35.385222]]]}},{"type":"Feature","properties":{"GEOID":"47107","NAME":"McMinn","state":"TN","wildfire_risk_score":49.237,"wildfire_eal_total":38532.11,"risk_band":"High","source":"FEMA National Risk Index v1.20 (December 2025)"},"geometry":{"type":"Polygon","coordinates":[[[-84.858702,35.352545],[-84.837444,35.39737],[-84.831244,35.40447],[-84.824543,35.404671],[-84.817144,35.416971],[-84.823054,35.419785],[-84.815843,35.43527],[-84.801943,35.43777],[-84.800743,35.442271],[-84.806544,35.446171],[-84.800044,35.450771],[-84.801749,35.454282],[-84.787743,35.464769],[-84.777543,35.465669],[-84.768343,35.484672],[-84.757243,35.489072],[-84.761743,35.493472],[-84.749741,35.500465],[-84.747173,35.510783],[-84.724879,35.521364],[-84.711961,35.534835],[-84.69108,35.563032],[-84.689814,35.577603],[-84.666535,35.589289],[-84.629744,35.640016],[-84.619865,35.644651],[-84.584472,35.644424],[-84.584296,35.633086],[-84.557872,35.629651],[-84.557926,35.636973],[-84.54923,35.636896],[-84.547603,35.641327],[-84.522511,35.622269],[-84.522373,35.618625],[-84.540355,35.619427],[-84.540328,35.611744],[-84.525647,35.611779],[-84.52271,35.607783],[-84.522628,35.586136],[-84.504786,35.586154],[-84.504749,35.578735],[-84.443282,35.462746],[-84.452327,35.459876],[-84.452227,35.455274],[-84.443042,35.455531],[-84.434027,35.448645],[-84.434342,35.440155],[-84.443597,35.433485],[-84.43733,35.43371],[-84.436526,35.422774],[-84.426651,35.418444],[-84.426403,35.412009],[-84.430926,35.411874],[-84.426326,35.401874],[-84.409226,35.398378],[-84.409322,35.344276],[-84.400623,35.344278],[-84.401025,35.330374],[-84.454713,35.318518],[-84.477633,35.303337],[-84.51613,35.266472],[-84.667398,35.268041],[-84.676569,35.253712],[-84.68546,35.253581],[-84.685443,35.246584],[-84.703607,35.241043],[-84.712794,35.248569],[-84.698238,35.250073],[-84.703538,35.258773],[-84.713138,35.262273],[-84.737384,35.255359],[-84.752702,35.272598],[-84.74554,35.276673],[-84.726539,35.276273],[-84.723039,35.280572],[-84.72534,35.289471],[-84.752707,35.288595],[-84.782567,35.313536],[-84.802876,35.31809],[-84.805854,35.327696],[-84.824855,35.325693],[-84.837902,35.340042],[-84.858702,35.352545]]]}},{"type":"Feature","properties":{"GEOID":"47105","NAME":"Loudon","state":"TN","wildfire_risk_score":44.148,"wildfire_eal_total":27062.85,"risk_band":"Moderate","source":"FEMA National Risk Index v1.20 (December 2025)"},"geometry":{"type":"MultiPolygon","coordinates":[[[[-84.355297,35.640924],[-84.349251,35.644264],[-84.342871,35.636585],[-84.350001,35.632939],[-84.355297,35.640924]]],[[[-84.540355,35.619427],[-84.522373,35.618625],[-84.52271,35.607783],[-84.525647,35.611779],[-84.540328,35.611744],[-84.540355,35.619427]]],[[[-84.548777,35.673213],[-84.544214,35.676893],[-84.539774,35.67684],[-84.539963,35.670465],[-84.548777,35.673213]]],[[[-84.58441,35.651607],[-84.575503,35.651638],[-84.575602,35.658889],[-84.553352,35.658825],[-84.54881,35.666062],[-84.530976,35.670382],[-84.530779,35.676612],[-84.521936,35.676597],[-84.521842,35.683729],[-84.531909,35.683997],[-84.531803,35.687606],[-84.521869,35.694773],[-84.516891,35.71204],[-84.510472,35.716448],[-84.494488,35.716362],[-84.448558,35.759426],[-84.435166,35.748212],[-84.42601,35.753255],[-84.423889,35.768441],[-84.416415,35.776451],[-84.402764,35.775951],[-84.388607,35.768352],[-84.380776,35.777851],[-84.388696,35.782527],[-84.377189,35.790678],[-84.381909,35.796521],[-84.379668,35.817439],[-84.371537,35.825862],[-84.342791,35.83189],[-84.337898,35.839865],[-84.333734,35.877137],[-84.338222,35.877217],[-84.333213,35.879319],[-84.32997,35.892904],[-84.322983,35.88675],[-84.296684,35.884602],[-84.28383,35.874865],[-84.278545,35.879796],[-84.285811,35.894283],[-84.281159,35.902984],[-84.268952,35.894794],[-84.261155,35.895914],[-84.165396,35.806759],[-84.173886,35.80145],[-84.171716,35.781671],[-84.179499,35.768449],[-84.151955,35.757554],[-84.167955,35.741589],[-84.172812,35.712756],[-84.160576,35.695486],[-84.162053,35.687424],[-84.153818,35.673866],[-84.133146,35.660982],[-84.137488,35.658368],[-84.134468,35.647399],[-84.144914,35.641609],[-84.151652,35.627498],[-84.188319,35.610549],[-84.19263,35.618241],[-84.221451,35.615322],[-84.230594,35.622296],[-84.253071,35.617852],[-84.254322,35.624712],[-84.2476,35.633782],[-84.25079,35.636989],[-84.256407,35.631922],[-84.281835,35.635572],[-84.282185,35.641346],[-84.297522,35.643152],[-84.290765,35.654925],[-84.31759,35.65996],[-84.317628,35.672107],[-84.326443,35.672204],[-84.326477,35.665005],[-84.357608,35.665162],[-84.353275,35.654396],[-84.362228,35.654448],[-84.36227,35.647189],[-84.385011,35.639841],[-84.398074,35.640208],[-84.397901,35.650995],[-84.406502,35.651188],[-84.402237,35.654694],[-84.406472,35.665622],[-84.414254,35.664828],[-84.412801,35.667975],[-84.416172,35.662228],[-84.424785,35.661078],[-84.423549,35.671735],[-84.437664,35.671077],[-84.43578,35.665953],[-84.457249,35.665763],[-84.458363,35.658735],[-84.487344,35.655508],[-84.495592,35.655445],[-84.500114,35.665745],[-84.504274,35.665866],[-84.504595,35.651034],[-84.522162,35.651394],[-84.522545,35.643984],[-84.509243,35.642154],[-84.513777,35.636829],[-84.508657,35.636686],[-84.508579,35.629399],[-84.500061,35.62939],[-84.504727,35.619671],[-84.52585,35.624186],[-84.525984,35.628113],[-84.547603,35.641327],[-84.54923,35.636896],[-84.557926,35.636973],[-84.557872,35.629651],[-84.584296,35.633086],[-84.58441,35.651607]]]]}},{"type":"Feature","properties":{"GEOID":"47141","NAME":"Putnam","state":"TN","wildfire_risk_score":27.131,"wildfire_eal_total":11705.14,"risk_band":"Moderate","source":"FEMA National Risk Index v1.20 (December 2025)"},"geometry":{"type":"Polygon","coordinates":[[[-85.809168,36.206598],[-85.80393,36.211197],[-85.782939,36.211426],[-85.783127,36.219808],[-85.778634,36.221152],[-85.782541,36.23045],[-85.786487,36.23011],[-85.780455,36.235526],[-85.782886,36.24466],[-85.777624,36.249079],[-85.743009,36.22833],[-85.722912,36.233291],[-85.706465,36.23095],[-85.702322,36.225],[-85.690311,36.228916],[-85.680809,36.224404],[-85.675,36.228138],[-85.674147,36.221177],[-85.665968,36.223788],[-85.654143,36.216267],[-85.635831,36.222407],[-85.634158,36.213346],[-85.613029,36.215124],[-85.613046,36.221248],[-85.604328,36.220707],[-85.600212,36.226177],[-85.583494,36.230667],[-85.575207,36.230466],[-85.572802,36.222295],[-85.557527,36.223177],[-85.558291,36.230231],[-85.551099,36.229588],[-85.555607,36.234015],[-85.53986,36.236014],[-85.538656,36.24085],[-85.526197,36.239626],[-85.533697,36.242577],[-85.529874,36.250424],[-85.53484,36.250927],[-85.533915,36.258743],[-85.512571,36.256879],[-85.508283,36.27772],[-85.494,36.279817],[-85.497149,36.28386],[-85.490384,36.286943],[-85.497605,36.30203],[-85.490759,36.303309],[-85.489993,36.299446],[-85.466481,36.304961],[-85.466446,36.301172],[-85.464674,36.303443],[-85.458963,36.304146],[-85.463206,36.302829],[-85.459248,36.298101],[-85.463475,36.293476],[-85.453405,36.284957],[-85.453907,36.28096],[-85.466011,36.279383],[-85.45365,36.27684],[-85.456823,36.267783],[-85.452647,36.26758],[-85.452888,36.26146],[-85.435652,36.262233],[-85.43585,36.247148],[-85.422656,36.245278],[-85.419398,36.236215],[-85.38583,36.225977],[-85.378569,36.227781],[-85.374189,36.223006],[-85.365182,36.226194],[-85.365625,36.220588],[-85.326706,36.217867],[-85.32369,36.203848],[-85.326746,36.2009],[-85.274077,36.181628],[-85.260308,36.185817],[-85.261652,36.180805],[-85.265953,36.181634],[-85.263077,36.176957],[-85.204156,36.152489],[-85.119583,36.144719],[-85.100213,36.138561],[-85.107319,36.132899],[-85.131575,36.130259],[-85.15275,36.099544],[-85.235757,36.105752],[-85.236148,36.100554],[-85.246362,36.100698],[-85.248219,36.084534],[-85.24253,36.072565],[-85.247423,36.063222],[-85.243303,36.054916],[-85.251364,36.040521],[-85.260407,35.996645],[-85.254881,35.99649],[-85.257012,35.978492],[-85.311302,35.992997],[-85.309363,36.031592],[-85.326278,36.030227],[-85.372181,36.052388],[-85.507677,36.082012],[-85.560459,36.073471],[-85.575028,36.05587],[-85.577541,36.062463],[-85.582834,36.060418],[-85.583068,36.045795],[-85.589298,36.043403],[-85.584076,36.037034],[-85.594086,36.043726],[-85.611138,36.04605],[-85.621972,36.033484],[-85.643274,36.024191],[-85.644986,36.013302],[-85.651048,36.012328],[-85.668236,36.029841],[-85.688333,36.069524],[-85.725155,36.081956],[-85.741878,36.078795],[-85.74173,36.07506],[-85.747144,36.07743],[-85.756943,36.067099],[-85.775976,36.078328],[-85.769835,36.094981],[-85.776782,36.102337],[-85.788197,36.103162],[-85.807415,36.131582],[-85.801617,36.138689],[-85.807249,36.147807],[-85.803631,36.170344],[-85.783956,36.173086],[-85.786863,36.180198],[-85.792891,36.179711],[-85.793009,36.173504],[-85.803052,36.174731],[-85.80479,36.183044],[-85.800487,36.182812],[-85.795517,36.191738],[-85.800828,36.195032],[-85.799454,36.206309],[-85.809168,36.206598]]]}},{"type":"Feature","properties":{"GEOID":"47081","NAME":"Hickman","state":"TN","wildfire_risk_score":11.959,"wildfire_eal_total":3390.5,"risk_band":"Low","source":"FEMA National Risk Index v1.20 (December 2025)"},"geometry":{"type":"Polygon","coordinates":[[[-87.74375,35.663952],[-87.737811,35.702342],[-87.710669,35.703616],[-87.709976,35.71012],[-87.716851,35.710096],[-87.72428,35.728996],[-87.732935,35.72626],[-87.70696,35.905884],[-87.685739,35.911542],[-87.683608,35.916076],[-87.658423,35.915511],[-87.656699,35.921549],[-87.640821,35.923824],[-87.61075,35.944315],[-87.61186,35.949981],[-87.587584,35.953378],[-87.584879,35.947814],[-87.579557,35.951799],[-87.567467,35.947646],[-87.557168,35.950665],[-87.550114,35.960792],[-87.532493,35.96946],[-87.529791,35.975647],[-87.53453,35.993074],[-87.489925,35.988335],[-87.48969,35.983865],[-87.477719,35.984848],[-87.482378,35.987566],[-87.301916,35.96837],[-87.279901,35.961429],[-87.274235,35.964595],[-87.204242,35.959186],[-87.205665,35.940967],[-87.201426,35.940579],[-87.234143,35.724691],[-87.265391,35.719016],[-87.251806,35.713528],[-87.250501,35.707157],[-87.255769,35.700344],[-87.265994,35.695765],[-87.294946,35.695252],[-87.31936,35.674238],[-87.31951,35.664841],[-87.325284,35.657768],[-87.346223,35.659657],[-87.352393,35.654832],[-87.357379,35.659514],[-87.418709,35.62487],[-87.452064,35.620021],[-87.452344,35.61604],[-87.459587,35.615124],[-87.50779,35.628383],[-87.52999,35.626203],[-87.549422,35.630217],[-87.56841,35.651815],[-87.586867,35.653304],[-87.609141,35.63472],[-87.623391,35.632744],[-87.61758,35.627046],[-87.618123,35.619428],[-87.627139,35.615779],[-87.628959,35.621156],[-87.646848,35.609851],[-87.660235,35.608937],[-87.676483,35.627054],[-87.74375,35.663952]]]}},{"type":"Feature","properties":{"GEOID":"47079","NAME":"Henry","state":"TN","wildfire_risk_score":23.537,"wildfire_eal_total":6848.12,"risk_band":"Moderate","source":"FEMA National Risk Index v1.20 (December 2025)"},"geometry":{"type":"Polygon","coordinates":[[[-88.529397,36.170176],[-88.5163456859488,36.5014314866172],[-88.0532916180151,36.4971306477427],[-88.056924,36.489468],[-88.052243,36.469061],[-88.061456,36.444093],[-88.035982,36.420317],[-88.033242,36.40952],[-88.016134,36.394874],[-88.002435,36.370746],[-87.99092,36.360133],[-88.095985,36.358716],[-88.098182,36.351898],[-88.093048,36.349703],[-88.096426,36.347921],[-88.092269,36.340315],[-88.099578,36.332818],[-88.095436,36.330793],[-88.102109,36.326973],[-88.097892,36.318059],[-88.102848,36.31012],[-88.091076,36.296367],[-88.09167,36.275198],[-88.083059,36.257128],[-88.092675,36.251912],[-88.10046,36.254369],[-88.10389,36.249475],[-88.097594,36.245033],[-88.103,36.237563],[-88.10058,36.23366],[-88.113408,36.223251],[-88.135824,36.218678],[-88.13763,36.201426],[-88.150625,36.193707],[-88.162397,36.175469],[-88.170453,36.17455],[-88.172691,36.16745],[-88.167553,36.162573],[-88.17661,36.157152],[-88.176502,36.147673],[-88.186957,36.145255],[-88.20449,36.123924],[-88.212559,36.12029],[-88.211698,36.145974],[-88.530322,36.152023],[-88.529397,36.170176]]]}},{"type":"Feature","properties":{"GEOID":"47057","NAME":"Grainger","state":"TN","wildfire_risk_score":48.696,"wildfire_eal_total":33238.85,"risk_band":"High","source":"FEMA National Risk Index v1.20 (December 2025)"},"geometry":{"type":"Polygon","coordinates":[[[-83.732704,36.164583],[-83.714704,36.173783],[-83.729805,36.186682],[-83.715805,36.191983],[-83.718805,36.198583],[-83.700205,36.207583],[-83.693506,36.237483],[-83.695606,36.254382],[-83.704507,36.250182],[-83.702707,36.273182],[-83.689507,36.279082],[-83.682147,36.292038],[-83.683007,36.297281],[-83.689107,36.295981],[-83.675808,36.326482],[-83.682308,36.331582],[-83.674808,36.337482],[-83.670908,36.335482],[-83.673408,36.338782],[-83.667408,36.344381],[-83.661107,36.332482],[-83.654507,36.333282],[-83.651007,36.339482],[-83.635107,36.337183],[-83.597306,36.357183],[-83.591888,36.368769],[-83.573904,36.363284],[-83.564805,36.372584],[-83.555505,36.361384],[-83.551105,36.368284],[-83.534704,36.352485],[-83.532504,36.365085],[-83.518203,36.356885],[-83.516503,36.360785],[-83.524304,36.364885],[-83.516404,36.364985],[-83.508603,36.372985],[-83.500403,36.362286],[-83.494803,36.363286],[-83.495803,36.379285],[-83.480703,36.379786],[-83.466002,36.369186],[-83.455902,36.371886],[-83.449101,36.375886],[-83.460202,36.391386],[-83.457602,36.393486],[-83.453702,36.385986],[-83.449555,36.390688],[-83.459011,36.401452],[-83.448302,36.396886],[-83.441402,36.402086],[-83.441126,36.411861],[-83.428401,36.408386],[-83.428202,36.418186],[-83.417073,36.411362],[-83.415357,36.42063],[-83.3868,36.413186],[-83.389443,36.408162],[-83.352099,36.419787],[-83.340598,36.408288],[-83.328197,36.409685],[-83.3153,36.398794],[-83.308597,36.399589],[-83.304197,36.388189],[-83.280595,36.394689],[-83.274095,36.384689],[-83.288896,36.378789],[-83.283095,36.37149],[-83.273295,36.37019],[-83.264894,36.35119],[-83.265635,36.327837],[-83.27369,36.319086],[-83.255292,36.289092],[-83.267281,36.285087],[-83.267073,36.274296],[-83.278766,36.275688],[-83.280357,36.262597],[-83.291459,36.263792],[-83.29487,36.277997],[-83.308072,36.268484],[-83.319988,36.283685],[-83.320624,36.293319],[-83.328977,36.296149],[-83.334695,36.28279],[-83.344195,36.27919],[-83.358696,36.28199],[-83.364396,36.27599],[-83.362296,36.26759],[-83.385997,36.265389],[-83.397097,36.253189],[-83.411297,36.247289],[-83.421697,36.231689],[-83.416096,36.219389],[-83.424397,36.212789],[-83.434197,36.209889],[-83.438797,36.212289],[-83.439097,36.221089],[-83.447398,36.219889],[-83.451197,36.203189],[-83.447197,36.192589],[-83.468297,36.187288],[-83.465697,36.178488],[-83.471197,36.172288],[-83.492897,36.166088],[-83.518896,36.178186],[-83.528262,36.162559],[-83.535116,36.168024],[-83.536999,36.180787],[-83.5586,36.179786],[-83.5595,36.187986],[-83.5651,36.191686],[-83.564399,36.166486],[-83.58224,36.167591],[-83.58047,36.157295],[-83.58421,36.154135],[-83.589855,36.156865],[-83.589567,36.16563],[-83.597766,36.164182],[-83.600781,36.139752],[-83.612796,36.139906],[-83.607259,36.130407],[-83.617618,36.143],[-83.6277,36.138485],[-83.637201,36.144385],[-83.638938,36.128592],[-83.627722,36.122976],[-83.631073,36.100236],[-83.641323,36.09707],[-83.65158,36.099978],[-83.654559,36.105672],[-83.647904,36.11392],[-83.651638,36.125271],[-83.659496,36.126208],[-83.660364,36.121011],[-83.666411,36.121791],[-83.667179,36.12666],[-83.674237,36.125008],[-83.669564,36.102002],[-83.659171,36.087848],[-83.665378,36.080864],[-83.675665,36.098094],[-83.687208,36.102311],[-83.687688,36.112406],[-83.699405,36.109469],[-83.691436,36.121971],[-83.703982,36.120652],[-83.706377,36.128211],[-83.723703,36.137483],[-83.722904,36.151883],[-83.732704,36.164583]]]}},{"type":"Feature","properties":{"GEOID":"47159","NAME":"Smith","state":"TN","wildfire_risk_score":5.884,"wildfire_eal_total":2560.75,"risk_band":"Low","source":"FEMA National Risk Index v1.20 (December 2025)"},"geometry":{"type":"Polygon","coordinates":[[[-86.136803,36.295859],[-86.126152,36.294086],[-86.101179,36.335825],[-86.066815,36.36558],[-86.018515,36.388426],[-85.982708,36.395903],[-85.977024,36.414199],[-85.971063,36.419439],[-85.978859,36.422093],[-85.978893,36.426073],[-85.904031,36.415785],[-85.898201,36.415528],[-85.895732,36.420446],[-85.828026,36.411836],[-85.835768,36.351848],[-85.831245,36.351187],[-85.828584,36.34228],[-85.837353,36.341731],[-85.846483,36.288167],[-85.837098,36.280805],[-85.833408,36.2637],[-85.823903,36.251278],[-85.810027,36.249064],[-85.803693,36.255669],[-85.797172,36.253939],[-85.780148,36.238011],[-85.786487,36.23011],[-85.782541,36.23045],[-85.778634,36.221152],[-85.783127,36.219808],[-85.782939,36.211426],[-85.80393,36.211197],[-85.809168,36.206598],[-85.799454,36.206309],[-85.800828,36.195032],[-85.795517,36.191738],[-85.800487,36.182812],[-85.80479,36.183044],[-85.803052,36.174731],[-85.793009,36.173504],[-85.792891,36.179711],[-85.786863,36.180198],[-85.783956,36.173086],[-85.803631,36.170344],[-85.807249,36.147807],[-85.801617,36.138689],[-85.804571,36.134127],[-85.823817,36.123099],[-85.83827,36.128855],[-85.84242,36.119548],[-85.85466,36.119315],[-85.852784,36.111235],[-85.865045,36.093751],[-85.883749,36.09803],[-85.886287,36.105416],[-85.888746,36.102119],[-85.894357,36.104963],[-85.892767,36.113578],[-85.896938,36.116275],[-85.910103,36.11672],[-85.915583,36.109628],[-85.911267,36.097528],[-85.924889,36.101928],[-85.930511,36.109452],[-85.948414,36.101991],[-85.960157,36.110955],[-85.969221,36.099081],[-85.978511,36.099095],[-85.986083,36.087095],[-85.992138,36.087542],[-85.993394,36.093924],[-86.004918,36.082019],[-86.005798,36.089154],[-86.012302,36.089962],[-86.013396,36.083446],[-86.055905,36.090462],[-86.059706,36.086024],[-86.067145,36.111352],[-86.07012,36.10976],[-86.066132,36.124178],[-86.077223,36.135139],[-86.100389,36.193473],[-86.091159,36.197995],[-86.092527,36.203502],[-86.1028,36.205147],[-86.111275,36.228566],[-86.121367,36.231389],[-86.112637,36.242171],[-86.123021,36.260995],[-86.115607,36.268886],[-86.124885,36.265489],[-86.136803,36.295859]]]}},{"type":"Feature","properties":{"GEOID":"47143","NAME":"Rhea","state":"TN","wildfire_risk_score":48.282,"wildfire_eal_total":37326.57,"risk_band":"High","source":"FEMA National Risk Index v1.20 (December 2025)"},"geometry":{"type":"Polygon","coordinates":[[[-85.146393,35.491299],[-85.122622,35.52607],[-85.119276,35.528984],[-85.113877,35.52479],[-85.118602,35.523504],[-85.115567,35.521344],[-85.105773,35.529605],[-85.109161,35.537462],[-85.099069,35.533683],[-85.102141,35.544096],[-85.096574,35.545218],[-85.105606,35.548779],[-85.109819,35.541551],[-85.107762,35.571359],[-85.047641,35.618654],[-84.995463,35.675755],[-84.981568,35.674805],[-84.981161,35.679447],[-84.989907,35.681802],[-84.905133,35.773738],[-84.882401,35.778785],[-84.797941,35.825039],[-84.781901,35.825],[-84.783001,35.818012],[-84.789191,35.814677],[-84.739616,35.787492],[-84.738918,35.776535],[-84.75279,35.772527],[-84.757635,35.758209],[-84.744708,35.750466],[-84.732291,35.748716],[-84.723853,35.752896],[-84.713431,35.736136],[-84.711872,35.725029],[-84.723122,35.706924],[-84.721082,35.691725],[-84.74721,35.678202],[-84.75162,35.680516],[-84.748986,35.689857],[-84.752322,35.697756],[-84.766321,35.700056],[-84.781804,35.673908],[-84.777599,35.647564],[-84.786552,35.629837],[-84.777791,35.613241],[-84.777235,35.600767],[-84.811453,35.579253],[-84.808085,35.56883],[-84.795169,35.559727],[-84.795946,35.551102],[-84.815513,35.54539],[-84.858884,35.554561],[-84.873969,35.550217],[-84.880431,35.531052],[-84.860356,35.512875],[-84.85811,35.500228],[-84.868747,35.490071],[-84.900348,35.47967],[-84.904848,35.451771],[-84.915049,35.440771],[-84.929549,35.43707],[-84.94585,35.43967],[-84.960251,35.44937],[-84.969753,35.467574],[-84.980056,35.470075],[-84.985452,35.46177],[-84.980051,35.43927],[-85.016661,35.409101],[-85.066908,35.436476],[-85.073434,35.429283],[-85.082006,35.429069],[-85.087293,35.434537],[-85.102158,35.428442],[-85.110728,35.437238],[-85.103325,35.445525],[-85.109643,35.45545],[-85.135191,35.458649],[-85.115946,35.47567],[-85.13501,35.484943],[-85.133957,35.4913],[-85.140429,35.487962],[-85.141737,35.492248],[-85.146393,35.491299]]]}},{"type":"Feature","properties":{"GEOID":"47093","NAME":"Knox","state":"TN","wildfire_risk_score":62.977,"wildfire_eal_total":118378.73,"risk_band":"High","source":"FEMA National Risk Index v1.20 (December 2025)"},"geometry":{"type":"Polygon","coordinates":[[[-84.27347,35.939278],[-84.264725,35.943637],[-84.237583,35.929646],[-84.238576,35.946967],[-84.24536,35.953134],[-84.240704,35.95571],[-84.215902,35.946382],[-84.214495,35.95411],[-84.220543,35.960638],[-84.215759,35.97331],[-84.196606,35.978414],[-84.192287,35.995488],[-84.147212,35.987327],[-84.119867,36.000959],[-84.114603,35.999535],[-84.103627,36.01207],[-84.076618,36.02],[-84.058585,36.036304],[-84.094011,36.068911],[-84.093004,36.073519],[-84.068075,36.086559],[-84.046122,36.103839],[-84.043836,36.111583],[-84.034747,36.112784],[-84.028698,36.122591],[-84.015514,36.129378],[-84.015314,36.135378],[-84.000313,36.138979],[-83.999721,36.144419],[-83.975513,36.163179],[-83.976313,36.167879],[-83.969913,36.167479],[-83.944413,36.186379],[-83.922712,36.169381],[-83.906108,36.169013],[-83.90973,36.162688],[-83.905169,36.160906],[-83.900489,36.164533],[-83.903972,36.16898],[-83.732704,36.164583],[-83.722904,36.151883],[-83.723703,36.137483],[-83.706377,36.128211],[-83.703982,36.120652],[-83.691436,36.121971],[-83.699405,36.109469],[-83.687688,36.112406],[-83.687208,36.102311],[-83.675665,36.098094],[-83.667026,36.086238],[-83.66746,36.080587],[-83.674736,36.081819],[-83.695149,36.095745],[-83.710114,36.091497],[-83.692005,36.062418],[-83.694599,36.058249],[-83.671169,36.053105],[-83.677274,36.025592],[-83.669979,36.018314],[-83.661938,35.991507],[-83.65093,35.987403],[-83.659711,35.985887],[-83.654605,35.971937],[-83.687073,35.949335],[-83.683965,35.936692],[-83.693364,35.9447],[-83.738506,35.916966],[-83.743876,35.920582],[-83.767242,35.911862],[-83.780378,35.895189],[-83.811819,35.878389],[-83.850155,35.842019],[-83.907542,35.846626],[-83.906811,35.854378],[-83.934652,35.869107],[-83.939079,35.867567],[-83.946129,35.876227],[-83.961268,35.873165],[-83.974136,35.863548],[-83.996136,35.883928],[-84.008741,35.875277],[-84.028564,35.87582],[-84.024315,35.869409],[-84.010427,35.864061],[-84.006577,35.853739],[-84.009845,35.843706],[-84.020564,35.839345],[-84.032806,35.852913],[-84.047509,35.852286],[-84.05194,35.848828],[-84.050039,35.83396],[-84.054959,35.827578],[-84.066857,35.830629],[-84.070119,35.844067],[-84.078959,35.85079],[-84.103144,35.844043],[-84.121051,35.831022],[-84.126216,35.83298],[-84.122981,35.844395],[-84.130053,35.850077],[-84.145659,35.849586],[-84.147132,35.844957],[-84.134248,35.834169],[-84.142394,35.822011],[-84.137199,35.807585],[-84.14252,35.796954],[-84.152384,35.793806],[-84.159661,35.795196],[-84.165396,35.806759],[-84.268393,35.902563],[-84.270666,35.91201],[-84.252675,35.920386],[-84.256366,35.928358],[-84.27347,35.939278]]]}},{"type":"Feature","properties":{"GEOID":"47183","NAME":"Weakley","state":"TN","wildfire_risk_score":13.772,"wildfire_eal_total":4888.6,"risk_band":"Low","source":"FEMA National Risk Index v1.20 (December 2025)"},"geometry":{"type":"Polygon","coordinates":[[[-88.95977,36.223926],[-88.950205,36.409248],[-88.931695,36.411077],[-88.913577,36.40657],[-88.901111,36.394799],[-88.885917,36.392887],[-88.846523,36.413163],[-88.81642,36.410732],[-88.814016,36.470802],[-88.8273011555617,36.5028524305169],[-88.5163456859488,36.5014314866172],[-88.532233,36.115416],[-88.655488,36.117338],[-88.653843,36.064294],[-88.672412,36.065899],[-88.675445,36.061817],[-88.678909,36.066477],[-88.692709,36.062746],[-88.748613,36.091444],[-88.74922,36.094822],[-88.74446,36.094068],[-88.758394,36.109781],[-88.840884,36.123495],[-88.848288,36.135661],[-88.863515,36.137699],[-88.894533,36.176835],[-88.931864,36.193569],[-88.95977,36.223926]]]}},{"type":"Feature","properties":{"GEOID":"47063","NAME":"Hamblen","state":"TN","wildfire_risk_score":40.204,"wildfire_eal_total":21352.27,"risk_band":"Moderate","source":"FEMA National Risk Index v1.20 (December 2025)"},"geometry":{"type":"Polygon","coordinates":[[[-83.468297,36.187288],[-83.447197,36.192589],[-83.451197,36.203189],[-83.447398,36.219889],[-83.439097,36.221089],[-83.438797,36.212289],[-83.434197,36.209889],[-83.424397,36.212789],[-83.416096,36.219389],[-83.421697,36.231689],[-83.411297,36.247289],[-83.397097,36.253189],[-83.385997,36.265389],[-83.362296,36.26759],[-83.364396,36.27599],[-83.358696,36.28199],[-83.340995,36.27949],[-83.333495,36.28409],[-83.330195,36.29569],[-83.322295,36.29499],[-83.310274,36.270084],[-83.30507,36.268186],[-83.29487,36.277997],[-83.291459,36.263792],[-83.280357,36.262597],[-83.278766,36.275688],[-83.267073,36.274296],[-83.263286,36.288487],[-83.234191,36.281792],[-83.232107,36.287996],[-83.240092,36.291892],[-83.237592,36.295192],[-83.215591,36.293492],[-83.209991,36.305392],[-83.196591,36.310293],[-83.201591,36.321892],[-83.17689,36.312093],[-83.17469,36.317493],[-83.182491,36.336192],[-83.17791,36.329933],[-83.179017,36.340907],[-83.174291,36.338892],[-83.16259,36.345292],[-83.15429,36.342293],[-83.159889,36.332893],[-83.14549,36.323793],[-83.144888,36.319093],[-83.151789,36.320292],[-83.14579,36.307894],[-83.121076,36.288998],[-83.121459,36.284371],[-83.103533,36.278285],[-83.098985,36.269795],[-83.102586,36.261795],[-83.094685,36.250996],[-83.081726,36.244752],[-83.111954,36.220759],[-83.124842,36.201287],[-83.132352,36.202834],[-83.139484,36.188893],[-83.186186,36.176295],[-83.176411,36.126016],[-83.195281,36.128892],[-83.217194,36.150196],[-83.224894,36.149093],[-83.219186,36.132292],[-83.222966,36.122607],[-83.240787,36.126494],[-83.246086,36.123694],[-83.226887,36.092501],[-83.228453,36.081353],[-83.25535,36.117069],[-83.274501,36.130794],[-83.372994,36.153792],[-83.388293,36.15359],[-83.378692,36.146891],[-83.384493,36.147091],[-83.386393,36.142391],[-83.393894,36.155191],[-83.458695,36.155289],[-83.468297,36.187288]]]}},{"type":"Feature","properties":{"GEOID":"47187","NAME":"Williamson","state":"TN","wildfire_risk_score":39.79,"wildfire_eal_total":44664.49,"risk_band":"Moderate","source":"FEMA National Risk Index v1.20 (December 2025)"},"geometry":{"type":"Polygon","coordinates":[[[-87.2122,35.867363],[-87.201426,35.940579],[-87.205665,35.940967],[-87.203933,35.962321],[-87.208994,35.962723],[-87.211984,35.970297],[-87.190826,35.975884],[-87.197406,35.979967],[-87.196746,35.985576],[-87.192543,35.985318],[-87.182573,36.049726],[-87.053722,36.045582],[-87.039386,35.989242],[-87.028336,35.989857],[-86.928602,36.052909],[-86.783079,36.034886],[-86.732069,36.009873],[-86.712896,36.008122],[-86.648288,35.975573],[-86.6186,35.971336],[-86.625036,35.966706],[-86.622003,35.964058],[-86.624984,35.953923],[-86.614985,35.943708],[-86.628,35.910163],[-86.61763,35.899864],[-86.613771,35.883756],[-86.621372,35.882569],[-86.617427,35.864132],[-86.60617,35.858975],[-86.600032,35.849994],[-86.60343,35.838704],[-86.616383,35.838795],[-86.617335,35.831287],[-86.625534,35.832249],[-86.626027,35.826526],[-86.611806,35.824469],[-86.612951,35.813515],[-86.623291,35.815735],[-86.625198,35.808897],[-86.622415,35.805227],[-86.613531,35.809965],[-86.613328,35.790331],[-86.631989,35.79542],[-86.662855,35.790934],[-86.661266,35.767431],[-86.663821,35.770982],[-86.675149,35.76896],[-86.681813,35.750066],[-86.696904,35.752334],[-86.699281,35.717837],[-86.688557,35.718372],[-86.686193,35.710051],[-86.69554,35.710864],[-86.69692,35.705431],[-86.731098,35.70676],[-86.734354,35.698849],[-86.746606,35.707889],[-86.751651,35.696447],[-86.752207,35.701743],[-86.760726,35.70181],[-86.760105,35.708206],[-86.767908,35.708678],[-86.767367,35.702359],[-86.773169,35.700446],[-86.772643,35.705802],[-86.782284,35.703376],[-86.782016,35.706595],[-86.797898,35.707988],[-86.811891,35.720455],[-86.845491,35.725166],[-86.854124,35.734342],[-86.928979,35.757196],[-86.938747,35.7622],[-86.929027,35.778129],[-86.941723,35.779551],[-86.944302,35.77265],[-86.952242,35.773499],[-86.950733,35.781642],[-86.962471,35.782883],[-86.960568,35.775317],[-86.96951,35.771676],[-87.003959,35.779028],[-87.035681,35.796213],[-87.215099,35.850651],[-87.2122,35.867363]]]}},{"type":"Feature","properties":{"GEOID":"47117","NAME":"Marshall","state":"TN","wildfire_risk_score":20.833,"wildfire_eal_total":10995.94,"risk_band":"Moderate","source":"FEMA National Risk Index v1.20 (December 2025)"},"geometry":{"type":"Polygon","coordinates":[[[-86.960804,35.417021],[-86.955004,35.451474],[-86.936403,35.459074],[-86.930205,35.454565],[-86.919003,35.456274],[-86.924503,35.463674],[-86.8806,35.494003],[-86.875589,35.521251],[-86.870568,35.520796],[-86.87128,35.502486],[-86.849573,35.525515],[-86.8381,35.550776],[-86.84213,35.551036],[-86.838216,35.559388],[-86.841704,35.559657],[-86.840489,35.567286],[-86.834354,35.566837],[-86.836381,35.575465],[-86.829905,35.57411],[-86.827501,35.580812],[-86.840755,35.583247],[-86.839846,35.591527],[-86.82843,35.596246],[-86.82238,35.608564],[-86.811864,35.696412],[-86.803233,35.699415],[-86.802792,35.692042],[-86.796935,35.691479],[-86.793342,35.702884],[-86.772643,35.705802],[-86.773169,35.700446],[-86.769524,35.700289],[-86.767908,35.708678],[-86.760105,35.708206],[-86.760726,35.70181],[-86.752207,35.701743],[-86.751651,35.696447],[-86.746606,35.707889],[-86.734354,35.698849],[-86.731098,35.70676],[-86.69692,35.705431],[-86.69554,35.710864],[-86.680652,35.70957],[-86.682628,35.704097],[-86.673683,35.703306],[-86.674255,35.696962],[-86.641978,35.689037],[-86.639248,35.67633],[-86.649204,35.599391],[-86.652207,35.587179],[-86.660983,35.588359],[-86.663707,35.581296],[-86.656322,35.578112],[-86.644349,35.583024],[-86.635207,35.577415],[-86.653193,35.57412],[-86.665555,35.456207],[-86.657891,35.45599],[-86.658247,35.435281],[-86.633263,35.389792],[-86.624295,35.385973],[-86.627273,35.381481],[-86.61822,35.366795],[-86.599478,35.36495],[-86.605894,35.342994],[-86.602613,35.327013],[-86.641196,35.319676],[-86.649997,35.309777],[-86.654997,35.314977],[-86.673197,35.307677],[-86.677397,35.310677],[-86.679865,35.304287],[-86.723895,35.276422],[-86.746899,35.252878],[-86.828301,35.263677],[-86.8285,35.293376],[-86.832701,35.292477],[-86.837672,35.308468],[-86.843602,35.309276],[-86.84249,35.319206],[-86.855193,35.315517],[-86.859481,35.298966],[-86.864102,35.304877],[-86.886437,35.306444],[-86.888004,35.315176],[-86.906451,35.314075],[-86.910636,35.318151],[-86.909005,35.324978],[-86.903207,35.324779],[-86.901802,35.338475],[-86.912003,35.340176],[-86.908247,35.350118],[-86.920107,35.35218],[-86.917831,35.363663],[-86.924603,35.363076],[-86.926703,35.396875],[-86.922802,35.406775],[-86.931203,35.412076],[-86.934903,35.408276],[-86.940003,35.415475],[-86.960804,35.417021]]]}},{"type":"Feature","properties":{"GEOID":"47163","NAME":"Sullivan","state":"TN","wildfire_risk_score":36.482,"wildfire_eal_total":19930.63,"risk_band":"Moderate","source":"FEMA National Risk Index v1.20 (December 2025)"},"geometry":{"type":"Polygon","coordinates":[[[-82.700679,36.456199],[-82.626776,36.4954],[-82.630903,36.500878],[-82.628569,36.51239],[-82.610175,36.5193],[-82.616756,36.578455],[-82.608774,36.571538],[-82.600004,36.576568],[-82.609176,36.594099],[-81.934144,36.594213],[-81.922644,36.616213],[-81.826742,36.614215],[-81.831774,36.607957],[-81.848342,36.603315],[-81.859042,36.606215],[-81.870643,36.602415],[-81.879137,36.584322],[-81.903101,36.581638],[-81.928044,36.567914],[-81.932944,36.562414],[-81.929443,36.554314],[-81.948833,36.537743],[-81.964145,36.532419],[-81.981144,36.508914],[-81.986944,36.510614],[-82.001045,36.499414],[-81.999086,36.491954],[-82.039946,36.485612],[-82.078148,36.457611],[-82.099049,36.45901],[-82.118603,36.441727],[-82.188053,36.400608],[-82.232455,36.412306],[-82.242255,36.421949],[-82.251866,36.420134],[-82.288615,36.39517],[-82.329342,36.396962],[-82.337507,36.401896],[-82.346099,36.397165],[-82.348692,36.40173],[-82.369413,36.403057],[-82.386163,36.392104],[-82.386637,36.398193],[-82.375729,36.407151],[-82.383232,36.411573],[-82.375008,36.420785],[-82.386641,36.420358],[-82.391679,36.432034],[-82.397661,36.422528],[-82.407884,36.423725],[-82.403507,36.434361],[-82.421908,36.438946],[-82.421572,36.447254],[-82.43584,36.437336],[-82.438355,36.445639],[-82.601798,36.423454],[-82.609674,36.4296],[-82.662877,36.4425],[-82.683671,36.431196],[-82.700679,36.456199]]]}},{"type":"Feature","properties":{"GEOID":"47091","NAME":"Johnson","state":"TN","wildfire_risk_score":54.866,"wildfire_eal_total":39253.55,"risk_band":"High","source":"FEMA National Risk Index v1.20 (December 2025)"},"geometry":{"type":"Polygon","coordinates":[[[-82.057745,36.368215],[-82.032544,36.389416],[-82.003243,36.424816],[-81.995464,36.426842],[-81.993823,36.434895],[-81.982278,36.441948],[-81.965978,36.462947],[-81.94984,36.472385],[-81.976215,36.495174],[-81.987503,36.499142],[-81.972544,36.523414],[-81.929443,36.554314],[-81.932944,36.562414],[-81.928044,36.567914],[-81.903101,36.581638],[-81.879137,36.584322],[-81.870643,36.602415],[-81.859042,36.606215],[-81.848342,36.603315],[-81.831774,36.607957],[-81.826742,36.614215],[-81.6469,36.611918],[-81.680137,36.585518],[-81.677036,36.570718],[-81.690236,36.568718],[-81.69003,36.552154],[-81.699962,36.536829],[-81.707963,36.536209],[-81.707573,36.526101],[-81.697744,36.508448],[-81.695311,36.467912],[-81.71489,36.45722],[-81.714564,36.437107],[-81.721228,36.433947],[-81.717561,36.430395],[-81.720734,36.422537],[-81.741995,36.41096],[-81.738718,36.394803],[-81.72857,36.391242],[-81.734611,36.37957],[-81.726082,36.368893],[-81.721455,36.351167],[-81.707785,36.346007],[-81.707438,36.335171],[-81.735957,36.342987],[-81.744461,36.337778],[-81.764927,36.338672],[-81.778913,36.34864],[-81.789385,36.348154],[-81.793597,36.362209],[-81.857333,36.334787],[-81.879382,36.313767],[-81.908137,36.302013],[-81.933019683861,36.2648426504234],[-81.9515,36.261763],[-81.957359,36.273969],[-81.96969,36.277136],[-81.972427,36.285474],[-81.982555,36.288178],[-81.980942,36.300867],[-81.990796,36.307987],[-81.988816,36.314742],[-81.9995,36.320161],[-81.99676,36.32972],[-82.002142,36.333419],[-82.021643,36.329518],[-82.030543,36.333817],[-82.026443,36.340517],[-82.044345,36.354716],[-82.035647,36.355906],[-82.057745,36.368215]]]}},{"type":"Feature","properties":{"GEOID":"47021","NAME":"Cheatham","state":"TN","wildfire_risk_score":14.79,"wildfire_eal_total":5911.23,"risk_band":"Low","source":"FEMA National Risk Index v1.20 (December 2025)"},"geometry":{"type":"Polygon","coordinates":[[[-87.281957,36.342875],[-87.280534,36.354484],[-87.263398,36.354314],[-87.249988,36.37792],[-87.215057,36.395949],[-87.20517,36.412422],[-87.1794,36.406611],[-87.179549,36.424001],[-87.171307,36.427616],[-87.166711,36.427264],[-87.162729,36.413298],[-87.149487,36.417481],[-87.150247,36.444962],[-87.122691,36.455711],[-87.098277,36.44233],[-87.09455,36.445039],[-87.095044,36.440269],[-87.063143,36.421415],[-87.005364,36.392392],[-86.984496,36.365097],[-86.984092,36.371419],[-86.972714,36.366207],[-86.97078,36.373391],[-86.962311,36.377128],[-86.938049,36.379856],[-86.93648,36.38798],[-86.927937,36.382513],[-86.919582,36.387092],[-86.909807,36.379192],[-86.914937,36.378073],[-86.915625,36.370867],[-86.909818,36.372128],[-86.906254,36.366218],[-86.923272,36.325379],[-86.947873,36.282367],[-86.95771,36.275797],[-86.974404,36.249908],[-86.984007,36.225419],[-86.980414,36.216995],[-86.987831,36.215515],[-86.983613,36.209566],[-86.997705,36.128512],[-87.038173,36.094314],[-87.035401,36.082716],[-87.038551,36.082086],[-87.041362,36.041312],[-87.054705,36.049986],[-87.053722,36.045582],[-87.084916,36.043805],[-87.182573,36.049726],[-87.178624,36.067518],[-87.173127,36.070885],[-87.176781,36.082193],[-87.173006,36.08178],[-87.165776,36.154736],[-87.172317,36.162374],[-87.150002,36.17779],[-87.15868,36.191075],[-87.171111,36.192969],[-87.171432,36.203502],[-87.187832,36.211484],[-87.179217,36.228044],[-87.166186,36.23009],[-87.169387,36.244134],[-87.174046,36.247679],[-87.186142,36.242074],[-87.194005,36.245311],[-87.181806,36.259763],[-87.156439,36.271577],[-87.158466,36.279862],[-87.153357,36.283799],[-87.169197,36.285281],[-87.168178,36.291683],[-87.156885,36.291263],[-87.150791,36.299447],[-87.156589,36.307706],[-87.174058,36.313433],[-87.214179,36.314878],[-87.232461,36.331337],[-87.235571,36.325593],[-87.250826,36.321802],[-87.286501,36.321933],[-87.281957,36.342875]],[[-87.151895,36.28914],[-87.142372,36.290684],[-87.139332,36.292418],[-87.146906,36.293344],[-87.151895,36.28914]]]}},{"type":"Feature","properties":{"GEOID":"47149","NAME":"Rutherford","state":"TN","wildfire_risk_score":43.352,"wildfire_eal_total":39489.26,"risk_band":"Moderate","source":"FEMA National Risk Index v1.20 (December 2025)"},"geometry":{"type":"Polygon","coordinates":[[[-86.700265,35.722621],[-86.696904,35.752334],[-86.681813,35.750066],[-86.675149,35.76896],[-86.663821,35.770982],[-86.661266,35.767431],[-86.662855,35.790934],[-86.631989,35.79542],[-86.613328,35.790331],[-86.613531,35.809965],[-86.622415,35.805227],[-86.625198,35.808897],[-86.623291,35.815735],[-86.612951,35.813515],[-86.611806,35.824469],[-86.626027,35.826526],[-86.625534,35.832249],[-86.617335,35.831287],[-86.616383,35.838795],[-86.60343,35.838704],[-86.600032,35.849994],[-86.60617,35.858975],[-86.617427,35.864132],[-86.621372,35.882569],[-86.613771,35.883756],[-86.61763,35.899864],[-86.628,35.910163],[-86.614985,35.943708],[-86.624984,35.953923],[-86.622003,35.964058],[-86.625036,35.966706],[-86.614415,35.967785],[-86.607995,35.979772],[-86.609591,35.990926],[-86.615588,35.991624],[-86.612335,36.009994],[-86.600742,36.011876],[-86.591618,36.024129],[-86.562427,36.035323],[-86.566379,36.048762],[-86.562073,36.054214],[-86.564292,36.063579],[-86.561685,36.068418],[-86.546487,36.06652],[-86.546884,36.087817],[-86.540689,36.077619],[-86.529489,36.077521],[-86.532884,36.060019],[-86.525689,36.057318],[-86.515589,36.10061],[-86.437304,36.054036],[-86.439752,36.051836],[-86.39512,36.03103],[-86.394136,36.036448],[-86.382528,36.035251],[-86.383847,36.026697],[-86.388359,36.027193],[-86.376999,36.012043],[-86.373951,36.018007],[-86.367524,36.017894],[-86.364882,36.010586],[-86.326252,35.985008],[-86.309967,35.986146],[-86.310363,35.978563],[-86.250608,35.967681],[-86.251731,35.961141],[-86.24637,35.960233],[-86.225099,35.962918],[-86.222995,35.969276],[-86.216868,35.969366],[-86.209846,35.966952],[-86.210327,35.962945],[-86.185922,35.962184],[-86.186495,35.957877],[-86.170476,35.957262],[-86.17521,35.960409],[-86.161094,35.963214],[-86.16126,35.956751],[-86.152889,35.954385],[-86.155319,35.932559],[-86.141766,35.914374],[-86.1456,35.908547],[-86.152904,35.909125],[-86.158565,35.880778],[-86.168634,35.884362],[-86.169145,35.877733],[-86.165667,35.877844],[-86.173099,35.874157],[-86.181208,35.794993],[-86.188591,35.795935],[-86.190429,35.787122],[-86.189891,35.771758],[-86.182807,35.768426],[-86.183484,35.763443],[-86.18709,35.763725],[-86.195462,35.741432],[-86.20792,35.732286],[-86.202978,35.727727],[-86.208239,35.702402],[-86.215482,35.700935],[-86.221631,35.706429],[-86.225318,35.695164],[-86.245406,35.688899],[-86.241672,35.668464],[-86.249052,35.66504],[-86.240844,35.657983],[-86.245165,35.631913],[-86.25766,35.631921],[-86.260577,35.637897],[-86.280924,35.648615],[-86.287584,35.648252],[-86.286923,35.643409],[-86.305235,35.646375],[-86.300321,35.655736],[-86.304128,35.659553],[-86.327852,35.662395],[-86.334075,35.658059],[-86.34194,35.664259],[-86.354825,35.657939],[-86.352169,35.650237],[-86.362826,35.65228],[-86.376796,35.647157],[-86.372941,35.63068],[-86.395498,35.627778],[-86.39509,35.623204],[-86.402726,35.618571],[-86.416866,35.625559],[-86.413429,35.640023],[-86.418902,35.640617],[-86.416625,35.649636],[-86.424931,35.649772],[-86.424145,35.652976],[-86.438418,35.645231],[-86.455038,35.644548],[-86.456052,35.637154],[-86.462181,35.63785],[-86.461353,35.645176],[-86.473206,35.646321],[-86.472088,35.654732],[-86.494006,35.658048],[-86.509482,35.67136],[-86.508794,35.675598],[-86.519442,35.677751],[-86.515516,35.688396],[-86.523293,35.686053],[-86.523378,35.689855],[-86.543685,35.694278],[-86.543116,35.697617],[-86.623605,35.702833],[-86.636362,35.701982],[-86.642389,35.686235],[-86.674255,35.696962],[-86.673683,35.703306],[-86.682628,35.704097],[-86.680652,35.70957],[-86.689105,35.713254],[-86.688557,35.718372],[-86.699281,35.717837],[-86.700265,35.722621]]]}},{"type":"Feature","properties":{"GEOID":"47145","NAME":"Roane","state":"TN","wildfire_risk_score":47.678,"wildfire_eal_total":32418.6,"risk_band":"High","source":"FEMA National Risk Index v1.20 (December 2025)"},"geometry":{"type":"Polygon","coordinates":[[[-84.789292,35.815673],[-84.783001,35.818012],[-84.78414,35.824112],[-84.763687,35.833686],[-84.764844,35.838426],[-84.749576,35.849497],[-84.73828,35.851143],[-84.728771,35.859223],[-84.706181,35.896066],[-84.68306,35.904113],[-84.672896,35.91667],[-84.661781,35.915827],[-84.651132,35.928597],[-84.620887,35.932199],[-84.615638,35.940672],[-84.606036,35.944592],[-84.60346,35.954125],[-84.596458,35.946712],[-84.580722,35.951578],[-84.55499,35.950359],[-84.554021,35.964521],[-84.541719,35.970425],[-84.49408,35.98428],[-84.446054,35.985984],[-84.382628,36.024277],[-84.361628,36.043377],[-84.346025,36.049054],[-84.341812,36.048977],[-84.320159,35.991862],[-84.263383,35.89694],[-84.266656,35.894101],[-84.279297,35.902846],[-84.284551,35.901026],[-84.285811,35.894283],[-84.278545,35.879796],[-84.28383,35.874865],[-84.296684,35.884602],[-84.322983,35.88675],[-84.32997,35.892904],[-84.333213,35.879319],[-84.338222,35.877217],[-84.333734,35.877137],[-84.337898,35.839865],[-84.342791,35.83189],[-84.371537,35.825862],[-84.379668,35.817439],[-84.381909,35.796521],[-84.377189,35.790678],[-84.388696,35.782527],[-84.380776,35.777851],[-84.388607,35.768352],[-84.402764,35.775951],[-84.416415,35.776451],[-84.423889,35.768441],[-84.42601,35.753255],[-84.435166,35.748212],[-84.448558,35.759426],[-84.494488,35.716362],[-84.510472,35.716448],[-84.516891,35.71204],[-84.521869,35.694773],[-84.531803,35.687606],[-84.531909,35.683997],[-84.521842,35.683729],[-84.521936,35.676597],[-84.530779,35.676612],[-84.530976,35.670382],[-84.54881,35.666062],[-84.553352,35.658825],[-84.575602,35.658889],[-84.575503,35.651638],[-84.58441,35.651607],[-84.584472,35.644424],[-84.619865,35.644651],[-84.61988,35.658865],[-84.628038,35.662249],[-84.628061,35.690117],[-84.619201,35.694837],[-84.623339,35.699878],[-84.619031,35.70788],[-84.636309,35.72429],[-84.645073,35.724438],[-84.645279,35.717092],[-84.654349,35.717293],[-84.654403,35.710017],[-84.663209,35.710202],[-84.663528,35.702837],[-84.672223,35.702943],[-84.67654,35.717501],[-84.69873,35.717869],[-84.695122,35.732685],[-84.69841,35.732708],[-84.698416,35.741814],[-84.713986,35.741986],[-84.723853,35.752896],[-84.733121,35.748647],[-84.757046,35.756963],[-84.75279,35.772527],[-84.738918,35.776535],[-84.741992,35.790301],[-84.765451,35.799351],[-84.771653,35.808185],[-84.789292,35.815673]],[[-84.539963,35.670465],[-84.539774,35.67684],[-84.548777,35.673213],[-84.548774,35.670536],[-84.539963,35.670465]]]}},{"type":"Feature","properties":{"GEOID":"47097","NAME":"Lauderdale","state":"TN","wildfire_risk_score":19.052,"wildfire_eal_total":4747.27,"risk_band":"Moderate","source":"FEMA National Risk Index v1.20 (December 2025)"},"geometry":{"type":"Polygon","coordinates":[[[-89.958336,35.72656],[-89.911984,35.758313],[-89.894107,35.750839],[-89.863064,35.757134],[-89.852359,35.755426],[-89.846753,35.744129],[-89.825451,35.745188],[-89.79895,35.759356],[-89.799565,35.788331],[-89.781662,35.805228],[-89.765391,35.811207],[-89.72817,35.802697],[-89.696497,35.820583],[-89.693499,35.831727],[-89.69741,35.836683],[-89.762109,35.857165],[-89.773858,35.86766],[-89.767242,35.890852],[-89.743132,35.911176],[-89.714934,35.906247],[-89.676378,35.876698],[-89.663284,35.874703],[-89.645617,35.885833],[-89.638523,35.908707],[-89.640634,35.918341],[-89.635957,35.923664],[-89.612318,35.919567],[-89.588906,35.928457],[-89.57907,35.924638],[-89.574367,35.930081],[-89.569164,35.92577],[-89.557965,35.937704],[-89.537225,35.930295],[-89.52202,35.93399],[-89.517891,35.927754],[-89.507237,35.934421],[-89.506854,35.924386],[-89.500756,35.932091],[-89.490639,35.933223],[-89.492638,35.939641],[-89.487951,35.943266],[-89.495047,35.944382],[-89.490925,35.947723],[-89.406965,35.946599],[-89.403124,35.93822],[-89.393797,35.939088],[-89.393601,35.932683],[-89.386641,35.925086],[-89.381053,35.925803],[-89.384072,35.920672],[-89.371229,35.914872],[-89.37326,35.911549],[-89.35488,35.904632],[-89.354423,35.894674],[-89.349757,35.897648],[-89.351504,35.892539],[-89.342326,35.879595],[-89.344632,35.875321],[-89.339326,35.873196],[-89.339556,35.862383],[-89.353309,35.847805],[-89.354461,35.840054],[-89.358948,35.839747],[-89.357228,35.831221],[-89.361544,35.823712],[-89.356033,35.817635],[-89.401805,35.822657],[-89.406973,35.806358],[-89.419134,35.798987],[-89.421456,35.788227],[-89.432488,35.780807],[-89.432633,35.771241],[-89.439691,35.765915],[-89.440123,35.747919],[-89.427469,35.747378],[-89.427691,35.740184],[-89.432192,35.740007],[-89.432422,35.729877],[-89.452712,35.682545],[-89.466354,35.682706],[-89.469993,35.595226],[-89.482701,35.593953],[-89.497325,35.581718],[-89.510323,35.580782],[-89.511487,35.587998],[-89.521239,35.590112],[-89.521402,35.59581],[-89.526129,35.589943],[-89.526793,35.598816],[-89.535013,35.595729],[-89.532108,35.602595],[-89.543598,35.602841],[-89.547587,35.610036],[-89.553689,35.604388],[-89.555497,35.610194],[-89.572089,35.613857],[-89.574268,35.618776],[-89.578778,35.615254],[-89.585124,35.625629],[-89.597906,35.630112],[-89.6027,35.628866],[-89.602153,35.623777],[-89.607856,35.635591],[-89.615693,35.636872],[-89.612976,35.643236],[-89.620823,35.645987],[-89.623015,35.652344],[-89.63265,35.650328],[-89.631001,35.645051],[-89.650415,35.648508],[-89.653789,35.644836],[-89.651006,35.6387],[-89.661131,35.631788],[-89.666609,35.636098],[-89.665938,35.631392],[-89.675879,35.640406],[-89.678369,35.636041],[-89.680871,35.640155],[-89.688495,35.635927],[-89.694326,35.645111],[-89.706053,35.639674],[-89.723311,35.640759],[-89.726953,35.636469],[-89.729068,35.647359],[-89.739091,35.639394],[-89.741757,35.646001],[-89.758116,35.650361],[-89.759108,35.64256],[-89.764254,35.645552],[-89.765656,35.640218],[-89.77115,35.642999],[-89.769518,35.638585],[-89.779698,35.635419],[-89.788457,35.634724],[-89.793566,35.639949],[-89.792886,35.633214],[-89.806786,35.627251],[-89.807115,35.620462],[-89.817679,35.623732],[-89.814839,35.617945],[-89.826486,35.614379],[-89.824146,35.603139],[-89.844691,35.604775],[-89.842392,35.597572],[-89.857248,35.591727],[-89.860245,35.584594],[-89.86604,35.588469],[-89.871396,35.581314],[-89.873945,35.585576],[-89.884497,35.584976],[-89.881188,35.577853],[-89.88844,35.572383],[-89.894393,35.550157],[-89.911948,35.535926],[-89.912881,35.549094],[-89.941995,35.556903],[-89.95669,35.581426],[-89.956592,35.590622],[-89.945405,35.601611],[-89.911275,35.617594],[-89.890259,35.616416],[-89.856619,35.634444],[-89.851176,35.657432],[-89.8622,35.670419],[-89.876446,35.666726],[-89.886979,35.653637],[-89.898916,35.650904],[-89.92735,35.659461],[-89.955665,35.690089],[-89.958336,35.72656]]]}},{"type":"Feature","properties":{"GEOID":"47005","NAME":"Benton","state":"TN","wildfire_risk_score":15.84,"wildfire_eal_total":4345.6,"risk_band":"Low","source":"FEMA National Risk Index v1.20 (December 2025)"},"geometry":{"type":"Polygon","coordinates":[[[-88.224728,35.886389],[-88.216598,35.886147],[-88.212559,36.12029],[-88.194341,36.132277],[-88.186957,36.145255],[-88.176502,36.147673],[-88.17661,36.157152],[-88.167553,36.162573],[-88.172691,36.16745],[-88.170453,36.17455],[-88.162397,36.175469],[-88.150625,36.193707],[-88.13763,36.201426],[-88.135824,36.218678],[-88.113408,36.223251],[-88.10058,36.23366],[-88.103,36.237563],[-88.097594,36.245033],[-88.10389,36.249475],[-88.10046,36.254369],[-88.092675,36.251912],[-88.083059,36.257128],[-88.09167,36.275198],[-88.091076,36.296367],[-88.102848,36.31012],[-88.097892,36.318059],[-88.102109,36.326973],[-88.095436,36.330793],[-88.099578,36.332818],[-88.092269,36.340315],[-88.097499,36.355798],[-88.093651,36.360254],[-87.988562,36.359746],[-87.955844,36.312223],[-87.944295,36.264177],[-87.951645,36.222325],[-87.941083,36.206769],[-87.934822,36.185916],[-87.919994,36.171801],[-87.91596,36.154823],[-87.922479,36.122334],[-87.937974,36.108856],[-87.959738,36.075862],[-87.985961,36.050715],[-88.000466,36.028781],[-88.00174,35.995459],[-88.019334,35.981686],[-88.02239,35.965818],[-88.012932,35.946648],[-88.000033,35.940824],[-87.927948,35.937398],[-87.927743,35.911119],[-87.940331,35.865986],[-87.966952,35.834755],[-87.970738,35.815705],[-87.989875,35.816203],[-87.996287,35.811301],[-88.006927,35.816284],[-88.028195,35.811021],[-88.029504,35.839803],[-88.051772,35.849975],[-88.061464,35.850329],[-88.062006,35.845037],[-88.07498,35.845035],[-88.084519,35.837774],[-88.084223,35.842688],[-88.217436,35.846582],[-88.216781,35.877152],[-88.225048,35.877192],[-88.224728,35.886389]]]}},{"type":"Feature","properties":{"GEOID":"47037","NAME":"Davidson","state":"TN","wildfire_risk_score":57.506,"wildfire_eal_total":71591.49,"risk_band":"High","source":"FEMA National Risk Index v1.20 (December 2025)"},"geometry":{"type":"MultiPolygon","coordinates":[[[[-86.523153,36.138733],[-86.522556,36.141284],[-86.521057,36.141141],[-86.521736,36.137294],[-86.523153,36.138733]]],[[[-87.054705,36.049986],[-87.041362,36.041312],[-87.038551,36.082086],[-87.035401,36.082716],[-87.038173,36.094314],[-86.997705,36.128512],[-86.983613,36.209566],[-86.987831,36.215515],[-86.980414,36.216995],[-86.984007,36.225419],[-86.974404,36.249908],[-86.95771,36.275797],[-86.947873,36.282367],[-86.920798,36.3307],[-86.906254,36.366218],[-86.916058,36.373512],[-86.909807,36.379192],[-86.914208,36.383541],[-86.909198,36.390256],[-86.889257,36.38667],[-86.876116,36.371892],[-86.870168,36.37419],[-86.86214,36.369569],[-86.862796,36.381171],[-86.852919,36.380135],[-86.854299,36.369796],[-86.834514,36.359843],[-86.825915,36.349635],[-86.787357,36.35964],[-86.791034,36.37676],[-86.781292,36.383645],[-86.781199,36.39019],[-86.76433,36.394289],[-86.764151,36.399722],[-86.756597,36.400441],[-86.754795,36.405496],[-86.745693,36.403097],[-86.73045,36.381259],[-86.720959,36.341911],[-86.696876,36.32673],[-86.696869,36.321756],[-86.674988,36.316353],[-86.666556,36.303489],[-86.670736,36.301112],[-86.642269,36.289385],[-86.638384,36.254049],[-86.613384,36.244085],[-86.594359,36.245376],[-86.57089,36.173679],[-86.555759,36.145381],[-86.550926,36.144355],[-86.555275,36.143521],[-86.556865,36.13496],[-86.54272,36.140594],[-86.538597,36.135395],[-86.526049,36.139619],[-86.535105,36.126254],[-86.529238,36.124347],[-86.535943,36.108166],[-86.515589,36.10061],[-86.525689,36.057318],[-86.532884,36.060019],[-86.529489,36.077521],[-86.540689,36.077619],[-86.546884,36.087817],[-86.546487,36.06652],[-86.561685,36.068418],[-86.564292,36.063579],[-86.562073,36.054214],[-86.566379,36.048762],[-86.562427,36.035323],[-86.591618,36.024129],[-86.600742,36.011876],[-86.612335,36.009994],[-86.615588,35.991624],[-86.607225,35.985472],[-86.614415,35.967785],[-86.627397,35.974027],[-86.648288,35.975573],[-86.712896,36.008122],[-86.732069,36.009873],[-86.783079,36.034886],[-86.928602,36.052909],[-87.028336,35.989857],[-87.039386,35.989242],[-87.054705,36.049986]]]]}},{"type":"Feature","properties":{"GEOID":"47151","NAME":"Scott","state":"TN","wildfire_risk_score":68.83,"wildfire_eal_total":120384.48,"risk_band":"High","source":"FEMA National Risk Index v1.20 (December 2025)"},"geometry":{"type":"Polygon","coordinates":[[[-84.785341,36.603372],[-84.261333,36.591981],[-84.263833,36.56718],[-84.249231,36.564684],[-84.251132,36.53418],[-84.260332,36.52688],[-84.259593,36.513985],[-84.286333,36.50398],[-84.330434,36.50948],[-84.329434,36.50368],[-84.339645,36.498469],[-84.334632,36.493189],[-84.340479,36.466472],[-84.350813,36.465925],[-84.355622,36.458897],[-84.343299,36.442188],[-84.344701,36.415677],[-84.312086,36.384573],[-84.321032,36.383879],[-84.324932,36.390879],[-84.334433,36.388079],[-84.333333,36.369979],[-84.326032,36.366379],[-84.333132,36.364379],[-84.329927,36.284686],[-84.333921,36.277988],[-84.358533,36.273879],[-84.373733,36.264179],[-84.375733,36.238078],[-84.368733,36.228578],[-84.375832,36.212278],[-84.391033,36.203878],[-84.390833,36.196478],[-84.403133,36.185778],[-84.402033,36.176078],[-84.426434,36.164678],[-84.444135,36.164778],[-84.446635,36.172978],[-84.459136,36.181578],[-84.458636,36.189378],[-84.468136,36.191678],[-84.471037,36.203778],[-84.55244,36.233777],[-84.56394,36.226177],[-84.573299,36.22977],[-84.568741,36.237077],[-84.573041,36.266577],[-84.587341,36.266677],[-84.593941,36.276677],[-84.611042,36.270377],[-84.624936,36.285019],[-84.700785,36.370824],[-84.690123,36.374602],[-84.685913,36.388016],[-84.659082,36.395227],[-84.668339,36.406474],[-84.663641,36.406575],[-84.664341,36.412979],[-84.674441,36.413775],[-84.692534,36.435468],[-84.715139,36.498874],[-84.785341,36.603372]]]}},{"type":"Feature","properties":{"GEOID":"47035","NAME":"Cumberland","state":"TN","wildfire_risk_score":72.551,"wildfire_eal_total":149974.55,"risk_band":"High","source":"FEMA National Risk Index v1.20 (December 2025)"},"geometry":{"type":"Polygon","coordinates":[[[-85.273288,35.787948],[-85.269359,35.793388],[-85.263012,35.790519],[-85.260385,35.79996],[-85.248435,35.798748],[-85.247442,35.809998],[-85.24138,35.809495],[-85.22244,35.877102],[-85.231587,35.893201],[-85.224771,35.893145],[-85.223931,35.899736],[-85.214506,35.898971],[-85.213115,35.910379],[-85.242698,35.91304],[-85.265489,35.965754],[-85.264206,35.979154],[-85.257012,35.978492],[-85.254881,35.99649],[-85.260407,35.996645],[-85.251364,36.040521],[-85.243303,36.054916],[-85.247423,36.063222],[-85.24253,36.072565],[-85.248219,36.084534],[-85.246362,36.100698],[-85.236148,36.100554],[-85.235757,36.105752],[-85.15275,36.099544],[-85.131575,36.130259],[-85.107319,36.132899],[-85.100213,36.138561],[-85.081654,36.132789],[-85.081568,36.138224],[-85.069532,36.139884],[-85.063395,36.150609],[-85.052292,36.15307],[-85.049034,36.149367],[-85.03823,36.167292],[-85.034959,36.162957],[-85.028803,36.170575],[-85.018598,36.160331],[-85.013426,36.164922],[-85.01509,36.158473],[-85.005105,36.156776],[-85.000286,36.150813],[-84.996078,36.15969],[-84.990126,36.161396],[-84.980531,36.157829],[-84.968185,36.162251],[-84.970144,36.157865],[-84.958954,36.147769],[-84.953653,36.155469],[-84.93683,36.154607],[-84.933157,36.146259],[-84.906165,36.155778],[-84.8975,36.147177],[-84.884532,36.145484],[-84.870888,36.136925],[-84.832377,36.08401],[-84.824643,36.09464],[-84.815467,36.094705],[-84.811309,36.087077],[-84.80546,36.090501],[-84.791936,36.059371],[-84.720727,35.994914],[-84.680633,35.908454],[-84.685113,35.902871],[-84.706181,35.896066],[-84.728771,35.859223],[-84.764844,35.838426],[-84.763687,35.833686],[-84.781901,35.825],[-84.797941,35.825039],[-84.882401,35.778785],[-84.905133,35.773738],[-84.916062,35.761939],[-84.928536,35.768549],[-85.028787,35.746285],[-85.032567,35.746954],[-85.032616,35.75928],[-85.04114,35.77177],[-85.073831,35.760472],[-85.084962,35.760546],[-85.103406,35.769921],[-85.254062,35.765611],[-85.247784,35.78666],[-85.257467,35.787169],[-85.26038,35.78258],[-85.273288,35.787948]]]}},{"type":"Feature","properties":{"GEOID":"47025","NAME":"Claiborne","state":"TN","wildfire_risk_score":81.361,"wildfire_eal_total":354264.55,"risk_band":"High","source":"FEMA National Risk Index v1.20 (December 2025)"},"geometry":{"type":"Polygon","coordinates":[[[-83.9876109506828,36.5895922860725],[-83.690714,36.582581],[-83.675395,36.600784],[-83.472108,36.597284],[-83.432626,36.573098],[-83.398303,36.534885],[-83.369401,36.459186],[-83.371586,36.433905],[-83.377692,36.430067],[-83.377917,36.422008],[-83.387813,36.418695],[-83.3868,36.413186],[-83.415357,36.42063],[-83.417073,36.411362],[-83.428202,36.418186],[-83.428401,36.408386],[-83.441126,36.411861],[-83.441402,36.402086],[-83.448302,36.396886],[-83.456802,36.403087],[-83.459203,36.399386],[-83.451202,36.394486],[-83.449481,36.387719],[-83.455614,36.386225],[-83.457602,36.393486],[-83.460002,36.389186],[-83.449201,36.374286],[-83.466002,36.369186],[-83.480703,36.379786],[-83.495803,36.379285],[-83.494803,36.363286],[-83.500403,36.362286],[-83.508603,36.372985],[-83.516404,36.364985],[-83.524304,36.364885],[-83.516503,36.360785],[-83.518203,36.356885],[-83.532504,36.365085],[-83.534704,36.352485],[-83.551105,36.368284],[-83.555505,36.361384],[-83.563759,36.372496],[-83.573904,36.363284],[-83.590106,36.369183],[-83.597306,36.357183],[-83.609906,36.352883],[-83.613606,36.346183],[-83.640307,36.336083],[-83.651007,36.339482],[-83.658807,36.331982],[-83.678208,36.354782],[-83.696909,36.365681],[-83.714009,36.344181],[-83.733054,36.345043],[-83.745578,36.354005],[-83.742559,36.368127],[-83.758321,36.383915],[-83.764512,36.398779],[-83.795133,36.413284],[-83.79273,36.423099],[-83.798038,36.4241],[-83.805014,36.416379],[-83.807914,36.422379],[-83.798614,36.429579],[-83.805515,36.435879],[-83.833282,36.419654],[-83.839341,36.429287],[-83.851916,36.427979],[-83.861217,36.434679],[-83.876517,36.430479],[-83.884737,36.421325],[-83.890517,36.431279],[-83.893717,36.419679],[-83.905638,36.419979],[-83.899796,36.42315],[-83.907318,36.429079],[-83.922618,36.427779],[-83.933319,36.453279],[-83.930291,36.459959],[-83.936421,36.460121],[-83.980126,36.550712],[-83.978389,36.555992],[-83.984634,36.560482],[-83.982184,36.583509],[-83.9876109506828,36.5895922860725]]]}},{"type":"Feature","properties":{"GEOID":"47041","NAME":"DeKalb","state":"TN","wildfire_risk_score":7.665,"wildfire_eal_total":2149.81,"risk_band":"Low","source":"FEMA National Risk Index v1.20 (December 2025)"},"geometry":{"type":"Polygon","coordinates":[[[-86.062809,36.07119],[-86.059457,36.073609],[-86.062351,36.081995],[-86.055905,36.090462],[-86.028149,36.083433],[-86.013396,36.083446],[-86.012302,36.089962],[-86.005798,36.089154],[-86.004918,36.082019],[-85.993394,36.093924],[-85.992138,36.087542],[-85.986083,36.087095],[-85.978511,36.099095],[-85.969221,36.099081],[-85.960157,36.110955],[-85.948414,36.101991],[-85.930511,36.109452],[-85.924889,36.101928],[-85.911267,36.097528],[-85.915583,36.109628],[-85.910103,36.11672],[-85.896938,36.116275],[-85.892767,36.113578],[-85.894357,36.104963],[-85.888746,36.102119],[-85.886287,36.105416],[-85.883749,36.09803],[-85.865045,36.093751],[-85.852784,36.111235],[-85.85466,36.119315],[-85.84242,36.119548],[-85.83827,36.128855],[-85.827526,36.122342],[-85.807415,36.131582],[-85.788197,36.103162],[-85.776782,36.102337],[-85.769835,36.094981],[-85.775976,36.078328],[-85.768557,36.077306],[-85.767136,36.070087],[-85.753054,36.067985],[-85.747144,36.07743],[-85.74173,36.07506],[-85.741878,36.078795],[-85.722648,36.081986],[-85.688333,36.069524],[-85.668236,36.029841],[-85.652481,36.017209],[-85.653444,36.012867],[-85.644604,36.015053],[-85.637817,36.006028],[-85.630493,36.006469],[-85.644207,36.00215],[-85.646608,35.988676],[-85.662917,35.971501],[-85.66262,35.949049],[-85.654425,35.926717],[-85.658514,35.916222],[-85.651656,35.913856],[-85.651662,35.904993],[-85.646756,35.901375],[-85.669877,35.884868],[-85.641617,35.889902],[-85.635903,35.884543],[-85.673224,35.854607],[-85.664573,35.848998],[-85.634803,35.853897],[-85.632449,35.847385],[-85.653837,35.827905],[-85.662563,35.825703],[-85.674613,35.833127],[-85.704467,35.836028],[-85.751785,35.850027],[-85.751467,35.84524],[-85.767718,35.848737],[-85.776027,35.845536],[-85.77421,35.842548],[-85.787534,35.843036],[-85.791923,35.852162],[-85.811546,35.850179],[-85.813624,35.845816],[-85.842082,35.846912],[-85.842943,35.840419],[-85.846224,35.845475],[-85.859038,35.846684],[-85.875877,35.845776],[-85.873387,35.840425],[-85.879032,35.839283],[-85.894269,35.844095],[-85.896166,35.851135],[-85.88921,35.857543],[-85.893909,35.855596],[-85.992132,35.948946],[-86.014849,35.96106],[-86.026539,35.99258],[-86.024882,35.99981],[-86.041072,36.006416],[-86.034475,36.026217],[-86.045744,36.036469],[-86.046033,36.042013],[-86.053437,36.043793],[-86.047374,36.057493],[-86.056452,36.05929],[-86.053018,36.071403],[-86.062809,36.07119]]]}},{"type":"Feature","properties":{"GEOID":"47061","NAME":"Grundy","state":"TN","wildfire_risk_score":56.139,"wildfire_eal_total":38994.12,"risk_band":"High","source":"FEMA National Risk Index v1.20 (December 2025)"},"geometry":{"type":"Polygon","coordinates":[[[-85.91196,35.290536],[-85.906935,35.297295],[-85.910273,35.306477],[-85.90554,35.317589],[-85.900833,35.317764],[-85.904877,35.330434],[-85.881077,35.348804],[-85.880456,35.360634],[-85.869478,35.380435],[-85.886982,35.38154],[-85.889216,35.443954],[-85.885585,35.489485],[-85.879529,35.491763],[-85.876232,35.507339],[-85.883131,35.508057],[-85.8782,35.514387],[-85.885485,35.517039],[-85.874019,35.528956],[-85.86638,35.521019],[-85.832925,35.515303],[-85.820334,35.504573],[-85.815308,35.505792],[-85.81736,35.51347],[-85.753574,35.524164],[-85.607326,35.531651],[-85.536658,35.487095],[-85.541332,35.461405],[-85.535814,35.431494],[-85.520466,35.421557],[-85.512284,35.422958],[-85.512878,35.407612],[-85.485635,35.406433],[-85.495873,35.39333],[-85.489224,35.383494],[-85.505718,35.36897],[-85.502928,35.365435],[-85.506528,35.357477],[-85.526324,35.34842],[-85.529023,35.342831],[-85.542347,35.341453],[-85.558551,35.319292],[-85.632951,35.303685],[-85.655553,35.305536],[-85.669271,35.301626],[-85.67296,35.293202],[-85.690415,35.286075],[-85.707736,35.290729],[-85.693581,35.239257],[-85.740113,35.215295],[-85.773489,35.218736],[-85.822427,35.242226],[-85.848346,35.24027],[-85.87313,35.223559],[-85.907955,35.276199],[-85.91196,35.290536]]]}},{"type":"Feature","properties":{"GEOID":"47077","NAME":"Henderson","state":"TN","wildfire_risk_score":19.402,"wildfire_eal_total":6078.48,"risk_band":"Moderate","source":"FEMA National Risk Index v1.20 (December 2025)"},"geometry":{"type":"Polygon","coordinates":[[[-88.61121,35.622827],[-88.610851,35.626437],[-88.603575,35.626084],[-88.603296,35.644183],[-88.610736,35.646424],[-88.606862,35.789354],[-88.599836,35.789165],[-88.599388,35.801872],[-88.589301,35.811667],[-88.579251,35.816878],[-88.571461,35.815199],[-88.569047,35.824829],[-88.179177,35.816785],[-88.180703,35.785255],[-88.18526,35.779074],[-88.181356,35.777213],[-88.188973,35.631139],[-88.197864,35.630422],[-88.197868,35.624356],[-88.189537,35.624216],[-88.190465,35.609088],[-88.226459,35.554269],[-88.216484,35.55396],[-88.216759,35.548866],[-88.231181,35.54726],[-88.243071,35.528551],[-88.247986,35.42352],[-88.241677,35.423263],[-88.246192,35.416307],[-88.360829,35.418972],[-88.364005,35.492801],[-88.414582,35.482339],[-88.416408,35.487467],[-88.469106,35.495882],[-88.505354,35.51203],[-88.544759,35.549056],[-88.56557,35.587088],[-88.588402,35.587891],[-88.594798,35.592379],[-88.608679,35.585725],[-88.613611,35.588089],[-88.61121,35.622827]]]}},{"type":"Feature","properties":{"GEOID":"47087","NAME":"Jackson","state":"TN","wildfire_risk_score":6.966,"wildfire_eal_total":1306.21,"risk_band":"Low","source":"FEMA National Risk Index v1.20 (December 2025)"},"geometry":{"type":"Polygon","coordinates":[[[-85.846483,36.288167],[-85.837353,36.341731],[-85.828584,36.34228],[-85.831245,36.351187],[-85.835768,36.351848],[-85.813885,36.499473],[-85.767125,36.517197],[-85.75359,36.499051],[-85.715799,36.497517],[-85.736389,36.518933],[-85.704075,36.522395],[-85.696107,36.49597],[-85.667353,36.496032],[-85.57596,36.471617],[-85.564358,36.475229],[-85.560642,36.459856],[-85.525459,36.434632],[-85.509718,36.412749],[-85.495422,36.403074],[-85.497605,36.30203],[-85.490384,36.286943],[-85.497149,36.28386],[-85.494,36.279817],[-85.508283,36.27772],[-85.512571,36.256879],[-85.533915,36.258743],[-85.53484,36.250927],[-85.529874,36.250424],[-85.533697,36.242577],[-85.526197,36.239626],[-85.538656,36.24085],[-85.53986,36.236014],[-85.555607,36.234015],[-85.551099,36.229588],[-85.558291,36.230231],[-85.557527,36.223177],[-85.572802,36.222295],[-85.575207,36.230466],[-85.583494,36.230667],[-85.600212,36.226177],[-85.604328,36.220707],[-85.613046,36.221248],[-85.613029,36.215124],[-85.629206,36.212805],[-85.636803,36.217056],[-85.635831,36.222407],[-85.654143,36.216267],[-85.665968,36.223788],[-85.674147,36.221177],[-85.675,36.228138],[-85.680809,36.224404],[-85.690311,36.228916],[-85.702322,36.225],[-85.706465,36.23095],[-85.722912,36.233291],[-85.739626,36.22751],[-85.777624,36.249079],[-85.782886,36.24466],[-85.780148,36.238011],[-85.797172,36.253939],[-85.803693,36.255669],[-85.810027,36.249064],[-85.823903,36.251278],[-85.833408,36.2637],[-85.837098,36.280805],[-85.846483,36.288167]]]}},{"type":"Feature","properties":{"GEOID":"47131","NAME":"Obion","state":"TN","wildfire_risk_score":14.695,"wildfire_eal_total":3861.35,"risk_band":"Low","source":"FEMA National Risk Index v1.20 (December 2025)"},"geometry":{"type":"Polygon","coordinates":[[[-89.485818,36.220931],[-89.45264,36.228636],[-89.428816,36.259735],[-89.401056,36.32368],[-89.404989,36.351216],[-89.380643,36.377103],[-89.36012,36.409277],[-89.369237,36.434289],[-89.36005,36.456487],[-89.340395,36.475967],[-89.346053,36.50321],[-89.300284,36.507147],[-88.8273011555617,36.5028524305169],[-88.815517,36.474918],[-88.81642,36.410732],[-88.846523,36.413163],[-88.885917,36.392887],[-88.901111,36.394799],[-88.913577,36.40657],[-88.931695,36.411077],[-88.950205,36.409248],[-88.961232,36.201635],[-89.482971,36.212659],[-89.485818,36.220931]]]}},{"type":"Feature","properties":{"GEOID":"47067","NAME":"Hancock","state":"TN","wildfire_risk_score":48.791,"wildfire_eal_total":25784.88,"risk_band":"High","source":"FEMA National Risk Index v1.20 (December 2025)"},"geometry":{"type":"Polygon","coordinates":[[[-83.4555079878476,36.597301419049],[-83.2763,36.598187],[-83.261099,36.593887],[-82.830433,36.593761],[-82.950519,36.543005],[-82.960772,36.555155],[-82.98388,36.544489],[-82.99016,36.561895],[-82.998308,36.559251],[-83.004589,36.563991],[-83.027189,36.551191],[-83.040489,36.551891],[-83.105992,36.51739],[-83.124431,36.512174],[-83.127464,36.502402],[-83.163194,36.47789],[-83.167194,36.47129],[-83.162193,36.46179],[-83.180373,36.455734],[-83.178824,36.451234],[-83.200094,36.44839],[-83.206937,36.441559],[-83.193894,36.42429],[-83.222794,36.41019],[-83.304197,36.388189],[-83.308597,36.399589],[-83.3153,36.398794],[-83.328197,36.409685],[-83.340598,36.408288],[-83.352099,36.419787],[-83.389443,36.408162],[-83.387813,36.418695],[-83.377917,36.422008],[-83.377692,36.430067],[-83.371586,36.433905],[-83.369401,36.459186],[-83.37598,36.481912],[-83.398303,36.534885],[-83.432626,36.573098],[-83.472108,36.597284],[-83.4555079878476,36.597301419049]]]}},{"type":"Feature","properties":{"GEOID":"47103","NAME":"Lincoln","state":"TN","wildfire_risk_score":15.49,"wildfire_eal_total":4158.75,"risk_band":"Low","source":"FEMA National Risk Index v1.20 (December 2025)"},"geometry":{"type":"Polygon","coordinates":[[[-86.836218,34.994901],[-86.828301,35.263677],[-86.746899,35.252878],[-86.723895,35.276422],[-86.679865,35.304287],[-86.677397,35.310677],[-86.673197,35.307677],[-86.654997,35.314977],[-86.649997,35.309777],[-86.641196,35.319676],[-86.602613,35.327013],[-86.605894,35.342994],[-86.599478,35.36495],[-86.584695,35.370375],[-86.552689,35.359981],[-86.543392,35.363126],[-86.532568,35.351603],[-86.52563,35.355316],[-86.539485,35.335435],[-86.526962,35.311487],[-86.46126,35.292767],[-86.460899,35.284576],[-86.444593,35.279779],[-86.445593,35.275179],[-86.436985,35.27501],[-86.434393,35.264179],[-86.426,35.265594],[-86.426101,35.259489],[-86.420492,35.25748],[-86.411091,35.259479],[-86.411692,35.25178],[-86.420492,35.25388],[-86.420792,35.24908],[-86.412696,35.245348],[-86.423874,35.2411],[-86.423775,35.237286],[-86.419049,35.237487],[-86.415242,35.22633],[-86.4087,35.228237],[-86.408456,35.238015],[-86.392192,35.235381],[-86.368491,35.171582],[-86.368303,35.127042],[-86.359016,35.124492],[-86.356373,35.140574],[-86.350579,35.146621],[-86.344768,35.129514],[-86.328472,35.122389],[-86.318168,35.126986],[-86.3187611440952,34.9911469680432],[-86.836306,34.991764],[-86.836218,34.994901]]]}},{"type":"Feature","properties":{"GEOID":"47179","NAME":"Washington","state":"TN","wildfire_risk_score":42.78,"wildfire_eal_total":31499.33,"risk_band":"Moderate","source":"FEMA National Risk Index v1.20 (December 2025)"},"geometry":{"type":"Polygon","coordinates":[[[-82.698878,36.4127],[-82.676177,36.4234],[-82.680677,36.4318],[-82.662877,36.4425],[-82.609674,36.4296],[-82.601798,36.423454],[-82.438355,36.445639],[-82.43584,36.437336],[-82.421572,36.447254],[-82.421908,36.438946],[-82.403507,36.434361],[-82.407884,36.423725],[-82.397661,36.422528],[-82.391679,36.432034],[-82.386641,36.420358],[-82.375008,36.420785],[-82.383232,36.411573],[-82.375729,36.407151],[-82.386637,36.398193],[-82.386163,36.392104],[-82.369413,36.403057],[-82.348692,36.40173],[-82.346099,36.397165],[-82.337507,36.401896],[-82.329342,36.396962],[-82.299859,36.396505],[-82.299968,36.37114],[-82.326512,36.292995],[-82.342282,36.263977],[-82.34046,36.252807],[-82.357661,36.241407],[-82.356297,36.230066],[-82.370522,36.217231],[-82.370647,36.209879],[-82.398461,36.196707],[-82.414362,36.182407],[-82.417361,36.166107],[-82.429262,36.164007],[-82.435862,36.154907],[-82.487564,36.155706],[-82.527605,36.148951],[-82.595065,36.096205],[-82.642889,36.142067],[-82.638818,36.139456],[-82.63662,36.14347],[-82.647769,36.146404],[-82.646202,36.176646],[-82.651808,36.176824],[-82.64573,36.185682],[-82.644753,36.199537],[-82.649583,36.199527],[-82.645862,36.20599],[-82.651122,36.209103],[-82.644071,36.210704],[-82.633289,36.360741],[-82.628624,36.359342],[-82.633032,36.364769],[-82.631794,36.418769],[-82.702566,36.410412],[-82.698878,36.4127]]]}},{"type":"Feature","properties":{"GEOID":"47017","NAME":"Carroll","state":"TN","wildfire_risk_score":20.197,"wildfire_eal_total":5991.54,"risk_band":"Moderate","source":"FEMA National Risk Index v1.20 (December 2025)"},"geometry":{"type":"Polygon","coordinates":[[[-88.706002,35.796042],[-88.692709,36.062746],[-88.678909,36.066477],[-88.675445,36.061817],[-88.672412,36.065899],[-88.653843,36.064294],[-88.655488,36.117338],[-88.532233,36.115416],[-88.530322,36.152023],[-88.211698,36.145974],[-88.216598,35.886147],[-88.224728,35.886389],[-88.225048,35.877192],[-88.216781,35.877152],[-88.217436,35.846582],[-88.177859,35.845841],[-88.179177,35.816785],[-88.569047,35.824829],[-88.571461,35.815199],[-88.583528,35.815361],[-88.599388,35.801872],[-88.599836,35.789165],[-88.706811,35.791075],[-88.706002,35.796042]]]}},{"type":"Feature","properties":{"GEOID":"47113","NAME":"Madison","state":"TN","wildfire_risk_score":43.321,"wildfire_eal_total":25197.1,"risk_band":"Moderate","source":"FEMA National Risk Index v1.20 (December 2025)"},"geometry":{"type":"Polygon","coordinates":[[[-89.078847,35.432067],[-89.069544,35.692679],[-89.063359,35.690645],[-89.059911,35.679393],[-89.054341,35.683403],[-89.021364,35.670953],[-88.892938,35.783842],[-88.911916,35.790452],[-88.916181,35.797307],[-88.606862,35.789354],[-88.610736,35.646424],[-88.603296,35.644183],[-88.603575,35.626084],[-88.610851,35.626437],[-88.614204,35.569161],[-88.634345,35.536071],[-88.675867,35.489163],[-88.815798,35.427451],[-89.078847,35.432067]]]}},{"type":"Feature","properties":{"GEOID":"47071","NAME":"Hardin","state":"TN","wildfire_risk_score":28.944,"wildfire_eal_total":8860.35,"risk_band":"Moderate","source":"FEMA National Risk Index v1.20 (December 2025)"},"geometry":{"type":"Polygon","coordinates":[[[-88.38013,35.000086],[-88.367243,35.290985],[-88.374891,35.291129],[-88.374404,35.304102],[-88.372576,35.315748],[-88.365568,35.315715],[-88.361929,35.397044],[-88.3555,35.396994],[-88.351765,35.406735],[-88.361521,35.408877],[-88.360829,35.418972],[-88.246192,35.416307],[-88.240354,35.423207],[-88.232608,35.419437],[-88.231525,35.413879],[-88.210134,35.407322],[-88.209599,35.397852],[-88.198554,35.39285],[-88.196462,35.379561],[-88.165185,35.392278],[-88.141354,35.385443],[-88.11675,35.385],[-88.065809,35.41764],[-88.024741,35.392307],[-88.024654,35.369588],[-88.013286,35.370178],[-88.016986,35.365371],[-88.004872,35.350912],[-88.01813,35.330975],[-88.014022,35.309238],[-88.017443,35.299988],[-87.997385,35.30227],[-87.981585,35.295678],[-87.9849162019114,35.0058806732269],[-88.202959,35.008028],[-88.200064,34.995634],[-88.380508,34.99561],[-88.38013,35.000086]]]}},{"type":"Feature","properties":{"GEOID":"47043","NAME":"Dickson","state":"TN","wildfire_risk_score":20.515,"wildfire_eal_total":8281.91,"risk_band":"Moderate","source":"FEMA National Risk Index v1.20 (December 2025)"},"geometry":{"type":"MultiPolygon","coordinates":[[[[-87.146906,36.293344],[-87.141847,36.294602],[-87.139332,36.292418],[-87.151895,36.28914],[-87.146906,36.293344]]],[[[-87.566798,36.177857],[-87.530415,36.232375],[-87.531479,36.249701],[-87.523627,36.24889],[-87.513533,36.334713],[-87.37217,36.320583],[-87.366088,36.323488],[-87.365436,36.319807],[-87.327204,36.31593],[-87.325958,36.323582],[-87.320939,36.32318],[-87.321861,36.316389],[-87.315548,36.31524],[-87.31501,36.321654],[-87.305167,36.319252],[-87.303129,36.312442],[-87.286501,36.321933],[-87.242495,36.32337],[-87.232461,36.331337],[-87.214179,36.314878],[-87.174058,36.313433],[-87.156589,36.307706],[-87.150791,36.299447],[-87.156885,36.291263],[-87.168178,36.291683],[-87.169197,36.285281],[-87.153357,36.283799],[-87.158466,36.279862],[-87.156439,36.271577],[-87.181806,36.259763],[-87.194005,36.245311],[-87.186142,36.242074],[-87.174046,36.247679],[-87.169387,36.244134],[-87.166186,36.23009],[-87.179217,36.228044],[-87.187832,36.211484],[-87.171432,36.203502],[-87.171111,36.192969],[-87.15868,36.191075],[-87.150002,36.17779],[-87.172317,36.162374],[-87.165776,36.154736],[-87.173006,36.08178],[-87.176781,36.082193],[-87.173127,36.070885],[-87.178624,36.067518],[-87.192543,35.985318],[-87.196746,35.985576],[-87.197406,35.979967],[-87.190826,35.975884],[-87.211984,35.970297],[-87.204242,35.959186],[-87.274235,35.964595],[-87.279901,35.961429],[-87.301916,35.96837],[-87.482378,35.987566],[-87.477719,35.984848],[-87.48969,35.983865],[-87.489925,35.988335],[-87.53453,35.993074],[-87.552372,36.016007],[-87.54601,36.022781],[-87.550766,36.03236],[-87.545298,36.046641],[-87.549431,36.059306],[-87.544519,36.094158],[-87.551806,36.137514],[-87.566798,36.177857]]]]}},{"type":"Feature","properties":{"GEOID":"47007","NAME":"Bledsoe","state":"TN","wildfire_risk_score":56.997,"wildfire_eal_total":50996.12,"risk_band":"High","source":"FEMA National Risk Index v1.20 (December 2025)"},"geometry":{"type":"Polygon","coordinates":[[[-85.43618,35.542156],[-85.423804,35.567422],[-85.265387,35.721237],[-85.270805,35.7286],[-85.264992,35.740813],[-85.270427,35.747175],[-85.259657,35.750291],[-85.265775,35.760476],[-85.258066,35.760244],[-85.256886,35.764771],[-85.103406,35.769921],[-85.084962,35.760546],[-85.073831,35.760472],[-85.04114,35.77177],[-85.032616,35.75928],[-85.032567,35.746954],[-85.028787,35.746285],[-84.928536,35.768549],[-84.916062,35.761939],[-84.989907,35.681802],[-84.981161,35.679447],[-84.981568,35.674805],[-84.995463,35.675755],[-85.047641,35.618654],[-85.107762,35.571359],[-85.109819,35.541551],[-85.105606,35.548779],[-85.096574,35.545218],[-85.102141,35.544096],[-85.099069,35.533683],[-85.109161,35.537462],[-85.105773,35.529605],[-85.115567,35.521344],[-85.118602,35.523504],[-85.113877,35.52479],[-85.119276,35.528984],[-85.122622,35.52607],[-85.146393,35.491299],[-85.141737,35.492248],[-85.140429,35.487962],[-85.133957,35.4913],[-85.13501,35.484943],[-85.115946,35.47567],[-85.135191,35.458649],[-85.131094,35.458004],[-85.131757,35.450974],[-85.137969,35.456216],[-85.15181,35.445244],[-85.168302,35.455614],[-85.225877,35.354276],[-85.314337,35.417205],[-85.403298,35.49228],[-85.411644,35.506434],[-85.406969,35.517649],[-85.416526,35.520091],[-85.424934,35.529863],[-85.430755,35.529077],[-85.43618,35.542156]]]}},{"type":"Feature","properties":{"GEOID":"47153","NAME":"Sequatchie","state":"TN","wildfire_risk_score":50.954,"wildfire_eal_total":44160.51,"risk_band":"High","source":"FEMA National Risk Index v1.20 (December 2025)"},"geometry":{"type":"Polygon","coordinates":[[[-85.607326,35.531651],[-85.557535,35.532977],[-85.556713,35.536495],[-85.546132,35.536285],[-85.543566,35.542718],[-85.529892,35.540332],[-85.495752,35.547618],[-85.459856,35.54685],[-85.45352,35.55813],[-85.423804,35.567422],[-85.436147,35.541365],[-85.430755,35.529077],[-85.424934,35.529863],[-85.416526,35.520091],[-85.406969,35.517649],[-85.411644,35.506434],[-85.403298,35.49228],[-85.314337,35.417205],[-85.225877,35.354276],[-85.246005,35.319077],[-85.387089,35.147169],[-85.388267,35.158754],[-85.39486,35.16762],[-85.38824,35.180774],[-85.395984,35.193521],[-85.392303,35.203807],[-85.402913,35.223106],[-85.426,35.246494],[-85.439166,35.253351],[-85.444144,35.262646],[-85.489111,35.27218],[-85.494704,35.280047],[-85.556757,35.308294],[-85.558551,35.319292],[-85.543839,35.34004],[-85.529023,35.342831],[-85.526324,35.34842],[-85.506528,35.357477],[-85.502928,35.365435],[-85.505718,35.36897],[-85.489224,35.383494],[-85.495873,35.39333],[-85.485635,35.406433],[-85.512878,35.407612],[-85.512284,35.422958],[-85.520466,35.421557],[-85.535814,35.431494],[-85.541332,35.461405],[-85.536658,35.487095],[-85.607326,35.531651]]]}},{"type":"Feature","properties":{"GEOID":"47181","NAME":"Wayne","state":"TN","wildfire_risk_score":12.15,"wildfire_eal_total":2835.51,"risk_band":"Low","source":"FEMA National Risk Index v1.20 (December 2025)"},"geometry":{"type":"Polygon","coordinates":[[[-88.024741,35.392307],[-88.012546,35.386944],[-87.99424,35.389587],[-87.983145,35.392947],[-87.97486,35.40197],[-87.973414,35.409611],[-87.978042,35.416319],[-87.98784,35.415969],[-88.012618,35.426585],[-88.011815,35.432826],[-87.991349,35.447129],[-87.989305,35.453291],[-87.98441,35.45209],[-87.973806,35.460199],[-87.952092,35.458121],[-87.932058,35.465701],[-87.921891,35.459695],[-87.914207,35.465857],[-87.893434,35.464846],[-87.864865,35.475976],[-87.858506,35.465413],[-87.848105,35.465255],[-87.827406,35.46988],[-87.803589,35.484954],[-87.745489,35.491782],[-87.733811,35.491691],[-87.685809,35.472811],[-87.645896,35.472745],[-87.646485,35.442071],[-87.607276,35.436176],[-87.608518,35.427031],[-87.597164,35.411723],[-87.575205,35.406308],[-87.578943,35.186953],[-87.572654,35.190451],[-87.576699,35.152135],[-87.583407,35.155522],[-87.583407,35.143109],[-87.590376,35.142756],[-87.588833,35.058431],[-87.572706,35.050904],[-87.58134,35.049214],[-87.578649,35.03487],[-87.605733,35.035865],[-87.607485,35.022343],[-87.611925,35.019006],[-87.606178379167,35.0036420906069],[-87.9849162019114,35.0058806732269],[-87.981585,35.295678],[-87.997385,35.30227],[-88.017443,35.299988],[-88.014022,35.309238],[-88.01813,35.330975],[-88.004872,35.350912],[-88.016986,35.365371],[-88.013286,35.370178],[-88.024654,35.369588],[-88.024741,35.392307]]]}},{"type":"Feature","properties":{"GEOID":"47115","NAME":"Marion","state":"TN","wildfire_risk_score":59.669,"wildfire_eal_total":67137.76,"risk_band":"High","source":"FEMA National Risk Index v1.20 (December 2025)"},"geometry":{"type":"Polygon","coordinates":[[[-85.872943,35.060234],[-85.864604,35.059626],[-85.866363,35.22109],[-85.872292,35.223677],[-85.848346,35.24027],[-85.822427,35.242226],[-85.773489,35.218736],[-85.740113,35.215295],[-85.693581,35.239257],[-85.707736,35.290729],[-85.690415,35.286075],[-85.67296,35.293202],[-85.669271,35.301626],[-85.655553,35.305536],[-85.632951,35.303685],[-85.558551,35.319292],[-85.556757,35.308294],[-85.494704,35.280047],[-85.489111,35.27218],[-85.444144,35.262646],[-85.439166,35.253351],[-85.426,35.246494],[-85.402913,35.223106],[-85.391427,35.201367],[-85.395984,35.193521],[-85.38824,35.180774],[-85.39486,35.16762],[-85.386864,35.15506],[-85.385791,35.137095],[-85.39577,35.105638],[-85.383305,35.10574],[-85.361959,35.087773],[-85.366359,35.069474],[-85.382255,35.04473],[-85.392637,35.039138],[-85.408712,35.041195],[-85.427571,35.006881],[-85.474889,34.986972],[-85.4741053158651,34.9830630878201],[-85.8730178417657,34.9884342235787],[-85.872943,35.060234]]]}},{"type":"Feature","properties":{"GEOID":"47095","NAME":"Lake","state":"TN","wildfire_risk_score":1.813,"wildfire_eal_total":429.4,"risk_band":"Low","source":"FEMA National Risk Index v1.20 (December 2025)"},"geometry":{"type":"Polygon","coordinates":[[[-89.705328,36.239898],[-89.695235,36.252766],[-89.678046,36.248284],[-89.642182,36.249486],[-89.602374,36.238106],[-89.577544,36.242262],[-89.562206,36.250909],[-89.544743,36.247484],[-89.534745,36.252576],[-89.539487,36.277368],[-89.554289,36.277751],[-89.578492,36.288317],[-89.611819,36.309088],[-89.620255,36.323006],[-89.615841,36.336085],[-89.605668,36.342234],[-89.531822,36.339246],[-89.519,36.3486],[-89.513178,36.359897],[-89.51038,36.378356],[-89.545255,36.427079],[-89.543406,36.43877],[-89.52519,36.453991],[-89.51972,36.467002],[-89.520642,36.478668],[-89.539232,36.497934],[-89.485427,36.497491],[-89.493198,36.470124],[-89.486215,36.46162],[-89.464153,36.457189],[-89.436763,36.474432],[-89.417275,36.499011],[-89.346053,36.50321],[-89.340395,36.475967],[-89.36005,36.456487],[-89.369237,36.434289],[-89.36012,36.409277],[-89.380643,36.377103],[-89.404989,36.351216],[-89.401056,36.32368],[-89.428816,36.259735],[-89.45264,36.228636],[-89.485818,36.220931],[-89.482362,36.210799],[-89.488283,36.187544],[-89.629452,36.185382],[-89.69263,36.224959],[-89.705328,36.239898]]]}},{"type":"Feature","properties":{"GEOID":"47125","NAME":"Montgomery","state":"TN","wildfire_risk_score":28.181,"wildfire_eal_total":14703.28,"risk_band":"Moderate","source":"FEMA National Risk Index v1.20 (December 2025)"},"geometry":{"type":"Polygon","coordinates":[[[-87.64115,36.638036],[-87.114976,36.642414],[-87.117437,36.628118],[-87.125932,36.628989],[-87.126771,36.621443],[-87.131292,36.621995],[-87.12099,36.613544],[-87.129755,36.572283],[-87.134335,36.570564],[-87.132522,36.56372],[-87.150233,36.567702],[-87.150004,36.564016],[-87.13796,36.562058],[-87.141268,36.554908],[-87.13158,36.553727],[-87.129672,36.546523],[-87.117722,36.549641],[-87.121522,36.53998],[-87.116147,36.539212],[-87.118626,36.523667],[-87.113244,36.523046],[-87.120657,36.510943],[-87.128677,36.46195],[-87.119598,36.461107],[-87.120443,36.45546],[-87.150247,36.444962],[-87.149487,36.417481],[-87.162729,36.413298],[-87.166711,36.427264],[-87.171307,36.427616],[-87.179549,36.424001],[-87.1794,36.406611],[-87.20517,36.412422],[-87.215057,36.395949],[-87.249988,36.37792],[-87.263398,36.354314],[-87.280534,36.354484],[-87.286373,36.320081],[-87.303129,36.312442],[-87.305167,36.319252],[-87.31501,36.321654],[-87.315548,36.31524],[-87.321861,36.316389],[-87.320939,36.32318],[-87.325958,36.323582],[-87.327204,36.31593],[-87.365436,36.319807],[-87.366088,36.323488],[-87.37217,36.320583],[-87.586957,36.34178],[-87.64115,36.638036]]]}},{"type":"Feature","properties":{"GEOID":"47161","NAME":"Stewart","state":"TN","wildfire_risk_score":7.602,"wildfire_eal_total":1708.07,"risk_band":"Low","source":"FEMA National Risk Index v1.20 (December 2025)"},"geometry":{"type":"Polygon","coordinates":[[[-88.070532,36.678118],[-87.849567,36.663701],[-87.853204,36.633247],[-87.64115,36.638036],[-87.592358,36.367663],[-87.715494,36.36824],[-87.756308,36.342958],[-87.821816,36.328724],[-87.892839,36.334712],[-87.944984,36.354128],[-87.98074,36.353307],[-87.994295,36.361945],[-88.016134,36.394874],[-88.033242,36.40952],[-88.035982,36.420317],[-88.061456,36.444093],[-88.052006,36.471265],[-88.056676,36.491107],[-88.039481,36.510408],[-88.032489,36.540662],[-88.045127,36.602939],[-88.057042,36.64054],[-88.068208,36.659747],[-88.070532,36.678118]]]}},{"type":"Feature","properties":{"GEOID":"47075","NAME":"Haywood","state":"TN","wildfire_risk_score":10.433,"wildfire_eal_total":2172.54,"risk_band":"Low","source":"FEMA National Risk Index v1.20 (December 2025)"},"geometry":{"type":"Polygon","coordinates":[[[-89.501401,35.581836],[-89.494146,35.582736],[-89.482701,35.593953],[-89.469993,35.595226],[-89.466354,35.682706],[-89.452712,35.682545],[-89.432422,35.729877],[-89.432192,35.740007],[-89.427691,35.740184],[-89.427469,35.747378],[-89.440123,35.747919],[-89.439691,35.765915],[-89.432633,35.771241],[-89.432488,35.780807],[-89.421456,35.788227],[-89.419134,35.798987],[-89.406973,35.806358],[-89.401805,35.822657],[-89.356033,35.817635],[-89.342548,35.792205],[-89.325251,35.788579],[-89.309502,35.772923],[-89.287623,35.77316],[-89.271205,35.755011],[-89.189682,35.742716],[-89.142252,35.719818],[-89.116959,35.69924],[-89.100647,35.701966],[-89.069544,35.692679],[-89.078876,35.431428],[-89.182551,35.432816],[-89.183944,35.397126],[-89.474171,35.403039],[-89.469862,35.546566],[-89.482701,35.54664],[-89.477394,35.562012],[-89.483519,35.569377],[-89.488461,35.56811],[-89.484156,35.574362],[-89.498115,35.575592],[-89.501401,35.581836]]]}},{"type":"Feature","properties":{"GEOID":"47023","NAME":"Chester","state":"TN","wildfire_risk_score":14.536,"wildfire_eal_total":4461.82,"risk_band":"Low","source":"FEMA National Risk Index v1.20 (December 2025)"},"geometry":{"type":"Polygon","coordinates":[[[-88.841607,35.427826],[-88.815798,35.427451],[-88.675867,35.489163],[-88.634345,35.536071],[-88.614204,35.569161],[-88.613611,35.588089],[-88.608679,35.585725],[-88.594798,35.592379],[-88.588402,35.587891],[-88.56557,35.587088],[-88.550981,35.558245],[-88.529617,35.531835],[-88.505354,35.51203],[-88.472346,35.49725],[-88.422362,35.489095],[-88.414582,35.482339],[-88.364005,35.492801],[-88.361521,35.408877],[-88.351765,35.406735],[-88.3555,35.396994],[-88.361929,35.397044],[-88.362572,35.380994],[-88.371019,35.380721],[-88.370629,35.374818],[-88.383942,35.375077],[-88.383473,35.38094],[-88.487211,35.38523],[-88.507707,35.384912],[-88.509999,35.37897],[-88.521775,35.379323],[-88.521975,35.385097],[-88.566735,35.382275],[-88.557181,35.372994],[-88.561199,35.369734],[-88.569612,35.371615],[-88.571763,35.382084],[-88.641054,35.360926],[-88.663831,35.339419],[-88.665364,35.319193],[-88.653924,35.320635],[-88.653924,35.317571],[-88.660063,35.312475],[-88.672741,35.312454],[-88.674885,35.323415],[-88.679036,35.323426],[-88.699131,35.288442],[-88.707137,35.257875],[-88.716024,35.258114],[-88.719761,35.24755],[-88.781768,35.247587],[-88.795408,35.323911],[-88.792777,35.329188],[-88.842036,35.384447],[-88.841607,35.427826]]]}},{"type":"Feature","properties":{"GEOID":"47101","NAME":"Lewis","state":"TN","wildfire_risk_score":9.383,"wildfire_eal_total":2796.9,"risk_band":"Low","source":"FEMA National Risk Index v1.20 (December 2025)"},"geometry":{"type":"Polygon","coordinates":[[[-87.716609,35.491818],[-87.711014,35.505289],[-87.690651,35.505329],[-87.688101,35.552255],[-87.681487,35.55757],[-87.673878,35.551627],[-87.665168,35.553235],[-87.651755,35.564864],[-87.64853,35.590012],[-87.658189,35.609349],[-87.635358,35.614358],[-87.628959,35.621156],[-87.627139,35.615779],[-87.618123,35.619428],[-87.61758,35.627046],[-87.623391,35.632744],[-87.609141,35.63472],[-87.586867,35.653304],[-87.56841,35.651815],[-87.549422,35.630217],[-87.52999,35.626203],[-87.50779,35.628383],[-87.459587,35.615124],[-87.452344,35.61604],[-87.452064,35.620021],[-87.418709,35.62487],[-87.357379,35.659514],[-87.352393,35.654832],[-87.346223,35.659657],[-87.331606,35.656301],[-87.332768,35.634672],[-87.352894,35.617898],[-87.352305,35.584621],[-87.338524,35.584396],[-87.338357,35.57275],[-87.314884,35.567597],[-87.317721,35.549104],[-87.289872,35.548025],[-87.282393,35.50486],[-87.269432,35.505851],[-87.2705,35.500733],[-87.282817,35.499495],[-87.276727,35.492182],[-87.279743,35.483902],[-87.274764,35.483405],[-87.276791,35.470104],[-87.281483,35.458658],[-87.28896,35.459404],[-87.294534,35.444676],[-87.326948,35.447699],[-87.325796,35.456415],[-87.448485,35.457844],[-87.44882,35.420622],[-87.478439,35.422658],[-87.478329,35.414719],[-87.509612,35.414679],[-87.515419,35.411786],[-87.516794,35.398188],[-87.575352,35.398454],[-87.575205,35.406308],[-87.597164,35.411723],[-87.605118,35.419406],[-87.607276,35.436176],[-87.646485,35.442071],[-87.645896,35.472745],[-87.685809,35.472811],[-87.717559,35.483347],[-87.716609,35.491818]]]}},{"type":"Feature","properties":{"GEOID":"47133","NAME":"Overton","state":"TN","wildfire_risk_score":28.34,"wildfire_eal_total":11985.63,"risk_band":"Moderate","source":"FEMA National Risk Index v1.20 (December 2025)"},"geometry":{"type":"Polygon","coordinates":[[[-85.497587,36.375051],[-85.494906,36.409745],[-85.481736,36.454309],[-85.446372,36.49797],[-85.425242,36.504599],[-85.392619,36.504484],[-85.404473,36.494181],[-85.383184,36.488784],[-85.381661,36.494492],[-85.389937,36.505639],[-85.369145,36.512131],[-85.361599,36.519475],[-85.337916,36.527845],[-85.29919,36.522384],[-85.299614,36.52714],[-85.269219,36.540265],[-85.258417,36.533206],[-85.264603,36.532615],[-85.262078,36.529643],[-85.208637,36.507052],[-85.157738,36.466773],[-85.158427,36.460484],[-85.151653,36.461682],[-85.135101,36.406991],[-85.120445,36.407164],[-85.122245,36.304599],[-85.082497,36.196171],[-85.119583,36.144719],[-85.204156,36.152489],[-85.263077,36.176957],[-85.265953,36.181634],[-85.261652,36.180805],[-85.260308,36.185817],[-85.274077,36.181628],[-85.326746,36.2009],[-85.32369,36.203848],[-85.326706,36.217867],[-85.365625,36.220588],[-85.365182,36.226194],[-85.374189,36.223006],[-85.378569,36.227781],[-85.38583,36.225977],[-85.419398,36.236215],[-85.422656,36.245278],[-85.43585,36.247148],[-85.435652,36.262233],[-85.452888,36.26146],[-85.452647,36.26758],[-85.456823,36.267783],[-85.45365,36.27684],[-85.466011,36.279383],[-85.453907,36.28096],[-85.456049,36.288857],[-85.463475,36.293476],[-85.459248,36.298101],[-85.463206,36.302829],[-85.458963,36.304146],[-85.483473,36.303693],[-85.489993,36.299446],[-85.490759,36.303309],[-85.495124,36.302278],[-85.497587,36.375051]]]}},{"type":"Feature","properties":{"GEOID":"47109","NAME":"McNairy","state":"TN","wildfire_risk_score":26.527,"wildfire_eal_total":10339.59,"risk_band":"Moderate","source":"FEMA National Risk Index v1.20 (December 2025)"},"geometry":{"type":"Polygon","coordinates":[[[-88.786926,35.115697],[-88.781768,35.247587],[-88.719761,35.24755],[-88.716024,35.258114],[-88.707137,35.257875],[-88.699131,35.288442],[-88.679036,35.323426],[-88.674885,35.323415],[-88.672741,35.312454],[-88.660063,35.312475],[-88.653924,35.317571],[-88.653924,35.320635],[-88.665364,35.319193],[-88.663831,35.339419],[-88.641054,35.360926],[-88.571763,35.382084],[-88.565841,35.369504],[-88.557181,35.372994],[-88.566735,35.382275],[-88.521975,35.385097],[-88.521775,35.379323],[-88.509999,35.37897],[-88.507707,35.384912],[-88.487211,35.38523],[-88.383473,35.38094],[-88.383942,35.375077],[-88.370629,35.374818],[-88.371019,35.380721],[-88.362572,35.380994],[-88.365568,35.315715],[-88.372576,35.315748],[-88.374404,35.304102],[-88.374891,35.291129],[-88.367243,35.290985],[-88.380508,34.99561],[-88.786612,34.995252],[-88.786926,35.115697]]]}},{"type":"Feature","properties":{"GEOID":"47027","NAME":"Clay","state":"TN","wildfire_risk_score":4.071,"wildfire_eal_total":1029.76,"risk_band":"Low","source":"FEMA National Risk Index v1.20 (December 2025)"},"geometry":{"type":"Polygon","coordinates":[[[-85.812979,36.508635],[-85.796462,36.613541],[-85.788007,36.615297],[-85.7886129951215,36.6218452013294],[-85.488353,36.614994],[-85.276289,36.626511],[-85.281339,36.611652],[-85.276945,36.60729],[-85.27749,36.586137],[-85.267057,36.573238],[-85.281752,36.547722],[-85.284878,36.531293],[-85.299614,36.52714],[-85.29919,36.522384],[-85.337916,36.527845],[-85.361599,36.519475],[-85.369145,36.512131],[-85.389937,36.505639],[-85.381661,36.494492],[-85.383184,36.488784],[-85.404473,36.494181],[-85.392619,36.504484],[-85.425242,36.504599],[-85.446372,36.49797],[-85.481736,36.454309],[-85.495422,36.403074],[-85.509718,36.412749],[-85.525459,36.434632],[-85.560642,36.459856],[-85.564358,36.475229],[-85.57596,36.471617],[-85.667353,36.496032],[-85.696107,36.49597],[-85.704075,36.522395],[-85.736389,36.518933],[-85.715799,36.497517],[-85.75359,36.499051],[-85.767125,36.517197],[-85.813885,36.499473],[-85.812979,36.508635]]]}},{"type":"Feature","properties":{"GEOID":"47175","NAME":"Van Buren","state":"TN","wildfire_risk_score":36.291,"wildfire_eal_total":22628.13,"risk_band":"Moderate","source":"FEMA National Risk Index v1.20 (December 2025)"},"geometry":{"type":"Polygon","coordinates":[[[-85.614561,35.761595],[-85.60299,35.763547],[-85.605528,35.768196],[-85.601327,35.765509],[-85.607942,35.771395],[-85.601935,35.785526],[-85.611866,35.784432],[-85.600686,35.789832],[-85.602876,35.794996],[-85.59727,35.794253],[-85.601085,35.806515],[-85.590949,35.801241],[-85.58436,35.806817],[-85.571577,35.806576],[-85.553406,35.795908],[-85.547855,35.802389],[-85.519775,35.792077],[-85.527045,35.805858],[-85.518761,35.815169],[-85.498026,35.806458],[-85.497428,35.811422],[-85.474213,35.822656],[-85.467525,35.814703],[-85.464391,35.821783],[-85.44936,35.821559],[-85.439527,35.815866],[-85.431676,35.818818],[-85.362267,35.796774],[-85.265064,35.821973],[-85.277446,35.809461],[-85.276278,35.799243],[-85.268453,35.79697],[-85.274319,35.784433],[-85.268056,35.779556],[-85.256846,35.780818],[-85.259497,35.775945],[-85.253518,35.766927],[-85.258066,35.760244],[-85.265775,35.760476],[-85.259657,35.750291],[-85.270427,35.747175],[-85.264992,35.740813],[-85.270805,35.7286],[-85.265387,35.721237],[-85.423804,35.567422],[-85.45352,35.55813],[-85.459856,35.54685],[-85.495752,35.547618],[-85.529892,35.540332],[-85.543566,35.542718],[-85.546132,35.536285],[-85.556713,35.536495],[-85.557535,35.532977],[-85.594632,35.617898],[-85.60514,35.708529],[-85.592716,35.734102],[-85.59969,35.741989],[-85.59183,35.754268],[-85.601406,35.759878],[-85.610724,35.756262],[-85.614561,35.761595]]]}},{"type":"Feature","properties":{"GEOID":"47039","NAME":"Decatur","state":"TN","wildfire_risk_score":13.263,"wildfire_eal_total":3104.74,"risk_band":"Low","source":"FEMA National Risk Index v1.20 (December 2025)"},"geometry":{"type":"Polygon","coordinates":[[[-88.246854,35.447626],[-88.243071,35.528551],[-88.231181,35.54726],[-88.216759,35.548866],[-88.216484,35.55396],[-88.226459,35.554269],[-88.190465,35.609088],[-88.189537,35.624216],[-88.197868,35.624356],[-88.197864,35.630422],[-88.188973,35.631139],[-88.181356,35.777213],[-88.18526,35.779074],[-88.180703,35.785255],[-88.177859,35.845841],[-88.084223,35.842688],[-88.084519,35.837774],[-88.07498,35.845035],[-88.062006,35.845037],[-88.061464,35.850329],[-88.051772,35.849975],[-88.029504,35.839803],[-88.028195,35.811021],[-88.006927,35.816284],[-87.996287,35.811301],[-87.989875,35.816203],[-87.970738,35.815705],[-87.976552,35.787189],[-87.986272,35.766585],[-88.021579,35.737641],[-88.034819,35.715117],[-88.028409,35.693815],[-88.016641,35.677589],[-88.035213,35.616679],[-87.998443,35.553089],[-87.981321,35.535289],[-87.974353,35.514049],[-87.98584,35.485486],[-88.026787,35.472051],[-88.043503,35.449809],[-88.027488,35.425504],[-87.978042,35.416319],[-87.973414,35.409611],[-87.97486,35.40197],[-87.984553,35.392115],[-88.015342,35.387233],[-88.065809,35.41764],[-88.11675,35.385],[-88.141354,35.385443],[-88.165185,35.392278],[-88.196462,35.379561],[-88.198554,35.39285],[-88.209599,35.397852],[-88.210134,35.407322],[-88.247986,35.42352],[-88.246854,35.447626]]]}},{"type":"Feature","properties":{"GEOID":"47111","NAME":"Macon","state":"TN","wildfire_risk_score":12.023,"wildfire_eal_total":3112.79,"risk_band":"Low","source":"FEMA National Risk Index v1.20 (December 2025)"},"geometry":{"type":"Polygon","coordinates":[[[-86.228434,36.487472],[-86.222331,36.490982],[-86.216525,36.506975],[-86.214784,36.52491],[-86.225104,36.528776],[-86.2054686100012,36.6397833130926],[-85.7886129951215,36.6218452013294],[-85.788007,36.615297],[-85.796462,36.613541],[-85.828026,36.411836],[-85.895732,36.420446],[-85.898201,36.415528],[-85.904031,36.415785],[-86.168261,36.444293],[-86.190066,36.482725],[-86.228434,36.487472]]]}},{"type":"Feature","properties":{"GEOID":"47047","NAME":"Fayette","state":"TN","wildfire_risk_score":61.419,"wildfire_eal_total":77795.71,"risk_band":"High","source":"FEMA National Risk Index v1.20 (December 2025)"},"geometry":{"type":"Polygon","coordinates":[[[-89.643916,35.006373],[-89.635734,35.317561],[-89.632776,35.375824],[-89.628966,35.382599],[-89.618692,35.382953],[-89.616176,35.388662],[-89.598603,35.394564],[-89.568988,35.396879],[-89.544046,35.404748],[-89.183944,35.397126],[-89.198288,34.994484],[-89.6440499795058,34.9952920623604],[-89.643916,35.006373]]]}},{"type":"Feature","properties":{"GEOID":"47015","NAME":"Cannon","state":"TN","wildfire_risk_score":4.167,"wildfire_eal_total":1209.2,"risk_band":"Low","source":"FEMA National Risk Index v1.20 (December 2025)"},"geometry":{"type":"Polygon","coordinates":[[[-86.208123,35.715601],[-86.202978,35.727727],[-86.20792,35.732286],[-86.195462,35.741432],[-86.18709,35.763725],[-86.183484,35.763443],[-86.182807,35.768426],[-86.189891,35.771758],[-86.190429,35.787122],[-86.188591,35.795935],[-86.181208,35.794993],[-86.173099,35.874157],[-86.165667,35.877844],[-86.169145,35.877733],[-86.168634,35.884362],[-86.158565,35.880778],[-86.152904,35.909125],[-86.1456,35.908547],[-86.141766,35.914374],[-86.155319,35.932559],[-86.151545,35.958608],[-86.154505,35.963097],[-86.095732,35.960886],[-86.090502,35.974451],[-86.083421,35.964969],[-86.022675,35.964679],[-85.992132,35.948946],[-85.893909,35.855596],[-85.88921,35.857543],[-85.897178,35.846822],[-85.885768,35.84283],[-85.885595,35.830539],[-85.897859,35.830222],[-85.913867,35.822506],[-85.942133,35.786779],[-85.93475,35.781507],[-85.943119,35.781092],[-85.987838,35.734879],[-85.98963,35.711356],[-85.997732,35.709926],[-85.986835,35.703961],[-85.986974,35.69706],[-85.992775,35.694103],[-85.985062,35.660108],[-85.994211,35.660453],[-85.994462,35.653725],[-86.00817,35.657203],[-86.015261,35.649433],[-86.032238,35.65114],[-86.037896,35.643001],[-86.052669,35.648047],[-86.053246,35.643989],[-86.08889,35.646823],[-86.120263,35.660929],[-86.143394,35.661652],[-86.154196,35.673872],[-86.165858,35.676856],[-86.165826,35.681545],[-86.190408,35.692458],[-86.191852,35.701868],[-86.207147,35.70379],[-86.208123,35.715601]]]}},{"type":"Feature","properties":{"GEOID":"47083","NAME":"Houston","state":"TN","wildfire_risk_score":2.958,"wildfire_eal_total":994.41,"risk_band":"Low","source":"FEMA National Risk Index v1.20 (December 2025)"},"geometry":{"type":"Polygon","coordinates":[[[-87.98074,36.353307],[-87.944984,36.354128],[-87.892839,36.334712],[-87.821816,36.328724],[-87.756308,36.342958],[-87.715494,36.36824],[-87.592358,36.367663],[-87.586957,36.34178],[-87.513533,36.334713],[-87.523627,36.24889],[-87.531479,36.249701],[-87.530415,36.232375],[-87.566798,36.177857],[-87.578359,36.183077],[-87.576556,36.189325],[-87.586689,36.19278],[-87.585973,36.197699],[-87.662191,36.201227],[-87.707509,36.227205],[-87.758,36.241522],[-87.798508,36.244754],[-87.834641,36.232368],[-87.949603,36.24316],[-87.944295,36.264177],[-87.947649,36.285305],[-87.955844,36.312223],[-87.968652,36.327233],[-87.98074,36.353307]]]}},{"type":"Feature","properties":{"GEOID":"47069","NAME":"Hardeman","state":"TN","wildfire_risk_score":34.924,"wildfire_eal_total":12163.2,"risk_band":"Moderate","source":"FEMA National Risk Index v1.20 (December 2025)"},"geometry":{"type":"Polygon","coordinates":[[[-89.197672,35.011822],[-89.182551,35.432816],[-88.841607,35.427826],[-88.842036,35.384447],[-88.792777,35.329188],[-88.795408,35.323911],[-88.781768,35.247587],[-88.786612,34.995252],[-89.198288,34.994484],[-89.197672,35.011822]]]}},{"type":"Feature","properties":{"GEOID":"47139","NAME":"Polk","state":"TN","wildfire_risk_score":75.636,"wildfire_eal_total":186687.93,"risk_band":"High","source":"FEMA National Risk Index v1.20 (December 2025)"},"geometry":{"type":"Polygon","coordinates":[[[-84.77303,34.997826],[-84.735303,35.08135],[-84.747421,35.086011],[-84.699937,35.170974],[-84.703337,35.184774],[-84.697937,35.200473],[-84.702648,35.211129],[-84.697033,35.228397],[-84.713128,35.229115],[-84.715818,35.233683],[-84.694637,35.246673],[-84.685443,35.246584],[-84.68546,35.253581],[-84.676569,35.253712],[-84.667398,35.268041],[-84.51613,35.266472],[-84.495529,35.285472],[-84.356923,35.233676],[-84.360923,35.226676],[-84.344822,35.220376],[-84.352123,35.207276],[-84.348223,35.205725],[-84.344323,35.204276],[-84.340422,35.210877],[-84.332522,35.207776],[-84.325722,35.219377],[-84.292319677455,35.2066890084035],[-84.321869,34.988408],[-84.7758524571709,34.9877996152421],[-84.77303,34.997826]]]}},{"type":"Feature","properties":{"GEOID":"47137","NAME":"Pickett","state":"TN","wildfire_risk_score":12.055,"wildfire_eal_total":2902.59,"risk_band":"Low","source":"FEMA National Risk Index v1.20 (December 2025)"},"geometry":{"type":"Polygon","coordinates":[[[-85.285371,36.534722],[-85.267057,36.573238],[-85.27749,36.586137],[-85.276945,36.60729],[-85.281339,36.611652],[-85.276289,36.626511],[-85.195372,36.625498],[-85.024627,36.619354],[-84.7853995566039,36.6033748414415],[-84.731839,36.524674],[-84.784041,36.524973],[-84.81804,36.550073],[-84.862343,36.569871],[-84.899845,36.57827],[-84.943144,36.58127],[-84.999557,36.565565],[-85.010715,36.574078],[-85.012828,36.565541],[-85.019128,36.566244],[-85.022638,36.55919],[-85.030903,36.560166],[-85.038773,36.554137],[-85.043924,36.558791],[-85.052454,36.54788],[-85.047124,36.543915],[-85.04828,36.539138],[-85.044052,36.539535],[-85.051148,36.526044],[-85.064608,36.52766],[-85.088459,36.500065],[-85.102839,36.409939],[-85.128846,36.405614],[-85.135101,36.406991],[-85.136298,36.418699],[-85.146916,36.435771],[-85.150309,36.460068],[-85.158427,36.460484],[-85.157738,36.466773],[-85.185359,36.490359],[-85.218371,36.512835],[-85.265398,36.531521],[-85.258417,36.533206],[-85.269219,36.540265],[-85.284878,36.531293],[-85.285371,36.534722]]]}},{"type":"Feature","properties":{"GEOID":"47099","NAME":"Lawrence","state":"TN","wildfire_risk_score":14.09,"wildfire_eal_total":3721.55,"risk_band":"Low","source":"FEMA National Risk Index v1.20 (December 2025)"},"geometry":{"type":"Polygon","coordinates":[[[-87.611925,35.019006],[-87.607485,35.022343],[-87.605733,35.035865],[-87.578649,35.03487],[-87.58134,35.049214],[-87.57275,35.049051],[-87.588833,35.058431],[-87.590376,35.142756],[-87.583407,35.143109],[-87.583407,35.155522],[-87.576699,35.152135],[-87.572654,35.190451],[-87.578943,35.186953],[-87.575352,35.398454],[-87.516794,35.398188],[-87.515419,35.411786],[-87.509612,35.414679],[-87.478329,35.414719],[-87.478439,35.422658],[-87.44882,35.420622],[-87.448485,35.457844],[-87.325796,35.456415],[-87.326948,35.447699],[-87.227932,35.429332],[-87.226272,35.440408],[-87.206578,35.433207],[-87.214994,35.381302],[-87.215082,35.295769],[-87.232054,35.292704],[-87.232442,35.28767],[-87.2153,35.286625],[-87.219067,35.227549],[-87.21331,35.227563],[-87.213842,35.22157],[-87.219586,35.21867],[-87.217788,35.209654],[-87.209499,35.209142],[-87.210946,35.202923],[-87.219703,35.203636],[-87.216557,35.198642],[-87.220472,35.168874],[-87.197359,35.159439],[-87.198677,35.151672],[-87.204969,35.152342],[-87.208934,35.134172],[-87.200121,35.133027],[-87.202549,35.12165],[-87.213984,35.12331],[-87.216775,35.104559],[-87.211254,35.103938],[-87.212778,35.094978],[-87.218027,35.095254],[-87.224877,35.046503],[-87.224053220297,34.9993266591169],[-87.606178379167,35.0036420906069],[-87.611925,35.019006]]]}},{"type":"Feature","properties":{"GEOID":"47073","NAME":"Hawkins","state":"TN","wildfire_risk_score":50.732,"wildfire_eal_total":36566.58,"risk_band":"High","source":"FEMA National Risk Index v1.20 (December 2025)"},"geometry":{"type":"Polygon","coordinates":[[[-83.288896,36.378789],[-83.274095,36.384689],[-83.280595,36.394689],[-83.222794,36.41019],[-83.193894,36.42429],[-83.206937,36.441559],[-83.200094,36.44839],[-83.178824,36.451234],[-83.180373,36.455734],[-83.162193,36.46179],[-83.167194,36.47129],[-83.163194,36.47789],[-83.127464,36.502402],[-83.124431,36.512174],[-83.105992,36.51739],[-83.040489,36.551891],[-83.027189,36.551191],[-83.010789,36.563691],[-82.998308,36.559251],[-82.99016,36.561895],[-82.98388,36.544489],[-82.960772,36.555155],[-82.950519,36.543005],[-82.830433,36.593761],[-82.609176,36.594099],[-82.600569,36.578819],[-82.608774,36.571538],[-82.616756,36.578455],[-82.610175,36.5193],[-82.628569,36.51239],[-82.630903,36.500878],[-82.626776,36.4954],[-82.702279,36.455799],[-82.676177,36.4234],[-82.715579,36.4016],[-82.726879,36.4045],[-82.75608,36.3834],[-82.76708,36.381899],[-82.779718,36.388243],[-82.813281,36.363399],[-82.840822,36.370485],[-82.854581,36.360498],[-82.858082,36.364998],[-82.874282,36.353098],[-82.885082,36.353398],[-82.916082,36.328598],[-82.927882,36.333997],[-82.932982,36.330297],[-82.937183,36.334797],[-82.962383,36.315697],[-82.967583,36.316397],[-82.971715,36.306496],[-82.995783,36.285597],[-83.021483,36.269697],[-83.031705,36.276696],[-83.07348,36.242068],[-83.082312,36.242296],[-83.082883,36.246496],[-83.094685,36.250996],[-83.102586,36.261795],[-83.098985,36.269795],[-83.103533,36.278285],[-83.121459,36.284371],[-83.121076,36.288998],[-83.14579,36.307894],[-83.151789,36.320292],[-83.144888,36.319093],[-83.14549,36.323793],[-83.159889,36.332893],[-83.15429,36.342293],[-83.16259,36.345292],[-83.174291,36.338892],[-83.179017,36.340907],[-83.17791,36.329933],[-83.182491,36.336192],[-83.17469,36.317493],[-83.17689,36.312093],[-83.199891,36.322492],[-83.202391,36.320192],[-83.196591,36.310293],[-83.209991,36.305392],[-83.215591,36.293492],[-83.231792,36.296692],[-83.239892,36.293292],[-83.232107,36.287996],[-83.232291,36.282392],[-83.255292,36.289092],[-83.27369,36.319086],[-83.265635,36.327837],[-83.264894,36.35119],[-83.273295,36.37019],[-83.283095,36.37149],[-83.288896,36.378789]]]}},{"type":"Feature","properties":{"GEOID":"47171","NAME":"Unicoi","state":"TN","wildfire_risk_score":32.506,"wildfire_eal_total":14678.03,"risk_band":"Moderate","source":"FEMA National Risk Index v1.20 (December 2025)"},"geometry":{"type":"Polygon","coordinates":[[[-82.614362,36.003506],[-82.601763,36.024307],[-82.590763,36.031906],[-82.602877,36.039833],[-82.5772,36.078387],[-82.595065,36.096205],[-82.527605,36.148951],[-82.487564,36.155706],[-82.435862,36.154907],[-82.429262,36.164007],[-82.420661,36.163207],[-82.416061,36.168407],[-82.416662,36.179207],[-82.409262,36.187607],[-82.368638,36.212125],[-82.370522,36.217231],[-82.356297,36.230066],[-82.357661,36.241407],[-82.346641,36.250864],[-82.319588,36.260347],[-82.284691,36.251686],[-82.278857,36.243408],[-82.256356,36.233208],[-82.254955,36.224848],[-82.267955,36.210109],[-82.247455,36.206809],[-82.228953,36.19051],[-82.222052,36.156911],[-82.244461,36.132777],[-82.260353,36.13371],[-82.26875,36.12704],[-82.289455,36.13571],[-82.321448,36.119551],[-82.336756,36.114909],[-82.349957,36.117109],[-82.375558,36.105609],[-82.409458,36.083409],[-82.460658,36.007809],[-82.482292,35.997823],[-82.505384,35.97768],[-82.542463,35.967994],[-82.557874,35.953901],[-82.567503,35.955552],[-82.581003,35.965557],[-82.610889,35.967409],[-82.604239,35.987319],[-82.613028,35.994],[-82.614362,36.003506]]]}},{"type":"Feature","properties":{"GEOID":"47011","NAME":"Bradley","state":"TN","wildfire_risk_score":47.201,"wildfire_eal_total":44502.74,"risk_band":"High","source":"FEMA National Risk Index v1.20 (December 2025)"},"geometry":{"type":"Polygon","coordinates":[[[-85.026643,35.136171],[-85.024043,35.148829],[-85.012361,35.152342],[-85.007355,35.163422],[-85.004871,35.173326],[-85.01018,35.174665],[-85.003181,35.196143],[-84.990349,35.206572],[-84.962049,35.252872],[-84.965549,35.262371],[-84.960649,35.262571],[-84.951249,35.279071],[-84.94233,35.282242],[-84.946339,35.287717],[-84.940148,35.297671],[-84.927446,35.288869],[-84.884046,35.329172],[-84.873246,35.348971],[-84.880346,35.35127],[-84.877546,35.357871],[-84.837902,35.340042],[-84.824855,35.325693],[-84.805854,35.327696],[-84.802876,35.31809],[-84.782567,35.313536],[-84.752707,35.288595],[-84.72534,35.289471],[-84.723039,35.280572],[-84.726539,35.276273],[-84.752633,35.273985],[-84.740378,35.256468],[-84.730394,35.254713],[-84.713138,35.262273],[-84.697838,35.253173],[-84.712794,35.248569],[-84.703607,35.241043],[-84.715908,35.231785],[-84.697033,35.228397],[-84.702648,35.211129],[-84.697937,35.200473],[-84.703337,35.184774],[-84.699937,35.170974],[-84.747421,35.086011],[-84.735303,35.08135],[-84.748599,35.058776],[-84.7758524571709,34.9877996152421],[-84.9769733744412,34.9876687952914],[-84.961362,35.015877],[-84.994029,35.035035],[-85.001518,35.045736],[-84.994448,35.058874],[-85.002282,35.061913],[-84.995148,35.075174],[-85.009928,35.083793],[-85.010251,35.100841],[-85.026427,35.128079],[-85.026643,35.136171]]]}},{"type":"Feature","properties":{"GEOID":"47129","NAME":"Morgan","state":"TN","wildfire_risk_score":63.55,"wildfire_eal_total":100210.64,"risk_band":"High","source":"FEMA National Risk Index v1.20 (December 2025)"},"geometry":{"type":"Polygon","coordinates":[[[-84.914155,36.20829],[-84.895256,36.226024],[-84.89245,36.237955],[-84.88385,36.239533],[-84.882533,36.259312],[-84.876116,36.269723],[-84.878553,36.280204],[-84.870967,36.289234],[-84.856188,36.293629],[-84.842631,36.28705],[-84.821884,36.299507],[-84.815003,36.293392],[-84.79568,36.297689],[-84.791621,36.302043],[-84.794716,36.309544],[-84.788857,36.317798],[-84.782061,36.318982],[-84.786617,36.324877],[-84.776827,36.327838],[-84.773723,36.334812],[-84.760662,36.327815],[-84.755182,36.334702],[-84.750018,36.332156],[-84.74001,36.336551],[-84.745486,36.351083],[-84.726904,36.352837],[-84.73268,36.358745],[-84.732491,36.366261],[-84.723422,36.369779],[-84.724775,36.376233],[-84.709491,36.36849],[-84.700785,36.370824],[-84.611042,36.270377],[-84.593941,36.276677],[-84.587341,36.266677],[-84.573041,36.266577],[-84.568741,36.237077],[-84.573299,36.22977],[-84.56394,36.226177],[-84.55244,36.233777],[-84.471037,36.203778],[-84.468136,36.191678],[-84.458636,36.189378],[-84.459136,36.181578],[-84.441034,36.163478],[-84.440834,36.155978],[-84.449881,36.151046],[-84.449034,36.139577],[-84.430033,36.131877],[-84.420432,36.108377],[-84.396431,36.105077],[-84.37903,36.095377],[-84.341812,36.048977],[-84.361628,36.043377],[-84.382628,36.024277],[-84.446054,35.985984],[-84.49408,35.98428],[-84.541719,35.970425],[-84.554021,35.964521],[-84.55499,35.950359],[-84.580722,35.951578],[-84.596458,35.946712],[-84.60346,35.954125],[-84.606036,35.944592],[-84.615638,35.940672],[-84.620887,35.932199],[-84.651132,35.928597],[-84.661781,35.915827],[-84.672896,35.91667],[-84.680633,35.908454],[-84.720727,35.994914],[-84.791936,36.059371],[-84.80546,36.090501],[-84.811309,36.087077],[-84.815467,36.094705],[-84.824643,36.09464],[-84.832377,36.08401],[-84.870888,36.136925],[-84.905735,36.153537],[-84.904974,36.166986],[-84.899971,36.172429],[-84.904151,36.18377],[-84.910459,36.186363],[-84.908635,36.196154],[-84.914155,36.20829]]]}},{"type":"Feature","properties":{"GEOID":"47051","NAME":"Franklin","state":"TN","wildfire_risk_score":17.271,"wildfire_eal_total":6125.74,"risk_band":"Low","source":"FEMA National Risk Index v1.20 (December 2025)"},"geometry":{"type":"Polygon","coordinates":[[[-86.330797,35.148543],[-86.316935,35.146484],[-86.319973,35.161316],[-86.316937,35.168633],[-86.300989,35.173183],[-86.3108,35.18106],[-86.305906,35.186385],[-86.311832,35.195513],[-86.30179,35.198782],[-86.30189,35.206582],[-86.293717,35.207287],[-86.294638,35.216379],[-86.314681,35.215299],[-86.316224,35.219745],[-86.297492,35.222187],[-86.299283,35.230832],[-86.306076,35.231178],[-86.301597,35.235241],[-86.295827,35.231677],[-86.297904,35.235595],[-86.281191,35.241761],[-86.27859,35.253081],[-86.28719,35.259681],[-86.27719,35.262981],[-86.28369,35.263981],[-86.28389,35.267981],[-86.27919,35.272481],[-86.26809,35.271581],[-86.26749,35.276681],[-86.276343,35.278304],[-86.27341,35.286137],[-86.267165,35.28571],[-86.266245,35.297663],[-86.255762,35.295829],[-86.251885,35.315151],[-86.244723,35.314877],[-86.245519,35.324139],[-86.261684,35.330107],[-86.26049,35.337479],[-86.250775,35.336861],[-86.250174,35.344644],[-86.23269,35.341179],[-86.22749,35.347479],[-86.214729,35.348124],[-86.207591,35.337847],[-86.197589,35.333479],[-86.18929,35.338976],[-86.194063,35.344484],[-86.171988,35.357579],[-86.172287,35.352648],[-86.159489,35.34918],[-86.158018,35.362607],[-86.02704,35.343837],[-86.033482,35.335157],[-86.02369,35.334348],[-86.001882,35.31468],[-85.990268,35.313107],[-85.979602,35.318129],[-85.9777,35.313069],[-85.967421,35.310088],[-85.962006,35.314505],[-85.959013,35.301426],[-85.956412,35.308251],[-85.946767,35.307951],[-85.943049,35.304829],[-85.948719,35.299167],[-85.934194,35.299788],[-85.927427,35.290445],[-85.913593,35.289189],[-85.872224,35.221155],[-85.866363,35.22109],[-85.864604,35.059626],[-85.872943,35.060234],[-85.8730178417657,34.9884342235787],[-86.3187611440952,34.9911469680432],[-86.318168,35.126986],[-86.312615,35.134321],[-86.330205,35.143722],[-86.330797,35.148543]]]}},{"type":"Feature","properties":{"GEOID":"47089","NAME":"Jefferson","state":"TN","wildfire_risk_score":42.907,"wildfire_eal_total":26946.39,"risk_band":"Moderate","source":"FEMA National Risk Index v1.20 (December 2025)"},"geometry":{"type":"Polygon","coordinates":[[[-83.710114,36.091497],[-83.695149,36.095745],[-83.674736,36.081819],[-83.66206,36.082239],[-83.660048,36.091278],[-83.675567,36.117112],[-83.674237,36.125008],[-83.667179,36.12666],[-83.663307,36.121114],[-83.659496,36.126208],[-83.651638,36.125271],[-83.647904,36.11392],[-83.654559,36.105672],[-83.65158,36.099978],[-83.641323,36.09707],[-83.631073,36.100236],[-83.627722,36.122976],[-83.638938,36.128592],[-83.637201,36.144385],[-83.6277,36.138485],[-83.617618,36.143],[-83.607259,36.130407],[-83.612796,36.139906],[-83.600781,36.139752],[-83.597766,36.164182],[-83.589567,36.16563],[-83.589855,36.156865],[-83.58421,36.154135],[-83.58047,36.157295],[-83.58224,36.167591],[-83.564399,36.166486],[-83.5619,36.173486],[-83.5678,36.187886],[-83.563013,36.191976],[-83.5586,36.179786],[-83.536999,36.180787],[-83.535116,36.168024],[-83.528262,36.162559],[-83.518896,36.178186],[-83.492897,36.166088],[-83.467097,36.174688],[-83.458695,36.155289],[-83.393894,36.155191],[-83.386393,36.142391],[-83.384493,36.147091],[-83.378692,36.146891],[-83.388293,36.15359],[-83.372994,36.153792],[-83.293689,36.138193],[-83.259101,36.120629],[-83.241986,36.101294],[-83.234585,36.085094],[-83.242386,36.089294],[-83.253886,36.082194],[-83.239685,36.054895],[-83.243884,36.047395],[-83.256686,36.044321],[-83.261385,36.033894],[-83.257684,36.024095],[-83.260131,35.998403],[-83.268792,35.998794],[-83.276677,36.007652],[-83.283635,35.96801],[-83.290468,35.966209],[-83.284242,35.964544],[-83.293739,35.910081],[-83.297853,35.901516],[-83.310782,35.895846],[-83.322709,35.907415],[-83.353374,35.919628],[-83.371442,35.914196],[-83.39075,35.914779],[-83.389133,35.92822],[-83.394843,35.933085],[-83.404607,35.928568],[-83.416141,35.933272],[-83.435405,35.923727],[-83.444352,35.928915],[-83.447538,35.9228],[-83.450641,35.929722],[-83.457279,35.922385],[-83.462423,35.929926],[-83.470863,35.923082],[-83.474901,35.922893],[-83.477139,35.930126],[-83.490299,35.928044],[-83.487506,35.9348],[-83.507995,35.939025],[-83.518197,35.950923],[-83.516325,35.955646],[-83.521515,35.962958],[-83.607494,36.015685],[-83.613696,36.013586],[-83.655597,36.043119],[-83.65636,36.034589],[-83.674454,36.038699],[-83.671169,36.053105],[-83.694599,36.058249],[-83.692005,36.062418],[-83.710114,36.091497]]]}},{"type":"Feature","properties":{"GEOID":"47177","NAME":"Warren","state":"TN","wildfire_risk_score":23.601,"wildfire_eal_total":7669.51,"risk_band":"Moderate","source":"FEMA National Risk Index v1.20 (December 2025)"},"geometry":{"type":"Polygon","coordinates":[[[-85.997426,35.711955],[-85.98963,35.711356],[-85.987838,35.734879],[-85.943119,35.781092],[-85.93475,35.781507],[-85.942133,35.786779],[-85.913867,35.822506],[-85.897859,35.830222],[-85.885595,35.830539],[-85.885156,35.839658],[-85.873387,35.840425],[-85.875877,35.845776],[-85.846224,35.845475],[-85.842943,35.840419],[-85.842082,35.846912],[-85.813624,35.845816],[-85.811546,35.850179],[-85.791923,35.852162],[-85.787534,35.843036],[-85.77421,35.842548],[-85.776027,35.845536],[-85.767718,35.848737],[-85.751467,35.84524],[-85.751785,35.850027],[-85.747257,35.849369],[-85.682095,35.831254],[-85.682602,35.827246],[-85.671427,35.820708],[-85.641655,35.816717],[-85.622195,35.80181],[-85.608493,35.804237],[-85.600115,35.790805],[-85.611866,35.784432],[-85.601935,35.785526],[-85.607942,35.771395],[-85.602147,35.768876],[-85.601327,35.765509],[-85.605528,35.768196],[-85.60299,35.763547],[-85.61502,35.760153],[-85.610724,35.756262],[-85.601406,35.759878],[-85.59183,35.754268],[-85.59969,35.741989],[-85.592716,35.734102],[-85.60514,35.708529],[-85.594632,35.617898],[-85.557535,35.532977],[-85.753574,35.524164],[-85.81736,35.51347],[-85.815308,35.505792],[-85.820334,35.504573],[-85.832925,35.515303],[-85.86638,35.521019],[-85.874019,35.528956],[-85.876962,35.524095],[-85.884734,35.533218],[-85.880025,35.535405],[-85.882493,35.53902],[-85.90455,35.541299],[-85.904098,35.551413],[-85.917607,35.552754],[-85.934405,35.563019],[-85.938362,35.572311],[-85.948192,35.573422],[-85.945524,35.584767],[-85.955972,35.586206],[-85.954374,35.594207],[-85.94693,35.596389],[-85.951475,35.599435],[-85.950184,35.609874],[-85.957347,35.614401],[-85.956333,35.619561],[-85.969357,35.625732],[-85.971368,35.632041],[-85.967962,35.631677],[-85.978125,35.650797],[-85.990368,35.650625],[-85.984021,35.655202],[-85.992775,35.694103],[-85.986974,35.69706],[-85.986835,35.703961],[-85.997426,35.711955]]]}},{"type":"Feature","properties":{"GEOID":"47169","NAME":"Trousdale","state":"TN","wildfire_risk_score":3.149,"wildfire_eal_total":1524.1,"risk_band":"Low","source":"FEMA National Risk Index v1.20 (December 2025)"},"geometry":{"type":"Polygon","coordinates":[[[-86.28526,36.35359],[-86.28182,36.361298],[-86.272496,36.359036],[-86.268788,36.452897],[-86.23722,36.45192],[-86.233488,36.481278],[-86.239272,36.481986],[-86.239992,36.486384],[-86.234198,36.489159],[-86.190066,36.482725],[-86.168261,36.444293],[-85.990209,36.42763],[-85.978893,36.426073],[-85.978859,36.422093],[-85.971063,36.419439],[-85.977024,36.414199],[-85.982708,36.395903],[-86.036052,36.38198],[-86.081183,36.355126],[-86.110712,36.323482],[-86.126152,36.294086],[-86.136803,36.295859],[-86.175916,36.328836],[-86.184277,36.319287],[-86.189251,36.320088],[-86.204069,36.332321],[-86.20656,36.342659],[-86.226996,36.342692],[-86.226251,36.348957],[-86.230096,36.349172],[-86.245715,36.334643],[-86.24999,36.304979],[-86.263446,36.299448],[-86.27347,36.309364],[-86.264643,36.328292],[-86.267291,36.341395],[-86.272764,36.347579],[-86.283256,36.3475],[-86.28526,36.35359]]]}}]}