{"type":"FeatureCollection","metadata":{"state":"TX","boundary_source":"U.S. Census Bureau 2024 Cartographic Boundary File (counties, 1:500,000)","risk_source":"FEMA National Risk Index v1.20 (December 2025)"},"features":[{"type":"Feature","properties":{"GEOID":"48287","NAME":"Lee","state":"TX","wildfire_risk_score":46.469,"wildfire_eal_total":35126.11,"risk_band":"Low","source":"FEMA National Risk Index v1.20 (December 2025)"},"geometry":{"type":"Polygon","coordinates":[[[-97.306478,30.411174],[-97.155219,30.457344],[-96.96363,30.557198],[-96.961686,30.551819],[-96.945276,30.543244],[-96.939299,30.546526],[-96.918902,30.539212],[-96.907971,30.517365],[-96.904236,30.518843],[-96.906422,30.514286],[-96.902231,30.514197],[-96.908699,30.501943],[-96.901635,30.499585],[-96.895906,30.489158],[-96.905793,30.470099],[-96.899843,30.460277],[-96.883956,30.461926],[-96.874822,30.457466],[-96.877111,30.447693],[-96.870678,30.435503],[-96.846242,30.431387],[-96.839457,30.420887],[-96.834553,30.422818],[-96.819117,30.407023],[-96.809825,30.404439],[-96.808258,30.396543],[-96.787616,30.388948],[-96.789697,30.383489],[-96.769858,30.364743],[-96.760692,30.340538],[-96.752865,30.338021],[-96.754414,30.329225],[-96.746485,30.326347],[-96.743672,30.319757],[-96.730407,30.32424],[-96.72194,30.31889],[-96.694682,30.320191],[-96.682428,30.309224],[-96.673497,30.307615],[-96.663716,30.295549],[-96.651327,30.300477],[-96.640883,30.296786],[-96.657895,30.287777],[-96.661499,30.278745],[-96.684373,30.257713],[-96.687104,30.248069],[-96.696564,30.250071],[-96.706626,30.244627],[-96.715024,30.250871],[-96.73191,30.243752],[-96.742535,30.226937],[-96.739057,30.222612],[-96.743987,30.21731],[-96.741508,30.19743],[-96.794552,30.160545],[-96.845857,30.116027],[-97.019163,30.032],[-97.081834,30.259357],[-97.198914,30.337448],[-97.334463,30.402843],[-97.306478,30.411174]]]}},{"type":"Feature","properties":{"GEOID":"48037","NAME":"Bowie","state":"TX","wildfire_risk_score":74.237,"wildfire_eal_total":203304.02,"risk_band":"Moderate","source":"FEMA National Risk Index v1.20 (December 2025)"},"geometry":{"type":"Polygon","coordinates":[[[-94.74663,33.441922],[-94.746096,33.7027682201853],[-94.735856,33.691625],[-94.720742,33.689056],[-94.716594,33.695164],[-94.717788,33.701846],[-94.731306,33.707081],[-94.732309,33.715987],[-94.701729,33.703413],[-94.702187,33.697452],[-94.713935,33.696835],[-94.716188,33.687902],[-94.684792,33.684353],[-94.667852,33.694607],[-94.650961,33.686558],[-94.647389,33.70112],[-94.639003,33.697681],[-94.648902,33.684024],[-94.645535,33.673531],[-94.668848,33.671878],[-94.669311,33.664362],[-94.663195,33.661084],[-94.637996,33.664578],[-94.628191,33.681073],[-94.622379,33.682428],[-94.607683,33.665569],[-94.59797,33.663381],[-94.591435,33.668914],[-94.59314,33.683236],[-94.587072,33.68582],[-94.580292,33.678819],[-94.579864,33.666167],[-94.560339,33.666591],[-94.59083,33.645563],[-94.583273,33.643793],[-94.560198,33.656967],[-94.546366,33.659161],[-94.542593,33.651411],[-94.545436,33.646228],[-94.568386,33.637203],[-94.569523,33.627832],[-94.555747,33.62709],[-94.534818,33.639277],[-94.521837,33.640728],[-94.518932,33.637164],[-94.535065,33.625115],[-94.527376,33.615833],[-94.519838,33.618077],[-94.51726,33.632729],[-94.511514,33.623105],[-94.504615,33.620682],[-94.487514,33.628939],[-94.491109,33.636233],[-94.466075,33.636262],[-94.459198,33.645146],[-94.448637,33.642766],[-94.448451,33.634497],[-94.462736,33.63091],[-94.460286,33.624421],[-94.452711,33.622621],[-94.452961,33.616986],[-94.471974,33.602665],[-94.451622,33.591361],[-94.430039,33.591124],[-94.412175,33.568691],[-94.403342,33.568424],[-94.382887,33.583268],[-94.378076,33.577019],[-94.380091,33.568943],[-94.397688,33.564903],[-94.401616,33.559378],[-94.386086,33.544923],[-94.355945,33.54318],[-94.347383,33.551078],[-94.352433,33.562172],[-94.344023,33.567824],[-94.33494,33.563592],[-94.33059,33.552692],[-94.319492,33.548864],[-94.309582,33.551673],[-94.301023,33.573022],[-94.287025,33.58241],[-94.280605,33.574908],[-94.290372,33.567905],[-94.290901,33.558872],[-94.275601,33.557964],[-94.257801,33.582508],[-94.242777,33.589709],[-94.236972,33.587411],[-94.236836,33.580914],[-94.252283,33.560445],[-94.231844,33.552088],[-94.219221,33.556096],[-94.208078,33.566911],[-94.203594,33.566546],[-94.199486,33.556085],[-94.191333,33.557666],[-94.194399,33.573678],[-94.211329,33.573774],[-94.217198,33.580737],[-94.196536,33.581719],[-94.183913,33.594682],[-94.162266,33.588906],[-94.156782,33.575749],[-94.14216,33.58139],[-94.151456,33.568387],[-94.145239,33.564987],[-94.135142,33.571033],[-94.128658,33.550952],[-94.122879,33.553112],[-94.119902,33.566999],[-94.088943,33.575322],[-94.071353,33.57484],[-94.066846,33.568909],[-94.056598,33.567825],[-94.055663,33.561887],[-94.07172,33.559682],[-94.072156,33.553864],[-94.061896,33.549764],[-94.04345,33.552253],[-94.0429900210002,33.2712431650494],[-94.055563,33.286355],[-94.051046,33.287965],[-94.059363,33.294137],[-94.054052,33.294023],[-94.056144,33.298036],[-94.071418,33.300385],[-94.0671,33.294694],[-94.072928,33.295899],[-94.07331,33.292046],[-94.080848,33.299264],[-94.083732,33.293084],[-94.088982,33.296128],[-94.082619,33.304558],[-94.090752,33.305267],[-94.092903,33.298364],[-94.099525,33.305748],[-94.10038,33.297891],[-94.11007,33.309424],[-94.109413,33.302269],[-94.115914,33.305145],[-94.113472,33.294564],[-94.116815,33.300452],[-94.124612,33.29818],[-94.120492,33.292465],[-94.130474,33.292608],[-94.14035,33.294376],[-94.163721,33.312012],[-94.172908,33.301475],[-94.186946,33.305495],[-94.185573,33.302422],[-94.193446,33.301422],[-94.190883,33.298042],[-94.199031,33.301079],[-94.218517,33.296936],[-94.215756,33.284805],[-94.220745,33.287415],[-94.223293,33.27758],[-94.238644,33.275978],[-94.232739,33.269913],[-94.239163,33.25827],[-94.234768,33.258536],[-94.233196,33.257225],[-94.237652,33.256957],[-94.229775,33.248227],[-94.234527,33.246662],[-94.229621,33.243777],[-94.231743,33.240857],[-94.253971,33.242956],[-94.259313,33.237046],[-94.259356,33.242303],[-94.265066,33.240378],[-94.264355,33.245347],[-94.270033,33.247284],[-94.272819,33.243589],[-94.276172,33.248544],[-94.278001,33.24439],[-94.277825,33.249229],[-94.290516,33.248883],[-94.297685,33.255631],[-94.298929,33.250825],[-94.312033,33.248793],[-94.325624,33.256712],[-94.344673,33.252723],[-94.353237,33.261293],[-94.358547,33.258986],[-94.360901,33.264918],[-94.36242,33.260353],[-94.366349,33.262866],[-94.368673,33.258011],[-94.372794,33.260177],[-94.379409,33.255651],[-94.400259,33.265326],[-94.397753,33.270606],[-94.411294,33.27084],[-94.415739,33.284017],[-94.433612,33.28266],[-94.434291,33.287509],[-94.436295,33.281858],[-94.444228,33.281247],[-94.458957,33.285623],[-94.459082,33.289118],[-94.463592,33.287276],[-94.468442,33.294313],[-94.472247,33.288541],[-94.479896,33.289931],[-94.482279,33.284157],[-94.48523,33.287939],[-94.486661,33.280296],[-94.496671,33.284985],[-94.496457,33.281563],[-94.51495,33.282738],[-94.514516,33.279027],[-94.517868,33.282096],[-94.518499,33.274241],[-94.522616,33.276578],[-94.529954,33.26735],[-94.539415,33.269619],[-94.540016,33.264649],[-94.554221,33.269092],[-94.559347,33.261054],[-94.568972,33.264328],[-94.573306,33.257022],[-94.56968,33.253884],[-94.572463,33.249826],[-94.579438,33.251066],[-94.578406,33.247717],[-94.593043,33.255118],[-94.590455,33.259424],[-94.605121,33.256603],[-94.609508,33.253601],[-94.605012,33.249176],[-94.608009,33.247479],[-94.618461,33.246828],[-94.649101,33.25871],[-94.652448,33.275709],[-94.659428,33.275388],[-94.660463,33.282444],[-94.675134,33.286248],[-94.672352,33.28973],[-94.676769,33.29486],[-94.678542,33.290624],[-94.687214,33.293464],[-94.692262,33.312405],[-94.696408,33.307411],[-94.702792,33.315815],[-94.710783,33.308531],[-94.714793,33.311897],[-94.717656,33.307156],[-94.726221,33.30729],[-94.732097,33.317359],[-94.73754,33.316708],[-94.736892,33.324119],[-94.746925,33.328938],[-94.74663,33.441922]]]}},{"type":"Feature","properties":{"GEOID":"48273","NAME":"Kleberg","state":"TX","wildfire_risk_score":66.603,"wildfire_eal_total":89503.2,"risk_band":"Low","source":"FEMA National Risk Index v1.20 (December 2025)"},"geometry":{"type":"MultiPolygon","coordinates":[[[[-97.317802,27.494562],[-97.313881,27.50542],[-97.311266,27.507001],[-97.313999,27.497514],[-97.317802,27.494562]]],[[[-97.318872,27.480225],[-97.313524,27.490451],[-97.304492,27.495511],[-97.316733,27.477905],[-97.318872,27.480225]]],[[[-97.370971,27.298776],[-97.355997,27.308703],[-97.366336,27.330559],[-97.361821,27.35906],[-97.33627,27.402748],[-97.330447,27.4345],[-97.319632,27.458757],[-97.297837,27.492349],[-97.304254,27.507317],[-97.281318,27.552737],[-97.2681595636956,27.5759713728181],[-97.242122,27.582924],[-97.2226506131795,27.5764948600858],[-97.275067,27.475417],[-97.303642,27.409136],[-97.3475797525063,27.2779639491206],[-97.370852,27.27871],[-97.370971,27.298776]]],[[[-97.405642,27.294747],[-97.402077,27.310481],[-97.400532,27.310903],[-97.404335,27.290205],[-97.405642,27.294747]]],[[[-97.406593,27.315655],[-97.402909,27.323151],[-97.400651,27.325474],[-97.403859,27.314916],[-97.406593,27.315655]]],[[[-98.0598,27.635869],[-97.932377,27.635929],[-97.920991,27.62291],[-97.88859,27.620249],[-97.876773,27.608628],[-97.873867,27.587858],[-97.839945,27.565027],[-97.840678,27.558358],[-97.3246374442316,27.5610768378161],[-97.344727,27.513017],[-97.350543,27.478578],[-97.367552,27.443332],[-97.369396,27.410433],[-97.401942,27.335574],[-97.414436,27.321568],[-97.434758,27.313691],[-97.450798,27.313691],[-97.482859,27.297915],[-97.508304,27.275014],[-97.544437,27.284175],[-97.546981,27.290791],[-97.533989,27.287037],[-97.525908,27.290628],[-97.517465,27.30504],[-97.500595,27.306574],[-97.496673,27.316605],[-97.502706,27.322343],[-97.501189,27.328219],[-97.481462,27.340465],[-97.48776,27.352288],[-97.478847,27.37213],[-97.485027,27.376457],[-97.486928,27.387115],[-97.493583,27.390597],[-97.498693,27.382367],[-97.497862,27.372236],[-97.509627,27.36812],[-97.533734,27.340039],[-97.577009,27.31386],[-97.613017,27.285241],[-97.636904,27.300977],[-97.629655,27.309003],[-97.634765,27.312704],[-97.63322,27.32463],[-97.651403,27.32463],[-97.658418,27.329696],[-97.668159,27.345744],[-97.661266,27.360099],[-97.675884,27.365481],[-97.683846,27.37899],[-97.708802,27.385638],[-97.711655,27.376774],[-97.696681,27.356721],[-97.68444,27.319878],[-97.676121,27.316816],[-97.675052,27.310903],[-97.654877,27.305103],[-97.66368,27.286419],[-97.687135,27.282478],[-97.700438,27.275218],[-97.711524,27.277603],[-97.725294,27.269306],[-97.754614,27.282349],[-97.765155,27.27917],[-97.784181,27.283811],[-97.793932,27.280443],[-97.797626,27.271386],[-97.815616,27.271632],[-97.816619,27.253893],[-97.84134,27.243955],[-97.855397,27.252424],[-97.855816,27.244297],[-97.877732,27.241732],[-97.884827,27.235764],[-97.89738,27.242363],[-97.916504,27.237835],[-97.919393,27.243162],[-97.92238,27.237089],[-97.951812,27.233408],[-97.959325,27.212931],[-97.985887,27.209308],[-97.986076,27.260494],[-98.058078,27.260981],[-98.0598,27.635869]]]]}},{"type":"Feature","properties":{"GEOID":"48229","NAME":"Hudspeth","state":"TX","wildfire_risk_score":25.477,"wildfire_eal_total":8377.99,"risk_band":"Low","source":"FEMA National Risk Index v1.20 (December 2025)"},"geometry":{"type":"Polygon","coordinates":[[[-105.998003,32.002328],[-104.918359749142,32.000415489556],[-104.907389,30.941016],[-104.907592,30.835919],[-104.916396,30.835979],[-104.917163,30.663626],[-104.97995674349,30.6292311244086],[-104.986248,30.662881],[-105.00124,30.672583],[-105.006222,30.685599],[-105.017934,30.685168],[-105.027233,30.678882],[-105.039739,30.688692],[-105.04699,30.688387],[-105.045493,30.679894],[-105.055547,30.682408],[-105.056698,30.687864],[-105.061577,30.685743],[-105.062634,30.698582],[-105.068151,30.703645],[-105.08101,30.699931],[-105.080443,30.708077],[-105.105443,30.723678],[-105.103297,30.728811],[-105.111825,30.733261],[-105.110682,30.743366],[-105.120532,30.744056],[-105.118295,30.749726],[-105.127234,30.747772],[-105.143771,30.755205],[-105.161127,30.752059],[-105.15612,30.769583],[-105.166664,30.776583],[-105.176833,30.768147],[-105.195144,30.792138],[-105.211433,30.781797],[-105.218567,30.785244],[-105.2184,30.791741],[-105.20959,30.797807],[-105.215017,30.805893],[-105.227891,30.799199],[-105.230019,30.803827],[-105.238298,30.803595],[-105.257941,30.794708],[-105.266725,30.808375],[-105.275558,30.806936],[-105.292225,30.826311],[-105.300171,30.824652],[-105.306541,30.809708],[-105.310184,30.816519],[-105.31702,30.810987],[-105.318897,30.828718],[-105.328866,30.824828],[-105.328333,30.831486],[-105.337192,30.833481],[-105.339293,30.840475],[-105.351837,30.835562],[-105.361592,30.850545],[-105.371893,30.847575],[-105.38784,30.853638],[-105.395364,30.849069],[-105.401668,30.854563],[-105.395216,30.859289],[-105.391299,30.873853],[-105.404158,30.879684],[-105.399866,30.889074],[-105.412273,30.888702],[-105.413802,30.899567],[-105.440918,30.908362],[-105.447127,30.919594],[-105.453152,30.916206],[-105.451604,30.924827],[-105.466534,30.924197],[-105.470886,30.933763],[-105.498992,30.950725],[-105.494128,30.957322],[-105.501968,30.967737],[-105.515718,30.964857],[-105.533088,30.984859],[-105.55743,30.990229],[-105.570096,31.008203],[-105.570532,31.018007],[-105.578151,31.020224],[-105.581404,31.026847],[-105.585323,31.057488],[-105.595921,31.064842],[-105.604467,31.083744],[-105.627349,31.098545],[-105.64189,31.098322],[-105.648834,31.115902],[-105.709491,31.136375],[-105.71954,31.149161],[-105.741564,31.164377],[-105.773257,31.166897],[-105.782895,31.197563],[-105.794386,31.20224],[-105.869163,31.288815],[-105.894595,31.29101],[-105.907952,31.312562],[-105.932553,31.313121],[-105.947815,31.33987],[-105.945491,31.352082],[-105.953786,31.364749],[-105.970101,31.365937],[-105.997132001253,31.387246427542],[-105.954328,31.423468],[-105.958548,31.423461],[-105.959262,31.478417],[-105.993255,31.478392],[-105.998003,32.002328]]]}},{"type":"Feature","properties":{"GEOID":"48419","NAME":"Shelby","state":"TX","wildfire_risk_score":70.547,"wildfire_eal_total":124980.38,"risk_band":"Moderate","source":"FEMA National Risk Index v1.20 (December 2025)"},"geometry":{"type":"Polygon","coordinates":[[[-94.511431,31.973984],[-94.0154203807042,31.9801588291318],[-93.981587,31.940073],[-93.973942,31.921668],[-93.961781,31.923994],[-93.953546,31.910563],[-93.929203,31.911757],[-93.923256,31.907793],[-93.932227,31.893511],[-93.922124,31.885707],[-93.915949,31.892861],[-93.897412,31.894436],[-93.902458,31.875275],[-93.892964,31.876319],[-93.880783,31.864753],[-93.888977,31.855719],[-93.883499,31.855057],[-93.883499,31.847039],[-93.873124,31.836664],[-93.877133,31.832184],[-93.873253,31.814886],[-93.861384,31.812297],[-93.851481,31.80015],[-93.839343,31.80033],[-93.834649,31.783309],[-93.822598,31.773559],[-93.836103,31.748521],[-93.813466,31.725884],[-93.816291,31.707497],[-93.794548,31.702076],[-93.813938,31.675894],[-93.812759,31.669763],[-93.822051,31.673967],[-93.826462,31.666919],[-93.815955,31.632279],[-93.820594,31.629714],[-93.816838,31.622509],[-93.82717,31.620276],[-93.818717,31.614556],[-93.830444,31.613595],[-93.838057,31.606795],[-93.836333,31.585675],[-93.851646,31.594123],[-93.876261,31.596814],[-93.899218,31.61171],[-93.920821,31.599149],[-93.926142,31.590666],[-93.940492,31.59026],[-93.969652,31.572371],[-93.984461,31.569419],[-94.090812,31.620618],[-94.399091,31.653596],[-94.403408,31.658313],[-94.398367,31.661254],[-94.406736,31.665171],[-94.403798,31.682107],[-94.409757,31.690598],[-94.407029,31.695403],[-94.416809,31.705913],[-94.41249,31.746361],[-94.422312,31.761013],[-94.420182,31.764635],[-94.432401,31.775157],[-94.427292,31.777267],[-94.42412,31.800154],[-94.433945,31.824547],[-94.463759,31.856474],[-94.459588,31.863782],[-94.461974,31.871386],[-94.477518,31.886245],[-94.480709,31.902113],[-94.511315,31.924129],[-94.511431,31.973984]]]}},{"type":"Feature","properties":{"GEOID":"48301","NAME":"Loving","state":"TX","wildfire_risk_score":5.025,"wildfire_eal_total":1764.67,"risk_band":"Low","source":"FEMA National Risk Index v1.20 (December 2025)"},"geometry":{"type":"Polygon","coordinates":[[[-103.983936,31.994113],[-103.980179,32.000125],[-103.326501,32.00037],[-103.327538,31.65142],[-103.611939,31.65422],[-103.615997,31.650681],[-103.621392,31.659277],[-103.619158,31.664295],[-103.629478,31.670534],[-103.634625,31.680465],[-103.635639,31.690287],[-103.620827,31.689075],[-103.627801,31.706521],[-103.669083,31.715267],[-103.691717,31.747783],[-103.723711,31.745537],[-103.720803,31.741589],[-103.724012,31.739249],[-103.745228,31.738866],[-103.746551,31.744054],[-103.751062,31.740512],[-103.758314,31.744805],[-103.756698,31.751215],[-103.762161,31.74865],[-103.766148,31.760817],[-103.770068,31.757516],[-103.770326,31.76232],[-103.782174,31.764828],[-103.777957,31.768544],[-103.783144,31.774724],[-103.789236,31.772134],[-103.791323,31.775536],[-103.797232,31.770187],[-103.809458,31.794317],[-103.808403,31.826809],[-103.821299,31.837267],[-103.813073,31.846324],[-103.812736,31.853344],[-103.828676,31.862549],[-103.829718,31.888352],[-103.838539,31.889718],[-103.848205,31.881811],[-103.858052,31.881932],[-103.86444,31.8744],[-103.87187,31.874085],[-103.876633,31.865188],[-103.883213,31.866258],[-103.880661,31.889755],[-103.912248,31.902424],[-103.918848,31.918747],[-103.915713,31.930858],[-103.922396,31.942527],[-103.933621,31.947703],[-103.940896,31.944546],[-103.948592,31.954483],[-103.941196,31.961301],[-103.948091,31.970495],[-103.950089,31.986838],[-103.974457,31.979206],[-103.983936,31.994113]]]}},{"type":"Feature","properties":{"GEOID":"48339","NAME":"Montgomery","state":"TX","wildfire_risk_score":79.294,"wildfire_eal_total":426214.83,"risk_band":"Moderate","source":"FEMA National Risk Index v1.20 (December 2025)"},"geometry":{"type":"Polygon","coordinates":[[[-95.83024,30.630284],[-95.598878,30.50898],[-95.361866,30.508916],[-95.352885,30.493572],[-95.350705,30.476057],[-95.330279,30.443099],[-95.329528,30.433193],[-95.307989,30.405453],[-95.263338,30.384259],[-95.236796,30.379584],[-95.215974,30.354516],[-95.203801,30.352012],[-95.211404,30.338623],[-95.220753,30.33707],[-95.226494,30.319865],[-95.165897,30.344976],[-95.096708,30.167214],[-95.264138,30.032069],[-95.292997,30.027905],[-95.310994,30.032887],[-95.309548,30.045625],[-95.313237,30.050778],[-95.337315,30.06333],[-95.349539,30.076398],[-95.369558,30.077957],[-95.379234,30.087475],[-95.391626,30.082696],[-95.409395,30.092642],[-95.424216,30.115491],[-95.453765,30.104641],[-95.474749,30.103228],[-95.487878,30.107808],[-95.497809,30.123493],[-95.499839,30.142475],[-95.520003,30.152904],[-95.524978,30.163351],[-95.541399,30.170279],[-95.552756,30.170106],[-95.560246,30.158331],[-95.565193,30.160683],[-95.56988,30.153735],[-95.580614,30.149908],[-95.590913,30.136064],[-95.60258,30.13279],[-95.623218,30.135646],[-95.623453,30.127175],[-95.636975,30.126281],[-95.654197,30.109192],[-95.661619,30.111397],[-95.668303,30.101723],[-95.683652,30.107331],[-95.690833,30.098821],[-95.715135,30.102285],[-95.734487,30.093517],[-95.74957,30.095433],[-95.760927,30.086406],[-95.789279,30.094487],[-95.80333,30.090096],[-95.804351,30.3378],[-95.83024,30.630284]]]}},{"type":"Feature","properties":{"GEOID":"48029","NAME":"Bexar","state":"TX","wildfire_risk_score":92.366,"wildfire_eal_total":1747812.99,"risk_band":"High","source":"FEMA National Risk Index v1.20 (December 2025)"},"geometry":{"type":"Polygon","coordinates":[[[-98.806552,29.690709],[-98.778782,29.720167],[-98.760052,29.722319],[-98.73816,29.716576],[-98.728954,29.722306],[-98.734126,29.729451],[-98.71767,29.725306],[-98.699888,29.732706],[-98.700416,29.737397],[-98.660253,29.741571],[-98.663738,29.746275],[-98.653051,29.748831],[-98.651278,29.754024],[-98.642605,29.740207],[-98.617826,29.743851],[-98.614343,29.737602],[-98.600469,29.741265],[-98.603404,29.749522],[-98.588493,29.747595],[-98.582849,29.741137],[-98.574567,29.750419],[-98.559304,29.751482],[-98.550489,29.760713],[-98.547306,29.753615],[-98.534015,29.752353],[-98.526781,29.740445],[-98.523374,29.745242],[-98.476991,29.733436],[-98.465974,29.738538],[-98.457494,29.731564],[-98.445978,29.735884],[-98.443852,29.71965],[-98.438344,29.715627],[-98.426842,29.71769],[-98.429722,29.723978],[-98.416887,29.731695],[-98.420673,29.743529],[-98.408049,29.748471],[-98.402364,29.747998],[-98.399172,29.738111],[-98.373729,29.730594],[-98.37521,29.719975],[-98.352589,29.734365],[-98.338618,29.721786],[-98.34135,29.70965],[-98.354557,29.703864],[-98.380487,29.703464],[-98.376315,29.687055],[-98.384341,29.676534],[-98.378906,29.662949],[-98.363764,29.666732],[-98.356629,29.658648],[-98.342733,29.653442],[-98.347596,29.645051],[-98.340541,29.629709],[-98.345252,29.618297],[-98.328565,29.610427],[-98.325473,29.603371],[-98.312222,29.601802],[-98.311944,29.590557],[-98.304121,29.584736],[-98.306136,29.578635],[-98.298021,29.561102],[-98.288456,29.559736],[-98.284178,29.553255],[-98.255377,29.540491],[-98.253021,29.54321],[-98.260075,29.550161],[-98.257518,29.555248],[-98.251443,29.549832],[-98.248421,29.555377],[-98.239204,29.556575],[-98.232539,29.554019],[-98.229917,29.546846],[-98.222653,29.549032],[-98.221858,29.543861],[-98.229439,29.54195],[-98.222347,29.538464],[-98.219147,29.52393],[-98.204779,29.52215],[-98.196759,29.515335],[-98.198573,29.509365],[-98.190894,29.509461],[-98.186318,29.50132],[-98.189964,29.492843],[-98.185085,29.486089],[-98.177074,29.484838],[-98.184914,29.493393],[-98.183084,29.496655],[-98.173199,29.494509],[-98.17023,29.497864],[-98.164638,29.478091],[-98.151176,29.480558],[-98.150015,29.475667],[-98.142959,29.479741],[-98.142792,29.486458],[-98.135493,29.484013],[-98.136012,29.479136],[-98.126,29.481792],[-98.116902,29.463884],[-98.120117,29.457567],[-98.126864,29.457223],[-98.120702,29.446982],[-98.137187,29.440428],[-98.407336,29.114435],[-98.799475,29.248702],[-98.804763,29.250693],[-98.806552,29.690709]]]}},{"type":"Feature","properties":{"GEOID":"48245","NAME":"Jefferson","state":"TX","wildfire_risk_score":92.43,"wildfire_eal_total":1464168.28,"risk_band":"High","source":"FEMA National Risk Index v1.20 (December 2025)"},"geometry":{"type":"Polygon","coordinates":[[[-94.44491,30.113015],[-94.431062,30.113605],[-94.433409,30.110217],[-94.428329,30.105542],[-94.401238,30.097167],[-94.391544,30.10597],[-94.376164,30.109066],[-94.365011,30.101483],[-94.350844,30.10909],[-94.349666,30.104586],[-94.342126,30.103124],[-94.330672,30.114656],[-94.325464,30.111389],[-94.315469,30.117721],[-94.30043,30.114146],[-94.279188,30.131926],[-94.275644,30.170095],[-94.260214,30.167537],[-94.254557,30.172516],[-94.253401,30.168174],[-94.236055,30.165283],[-94.231271,30.172554],[-94.221063,30.170608],[-94.218481,30.180058],[-94.211209,30.180476],[-94.209577,30.187724],[-94.203709,30.188819],[-94.199637,30.184468],[-94.193733,30.188363],[-94.187581,30.178942],[-94.17644,30.18794],[-94.173185,30.17895],[-94.165522,30.176232],[-94.169016,30.173448],[-94.117932,30.164054],[-94.11348,30.148311],[-94.100888,30.143026],[-94.109146,30.136733],[-94.079578,30.127111],[-94.074278,30.116511],[-94.078678,30.106112],[-94.087278,30.104912],[-94.094082,30.090532],[-94.086378,30.089012],[-94.093978,30.086265],[-94.092131,30.082325],[-94.057777,30.074812],[-94.051877,30.078712],[-94.042977,30.063712],[-94.027476,30.066012],[-94.031776,30.058812],[-94.028681,30.051812],[-94.035876,30.041412],[-94.030876,30.026413],[-94.001039,30.030964],[-93.996774,30.013113],[-93.983074,30.021812],[-93.981774,30.008913],[-93.960609,30.013428],[-93.954373,30.001113],[-93.931072,29.991113],[-93.913781,29.995988],[-93.903471,29.985513],[-93.860169,29.977397],[-93.843896,29.954805],[-93.838967,29.926438],[-93.8543426408309,29.8649909997958],[-93.91636,29.824968],[-93.929208,29.802952],[-93.922407,29.785048],[-93.893862,29.767289],[-93.891637,29.744618],[-93.87002,29.735482],[-93.837971,29.690619],[-93.841431,29.68782],[-93.837725,29.679024],[-93.984766,29.682415],[-94.056506,29.671163],[-94.14722,29.64245],[-94.3540940185201,29.5625650084448],[-94.357976,29.887464],[-94.442204,29.887053],[-94.44491,30.113015]]]}},{"type":"Feature","properties":{"GEOID":"48457","NAME":"Tyler","state":"TX","wildfire_risk_score":85.878,"wildfire_eal_total":490731.56,"risk_band":"High","source":"FEMA National Risk Index v1.20 (December 2025)"},"geometry":{"type":"Polygon","coordinates":[[[-94.657992,31.012007],[-94.561943,31.058952],[-94.548471,31.053391],[-94.547491,31.059126],[-94.536366,31.051829],[-94.533726,31.056825],[-94.526949,31.055916],[-94.523155,31.048662],[-94.518092,31.051641],[-94.508927,31.043271],[-94.492304,31.044994],[-94.490826,31.038643],[-94.485312,31.038397],[-94.485457,31.03136],[-94.473218,31.026393],[-94.464028,31.032687],[-94.444212,31.034037],[-94.451127,31.003445],[-94.434305,31.006924],[-94.432219,31.013217],[-94.435988,31.013761],[-94.413814,31.026493],[-94.382402,31.026413],[-94.374997,31.035314],[-94.374686,31.031111],[-94.35465,31.032166],[-94.353782,31.039371],[-94.338759,31.037328],[-94.337354,31.030192],[-94.325084,31.019968],[-94.298526,31.034586],[-94.299193,31.041651],[-94.29319,31.04282],[-94.282773,31.036101],[-94.286324,31.027136],[-94.279926,31.017692],[-94.260805,31.020003],[-94.252298,31.018931],[-94.245392,31.011279],[-94.238424,31.013705],[-94.240613,31.005157],[-94.233075,30.986342],[-94.241382,30.992474],[-94.243871,30.982889],[-94.239409,30.973875],[-94.244725,30.965951],[-94.227851,30.957792],[-94.233656,30.951721],[-94.226992,30.950437],[-94.23123,30.947335],[-94.228607,30.939716],[-94.223797,30.947658],[-94.220991,30.935318],[-94.210018,30.938024],[-94.203525,30.934703],[-94.20591,30.929819],[-94.199435,30.928324],[-94.208105,30.922624],[-94.204991,30.914624],[-94.215928,30.901533],[-94.200033,30.892055],[-94.205061,30.886475],[-94.194331,30.879587],[-94.198487,30.873778],[-94.189945,30.872001],[-94.194426,30.869709],[-94.19387,30.863644],[-94.200963,30.863533],[-94.191342,30.838109],[-94.18014,30.833971],[-94.185936,30.831362],[-94.179433,30.829139],[-94.182236,30.826655],[-94.178332,30.823127],[-94.187732,30.824311],[-94.189074,30.818155],[-94.183642,30.811561],[-94.177802,30.812321],[-94.182037,30.804248],[-94.180235,30.795648],[-94.150119,30.790203],[-94.139803,30.779118],[-94.142232,30.77192],[-94.132823,30.764612],[-94.139896,30.75589],[-94.128232,30.746505],[-94.138229,30.731909],[-94.129496,30.719447],[-94.137397,30.714283],[-94.123038,30.700891],[-94.125824,30.684052],[-94.091348,30.688181],[-94.089126,30.673261],[-94.082425,30.667656],[-94.086405,30.657272],[-94.073104,30.656097],[-94.074249,30.661648],[-94.079543,30.660838],[-94.073879,30.667643],[-94.053078,30.648482],[-94.059839,30.64697],[-94.051562,30.641792],[-94.055778,30.633227],[-94.053205,30.629155],[-94.075835,30.618042],[-94.069704,30.610695],[-94.081199,30.607227],[-94.079316,30.598074],[-94.085443,30.59754],[-94.08245,30.592115],[-94.095864,30.576781],[-94.08855,30.575326],[-94.085902,30.569724],[-94.093871,30.567313],[-94.086563,30.559746],[-94.08591,30.547276],[-94.070624,30.541044],[-94.073609,30.534802],[-94.067114,30.533236],[-94.068322,30.528322],[-94.545717,30.526977],[-94.657992,31.012007]]]}},{"type":"Feature","properties":{"GEOID":"48157","NAME":"Fort Bend","state":"TX","wildfire_risk_score":80.057,"wildfire_eal_total":502048.04,"risk_band":"Moderate","source":"FEMA National Risk Index v1.20 (December 2025)"},"geometry":{"type":"Polygon","coordinates":[[[-96.088912,29.601658],[-96.024825,29.602899],[-96.023664,29.62324],[-96.016438,29.627104],[-96.01931,29.635541],[-96.014753,29.641669],[-96.033125,29.658249],[-96.020859,29.658745],[-96.016769,29.667491],[-96.030906,29.675187],[-96.046084,29.665513],[-96.060001,29.675963],[-96.057222,29.681943],[-96.035905,29.688356],[-96.025988,29.686188],[-96.021445,29.678897],[-96.015031,29.682672],[-96.014524,29.693589],[-96.022639,29.70501],[-96.005986,29.703855],[-96.006498,29.714865],[-96.011605,29.719843],[-96.032609,29.717686],[-96.032711,29.727944],[-95.97094,29.728554],[-95.971287,29.740454],[-95.950931,29.740769],[-95.825975,29.788616],[-95.605466,29.664467],[-95.424286,29.580312],[-95.462602,29.439238],[-95.550622,29.438306],[-95.556322,29.423591],[-95.545825,29.407735],[-95.549863,29.402619],[-95.547577,29.395197],[-95.565568,29.390792],[-95.572341,29.383826],[-95.580837,29.362084],[-95.573968,29.356394],[-95.582102,29.351546],[-95.5792,29.34062],[-95.5883,29.335908],[-95.590793,29.327485],[-95.604975,29.330737],[-95.625777,29.312981],[-95.628194,29.309502],[-95.620816,29.299839],[-95.626535,29.293146],[-95.64065,29.296637],[-95.654619,29.290951],[-95.66509,29.298891],[-95.752866,29.324503],[-95.784013,29.296249],[-95.79782,29.307971],[-95.847656,29.26259],[-95.856934,29.267971],[-95.8796,29.266761],[-95.897541,29.299283],[-95.894468,29.31498],[-95.916606,29.319368],[-95.923381,29.329449],[-95.949463,29.335318],[-95.952584,29.348042],[-95.940231,29.351721],[-95.936524,29.358355],[-95.943859,29.361152],[-95.95463,29.379411],[-95.968412,29.383449],[-95.972407,29.410704],[-95.982061,29.410766],[-95.992024,29.433792],[-96.008365,29.429479],[-96.020453,29.441217],[-96.035291,29.443007],[-96.029473,29.452052],[-96.037737,29.452994],[-96.038941,29.458568],[-96.047978,29.46184],[-96.049992,29.472179],[-96.059627,29.473329],[-96.059681,29.491868],[-96.035519,29.492287],[-96.026258,29.495026],[-96.022418,29.501893],[-96.027761,29.508998],[-96.05307,29.511942],[-96.05579,29.518088],[-96.050813,29.523161],[-96.055564,29.525612],[-96.056323,29.539491],[-96.041137,29.540516],[-96.044495,29.561947],[-96.059998,29.56866],[-96.062322,29.591524],[-96.088912,29.601658]]]}},{"type":"Feature","properties":{"GEOID":"48139","NAME":"Ellis","state":"TX","wildfire_risk_score":86.069,"wildfire_eal_total":804791.12,"risk_band":"High","source":"FEMA National Risk Index v1.20 (December 2025)"},"geometry":{"type":"Polygon","coordinates":[[[-97.087033,32.392194],[-97.087055,32.549296],[-96.529678,32.54528],[-96.51915,32.531527],[-96.511702,32.536005],[-96.507176,32.532218],[-96.509406,32.526477],[-96.503287,32.526563],[-96.507504,32.517006],[-96.501613,32.512247],[-96.513286,32.512143],[-96.500482,32.495507],[-96.506701,32.497557],[-96.508748,32.491931],[-96.50185,32.48887],[-96.51036,32.482467],[-96.493509,32.467041],[-96.493731,32.456272],[-96.498216,32.453729],[-96.484335,32.451482],[-96.477001,32.434077],[-96.450743,32.424643],[-96.434278,32.410853],[-96.439826,32.400133],[-96.434477,32.389204],[-96.438891,32.389135],[-96.437355,32.378551],[-96.448577,32.37597],[-96.443845,32.369534],[-96.448432,32.370574],[-96.448611,32.366458],[-96.451063,32.370927],[-96.453672,32.368243],[-96.450018,32.364509],[-96.453664,32.357182],[-96.448437,32.354495],[-96.449312,32.350957],[-96.454555,32.35232],[-96.452043,32.345375],[-96.436293,32.345413],[-96.430226,32.332211],[-96.417533,32.335536],[-96.404928,32.327786],[-96.390805,32.33386],[-96.38291,32.328929],[-96.940656,32.052087],[-97.087043,32.266824],[-97.087033,32.392194]]]}},{"type":"Feature","properties":{"GEOID":"48499","NAME":"Wood","state":"TX","wildfire_risk_score":73.187,"wildfire_eal_total":146228.63,"risk_band":"Moderate","source":"FEMA National Risk Index v1.20 (December 2025)"},"geometry":{"type":"Polygon","coordinates":[[[-95.665389,32.960434],[-95.172947,32.961829],[-95.173933,32.969184],[-95.16254,32.98019],[-95.162681,32.9927],[-95.152138,33.002735],[-95.152206,33.01345],[-95.149962,33.005998],[-95.15341,32.570115],[-95.161947,32.55576],[-95.159623,32.550452],[-95.167523,32.543957],[-95.17544,32.555477],[-95.181241,32.541801],[-95.189521,32.541973],[-95.189129,32.546596],[-95.206779,32.558992],[-95.202207,32.563865],[-95.204964,32.572369],[-95.21874,32.563229],[-95.222665,32.565848],[-95.228281,32.560209],[-95.238315,32.560704],[-95.250879,32.577947],[-95.278288,32.571786],[-95.281255,32.580005],[-95.290311,32.580841],[-95.297544,32.591417],[-95.305887,32.592228],[-95.306947,32.596584],[-95.319014,32.595557],[-95.331217,32.605672],[-95.344179,32.603761],[-95.34595,32.609291],[-95.347332,32.605147],[-95.370478,32.604734],[-95.37567,32.597439],[-95.381952,32.601852],[-95.394847,32.601197],[-95.399583,32.606401],[-95.418919,32.605274],[-95.419711,32.609105],[-95.428766,32.61022],[-95.432428,32.606015],[-95.435668,32.612237],[-95.446747,32.613733],[-95.442764,32.607718],[-95.4748,32.606141],[-95.475305,32.611067],[-95.514808,32.622919],[-95.511683,32.632807],[-95.517624,32.63366],[-95.530238,32.647489],[-95.541712,32.646783],[-95.54223,32.654953],[-95.565305,32.665076],[-95.567197,32.673468],[-95.583593,32.674673],[-95.584308,32.681866],[-95.594238,32.684551],[-95.594034,32.694118],[-95.604027,32.696294],[-95.604653,32.704589],[-95.626279,32.708703],[-95.629798,32.717031],[-95.634618,32.716923],[-95.665389,32.960434]]]}},{"type":"Feature","properties":{"GEOID":"48041","NAME":"Brazos","state":"TX","wildfire_risk_score":58.365,"wildfire_eal_total":64941.69,"risk_band":"Low","source":"FEMA National Risk Index v1.20 (December 2025)"},"geometry":{"type":"Polygon","coordinates":[[[-96.601831,30.641926],[-96.583688,30.660469],[-96.581519,30.68889],[-96.573005,30.688497],[-96.566983,30.69567],[-96.45763,30.744474],[-96.422893,30.793509],[-96.409838,30.826446],[-96.387408,30.864012],[-96.365642,30.884547],[-96.362226,30.896286],[-96.349085,30.911692],[-96.305951,30.94019],[-96.24102,30.973737],[-96.239953,30.964224],[-96.231729,30.954802],[-96.207477,30.947081],[-96.198234,30.931861],[-96.202837,30.933193],[-96.201836,30.925572],[-96.208539,30.920542],[-96.21258,30.904927],[-96.203318,30.901068],[-96.19782,30.888388],[-96.200888,30.887087],[-96.192996,30.881234],[-96.195713,30.871005],[-96.176821,30.857638],[-96.172872,30.848015],[-96.175362,30.831344],[-96.17127,30.82924],[-96.174614,30.82753],[-96.16837,30.822997],[-96.175489,30.8111],[-96.172526,30.802935],[-96.183641,30.795136],[-96.162644,30.769509],[-96.170472,30.752868],[-96.160384,30.734955],[-96.162064,30.727836],[-96.177904,30.709265],[-96.176896,30.696838],[-96.169875,30.688264],[-96.172736,30.679843],[-96.169157,30.663525],[-96.164099,30.658813],[-96.169437,30.650007],[-96.166272,30.644414],[-96.172992,30.635747],[-96.169339,30.629992],[-96.17358,30.622846],[-96.180405,30.621317],[-96.181776,30.607579],[-96.188314,30.599614],[-96.182693,30.595327],[-96.184792,30.588328],[-96.159764,30.567302],[-96.16098,30.533668],[-96.148262,30.528146],[-96.152635,30.521317],[-96.14019,30.509146],[-96.144688,30.503893],[-96.1321,30.49054],[-96.13656,30.476459],[-96.139567,30.478764],[-96.140852,30.47497],[-96.135632,30.466084],[-96.129431,30.465829],[-96.12614,30.457276],[-96.129821,30.452384],[-96.122819,30.454816],[-96.126509,30.449508],[-96.120453,30.441921],[-96.104673,30.444007],[-96.105196,30.437023],[-96.092821,30.440101],[-96.086,30.435559],[-96.086791,30.42989],[-96.079969,30.43003],[-96.08742,30.417604],[-96.100996,30.417342],[-96.105601,30.422125],[-96.111926,30.415893],[-96.108193,30.406208],[-96.11355,30.401183],[-96.111608,30.395004],[-96.11769,30.39972],[-96.121478,30.383999],[-96.12941,30.388324],[-96.147418,30.382322],[-96.141633,30.355858],[-96.149693,30.349892],[-96.139812,30.340291],[-96.15463,30.330288],[-96.16016,30.341739],[-96.15263,30.350311],[-96.155438,30.363141],[-96.149872,30.36879],[-96.15904,30.378621],[-96.175545,30.375012],[-96.174461,30.390878],[-96.1945,30.39989],[-96.199544,30.38291],[-96.210148,30.373899],[-96.221552,30.376241],[-96.25175,30.365384],[-96.262915,30.370021],[-96.263648,30.362343],[-96.272455,30.358468],[-96.299635,30.377772],[-96.293617,30.383574],[-96.306931,30.394586],[-96.297599,30.400421],[-96.29749,30.411787],[-96.276916,30.407031],[-96.272323,30.410202],[-96.273547,30.418325],[-96.281109,30.414831],[-96.287988,30.421287],[-96.282564,30.426614],[-96.286449,30.433756],[-96.28485,30.448089],[-96.292865,30.444276],[-96.311541,30.455556],[-96.320946,30.449567],[-96.322466,30.45875],[-96.337323,30.469352],[-96.339781,30.475399],[-96.329935,30.477882],[-96.343105,30.498656],[-96.35365,30.502683],[-96.356047,30.513861],[-96.363335,30.51053],[-96.371094,30.513411],[-96.355744,30.52112],[-96.358817,30.541753],[-96.376526,30.546727],[-96.374415,30.537673],[-96.377698,30.536099],[-96.38522,30.544123],[-96.382877,30.535409],[-96.387955,30.532443],[-96.413057,30.539535],[-96.423429,30.559088],[-96.424087,30.578045],[-96.420065,30.584309],[-96.430751,30.590564],[-96.4267,30.577113],[-96.43547,30.573187],[-96.452151,30.597001],[-96.461433,30.598209],[-96.469531,30.606949],[-96.487626,30.604881],[-96.48956,30.621898],[-96.499935,30.612829],[-96.506803,30.615307],[-96.510982,30.62773],[-96.548214,30.627883],[-96.554505,30.632264],[-96.566632,30.629387],[-96.570253,30.636683],[-96.601831,30.641926]]]}},{"type":"Feature","properties":{"GEOID":"48459","NAME":"Upshur","state":"TX","wildfire_risk_score":77.322,"wildfire_eal_total":260333.83,"risk_band":"Moderate","source":"FEMA National Risk Index v1.20 (December 2025)"},"geometry":{"type":"Polygon","coordinates":[[[-95.152964,32.607121],[-95.15211,32.902641],[-94.719942,32.904502],[-94.721664,32.900865],[-94.705569,32.892106],[-94.709329,32.869889],[-94.706318,32.861379],[-94.698022,32.859164],[-94.697657,32.843082],[-94.672708,32.837131],[-94.702138,32.820515],[-94.70179,32.652209],[-94.70372,32.657828],[-94.727919,32.65542],[-94.745629,32.667507],[-94.747372,32.660426],[-94.758502,32.659793],[-94.820013,32.59088],[-94.975256,32.536015],[-94.988337,32.536758],[-94.998538,32.521915],[-95.011602,32.516477],[-95.022478,32.522109],[-95.015439,32.53228],[-95.01544,32.543143],[-95.020974,32.546726],[-95.026597,32.545819],[-95.024817,32.537],[-95.04076,32.532285],[-95.044855,32.542237],[-95.050738,32.538203],[-95.0714,32.541134],[-95.07579,32.537222],[-95.083871,32.542541],[-95.079116,32.556119],[-95.08442,32.552981],[-95.085054,32.55784],[-95.097977,32.556078],[-95.097559,32.549658],[-95.112711,32.550919],[-95.118786,32.542496],[-95.122633,32.549815],[-95.139766,32.549973],[-95.145684,32.569571],[-95.15341,32.570115],[-95.152964,32.607121]]]}},{"type":"Feature","properties":{"GEOID":"48343","NAME":"Morris","state":"TX","wildfire_risk_score":64.631,"wildfire_eal_total":74616.97,"risk_band":"Low","source":"FEMA National Risk Index v1.20 (December 2025)"},"geometry":{"type":"Polygon","coordinates":[[[-94.817709,33.037202],[-94.808783,33.363636],[-94.807528,33.365972],[-94.795927,33.361552],[-94.79672,33.354566],[-94.791043,33.355322],[-94.797566,33.348613],[-94.790663,33.348681],[-94.790418,33.344946],[-94.785205,33.349092],[-94.786188,33.344443],[-94.781867,33.344261],[-94.789409,33.33842],[-94.777078,33.332966],[-94.78401,33.323829],[-94.776045,33.321011],[-94.781693,33.318905],[-94.763959,33.322885],[-94.761398,33.317365],[-94.754251,33.31798],[-94.745631,33.329932],[-94.726221,33.30729],[-94.717656,33.307156],[-94.714793,33.311897],[-94.710783,33.308531],[-94.702792,33.315815],[-94.696408,33.307411],[-94.692262,33.312405],[-94.687214,33.293464],[-94.678542,33.290624],[-94.676769,33.29486],[-94.672352,33.28973],[-94.675134,33.286248],[-94.660463,33.282444],[-94.659428,33.275388],[-94.652448,33.275709],[-94.653994,32.879506],[-94.705878,32.879177],[-94.707044,32.894784],[-94.721664,32.900865],[-94.719942,32.904502],[-94.727829,32.913539],[-94.736642,32.912365],[-94.737594,32.917707],[-94.749347,32.921376],[-94.755921,32.918413],[-94.77092,32.927439],[-94.776437,32.938397],[-94.773919,32.943827],[-94.786577,32.953153],[-94.786386,32.959293],[-94.818508,32.977896],[-94.817709,33.037202]]]}},{"type":"Feature","properties":{"GEOID":"48393","NAME":"Roberts","state":"TX","wildfire_risk_score":75.35,"wildfire_eal_total":364667.86,"risk_band":"Moderate","source":"FEMA National Risk Index v1.20 (December 2025)"},"geometry":{"type":"Polygon","coordinates":[[[-101.086045,35.823368],[-101.085716,36.057572],[-100.540221,36.056491],[-100.540158,35.619296],[-101.085935,35.619102],[-101.086045,35.823368]]]}},{"type":"Feature","properties":{"GEOID":"48289","NAME":"Leon","state":"TX","wildfire_risk_score":57.538,"wildfire_eal_total":54430.41,"risk_band":"Low","source":"FEMA National Risk Index v1.20 (December 2025)"},"geometry":{"type":"Polygon","coordinates":[[[-96.33065,31.254685],[-96.324908,31.261964],[-96.320339,31.258452],[-96.313922,31.27084],[-96.327988,31.28647],[-96.328624,31.298401],[-96.31732,31.301579],[-96.325988,31.310713],[-96.317187,31.323278],[-96.320268,31.330935],[-96.315003,31.340943],[-96.322853,31.374067],[-95.7873,31.618385],[-95.777586,31.602257],[-95.7681,31.597416],[-95.760961,31.60008],[-95.748669,31.617709],[-95.757268,31.643548],[-95.753488,31.64896],[-95.735681,31.653822],[-95.718468,31.632402],[-95.710112,31.615587],[-95.711185,31.603903],[-95.721855,31.586281],[-95.729423,31.583133],[-95.718233,31.573215],[-95.722248,31.569714],[-95.717038,31.567765],[-95.715875,31.553824],[-95.75171,31.551552],[-95.750875,31.540734],[-95.75863,31.534098],[-95.737034,31.518534],[-95.733829,31.509161],[-95.743198,31.500618],[-95.740575,31.496312],[-95.744631,31.48999],[-95.738772,31.485082],[-95.729854,31.48963],[-95.721842,31.472754],[-95.73921,31.472181],[-95.746837,31.45817],[-95.720781,31.46248],[-95.712117,31.455783],[-95.711677,31.423594],[-95.698322,31.406335],[-95.700552,31.393402],[-95.69283,31.391494],[-95.691444,31.374676],[-95.664218,31.364305],[-95.661611,31.357259],[-95.672623,31.356104],[-95.677291,31.346549],[-95.657514,31.34348],[-95.656125,31.322183],[-95.659416,31.315909],[-95.662672,31.321],[-95.67168,31.317204],[-95.668578,31.308515],[-95.679106,31.302108],[-95.671403,31.29556],[-95.681413,31.288509],[-95.695085,31.297029],[-95.707589,31.286337],[-95.704141,31.28042],[-95.725226,31.271084],[-95.72813,31.259735],[-95.722144,31.254673],[-95.727723,31.251955],[-95.723741,31.246083],[-95.725041,31.230098],[-95.747943,31.20831],[-95.743389,31.176868],[-95.728026,31.161955],[-95.744296,31.152267],[-95.749409,31.15524],[-95.757402,31.141573],[-95.763885,31.143657],[-95.775578,31.136095],[-95.772638,31.127275],[-95.776881,31.120871],[-95.76441,31.094211],[-95.975218,31.091967],[-96.017471,31.070015],[-96.04789,31.068728],[-96.171568,30.99428],[-96.192494,30.991335],[-96.24102,30.973737],[-96.235128,30.995171],[-96.246639,30.998886],[-96.24719,31.006204],[-96.260779,31.008445],[-96.255533,31.028094],[-96.239984,31.048267],[-96.246556,31.051611],[-96.241844,31.056778],[-96.243518,31.061788],[-96.255466,31.065521],[-96.257098,31.069294],[-96.252425,31.072335],[-96.269661,31.078432],[-96.277454,31.087658],[-96.280753,31.096067],[-96.276991,31.11628],[-96.292568,31.132979],[-96.299187,31.148016],[-96.301644,31.163564],[-96.296767,31.174868],[-96.301391,31.179134],[-96.297174,31.180986],[-96.305468,31.195463],[-96.311746,31.198121],[-96.310432,31.217201],[-96.319359,31.221958],[-96.31415,31.228445],[-96.33065,31.254685]]]}},{"type":"Feature","properties":{"GEOID":"48349","NAME":"Navarro","state":"TX","wildfire_risk_score":82.284,"wildfire_eal_total":399980.67,"risk_band":"High","source":"FEMA National Risk Index v1.20 (December 2025)"},"geometry":{"type":"Polygon","coordinates":[[[-96.870765,32.086564],[-96.38291,32.328929],[-96.364369,32.316417],[-96.345317,32.312767],[-96.339016,32.305973],[-96.328212,32.302995],[-96.323116,32.306204],[-96.310108,32.298299],[-96.30426,32.302038],[-96.303033,32.297366],[-96.29868,32.301156],[-96.300485,32.294372],[-96.288882,32.293212],[-96.293651,32.290409],[-96.284013,32.279225],[-96.28989,32.268142],[-96.284881,32.265829],[-96.28507,32.254592],[-96.278196,32.260616],[-96.272213,32.252833],[-96.267667,32.259202],[-96.25655,32.245061],[-96.251034,32.247078],[-96.254399,32.250582],[-96.235083,32.250896],[-96.235891,32.241906],[-96.217149,32.233353],[-96.216279,32.225095],[-96.211104,32.226435],[-96.209099,32.218653],[-96.20032,32.214311],[-96.195947,32.219538],[-96.193685,32.204221],[-96.183368,32.201761],[-96.155392,32.21497],[-96.146799,32.211937],[-96.14739,32.207338],[-96.160392,32.20438],[-96.155642,32.200444],[-96.157907,32.191334],[-96.168252,32.186906],[-96.166497,32.183086],[-96.171666,32.185291],[-96.176477,32.181379],[-96.17584,32.168241],[-96.166455,32.166102],[-96.166611,32.158043],[-96.159006,32.154902],[-96.152209,32.158416],[-96.138914,32.151377],[-96.11366,32.160901],[-96.104429,32.152656],[-96.102421,32.142269],[-96.114699,32.126487],[-96.11153,32.115803],[-96.117827,32.094977],[-96.105364,32.075337],[-96.098003,32.081641],[-96.06601,32.085812],[-96.062524,32.077754],[-96.070245,32.074763],[-96.068602,32.066399],[-96.062449,32.062939],[-96.066808,32.05844],[-96.066462,32.037757],[-96.061579,32.024996],[-96.050758,32.01678],[-96.496713,31.796191],[-96.719114,31.814887],[-96.896209,32.073977],[-96.870765,32.086564]]]}},{"type":"Feature","properties":{"GEOID":"48185","NAME":"Grimes","state":"TX","wildfire_risk_score":59.383,"wildfire_eal_total":60234.49,"risk_band":"Low","source":"FEMA National Risk Index v1.20 (December 2025)"},"geometry":{"type":"Polygon","coordinates":[[[-96.188314,30.599614],[-96.181776,30.607579],[-96.180405,30.621317],[-96.17358,30.622846],[-96.169339,30.629992],[-96.172992,30.635747],[-96.166272,30.644414],[-96.169437,30.650007],[-96.164099,30.658813],[-96.169157,30.663525],[-96.172736,30.679843],[-96.169875,30.688264],[-96.176896,30.696838],[-96.177904,30.709265],[-96.162064,30.727836],[-96.160384,30.734955],[-96.170472,30.752868],[-96.162644,30.769509],[-96.183641,30.795136],[-96.172526,30.802935],[-96.175489,30.8111],[-96.16837,30.822997],[-95.863059,30.864125],[-95.83024,30.630284],[-95.817478,30.500218],[-95.804351,30.3378],[-95.804306,30.24557],[-96.088941,30.228718],[-96.093165,30.225187],[-96.104367,30.231473],[-96.098571,30.242736],[-96.087671,30.23777],[-96.080839,30.244305],[-96.08605,30.252541],[-96.09874,30.254488],[-96.093798,30.274316],[-96.084068,30.286456],[-96.10058,30.292805],[-96.094404,30.309371],[-96.119506,30.304821],[-96.15463,30.330288],[-96.139812,30.340291],[-96.149693,30.349892],[-96.141633,30.355858],[-96.147418,30.382322],[-96.12941,30.388324],[-96.121478,30.383999],[-96.11769,30.39972],[-96.111608,30.395004],[-96.11355,30.401183],[-96.108193,30.406208],[-96.111926,30.415893],[-96.105601,30.422125],[-96.100996,30.417342],[-96.08742,30.417604],[-96.079969,30.43003],[-96.086791,30.42989],[-96.086,30.435559],[-96.092821,30.440101],[-96.105196,30.437023],[-96.104673,30.444007],[-96.120453,30.441921],[-96.126509,30.449508],[-96.122819,30.454816],[-96.129821,30.452384],[-96.12614,30.457276],[-96.129431,30.465829],[-96.135632,30.466084],[-96.140852,30.47497],[-96.139567,30.478764],[-96.13656,30.476459],[-96.1321,30.49054],[-96.144688,30.503893],[-96.14019,30.509146],[-96.152635,30.521317],[-96.148262,30.528146],[-96.16098,30.533668],[-96.159764,30.567302],[-96.184792,30.588328],[-96.182693,30.595327],[-96.188314,30.599614]]]}},{"type":"Feature","properties":{"GEOID":"48467","NAME":"Van Zandt","state":"TX","wildfire_risk_score":69.084,"wildfire_eal_total":162602.62,"risk_band":"Moderate","source":"FEMA National Risk Index v1.20 (December 2025)"},"geometry":{"type":"Polygon","coordinates":[[[-96.076801,32.838489],[-95.934433,32.837217],[-95.925641,32.829323],[-95.927543,32.822761],[-95.922011,32.820805],[-95.922362,32.815557],[-95.905036,32.809655],[-95.906737,32.806858],[-95.898682,32.802073],[-95.895117,32.803846],[-95.894722,32.799099],[-95.877684,32.791247],[-95.878486,32.78777],[-95.872678,32.788462],[-95.863949,32.777061],[-95.854753,32.778592],[-95.850646,32.770713],[-95.83511,32.771828],[-95.827715,32.766846],[-95.814807,32.770957],[-95.815613,32.765538],[-95.807881,32.76794],[-95.807289,32.773924],[-95.794665,32.775861],[-95.784683,32.770135],[-95.779518,32.773634],[-95.765465,32.771591],[-95.761362,32.770183],[-95.764994,32.764256],[-95.762041,32.755431],[-95.738719,32.756648],[-95.733043,32.746102],[-95.73177,32.74938],[-95.702508,32.742424],[-95.701562,32.737558],[-95.691181,32.737276],[-95.688453,32.728465],[-95.677538,32.727769],[-95.668042,32.713317],[-95.652592,32.713766],[-95.637085,32.724666],[-95.626279,32.708703],[-95.604653,32.704589],[-95.604027,32.696294],[-95.594034,32.694118],[-95.592685,32.687928],[-95.5943,32.479858],[-95.572885,32.461441],[-95.552727,32.453221],[-95.53912,32.432986],[-95.524819,32.421351],[-95.506853,32.414792],[-95.493797,32.38964],[-95.4704,32.368798],[-95.454722,32.366943],[-95.449165,32.355233],[-96.075899,32.357505],[-96.076801,32.838489]]]}},{"type":"Feature","properties":{"GEOID":"48125","NAME":"Dickens","state":"TX","wildfire_risk_score":76.399,"wildfire_eal_total":181720.22,"risk_band":"Moderate","source":"FEMA National Risk Index v1.20 (December 2025)"},"geometry":{"type":"Polygon","coordinates":[[[-101.041158,33.833625],[-100.518691,33.83565],[-100.517449,33.397866],[-101.038788,33.397214],[-101.041158,33.833625]]]}},{"type":"Feature","properties":{"GEOID":"48105","NAME":"Crockett","state":"TX","wildfire_risk_score":78.149,"wildfire_eal_total":346495.45,"risk_band":"Moderate","source":"FEMA National Risk Index v1.20 (December 2025)"},"geometry":{"type":"Polygon","coordinates":[[[-102.388804,31.087156],[-101.776191,31.079784],[-100.962176,31.08249],[-100.960643,30.287776],[-101.7584,30.288044],[-101.744509,30.301277],[-101.737097,30.326921],[-101.715404,30.339822],[-101.694414,30.346763],[-101.676418,30.339979],[-101.658886,30.342622],[-101.658402,30.357675],[-101.685271,30.369532],[-101.697644,30.380773],[-101.694458,30.393294],[-101.700942,30.401848],[-101.728322,30.408152],[-101.740552,30.421321],[-101.720047,30.443129],[-101.718896,30.454462],[-101.731673,30.459888],[-101.731846,30.467339],[-101.721896,30.471016],[-101.705508,30.457485],[-101.688867,30.46762],[-101.691825,30.491418],[-101.675111,30.501862],[-101.679184,30.523493],[-101.667598,30.528024],[-101.646599,30.550952],[-101.649027,30.567706],[-101.663509,30.588727],[-101.656276,30.603627],[-101.658565,30.61693],[-101.652446,30.620471],[-101.666427,30.628972],[-101.669744,30.637812],[-101.689683,30.639047],[-101.692655,30.645687],[-101.706776,30.647732],[-101.712065,30.654643],[-101.722148,30.649919],[-101.736784,30.654048],[-101.752326,30.649695],[-101.760671,30.658323],[-101.76842,30.653077],[-101.779818,30.685993],[-101.809759,30.702138],[-101.807952,30.725266],[-101.815611,30.740615],[-101.815828,30.752015],[-101.823245,30.757332],[-101.832766,30.757004],[-101.838985,30.763919],[-101.834952,30.780288],[-101.839894,30.785281],[-101.832785,30.792087],[-101.831469,30.80173],[-101.847209,30.828414],[-101.845094,30.841032],[-101.852663,30.851289],[-101.8498,30.856591],[-101.860262,30.873872],[-101.891095,30.890162],[-101.881199,30.90855],[-101.874264,30.91183],[-101.877641,30.920096],[-101.883436,30.925647],[-101.907888,30.928006],[-101.919419,30.935145],[-101.921017,30.946405],[-101.938142,30.951129],[-101.93618,30.957762],[-101.951886,30.955676],[-101.961123,30.970709],[-101.98364,30.98717],[-101.993026,30.989337],[-102.011115,30.979335],[-102.0262,30.991586],[-102.02774,30.998057],[-102.048776,31.000382],[-102.048878,31.003604],[-102.079144,30.986933],[-102.09716,30.9956],[-102.1099,30.990321],[-102.125719,31.000932],[-102.139397,30.994925],[-102.15193,31.007302],[-102.174079,31.006969],[-102.181269,31.016676],[-102.185755,31.01514],[-102.185949,31.006011],[-102.191731,31.003788],[-102.20308,31.031206],[-102.225677,31.032859],[-102.24694,31.042262],[-102.265961,31.034274],[-102.28495,31.033988],[-102.299537,31.042037],[-102.303733,31.051757],[-102.316807,31.052232],[-102.318452,31.06067],[-102.329717,31.068255],[-102.349718,31.070354],[-102.34817,31.07409],[-102.356405,31.074445],[-102.363426,31.082936],[-102.388804,31.087156]]]}},{"type":"Feature","properties":{"GEOID":"48415","NAME":"Scurry","state":"TX","wildfire_risk_score":88.232,"wildfire_eal_total":882008.77,"risk_band":"High","source":"FEMA National Risk Index v1.20 (December 2025)"},"geometry":{"type":"Polygon","coordinates":[[[-101.174627,32.625109],[-101.173378,32.963597],[-101.03866,32.970225],[-100.990181,32.965023],[-100.65587,32.963469],[-100.660626,32.525312],[-101.174562,32.527703],[-101.174627,32.625109]]]}},{"type":"Feature","properties":{"GEOID":"48379","NAME":"Rains","state":"TX","wildfire_risk_score":42.494,"wildfire_eal_total":29407.74,"risk_band":"Low","source":"FEMA National Risk Index v1.20 (December 2025)"},"geometry":{"type":"Polygon","coordinates":[[[-95.987259,32.876415],[-95.972662,32.899092],[-95.9453,32.979877],[-95.667728,32.979554],[-95.635017,32.72038],[-95.639597,32.724488],[-95.641685,32.717858],[-95.648119,32.719257],[-95.659042,32.711563],[-95.664084,32.715659],[-95.668042,32.713317],[-95.677538,32.727769],[-95.688453,32.728465],[-95.691181,32.737276],[-95.701562,32.737558],[-95.702508,32.742424],[-95.73177,32.74938],[-95.733043,32.746102],[-95.738719,32.756648],[-95.762041,32.755431],[-95.764994,32.764256],[-95.761362,32.770183],[-95.770244,32.772741],[-95.784683,32.770135],[-95.794665,32.775861],[-95.807289,32.773924],[-95.807881,32.76794],[-95.815613,32.765538],[-95.814807,32.770957],[-95.827715,32.766846],[-95.83511,32.771828],[-95.850646,32.770713],[-95.854753,32.778592],[-95.863949,32.777061],[-95.872678,32.788462],[-95.878486,32.78777],[-95.877684,32.791247],[-95.894722,32.799099],[-95.895117,32.803846],[-95.898682,32.802073],[-95.906737,32.806858],[-95.905036,32.809655],[-95.922362,32.815557],[-95.922011,32.820805],[-95.927543,32.822761],[-95.925641,32.829323],[-95.934939,32.840339],[-95.956777,32.845207],[-95.987259,32.876415]]]}},{"type":"Feature","properties":{"GEOID":"48261","NAME":"Kenedy","state":"TX","wildfire_risk_score":44.911,"wildfire_eal_total":25072.77,"risk_band":"Low","source":"FEMA National Risk Index v1.20 (December 2025)"},"geometry":{"type":"MultiPolygon","coordinates":[[[[-97.398388,26.867894],[-97.391376,26.8839],[-97.394109,26.915377],[-97.38686,26.957226],[-97.393515,26.971313],[-97.385909,27.08469],[-97.394501,27.123969],[-97.389986,27.129469],[-97.382023,27.193333],[-97.389867,27.20496],[-97.37929,27.20961],[-97.382499,27.246173],[-97.370377,27.249765],[-97.361226,27.272583],[-97.3698846442147,27.2780942729174],[-97.3475797525063,27.2779639491206],[-97.365386,27.199887],[-97.375551,27.118177],[-97.379185,27.031985],[-97.376129,26.960398],[-97.368386,26.894604],[-97.350455,26.805049],[-97.2901508197356,26.6003496604565],[-97.3069528508846,26.600278273421],[-97.328985,26.646751],[-97.367133,26.756209],[-97.365112,26.761302],[-97.374976,26.773504],[-97.381393,26.799708],[-97.390901,26.816361],[-97.388762,26.839267],[-97.398388,26.867894]]],[[[-97.423463,26.752176],[-97.412648,26.751858],[-97.415382,26.740715],[-97.423106,26.740715],[-97.423463,26.752176]]],[[[-97.985887,27.209308],[-97.959325,27.212931],[-97.951812,27.233408],[-97.92238,27.237089],[-97.919393,27.243162],[-97.916504,27.237835],[-97.89738,27.242363],[-97.884827,27.235764],[-97.877732,27.241732],[-97.855816,27.244297],[-97.855397,27.252424],[-97.84134,27.243955],[-97.816619,27.253893],[-97.815616,27.271632],[-97.797626,27.271386],[-97.793932,27.280443],[-97.784181,27.283811],[-97.740046,27.278281],[-97.740114,27.267542],[-97.727745,27.26163],[-97.647343,27.276359],[-97.640111,27.270943],[-97.639875,27.254057],[-97.631123,27.24223],[-97.596932,27.24306],[-97.54291,27.229213],[-97.520009,27.231248],[-97.500162,27.24448],[-97.467083,27.25364],[-97.452699,27.262356],[-97.422593,27.262045],[-97.441565,27.163833],[-97.430994,27.160861],[-97.439396,27.076524],[-97.417925,27.070913],[-97.439163,27.070705],[-97.441497,26.984843],[-97.453283,26.917335],[-97.437296,26.913069],[-97.453166,26.910467],[-97.4569,26.882577],[-97.417691,26.879038],[-97.410223,26.874354],[-97.41209,26.871127],[-97.4576,26.872897],[-97.460284,26.847287],[-97.446748,26.833751],[-97.412674,26.817402],[-97.417808,26.814903],[-97.44068,26.824484],[-97.464806,26.823964],[-97.466469,26.809695],[-97.478605,26.806675],[-97.465402,26.713596],[-97.468135,26.710199],[-97.444945,26.633535],[-97.445708,26.609362],[-97.4406253935305,26.5999080179936],[-97.861688,26.597995],[-97.985303,26.615809],[-97.985887,27.209308]]]]}},{"type":"Feature","properties":{"GEOID":"48213","NAME":"Henderson","state":"TX","wildfire_risk_score":75.477,"wildfire_eal_total":191177.17,"risk_band":"Moderate","source":"FEMA National Risk Index v1.20 (December 2025)"},"geometry":{"type":"Polygon","coordinates":[[[-96.454555,32.35232],[-96.449312,32.350957],[-96.452372,32.358659],[-96.249701,32.358716],[-96.249739,32.354993],[-96.231509,32.354709],[-96.196928,32.35481],[-96.195616,32.358197],[-95.449165,32.355233],[-95.447938,32.346897],[-95.452431,32.345841],[-95.45336,32.333954],[-95.458738,32.328429],[-95.457674,32.319323],[-95.450612,32.314433],[-95.45547,32.311512],[-95.453804,32.305771],[-95.446969,32.295807],[-95.451303,32.294991],[-95.457268,32.273111],[-95.469949,32.262124],[-95.467584,32.24663],[-95.482476,32.240824],[-95.481591,32.236491],[-95.488473,32.232577],[-95.478936,32.212223],[-95.470147,32.212086],[-95.470529,32.204068],[-95.462578,32.201763],[-95.464394,32.191007],[-95.46827,32.190481],[-95.461617,32.183338],[-95.470909,32.178046],[-95.469475,32.170226],[-95.479043,32.158653],[-95.477914,32.146209],[-95.459908,32.135559],[-95.461506,32.123696],[-95.456843,32.112307],[-95.447088,32.107291],[-95.440282,32.09578],[-95.431562,32.093865],[-95.428512,32.084475],[-96.052786,32.005895],[-96.055573,32.014606],[-96.050758,32.01678],[-96.061579,32.024996],[-96.066462,32.037757],[-96.066808,32.05844],[-96.062449,32.062939],[-96.068602,32.066399],[-96.070245,32.074763],[-96.062524,32.077754],[-96.06601,32.085812],[-96.098003,32.081641],[-96.105364,32.075337],[-96.117827,32.094977],[-96.11153,32.115803],[-96.114699,32.126487],[-96.102421,32.142269],[-96.104429,32.152656],[-96.11366,32.160901],[-96.138914,32.151377],[-96.152209,32.158416],[-96.159006,32.154902],[-96.166611,32.158043],[-96.166455,32.166102],[-96.17584,32.168241],[-96.176477,32.181379],[-96.171666,32.185291],[-96.166497,32.183086],[-96.168252,32.186906],[-96.157907,32.191334],[-96.155642,32.200444],[-96.160392,32.20438],[-96.14739,32.207338],[-96.146799,32.211937],[-96.155392,32.21497],[-96.175848,32.203939],[-96.189536,32.202316],[-96.196965,32.206942],[-96.195947,32.219538],[-96.20032,32.214311],[-96.209099,32.218653],[-96.211104,32.226435],[-96.216279,32.225095],[-96.217149,32.233353],[-96.235891,32.241906],[-96.235083,32.250896],[-96.254399,32.250582],[-96.251034,32.247078],[-96.25655,32.245061],[-96.267667,32.259202],[-96.272213,32.252833],[-96.278196,32.260616],[-96.28507,32.254592],[-96.284881,32.265829],[-96.28989,32.268142],[-96.284013,32.279225],[-96.293651,32.290409],[-96.288882,32.293212],[-96.300485,32.294372],[-96.29868,32.301156],[-96.303033,32.297366],[-96.30426,32.302038],[-96.310108,32.298299],[-96.323116,32.306204],[-96.328212,32.302995],[-96.339016,32.305973],[-96.345317,32.312767],[-96.367452,32.317871],[-96.390805,32.33386],[-96.404928,32.327786],[-96.417533,32.335536],[-96.430226,32.332211],[-96.436293,32.345413],[-96.450997,32.344409],[-96.454555,32.35232]]]}},{"type":"Feature","properties":{"GEOID":"48355","NAME":"Nueces","state":"TX","wildfire_risk_score":73.982,"wildfire_eal_total":182224.44,"risk_band":"Moderate","source":"FEMA National Risk Index v1.20 (December 2025)"},"geometry":{"type":"MultiPolygon","coordinates":[[[[-97.111715,27.893067],[-97.102921,27.90336],[-97.097217,27.903465],[-97.108982,27.892017],[-97.111715,27.893067]]],[[[-97.12657,27.909556],[-97.125025,27.912917],[-97.122054,27.911341],[-97.125738,27.907456],[-97.12657,27.909556]]],[[[-97.127046,27.841063],[-97.101376,27.883193],[-97.089968,27.875525],[-97.083194,27.883614],[-97.084739,27.891071],[-97.074637,27.894853],[-97.0720926836424,27.9009696492849],[-97.057171,27.865413],[-97.064922,27.852412],[-97.060971,27.846317],[-97.106249,27.839382],[-97.129898,27.839487],[-97.127046,27.841063]]],[[[-97.131716,27.896018],[-97.113415,27.892132],[-97.110206,27.889191],[-97.118287,27.88562],[-97.118287,27.890662],[-97.131716,27.896018]]],[[[-97.132548,27.898854],[-97.128864,27.905051],[-97.127081,27.904],[-97.129696,27.897489],[-97.132548,27.898854]]],[[[-97.137131,27.902861],[-97.1338567153459,27.9011057168011],[-97.1353500134097,27.8978362670764],[-97.138515,27.900826],[-97.137131,27.902861]]],[[[-97.141223,27.853158],[-97.138728,27.855784],[-97.13742,27.849375],[-97.143362,27.84948],[-97.141223,27.853158]]],[[[-97.1490338837836,27.88497596074],[-97.142634,27.894718],[-97.1375368020641,27.8936861881803],[-97.144432,27.883099],[-97.1490338837836,27.88497596074]]],[[[-97.150849,27.875851],[-97.14467,27.880893],[-97.142055,27.881103],[-97.145383,27.876586],[-97.150849,27.875851]]],[[[-97.164081,27.820608],[-97.153359,27.821892],[-97.142876,27.820424],[-97.147657,27.8161],[-97.154096,27.819916],[-97.160594,27.816376],[-97.164081,27.820608]]],[[[-97.174363,27.755266],[-97.172699,27.76084],[-97.164855,27.763994],[-97.168421,27.754425],[-97.174363,27.755266]]],[[[-97.190304,27.816481],[-97.178539,27.818373],[-97.177469,27.814589],[-97.187808,27.812802],[-97.190304,27.816481]]],[[[-97.220254,27.810178],[-97.204089,27.813853],[-97.196365,27.813959],[-97.207298,27.807336],[-97.220254,27.810178]]],[[[-97.222875,27.852528],[-97.221692,27.854494],[-97.220205,27.850592],[-97.2208868599795,27.8491737091054],[-97.222875,27.852528]]],[[[-97.246468,27.682484],[-97.237366,27.686951],[-97.215538,27.682827],[-97.231522,27.640894],[-97.234612,27.641066],[-97.228081,27.673891],[-97.232376,27.682655],[-97.237534,27.682827],[-97.243546,27.671141],[-97.246468,27.682484]]],[[[-97.265632,27.580339],[-97.236278,27.637626],[-97.231049,27.632888],[-97.22071,27.633415],[-97.210728,27.624149],[-97.215481,27.644364],[-97.203478,27.642364],[-97.20122,27.646048],[-97.203835,27.650996],[-97.197061,27.655733],[-97.196823,27.68436],[-97.184107,27.695725],[-97.168896,27.722238],[-97.151189,27.768621],[-97.125282,27.779241],[-97.121479,27.785129],[-97.121241,27.81572],[-97.135383,27.824549],[-97.062891,27.841784],[-97.044846,27.834466],[-97.090735,27.785888],[-97.140854,27.716688],[-97.2226506131795,27.5764948600858],[-97.242122,27.582924],[-97.2681595636956,27.5759713728181],[-97.265632,27.580339]]],[[[-97.267554,27.873687],[-97.252213,27.871223],[-97.238995,27.839804],[-97.245089,27.840968],[-97.258076,27.866037],[-97.267321,27.869],[-97.267554,27.873687]]],[[[-97.940065,27.670767],[-97.933653,27.776632],[-97.934274,27.885202],[-97.798517,27.995659],[-97.806543,27.974137],[-97.817578,27.970617],[-97.809839,27.957764],[-97.809405,27.944061],[-97.805499,27.944206],[-97.809381,27.940958],[-97.806798,27.934712],[-97.797173,27.933937],[-97.795529,27.942221],[-97.780678,27.947669],[-97.775736,27.937802],[-97.764579,27.938385],[-97.761968,27.932849],[-97.766853,27.928183],[-97.762803,27.923398],[-97.748994,27.932856],[-97.745954,27.926952],[-97.730018,27.923288],[-97.736274,27.912041],[-97.723938,27.916297],[-97.715507,27.911865],[-97.716677,27.917673],[-97.70821,27.922584],[-97.690514,27.916969],[-97.687441,27.910665],[-97.691691,27.904101],[-97.671505,27.893033],[-97.67528,27.882538],[-97.656785,27.873003],[-97.642417,27.871771],[-97.638174,27.865594],[-97.627057,27.875707],[-97.632049,27.893641],[-97.626973,27.895398],[-97.609593,27.890377],[-97.608984,27.871688],[-97.591871,27.857005],[-97.573135,27.860989],[-97.544318,27.858875],[-97.535134,27.847725],[-97.493037,27.844203],[-97.488592,27.833612],[-97.472073,27.824154],[-97.43559,27.832351],[-97.416694,27.822157],[-97.409801,27.833402],[-97.385677,27.840023],[-97.378546,27.832456],[-97.39491,27.812012],[-97.391143,27.800504],[-97.393291,27.782905],[-97.368355,27.741683],[-97.343679,27.724023],[-97.316446,27.712676],[-97.253051,27.69754],[-97.243544,27.689227],[-97.253765,27.692804],[-97.260657,27.680176],[-97.269214,27.67744],[-97.29928,27.605958],[-97.294645,27.592688],[-97.322191,27.569058],[-97.325216,27.560896],[-97.840678,27.558358],[-97.839945,27.565027],[-97.873867,27.587858],[-97.876773,27.608628],[-97.88859,27.620249],[-97.920991,27.62291],[-97.932377,27.635929],[-97.942146,27.635932],[-97.940065,27.670767]]]]}},{"type":"Feature","properties":{"GEOID":"48427","NAME":"Starr","state":"TX","wildfire_risk_score":84.892,"wildfire_eal_total":368998.9,"risk_band":"High","source":"FEMA National Risk Index v1.20 (December 2025)"},"geometry":{"type":"Polygon","coordinates":[[[-99.171404,26.549848],[-99.16741,26.560001],[-99.1694639664008,26.571673559574],[-99.011112,26.675023],[-98.95423,26.785694],[-98.32067,26.783081],[-98.5865199903579,26.2575183308213],[-98.600049,26.257265],[-98.617266,26.246809],[-98.624759,26.259221],[-98.63418,26.242612],[-98.654221,26.23596],[-98.675206,26.239989],[-98.678958,26.260064],[-98.683757,26.264393],[-98.719885,26.272705],[-98.717792,26.277624],[-98.701159,26.278023],[-98.705049,26.288206],[-98.718218,26.287253],[-98.727765,26.29877],[-98.750202,26.295694],[-98.754216,26.307928],[-98.740419,26.302777],[-98.736224,26.307649],[-98.748223,26.320582],[-98.749469,26.329988],[-98.771937,26.32511],[-98.788165,26.330094],[-98.798211,26.360166],[-98.807348,26.369421],[-98.812928,26.366309],[-98.824571,26.370715],[-98.841562,26.358943],[-98.861354,26.36599],[-98.896734,26.35333],[-98.901115,26.370915],[-98.919342,26.376704],[-98.926863,26.394471],[-98.934509,26.387736],[-98.936164,26.371533],[-98.942152,26.369687],[-98.956128,26.377561],[-98.953042,26.391716],[-98.956392,26.39571],[-98.975227,26.40114],[-98.98859,26.391806],[-99.01165,26.392496],[-99.021935,26.407902],[-99.03172,26.412964],[-99.041241,26.412266],[-99.062093,26.397371],[-99.082002,26.39651],[-99.113546,26.43253],[-99.102543,26.44244],[-99.100357,26.458748],[-99.091976,26.472376],[-99.105031,26.500335],[-99.127782,26.525199],[-99.166742,26.536079],[-99.171404,26.549848]]]}},{"type":"Feature","properties":{"GEOID":"48409","NAME":"San Patricio","state":"TX","wildfire_risk_score":64.218,"wildfire_eal_total":80118.38,"risk_band":"Low","source":"FEMA National Risk Index v1.20 (December 2025)"},"geometry":{"type":"MultiPolygon","coordinates":[[[[-97.240054,27.833566],[-97.2343,27.835824],[-97.229997,27.830039],[-97.233879,27.828914],[-97.240054,27.833566]]],[[[-97.908677,28.092518],[-97.907304,28.097586],[-97.896561,28.100209],[-97.898032,28.113667],[-97.904081,28.114228],[-97.817716,28.176848],[-97.567622,28.129683],[-97.541071,28.164669],[-97.527415,28.160568],[-97.521211,28.151341],[-97.482384,28.168616],[-97.475528,28.179296],[-97.471882,28.155003],[-97.456291,28.160535],[-97.458208,28.155831],[-97.450138,28.147767],[-97.44192,28.153522],[-97.44645,28.132793],[-97.422259,28.142305],[-97.423548,28.13501],[-97.435277,28.129908],[-97.427998,28.128111],[-97.426733,28.117259],[-97.418142,28.122136],[-97.405384,28.119216],[-97.403932,28.109003],[-97.400919,28.119506],[-97.396225,28.118841],[-97.405447,28.123483],[-97.403842,28.130129],[-97.390018,28.129809],[-97.384469,28.124109],[-97.378614,28.139002],[-97.345424,28.118371],[-97.341518,28.132171],[-97.324708,28.126003],[-97.330681,28.119898],[-97.325274,28.119519],[-97.317664,28.131872],[-97.327503,28.133117],[-97.317803,28.137495],[-97.309037,28.120017],[-97.316954,28.11575],[-97.316044,28.109352],[-97.30134,28.103829],[-97.295681,28.106074],[-97.294912,28.114541],[-97.288863,28.113675],[-97.283984,28.091331],[-97.261521,28.08722],[-97.259401,28.073196],[-97.141128,27.911538],[-97.1353500134097,27.8978362670764],[-97.142634,27.894718],[-97.162313,27.868628],[-97.190597,27.823271],[-97.201044,27.821279],[-97.224886,27.826676],[-97.227382,27.830565],[-97.220417,27.837317],[-97.225073,27.844481],[-97.220205,27.850592],[-97.221692,27.854494],[-97.226192,27.848293],[-97.234651,27.850387],[-97.245916,27.872493],[-97.263566,27.880815],[-97.308746,27.874273],[-97.354949,27.851081],[-97.359129,27.852491],[-97.330714,27.873816],[-97.337784,27.883624],[-97.377952,27.874905],[-97.402205,27.876416],[-97.418358,27.870388],[-97.44823,27.869384],[-97.458664,27.878882],[-97.461615,27.875536],[-97.456862,27.867551],[-97.460427,27.864505],[-97.46825,27.870269],[-97.470885,27.862824],[-97.481224,27.860092],[-97.485502,27.861353],[-97.480961,27.869833],[-97.493239,27.884076],[-97.516622,27.871425],[-97.520743,27.860747],[-97.515095,27.85117],[-97.497414,27.849451],[-97.488949,27.840338],[-97.500987,27.846697],[-97.506286,27.843053],[-97.535134,27.847725],[-97.542622,27.858315],[-97.555087,27.860715],[-97.591871,27.857005],[-97.608984,27.871688],[-97.609593,27.890377],[-97.626973,27.895398],[-97.632049,27.893641],[-97.627057,27.875707],[-97.638174,27.865594],[-97.642417,27.871771],[-97.656785,27.873003],[-97.67528,27.882538],[-97.671505,27.893033],[-97.691691,27.904101],[-97.687441,27.910665],[-97.690514,27.916969],[-97.70821,27.922584],[-97.716677,27.917673],[-97.715507,27.911865],[-97.723938,27.916297],[-97.736274,27.912041],[-97.730018,27.923288],[-97.745954,27.926952],[-97.748994,27.932856],[-97.762803,27.923398],[-97.766853,27.928183],[-97.761968,27.932849],[-97.764579,27.938385],[-97.775736,27.937802],[-97.780678,27.947669],[-97.795529,27.942221],[-97.797173,27.933937],[-97.806798,27.934712],[-97.809381,27.940958],[-97.805499,27.944206],[-97.809405,27.944061],[-97.809839,27.957764],[-97.817578,27.970617],[-97.811559,27.97488],[-97.808621,27.972124],[-97.802797,27.979393],[-97.796718,28.010616],[-97.789154,28.013589],[-97.79607,28.031258],[-97.805827,28.041382],[-97.838918,28.034613],[-97.878101,28.046313],[-97.874801,28.050039],[-97.884639,28.054904],[-97.884037,28.060035],[-97.900027,28.065636],[-97.901118,28.075883],[-97.895441,28.075869],[-97.908677,28.092518]]]]}},{"type":"Feature","properties":{"GEOID":"48039","NAME":"Brazoria","state":"TX","wildfire_risk_score":86.101,"wildfire_eal_total":886624.47,"risk_band":"High","source":"FEMA National Risk Index v1.20 (December 2025)"},"geometry":{"type":"Polygon","coordinates":[[[-95.874028,29.229702],[-95.841948,29.258707],[-95.847656,29.26259],[-95.79782,29.307971],[-95.784013,29.296249],[-95.752866,29.324503],[-95.66509,29.298891],[-95.654619,29.290951],[-95.64065,29.296637],[-95.626535,29.293146],[-95.620816,29.299839],[-95.628194,29.309502],[-95.625777,29.312981],[-95.604975,29.330737],[-95.590793,29.327485],[-95.5883,29.335908],[-95.5792,29.34062],[-95.582102,29.351546],[-95.573968,29.356394],[-95.580837,29.362084],[-95.572341,29.383826],[-95.565568,29.390792],[-95.547577,29.395197],[-95.549863,29.402619],[-95.545825,29.407735],[-95.556322,29.423591],[-95.550622,29.438306],[-95.462602,29.439238],[-95.424286,29.580312],[-95.393275,29.581687],[-95.376181,29.588284],[-95.346447,29.585548],[-95.331146,29.599108],[-95.308648,29.594916],[-95.288028,29.598331],[-95.261606,29.593157],[-95.253952,29.553943],[-95.243132,29.555018],[-95.237721,29.561371],[-95.233669,29.557144],[-95.214799,29.557136],[-95.233081,29.465566],[-95.0570940118151,29.2005219238839],[-95.097255,29.177373],[-95.109428,29.174848],[-95.112709,29.176917],[-95.108718,29.185813],[-95.115756,29.199528],[-95.134201,29.191755],[-95.143788,29.196225],[-95.156967,29.195046],[-95.158512,29.189133],[-95.152213,29.186539],[-95.1499,29.179308],[-95.167068,29.113057],[-95.137952,29.081593],[-95.124375,29.076478],[-95.123837,29.07064],[-95.25185,28.978986],[-95.294871,28.937177],[-95.340545,28.908499],[-95.380712,28.877181],[-95.383683,28.87],[-95.416174,28.859482],[-95.436734,28.859589],[-95.5072492559511,28.8255658801125],[-95.504977,28.837902],[-95.530471,28.829098],[-95.537085,28.832899],[-95.550216,28.828796],[-95.573671,28.832767],[-95.579021,28.839628],[-95.576156,28.852421],[-95.57924,28.859613],[-95.64167,28.903749],[-95.6519,28.925682],[-95.645822,28.938888],[-95.655071,28.95153],[-95.669394,28.956706],[-95.67513,28.964244],[-95.67955,28.965734],[-95.683819,28.960467],[-95.69913,28.969537],[-95.767981,28.969636],[-95.770692,28.975337],[-95.765576,28.979734],[-95.770495,28.985023],[-95.767204,28.991553],[-95.778339,28.997053],[-95.772733,29.004905],[-95.767773,29.003988],[-95.785064,29.008926],[-95.783937,29.012823],[-95.779454,29.010756],[-95.776687,29.01866],[-95.781983,29.021734],[-95.778548,29.026505],[-95.784002,29.02804],[-95.77944,29.034674],[-95.7855,29.03915],[-95.777329,29.044558],[-95.775632,29.052289],[-95.767546,29.053247],[-95.765049,29.060458],[-95.770446,29.06621],[-95.780877,29.065591],[-95.793665,29.072486],[-95.805905,29.090539],[-95.828867,29.089086],[-95.841894,29.099093],[-95.846379,29.10743],[-95.837761,29.133564],[-95.850492,29.156923],[-95.838371,29.176564],[-95.857805,29.193315],[-95.844667,29.204676],[-95.874028,29.229702]]]}},{"type":"Feature","properties":{"GEOID":"48443","NAME":"Terrell","state":"TX","wildfire_risk_score":46.692,"wildfire_eal_total":28256.25,"risk_band":"Low","source":"FEMA National Risk Index v1.20 (December 2025)"},"geometry":{"type":"Polygon","coordinates":[[[-102.566883,30.251903],[-102.566937,30.283269],[-102.343085,30.284116],[-102.342986,30.598759],[-102.138406,30.597521],[-102.137778,30.655982],[-101.768377,30.652938],[-101.760671,30.658323],[-101.752326,30.649695],[-101.736784,30.654048],[-101.722148,30.649919],[-101.711285,30.654415],[-101.706776,30.647732],[-101.692655,30.645687],[-101.689683,30.639047],[-101.669744,30.637812],[-101.666427,30.628972],[-101.652446,30.620471],[-101.658565,30.61693],[-101.656276,30.603627],[-101.663509,30.588727],[-101.649027,30.567706],[-101.646599,30.550952],[-101.667598,30.528024],[-101.679184,30.523493],[-101.675111,30.501862],[-101.691825,30.491418],[-101.688867,30.46762],[-101.705508,30.457485],[-101.721896,30.471016],[-101.731846,30.467339],[-101.731673,30.459888],[-101.718896,30.454462],[-101.720047,30.443129],[-101.740552,30.421321],[-101.728322,30.408152],[-101.700942,30.401848],[-101.694458,30.393294],[-101.697644,30.380773],[-101.685271,30.369532],[-101.658402,30.357675],[-101.658886,30.342622],[-101.676418,30.339979],[-101.694414,30.346763],[-101.715404,30.339822],[-101.737097,30.326921],[-101.744509,30.301277],[-101.758381,30.289685],[-101.760923744511,29.7818615288962],[-101.781912,29.789628],[-101.788122,29.779542],[-101.807536,29.781373],[-101.814521,29.79186],[-101.803613,29.803446],[-101.818275,29.811621],[-101.825815,29.805233],[-101.818634,29.790556],[-101.824101,29.787152],[-101.839056,29.794718],[-101.850958,29.807881],[-101.8754,29.794023],[-101.912406,29.79785],[-101.929323,29.782576],[-101.937277,29.800412],[-101.95872,29.796564],[-101.967332,29.813108],[-101.976632,29.815992],[-101.981199,29.815403],[-101.986071,29.797493],[-101.997488,29.806438],[-102.014898,29.797524],[-102.034759,29.804028],[-102.041088,29.79961],[-102.039227,29.790977],[-102.050044,29.78507],[-102.073646,29.786926],[-102.084439,29.794962],[-102.115682,29.79239],[-102.117319,29.800641],[-102.129514,29.798624],[-102.142326,29.802854],[-102.159601,29.814356],[-102.167666,29.826043],[-102.180076,29.826573],[-102.178761,29.840214],[-102.18525,29.847735],[-102.191655,29.846638],[-102.197063,29.83642],[-102.209938,29.844359],[-102.223528,29.84053],[-102.230857,29.847868],[-102.244455,29.848514],[-102.246915,29.86431],[-102.252302,29.853981],[-102.261389,29.853283],[-102.264954,29.867806],[-102.281249,29.863117],[-102.286187,29.870534],[-102.301381,29.877674],[-102.320703761477,29.8788549124151],[-102.567049,30.052808],[-102.566883,30.251903]]]}},{"type":"Feature","properties":{"GEOID":"48211","NAME":"Hemphill","state":"TX","wildfire_risk_score":89.79,"wildfire_eal_total":1320713.82,"risk_band":"High","source":"FEMA National Risk Index v1.20 (December 2025)"},"geometry":{"type":"Polygon","coordinates":[[[-100.54128,35.750043],[-100.540221,36.056491],[-100.000399,36.055677],[-100.000392,35.619115],[-100.540158,35.619296],[-100.54128,35.750043]]]}},{"type":"Feature","properties":{"GEOID":"48067","NAME":"Cass","state":"TX","wildfire_risk_score":70.833,"wildfire_eal_total":118736.0,"risk_band":"Moderate","source":"FEMA National Risk Index v1.20 (December 2025)"},"geometry":{"type":"Polygon","coordinates":[[[-94.65384,32.91704],[-94.65226,33.268861],[-94.649101,33.25871],[-94.634839,33.251351],[-94.608009,33.247479],[-94.605012,33.249176],[-94.609508,33.253601],[-94.605121,33.256603],[-94.590455,33.259424],[-94.593043,33.255118],[-94.578406,33.247717],[-94.579438,33.251066],[-94.572463,33.249826],[-94.56968,33.253884],[-94.573306,33.257022],[-94.568972,33.264328],[-94.559347,33.261054],[-94.554221,33.269092],[-94.540016,33.264649],[-94.539415,33.269619],[-94.529954,33.26735],[-94.522616,33.276578],[-94.518499,33.274241],[-94.517868,33.282096],[-94.514516,33.279027],[-94.51495,33.282738],[-94.496457,33.281563],[-94.496671,33.284985],[-94.486661,33.280296],[-94.48523,33.287939],[-94.482279,33.284157],[-94.479896,33.289931],[-94.472247,33.288541],[-94.468442,33.294313],[-94.463592,33.287276],[-94.459082,33.289118],[-94.458957,33.285623],[-94.444228,33.281247],[-94.436295,33.281858],[-94.434291,33.287509],[-94.433612,33.28266],[-94.415739,33.284017],[-94.411294,33.27084],[-94.397753,33.270606],[-94.400259,33.265326],[-94.379409,33.255651],[-94.372794,33.260177],[-94.368673,33.258011],[-94.366349,33.262866],[-94.36242,33.260353],[-94.360901,33.264918],[-94.358547,33.258986],[-94.353237,33.261293],[-94.344673,33.252723],[-94.325624,33.256712],[-94.312033,33.248793],[-94.298929,33.250825],[-94.297685,33.255631],[-94.290516,33.248883],[-94.277825,33.249229],[-94.278001,33.24439],[-94.276172,33.248544],[-94.272819,33.243589],[-94.270033,33.247284],[-94.264355,33.245347],[-94.265066,33.240378],[-94.259356,33.242303],[-94.259313,33.237046],[-94.253971,33.242956],[-94.229365,33.243028],[-94.23495,33.244819],[-94.229672,33.24731],[-94.232662,33.254416],[-94.236996,33.254181],[-94.233196,33.257225],[-94.239163,33.25827],[-94.232739,33.269913],[-94.240353,33.27404],[-94.230312,33.279525],[-94.223293,33.27758],[-94.220745,33.287415],[-94.215756,33.284805],[-94.218517,33.296936],[-94.199031,33.301079],[-94.190883,33.298042],[-94.193446,33.301422],[-94.185573,33.302422],[-94.186946,33.305495],[-94.172908,33.301475],[-94.163721,33.312012],[-94.14035,33.294376],[-94.130474,33.292608],[-94.120492,33.292465],[-94.124612,33.29818],[-94.116815,33.300452],[-94.113472,33.294564],[-94.115914,33.305145],[-94.109413,33.302269],[-94.11007,33.309424],[-94.10038,33.297891],[-94.099525,33.305748],[-94.092903,33.298364],[-94.090752,33.305267],[-94.082619,33.304558],[-94.088982,33.296128],[-94.083732,33.293084],[-94.080848,33.299264],[-94.07331,33.292046],[-94.072928,33.295899],[-94.0671,33.294694],[-94.071418,33.300385],[-94.056144,33.298036],[-94.054052,33.294023],[-94.059363,33.294137],[-94.051046,33.287965],[-94.055563,33.286355],[-94.0429900210002,33.2712431650494],[-94.0428857174211,32.881088560255],[-94.653994,32.879506],[-94.65384,32.91704]]]}},{"type":"Feature","properties":{"GEOID":"48387","NAME":"Red River","state":"TX","wildfire_risk_score":59.478,"wildfire_eal_total":51989.18,"risk_band":"Low","source":"FEMA National Risk Index v1.20 (December 2025)"},"geometry":{"type":"Polygon","coordinates":[[[-95.310893,33.781354],[-95.3104056193911,33.8773685301904],[-95.280922,33.875403],[-95.27794,33.887508],[-95.285591,33.903357],[-95.278577,33.910191],[-95.266126,33.909773],[-95.264019,33.889757],[-95.260595,33.88765],[-95.252694,33.894234],[-95.250171,33.938497],[-95.232879,33.949736],[-95.230637,33.959799],[-95.217633,33.962646],[-95.171154,33.946506],[-95.158296,33.937526],[-95.1247,33.934675],[-95.120862,33.928118],[-95.131642,33.916027],[-95.122038,33.904795],[-95.089111,33.914203],[-95.082387,33.921758],[-95.076372,33.915378],[-95.078528,33.910283],[-95.100168,33.896101],[-95.089607,33.880857],[-95.080586,33.882256],[-95.074052,33.915349],[-95.06569,33.915966],[-95.063338,33.910871],[-95.072413,33.902699],[-95.060105,33.901873],[-95.046568,33.862565],[-95.01728,33.857953],[-95.001993,33.863049],[-94.988487,33.851],[-94.968895,33.860916],[-94.964401,33.837021],[-94.943831,33.8293],[-94.953518,33.816475],[-94.947874,33.808356],[-94.925215,33.808678],[-94.926072,33.828533],[-94.914764,33.824487],[-94.910209,33.812429],[-94.917029,33.808321],[-94.921955,33.791599],[-94.911427,33.778383],[-94.904172,33.777198],[-94.897718,33.768839],[-94.887748,33.769016],[-94.876504,33.757405],[-94.873837,33.770315],[-94.868144,33.768874],[-94.866736,33.76183],[-94.87708,33.75222],[-94.860687,33.741945],[-94.830717,33.7405],[-94.822473,33.732716],[-94.823042,33.747525],[-94.830844,33.758079],[-94.825294,33.768525],[-94.818574,33.767704],[-94.812155,33.750936],[-94.816065,33.739215],[-94.802252,33.732788],[-94.780966,33.744804],[-94.770499,33.760942],[-94.760058,33.758291],[-94.757813,33.750109],[-94.761751,33.746795],[-94.777393,33.745196],[-94.788251,33.735316],[-94.773126,33.727187],[-94.760604,33.727054],[-94.752512,33.734468],[-94.748236,33.724712],[-94.757611,33.717164],[-94.752129,33.713835],[-94.741775,33.72687],[-94.73263,33.723917],[-94.738572,33.714501],[-94.753801,33.707729],[-94.746096,33.7027682201853],[-94.746925,33.328938],[-94.752422,33.319398],[-94.761398,33.317365],[-94.763959,33.322885],[-94.781693,33.318905],[-94.776045,33.321011],[-94.78401,33.323829],[-94.777078,33.332966],[-94.789409,33.33842],[-94.781867,33.344261],[-94.786188,33.344443],[-94.785205,33.349092],[-94.790418,33.344946],[-94.790663,33.348681],[-94.797566,33.348613],[-94.791043,33.355322],[-94.79672,33.354566],[-94.79489,33.360086],[-94.800813,33.365354],[-94.814951,33.362858],[-94.81271,33.375577],[-94.833867,33.383875],[-94.835941,33.379407],[-94.836624,33.383806],[-94.839245,33.385179],[-94.837361,33.382294],[-94.843995,33.383209],[-94.846286,33.378833],[-94.849182,33.383848],[-94.857288,33.381601],[-94.857586,33.3767],[-94.875984,33.394193],[-94.889304,33.39848],[-94.907658,33.383853],[-94.911233,33.387769],[-94.913008,33.384518],[-94.915518,33.387907],[-94.922125,33.384197],[-94.931871,33.388665],[-94.935147,33.385917],[-94.94473,33.391871],[-94.953056,33.390839],[-94.953376,33.396065],[-94.966459,33.387929],[-94.981911,33.387214],[-94.981667,33.391886],[-94.995042,33.388765],[-95.003122,33.390507],[-94.999756,33.39419],[-95.004729,33.395363],[-95.017127,33.390949],[-95.020025,33.380943],[-95.040516,33.384832],[-95.039692,33.380097],[-95.049583,33.382983],[-95.051232,33.38868],[-95.05863,33.385947],[-95.059731,33.392103],[-95.076392,33.38617],[-95.093348,33.397571],[-95.094521,33.392876],[-95.101129,33.39663],[-95.120423,33.385813],[-95.123264,33.389476],[-95.140061,33.385317],[-95.145983,33.388044],[-95.142928,33.38328],[-95.160535,33.379873],[-95.158105,33.383124],[-95.165583,33.385506],[-95.177006,33.377798],[-95.18005,33.381707],[-95.18308,33.37722],[-95.188485,33.378959],[-95.185973,33.375799],[-95.1907,33.374021],[-95.198833,33.374681],[-95.194462,33.378112],[-95.201067,33.38095],[-95.223011,33.378152],[-95.220252,33.375611],[-95.229651,33.375557],[-95.228175,33.370666],[-95.233709,33.373627],[-95.24225,33.367936],[-95.257248,33.370527],[-95.260962,33.366934],[-95.271376,33.376643],[-95.272584,33.373395],[-95.289818,33.375587],[-95.299116,33.382738],[-95.30664,33.378027],[-95.310893,33.781354]]]}},{"type":"Feature","properties":{"GEOID":"48219","NAME":"Hockley","state":"TX","wildfire_risk_score":76.177,"wildfire_eal_total":238329.14,"risk_band":"Moderate","source":"FEMA National Risk Index v1.20 (December 2025)"},"geometry":{"type":"Polygon","coordinates":[[[-102.615447,33.825121],[-102.085733,33.824675],[-102.075929,33.389586],[-102.594836,33.388489],[-102.615447,33.825121]]]}},{"type":"Feature","properties":{"GEOID":"48127","NAME":"Dimmit","state":"TX","wildfire_risk_score":54.548,"wildfire_eal_total":33691.29,"risk_band":"Low","source":"FEMA National Risk Index v1.20 (December 2025)"},"geometry":{"type":"Polygon","coordinates":[[[-100.114336,28.648122],[-99.395736,28.640784],[-99.394177,28.204627],[-100.113719,28.197819],[-100.114336,28.648122]]]}},{"type":"Feature","properties":{"GEOID":"48471","NAME":"Walker","state":"TX","wildfire_risk_score":78.117,"wildfire_eal_total":260660.87,"risk_band":"Moderate","source":"FEMA National Risk Index v1.20 (December 2025)"},"geometry":{"type":"Polygon","coordinates":[[[-95.862266,30.865361],[-95.851462,30.867338],[-95.849116,30.86303],[-95.829283,30.862179],[-95.784532,30.879307],[-95.758536,30.899277],[-95.733388,30.900056],[-95.716508,30.911405],[-95.70975,30.906416],[-95.697242,30.907754],[-95.691274,30.901062],[-95.682707,30.906129],[-95.666272,30.905009],[-95.654501,30.89324],[-95.643553,30.900122],[-95.629597,30.900084],[-95.629607,30.908573],[-95.62145,30.913622],[-95.617092,30.91032],[-95.611934,30.918258],[-95.621619,30.924833],[-95.617872,30.930418],[-95.434781,31.058098],[-95.434335,30.937405],[-95.410825,30.930353],[-95.411267,30.911533],[-95.415504,30.907862],[-95.406243,30.905839],[-95.399695,30.892895],[-95.381253,30.887062],[-95.381351,30.879303],[-95.398763,30.882261],[-95.391567,30.875965],[-95.398351,30.859651],[-95.383279,30.852961],[-95.35587,30.855754],[-95.342526,30.875655],[-95.32748,30.859547],[-95.359156,30.504369],[-95.361866,30.508916],[-95.598878,30.50898],[-95.83024,30.630284],[-95.862266,30.865361]]]}},{"type":"Feature","properties":{"GEOID":"48089","NAME":"Colorado","state":"TX","wildfire_risk_score":49.427,"wildfire_eal_total":31850.88,"risk_band":"Low","source":"FEMA National Risk Index v1.20 (December 2025)"},"geometry":{"type":"Polygon","coordinates":[[[-96.869116,29.637928],[-96.717043,29.792706],[-96.569844,29.961516],[-96.535705,29.907326],[-96.485091,29.867335],[-96.476736,29.868646],[-96.460523,29.854674],[-96.440802,29.853614],[-96.421031,29.829269],[-96.393331,29.821736],[-96.379327,29.825303],[-96.360694,29.818868],[-96.343663,29.829927],[-96.33097,29.814664],[-96.331536,29.804153],[-96.337384,29.801272],[-96.315394,29.787278],[-96.319376,29.774289],[-96.314121,29.771188],[-96.31184,29.756357],[-96.297194,29.749718],[-96.298312,29.737207],[-96.29129,29.734951],[-96.291544,29.728064],[-96.280523,29.726203],[-96.270117,29.71658],[-96.270462,29.705833],[-96.277643,29.699723],[-96.266304,29.686955],[-96.25976,29.66933],[-96.240054,29.657776],[-96.224679,29.66489],[-96.208905,29.656408],[-96.199451,29.656455],[-96.175422,29.633806],[-96.307672,29.514523],[-96.348621,29.406792],[-96.640315,29.247804],[-96.658466,29.263876],[-96.560555,29.335439],[-96.793132,29.577378],[-96.832812,29.576863],[-96.839287,29.585245],[-96.833324,29.595903],[-96.84428,29.609041],[-96.843213,29.61662],[-96.859144,29.624376],[-96.864996,29.632706],[-96.874222,29.632706],[-96.869116,29.637928]]]}},{"type":"Feature","properties":{"GEOID":"48131","NAME":"Duval","state":"TX","wildfire_risk_score":52.417,"wildfire_eal_total":29570.26,"risk_band":"Low","source":"FEMA National Risk Index v1.20 (December 2025)"},"geometry":{"type":"Polygon","coordinates":[[[-98.803325,28.05748],[-98.235497,28.057966],[-98.232464,27.262487],[-98.523284,27.26515],[-98.522293,27.343284],[-98.552448,27.343764],[-98.552617,27.359101],[-98.589537,27.358695],[-98.589478,27.338236],[-98.624929,27.338067],[-98.625027,27.357727],[-98.798323,27.354029],[-98.803325,28.05748]]]}},{"type":"Feature","properties":{"GEOID":"48475","NAME":"Ward","state":"TX","wildfire_risk_score":75.286,"wildfire_eal_total":182045.21,"risk_band":"Moderate","source":"FEMA National Risk Index v1.20 (December 2025)"},"geometry":{"type":"Polygon","coordinates":[[[-103.610887,31.651802],[-102.767246,31.651714],[-102.767365,31.293803],[-102.774077,31.295297],[-102.792805,31.281921],[-102.802496,31.282856],[-102.809552,31.273986],[-102.817497,31.273953],[-102.826735,31.266881],[-102.837088,31.284708],[-102.856346,31.290915],[-102.877283,31.305214],[-102.876925,31.311213],[-102.873031,31.311665],[-102.875387,31.316292],[-102.899814,31.324455],[-102.913983,31.339118],[-102.927103,31.337776],[-102.933578,31.350081],[-102.957895,31.350899],[-102.95915,31.354826],[-102.965675,31.351309],[-102.972702,31.359044],[-102.978414,31.353194],[-102.995682,31.356893],[-103.01104,31.371306],[-103.010738,31.377477],[-103.035658,31.378296],[-103.052299,31.385064],[-103.06616,31.377748],[-103.068065,31.370393],[-103.063106,31.368468],[-103.067348,31.365197],[-103.099738,31.365342],[-103.106554,31.361222],[-103.128334,31.367388],[-103.130188,31.363859],[-103.14249,31.36541],[-103.158592,31.372326],[-103.193685,31.371735],[-103.213817,31.382289],[-103.244934,31.389368],[-103.257786,31.407304],[-103.255186,31.420339],[-103.261677,31.42757],[-103.274734,31.423677],[-103.274351,31.416959],[-103.279123,31.414433],[-103.293291,31.421699],[-103.329941,31.411998],[-103.348849,31.423491],[-103.357911,31.415255],[-103.361763,31.41903],[-103.36893,31.41388],[-103.368248,31.418158],[-103.380837,31.416899],[-103.398779,31.433788],[-103.418187,31.426051],[-103.44241,31.433752],[-103.443138,31.425915],[-103.453923,31.425673],[-103.475969,31.440025],[-103.489097,31.455963],[-103.488968,31.46853],[-103.480847,31.474902],[-103.493681,31.486881],[-103.4956,31.4985],[-103.503838,31.506311],[-103.503405,31.515689],[-103.495686,31.521695],[-103.502642,31.528535],[-103.497494,31.531828],[-103.49538,31.549951],[-103.505483,31.560896],[-103.502397,31.563157],[-103.508049,31.564068],[-103.507222,31.569055],[-103.511417,31.567004],[-103.514742,31.576884],[-103.507421,31.587821],[-103.509155,31.586986],[-103.511541,31.589663],[-103.510703,31.59142],[-103.505789,31.590625],[-103.508524,31.592319],[-103.504196,31.596648],[-103.51414,31.6129],[-103.510301,31.614126],[-103.513271,31.623442],[-103.510389,31.622828],[-103.509379,31.625934],[-103.517674,31.625245],[-103.516387,31.628461],[-103.529801,31.63246],[-103.526209,31.63419],[-103.530835,31.636012],[-103.530927,31.642284],[-103.551615,31.644799],[-103.562324,31.63291],[-103.573028,31.632291],[-103.610887,31.651802]]]}},{"type":"Feature","properties":{"GEOID":"48225","NAME":"Houston","state":"TX","wildfire_risk_score":77.799,"wildfire_eal_total":197955.58,"risk_band":"Moderate","source":"FEMA National Risk Index v1.20 (December 2025)"},"geometry":{"type":"Polygon","coordinates":[[[-95.775353,31.122051],[-95.77425,31.138323],[-95.76228,31.144103],[-95.757402,31.141573],[-95.749409,31.15524],[-95.744296,31.152267],[-95.728026,31.161955],[-95.743389,31.176868],[-95.747943,31.20831],[-95.725041,31.230098],[-95.723741,31.246083],[-95.727723,31.251955],[-95.722144,31.254673],[-95.72813,31.259735],[-95.725226,31.271084],[-95.704141,31.28042],[-95.707589,31.286337],[-95.695085,31.297029],[-95.681413,31.288509],[-95.671403,31.29556],[-95.679106,31.302108],[-95.668578,31.308515],[-95.67168,31.317204],[-95.662672,31.321],[-95.659416,31.315909],[-95.656125,31.322183],[-95.657514,31.34348],[-95.677291,31.346549],[-95.672623,31.356104],[-95.661611,31.357259],[-95.664218,31.364305],[-95.691444,31.374676],[-95.69283,31.391494],[-95.700552,31.393402],[-95.698322,31.406335],[-95.711677,31.423594],[-95.712117,31.455783],[-95.720781,31.46248],[-95.746837,31.45817],[-95.73921,31.472181],[-95.721842,31.472754],[-95.729854,31.48963],[-95.738772,31.485082],[-95.744631,31.48999],[-95.740575,31.496312],[-95.743198,31.500618],[-95.647171,31.527014],[-95.651764,31.541791],[-95.273203,31.592886],[-95.255023,31.574789],[-95.230187,31.573495],[-95.231601,31.577048],[-95.226544,31.577407],[-95.208518,31.570185],[-95.192573,31.573297],[-95.171913,31.584878],[-95.161757,31.57346],[-95.149737,31.569568],[-95.147426,31.563174],[-95.139603,31.562821],[-95.147309,31.553754],[-95.143445,31.539641],[-95.126646,31.538363],[-95.125428,31.53284],[-95.120297,31.534613],[-95.099966,31.518869],[-95.096696,31.509266],[-95.100566,31.508415],[-95.094423,31.49873],[-95.098046,31.493495],[-95.105573,31.494668],[-95.111118,31.483962],[-95.106205,31.482886],[-95.103541,31.474733],[-95.097253,31.475484],[-95.100735,31.468338],[-95.08817,31.46601],[-95.080766,31.469885],[-95.071915,31.463601],[-95.065402,31.471518],[-95.045369,31.44519],[-95.0075,31.444676],[-95.00538,31.439723],[-95.012098,31.435788],[-95.003255,31.427356],[-95.005525,31.421076],[-94.976718,31.409145],[-94.97778,31.399381],[-94.965952,31.396696],[-94.966254,31.391205],[-94.95811,31.38693],[-95.624224,30.927238],[-95.637423,30.926305],[-95.649761,30.935951],[-95.650547,30.947278],[-95.660165,30.957164],[-95.664954,30.970883],[-95.681305,30.987499],[-95.670384,30.993729],[-95.658418,31.01631],[-95.666512,31.019879],[-95.668847,31.026861],[-95.6419,31.041867],[-95.631214,31.037001],[-95.629983,31.05175],[-95.647546,31.055382],[-95.654913,31.067311],[-95.648538,31.070005],[-95.663546,31.083884],[-95.675514,31.075965],[-95.692388,31.08196],[-95.699139,31.076876],[-95.703569,31.082486],[-95.705931,31.078191],[-95.723383,31.079834],[-95.72841,31.087874],[-95.736356,31.083772],[-95.742602,31.090875],[-95.760626,31.088928],[-95.775353,31.122051]]]}},{"type":"Feature","properties":{"GEOID":"48347","NAME":"Nacogdoches","state":"TX","wildfire_risk_score":78.817,"wildfire_eal_total":265333.76,"risk_band":"Moderate","source":"FEMA National Risk Index v1.20 (December 2025)"},"geometry":{"type":"Polygon","coordinates":[[[-94.978134,31.793514],[-94.954068,31.796863],[-94.954256,31.805524],[-94.946564,31.80732],[-94.94229,31.818332],[-94.948366,31.826117],[-94.940983,31.82691],[-94.934616,31.834748],[-94.937532,31.845555],[-94.451685,31.844044],[-94.433945,31.824547],[-94.42412,31.800154],[-94.427292,31.777267],[-94.432401,31.775157],[-94.420182,31.764635],[-94.422312,31.761013],[-94.41249,31.746361],[-94.416809,31.705913],[-94.407029,31.695403],[-94.409757,31.690598],[-94.403798,31.682107],[-94.406736,31.665171],[-94.398367,31.661254],[-94.403408,31.658313],[-94.398189,31.655727],[-94.395278,31.638636],[-94.37853,31.63577],[-94.374923,31.639016],[-94.365722,31.632757],[-94.36714,31.624019],[-94.357468,31.623199],[-94.350224,31.606419],[-94.339893,31.60872],[-94.328195,31.592451],[-94.310888,31.589043],[-94.313399,31.575543],[-94.305583,31.570929],[-94.308582,31.551914],[-94.304081,31.546684],[-94.307665,31.538215],[-94.302509,31.533656],[-94.306933,31.530698],[-94.300122,31.526782],[-94.30927,31.524264],[-94.306728,31.519788],[-94.31013,31.517016],[-94.308038,31.518353],[-94.306799,31.516587],[-94.310518,31.516194],[-94.304437,31.514993],[-94.302217,31.505144],[-94.305526,31.496609],[-94.311225,31.494591],[-94.307746,31.492281],[-94.316109,31.495614],[-94.313907,31.48648],[-94.31904,31.478385],[-94.31192,31.46887],[-94.312914,31.460984],[-94.318,31.453226],[-94.315528,31.447917],[-94.324993,31.43941],[-94.314853,31.435752],[-94.316403,31.430831],[-94.30526,31.421852],[-94.314495,31.410413],[-94.312787,31.404326],[-94.317432,31.402059],[-94.319165,31.405673],[-94.326934,31.399991],[-94.322807,31.38804],[-94.327783,31.384137],[-94.324583,31.375723],[-94.330933,31.363317],[-94.31344,31.337524],[-94.318399,31.331885],[-94.317207,31.323933],[-94.322219,31.323576],[-94.315119,31.308439],[-94.325546,31.293924],[-94.320099,31.294577],[-94.326828,31.290759],[-94.32219,31.285513],[-94.332447,31.277736],[-94.339634,31.263273],[-94.328894,31.250699],[-94.339773,31.24082],[-94.324461,31.230165],[-94.326616,31.224754],[-94.334961,31.223238],[-94.335354,31.229565],[-94.349267,31.239404],[-94.350726,31.247545],[-94.35709,31.246889],[-94.357631,31.25959],[-94.371629,31.263561],[-94.376277,31.273986],[-94.383027,31.274109],[-94.382638,31.281081],[-94.38742,31.283091],[-94.385391,31.290009],[-94.395187,31.301861],[-94.447706,31.317796],[-94.455316,31.336385],[-94.45234,31.340421],[-94.458406,31.342688],[-94.455964,31.351893],[-94.46204,31.354916],[-94.471135,31.373032],[-94.466233,31.378812],[-94.492718,31.395073],[-94.489715,31.399001],[-94.502815,31.410766],[-94.503929,31.406441],[-94.507433,31.410899],[-94.515745,31.409344],[-94.519236,31.401006],[-94.537559,31.39863],[-94.542404,31.404967],[-94.545121,31.431855],[-94.581452,31.433189],[-94.582859,31.443716],[-94.587296,31.442672],[-94.589246,31.447639],[-94.590257,31.443701],[-94.595311,31.444474],[-94.591149,31.447823],[-94.594334,31.449423],[-94.60419,31.440532],[-94.62793,31.438852],[-94.630293,31.444118],[-94.635812,31.440926],[-94.660266,31.452354],[-94.663851,31.459392],[-94.674147,31.452454],[-94.698094,31.452393],[-94.704064,31.456711],[-94.728679,31.457226],[-94.733743,31.465219],[-94.738969,31.463039],[-94.753006,31.470277],[-94.764213,31.469133],[-94.777269,31.48052],[-94.792286,31.479241],[-94.803928,31.49046],[-94.811972,31.487216],[-94.809922,31.484789],[-94.818962,31.487172],[-94.822528,31.48386],[-94.826569,31.491727],[-94.836367,31.49601],[-94.833869,31.501662],[-94.840747,31.502311],[-94.840016,31.507695],[-94.851074,31.505173],[-94.851597,31.510944],[-94.861236,31.514781],[-94.863935,31.525598],[-94.883969,31.529693],[-94.884366,31.540894],[-94.894002,31.541226],[-94.893585,31.550011],[-94.900524,31.552458],[-94.889591,31.566254],[-94.891827,31.578001],[-94.912305,31.569027],[-94.919141,31.572632],[-94.924758,31.582986],[-94.91931,31.58741],[-94.928351,31.598468],[-94.926244,31.609984],[-94.941415,31.627032],[-94.942115,31.638577],[-94.954224,31.639712],[-94.948342,31.657048],[-94.95259,31.670969],[-94.957072,31.670301],[-94.950675,31.679663],[-94.965946,31.697758],[-94.960359,31.698422],[-94.962698,31.715832],[-94.954379,31.723181],[-94.965091,31.736498],[-94.972615,31.737423],[-94.967268,31.753816],[-94.943804,31.752378],[-94.93754,31.756706],[-94.930431,31.755048],[-94.926266,31.761858],[-94.938627,31.772227],[-94.948838,31.774403],[-94.951008,31.769088],[-94.959105,31.778981],[-94.974678,31.7819],[-94.978134,31.793514]]]}},{"type":"Feature","properties":{"GEOID":"48153","NAME":"Floyd","state":"TX","wildfire_risk_score":73.314,"wildfire_eal_total":173806.58,"risk_band":"Moderate","source":"FEMA National Risk Index v1.20 (December 2025)"},"geometry":{"type":"Polygon","coordinates":[[[-101.56504,34.1898],[-101.564856,34.312493],[-101.041484,34.312444],[-101.041158,33.833625],[-101.56358,33.830451],[-101.56504,34.1898]]]}},{"type":"Feature","properties":{"GEOID":"48469","NAME":"Victoria","state":"TX","wildfire_risk_score":76.527,"wildfire_eal_total":261374.85,"risk_band":"Moderate","source":"FEMA National Risk Index v1.20 (December 2025)"},"geometry":{"type":"Polygon","coordinates":[[[-97.305916,28.864037],[-96.976378,29.104046],[-96.938587,29.063244],[-96.832103,29.021299],[-96.81604,28.992883],[-96.816639,28.985392],[-96.805592,28.972238],[-96.807783,28.95597],[-96.791665,28.918299],[-96.77604,28.915959],[-96.772216,28.905898],[-96.763285,28.905345],[-96.758447,28.896476],[-96.746964,28.896569],[-96.745763,28.891026],[-96.738917,28.893595],[-96.722084,28.861835],[-96.711514,28.851411],[-96.702718,28.851023],[-96.71322,28.845343],[-96.716586,28.834891],[-96.712396,28.830172],[-96.719525,28.829094],[-96.715231,28.823801],[-96.723088,28.821188],[-96.706045,28.814386],[-96.706746,28.804167],[-96.701959,28.79963],[-96.706146,28.795803],[-96.697641,28.797385],[-96.69517,28.79294],[-96.697741,28.774358],[-96.686222,28.772205],[-96.689291,28.767324],[-96.686248,28.76375],[-96.670091,28.761191],[-96.671714,28.751071],[-96.663316,28.742281],[-96.668802,28.736299],[-96.662643,28.732182],[-96.659814,28.720387],[-96.645933,28.721093],[-96.642505,28.716945],[-96.648819,28.720567],[-96.650925,28.717681],[-96.643442,28.712105],[-96.659864,28.701671],[-96.665707,28.705705],[-96.722814,28.669759],[-96.853757,28.635199],[-96.930367,28.586728],[-96.914229,28.569238],[-96.905962,28.571524],[-96.908202,28.567076],[-96.902159,28.565842],[-96.903091,28.560755],[-96.89822,28.560157],[-96.901846,28.554693],[-96.895139,28.548863],[-96.905799,28.53205],[-96.890951,28.507178],[-96.901722,28.509639],[-96.915957,28.498685],[-96.910609,28.488616],[-96.925144,28.48835],[-96.95595,28.504518],[-96.985552,28.499949],[-96.994607,28.508707],[-97.022859,28.517941],[-97.024812,28.539072],[-97.031245,28.541593],[-97.042835,28.531576],[-97.051467,28.535124],[-97.044346,28.541755],[-97.047766,28.546109],[-97.044762,28.549826],[-97.050777,28.545687],[-97.055867,28.550177],[-97.062704,28.547402],[-97.059167,28.545178],[-97.061929,28.540857],[-97.071898,28.542832],[-97.07201,28.547102],[-97.077425,28.540277],[-97.079671,28.545473],[-97.082687,28.54279],[-97.077719,28.533614],[-97.086086,28.532561],[-97.0911,28.539905],[-97.094925,28.538431],[-97.094083,28.544325],[-97.102911,28.548322],[-97.098912,28.549874],[-97.103884,28.554594],[-97.119743,28.546304],[-97.122847,28.549206],[-97.123372,28.545252],[-97.139462,28.554166],[-97.147817,28.54637],[-97.151774,28.549641],[-97.149331,28.553282],[-97.155654,28.547857],[-97.160167,28.5502],[-97.16442,28.559492],[-97.160201,28.562628],[-97.164214,28.564791],[-97.153968,28.570173],[-97.169963,28.577187],[-97.165935,28.580759],[-97.171237,28.586714],[-97.161982,28.585062],[-97.175071,28.593779],[-97.182359,28.610602],[-97.167731,28.727846],[-97.170695,28.736868],[-97.178246,28.738865],[-97.167836,28.74792],[-97.160649,28.78258],[-97.176325,28.790734],[-97.190544,28.813344],[-97.186665,28.834079],[-97.195431,28.839025],[-97.203514,28.854445],[-97.233419,28.865365],[-97.237282,28.863445],[-97.234987,28.854118],[-97.252292,28.857892],[-97.260264,28.847192],[-97.300508,28.844109],[-97.30488,28.850732],[-97.297695,28.853642],[-97.297746,28.860862],[-97.305916,28.864037]]]}},{"type":"Feature","properties":{"GEOID":"48223","NAME":"Hopkins","state":"TX","wildfire_risk_score":65.649,"wildfire_eal_total":117248.23,"risk_band":"Low","source":"FEMA National Risk Index v1.20 (December 2025)"},"geometry":{"type":"Polygon","coordinates":[[[-95.863326,33.049892],[-95.861778,33.21933],[-95.847317,33.225797],[-95.844222,33.233852],[-95.83469,33.232217],[-95.822964,33.240333],[-95.810261,33.241994],[-95.804056,33.251797],[-95.786682,33.253997],[-95.77899,33.260154],[-95.774235,33.276949],[-95.756465,33.288216],[-95.758192,33.29666],[-95.741984,33.297044],[-95.729094,33.305428],[-95.721023,33.30424],[-95.720231,33.299411],[-95.697754,33.308346],[-95.683291,33.300012],[-95.657279,33.31308],[-95.647028,33.3112],[-95.642388,33.321044],[-95.615872,33.338323],[-95.612886,33.348295],[-95.584092,33.359442],[-95.579691,33.354439],[-95.566928,33.357413],[-95.556795,33.351016],[-95.55233,33.357621],[-95.534634,33.359538],[-95.526157,33.349007],[-95.513933,33.346289],[-95.494569,33.349656],[-95.497357,33.351326],[-95.49158,33.354203],[-95.485897,33.350015],[-95.477607,33.356499],[-95.465034,33.356802],[-95.456211,33.368447],[-95.441294,33.362707],[-95.440938,33.366673],[-95.435785,33.364116],[-95.418225,33.371032],[-95.412088,33.367613],[-95.400307,33.371698],[-95.397804,33.367193],[-95.391036,33.369604],[-95.385084,33.365568],[-95.369667,33.369999],[-95.345197,33.360394],[-95.314618,33.36707],[-95.315758,33.373101],[-95.308593,33.37719],[-95.308957,32.962572],[-95.665389,32.960434],[-95.667728,32.979554],[-95.862521,32.979571],[-95.863326,33.049892]]]}},{"type":"Feature","properties":{"GEOID":"48025","NAME":"Bee","state":"TX","wildfire_risk_score":61.8,"wildfire_eal_total":67581.39,"risk_band":"Low","source":"FEMA National Risk Index v1.20 (December 2025)"},"geometry":{"type":"Polygon","coordinates":[[[-98.089764,28.662979],[-97.915106,28.719648],[-97.902196,28.71301],[-97.891815,28.703097],[-97.89334,28.699968],[-97.858368,28.684344],[-97.835415,28.680152],[-97.834228,28.675773],[-97.830111,28.678079],[-97.825312,28.670341],[-97.788002,28.675832],[-97.766641,28.664807],[-97.754593,28.654165],[-97.750483,28.639235],[-97.731603,28.628063],[-97.728882,28.610493],[-97.713048,28.586406],[-97.712653,28.576283],[-97.701626,28.560413],[-97.696572,28.541537],[-97.669397,28.53533],[-97.668139,28.53045],[-97.654859,28.52833],[-97.646595,28.520928],[-97.623081,28.529588],[-97.610401,28.523233],[-97.607438,28.5267],[-97.58627,28.524372],[-97.563024,28.516408],[-97.558608,28.514241],[-97.552516,28.494964],[-97.551369,28.450441],[-97.521886,28.446876],[-97.523879,28.440738],[-97.517853,28.431972],[-97.502049,28.437813],[-97.48521,28.436391],[-97.470239,28.425106],[-97.461324,28.408637],[-97.451158,28.409486],[-97.447238,28.403248],[-97.429271,28.413018],[-97.420547,28.404182],[-97.410237,28.40802],[-97.398243,28.40437],[-97.399678,28.392306],[-97.389772,28.397078],[-97.388394,28.391208],[-97.375579,28.388684],[-97.567622,28.129683],[-97.817716,28.176848],[-97.808774,28.183415],[-98.089764,28.662979]]]}},{"type":"Feature","properties":{"GEOID":"48119","NAME":"Delta","state":"TX","wildfire_risk_score":39.599,"wildfire_eal_total":23266.44,"risk_band":"Low","source":"FEMA National Risk Index v1.20 (December 2025)"},"geometry":{"type":"Polygon","coordinates":[[[-95.86168,33.228116],[-95.857738,33.461722],[-95.848947,33.45776],[-95.825865,33.459347],[-95.817346,33.469259],[-95.781634,33.48631],[-95.778965,33.491842],[-95.761076,33.495387],[-95.727144,33.48418],[-95.709264,33.483279],[-95.707786,33.48776],[-95.697238,33.476765],[-95.684801,33.478419],[-95.681464,33.470273],[-95.660314,33.475814],[-95.642957,33.48669],[-95.636325,33.482097],[-95.623682,33.486904],[-95.60936,33.484378],[-95.611005,33.481864],[-95.603675,33.484721],[-95.592952,33.480126],[-95.595632,33.476818],[-95.590449,33.469006],[-95.565836,33.47706],[-95.549166,33.467869],[-95.548144,33.460538],[-95.526956,33.445923],[-95.504798,33.441927],[-95.492136,33.451481],[-95.493477,33.455607],[-95.481262,33.452238],[-95.4646,33.433895],[-95.444673,33.43305],[-95.432837,33.427197],[-95.425444,33.416658],[-95.416422,33.41626],[-95.414507,33.410863],[-95.399752,33.409778],[-95.396789,33.398924],[-95.390026,33.40213],[-95.379555,33.399695],[-95.372972,33.39094],[-95.363474,33.393724],[-95.353887,33.386894],[-95.33677,33.387863],[-95.32413,33.379393],[-95.30664,33.378027],[-95.315758,33.373101],[-95.314618,33.36707],[-95.345197,33.360394],[-95.369667,33.369999],[-95.385084,33.365568],[-95.391036,33.369604],[-95.397804,33.367193],[-95.400307,33.371698],[-95.412088,33.367613],[-95.418225,33.371032],[-95.435785,33.364116],[-95.440938,33.366673],[-95.441294,33.362707],[-95.456211,33.368447],[-95.465034,33.356802],[-95.477607,33.356499],[-95.485897,33.350015],[-95.49158,33.354203],[-95.497357,33.351326],[-95.494569,33.349656],[-95.513933,33.346289],[-95.526157,33.349007],[-95.530366,33.356617],[-95.539854,33.360497],[-95.55233,33.357621],[-95.556795,33.351016],[-95.566928,33.357413],[-95.574039,33.353755],[-95.586852,33.358711],[-95.612886,33.348295],[-95.615872,33.338323],[-95.642388,33.321044],[-95.647028,33.3112],[-95.657279,33.31308],[-95.683291,33.300012],[-95.697754,33.308346],[-95.720231,33.299411],[-95.721023,33.30424],[-95.729094,33.305428],[-95.741984,33.297044],[-95.758192,33.29666],[-95.756465,33.288216],[-95.774235,33.276949],[-95.77899,33.260154],[-95.786682,33.253997],[-95.804056,33.251797],[-95.810261,33.241994],[-95.822964,33.240333],[-95.83469,33.232217],[-95.844222,33.233852],[-95.847317,33.225797],[-95.860394,33.218559],[-95.86168,33.228116]]]}},{"type":"Feature","properties":{"GEOID":"48455","NAME":"Trinity","state":"TX","wildfire_risk_score":69.975,"wildfire_eal_total":104295.79,"risk_band":"Moderate","source":"FEMA National Risk Index v1.20 (December 2025)"},"geometry":{"type":"Polygon","coordinates":[[[-95.434781,31.058098],[-94.95811,31.38693],[-94.949645,31.38103],[-94.957308,31.379136],[-94.959003,31.364956],[-94.949802,31.359822],[-94.961363,31.352511],[-94.961417,31.34916],[-94.955279,31.349671],[-94.95782,31.342847],[-94.909258,31.336804],[-94.89703,31.323423],[-94.901546,31.313256],[-94.894179,31.291584],[-94.886087,31.295571],[-94.883524,31.287207],[-94.877813,31.287382],[-94.876713,31.283394],[-94.897499,31.264288],[-94.897578,31.257834],[-94.88406,31.255301],[-94.880107,31.247519],[-94.875719,31.25046],[-94.860436,31.234495],[-94.86465,31.22565],[-94.858372,31.220476],[-94.862903,31.219866],[-94.859471,31.21597],[-94.863322,31.21676],[-94.861404,31.212786],[-94.86636,31.208672],[-94.850074,31.178553],[-94.850131,31.171141],[-94.85514,31.172636],[-94.849959,31.154883],[-94.856263,31.150079],[-94.842947,31.146578],[-94.939245,31.041981],[-95.20018,30.824566],[-95.207641,30.832379],[-95.232092,30.842816],[-95.243097,30.866856],[-95.230777,30.887007],[-95.252385,30.906719],[-95.312898,30.897873],[-95.310731,30.88838],[-95.316698,30.878841],[-95.313903,30.873101],[-95.32748,30.859547],[-95.342526,30.875655],[-95.350247,30.86855],[-95.352072,30.856951],[-95.383279,30.852961],[-95.396697,30.857706],[-95.398375,30.867184],[-95.391567,30.875965],[-95.398763,30.882261],[-95.381351,30.879303],[-95.381253,30.887062],[-95.399695,30.892895],[-95.406243,30.905839],[-95.415504,30.907862],[-95.411267,30.911533],[-95.410825,30.930353],[-95.434335,30.937405],[-95.434781,31.058098]]]}},{"type":"Feature","properties":{"GEOID":"48015","NAME":"Austin","state":"TX","wildfire_risk_score":54.771,"wildfire_eal_total":51150.22,"risk_band":"Low","source":"FEMA National Risk Index v1.20 (December 2025)"},"geometry":{"type":"Polygon","coordinates":[[[-96.620848,30.045203],[-96.594141,30.071022],[-96.585899,30.064668],[-96.518814,30.065198],[-96.288998,30.096829],[-96.271057,30.093882],[-96.267902,30.082931],[-96.259336,30.075744],[-96.243781,30.07241],[-96.22859,30.075592],[-96.209174,30.062245],[-96.206786,30.066961],[-96.192479,30.065181],[-96.162816,30.052882],[-96.155706,30.058789],[-96.155223,30.067132],[-96.146052,30.070224],[-96.146441,30.064486],[-96.138949,30.056939],[-96.114671,30.048808],[-96.107057,30.036149],[-96.113221,30.026997],[-96.09663,30.027613],[-96.084541,30.005137],[-96.091567,29.998218],[-96.100514,30.00423],[-96.104516,29.996378],[-96.095703,29.978139],[-96.102883,29.967761],[-96.092768,29.961488],[-96.107692,29.959325],[-96.122754,29.968545],[-96.126038,29.964969],[-96.11946,29.955017],[-96.106352,29.9555],[-96.100796,29.943526],[-96.108436,29.94063],[-96.122905,29.949026],[-96.130575,29.939565],[-96.131192,29.933734],[-96.119676,29.928454],[-96.11332,29.915316],[-96.12383,29.907149],[-96.125949,29.897709],[-96.10434,29.882641],[-96.092739,29.882765],[-96.095808,29.876676],[-96.112227,29.872557],[-96.110202,29.858672],[-96.100939,29.852514],[-96.116245,29.847506],[-96.122097,29.839404],[-96.107925,29.82228],[-96.098172,29.826728],[-96.102496,29.809665],[-96.079546,29.80442],[-96.0646,29.806939],[-96.058272,29.799754],[-96.046947,29.80099],[-96.041365,29.792443],[-96.043009,29.779129],[-96.029596,29.754666],[-96.031015,29.746033],[-96.040073,29.73815],[-96.032711,29.727944],[-96.032609,29.717686],[-96.011605,29.719843],[-96.006498,29.714865],[-96.005986,29.703855],[-96.022639,29.70501],[-96.014524,29.693589],[-96.016637,29.680061],[-96.021445,29.678897],[-96.031208,29.688468],[-96.059565,29.679328],[-96.057538,29.672725],[-96.046084,29.665513],[-96.030906,29.675187],[-96.016769,29.667491],[-96.020859,29.658745],[-96.033125,29.658249],[-96.014753,29.641669],[-96.01931,29.635541],[-96.016438,29.627104],[-96.023664,29.62324],[-96.024825,29.602899],[-96.090372,29.602027],[-96.094934,29.612491],[-96.10965,29.622524],[-96.122154,29.618288],[-96.130839,29.622852],[-96.141837,29.619636],[-96.155227,29.629213],[-96.165401,29.626901],[-96.199451,29.656455],[-96.208905,29.656408],[-96.224679,29.66489],[-96.240054,29.657776],[-96.25976,29.66933],[-96.266304,29.686955],[-96.277643,29.699723],[-96.270462,29.705833],[-96.270117,29.71658],[-96.280523,29.726203],[-96.291544,29.728064],[-96.29129,29.734951],[-96.298312,29.737207],[-96.297194,29.749718],[-96.31184,29.756357],[-96.314121,29.771188],[-96.319376,29.774289],[-96.315394,29.787278],[-96.337384,29.801272],[-96.331536,29.804153],[-96.33097,29.814664],[-96.342742,29.828976],[-96.352199,29.827342],[-96.358632,29.818907],[-96.379327,29.825303],[-96.388811,29.821459],[-96.412691,29.824655],[-96.42816,29.840925],[-96.434724,29.841904],[-96.440802,29.853614],[-96.460523,29.854674],[-96.476736,29.868646],[-96.485091,29.867335],[-96.535705,29.907326],[-96.620848,30.045203]]]}},{"type":"Feature","properties":{"GEOID":"48151","NAME":"Fisher","state":"TX","wildfire_risk_score":48.887,"wildfire_eal_total":64670.02,"risk_band":"Low","source":"FEMA National Risk Index v1.20 (December 2025)"},"geometry":{"type":"Polygon","coordinates":[[[-100.660612,32.533268],[-100.65587,32.963469],[-100.144224,32.959978],[-100.146543,32.522793],[-100.660626,32.525312],[-100.660612,32.533268]]]}},{"type":"Feature","properties":{"GEOID":"48407","NAME":"San Jacinto","state":"TX","wildfire_risk_score":68.352,"wildfire_eal_total":107294.67,"risk_band":"Moderate","source":"FEMA National Risk Index v1.20 (December 2025)"},"geometry":{"type":"Polygon","coordinates":[[[-95.358856,30.506194],[-95.32748,30.859547],[-95.313903,30.873101],[-95.316698,30.878841],[-95.310731,30.88838],[-95.312898,30.897873],[-95.252385,30.906719],[-95.230777,30.887007],[-95.243097,30.866856],[-95.230989,30.841149],[-95.207641,30.832379],[-95.189239,30.818808],[-95.180993,30.818819],[-95.17404,30.807583],[-95.13194,30.783162],[-95.139382,30.776197],[-95.132198,30.755338],[-95.146034,30.742367],[-95.142251,30.728633],[-95.147073,30.71739],[-95.137374,30.705007],[-95.134899,30.693308],[-95.109861,30.694191],[-95.119528,30.677332],[-95.11069,30.671986],[-95.115005,30.661005],[-95.102374,30.658495],[-95.092682,30.662614],[-95.08999,30.671834],[-95.079762,30.669334],[-95.054602,30.680173],[-95.054542,30.671433],[-95.034227,30.674207],[-95.041339,30.665434],[-95.03898,30.662882],[-95.022766,30.659779],[-95.020833,30.654371],[-95.010278,30.656671],[-95.013183,30.648541],[-95.024663,30.649779],[-95.015874,30.627077],[-95.00895,30.627699],[-95.00715,30.60705],[-95.031822,30.597342],[-95.028991,30.591638],[-95.035491,30.585647],[-95.030889,30.580259],[-94.965729,30.576586],[-94.949359,30.570503],[-94.937278,30.557984],[-94.910452,30.561514],[-94.889567,30.556361],[-94.875209,30.546067],[-94.842876,30.546152],[-94.829719,30.539512],[-94.833374,30.530522],[-94.852581,30.524354],[-94.867393,30.510755],[-94.865509,30.495023],[-94.850514,30.494201],[-94.842621,30.487458],[-95.225581,30.319534],[-95.227606,30.325973],[-95.220753,30.33707],[-95.211404,30.338623],[-95.203801,30.352012],[-95.215974,30.354516],[-95.236796,30.379584],[-95.263338,30.384259],[-95.307989,30.405453],[-95.329528,30.433193],[-95.330279,30.443099],[-95.350705,30.476057],[-95.358856,30.506194]]]}},{"type":"Feature","properties":{"GEOID":"48405","NAME":"San Augustine","state":"TX","wildfire_risk_score":56.425,"wildfire_eal_total":39431.67,"risk_band":"Low","source":"FEMA National Risk Index v1.20 (December 2025)"},"geometry":{"type":"Polygon","coordinates":[[[-94.398984,31.650208],[-94.399091,31.653596],[-94.090812,31.620618],[-93.984461,31.569419],[-93.983239,31.466114],[-94.044154,31.409979],[-94.026192,31.381523],[-94.021729,31.365872],[-94.041633,31.340465],[-94.037115,31.332879],[-94.043324,31.324209],[-94.04172,31.314598],[-94.047265,31.298544],[-94.038815,31.287895],[-94.029124,31.251401],[-94.038575,31.217716],[-94.038692,31.176124],[-94.048684,31.151469],[-94.037797,31.129398],[-94.045719,31.116609],[-94.129632,31.09928],[-94.133955,31.107691],[-94.140204,31.104549],[-94.143878,31.114756],[-94.157606,31.114584],[-94.161547,31.122395],[-94.178593,31.123963],[-94.188505,31.137536],[-94.192732,31.135455],[-94.189758,31.139654],[-94.207536,31.151292],[-94.202915,31.153972],[-94.219556,31.164419],[-94.218997,31.173265],[-94.239225,31.18027],[-94.249216,31.177478],[-94.245897,31.180103],[-94.250572,31.18828],[-94.262206,31.180334],[-94.269863,31.19624],[-94.287885,31.20133],[-94.29445,31.212649],[-94.306139,31.212898],[-94.30336,31.21495],[-94.312354,31.217864],[-94.312559,31.223739],[-94.326616,31.224754],[-94.324461,31.230165],[-94.339773,31.24082],[-94.328894,31.250699],[-94.339634,31.263273],[-94.332447,31.277736],[-94.32219,31.285513],[-94.326828,31.290759],[-94.320099,31.294577],[-94.325546,31.293924],[-94.315119,31.308439],[-94.322219,31.323576],[-94.317207,31.323933],[-94.318399,31.331885],[-94.31344,31.337524],[-94.330933,31.363317],[-94.324583,31.375723],[-94.327783,31.384137],[-94.322807,31.38804],[-94.326934,31.399991],[-94.319165,31.405673],[-94.317432,31.402059],[-94.312787,31.404326],[-94.314495,31.410413],[-94.30526,31.421852],[-94.316403,31.430831],[-94.314853,31.435752],[-94.324993,31.43941],[-94.315528,31.447917],[-94.318,31.453226],[-94.312914,31.460984],[-94.31192,31.46887],[-94.31904,31.478385],[-94.313907,31.48648],[-94.316109,31.495614],[-94.307746,31.492281],[-94.311225,31.494591],[-94.305526,31.496609],[-94.302217,31.505144],[-94.304437,31.514993],[-94.310518,31.516194],[-94.306799,31.516587],[-94.31013,31.517016],[-94.306728,31.519788],[-94.30927,31.524264],[-94.300122,31.526782],[-94.306933,31.530698],[-94.302509,31.533656],[-94.307665,31.538215],[-94.304081,31.546684],[-94.308582,31.551914],[-94.305583,31.570929],[-94.313399,31.575543],[-94.310888,31.589043],[-94.328195,31.592451],[-94.339893,31.60872],[-94.350224,31.606419],[-94.357468,31.623199],[-94.36714,31.624019],[-94.365722,31.632757],[-94.374923,31.639016],[-94.37853,31.63577],[-94.395278,31.638636],[-94.398984,31.650208]]]}},{"type":"Feature","properties":{"GEOID":"48477","NAME":"Washington","state":"TX","wildfire_risk_score":48.823,"wildfire_eal_total":30974.04,"risk_band":"Low","source":"FEMA National Risk Index v1.20 (December 2025)"},"geometry":{"type":"Polygon","coordinates":[[[-96.794552,30.160545],[-96.741508,30.19743],[-96.743987,30.21731],[-96.739057,30.222612],[-96.742535,30.226937],[-96.73191,30.243752],[-96.715024,30.250871],[-96.706626,30.244627],[-96.696564,30.250071],[-96.687104,30.248069],[-96.684373,30.257713],[-96.661499,30.278745],[-96.657895,30.287777],[-96.640883,30.296786],[-96.606175,30.302038],[-96.600014,30.308844],[-96.573524,30.310699],[-96.558675,30.323851],[-96.540907,30.317985],[-96.514953,30.326083],[-96.50762,30.321806],[-96.496041,30.324358],[-96.485898,30.338136],[-96.482651,30.33309],[-96.475404,30.333584],[-96.456511,30.338603],[-96.455138,30.344534],[-96.449247,30.340971],[-96.422745,30.343372],[-96.412058,30.358051],[-96.406376,30.351101],[-96.383651,30.35827],[-96.377432,30.355812],[-96.37489,30.363571],[-96.369293,30.36244],[-96.358976,30.372637],[-96.340912,30.367814],[-96.313251,30.384135],[-96.301031,30.381446],[-96.285753,30.364689],[-96.271232,30.35835],[-96.263648,30.362343],[-96.262915,30.370021],[-96.25175,30.365384],[-96.221552,30.376241],[-96.210148,30.373899],[-96.199544,30.38291],[-96.1945,30.39989],[-96.178661,30.394718],[-96.173467,30.389221],[-96.175545,30.375012],[-96.15904,30.378621],[-96.149872,30.36879],[-96.155438,30.363141],[-96.15263,30.350311],[-96.160445,30.339364],[-96.152789,30.32801],[-96.138866,30.322453],[-96.136547,30.314752],[-96.119506,30.304821],[-96.097193,30.311112],[-96.093637,30.305195],[-96.099316,30.290258],[-96.084068,30.286456],[-96.099253,30.258049],[-96.094873,30.252392],[-96.084578,30.251253],[-96.081741,30.240882],[-96.087671,30.23777],[-96.098571,30.242736],[-96.105379,30.23287],[-96.093165,30.225187],[-96.096706,30.214872],[-96.109406,30.219914],[-96.114778,30.227898],[-96.130107,30.210755],[-96.147428,30.217976],[-96.15901,30.206613],[-96.159775,30.18318],[-96.154562,30.177124],[-96.162006,30.164915],[-96.150126,30.155445],[-96.152527,30.143128],[-96.158846,30.142144],[-96.180662,30.155684],[-96.181877,30.148129],[-96.17176,30.13983],[-96.186131,30.141931],[-96.191782,30.13842],[-96.1789,30.120943],[-96.179811,30.117352],[-96.191235,30.117577],[-96.188653,30.110463],[-96.175046,30.112435],[-96.171456,30.109345],[-96.17466,30.102702],[-96.169936,30.098785],[-96.160271,30.108066],[-96.153985,30.107989],[-96.158421,30.091709],[-96.152071,30.085032],[-96.143502,30.084979],[-96.13378,30.07096],[-96.137,30.066997],[-96.151247,30.076396],[-96.146052,30.070224],[-96.155223,30.067132],[-96.155706,30.058789],[-96.162816,30.052882],[-96.192479,30.065181],[-96.206786,30.066961],[-96.209174,30.062245],[-96.22859,30.075592],[-96.243781,30.07241],[-96.259336,30.075744],[-96.267902,30.082931],[-96.271057,30.093882],[-96.288998,30.096829],[-96.518814,30.065198],[-96.585899,30.064668],[-96.594141,30.071022],[-96.62198,30.044283],[-96.623863,30.066713],[-96.634289,30.075701],[-96.633673,30.106142],[-96.640649,30.120579],[-96.653112,30.12999],[-96.647223,30.145174],[-96.683394,30.151038],[-96.687141,30.16435],[-96.702002,30.157839],[-96.714989,30.144983],[-96.735445,30.147393],[-96.766937,30.138745],[-96.773016,30.149466],[-96.794552,30.160545]]]}},{"type":"Feature","properties":{"GEOID":"48435","NAME":"Sutton","state":"TX","wildfire_risk_score":85.496,"wildfire_eal_total":481369.25,"risk_band":"High","source":"FEMA National Risk Index v1.20 (December 2025)"},"geometry":{"type":"Polygon","coordinates":[[[-100.960749,30.502348],[-100.960587,30.706071],[-100.116234,30.710366],[-100.116461,30.290296],[-100.960643,30.287776],[-100.960749,30.502348]]]}},{"type":"Feature","properties":{"GEOID":"48071","NAME":"Chambers","state":"TX","wildfire_risk_score":78.849,"wildfire_eal_total":648172.6,"risk_band":"Moderate","source":"FEMA National Risk Index v1.20 (December 2025)"},"geometry":{"type":"MultiPolygon","coordinates":[[[[-94.718296,29.728855],[-94.716514,29.733515],[-94.714443,29.732992],[-94.716185,29.727775],[-94.718296,29.728855]]],[[[-94.928592,29.58356],[-94.91956,29.588313],[-94.907439,29.571364],[-94.916827,29.567643],[-94.928592,29.58356]]],[[[-94.976099,29.678265],[-94.968576,29.682546],[-94.953192,29.677459],[-94.947725,29.670231],[-94.941427,29.653398],[-94.954239,29.6503],[-94.939644,29.620861],[-94.944754,29.613009],[-94.953344,29.618709],[-94.952122,29.628712],[-94.959191,29.636161],[-94.968285,29.667133],[-94.976099,29.678265]]],[[[-94.98146,29.884276],[-94.500191,29.88994],[-94.357976,29.887464],[-94.3540940185201,29.5625650084448],[-94.3708230339094,29.5562445220171],[-94.371622,29.597247],[-94.377057,29.593718],[-94.406483,29.598264],[-94.413812,29.590024],[-94.418494,29.591369],[-94.418776,29.586002],[-94.413791,29.586872],[-94.41692,29.58456],[-94.413285,29.580094],[-94.417343,29.578121],[-94.412445,29.573371],[-94.422868,29.566256],[-94.474505,29.55865],[-94.503474,29.543847],[-94.521532,29.540816],[-94.523637,29.552401],[-94.545109,29.571887],[-94.560965,29.574434],[-94.608434,29.557398],[-94.687342,29.5382],[-94.711342,29.536872],[-94.740652,29.52693],[-94.762569,29.524162],[-94.778992,29.530157],[-94.788147,29.546897],[-94.780117,29.549011],[-94.771842,29.539627],[-94.751164,29.550483],[-94.753303,29.561234],[-94.734645,29.577462],[-94.713433,29.610141],[-94.701251,29.639352],[-94.696379,29.681279],[-94.689011,29.696558],[-94.697897,29.734202],[-94.695946,29.759147],[-94.708416,29.766245],[-94.718643,29.781127],[-94.725651,29.780391],[-94.726247,29.795108],[-94.731222,29.789642],[-94.747445,29.789607],[-94.754808,29.781123],[-94.797784,29.76679],[-94.815219,29.758478],[-94.851108,29.721373],[-94.872551,29.67125],[-94.901037,29.657589],[-94.920454,29.657106],[-94.921287,29.664482],[-94.930708691215,29.6737462591277],[-94.91581,29.698434],[-94.929909,29.69737],[-94.925274,29.703687],[-94.932964,29.705208],[-94.932971,29.714724],[-94.945399,29.716237],[-94.929019,29.737057],[-94.929826,29.75],[-94.918368,29.756112],[-94.919016,29.765389],[-94.913813,29.7663],[-94.919634,29.771285],[-94.916305,29.773663],[-94.921372,29.782075],[-94.91711,29.786222],[-94.923812,29.796401],[-94.922942,29.802381],[-94.916884,29.803298],[-94.908498,29.814936],[-94.908609,29.825488],[-94.934599,29.834292],[-94.952636,29.855028],[-94.967999,29.859154],[-94.977138,29.868181],[-94.97633,29.876986],[-94.98146,29.884276]]]]}},{"type":"Feature","properties":{"GEOID":"48377","NAME":"Presidio","state":"TX","wildfire_risk_score":80.153,"wildfire_eal_total":215687.03,"risk_band":"Moderate","source":"FEMA National Risk Index v1.20 (December 2025)"},"geometry":{"type":"Polygon","coordinates":[[[-104.980144,30.625142],[-104.976636,30.628946],[-103.90101,30.41219],[-103.80068,30.412527],[-103.792677472426,29.2624694450609],[-103.805237,29.260455],[-103.813373,29.273966],[-103.826207,29.269203],[-103.838303,29.278304],[-103.856893,29.281852],[-103.863335,29.27922],[-103.880606,29.284962],[-103.88871,29.278978],[-103.899292,29.28741],[-103.917106,29.284216],[-103.926375,29.294397],[-103.937736,29.292834],[-103.967648,29.300029],[-103.975235,29.296017],[-104.038282,29.320156],[-104.055596,29.33091],[-104.055553,29.337306],[-104.072146,29.345918],[-104.08215,29.345923],[-104.106467,29.373127],[-104.121318,29.371423],[-104.123215,29.380484],[-104.127979,29.37825],[-104.134919,29.38422],[-104.141747,29.378207],[-104.143626,29.388398],[-104.148373,29.385101],[-104.155195,29.394569],[-104.160741,29.389876],[-104.167443,29.394744],[-104.16454,29.400345],[-104.171133,29.40378],[-104.169406,29.407799],[-104.18327,29.416226],[-104.181526,29.427011],[-104.192924,29.43527],[-104.193832,29.441342],[-104.218126,29.457732],[-104.20903,29.480965],[-104.212997,29.48413],[-104.2311,29.479066],[-104.235847,29.496744],[-104.260266,29.5065],[-104.261744,29.513463],[-104.291929,29.519455],[-104.296789,29.524128],[-104.311707,29.523478],[-104.315476,29.532754],[-104.320664,29.529851],[-104.321789,29.521799],[-104.338113,29.519967],[-104.369949,29.542849],[-104.381041,29.543406],[-104.394589,29.556087],[-104.399591,29.572319],[-104.45729,29.609144],[-104.46652,29.609296],[-104.465654,29.618558],[-104.473968,29.618813],[-104.475991,29.627979],[-104.484597,29.627973],[-104.497867,29.639659],[-104.507094,29.636876],[-104.507124,29.632349],[-104.51293,29.637247],[-104.515736,29.640548],[-104.509873,29.643654],[-104.517284,29.647116],[-104.525899,29.668023],[-104.536278,29.667343],[-104.535353,29.673312],[-104.54419,29.680997],[-104.530679,29.691394],[-104.543832,29.696299],[-104.543909,29.711189],[-104.547791,29.714414],[-104.544815,29.715532],[-104.552241,29.717123],[-104.549659,29.73105],[-104.560491,29.735351],[-104.549796,29.740641],[-104.570053,29.752858],[-104.565688,29.770462],[-104.578969,29.782998],[-104.581506,29.795112],[-104.590946,29.798413],[-104.58632,29.803165],[-104.591056,29.809431],[-104.59509,29.805097],[-104.600438,29.815718],[-104.610082,29.819359],[-104.608281,29.828193],[-104.619497,29.830078],[-104.609445,29.839754],[-104.6138,29.845993],[-104.624632,29.842683],[-104.621571,29.849503],[-104.630103,29.853314],[-104.633275,29.870485],[-104.646112,29.878542],[-104.652278,29.888437],[-104.649994,29.891474],[-104.65865,29.891557],[-104.655936,29.906206],[-104.665589,29.901708],[-104.66584,29.908946],[-104.677281,29.91353],[-104.678576,29.926638],[-104.683245,29.929451],[-104.67795,29.940999],[-104.680667,29.947033],[-104.673643,29.956774],[-104.685256,29.956991],[-104.681901,29.969399],[-104.685468,29.970401],[-104.680152,29.977003],[-104.691944,29.973865],[-104.685479,29.989943],[-104.69337,29.99404],[-104.687191,29.996819],[-104.690162,30.003714],[-104.693941,30.001775],[-104.689641,30.01495],[-104.703998,30.02421],[-104.701102,30.035534],[-104.695773,30.03732],[-104.706874,30.050685],[-104.703582,30.06453],[-104.688022,30.073466],[-104.690772,30.078015],[-104.685003,30.085643],[-104.689449,30.085292],[-104.690162,30.089713],[-104.684814,30.100098],[-104.688973,30.094957],[-104.694381,30.101888],[-104.685844,30.110666],[-104.691708,30.111376],[-104.689759,30.116134],[-104.695078,30.117811],[-104.696402,30.133747],[-104.685397,30.144526],[-104.690057,30.149723],[-104.686715,30.178617],[-104.711236,30.222921],[-104.705967,30.235001],[-104.733822,30.261221],[-104.73736,30.26138],[-104.737088,30.255932],[-104.749664,30.26126],[-104.748479,30.274295],[-104.75991,30.271647],[-104.763155,30.275084],[-104.757894,30.282396],[-104.761288,30.300611],[-104.767034,30.30584],[-104.779502,30.303454],[-104.77656,30.309638],[-104.78923,30.318734],[-104.791399,30.325518],[-104.811854,30.333599],[-104.809957,30.341374],[-104.822595,30.351267],[-104.814377,30.353493],[-104.810665,30.362747],[-104.819417,30.368165],[-104.817602,30.375746],[-104.837493,30.373909],[-104.859521,30.390413],[-104.854279,30.400679],[-104.85744,30.408957],[-104.847268,30.413901],[-104.84787,30.419979],[-104.85242,30.418792],[-104.861561,30.42666],[-104.857963,30.437265],[-104.867933,30.441066],[-104.864462,30.449967],[-104.869872,30.458645],[-104.866094,30.46738],[-104.872105,30.480392],[-104.867249,30.484927],[-104.866758,30.495036],[-104.873829,30.495206],[-104.873532,30.513979],[-104.876787,30.511004],[-104.879856,30.517788],[-104.885738,30.518452],[-104.881018,30.520531],[-104.885868,30.524626],[-104.881256,30.523705],[-104.880559,30.528925],[-104.889376,30.535144],[-104.887674,30.546519],[-104.897981,30.554612],[-104.899001,30.5704],[-104.909619,30.585211],[-104.918762,30.585542],[-104.922935,30.603848],[-104.926638,30.605134],[-104.929927,30.599202],[-104.959892,30.610666],[-104.967266,30.607928],[-104.980144,30.625142]]]}},{"type":"Feature","properties":{"GEOID":"48087","NAME":"Collingsworth","state":"TX","wildfire_risk_score":75.127,"wildfire_eal_total":217874.34,"risk_band":"Moderate","source":"FEMA National Risk Index v1.20 (December 2025)"},"geometry":{"type":"Polygon","coordinates":[[[-100.540997,34.750052],[-100.538978,35.183144],[-100.000385,35.182702],[-100.000381,34.746358],[-100.540997,34.750052]]]}},{"type":"Feature","properties":{"GEOID":"48269","NAME":"King","state":"TX","wildfire_risk_score":55.948,"wildfire_eal_total":42341.75,"risk_band":"Low","source":"FEMA National Risk Index v1.20 (December 2025)"},"geometry":{"type":"Polygon","coordinates":[[[-100.518691,33.83565],[-99.996434,33.835967],[-99.99098,33.397404],[-100.517449,33.397866],[-100.518691,33.83565]]]}},{"type":"Feature","properties":{"GEOID":"48345","NAME":"Motley","state":"TX","wildfire_risk_score":80.312,"wildfire_eal_total":298541.72,"risk_band":"Moderate","source":"FEMA National Risk Index v1.20 (December 2025)"},"geometry":{"type":"Polygon","coordinates":[[[-101.041763,33.962895],[-101.041484,34.312444],[-100.51734,34.314102],[-100.518691,33.83565],[-101.041158,33.833625],[-101.041763,33.962895]]]}},{"type":"Feature","properties":{"GEOID":"48061","NAME":"Cameron","state":"TX","wildfire_risk_score":83.779,"wildfire_eal_total":379436.21,"risk_band":"High","source":"FEMA National Risk Index v1.20 (December 2025)"},"geometry":{"type":"MultiPolygon","coordinates":[[[[-97.2404693981065,26.411187847471],[-97.2249460830257,26.4112025299087],[-97.201648,26.324949],[-97.182136,26.237161],[-97.16184,26.095793],[-97.153712,26.067582],[-97.162757,26.067124],[-97.169317,26.077714],[-97.16694,26.092827],[-97.182437,26.148313],[-97.179009,26.180787],[-97.19731,26.278009],[-97.212284,26.336495],[-97.225476,26.362905],[-97.219534,26.369613],[-97.2404693981065,26.411187847471]]],[[[-97.862167,26.061112],[-97.859009,26.066536],[-97.861875,26.348156],[-97.527582,26.299304],[-97.527089,26.316589],[-97.521306,26.325837],[-97.513212,26.327204],[-97.50659,26.320818],[-97.514691,26.31534],[-97.512573,26.313104],[-97.500824,26.318852],[-97.507656,26.334724],[-97.485472,26.337092],[-97.469745,26.329885],[-97.47489,26.341285],[-97.466611,26.342709],[-97.46571,26.33238],[-97.446987,26.324947],[-97.437276,26.337233],[-97.430884,26.36332],[-97.421294,26.366138],[-97.40108,26.385453],[-97.393868,26.405488],[-97.386505,26.410437],[-97.3487421850313,26.4110407453481],[-97.329092,26.359125],[-97.297005,26.296069],[-97.2812,26.280513],[-97.279892,26.270923],[-97.286191,26.267513],[-97.30984,26.288291],[-97.324339,26.277316],[-97.319347,26.270283],[-97.306156,26.274013],[-97.299858,26.267406],[-97.308889,26.229035],[-97.316733,26.224025],[-97.304486,26.20249],[-97.297243,26.203341],[-97.296089,26.182388],[-97.303635,26.166219],[-97.294985,26.155349],[-97.298907,26.147562],[-97.282753,26.11909],[-97.288698,26.117969],[-97.293015,26.130192],[-97.302435,26.124377],[-97.307921,26.128336],[-97.312538,26.120344],[-97.29539,26.11241],[-97.296426,26.108],[-97.269422,26.086082],[-97.24698,26.080352],[-97.208048,26.079589],[-97.189693,26.071582],[-97.198299,26.066679],[-97.195675,26.046559],[-97.164982,26.063876],[-97.158557,26.060907],[-97.149662,26.064136],[-97.15321,26.038906],[-97.147245,25.956398],[-97.158954,25.949119],[-97.160004,25.962371],[-97.177345,25.964962],[-97.19032,25.953861],[-97.209571,25.963567],[-97.24959,25.948281],[-97.276707,25.952147],[-97.284446,25.959156],[-97.28944,25.953766],[-97.278611,25.947526],[-97.277163,25.935438],[-97.295807,25.933442],[-97.303029,25.936999],[-97.307403,25.926814],[-97.320561,25.929802],[-97.326003,25.917689],[-97.337342,25.920153],[-97.336535,25.929152],[-97.348274,25.931143],[-97.355441,25.919428],[-97.367642,25.91568],[-97.368373,25.909903],[-97.375118,25.907196],[-97.365976,25.902447],[-97.366957,25.891746],[-97.356629,25.887681],[-97.374036,25.879764],[-97.358573,25.878129],[-97.35766,25.869182],[-97.37618,25.855733],[-97.3641,25.850034],[-97.370616,25.849817],[-97.372864,25.840117],[-97.387138,25.843853],[-97.394513,25.837377],[-97.40525,25.837728],[-97.399051,25.849592],[-97.402253,25.851929],[-97.408247,25.845633],[-97.408417,25.861963],[-97.413786,25.857053],[-97.412657,25.841175],[-97.424888,25.840632],[-97.435348,25.849379],[-97.442969,25.848092],[-97.444451,25.855746],[-97.454064,25.854815],[-97.444739,25.867062],[-97.448643,25.872126],[-97.457022,25.868936],[-97.455718,25.883997],[-97.469507,25.875539],[-97.474743,25.878037],[-97.468744,25.888628],[-97.484865,25.8787],[-97.488472,25.885384],[-97.496687,25.87968],[-97.498886,25.898722],[-97.511156,25.88743],[-97.521762,25.886458],[-97.523282,25.897211],[-97.533423,25.909076],[-97.530182,25.919854],[-97.542957,25.920035],[-97.547626,25.935148],[-97.555379,25.937136],[-97.56013,25.925938],[-97.568155,25.92793],[-97.566568,25.933505],[-97.582338,25.932683],[-97.583194,25.937411],[-97.566319,25.945067],[-97.567646,25.95183],[-97.573732,25.953907],[-97.573046,25.946399],[-97.577941,25.942865],[-97.582373,25.962469],[-97.602149,25.957381],[-97.610373,25.965837],[-97.608283,25.976594],[-97.617666,25.979956],[-97.62172,25.989117],[-97.634436,25.990268],[-97.630414,25.996406],[-97.620768,25.992061],[-97.617668,26.001077],[-97.627033,25.996913],[-97.626487,26.00557],[-97.634804,25.999509],[-97.649562,26.011324],[-97.638445,26.013126],[-97.639042,26.02297],[-97.64522,26.027758],[-97.650939,26.01639],[-97.668268,26.019756],[-97.660918,26.03074],[-97.662728,26.038078],[-97.667984,26.028872],[-97.674548,26.033029],[-97.674936,26.026161],[-97.693888,26.031304],[-97.691369,26.01899],[-97.706552,26.037499],[-97.709661,26.026194],[-97.71862,26.023716],[-97.71992,26.030838],[-97.7349,26.032018],[-97.725383,26.024427],[-97.735745,26.021611],[-97.736137,26.027123],[-97.742404,26.029806],[-97.763807,26.02733],[-97.76312,26.04245],[-97.768975,26.047501],[-97.776828,26.043972],[-97.769406,26.035621],[-97.776194,26.030064],[-97.792326,26.034168],[-97.797219,26.043702],[-97.789028,26.049737],[-97.799148,26.053323],[-97.801317,26.060161],[-97.810972,26.055512],[-97.814786,26.044314],[-97.817223,26.056113],[-97.82594,26.055878],[-97.834665,26.046009],[-97.837403,26.052407],[-97.860504,26.052918],[-97.862167,26.061112]]]]}},{"type":"Feature","properties":{"GEOID":"48473","NAME":"Waller","state":"TX","wildfire_risk_score":70.706,"wildfire_eal_total":150048.45,"risk_band":"Moderate","source":"FEMA National Risk Index v1.20 (December 2025)"},"geometry":{"type":"Polygon","coordinates":[[[-96.191782,30.13842],[-96.186131,30.141931],[-96.17176,30.13983],[-96.181877,30.148129],[-96.180662,30.155684],[-96.158846,30.142144],[-96.152527,30.143128],[-96.150126,30.155445],[-96.162006,30.164915],[-96.154562,30.177124],[-96.159775,30.18318],[-96.15901,30.206613],[-96.145075,30.218566],[-96.14019,30.212224],[-96.128228,30.211605],[-96.117159,30.227275],[-96.098936,30.214525],[-96.088941,30.228718],[-95.804306,30.24557],[-95.80333,30.090096],[-95.8096,30.085314],[-95.817045,30.081779],[-95.838944,30.083243],[-95.846649,30.100499],[-95.861927,30.105608],[-95.873933,30.122186],[-95.898617,30.120928],[-95.92475,30.142317],[-95.940944,30.144724],[-95.960733,30.163415],[-95.925084,30.063905],[-95.921502,30.064028],[-95.921074,30.05358],[-95.82622,29.78828],[-95.950931,29.740769],[-95.971287,29.740454],[-95.97094,29.728554],[-96.032711,29.727944],[-96.040073,29.73815],[-96.029259,29.752585],[-96.043009,29.779129],[-96.042242,29.795314],[-96.049234,29.803187],[-96.058272,29.799754],[-96.0646,29.806939],[-96.079546,29.80442],[-96.102496,29.809665],[-96.098172,29.826728],[-96.107925,29.82228],[-96.122097,29.839404],[-96.116245,29.847506],[-96.100939,29.852514],[-96.110202,29.858672],[-96.112227,29.872557],[-96.095808,29.876676],[-96.092739,29.882765],[-96.10434,29.882641],[-96.125949,29.897709],[-96.12383,29.907149],[-96.11332,29.915316],[-96.119676,29.928454],[-96.131192,29.933734],[-96.130575,29.939565],[-96.122905,29.949026],[-96.108436,29.94063],[-96.100796,29.943526],[-96.106352,29.9555],[-96.11946,29.955017],[-96.126038,29.964969],[-96.122754,29.968545],[-96.107692,29.959325],[-96.092768,29.961488],[-96.102883,29.967761],[-96.095703,29.978139],[-96.104516,29.996378],[-96.100514,30.00423],[-96.091567,29.998218],[-96.084541,30.005137],[-96.09663,30.027613],[-96.113221,30.026997],[-96.107057,30.036149],[-96.114671,30.048808],[-96.138949,30.056939],[-96.146441,30.064486],[-96.144202,30.067827],[-96.151247,30.076396],[-96.137,30.066997],[-96.13378,30.07096],[-96.143502,30.084979],[-96.152071,30.085032],[-96.158421,30.091709],[-96.153985,30.107989],[-96.160271,30.108066],[-96.169936,30.098785],[-96.17466,30.102702],[-96.171456,30.109345],[-96.175046,30.112435],[-96.188653,30.110463],[-96.191235,30.117577],[-96.179811,30.117352],[-96.1789,30.120943],[-96.191782,30.13842]]]}},{"type":"Feature","properties":{"GEOID":"48161","NAME":"Freestone","state":"TX","wildfire_risk_score":70.07,"wildfire_eal_total":122565.62,"risk_band":"Moderate","source":"FEMA National Risk Index v1.20 (December 2025)"},"geometry":{"type":"Polygon","coordinates":[[[-96.495293,31.79691],[-96.05478,32.012526],[-96.048953,31.997591],[-96.06486,31.980947],[-96.061314,31.975379],[-96.054733,31.975328],[-96.054124,31.970519],[-96.046441,31.970182],[-96.042914,31.962793],[-96.044976,31.959752],[-96.055892,31.96365],[-96.061559,31.954823],[-96.053354,31.947823],[-96.044799,31.950967],[-96.041832,31.944928],[-96.037751,31.948391],[-96.040142,31.952457],[-96.02193,31.957299],[-96.014512,31.9461],[-96.020889,31.938224],[-96.010407,31.933639],[-96.013442,31.929918],[-96.006536,31.925068],[-96.008329,31.91852],[-96.004264,31.919055],[-96.001341,31.90717],[-96.007953,31.905223],[-96.013341,31.911262],[-96.023311,31.896186],[-96.027788,31.878242],[-96.019929,31.871645],[-96.006926,31.881189],[-96.004831,31.872639],[-95.994127,31.866258],[-95.989236,31.868486],[-95.99091,31.876239],[-95.987318,31.873117],[-95.970018,31.877016],[-95.968119,31.87246],[-95.976665,31.870734],[-95.98045,31.861961],[-95.987619,31.858784],[-95.994556,31.843574],[-95.978493,31.834259],[-95.973232,31.819136],[-95.983574,31.788002],[-95.979537,31.784084],[-95.963066,31.789426],[-95.952224,31.775678],[-95.938991,31.774664],[-95.933846,31.769809],[-95.930766,31.774264],[-95.924241,31.76585],[-95.897965,31.766963],[-95.898033,31.76246],[-95.902935,31.762535],[-95.900079,31.752132],[-95.895147,31.75844],[-95.874718,31.754673],[-95.866646,31.742614],[-95.875617,31.743415],[-95.881151,31.735847],[-95.87714,31.732568],[-95.870508,31.739508],[-95.867137,31.718189],[-95.875016,31.719028],[-95.8751,31.702541],[-95.880931,31.701264],[-95.861985,31.687349],[-95.852779,31.697805],[-95.835324,31.695597],[-95.805732,31.671075],[-95.795439,31.674935],[-95.787553,31.692596],[-95.787903,31.687313],[-95.779678,31.684579],[-95.794081,31.66031],[-95.789737,31.646212],[-95.796733,31.632132],[-95.788167,31.626173],[-95.7873,31.618385],[-96.236629,31.413392],[-96.495293,31.79691]]]}},{"type":"Feature","properties":{"GEOID":"48453","NAME":"Travis","state":"TX","wildfire_risk_score":90.84,"wildfire_eal_total":1930360.13,"risk_band":"High","source":"FEMA National Risk Index v1.20 (December 2025)"},"geometry":{"type":"Polygon","coordinates":[[[-98.159266,30.376651],[-98.097709,30.467626],[-98.097778,30.498058],[-98.113723,30.485576],[-98.123126,30.487041],[-98.049886,30.624155],[-98.036495,30.611726],[-98.012741,30.616767],[-98.006276,30.627516],[-97.9924,30.609494],[-97.977867,30.622114],[-97.956734,30.628249],[-97.934809,30.610286],[-97.917063,30.604871],[-97.921895,30.590958],[-97.915123,30.580567],[-97.926985,30.567654],[-97.921825,30.564231],[-97.902456,30.571328],[-97.895785,30.564917],[-97.890039,30.565803],[-97.883369,30.552958],[-97.867866,30.546499],[-97.871416,30.522714],[-97.855765,30.507401],[-97.862248,30.497309],[-97.846541,30.47341],[-97.811942,30.447067],[-97.799725,30.447138],[-97.779387,30.438401],[-97.77634,30.429768],[-97.753635,30.433287],[-97.754665,30.440223],[-97.746803,30.449346],[-97.688784,30.461401],[-97.682893,30.480066],[-97.663886,30.481593],[-97.651441,30.474894],[-97.618647,30.490377],[-97.606833,30.490313],[-97.596162,30.501481],[-97.589855,30.497397],[-97.568255,30.499725],[-97.563456,30.491832],[-97.552964,30.490295],[-97.550068,30.476483],[-97.546079,30.47542],[-97.544183,30.479535],[-97.523971,30.472175],[-97.510862,30.485265],[-97.459784,30.458317],[-97.445628,30.461404],[-97.441836,30.455332],[-97.439541,30.460282],[-97.434113,30.459719],[-97.433282,30.45291],[-97.427094,30.452201],[-97.415252,30.438337],[-97.40624,30.442288],[-97.393031,30.438768],[-97.38339,30.42415],[-97.373537,30.417715],[-97.369539,30.419563],[-97.492482,30.210011],[-97.64937,30.067944],[-97.653693,30.071564],[-97.70879,30.023451],[-98.172977,30.356312],[-98.159266,30.376651]]]}},{"type":"Feature","properties":{"GEOID":"48495","NAME":"Winkler","state":"TX","wildfire_risk_score":57.347,"wildfire_eal_total":59788.89,"risk_band":"Low","source":"FEMA National Risk Index v1.20 (December 2025)"},"geometry":{"type":"Polygon","coordinates":[[[-103.327223,31.781903],[-103.326501,32.00037],[-103.064423,32.000518],[-103.064344,32.087051],[-102.799086,32.085795],[-102.798939,31.651783],[-103.327538,31.65142],[-103.327223,31.781903]]]}},{"type":"Feature","properties":{"GEOID":"48491","NAME":"Williamson","state":"TX","wildfire_risk_score":87.818,"wildfire_eal_total":1610621.91,"risk_band":"High","source":"FEMA National Risk Index v1.20 (December 2025)"},"geometry":{"type":"Polygon","coordinates":[[[-98.049886,30.624155],[-97.96286,30.785641],[-97.8281,30.904414],[-97.624051,30.870004],[-97.269949,30.735362],[-97.155219,30.457344],[-97.334463,30.402843],[-97.369491,30.419642],[-97.376767,30.419196],[-97.393031,30.438768],[-97.40624,30.442288],[-97.415252,30.438337],[-97.427094,30.452201],[-97.433282,30.45291],[-97.434113,30.459719],[-97.439541,30.460282],[-97.441836,30.455332],[-97.445628,30.461404],[-97.459784,30.458317],[-97.510862,30.485265],[-97.523971,30.472175],[-97.528151,30.475434],[-97.544183,30.479535],[-97.546079,30.47542],[-97.550068,30.476483],[-97.552964,30.490295],[-97.563456,30.491832],[-97.568255,30.499725],[-97.589855,30.497397],[-97.596162,30.501481],[-97.606833,30.490313],[-97.618647,30.490377],[-97.651441,30.474894],[-97.663886,30.481593],[-97.682893,30.480066],[-97.688784,30.461401],[-97.746803,30.449346],[-97.754665,30.440223],[-97.753635,30.433287],[-97.77634,30.429768],[-97.779387,30.438401],[-97.799725,30.447138],[-97.811942,30.447067],[-97.846541,30.47341],[-97.862248,30.497309],[-97.855765,30.507401],[-97.871416,30.522714],[-97.867866,30.546499],[-97.883369,30.552958],[-97.890039,30.565803],[-97.895785,30.564917],[-97.902456,30.571328],[-97.921825,30.564231],[-97.926985,30.567654],[-97.915123,30.580567],[-97.921895,30.590958],[-97.917063,30.604871],[-97.934809,30.610286],[-97.956734,30.628249],[-97.977867,30.622114],[-97.9924,30.609494],[-98.006276,30.627516],[-98.012741,30.616767],[-98.036495,30.611726],[-98.049886,30.624155]]]}},{"type":"Feature","properties":{"GEOID":"48423","NAME":"Smith","state":"TX","wildfire_risk_score":80.344,"wildfire_eal_total":345909.25,"risk_band":"Moderate","source":"FEMA National Risk Index v1.20 (December 2025)"},"geometry":{"type":"Polygon","coordinates":[[[-95.594541,32.687026],[-95.584308,32.681866],[-95.582458,32.673943],[-95.570688,32.67531],[-95.565305,32.665076],[-95.54223,32.654953],[-95.541712,32.646783],[-95.524276,32.643665],[-95.517624,32.63366],[-95.511683,32.632807],[-95.514808,32.622919],[-95.475305,32.611067],[-95.4748,32.606141],[-95.442764,32.607718],[-95.446747,32.613733],[-95.435668,32.612237],[-95.432428,32.606015],[-95.428766,32.61022],[-95.419711,32.609105],[-95.418919,32.605274],[-95.399583,32.606401],[-95.394847,32.601197],[-95.381952,32.601852],[-95.37567,32.597439],[-95.370478,32.604734],[-95.347332,32.605147],[-95.34595,32.609291],[-95.344179,32.603761],[-95.331217,32.605672],[-95.319014,32.595557],[-95.306947,32.596584],[-95.305887,32.592228],[-95.297544,32.591417],[-95.290311,32.580841],[-95.281255,32.580005],[-95.278288,32.571786],[-95.250879,32.577947],[-95.238315,32.560704],[-95.228281,32.560209],[-95.222665,32.565848],[-95.21874,32.563229],[-95.204964,32.572369],[-95.202207,32.563865],[-95.206779,32.558992],[-95.183548,32.540968],[-95.17544,32.555477],[-95.165305,32.544359],[-95.159623,32.550452],[-95.162367,32.553931],[-95.157821,32.56716],[-95.150141,32.572294],[-95.140693,32.559677],[-95.139766,32.549973],[-95.122633,32.549815],[-95.118786,32.542496],[-95.110815,32.551769],[-95.097559,32.549658],[-95.098746,32.555523],[-95.093259,32.557682],[-95.085054,32.55784],[-95.08442,32.552981],[-95.079116,32.556119],[-95.083871,32.542541],[-95.07579,32.537222],[-95.0714,32.541134],[-95.050738,32.538203],[-95.044855,32.542237],[-95.04076,32.532285],[-95.024817,32.537],[-95.026597,32.545819],[-95.020974,32.546726],[-95.01544,32.543143],[-95.015439,32.53228],[-95.022478,32.522109],[-95.011602,32.516477],[-94.998538,32.521915],[-94.986935,32.537246],[-94.985272,32.137989],[-95.459908,32.135559],[-95.477914,32.146209],[-95.479043,32.158653],[-95.469475,32.170226],[-95.470909,32.178046],[-95.461617,32.183338],[-95.46827,32.190481],[-95.464394,32.191007],[-95.462578,32.201763],[-95.470529,32.204068],[-95.470147,32.212086],[-95.478936,32.212223],[-95.488473,32.232577],[-95.481591,32.236491],[-95.482476,32.240824],[-95.467584,32.24663],[-95.469949,32.262124],[-95.457268,32.273111],[-95.451303,32.294991],[-95.446969,32.295807],[-95.453804,32.305771],[-95.45547,32.311512],[-95.450612,32.314433],[-95.457674,32.319323],[-95.458738,32.328429],[-95.45336,32.333954],[-95.452431,32.345841],[-95.447938,32.346897],[-95.449456,32.359878],[-95.45647,32.368192],[-95.461384,32.365018],[-95.4704,32.368798],[-95.493797,32.38964],[-95.506853,32.414792],[-95.524819,32.421351],[-95.53912,32.432986],[-95.552727,32.453221],[-95.572885,32.461441],[-95.5943,32.479858],[-95.594541,32.687026]]]}},{"type":"Feature","properties":{"GEOID":"48461","NAME":"Upton","state":"TX","wildfire_risk_score":45.006,"wildfire_eal_total":26988.88,"risk_band":"Low","source":"FEMA National Risk Index v1.20 (December 2025)"},"geometry":{"type":"Polygon","coordinates":[[[-102.31805,31.651327],[-101.775802,31.651319],[-101.776191,31.079784],[-102.301212,31.086212],[-102.313186,31.374464],[-102.31805,31.651327]]]}},{"type":"Feature","properties":{"GEOID":"48373","NAME":"Polk","state":"TX","wildfire_risk_score":75.541,"wildfire_eal_total":191584.88,"risk_band":"Moderate","source":"FEMA National Risk Index v1.20 (December 2025)"},"geometry":{"type":"Polygon","coordinates":[[[-95.20018,30.824566],[-94.939245,31.041981],[-94.842947,31.146578],[-94.829385,31.138656],[-94.822324,31.14002],[-94.81846,31.132177],[-94.79611,31.130759],[-94.751577,31.105556],[-94.738594,31.10369],[-94.723577,31.108524],[-94.707943,31.104787],[-94.70915,31.101496],[-94.702671,31.101927],[-94.698351,31.096246],[-94.670912,31.09556],[-94.670695,31.08836],[-94.658493,31.084905],[-94.649011,31.098997],[-94.643132,31.088085],[-94.614253,31.084831],[-94.598918,31.06856],[-94.594414,31.072821],[-94.589488,31.066087],[-94.574496,31.068569],[-94.568616,31.061601],[-94.561602,31.063014],[-94.561943,31.058952],[-94.657992,31.012007],[-94.537926,30.491059],[-94.777341,30.489002],[-94.865509,30.495023],[-94.867393,30.510755],[-94.852581,30.524354],[-94.833374,30.530522],[-94.830429,30.541613],[-94.842876,30.546152],[-94.875209,30.546067],[-94.889567,30.556361],[-94.910452,30.561514],[-94.937278,30.557984],[-94.949359,30.570503],[-94.965729,30.576586],[-95.028628,30.578485],[-95.035491,30.585647],[-95.028991,30.591638],[-95.031822,30.597342],[-95.00715,30.60705],[-95.00895,30.627699],[-95.015874,30.627077],[-95.024663,30.649779],[-95.013183,30.648541],[-95.010278,30.656671],[-95.020833,30.654371],[-95.022766,30.659779],[-95.03898,30.662882],[-95.041339,30.665434],[-95.034227,30.674207],[-95.054542,30.671433],[-95.054602,30.680173],[-95.079762,30.669334],[-95.08999,30.671834],[-95.092682,30.662614],[-95.102374,30.658495],[-95.115005,30.661005],[-95.11069,30.671986],[-95.119528,30.677332],[-95.109861,30.694191],[-95.134899,30.693308],[-95.137374,30.705007],[-95.147073,30.71739],[-95.142251,30.728633],[-95.146034,30.742367],[-95.132198,30.755338],[-95.139382,30.776197],[-95.13194,30.783162],[-95.17404,30.807583],[-95.180993,30.818819],[-95.20018,30.824566]]]}},{"type":"Feature","properties":{"GEOID":"48241","NAME":"Jasper","state":"TX","wildfire_risk_score":83.047,"wildfire_eal_total":399557.78,"risk_band":"High","source":"FEMA National Risk Index v1.20 (December 2025)"},"geometry":{"type":"Polygon","coordinates":[[[-94.460167,31.03092],[-94.457805,31.033332],[-94.064133,31.112255],[-94.062864,31.11491],[-94.056912,31.111876],[-94.042298,31.119435],[-94.039034,31.134271],[-93.911126,31.158071],[-93.865711,30.947218],[-93.875066,30.675661],[-93.901452,30.242672],[-94.118613,30.242868],[-94.096455,30.258682],[-94.104811,30.266228],[-94.107734,30.261381],[-94.113565,30.262854],[-94.111889,30.273061],[-94.120505,30.280236],[-94.119402,30.288265],[-94.114196,30.28611],[-94.117792,30.300554],[-94.104234,30.307873],[-94.104578,30.312557],[-94.101828,30.310522],[-94.104635,30.314363],[-94.099784,30.318636],[-94.106117,30.321778],[-94.098781,30.322398],[-94.102745,30.325931],[-94.096576,30.3386],[-94.09029,30.337494],[-94.08292,30.345654],[-94.085082,30.353526],[-94.086252,30.348887],[-94.090771,30.350375],[-94.093787,30.360755],[-94.101278,30.365568],[-94.101987,30.384096],[-94.108599,30.387282],[-94.103938,30.394212],[-94.116736,30.397454],[-94.113409,30.406532],[-94.120083,30.410731],[-94.112847,30.41498],[-94.116709,30.415822],[-94.114185,30.423426],[-94.119394,30.426298],[-94.114678,30.428614],[-94.116498,30.433966],[-94.106843,30.437466],[-94.107395,30.450312],[-94.094526,30.465561],[-94.103088,30.468733],[-94.093392,30.474067],[-94.085015,30.490021],[-94.078889,30.490064],[-94.082516,30.492191],[-94.079497,30.499542],[-94.082909,30.510595],[-94.078262,30.51102],[-94.06699,30.531936],[-94.073609,30.534802],[-94.072628,30.542923],[-94.08591,30.547276],[-94.086563,30.559746],[-94.093871,30.567313],[-94.085902,30.569724],[-94.08855,30.575326],[-94.095864,30.576781],[-94.08245,30.592115],[-94.085443,30.59754],[-94.079316,30.598074],[-94.081199,30.607227],[-94.069704,30.610695],[-94.075835,30.618042],[-94.053205,30.629155],[-94.055778,30.633227],[-94.051562,30.641792],[-94.059839,30.64697],[-94.053078,30.648482],[-94.073879,30.667643],[-94.079543,30.660838],[-94.074249,30.661648],[-94.073104,30.656097],[-94.086405,30.657272],[-94.082425,30.667656],[-94.089126,30.673261],[-94.091348,30.688181],[-94.125824,30.684052],[-94.123038,30.700891],[-94.137397,30.714283],[-94.129496,30.719447],[-94.138229,30.731909],[-94.128232,30.746505],[-94.139896,30.75589],[-94.132823,30.764612],[-94.142232,30.77192],[-94.139803,30.779118],[-94.150119,30.790203],[-94.180235,30.795648],[-94.182037,30.804248],[-94.177802,30.812321],[-94.183642,30.811561],[-94.189074,30.818155],[-94.187732,30.824311],[-94.178332,30.823127],[-94.182236,30.826655],[-94.179433,30.829139],[-94.185936,30.831362],[-94.18014,30.833971],[-94.191342,30.838109],[-94.200963,30.863533],[-94.19387,30.863644],[-94.194426,30.869709],[-94.189945,30.872001],[-94.198487,30.873778],[-94.194331,30.879587],[-94.205061,30.886475],[-94.200033,30.892055],[-94.215928,30.901533],[-94.204991,30.914624],[-94.208105,30.922624],[-94.199435,30.928324],[-94.20591,30.929819],[-94.203525,30.934703],[-94.210018,30.938024],[-94.220991,30.935318],[-94.223797,30.947658],[-94.228607,30.939716],[-94.23123,30.947335],[-94.226992,30.950437],[-94.233656,30.951721],[-94.227851,30.957792],[-94.244725,30.965951],[-94.239409,30.973875],[-94.243871,30.982889],[-94.241382,30.992474],[-94.233075,30.986342],[-94.240613,31.005157],[-94.238424,31.013705],[-94.245392,31.011279],[-94.252298,31.018931],[-94.260805,31.020003],[-94.279926,31.017692],[-94.286324,31.027136],[-94.282773,31.036101],[-94.29319,31.04282],[-94.299193,31.041651],[-94.298526,31.034586],[-94.325084,31.019968],[-94.337354,31.030192],[-94.338759,31.037328],[-94.353782,31.039371],[-94.35465,31.032166],[-94.374686,31.031111],[-94.374997,31.035314],[-94.382402,31.026413],[-94.413814,31.026493],[-94.435988,31.013761],[-94.432219,31.013217],[-94.434305,31.006924],[-94.451127,31.003445],[-94.450234,31.018813],[-94.442293,31.029981],[-94.445386,31.034426],[-94.460167,31.03092]]]}},{"type":"Feature","properties":{"GEOID":"48449","NAME":"Titus","state":"TX","wildfire_risk_score":73.41,"wildfire_eal_total":182003.96,"risk_band":"Moderate","source":"FEMA National Risk Index v1.20 (December 2025)"},"geometry":{"type":"Polygon","coordinates":[[[-95.125949,33.053024],[-95.125451,33.389454],[-95.120423,33.385813],[-95.101129,33.39663],[-95.094521,33.392876],[-95.093348,33.397571],[-95.076392,33.38617],[-95.059731,33.392103],[-95.05863,33.385947],[-95.051232,33.38868],[-95.049583,33.382983],[-95.039692,33.380097],[-95.040516,33.384832],[-95.020025,33.380943],[-95.017127,33.390949],[-95.004729,33.395363],[-94.999756,33.39419],[-95.003122,33.390507],[-94.995042,33.388765],[-94.981667,33.391886],[-94.981911,33.387214],[-94.966459,33.387929],[-94.954203,33.394481],[-94.956603,33.396428],[-94.952055,33.395162],[-94.953056,33.390839],[-94.94473,33.391871],[-94.935147,33.385917],[-94.931871,33.388665],[-94.922125,33.384197],[-94.915518,33.387907],[-94.913008,33.384518],[-94.911233,33.387769],[-94.907658,33.383853],[-94.889304,33.39848],[-94.875984,33.394193],[-94.857586,33.3767],[-94.857288,33.381601],[-94.849182,33.383848],[-94.846286,33.378833],[-94.843995,33.383209],[-94.837361,33.382294],[-94.839245,33.385179],[-94.836624,33.383806],[-94.835941,33.379407],[-94.833867,33.383875],[-94.81271,33.375577],[-94.814951,33.362858],[-94.808783,33.363636],[-94.819828,32.982886],[-94.828403,32.983271],[-94.830322,32.989201],[-94.854106,33.003642],[-94.858254,33.002245],[-94.862509,33.005905],[-94.859049,33.013343],[-94.872255,33.014013],[-94.88823,33.023266],[-94.888722,33.030506],[-94.893759,33.030749],[-94.905507,33.044334],[-94.916921,33.045349],[-94.924412,33.056815],[-94.923902,33.067341],[-94.935874,33.073926],[-94.972276,33.071925],[-94.980968,33.077348],[-94.989093,33.072809],[-95.00096,33.075957],[-95.007223,33.071149],[-95.011393,33.075719],[-95.040269,33.072294],[-95.058078,33.055259],[-95.078394,33.052076],[-95.094577,33.037565],[-95.113617,33.030509],[-95.12613,33.034581],[-95.125949,33.053024]]]}},{"type":"Feature","properties":{"GEOID":"48389","NAME":"Reeves","state":"TX","wildfire_risk_score":51.145,"wildfire_eal_total":39069.07,"risk_band":"Low","source":"FEMA National Risk Index v1.20 (December 2025)"},"geometry":{"type":"Polygon","coordinates":[[[-104.101034,31.12474],[-104.024521,32.00001],[-103.980179,32.000125],[-103.983126,31.990842],[-103.974457,31.979206],[-103.950089,31.986838],[-103.948091,31.970495],[-103.941196,31.961301],[-103.948592,31.954483],[-103.940896,31.944546],[-103.933621,31.947703],[-103.922396,31.942527],[-103.915713,31.930858],[-103.918848,31.918747],[-103.912248,31.902424],[-103.880661,31.889755],[-103.885446,31.870955],[-103.880828,31.864845],[-103.858052,31.881932],[-103.848205,31.881811],[-103.838539,31.889718],[-103.829718,31.888352],[-103.828676,31.862549],[-103.812736,31.853344],[-103.813073,31.846324],[-103.821299,31.837267],[-103.808403,31.826809],[-103.809458,31.794317],[-103.797232,31.770187],[-103.791323,31.775536],[-103.789236,31.772134],[-103.783144,31.774724],[-103.777957,31.768544],[-103.782174,31.764828],[-103.770326,31.76232],[-103.770068,31.757516],[-103.766148,31.760817],[-103.762161,31.74865],[-103.756698,31.751215],[-103.758314,31.744805],[-103.751062,31.740512],[-103.746551,31.744054],[-103.745228,31.738866],[-103.724012,31.739249],[-103.720803,31.741589],[-103.723711,31.745537],[-103.691717,31.747783],[-103.669083,31.715267],[-103.625726,31.705032],[-103.620827,31.689075],[-103.635639,31.690287],[-103.635267,31.683671],[-103.632417,31.673624],[-103.619158,31.664295],[-103.621392,31.659277],[-103.615997,31.650681],[-103.610471,31.653808],[-103.573028,31.632291],[-103.562324,31.63291],[-103.551615,31.644799],[-103.530927,31.642284],[-103.530835,31.636012],[-103.526209,31.63419],[-103.529801,31.63246],[-103.516387,31.628461],[-103.517674,31.625245],[-103.509379,31.625934],[-103.513271,31.623442],[-103.510301,31.614126],[-103.51414,31.6129],[-103.504196,31.596648],[-103.508524,31.592319],[-103.505789,31.590625],[-103.510703,31.59142],[-103.507421,31.587821],[-103.514742,31.576884],[-103.511417,31.567004],[-103.507222,31.569055],[-103.508049,31.564068],[-103.502397,31.563157],[-103.505483,31.560896],[-103.49538,31.549951],[-103.497494,31.531828],[-103.502642,31.528535],[-103.495686,31.521695],[-103.503405,31.515689],[-103.503838,31.506311],[-103.4956,31.4985],[-103.493681,31.486881],[-103.480847,31.474902],[-103.488968,31.46853],[-103.489097,31.455963],[-103.462313,31.429872],[-103.446683,31.424385],[-103.44241,31.433752],[-103.418187,31.426051],[-103.398779,31.433788],[-103.380837,31.416899],[-103.368248,31.418158],[-103.36893,31.41388],[-103.361763,31.41903],[-103.357911,31.415255],[-103.348849,31.423491],[-103.329941,31.411998],[-103.293291,31.421699],[-103.279123,31.414433],[-103.274351,31.416959],[-103.274734,31.423677],[-103.261677,31.42757],[-103.255186,31.420339],[-103.257786,31.407304],[-103.244934,31.389368],[-103.213817,31.382289],[-103.193685,31.371735],[-103.158592,31.372326],[-103.130188,31.363859],[-103.128334,31.367388],[-103.106554,31.361222],[-103.099738,31.365342],[-103.067348,31.365197],[-103.063106,31.368468],[-103.068065,31.370393],[-103.06616,31.377748],[-103.058002,31.385247],[-103.035658,31.378296],[-103.010738,31.377477],[-103.01104,31.371306],[-103.585084,30.76647],[-104.102351,31.105203],[-104.101034,31.12474]]]}},{"type":"Feature","properties":{"GEOID":"48437","NAME":"Swisher","state":"TX","wildfire_risk_score":87.754,"wildfire_eal_total":768708.51,"risk_band":"High","source":"FEMA National Risk Index v1.20 (December 2025)"},"geometry":{"type":"Polygon","coordinates":[[[-101.998493,34.74819],[-101.471562,34.747462],[-101.47158,34.31229],[-101.99802,34.313039],[-101.998493,34.74819]]]}},{"type":"Feature","properties":{"GEOID":"48173","NAME":"Glasscock","state":"TX","wildfire_risk_score":61.991,"wildfire_eal_total":87564.55,"risk_band":"Low","source":"FEMA National Risk Index v1.20 (December 2025)"},"geometry":{"type":"Polygon","coordinates":[[[-101.776085,32.086925],[-101.264216,32.087136],[-101.267122,31.650854],[-101.775802,31.651319],[-101.776085,32.086925]]]}},{"type":"Feature","properties":{"GEOID":"48361","NAME":"Orange","state":"TX","wildfire_risk_score":89.44,"wildfire_eal_total":1158152.26,"risk_band":"High","source":"FEMA National Risk Index v1.20 (December 2025)"},"geometry":{"type":"Polygon","coordinates":[[[-94.117956,30.21685],[-94.117604,30.241665],[-93.7051585596811,30.2438609876218],[-93.703113,30.239176],[-93.706547,30.239659],[-93.705032,30.233396],[-93.709284,30.233873],[-93.713359,30.225261],[-93.712152,30.219815],[-93.71922,30.218542],[-93.714959,30.197346],[-93.717839,30.193999],[-93.708489,30.196759],[-93.705495,30.192921],[-93.712595,30.190186],[-93.701959,30.167774],[-93.706532,30.147424],[-93.697737,30.152946],[-93.688552,30.140374],[-93.692849,30.135213],[-93.700744,30.138144],[-93.70143,30.122295],[-93.707794,30.12074],[-93.702436,30.112721],[-93.711503,30.109392],[-93.723765,30.09413],[-93.723631,30.083176],[-93.730566,30.089039],[-93.734085,30.08613],[-93.716405,30.069122],[-93.70218,30.065474],[-93.699396,30.05925],[-93.710891,30.054377],[-93.713772,30.065687],[-93.717327,30.06571],[-93.720805,30.053043],[-93.737446,30.037283],[-93.74207,30.020771],[-93.755238,30.015187],[-93.770567,29.996532],[-93.789431,29.987812],[-93.807815,29.954549],[-93.818998,29.914822],[-93.8543426408309,29.8649909997958],[-93.838824,29.936934],[-93.843896,29.954805],[-93.859017,29.976549],[-93.903471,29.985513],[-93.913781,29.995988],[-93.931072,29.991113],[-93.954373,30.001113],[-93.960609,30.013428],[-93.981774,30.008913],[-93.983074,30.021812],[-93.996774,30.013113],[-94.001039,30.030964],[-94.029476,30.025513],[-94.035876,30.041412],[-94.028681,30.051812],[-94.031776,30.058812],[-94.027476,30.066012],[-94.042977,30.063712],[-94.051877,30.078712],[-94.057777,30.074812],[-94.092131,30.082325],[-94.093978,30.086265],[-94.086378,30.089012],[-94.094082,30.090532],[-94.087278,30.104912],[-94.081178,30.104312],[-94.073678,30.114111],[-94.079578,30.127111],[-94.109146,30.136733],[-94.100888,30.143026],[-94.11348,30.148311],[-94.115917,30.160347],[-94.11026,30.167619],[-94.114472,30.173799],[-94.110506,30.187759],[-94.105332,30.187456],[-94.106546,30.193192],[-94.097871,30.188431],[-94.098216,30.198459],[-94.091798,30.197264],[-94.091217,30.204648],[-94.117956,30.21685]]]}},{"type":"Feature","properties":{"GEOID":"48167","NAME":"Galveston","state":"TX","wildfire_risk_score":84.924,"wildfire_eal_total":734460.26,"risk_band":"High","source":"FEMA National Risk Index v1.20 (December 2025)"},"geometry":{"type":"MultiPolygon","coordinates":[[[[-94.78337,29.377482],[-94.767208,29.390426],[-94.774338,29.399226],[-94.766495,29.407613],[-94.754967,29.415894],[-94.745453,29.408538],[-94.703509,29.436493],[-94.692628,29.458441],[-94.671706,29.476158],[-94.640413,29.472405],[-94.606562,29.482786],[-94.594211,29.492127],[-94.597574,29.495249],[-94.590674,29.512952],[-94.568973,29.53018],[-94.558503,29.530037],[-94.530093,29.516807],[-94.515415,29.51716],[-94.505403,29.510466],[-94.493282,29.513569],[-94.486627,29.536836],[-94.476169,29.545107],[-94.472272380685,29.5570131939879],[-94.417825,29.56928],[-94.412445,29.573371],[-94.417343,29.578121],[-94.413285,29.580094],[-94.41692,29.58456],[-94.413791,29.586872],[-94.419177,29.589193],[-94.408992,29.597467],[-94.377057,29.593718],[-94.371622,29.597247],[-94.3708230339094,29.5562445220171],[-94.564335,29.481369],[-94.654825,29.440103],[-94.708473,29.403049],[-94.733413,29.36799],[-94.742019,29.375877],[-94.761491,29.361883],[-94.763365,29.365849],[-94.778691,29.361483],[-94.777784,29.375825],[-94.78337,29.377482]]],[[[-94.823264,29.323918],[-94.821601,29.34526],[-94.810522,29.352129],[-94.781204,29.332472],[-94.784166,29.321017],[-94.798427,29.312416],[-94.821957,29.313245],[-94.823264,29.323918]]],[[[-94.825908,29.352648],[-94.82097,29.352668],[-94.819946,29.350169],[-94.824248,29.348919],[-94.825908,29.352648]]],[[[-94.915128,29.273446],[-94.909186,29.273964],[-94.909186,29.269818],[-94.91382,29.269922],[-94.915128,29.273446]]],[[[-94.928676,29.287034],[-94.922707,29.28844],[-94.919664,29.286816],[-94.924391,29.281615],[-94.928676,29.287034]]],[[[-95.122147,29.09042],[-95.110144,29.097689],[-95.093031,29.122505],[-95.039791,29.154267],[-95.028144,29.156551],[-95.023628,29.169004],[-95.016973,29.168485],[-95.018994,29.175645],[-95.006515,29.179795],[-95.013052,29.185087],[-94.989521,29.190585],[-94.994037,29.195773],[-94.991779,29.200337],[-94.975736,29.201478],[-94.97431,29.211229],[-94.959455,29.210192],[-94.962307,29.219216],[-94.945313,29.221498],[-94.948759,29.228654],[-94.955652,29.22938],[-94.943411,29.235706],[-94.934261,29.232595],[-94.918574,29.255718],[-94.88007,29.27272],[-94.881852,29.279251],[-94.874366,29.289927],[-94.852855,29.299048],[-94.827661,29.300913],[-94.820769,29.309618],[-94.789038,29.311898],[-94.774659,29.321017],[-94.772282,29.333657],[-94.766568,29.337344],[-94.731398,29.337049],[-94.726172,29.332517],[-94.794756,29.284394],[-95.046587,29.135716],[-95.087945,29.107906],[-95.110619,29.086682],[-95.116561,29.084605],[-95.122147,29.09042]]],[[[-95.232283,29.46972],[-95.213606,29.558453],[-95.205575,29.557762],[-95.200985,29.563212],[-95.197795,29.558214],[-95.193154,29.559518],[-95.199963,29.552332],[-95.199469,29.544529],[-95.188277,29.535411],[-95.189806,29.527174],[-95.182712,29.51882],[-95.167498,29.512549],[-95.170996,29.50772],[-95.160701,29.49752],[-95.148885,29.498703],[-95.141707,29.506361],[-95.129518,29.505146],[-95.125094,29.510263],[-95.118489,29.506983],[-95.10547,29.510328],[-95.102636,29.52127],[-95.09809,29.518322],[-95.09487,29.522393],[-95.096258,29.53518],[-95.089627,29.531134],[-95.079224,29.534737],[-95.080894,29.545717],[-95.072096,29.549259],[-95.068329,29.557485],[-95.049883,29.558477],[-95.02956,29.552193],[-95.028719,29.547651],[-95.0171055210733,29.5486852947989],[-95.003049,29.526076],[-94.98201,29.513165],[-94.909465,29.496838],[-94.925427,29.470868],[-94.928438,29.479838],[-94.935568,29.481183],[-94.953394,29.472596],[-94.951849,29.467527],[-94.930974,29.452038],[-94.892027,29.433681],[-94.887852,29.416815],[-94.889815,29.378196],[-94.864366,29.370511],[-94.891597,29.355929],[-94.906596,29.35598],[-94.908166,29.339919],[-94.892905,29.325265],[-94.892667,29.313452],[-94.900035,29.302364],[-94.91834,29.293222],[-94.928847,29.298361],[-94.910031,29.299473],[-94.905004,29.302524],[-94.907279,29.308845],[-94.941977,29.313478],[-94.954268,29.293245],[-94.970908,29.283223],[-95.02738,29.228346],[-95.034507,29.211496],[-95.0570940118151,29.2005219238839],[-95.232283,29.46972]]]]}},{"type":"Feature","properties":{"GEOID":"48007","NAME":"Aransas","state":"TX","wildfire_risk_score":61.832,"wildfire_eal_total":65960.16,"risk_band":"Low","source":"FEMA National Risk Index v1.20 (December 2025)"},"geometry":{"type":"MultiPolygon","coordinates":[[[[-96.822899,28.167432],[-96.8194604590773,28.1680715818538],[-96.8203305524285,28.1634171288584],[-96.821354,28.165651],[-96.822899,28.167432]]],[[[-97.056063,27.849732],[-97.045129,27.868854],[-97.045723,27.889969],[-97.039663,27.894275],[-97.03586,27.908873],[-97.0091,27.924002],[-96.997028,27.940376],[-97.01128,27.943486],[-97.029246,27.936461],[-97.035748,27.940428],[-96.989982,27.949134],[-96.98543,27.955045],[-96.984402,27.984355],[-96.967764,28.017512],[-96.94618,28.044931],[-96.947086,28.053491],[-96.938768,28.051813],[-96.933657,28.056008],[-96.925458,28.08841],[-96.90573,28.100676],[-96.880536,28.106022],[-96.896936,28.114722],[-96.88731,28.116294],[-96.880061,28.131072],[-96.873881,28.133483],[-96.844113,28.108402],[-96.832177,28.113572],[-96.830861,28.108],[-96.8530539631559,28.0608472718433],[-96.927546,27.991625],[-96.991409,27.922576],[-97.025242,27.879769],[-97.045222,27.839774],[-97.056063,27.849732]]],[[[-97.078917,27.917014],[-97.06513,27.913127],[-97.053603,27.90231],[-97.050394,27.874369],[-97.0638352189676,27.8515673768256],[-97.057171,27.865413],[-97.0720926836424,27.9009696492849],[-97.065492,27.909582],[-97.078917,27.917014]]],[[[-97.125604,28.253709],[-97.11756,28.259128],[-97.123072,28.272817],[-96.7905346464136,28.3192330118032],[-96.792609,28.310564],[-96.809232,28.293391],[-96.806011,28.282144],[-96.7987181122199,28.2759479998208],[-96.811711,28.213512],[-96.823968,28.207236],[-96.824824,28.198878],[-96.845502,28.179815],[-96.84467,28.175206],[-96.869508,28.168815],[-96.886977,28.154881],[-96.88365,28.147755],[-96.899931,28.143564],[-96.905041,28.130045],[-96.923818,28.114743],[-96.910507,28.134657],[-96.918826,28.134971],[-96.90718,28.146917],[-96.931554,28.123893],[-96.967625,28.125343],[-96.959033,28.126176],[-96.958531,28.13123],[-96.964637,28.131835],[-96.953658,28.13626],[-96.944864,28.149044],[-96.946996,28.156744],[-96.941418,28.171047],[-96.934644,28.17398],[-96.926682,28.189588],[-96.923592,28.199329],[-96.942487,28.217656],[-96.934168,28.234304],[-96.927157,28.236294],[-96.919908,28.250008],[-96.921571,28.255138],[-96.912421,28.26393],[-96.914203,28.269583],[-96.928583,28.261628],[-96.930128,28.253463],[-96.950687,28.244774],[-96.952589,28.23221],[-96.968513,28.21996],[-96.945934,28.196501],[-96.949734,28.186018],[-96.966591,28.172435],[-96.972401,28.173059],[-96.966374,28.161618],[-96.97291,28.154703],[-96.975525,28.132592],[-96.9842,28.129658],[-96.979684,28.125361],[-96.983368,28.124941],[-97.000414,28.137614],[-97.009632,28.134688],[-97.009156,28.139089],[-97.025384,28.14963],[-97.008834,28.158263],[-97.019202,28.163183],[-97.018307,28.183513],[-97.007255,28.190531],[-97.0088,28.20268],[-97.037422,28.201296],[-97.0432,28.209],[-97.054242,28.203845],[-97.062281,28.206478],[-97.065035,28.214545],[-97.102162,28.22649],[-97.097865,28.232045],[-97.125604,28.253709]]],[[[-97.260818,28.075759],[-97.240219,28.061538],[-97.2210384864746,28.0744502959703],[-97.199914,28.068298],[-97.178979,28.058473],[-97.178028,28.044314],[-97.158776,28.047251],[-97.160677,28.040223],[-97.154141,28.033091],[-97.13893,28.026902],[-97.128947,28.029209],[-97.121935,28.020922],[-97.122648,28.02879],[-97.108507,28.033091],[-97.105892,28.038021],[-97.117657,28.042426],[-97.128709,28.039804],[-97.135246,28.04788],[-97.111834,28.059417],[-97.112072,28.06875],[-97.10304,28.0763],[-97.054197,28.092761],[-97.046947,28.101986],[-97.047066,28.11467],[-97.053365,28.118338],[-97.024962,28.113307],[-97.020565,28.104816],[-97.032449,28.094543],[-97.036846,28.07588],[-97.0252,28.032147],[-97.043739,28.028056],[-97.064429,27.992834],[-97.078595,27.930694],[-97.075077,27.919354],[-97.07869,27.918598],[-97.080591,27.931954],[-97.073841,27.960761],[-97.082017,27.963112],[-97.074887,27.974868],[-97.07964,27.975539],[-97.120902,27.923113],[-97.131359,27.916602],[-97.1338567153459,27.9011057168011],[-97.260818,28.075759]]]]}},{"type":"Feature","properties":{"GEOID":"48465","NAME":"Val Verde","state":"TX","wildfire_risk_score":85.019,"wildfire_eal_total":459216.11,"risk_band":"High","source":"FEMA National Risk Index v1.20 (December 2025)"},"geometry":{"type":"Polygon","coordinates":[[[-101.76032,29.872049],[-101.7584,30.288044],[-100.700393,30.288276],[-100.699141,29.419747],[-100.706913,29.397311],[-100.710641,29.369779],[-100.706307,29.363912],[-100.712195,29.337884],[-100.746554,29.3257],[-100.74348,29.316676],[-100.74836,29.302946],[-100.738304,29.282111],[-100.742693,29.279206],[-100.745564,29.254809],[-100.75511,29.256068],[-100.762325,29.251302],[-100.757822,29.238325],[-100.778926,29.246626],[-100.794855840552,29.2415970894515],[-100.802052,29.249954],[-100.816673,29.254479],[-100.81478,29.263724],[-100.83404,29.2614],[-100.856469,29.275664],[-100.876049,29.279585],[-100.886842,29.307848],[-100.904835,29.31201],[-100.919499,29.325318],[-100.940615,29.333109],[-100.948972,29.347246],[-100.964325,29.347342],[-101.010614,29.368669],[-101.016726,29.387275],[-101.036604,29.406108],[-101.043364,29.42988],[-101.056957,29.440773],[-101.060151,29.458661],[-101.087149,29.469414],[-101.115254,29.468459],[-101.130038,29.47842],[-101.144337,29.473246],[-101.162181,29.489924],[-101.173821,29.514566],[-101.235275,29.524854],[-101.254895,29.520342],[-101.261175,29.536777],[-101.241151,29.565429],[-101.252297,29.604167],[-101.247418,29.618158],[-101.250383,29.624171],[-101.269217,29.630027],[-101.280488,29.614835],[-101.277875,29.590851],[-101.290962,29.571537],[-101.305533,29.577925],[-101.311768,29.58547],[-101.313089,29.611044],[-101.301332,29.635033],[-101.302371,29.649994],[-101.314972,29.659133],[-101.345493,29.662196],[-101.35714,29.649267],[-101.361312,29.650063],[-101.372549,29.677848],[-101.372773,29.699428],[-101.396948,29.713947],[-101.397009,29.733963],[-101.415584,29.746534],[-101.414816,29.752698],[-101.400155,29.760083],[-101.398654,29.767451],[-101.403067,29.771437],[-101.445477,29.749397],[-101.455224,29.771874],[-101.452488,29.782821],[-101.461639,29.789834],[-101.478864,29.784085],[-101.503223,29.764582],[-101.535847,29.758934],[-101.539191,29.761774],[-101.53501,29.797679],[-101.544392,29.811856],[-101.567749,29.798727],[-101.574321,29.786576],[-101.572402,29.773062],[-101.577035,29.769119],[-101.603681,29.774399],[-101.625958,29.771063],[-101.635128,29.758675],[-101.646418,29.754304],[-101.662453,29.77128],[-101.677804,29.760292],[-101.689992,29.771213],[-101.708873,29.761642],[-101.721058,29.776081],[-101.735202,29.771592],[-101.742458,29.778735],[-101.754323,29.777662],[-101.760923744511,29.7818615288962],[-101.76032,29.872049]]]}},{"type":"Feature","properties":{"GEOID":"48403","NAME":"Sabine","state":"TX","wildfire_risk_score":58.62,"wildfire_eal_total":55843.13,"risk_band":"Low","source":"FEMA National Risk Index v1.20 (December 2025)"},"geometry":{"type":"Polygon","coordinates":[[[-94.048684,31.151469],[-94.038692,31.176124],[-94.038575,31.217716],[-94.029124,31.251401],[-94.038815,31.287895],[-94.047265,31.298544],[-94.04172,31.314598],[-94.043324,31.324209],[-94.037115,31.332879],[-94.041633,31.340465],[-94.021729,31.365872],[-94.026192,31.381523],[-94.044154,31.409979],[-93.983239,31.466114],[-93.984461,31.569419],[-93.969652,31.572371],[-93.940492,31.59026],[-93.926142,31.590666],[-93.920821,31.599149],[-93.896537,31.611836],[-93.876261,31.596814],[-93.865952,31.5978],[-93.861029,31.592456],[-93.851646,31.594123],[-93.847116,31.588611],[-93.834924,31.586211],[-93.818434,31.570943],[-93.822958,31.56813],[-93.81686,31.563084],[-93.821087,31.560341],[-93.818582,31.554826],[-93.799536,31.542977],[-93.803359,31.538787],[-93.787687,31.527344],[-93.760062,31.523933],[-93.75413,31.526406],[-93.758111,31.529872],[-93.747737,31.53069],[-93.742765,31.526858],[-93.742196,31.515469],[-93.713439,31.514841],[-93.711552,31.510125],[-93.727587,31.488902],[-93.752988,31.48171],[-93.745542,31.480396],[-93.749476,31.46869],[-93.722093,31.453496],[-93.717734,31.457106],[-93.70997,31.45276],[-93.709128,31.456746],[-93.703934,31.455493],[-93.708937,31.441706],[-93.692526,31.438201],[-93.704678,31.4189],[-93.704879,31.410881],[-93.674117,31.397681],[-93.670108,31.3657],[-93.639257,31.371535],[-93.646633,31.358595],[-93.668439,31.353012],[-93.668802,31.339604],[-93.677277,31.330483],[-93.673553,31.324542],[-93.687851,31.309835],[-93.684039,31.301771],[-93.66741,31.297054],[-93.659864,31.281962],[-93.647367,31.281726],[-93.641472,31.269936],[-93.620343,31.271025],[-93.613942,31.259375],[-93.614288,31.251631],[-93.621684,31.248586],[-93.616308,31.244595],[-93.617984,31.232501],[-93.608747,31.228014],[-93.596556,31.229657],[-93.599094,31.224182],[-93.595045,31.221044],[-93.603139,31.217056],[-93.607288,31.205403],[-93.601857,31.199393],[-93.600308,31.176158],[-93.911126,31.158071],[-94.039034,31.134271],[-94.048684,31.151469]]]}},{"type":"Feature","properties":{"GEOID":"48315","NAME":"Marion","state":"TX","wildfire_risk_score":51.081,"wildfire_eal_total":29824.83,"risk_band":"Low","source":"FEMA National Risk Index v1.20 (December 2025)"},"geometry":{"type":"Polygon","coordinates":[[[-94.709446,32.871308],[-94.705878,32.879177],[-94.0428857174211,32.881088560255],[-94.0431469938267,32.6930300000381],[-94.071555,32.687349],[-94.090669,32.689232],[-94.09936,32.705572],[-94.107613,32.702848],[-94.117925,32.708675],[-94.113012,32.715051],[-94.095769,32.712193],[-94.088467,32.722816],[-94.102411,32.724875],[-94.09099,32.72983],[-94.092738,32.734269],[-94.143428,32.74148],[-94.149357,32.727125],[-94.161631,32.721448],[-94.173328,32.695305],[-94.205846,32.703582],[-94.221257,32.702734],[-94.235722,32.715526],[-94.225175,32.727588],[-94.233059,32.732186],[-94.233823,32.742599],[-94.244397,32.750876],[-94.247154,32.743344],[-94.248606,32.749263],[-94.25545,32.75166],[-94.259789,32.745267],[-94.280542,32.74958],[-94.288059,32.735785],[-94.286242,32.730098],[-94.295733,32.723914],[-94.317009,32.729835],[-94.327926,32.722902],[-94.32883,32.716115],[-94.339228,32.716545],[-94.363053,32.700854],[-94.372503,32.704155],[-94.374048,32.698226],[-94.383855,32.69334],[-94.507323,32.693738],[-94.70214,32.793088],[-94.702138,32.820515],[-94.672351,32.834756],[-94.697657,32.843082],[-94.698022,32.859164],[-94.706318,32.861379],[-94.709446,32.871308]]]}},{"type":"Feature","properties":{"GEOID":"48257","NAME":"Kaufman","state":"TX","wildfire_risk_score":79.962,"wildfire_eal_total":492377.34,"risk_band":"Moderate","source":"FEMA National Risk Index v1.20 (December 2025)"},"geometry":{"type":"Polygon","coordinates":[[[-96.529412,32.545277],[-96.523118,32.545214],[-96.51897,32.813616],[-96.297376,32.814185],[-96.297322,32.841723],[-96.076801,32.838489],[-96.075899,32.357505],[-96.231509,32.354709],[-96.249739,32.354993],[-96.249701,32.358716],[-96.452372,32.358659],[-96.452235,32.370779],[-96.448611,32.366458],[-96.448432,32.370574],[-96.443845,32.369534],[-96.448577,32.37597],[-96.437355,32.378551],[-96.438891,32.389135],[-96.434477,32.389204],[-96.439826,32.400133],[-96.434278,32.410853],[-96.450743,32.424643],[-96.477001,32.434077],[-96.484335,32.451482],[-96.498216,32.453729],[-96.493731,32.456272],[-96.493509,32.467041],[-96.51036,32.482467],[-96.50185,32.48887],[-96.508748,32.491931],[-96.506701,32.497557],[-96.500482,32.495507],[-96.513286,32.512143],[-96.501613,32.512247],[-96.507504,32.517006],[-96.503287,32.526563],[-96.509406,32.526477],[-96.507176,32.532218],[-96.511702,32.536005],[-96.51915,32.531527],[-96.529412,32.545277]]]}},{"type":"Feature","properties":{"GEOID":"48277","NAME":"Lamar","state":"TX","wildfire_risk_score":86.132,"wildfire_eal_total":605182.07,"risk_band":"High","source":"FEMA National Risk Index v1.20 (December 2025)"},"geometry":{"type":"Polygon","coordinates":[[[-95.85772,33.462718],[-95.85505,33.827939],[-95.8463781777365,33.8400397456755],[-95.831948,33.835161],[-95.822787,33.838756],[-95.818976,33.844456],[-95.821666,33.856633],[-95.805149,33.861304],[-95.789867,33.857686],[-95.770556,33.845269],[-95.763586,33.846824],[-95.751746,33.855557],[-95.762559,33.874367],[-95.756367,33.892625],[-95.73769,33.896545],[-95.714089,33.885888],[-95.697882,33.88611],[-95.684831,33.890232],[-95.665466,33.908978],[-95.629055,33.90587],[-95.616422,33.927406],[-95.600695,33.931268],[-95.593827,33.943031],[-95.580898,33.933844],[-95.554478,33.928072],[-95.548483,33.908534],[-95.550259,33.88833],[-95.545197,33.880294],[-95.533283,33.881162],[-95.510739,33.897877],[-95.505189,33.894991],[-95.502304,33.874742],[-95.484541,33.875897],[-95.461673,33.886998],[-95.464211,33.873372],[-95.440928,33.866429],[-95.427313,33.870446],[-95.402055,33.864188],[-95.384639,33.868425],[-95.362517,33.866581],[-95.334854,33.876831],[-95.326436,33.88607],[-95.3104056193911,33.8773685301904],[-95.308398,33.377687],[-95.318245,33.38186],[-95.32413,33.379393],[-95.33677,33.387863],[-95.353887,33.386894],[-95.363474,33.393724],[-95.372972,33.39094],[-95.379555,33.399695],[-95.396789,33.398924],[-95.399752,33.409778],[-95.414507,33.410863],[-95.416422,33.41626],[-95.425444,33.416658],[-95.432837,33.427197],[-95.444673,33.43305],[-95.4646,33.433895],[-95.481262,33.452238],[-95.493477,33.455607],[-95.492136,33.451481],[-95.504798,33.441927],[-95.526956,33.445923],[-95.562235,33.47587],[-95.590449,33.469006],[-95.595632,33.476818],[-95.592952,33.480126],[-95.603675,33.484721],[-95.611005,33.481864],[-95.60936,33.484378],[-95.623682,33.486904],[-95.636325,33.482097],[-95.642957,33.48669],[-95.660314,33.475814],[-95.681464,33.470273],[-95.684801,33.478419],[-95.697238,33.476765],[-95.707786,33.48776],[-95.709264,33.483279],[-95.732468,33.484589],[-95.743777,33.492479],[-95.755591,33.490792],[-95.761076,33.495387],[-95.778965,33.491842],[-95.781634,33.48631],[-95.817346,33.469259],[-95.82673,33.459038],[-95.848947,33.45776],[-95.85772,33.462718]]]}},{"type":"Feature","properties":{"GEOID":"48005","NAME":"Angelina","state":"TX","wildfire_risk_score":80.471,"wildfire_eal_total":326104.23,"risk_band":"Moderate","source":"FEMA National Risk Index v1.20 (December 2025)"},"geometry":{"type":"Polygon","coordinates":[[[-95.004883,31.42396],[-94.865857,31.526916],[-94.861236,31.514781],[-94.851597,31.510944],[-94.851074,31.505173],[-94.840016,31.507695],[-94.840747,31.502311],[-94.833869,31.501662],[-94.836367,31.49601],[-94.826569,31.491727],[-94.822528,31.48386],[-94.818962,31.487172],[-94.809922,31.484789],[-94.811972,31.487216],[-94.803928,31.49046],[-94.792286,31.479241],[-94.777269,31.48052],[-94.764213,31.469133],[-94.733743,31.465219],[-94.728679,31.457226],[-94.720903,31.459279],[-94.685917,31.451006],[-94.674147,31.452454],[-94.664664,31.45952],[-94.660266,31.452354],[-94.635812,31.440926],[-94.630293,31.444118],[-94.62793,31.438852],[-94.60419,31.440532],[-94.594334,31.449423],[-94.591149,31.447823],[-94.595311,31.444474],[-94.590257,31.443701],[-94.589246,31.447639],[-94.587296,31.442672],[-94.582859,31.443716],[-94.581452,31.433189],[-94.545121,31.431855],[-94.542404,31.404967],[-94.537559,31.39863],[-94.519236,31.401006],[-94.515745,31.409344],[-94.507433,31.410899],[-94.503929,31.406441],[-94.502815,31.410766],[-94.486115,31.389672],[-94.471746,31.385431],[-94.473518,31.381427],[-94.469176,31.383395],[-94.466512,31.375185],[-94.471135,31.373032],[-94.46204,31.354916],[-94.455964,31.351893],[-94.458406,31.342688],[-94.45234,31.340421],[-94.455316,31.336385],[-94.447706,31.317796],[-94.395187,31.301861],[-94.385391,31.290009],[-94.38742,31.283091],[-94.382638,31.281081],[-94.383027,31.274109],[-94.376277,31.273986],[-94.371629,31.263561],[-94.357631,31.25959],[-94.35709,31.246889],[-94.350726,31.247545],[-94.349267,31.239404],[-94.335354,31.229565],[-94.334961,31.223238],[-94.312559,31.223739],[-94.312354,31.217864],[-94.30336,31.21495],[-94.306139,31.212898],[-94.29445,31.212649],[-94.287885,31.20133],[-94.269863,31.19624],[-94.262206,31.180334],[-94.250572,31.18828],[-94.245897,31.180103],[-94.249216,31.177478],[-94.239225,31.18027],[-94.218997,31.173265],[-94.219556,31.164419],[-94.202915,31.153972],[-94.207536,31.151292],[-94.189758,31.139654],[-94.192732,31.135455],[-94.188505,31.137536],[-94.178593,31.123963],[-94.161547,31.122395],[-94.157606,31.114584],[-94.143878,31.114756],[-94.140204,31.104549],[-94.133955,31.107691],[-94.129632,31.09928],[-94.464028,31.032687],[-94.473218,31.026393],[-94.485457,31.03136],[-94.485312,31.038397],[-94.490826,31.038643],[-94.492304,31.044994],[-94.508927,31.043271],[-94.518092,31.051641],[-94.523155,31.048662],[-94.526949,31.055916],[-94.533726,31.056825],[-94.536366,31.051829],[-94.547491,31.059126],[-94.548471,31.053391],[-94.554756,31.05494],[-94.574496,31.068569],[-94.589488,31.066087],[-94.594414,31.072821],[-94.598918,31.06856],[-94.614253,31.084831],[-94.643132,31.088085],[-94.649011,31.098997],[-94.658493,31.084905],[-94.670695,31.08836],[-94.670912,31.09556],[-94.698351,31.096246],[-94.702671,31.101927],[-94.70915,31.101496],[-94.707943,31.104787],[-94.723577,31.108524],[-94.738594,31.10369],[-94.751577,31.105556],[-94.79611,31.130759],[-94.813293,31.130477],[-94.822324,31.14002],[-94.829385,31.138656],[-94.841655,31.143237],[-94.843271,31.148709],[-94.856263,31.150079],[-94.849959,31.154883],[-94.85514,31.172636],[-94.850131,31.171141],[-94.850074,31.178553],[-94.86636,31.208672],[-94.861404,31.212786],[-94.863322,31.21676],[-94.859471,31.21597],[-94.862903,31.219866],[-94.858372,31.220476],[-94.86465,31.22565],[-94.860436,31.234495],[-94.875719,31.25046],[-94.880107,31.247519],[-94.88406,31.255301],[-94.897578,31.257834],[-94.887995,31.276501],[-94.876713,31.283394],[-94.880167,31.289491],[-94.883524,31.287207],[-94.886087,31.295571],[-94.894179,31.291584],[-94.896522,31.296074],[-94.901546,31.313256],[-94.89703,31.323423],[-94.901813,31.331631],[-94.917635,31.339515],[-94.917893,31.336068],[-94.939803,31.34291],[-94.944481,31.338225],[-94.95782,31.342847],[-94.955279,31.349671],[-94.961417,31.34916],[-94.961363,31.352511],[-94.949802,31.359822],[-94.959003,31.364956],[-94.957308,31.379136],[-94.95025,31.382214],[-94.966254,31.391205],[-94.965952,31.396696],[-94.97778,31.399381],[-94.976718,31.409145],[-94.993832,31.41422],[-94.99928,31.420698],[-95.001258,31.417949],[-95.004883,31.42396]]]}},{"type":"Feature","properties":{"GEOID":"48507","NAME":"Zavala","state":"TX","wildfire_risk_score":35.337,"wildfire_eal_total":10881.41,"risk_band":"Low","source":"FEMA National Risk Index v1.20 (December 2025)"},"geometry":{"type":"Polygon","coordinates":[[[-100.113144,28.776246],[-100.111406,29.086318],[-99.41388,29.091335],[-99.409021,28.640566],[-100.114336,28.648122],[-100.113144,28.776246]]]}},{"type":"Feature","properties":{"GEOID":"48401","NAME":"Rusk","state":"TX","wildfire_risk_score":72.996,"wildfire_eal_total":182059.55,"risk_band":"Moderate","source":"FEMA National Risk Index v1.20 (December 2025)"},"geometry":{"type":"Polygon","coordinates":[[[-94.985957,32.364017],[-94.985411,32.37082],[-94.63975,32.370776],[-94.600776,32.360044],[-94.591703,32.365572],[-94.579219,32.394916],[-94.555726,32.4075],[-94.542146,32.399446],[-94.525994,32.402323],[-94.527205,32.393321],[-94.520786,32.394235],[-94.517011,32.387562],[-94.50724,32.388723],[-94.501694,32.397915],[-94.491818,32.394137],[-94.493361,32.356492],[-94.520699,32.303625],[-94.526126,32.279126],[-94.556223,32.250158],[-94.580256,32.202545],[-94.580747,32.159269],[-94.60156,32.079971],[-94.599978,31.973193],[-94.511431,31.973984],[-94.511315,31.924129],[-94.480709,31.902113],[-94.477518,31.886245],[-94.461974,31.871386],[-94.459588,31.863782],[-94.463759,31.856474],[-94.452513,31.844113],[-94.984768,31.846144],[-94.985957,32.364017]]]}},{"type":"Feature","properties":{"GEOID":"48003","NAME":"Andrews","state":"TX","wildfire_risk_score":74.968,"wildfire_eal_total":349278.13,"risk_band":"Moderate","source":"FEMA National Risk Index v1.20 (December 2025)"},"geometry":{"type":"Polygon","coordinates":[[[-103.064696,32.522193],[-102.211037,32.523244],[-102.211249,32.0868],[-103.064344,32.087051],[-103.064696,32.522193]]]}},{"type":"Feature","properties":{"GEOID":"48395","NAME":"Robertson","state":"TX","wildfire_risk_score":46.628,"wildfire_eal_total":28683.12,"risk_band":"Low","source":"FEMA National Risk Index v1.20 (December 2025)"},"geometry":{"type":"Polygon","coordinates":[[[-96.8311,31.10234],[-96.319165,31.357129],[-96.314946,31.342856],[-96.320268,31.330935],[-96.317187,31.323278],[-96.325988,31.310713],[-96.31732,31.301579],[-96.328624,31.298401],[-96.327988,31.28647],[-96.313922,31.27084],[-96.320339,31.258452],[-96.324908,31.261964],[-96.331121,31.252465],[-96.31415,31.228445],[-96.319359,31.221958],[-96.310432,31.217201],[-96.311746,31.198121],[-96.305468,31.195463],[-96.297174,31.180986],[-96.301391,31.179134],[-96.296767,31.174868],[-96.301644,31.163564],[-96.299187,31.148016],[-96.292568,31.132979],[-96.276991,31.11628],[-96.280753,31.096067],[-96.277454,31.087658],[-96.269661,31.078432],[-96.252425,31.072335],[-96.257098,31.069294],[-96.255466,31.065521],[-96.243518,31.061788],[-96.241844,31.056778],[-96.246556,31.051611],[-96.239984,31.048267],[-96.247369,31.043252],[-96.24957,31.032527],[-96.258198,31.022631],[-96.260308,31.006172],[-96.24719,31.006204],[-96.246639,30.998886],[-96.235128,30.995171],[-96.24102,30.973737],[-96.305951,30.94019],[-96.349085,30.911692],[-96.362226,30.896286],[-96.365642,30.884547],[-96.387408,30.864012],[-96.409838,30.826446],[-96.422893,30.793509],[-96.45763,30.744474],[-96.566983,30.69567],[-96.570369,30.702942],[-96.596467,30.71564],[-96.596157,30.726641],[-96.618234,30.728638],[-96.632729,30.741043],[-96.626239,30.74969],[-96.61484,30.75016],[-96.61251,30.75866],[-96.625249,30.780767],[-96.633202,30.783038],[-96.642288,30.776886],[-96.648322,30.780966],[-96.647545,30.790377],[-96.635818,30.800535],[-96.64128,30.818051],[-96.647997,30.825159],[-96.670192,30.833871],[-96.670047,30.841721],[-96.679176,30.844048],[-96.69438,30.86359],[-96.695002,30.878053],[-96.682248,30.881425],[-96.697221,30.898417],[-96.687021,30.89654],[-96.684868,30.906045],[-96.696665,30.908923],[-96.71576,30.89732],[-96.72621,30.89852],[-96.734408,30.904505],[-96.730643,30.91611],[-96.743734,30.915661],[-96.75633,30.927206],[-96.756482,30.946786],[-96.760615,30.955469],[-96.771174,30.960478],[-96.772362,30.969065],[-96.759565,30.978286],[-96.757,30.988196],[-96.745872,30.992908],[-96.747091,31.000951],[-96.755709,31.005378],[-96.765546,30.999704],[-96.771484,31.002773],[-96.774553,31.018243],[-96.77027,31.02672],[-96.779735,31.033379],[-96.767149,31.042829],[-96.76922,31.049539],[-96.785118,31.049102],[-96.79159,31.06508],[-96.811274,31.058263],[-96.820333,31.060955],[-96.82016,31.0684],[-96.809282,31.080305],[-96.8311,31.10234]]]}},{"type":"Feature","properties":{"GEOID":"48371","NAME":"Pecos","state":"TX","wildfire_risk_score":64.822,"wildfire_eal_total":80902.45,"risk_band":"Low","source":"FEMA National Risk Index v1.20 (December 2025)"},"geometry":{"type":"Polygon","coordinates":[[[-103.585084,30.76647],[-103.01104,31.371306],[-102.995682,31.356893],[-102.978414,31.353194],[-102.972702,31.359044],[-102.965675,31.351309],[-102.95915,31.354826],[-102.957895,31.350899],[-102.933578,31.350081],[-102.927103,31.337776],[-102.913983,31.339118],[-102.899814,31.324455],[-102.875387,31.316292],[-102.873031,31.311665],[-102.877926,31.307024],[-102.871972,31.300293],[-102.837088,31.284708],[-102.826735,31.266881],[-102.817497,31.273953],[-102.809552,31.273986],[-102.802496,31.282856],[-102.787108,31.284509],[-102.774077,31.295297],[-102.75595,31.291705],[-102.753929,31.279261],[-102.739244,31.282596],[-102.729976,31.287703],[-102.732277,31.29833],[-102.727197,31.299566],[-102.729445,31.30306],[-102.724875,31.308418],[-102.708332,31.31113],[-102.676104,31.330084],[-102.666224,31.325136],[-102.665419,31.314054],[-102.651049,31.312242],[-102.64808,31.315588],[-102.635471,31.305444],[-102.634975,31.293461],[-102.608869,31.286076],[-102.60412,31.271087],[-102.596251,31.263962],[-102.594076,31.26735],[-102.588474,31.260203],[-102.583566,31.265194],[-102.580566,31.262947],[-102.578943,31.271745],[-102.575784,31.267735],[-102.574953,31.272627],[-102.567207,31.27265],[-102.560599,31.267573],[-102.540573,31.26721],[-102.533161,31.260727],[-102.520365,31.262565],[-102.502299,31.252975],[-102.498978,31.24756],[-102.501902,31.245813],[-102.491008,31.24071],[-102.491102,31.235638],[-102.484027,31.237528],[-102.473383,31.227182],[-102.46556,31.226417],[-102.468363,31.219196],[-102.456093,31.223697],[-102.450595,31.213329],[-102.442389,31.212798],[-102.438657,31.198397],[-102.429545,31.193557],[-102.425107,31.17816],[-102.430217,31.175375],[-102.423451,31.163316],[-102.422872,31.149248],[-102.429751,31.146618],[-102.430157,31.138656],[-102.425294,31.136973],[-102.430127,31.129058],[-102.413601,31.108916],[-102.406153,31.08787],[-102.370932,31.085099],[-102.360243,31.081288],[-102.356405,31.074445],[-102.34817,31.07409],[-102.349718,31.070354],[-102.329717,31.068255],[-102.318452,31.06067],[-102.316807,31.052232],[-102.303733,31.051757],[-102.299537,31.042037],[-102.28495,31.033988],[-102.265961,31.034274],[-102.24694,31.042262],[-102.225677,31.032859],[-102.20308,31.031206],[-102.191731,31.003788],[-102.185949,31.006011],[-102.185755,31.01514],[-102.181269,31.016676],[-102.174079,31.006969],[-102.15193,31.007302],[-102.139397,30.994925],[-102.125719,31.000932],[-102.1099,30.990321],[-102.09716,30.9956],[-102.079144,30.986933],[-102.048878,31.003604],[-102.048776,31.000382],[-102.02774,30.998057],[-102.0262,30.991586],[-102.011115,30.979335],[-101.993026,30.989337],[-101.981522,30.986001],[-101.961123,30.970709],[-101.951886,30.955676],[-101.93618,30.957762],[-101.938142,30.951129],[-101.921017,30.946405],[-101.919419,30.935145],[-101.907888,30.928006],[-101.883436,30.925647],[-101.877641,30.920096],[-101.874264,30.91183],[-101.881199,30.90855],[-101.891095,30.890162],[-101.860262,30.873872],[-101.8498,30.856591],[-101.852663,30.851289],[-101.845094,30.841032],[-101.847209,30.828414],[-101.831469,30.80173],[-101.832785,30.792087],[-101.839894,30.785281],[-101.834952,30.780288],[-101.838985,30.763919],[-101.832766,30.757004],[-101.823245,30.757332],[-101.815828,30.752015],[-101.815611,30.740615],[-101.807952,30.725266],[-101.810107,30.702852],[-101.779818,30.685993],[-101.768377,30.652938],[-102.137778,30.655982],[-102.138406,30.597521],[-102.342986,30.598759],[-102.343085,30.284116],[-102.566937,30.283269],[-102.567049,30.052808],[-103.585084,30.76647]]]}},{"type":"Feature","properties":{"GEOID":"48051","NAME":"Burleson","state":"TX","wildfire_risk_score":42.557,"wildfire_eal_total":23937.55,"risk_band":"Low","source":"FEMA National Risk Index v1.20 (December 2025)"},"geometry":{"type":"Polygon","coordinates":[[[-96.96363,30.557198],[-96.621423,30.730764],[-96.599467,30.728634],[-96.594632,30.724273],[-96.596467,30.71564],[-96.570369,30.702942],[-96.566983,30.69567],[-96.573005,30.688497],[-96.582676,30.687177],[-96.583688,30.660469],[-96.594308,30.652589],[-96.601047,30.639808],[-96.570253,30.636683],[-96.566632,30.629387],[-96.554505,30.632264],[-96.548214,30.627883],[-96.510982,30.62773],[-96.506803,30.615307],[-96.499935,30.612829],[-96.48956,30.621898],[-96.487626,30.604881],[-96.469531,30.606949],[-96.461433,30.598209],[-96.452151,30.597001],[-96.43547,30.573187],[-96.427508,30.575054],[-96.431517,30.589061],[-96.426088,30.590752],[-96.420065,30.584309],[-96.424087,30.578045],[-96.423429,30.559088],[-96.416356,30.541917],[-96.387955,30.532443],[-96.382877,30.535409],[-96.38522,30.544123],[-96.377698,30.536099],[-96.374415,30.537673],[-96.376526,30.546727],[-96.358817,30.541753],[-96.355744,30.52112],[-96.371094,30.513411],[-96.363335,30.51053],[-96.356047,30.513861],[-96.35365,30.502683],[-96.343105,30.498656],[-96.329935,30.477882],[-96.340665,30.473717],[-96.322466,30.45875],[-96.320946,30.449567],[-96.311541,30.455556],[-96.292865,30.444276],[-96.28485,30.448089],[-96.286449,30.433756],[-96.282564,30.426614],[-96.287988,30.421287],[-96.281109,30.414831],[-96.273547,30.418325],[-96.272323,30.410202],[-96.276916,30.407031],[-96.28936,30.412401],[-96.298866,30.410502],[-96.297599,30.400421],[-96.306931,30.394586],[-96.294939,30.385623],[-96.296325,30.379062],[-96.313251,30.384135],[-96.340912,30.367814],[-96.358976,30.372637],[-96.369293,30.36244],[-96.37489,30.363571],[-96.377432,30.355812],[-96.383651,30.35827],[-96.406376,30.351101],[-96.412058,30.358051],[-96.422745,30.343372],[-96.449247,30.340971],[-96.455138,30.344534],[-96.456511,30.338603],[-96.475404,30.333584],[-96.488078,30.337558],[-96.496041,30.324358],[-96.510289,30.321625],[-96.514953,30.326083],[-96.540907,30.317985],[-96.558675,30.323851],[-96.573524,30.310699],[-96.60152,30.30853],[-96.606175,30.302038],[-96.623001,30.298226],[-96.629478,30.301156],[-96.644572,30.296834],[-96.651327,30.300477],[-96.663716,30.295549],[-96.673497,30.307615],[-96.682428,30.309224],[-96.694682,30.320191],[-96.72194,30.31889],[-96.730407,30.32424],[-96.743672,30.319757],[-96.746485,30.326347],[-96.754414,30.329225],[-96.752865,30.338021],[-96.760692,30.340538],[-96.769858,30.364743],[-96.789697,30.383489],[-96.787616,30.388948],[-96.808258,30.396543],[-96.809825,30.404439],[-96.819117,30.407023],[-96.834553,30.422818],[-96.839457,30.420887],[-96.846242,30.431387],[-96.870678,30.435503],[-96.877111,30.447693],[-96.874822,30.457466],[-96.883956,30.461926],[-96.899843,30.460277],[-96.905793,30.470099],[-96.895906,30.489158],[-96.901635,30.499585],[-96.908699,30.501943],[-96.902231,30.514197],[-96.906422,30.514286],[-96.904236,30.518843],[-96.907971,30.517365],[-96.918902,30.539212],[-96.939299,30.546526],[-96.945276,30.543244],[-96.961686,30.551819],[-96.96363,30.557198]]]}},{"type":"Feature","properties":{"GEOID":"48239","NAME":"Jackson","state":"TX","wildfire_risk_score":63.899,"wildfire_eal_total":88950.33,"risk_band":"Low","source":"FEMA National Risk Index v1.20 (December 2025)"},"geometry":{"type":"Polygon","coordinates":[[[-96.938587,29.063244],[-96.658466,29.263876],[-96.309178,28.963291],[-96.323522,28.675597],[-96.404445,28.674409],[-96.39954,28.730231],[-96.407639,28.729988],[-96.420469,28.71361],[-96.428578,28.71372],[-96.428394,28.703523],[-96.57462,28.705503],[-96.579188,28.696933],[-96.580513,28.719374],[-96.588086,28.726362],[-96.644903,28.711425],[-96.650925,28.717681],[-96.648819,28.720567],[-96.642505,28.716945],[-96.645933,28.721093],[-96.655836,28.723296],[-96.658878,28.719723],[-96.662643,28.732182],[-96.668802,28.736299],[-96.663316,28.742281],[-96.671714,28.751071],[-96.670091,28.761191],[-96.686248,28.76375],[-96.689291,28.767324],[-96.686222,28.772205],[-96.697741,28.774358],[-96.695924,28.796079],[-96.706146,28.795803],[-96.701959,28.79963],[-96.706746,28.804167],[-96.706045,28.814386],[-96.723088,28.821188],[-96.715231,28.823801],[-96.719525,28.829094],[-96.712396,28.830172],[-96.716586,28.834891],[-96.71322,28.845343],[-96.702718,28.851023],[-96.711514,28.851411],[-96.722084,28.861835],[-96.738917,28.893595],[-96.745763,28.891026],[-96.746964,28.896569],[-96.758447,28.896476],[-96.763285,28.905345],[-96.772216,28.905898],[-96.77604,28.915959],[-96.791665,28.918299],[-96.807783,28.95597],[-96.805592,28.972238],[-96.816639,28.985392],[-96.81604,28.992883],[-96.832103,29.021299],[-96.938587,29.063244]]]}},{"type":"Feature","properties":{"GEOID":"48351","NAME":"Newton","state":"TX","wildfire_risk_score":75.0,"wildfire_eal_total":159558.4,"risk_band":"Moderate","source":"FEMA National Risk Index v1.20 (December 2025)"},"geometry":{"type":"Polygon","coordinates":[[[-93.911126,31.158071],[-93.600308,31.176158],[-93.588503,31.165581],[-93.548931,31.186601],[-93.535097,31.185614],[-93.531744,31.180817],[-93.532807,31.174265],[-93.543061,31.170658],[-93.536481,31.158471],[-93.5487,31.155839],[-93.544702,31.135889],[-93.537991,31.126746],[-93.5397,31.114449],[-93.545175,31.111785],[-93.549254,31.100136],[-93.563472,31.093989],[-93.556641,31.087435],[-93.549278,31.090308],[-93.552205,31.078931],[-93.527747,31.07457],[-93.528957,31.069831],[-93.518912,31.061863],[-93.521145,31.057275],[-93.532069,31.055264],[-93.531219,31.051678],[-93.518899,31.043736],[-93.524739,31.039007],[-93.50846,31.029441],[-93.522314,31.020098],[-93.53343,31.018971],[-93.539141,31.008292],[-93.548498,31.010258],[-93.555927,31.003744],[-93.565631,31.013156],[-93.578207,30.999995],[-93.573365,30.991828],[-93.564289,30.989601],[-93.572823,30.970723],[-93.549841,30.967118],[-93.546327,30.957802],[-93.531758,30.958217],[-93.532367,30.948977],[-93.526013,30.937535],[-93.530936,30.924534],[-93.543212,30.920133],[-93.545166,30.927059],[-93.558375,30.913537],[-93.549202,30.897439],[-93.566316,30.894839],[-93.57408,30.884529],[-93.570824,30.87558],[-93.562937,30.872804],[-93.564137,30.868556],[-93.559142,30.869937],[-93.561911,30.858332],[-93.557314,30.852081],[-93.568482,30.845125],[-93.553626,30.83514],[-93.55716,30.828761],[-93.554057,30.824941],[-93.564164,30.817541],[-93.561349,30.807577],[-93.583775,30.801779],[-93.581921,30.788979],[-93.589381,30.786676],[-93.583165,30.778596],[-93.592714,30.775095],[-93.592101,30.763675],[-93.609178,30.75726],[-93.614448,30.75987],[-93.608344,30.747835],[-93.618981,30.740265],[-93.610645,30.734279],[-93.609544,30.723139],[-93.612809,30.71657],[-93.617229,30.71858],[-93.616437,30.712388],[-93.624466,30.701083],[-93.620434,30.694238],[-93.629904,30.67994],[-93.638213,30.673058],[-93.645364,30.673394],[-93.648252,30.667781],[-93.654971,30.670184],[-93.6831,30.640763],[-93.681983,30.618584],[-93.689134,30.611406],[-93.683397,30.608041],[-93.678662,30.594097],[-93.68811,30.585658],[-93.692222,30.585706],[-93.687804,30.590138],[-93.692869,30.594382],[-93.712454,30.588479],[-93.716821,30.57786],[-93.721936,30.580324],[-93.728184,30.57287],[-93.723945,30.559224],[-93.731068,30.553336],[-93.729179,30.544851],[-93.740253,30.539569],[-93.73285,30.536633],[-93.733778,30.531396],[-93.727721,30.525671],[-93.71082,30.517725],[-93.711705,30.510754],[-93.706507,30.50991],[-93.715145,30.501268],[-93.708669,30.499124],[-93.716678,30.494006],[-93.709763,30.482649],[-93.717421,30.483822],[-93.710519,30.475498],[-93.711854,30.469437],[-93.699036,30.458805],[-93.706339,30.458141],[-93.702103,30.449759],[-93.706945,30.443994],[-93.698306,30.444928],[-93.6978,30.440583],[-93.704154,30.434353],[-93.702665,30.429947],[-93.712747,30.433175],[-93.717062,30.423114],[-93.722953,30.432097],[-93.726824,30.429675],[-93.722749,30.419557],[-93.728721,30.413547],[-93.733917,30.414935],[-93.738273,30.403963],[-93.757654,30.390423],[-93.757264,30.364282],[-93.751744,30.361046],[-93.761539,30.35223],[-93.758922,30.338547],[-93.765822,30.333318],[-93.75556,30.329579],[-93.743941,30.304032],[-93.714319,30.294282],[-93.712908,30.287939],[-93.704584,30.289949],[-93.709132,30.271827],[-93.703162,30.260008],[-93.707638,30.254257],[-93.7051585596811,30.2438609876218],[-93.901452,30.242672],[-93.875066,30.675661],[-93.865711,30.947218],[-93.911126,31.158071]]]}},{"type":"Feature","properties":{"GEOID":"48103","NAME":"Crane","state":"TX","wildfire_risk_score":54.103,"wildfire_eal_total":41218.07,"risk_band":"Low","source":"FEMA National Risk Index v1.20 (December 2025)"},"geometry":{"type":"Polygon","coordinates":[[[-102.767687,31.638548],[-102.767246,31.651714],[-102.31805,31.651327],[-102.313186,31.374464],[-102.301212,31.086212],[-102.406153,31.08787],[-102.413601,31.108916],[-102.430127,31.129058],[-102.425294,31.136973],[-102.430157,31.138656],[-102.429751,31.146618],[-102.422872,31.149248],[-102.423451,31.163316],[-102.430101,31.174249],[-102.425107,31.17816],[-102.429545,31.193557],[-102.438047,31.197341],[-102.442389,31.212798],[-102.450595,31.213329],[-102.456093,31.223697],[-102.464362,31.217878],[-102.469559,31.21999],[-102.465741,31.219888],[-102.468694,31.223431],[-102.46556,31.226417],[-102.473383,31.227182],[-102.484027,31.237528],[-102.491102,31.235638],[-102.491008,31.24071],[-102.501902,31.245813],[-102.498978,31.24756],[-102.502299,31.252975],[-102.511156,31.2595],[-102.533161,31.260727],[-102.540573,31.26721],[-102.560599,31.267573],[-102.567207,31.27265],[-102.574953,31.272627],[-102.575784,31.267735],[-102.578943,31.271745],[-102.580566,31.262947],[-102.583566,31.265194],[-102.588474,31.260203],[-102.60412,31.271087],[-102.608869,31.286076],[-102.634975,31.293461],[-102.635471,31.305444],[-102.64808,31.315588],[-102.651049,31.312242],[-102.665419,31.314054],[-102.666224,31.325136],[-102.676104,31.330084],[-102.708332,31.31113],[-102.724875,31.308418],[-102.729445,31.30306],[-102.727197,31.299566],[-102.732277,31.29833],[-102.729976,31.287703],[-102.739244,31.282596],[-102.753929,31.279261],[-102.75595,31.291705],[-102.767365,31.293803],[-102.767687,31.638548]]]}},{"type":"Feature","properties":{"GEOID":"48237","NAME":"Jack","state":"TX","wildfire_risk_score":86.228,"wildfire_eal_total":835092.48,"risk_band":"High","source":"FEMA National Risk Index v1.20 (December 2025)"},"geometry":{"type":"Polygon","coordinates":[[[-98.425422,33.088589],[-98.421419,33.466797],[-97.978919,33.467129],[-97.978967,33.433748],[-97.918189,33.433873],[-97.921642,33.001284],[-98.426553,33.007913],[-98.425422,33.088589]]]}},{"type":"Feature","properties":{"GEOID":"48327","NAME":"Menard","state":"TX","wildfire_risk_score":59.987,"wildfire_eal_total":65027.83,"risk_band":"Low","source":"FEMA National Risk Index v1.20 (December 2025)"},"geometry":{"type":"Polygon","coordinates":[[[-100.116031,30.944227],[-100.115216,31.087994],[-99.603223,31.087296],[-99.603627,30.940726],[-99.484755,30.940605],[-99.483869,30.710771],[-100.116234,30.710366],[-100.116031,30.944227]]]}},{"type":"Feature","properties":{"GEOID":"48053","NAME":"Burnet","state":"TX","wildfire_risk_score":88.868,"wildfire_eal_total":801985.37,"risk_band":"High","source":"FEMA National Risk Index v1.20 (December 2025)"},"geometry":{"type":"Polygon","coordinates":[[[-98.459241,31.010378],[-98.442327,31.020476],[-98.439711,31.029647],[-97.911689,31.035009],[-97.840365,30.929318],[-97.8281,30.904414],[-97.96286,30.785641],[-98.123126,30.487041],[-98.113723,30.485576],[-98.097778,30.498058],[-98.097709,30.467626],[-98.125481,30.426164],[-98.351041,30.486096],[-98.352057,30.558472],[-98.370311,30.574438],[-98.399914,30.563604],[-98.410599,30.573589],[-98.413699,30.585921],[-98.400696,30.594644],[-98.400736,30.599784],[-98.417595,30.627274],[-98.417908,30.644794],[-98.4289,30.655012],[-98.428352,30.66073],[-98.439087,30.66251],[-98.441643,30.669157],[-98.434883,30.674205],[-98.402916,30.677359],[-98.413962,30.704392],[-98.404152,30.721083],[-98.392654,30.721233],[-98.371628,30.742922],[-98.379555,30.747374],[-98.42663,30.751527],[-98.430214,30.76096],[-98.422714,30.776054],[-98.432543,30.78858],[-98.425045,30.795658],[-98.412552,30.794991],[-98.403336,30.817936],[-98.387627,30.819347],[-98.376877,30.83489],[-98.401384,30.843996],[-98.408851,30.836559],[-98.421593,30.834997],[-98.422365,30.864188],[-98.456352,30.876455],[-98.456436,30.883095],[-98.448753,30.890335],[-98.445782,30.921439],[-98.440202,30.92652],[-98.419606,30.925352],[-98.414508,30.94211],[-98.424688,30.948376],[-98.447098,30.951755],[-98.452897,30.968727],[-98.441874,30.984324],[-98.459241,31.010378]]]}},{"type":"Feature","properties":{"GEOID":"48463","NAME":"Uvalde","state":"TX","wildfire_risk_score":73.219,"wildfire_eal_total":159361.29,"risk_band":"Moderate","source":"FEMA National Risk Index v1.20 (December 2025)"},"geometry":{"type":"Polygon","coordinates":[[[-100.112287,29.464981],[-100.112098,29.623263],[-99.411817,29.627514],[-99.41388,29.091335],[-100.111406,29.086318],[-100.112287,29.464981]]]}},{"type":"Feature","properties":{"GEOID":"48311","NAME":"McMullen","state":"TX","wildfire_risk_score":27.799,"wildfire_eal_total":12336.13,"risk_band":"Low","source":"FEMA National Risk Index v1.20 (December 2025)"},"geometry":{"type":"Polygon","coordinates":[[[-98.802513,28.103051],[-98.800848,28.647306],[-98.335047,28.648275],[-98.334323,28.0578],[-98.803325,28.05748],[-98.802513,28.103051]]]}},{"type":"Feature","properties":{"GEOID":"48187","NAME":"Guadalupe","state":"TX","wildfire_risk_score":75.032,"wildfire_eal_total":310132.26,"risk_band":"Moderate","source":"FEMA National Risk Index v1.20 (December 2025)"},"geometry":{"type":"Polygon","coordinates":[[[-98.310928,29.594473],[-98.089941,29.683479],[-97.999271,29.752444],[-97.944471,29.806754],[-97.875259,29.858208],[-97.872196,29.852519],[-97.861442,29.855003],[-97.855533,29.843913],[-97.846645,29.841671],[-97.837614,29.828497],[-97.846362,29.808648],[-97.842414,29.808303],[-97.842351,29.799224],[-97.830265,29.795533],[-97.829259,29.779597],[-97.817138,29.790383],[-97.811953,29.783469],[-97.815102,29.780726],[-97.80565,29.777058],[-97.805892,29.773066],[-97.811171,29.774501],[-97.800194,29.765932],[-97.803416,29.753651],[-97.795925,29.752333],[-97.792683,29.759393],[-97.780917,29.759258],[-97.78204,29.747699],[-97.768764,29.74173],[-97.77096,29.732305],[-97.758601,29.725047],[-97.768333,29.720267],[-97.763364,29.713042],[-97.756548,29.717825],[-97.74772,29.714398],[-97.749654,29.711422],[-97.738369,29.712905],[-97.736996,29.701954],[-97.743629,29.697496],[-97.721852,29.682088],[-97.704558,29.682615],[-97.706075,29.67455],[-97.698305,29.666708],[-97.698356,29.669085],[-97.690701,29.673096],[-97.680498,29.663623],[-97.677592,29.668775],[-97.673466,29.663197],[-97.665002,29.668801],[-97.656462,29.662863],[-97.652612,29.667843],[-97.647785,29.662127],[-97.648672,29.656964],[-97.650141,29.661323],[-97.653627,29.659899],[-97.651654,29.653965],[-97.63102,29.653472],[-97.840383,29.376791],[-98.084684,29.379594],[-98.11307,29.36533],[-98.130495,29.397982],[-98.128174,29.410924],[-98.13372,29.414386],[-98.130312,29.418131],[-98.136578,29.429869],[-98.131718,29.433019],[-98.134171,29.441751],[-98.120702,29.446982],[-98.126771,29.454736],[-98.117032,29.461932],[-98.123119,29.478549],[-98.128206,29.482596],[-98.136012,29.479136],[-98.135493,29.484013],[-98.142792,29.486458],[-98.142959,29.479741],[-98.150015,29.475667],[-98.151176,29.480558],[-98.164638,29.478091],[-98.17023,29.497864],[-98.173199,29.494509],[-98.183084,29.496655],[-98.184914,29.493393],[-98.177074,29.484838],[-98.185085,29.486089],[-98.189964,29.492843],[-98.186318,29.50132],[-98.190894,29.509461],[-98.198573,29.509365],[-98.196759,29.515335],[-98.204779,29.52215],[-98.219147,29.52393],[-98.222347,29.538464],[-98.229439,29.54195],[-98.221858,29.543861],[-98.222653,29.549032],[-98.229917,29.546846],[-98.232539,29.554019],[-98.243162,29.557052],[-98.251443,29.549832],[-98.258826,29.554556],[-98.253882,29.540982],[-98.267432,29.544178],[-98.288456,29.559736],[-98.298021,29.561102],[-98.310928,29.594473]]]}},{"type":"Feature","properties":{"GEOID":"48203","NAME":"Harrison","state":"TX","wildfire_risk_score":77.036,"wildfire_eal_total":235728.1,"risk_band":"Moderate","source":"FEMA National Risk Index v1.20 (December 2025)"},"geometry":{"type":"Polygon","coordinates":[[[-94.702152,32.456024],[-94.70214,32.793088],[-94.507323,32.693738],[-94.383855,32.69334],[-94.374048,32.698226],[-94.372503,32.704155],[-94.363053,32.700854],[-94.339228,32.716545],[-94.32883,32.716115],[-94.327926,32.722902],[-94.317009,32.729835],[-94.295733,32.723914],[-94.286242,32.730098],[-94.288059,32.735785],[-94.280542,32.74958],[-94.259789,32.745267],[-94.25545,32.75166],[-94.248606,32.749263],[-94.247154,32.743344],[-94.244397,32.750876],[-94.233823,32.742599],[-94.233059,32.732186],[-94.225175,32.727588],[-94.235722,32.715526],[-94.221257,32.702734],[-94.205846,32.703582],[-94.173328,32.695305],[-94.161631,32.721448],[-94.149357,32.727125],[-94.143428,32.74148],[-94.092738,32.734269],[-94.09099,32.72983],[-94.102411,32.724875],[-94.088467,32.722816],[-94.095769,32.712193],[-94.113012,32.715051],[-94.117925,32.708675],[-94.107613,32.702848],[-94.09936,32.705572],[-94.090669,32.689232],[-94.071555,32.687349],[-94.0431469938267,32.6930300000381],[-94.042901,32.392283],[-94.348693,32.332323],[-94.35064,32.326583],[-94.367808,32.346302],[-94.372119,32.341088],[-94.382909,32.345733],[-94.379686,32.348002],[-94.384578,32.366803],[-94.411374,32.371265],[-94.409125,32.36738],[-94.419489,32.364813],[-94.421993,32.369542],[-94.429381,32.36264],[-94.440545,32.3621],[-94.446776,32.372144],[-94.456556,32.369264],[-94.464068,32.376851],[-94.476593,32.378541],[-94.473913,32.3806],[-94.479877,32.390598],[-94.499876,32.397805],[-94.507153,32.394553],[-94.50724,32.388723],[-94.514159,32.387508],[-94.522832,32.395317],[-94.527205,32.393321],[-94.525994,32.402323],[-94.542146,32.399446],[-94.554417,32.407625],[-94.565036,32.399264],[-94.588653,32.391381],[-94.599837,32.399836],[-94.645865,32.399506],[-94.660584,32.410456],[-94.668961,32.408979],[-94.667923,32.412741],[-94.67597,32.41872],[-94.67192,32.42182],[-94.676589,32.42438],[-94.692944,32.427442],[-94.701986,32.421782],[-94.702152,32.456024]]]}},{"type":"Feature","properties":{"GEOID":"48391","NAME":"Refugio","state":"TX","wildfire_risk_score":56.679,"wildfire_eal_total":46359.21,"risk_band":"Low","source":"FEMA National Risk Index v1.20 (December 2025)"},"geometry":{"type":"Polygon","coordinates":[[[-97.540851,28.164963],[-97.375113,28.389172],[-97.160751,28.553475],[-97.155654,28.547857],[-97.148381,28.552831],[-97.151774,28.549641],[-97.147817,28.54637],[-97.139462,28.554166],[-97.123372,28.545252],[-97.122847,28.549206],[-97.119743,28.546304],[-97.103884,28.554594],[-97.098912,28.549874],[-97.102911,28.548322],[-97.094083,28.544325],[-97.094925,28.538431],[-97.0911,28.539905],[-97.086086,28.532561],[-97.077719,28.533614],[-97.082687,28.54279],[-97.079671,28.545473],[-97.077425,28.540277],[-97.07201,28.547102],[-97.071898,28.542832],[-97.061929,28.540857],[-97.059167,28.545178],[-97.062704,28.547402],[-97.055867,28.550177],[-97.050777,28.545687],[-97.04942,28.549694],[-97.044762,28.549826],[-97.047766,28.546109],[-97.044346,28.541755],[-97.051467,28.535124],[-97.042835,28.531576],[-97.031245,28.541593],[-97.024812,28.539072],[-97.027131,28.532412],[-97.021488,28.516735],[-97.020205,28.520145],[-97.01279,28.517321],[-96.985552,28.499949],[-96.969091,28.505206],[-96.953155,28.503793],[-96.9155,28.485712],[-96.909929,28.49051],[-96.915957,28.498685],[-96.902831,28.509018],[-96.883034,28.5055],[-96.87918,28.496097],[-96.864821,28.490235],[-96.862078,28.476763],[-96.848653,28.476396],[-96.839139,28.457594],[-96.823485,28.445582],[-96.813494,28.430261],[-96.785726,28.44742],[-96.764638,28.425502],[-96.764786,28.412826],[-96.780948,28.401118],[-96.818739,28.426518],[-96.83811,28.432788],[-96.847499,28.429339],[-96.859145,28.415857],[-96.857838,28.408645],[-96.825989,28.37885],[-96.7945,28.364634],[-96.7905346464136,28.3192330118032],[-97.12396,28.27231],[-97.117474,28.260041],[-97.125604,28.253709],[-97.097865,28.232045],[-97.102162,28.22649],[-97.076052,28.219781],[-97.054242,28.203845],[-97.0432,28.209],[-97.037422,28.201296],[-97.0175433562033,28.2028650363719],[-97.031941,28.188712],[-97.095078,28.165704],[-97.127996,28.146006],[-97.153903,28.136679],[-97.164124,28.127247],[-97.169185,28.130512],[-97.17594,28.11978],[-97.212254,28.092236],[-97.2210384864746,28.0744502959703],[-97.234426,28.062458],[-97.240219,28.061538],[-97.257204,28.072391],[-97.264272,28.088884],[-97.283984,28.091331],[-97.291783,28.115433],[-97.298869,28.104401],[-97.316044,28.109352],[-97.316954,28.11575],[-97.309037,28.120017],[-97.317803,28.137495],[-97.327503,28.133117],[-97.317664,28.131872],[-97.325274,28.119519],[-97.330681,28.119898],[-97.324708,28.126003],[-97.341518,28.132171],[-97.345424,28.118371],[-97.378614,28.139002],[-97.384469,28.124109],[-97.390018,28.129809],[-97.403842,28.130129],[-97.405447,28.123483],[-97.396225,28.118841],[-97.400919,28.119506],[-97.403932,28.109003],[-97.405384,28.119216],[-97.418142,28.122136],[-97.426733,28.117259],[-97.427998,28.128111],[-97.435277,28.129908],[-97.423548,28.13501],[-97.422259,28.142305],[-97.44645,28.132793],[-97.44192,28.153522],[-97.450138,28.147767],[-97.458208,28.155831],[-97.456291,28.160535],[-97.471882,28.155003],[-97.474137,28.178758],[-97.482384,28.168616],[-97.521211,28.151341],[-97.527415,28.160568],[-97.540851,28.164963]]]}},{"type":"Feature","properties":{"GEOID":"48057","NAME":"Calhoun","state":"TX","wildfire_risk_score":58.142,"wildfire_eal_total":63681.06,"risk_band":"Low","source":"FEMA National Risk Index v1.20 (December 2025)"},"geometry":{"type":"MultiPolygon","coordinates":[[[[-96.8093527035728,28.2205944147045],[-96.7987181122199,28.2759479998208],[-96.785821,28.245559],[-96.776789,28.244826],[-96.784437,28.2377],[-96.785226,28.22954],[-96.8093527035728,28.2205944147045]]],[[[-96.930367,28.586728],[-96.853757,28.635199],[-96.722814,28.669759],[-96.665707,28.705705],[-96.659864,28.701671],[-96.643442,28.712105],[-96.588086,28.726362],[-96.580513,28.719374],[-96.579188,28.696933],[-96.57462,28.705503],[-96.428394,28.703523],[-96.428578,28.71372],[-96.420469,28.71361],[-96.407639,28.729988],[-96.39954,28.730231],[-96.404445,28.674409],[-96.323522,28.675597],[-96.322731,28.642944],[-96.3783265241194,28.3907774793216],[-96.390376,28.381815],[-96.389421,28.37507],[-96.407197,28.348733],[-96.442849,28.317666],[-96.560568,28.264033],[-96.65636,28.207433],[-96.752181,28.141105],[-96.8530539631559,28.0608472718433],[-96.8302008306531,28.1108816440637],[-96.810943,28.123354],[-96.810463,28.133],[-96.803171,28.135579],[-96.802937,28.14434],[-96.819334,28.143333],[-96.816957,28.17508],[-96.786415,28.189745],[-96.735394,28.190094],[-96.720379,28.186001],[-96.716223,28.193168],[-96.697641,28.202209],[-96.702633,28.215509],[-96.659375,28.227446],[-96.662703,28.232367],[-96.659409,28.237825],[-96.653161,28.235757],[-96.648475,28.25204],[-96.629071,28.261994],[-96.616247,28.262923],[-96.624583,28.269024],[-96.595946,28.277305],[-96.595028,28.283707],[-96.611232,28.28013],[-96.603639,28.292554],[-96.582129,28.301553],[-96.549686,28.303855],[-96.533999,28.3207],[-96.467924,28.332939],[-96.440591,28.34298],[-96.441779,28.352289],[-96.433698,28.363688],[-96.438689,28.368812],[-96.471252,28.367557],[-96.452831,28.380209],[-96.447484,28.392337],[-96.420626,28.404359],[-96.416348,28.413871],[-96.45295,28.418679],[-96.511538,28.383346],[-96.573097,28.358773],[-96.625149,28.316201],[-96.616949,28.307831],[-96.620396,28.30396],[-96.626813,28.305111],[-96.626456,28.312853],[-96.632398,28.318712],[-96.656761,28.31777],[-96.664485,28.315573],[-96.665198,28.30961],[-96.684355,28.314464],[-96.687897,28.328127],[-96.706911,28.354694],[-96.699305,28.370171],[-96.699424,28.380836],[-96.709902,28.389925],[-96.706171,28.404596],[-96.742591,28.41204],[-96.747911,28.409481],[-96.753972,28.436759],[-96.792951,28.465806],[-96.79307,28.480432],[-96.805192,28.479805],[-96.827415,28.46612],[-96.825751,28.45703],[-96.8084,28.455568],[-96.800319,28.461836],[-96.7842032768908,28.4468223251528],[-96.797718,28.442047],[-96.809128,28.430846],[-96.815736,28.431864],[-96.823485,28.445582],[-96.839139,28.457594],[-96.848653,28.476396],[-96.860338,28.475324],[-96.864821,28.490235],[-96.87918,28.496097],[-96.880662,28.503873],[-96.890951,28.507178],[-96.898965,28.5178],[-96.897471,28.523718],[-96.901892,28.52385],[-96.905799,28.53205],[-96.895139,28.548863],[-96.901846,28.554693],[-96.89822,28.560157],[-96.908202,28.567076],[-96.906984,28.572399],[-96.914229,28.569238],[-96.930367,28.586728]]]]}},{"type":"Feature","properties":{"GEOID":"48133","NAME":"Eastland","state":"TX","wildfire_risk_score":88.073,"wildfire_eal_total":756270.35,"risk_band":"High","source":"FEMA National Risk Index v1.20 (December 2025)"},"geometry":{"type":"Polygon","coordinates":[[[-99.118404,32.124739],[-99.114293,32.514811],[-98.475177,32.513039],[-98.474685,32.299084],[-98.660238,32.204451],[-98.924401,32.078018],[-99.118665,32.079585],[-99.118404,32.124739]]]}},{"type":"Feature","properties":{"GEOID":"48155","NAME":"Foard","state":"TX","wildfire_risk_score":41.062,"wildfire_eal_total":22389.9,"risk_band":"Low","source":"FEMA National Risk Index v1.20 (December 2025)"},"geometry":{"type":"Polygon","coordinates":[[[-100.047635,34.087402],[-100.047028,34.22978],[-100.043168,34.227786],[-100.037843,34.238412],[-100.009793,34.241955],[-100.006052,34.225668],[-99.997621,34.224355],[-99.772043,34.093286],[-99.744595,34.101319],[-99.733356,34.093513],[-99.704281,34.09847],[-99.703151,34.093384],[-99.682501,34.094393],[-99.67471,34.088414],[-99.65301,34.098971],[-99.628701,34.092136],[-99.624954,34.096646],[-99.617846,34.083387],[-99.583266,34.078657],[-99.570408,34.061615],[-99.553095,34.061181],[-99.5485,34.055774],[-99.537819,34.063515],[-99.532145,34.074899],[-99.505386,34.077043],[-99.490408,34.065453],[-99.475294,34.085618],[-99.474498,33.733849],[-99.478334,33.744343],[-99.475738,33.752495],[-99.484463,33.750586],[-99.493386,33.76795],[-99.500616,33.763628],[-99.508988,33.772487],[-99.519773,33.76819],[-99.523957,33.783367],[-99.546168,33.78086],[-99.544475,33.795494],[-99.557217,33.798019],[-99.564607,33.790175],[-99.574476,33.793636],[-99.573422,33.79988],[-99.57758,33.802698],[-99.582085,33.784408],[-99.597242,33.787077],[-99.600535,33.789297],[-99.597677,33.796614],[-99.608947,33.795192],[-99.625003,33.803943],[-99.633121,33.801736],[-99.635786,33.817098],[-99.651684,33.818379],[-99.664479,33.808302],[-99.670823,33.818601],[-99.685332,33.8273],[-99.696873,33.826263],[-99.70001,33.800075],[-99.711605,33.797754],[-99.708365,33.810435],[-99.721371,33.814428],[-99.721017,33.800255],[-99.725026,33.797473],[-99.739169,33.811566],[-99.744217,33.811073],[-99.747257,33.80293],[-99.758657,33.803783],[-99.751657,33.80975],[-99.756663,33.823522],[-99.769689,33.817424],[-99.796916,33.823664],[-99.789842,33.820596],[-99.794851,33.816567],[-99.810356,33.827493],[-99.83262,33.817397],[-99.834925,33.835438],[-100.04848,33.835974],[-100.047635,34.087402]]]}},{"type":"Feature","properties":{"GEOID":"48073","NAME":"Cherokee","state":"TX","wildfire_risk_score":77.831,"wildfire_eal_total":251606.79,"risk_band":"Moderate","source":"FEMA National Risk Index v1.20 (December 2025)"},"geometry":{"type":"Polygon","coordinates":[[[-95.46214,32.128716],[-95.459908,32.135559],[-94.985272,32.137989],[-94.984768,31.846144],[-94.937532,31.845555],[-94.934616,31.834748],[-94.940983,31.82691],[-94.948366,31.826117],[-94.94229,31.818332],[-94.946564,31.80732],[-94.954256,31.805524],[-94.954068,31.796863],[-94.978134,31.793514],[-94.974678,31.7819],[-94.959105,31.778981],[-94.951008,31.769088],[-94.948838,31.774403],[-94.938627,31.772227],[-94.926078,31.760342],[-94.930431,31.755048],[-94.93754,31.756706],[-94.943804,31.752378],[-94.967268,31.753816],[-94.972615,31.737423],[-94.965091,31.736498],[-94.954379,31.723181],[-94.962698,31.715832],[-94.959727,31.709192],[-94.964069,31.703956],[-94.960208,31.699155],[-94.965946,31.697758],[-94.965223,31.693885],[-94.950675,31.679663],[-94.957072,31.670301],[-94.95259,31.670969],[-94.948342,31.657048],[-94.954224,31.639712],[-94.942115,31.638577],[-94.941415,31.627032],[-94.926244,31.609984],[-94.928351,31.598468],[-94.91931,31.58741],[-94.923945,31.579201],[-94.912305,31.569027],[-94.891827,31.578001],[-94.889591,31.566254],[-94.900524,31.552458],[-94.893585,31.550011],[-94.894002,31.541226],[-94.884366,31.540894],[-94.883969,31.529693],[-94.865857,31.526916],[-95.003345,31.42571],[-95.012098,31.435788],[-95.00538,31.439723],[-95.0075,31.444676],[-95.045369,31.44519],[-95.065402,31.471518],[-95.071915,31.463601],[-95.080766,31.469885],[-95.08817,31.46601],[-95.100735,31.468338],[-95.097253,31.475484],[-95.103541,31.474733],[-95.106205,31.482886],[-95.111118,31.483962],[-95.105573,31.494668],[-95.098046,31.493495],[-95.094423,31.49873],[-95.100566,31.508415],[-95.096696,31.509266],[-95.099966,31.518869],[-95.120297,31.534613],[-95.125428,31.53284],[-95.126646,31.538363],[-95.143445,31.539641],[-95.147309,31.553754],[-95.139603,31.562821],[-95.147426,31.563174],[-95.149737,31.569568],[-95.161757,31.57346],[-95.170957,31.581101],[-95.168509,31.583671],[-95.176359,31.584826],[-95.192573,31.573297],[-95.208518,31.570185],[-95.226544,31.577407],[-95.231601,31.577048],[-95.230187,31.573495],[-95.260257,31.577104],[-95.275309,31.594859],[-95.262,31.603237],[-95.258859,31.609959],[-95.262255,31.619962],[-95.265661,31.624659],[-95.281693,31.625391],[-95.287866,31.63292],[-95.28255,31.63257],[-95.28163,31.637098],[-95.28626,31.647446],[-95.282469,31.646074],[-95.281382,31.654349],[-95.275849,31.657229],[-95.283743,31.663222],[-95.283208,31.676247],[-95.289661,31.683997],[-95.30353,31.688681],[-95.302372,31.694295],[-95.311955,31.697271],[-95.311361,31.706218],[-95.325714,31.703739],[-95.328042,31.717145],[-95.331913,31.718567],[-95.334022,31.712069],[-95.342483,31.718032],[-95.3327,31.728041],[-95.33521,31.734735],[-95.366187,31.726753],[-95.372578,31.736296],[-95.367766,31.739814],[-95.363067,31.736981],[-95.358239,31.749253],[-95.378236,31.756437],[-95.380752,31.752551],[-95.394378,31.763302],[-95.402125,31.76159],[-95.399585,31.768162],[-95.396531,31.765266],[-95.399351,31.774167],[-95.39412,31.787225],[-95.399395,31.801504],[-95.404014,31.802859],[-95.401038,31.818675],[-95.412515,31.826258],[-95.410097,31.834102],[-95.427257,31.841736],[-95.446747,31.843116],[-95.444771,31.858359],[-95.434837,31.866637],[-95.438934,31.875495],[-95.435187,31.873141],[-95.431004,31.880138],[-95.431196,31.892383],[-95.436471,31.894288],[-95.437522,31.901686],[-95.429022,31.90175],[-95.431873,31.913751],[-95.420223,31.926449],[-95.445588,31.945858],[-95.453418,31.961201],[-95.444062,31.963068],[-95.443762,31.967178],[-95.449774,31.968137],[-95.452859,31.97654],[-95.446449,31.998517],[-95.433615,32.009006],[-95.430061,32.006054],[-95.424383,32.018624],[-95.43864,32.032617],[-95.436028,32.039777],[-95.426084,32.039086],[-95.422038,32.047264],[-95.435428,32.052991],[-95.436827,32.05758],[-95.432084,32.060962],[-95.438496,32.066019],[-95.423847,32.081772],[-95.431562,32.093865],[-95.440282,32.09578],[-95.447088,32.107291],[-95.456843,32.112307],[-95.46214,32.128716]]]}},{"type":"Feature","properties":{"GEOID":"48063","NAME":"Camp","state":"TX","wildfire_risk_score":70.992,"wildfire_eal_total":111819.79,"risk_band":"Moderate","source":"FEMA National Risk Index v1.20 (December 2025)"},"geometry":{"type":"Polygon","coordinates":[[[-95.152266,32.922713],[-95.152206,33.01345],[-95.137213,33.030938],[-95.122222,33.035756],[-95.113617,33.030509],[-95.103043,33.032956],[-95.078394,33.052076],[-95.055799,33.056649],[-95.040269,33.072294],[-95.011393,33.075719],[-95.007223,33.071149],[-94.998634,33.076482],[-94.989093,33.072809],[-94.979414,33.077343],[-94.972276,33.071925],[-94.945295,33.074998],[-94.927015,33.070579],[-94.916921,33.045349],[-94.905507,33.044334],[-94.893759,33.030749],[-94.888722,33.030506],[-94.88823,33.023266],[-94.872255,33.014013],[-94.859049,33.013343],[-94.862509,33.005905],[-94.858254,33.002245],[-94.854106,33.003642],[-94.830322,32.989201],[-94.828403,32.983271],[-94.815723,32.980984],[-94.818508,32.977896],[-94.804662,32.971722],[-94.802817,32.965868],[-94.786386,32.959293],[-94.786577,32.953153],[-94.773919,32.943827],[-94.776437,32.938397],[-94.77092,32.927439],[-94.755921,32.918413],[-94.749347,32.921376],[-94.737594,32.917707],[-94.736642,32.912365],[-94.727829,32.913539],[-94.719942,32.904502],[-95.15211,32.902641],[-95.152266,32.922713]]]}},{"type":"Feature","properties":{"GEOID":"48141","NAME":"El Paso","state":"TX","wildfire_risk_score":70.961,"wildfire_eal_total":118990.71,"risk_band":"Moderate","source":"FEMA National Risk Index v1.20 (December 2025)"},"geometry":{"type":"Polygon","coordinates":[[[-106.645479,31.89867],[-106.633668,31.90979],[-106.611846,31.920003],[-106.629747,31.92657],[-106.622529,31.934863],[-106.623659,31.94551],[-106.616136,31.948439],[-106.614702,31.956],[-106.625123,31.954531],[-106.619569,31.971578],[-106.630114,31.971258],[-106.639529,31.980348],[-106.619448,31.994733],[-106.618486,32.000495],[-105.998003,32.002328],[-105.993255,31.478392],[-105.959262,31.478417],[-105.958548,31.423461],[-105.954328,31.423468],[-105.997132001253,31.387246427542],[-106.007119,31.392839],[-106.076857,31.397892],[-106.108615,31.422375],[-106.132782,31.425367],[-106.156428,31.437041],[-106.175625,31.455206],[-106.205042,31.465042],[-106.219074,31.48028],[-106.224337,31.50019],[-106.236823,31.513192],[-106.246203,31.541153],[-106.281141,31.56267],[-106.303614,31.622489],[-106.334737,31.664112],[-106.349538,31.696711],[-106.37237,31.712569],[-106.381039,31.73211],[-106.451064,31.764325],[-106.484642,31.747809],[-106.51006,31.761258],[-106.513687,31.770711],[-106.528643,31.781807],[-106.527943,31.790507],[-106.547144,31.807305],[-106.566844,31.813306],[-106.577244,31.810406],[-106.589045,31.822706],[-106.602727,31.825024],[-106.602045,31.844405],[-106.614637,31.84649],[-106.635926,31.866235],[-106.629197,31.883717],[-106.645479,31.89867]]]}},{"type":"Feature","properties":{"GEOID":"48001","NAME":"Anderson","state":"TX","wildfire_risk_score":78.181,"wildfire_eal_total":244259.84,"risk_band":"Moderate","source":"FEMA National Risk Index v1.20 (December 2025)"},"geometry":{"type":"Polygon","coordinates":[[[-96.06486,31.980947],[-96.048953,31.997591],[-96.052786,32.005895],[-95.424107,32.083892],[-95.438496,32.066019],[-95.432084,32.060962],[-95.436827,32.05758],[-95.435428,32.052991],[-95.427961,32.05171],[-95.422174,32.043818],[-95.426084,32.039086],[-95.436028,32.039777],[-95.43864,32.032617],[-95.424383,32.018624],[-95.430061,32.006054],[-95.433615,32.009006],[-95.446449,31.998517],[-95.452859,31.97654],[-95.444062,31.963068],[-95.453418,31.961201],[-95.441504,31.941522],[-95.420223,31.926449],[-95.431873,31.913751],[-95.429022,31.90175],[-95.437522,31.901686],[-95.436471,31.894288],[-95.431196,31.892383],[-95.431004,31.880138],[-95.435187,31.873141],[-95.436688,31.875914],[-95.438934,31.875495],[-95.434837,31.866637],[-95.444771,31.858359],[-95.446747,31.843116],[-95.427257,31.841736],[-95.410097,31.834102],[-95.412515,31.826258],[-95.401038,31.818675],[-95.404014,31.802859],[-95.399395,31.801504],[-95.39412,31.787225],[-95.399351,31.774167],[-95.396531,31.765266],[-95.399585,31.768162],[-95.402125,31.76159],[-95.394378,31.763302],[-95.380752,31.752551],[-95.378236,31.756437],[-95.358239,31.749253],[-95.363067,31.736981],[-95.367766,31.739814],[-95.372578,31.736296],[-95.366187,31.726753],[-95.33521,31.734735],[-95.3327,31.728041],[-95.342483,31.718032],[-95.334022,31.712069],[-95.331913,31.718567],[-95.328042,31.717145],[-95.325714,31.703739],[-95.311361,31.706218],[-95.311955,31.697271],[-95.302372,31.694295],[-95.30353,31.688681],[-95.289661,31.683997],[-95.283208,31.676247],[-95.283743,31.663222],[-95.275849,31.657229],[-95.281382,31.654349],[-95.282469,31.646074],[-95.28626,31.647446],[-95.28163,31.637098],[-95.28255,31.63257],[-95.287866,31.63292],[-95.281693,31.625391],[-95.264882,31.62427],[-95.259694,31.60781],[-95.273203,31.592886],[-95.651764,31.541791],[-95.647171,31.527014],[-95.739279,31.504056],[-95.733877,31.508376],[-95.737034,31.518534],[-95.75863,31.534098],[-95.750875,31.540734],[-95.75171,31.551552],[-95.715875,31.553824],[-95.717038,31.567765],[-95.722248,31.569714],[-95.718233,31.573215],[-95.729423,31.583133],[-95.721855,31.586281],[-95.711185,31.603903],[-95.710112,31.615587],[-95.718468,31.632402],[-95.735681,31.653822],[-95.753488,31.64896],[-95.757268,31.643548],[-95.748669,31.617709],[-95.760961,31.60008],[-95.77198,31.598621],[-95.785155,31.611442],[-95.788167,31.626173],[-95.796653,31.631059],[-95.789737,31.646212],[-95.794081,31.66031],[-95.779678,31.684579],[-95.787903,31.687313],[-95.787553,31.692596],[-95.795439,31.674935],[-95.805732,31.671075],[-95.835324,31.695597],[-95.852779,31.697805],[-95.861985,31.687349],[-95.880931,31.701264],[-95.8751,31.702541],[-95.875016,31.719028],[-95.867137,31.718189],[-95.870508,31.739508],[-95.87714,31.732568],[-95.881151,31.735847],[-95.875617,31.743415],[-95.866646,31.742614],[-95.874718,31.754673],[-95.895147,31.75844],[-95.900079,31.752132],[-95.902935,31.762535],[-95.898033,31.76246],[-95.897965,31.766963],[-95.924241,31.76585],[-95.930766,31.774264],[-95.933846,31.769809],[-95.938991,31.774664],[-95.952224,31.775678],[-95.963066,31.789426],[-95.980568,31.784561],[-95.983449,31.789979],[-95.973232,31.819136],[-95.978493,31.834259],[-95.994556,31.843574],[-95.976665,31.870734],[-95.96832,31.87087],[-95.970018,31.877016],[-95.987318,31.873117],[-95.99091,31.876239],[-95.989236,31.868486],[-95.994127,31.866258],[-96.004831,31.872639],[-96.006926,31.881189],[-96.018597,31.871972],[-96.024265,31.87312],[-96.027607,31.881215],[-96.019472,31.903771],[-96.015759,31.903263],[-96.013341,31.911262],[-96.007953,31.905223],[-96.001341,31.90717],[-96.004264,31.919055],[-96.008329,31.91852],[-96.00617,31.924292],[-96.013442,31.929918],[-96.01131,31.934529],[-96.020889,31.938224],[-96.014512,31.9461],[-96.02193,31.957299],[-96.040142,31.952457],[-96.037751,31.948391],[-96.041832,31.944928],[-96.044799,31.950967],[-96.053354,31.947823],[-96.061559,31.954823],[-96.055892,31.96365],[-96.044976,31.959752],[-96.042914,31.962793],[-96.046441,31.970182],[-96.054124,31.970519],[-96.054733,31.975328],[-96.061314,31.975379],[-96.06486,31.980947]]]}},{"type":"Feature","properties":{"GEOID":"48199","NAME":"Hardin","state":"TX","wildfire_risk_score":82.92,"wildfire_eal_total":534720.69,"risk_band":"High","source":"FEMA National Risk Index v1.20 (December 2025)"},"geometry":{"type":"Polygon","coordinates":[[[-94.732732,30.490066],[-94.537926,30.491059],[-94.545717,30.526977],[-94.071689,30.526033],[-94.084089,30.5056],[-94.079669,30.502714],[-94.082516,30.492191],[-94.078889,30.490064],[-94.085015,30.490021],[-94.093392,30.474067],[-94.103088,30.468733],[-94.094526,30.465561],[-94.107395,30.450312],[-94.106843,30.437466],[-94.116498,30.433966],[-94.114678,30.428614],[-94.119394,30.426298],[-94.114185,30.423426],[-94.116709,30.415822],[-94.112847,30.41498],[-94.120083,30.410731],[-94.113409,30.406532],[-94.116736,30.397454],[-94.103938,30.394212],[-94.108599,30.387282],[-94.101987,30.384096],[-94.101278,30.365568],[-94.093787,30.360755],[-94.090771,30.350375],[-94.086252,30.348887],[-94.085082,30.353526],[-94.08292,30.345654],[-94.09029,30.337494],[-94.096576,30.3386],[-94.102745,30.325931],[-94.098781,30.322398],[-94.106117,30.321778],[-94.099784,30.318636],[-94.104635,30.314363],[-94.101828,30.310522],[-94.104578,30.312557],[-94.104234,30.307873],[-94.117792,30.300554],[-94.114196,30.28611],[-94.119402,30.288265],[-94.120526,30.283042],[-94.119902,30.277726],[-94.111889,30.273061],[-94.113565,30.262854],[-94.107734,30.261381],[-94.104811,30.266228],[-94.096455,30.258682],[-94.11828,30.24437],[-94.117764,30.215874],[-94.103254,30.213376],[-94.094691,30.202962],[-94.09173,30.205847],[-94.091058,30.19837],[-94.098216,30.198459],[-94.097871,30.188431],[-94.106546,30.193192],[-94.105332,30.187456],[-94.110506,30.187759],[-94.114774,30.172639],[-94.11026,30.167619],[-94.115917,30.160347],[-94.122213,30.166252],[-94.127327,30.163592],[-94.138,30.168827],[-94.140505,30.165209],[-94.147667,30.166499],[-94.145664,30.170222],[-94.169016,30.173448],[-94.165522,30.176232],[-94.173185,30.17895],[-94.17644,30.18794],[-94.187581,30.178942],[-94.195121,30.189106],[-94.199637,30.184468],[-94.209577,30.187724],[-94.207629,30.184692],[-94.218481,30.180058],[-94.221063,30.170608],[-94.231271,30.172554],[-94.236055,30.165283],[-94.253401,30.168174],[-94.254557,30.172516],[-94.260214,30.167537],[-94.275644,30.170095],[-94.279188,30.131926],[-94.286837,30.129176],[-94.292629,30.117671],[-94.30043,30.114146],[-94.315469,30.117721],[-94.325464,30.111389],[-94.330672,30.114656],[-94.342126,30.103124],[-94.349666,30.104586],[-94.350844,30.10909],[-94.365011,30.101483],[-94.376164,30.109066],[-94.391544,30.10597],[-94.399233,30.097403],[-94.412434,30.098154],[-94.438552,30.115833],[-94.596338,30.112101],[-94.732732,30.490066]]]}},{"type":"Feature","properties":{"GEOID":"48243","NAME":"Jeff Davis","state":"TX","wildfire_risk_score":88.486,"wildfire_eal_total":844004.01,"risk_band":"High","source":"FEMA National Risk Index v1.20 (December 2025)"},"geometry":{"type":"Polygon","coordinates":[[[-104.97961,30.629363],[-104.102351,31.105203],[-103.585084,30.76647],[-103.439976,30.665939],[-103.80068,30.412527],[-103.90101,30.41219],[-104.97961,30.629363]]]}},{"type":"Feature","properties":{"GEOID":"48329","NAME":"Midland","state":"TX","wildfire_risk_score":93.098,"wildfire_eal_total":2484093.81,"risk_band":"High","source":"FEMA National Risk Index v1.20 (December 2025)"},"geometry":{"type":"Polygon","coordinates":[[[-102.287433,31.873681],[-102.287048,32.086991],[-101.776085,32.086925],[-101.775802,31.651319],[-102.287345,31.651276],[-102.287433,31.873681]]]}},{"type":"Feature","properties":{"GEOID":"48323","NAME":"Maverick","state":"TX","wildfire_risk_score":48.473,"wildfire_eal_total":24526.86,"risk_band":"Low","source":"FEMA National Risk Index v1.20 (December 2025)"},"geometry":{"type":"Polygon","coordinates":[[[-100.667522988428,29.0842931847587],[-100.111406,29.086318],[-100.113719,28.197819],[-100.212165531128,28.1968371629783],[-100.220284,28.23221],[-100.251634,28.236177],[-100.293468,28.278475],[-100.286471,28.312296],[-100.3444,28.389662],[-100.349586,28.402604],[-100.337059,28.427151],[-100.337797,28.44296],[-100.368288,28.477196],[-100.344181,28.486249],[-100.333814,28.499252],[-100.38886,28.515748],[-100.394988,28.528358],[-100.405058,28.53578],[-100.411414,28.551899],[-100.39727,28.575637],[-100.398385,28.584884],[-100.429856,28.596441],[-100.433623,28.606117],[-100.44732,28.609325],[-100.447091,28.642197],[-100.462866,28.641364],[-100.474494,28.647071],[-100.479636,28.655225],[-100.500354,28.66196],[-100.511998,28.705352],[-100.506701,28.716745],[-100.507613,28.740599],[-100.515332,28.743374],[-100.519226,28.756161],[-100.533408,28.759207],[-100.530004,28.768713],[-100.537772,28.780776],[-100.532431,28.791063],[-100.53583,28.805888],[-100.545481,28.812638],[-100.547324,28.825817],[-100.574699,28.828787],[-100.572992,28.848464],[-100.59104,28.863054],[-100.590527,28.87238],[-100.598682,28.875247],[-100.589489,28.885803],[-100.603841,28.888391],[-100.600768,28.900764],[-100.613559,28.901478],[-100.623482,28.909601],[-100.631611,28.902839],[-100.640568,28.914212],[-100.629706,28.921146],[-100.651512,28.943432],[-100.645894,28.986421],[-100.660208,29.031497],[-100.667522988428,29.0842931847587]]]}},{"type":"Feature","properties":{"GEOID":"48503","NAME":"Young","state":"TX","wildfire_risk_score":90.108,"wildfire_eal_total":1344935.07,"risk_band":"High","source":"FEMA National Risk Index v1.20 (December 2025)"},"geometry":{"type":"Polygon","coordinates":[[[-98.953938,33.397534],[-98.420666,33.396195],[-98.427211,32.9523],[-98.950875,32.956918],[-98.953938,33.397534]]]}},{"type":"Feature","properties":{"GEOID":"48043","NAME":"Brewster","state":"TX","wildfire_risk_score":88.677,"wildfire_eal_total":995142.44,"risk_band":"High","source":"FEMA National Risk Index v1.20 (December 2025)"},"geometry":{"type":"Polygon","coordinates":[[[-103.80068,30.412527],[-103.439976,30.665939],[-102.320703761477,29.8788549124151],[-102.323463,29.863917],[-102.331567,29.862806],[-102.333384,29.868046],[-102.341033,29.869305],[-102.349861,29.862317],[-102.351951,29.853115],[-102.364542,29.845387],[-102.362514,29.833156],[-102.377254,29.800163],[-102.377313,29.789971],[-102.389674,29.782601],[-102.385134,29.77147],[-102.388323,29.761266],[-102.393931,29.768689],[-102.409769,29.764717],[-102.433301,29.776608],[-102.458269,29.774775],[-102.46643,29.783646],[-102.473233,29.776018],[-102.480257,29.776011],[-102.487252,29.786585],[-102.499602,29.781433],[-102.517531,29.783955],[-102.519433,29.780448],[-102.510571,29.773178],[-102.513381,29.76576],[-102.548261,29.744596],[-102.567663,29.771463],[-102.573629,29.768202],[-102.574139,29.754773],[-102.612879,29.748182],[-102.630151,29.734315],[-102.661252,29.736123],[-102.669034,29.746106],[-102.677371,29.741349],[-102.681534,29.72838],[-102.691373,29.721372],[-102.689147,29.70494],[-102.698347,29.695591],[-102.699317,29.685029],[-102.693466,29.676507],[-102.72574,29.651417],[-102.727209,29.6422],[-102.736948,29.641538],[-102.742185,29.63251],[-102.738428,29.621929],[-102.741927,29.595983],[-102.746202,29.592875],[-102.761886,29.598643],[-102.768341,29.594734],[-102.762241,29.579449],[-102.766124,29.572348],[-102.773961,29.573084],[-102.777531,29.556497],[-102.771429,29.548546],[-102.780266,29.542466],[-102.791452,29.542824],[-102.792567,29.532444],[-102.808692,29.522319],[-102.804468,29.501593],[-102.807327,29.494009],[-102.800673,29.486235],[-102.813954,29.482806],[-102.813997,29.471401],[-102.823105,29.463299],[-102.825469,29.455117],[-102.819611,29.450944],[-102.83097,29.444267],[-102.832539,29.433109],[-102.826925,29.4177],[-102.833261,29.410976],[-102.826085,29.402746],[-102.812666,29.400173],[-102.825612,29.396946],[-102.834712,29.378492],[-102.844365,29.375379],[-102.845421,29.365214],[-102.839375,29.358922],[-102.860582,29.351534],[-102.878019,29.354538],[-102.884364,29.347729],[-102.879805,29.338755],[-102.887594,29.311267],[-102.892971,29.309151],[-102.888328,29.291947],[-102.902605,29.279441],[-102.899263,29.269485],[-102.906296,29.260011],[-102.887902,29.245612],[-102.871347,29.241625],[-102.866846,29.225015],[-102.87802,29.214698],[-102.893924,29.208664],[-102.912324,29.219418],[-102.916222,29.215],[-102.912448,29.206255],[-102.919059,29.19815],[-102.917805,29.190697],[-102.932975,29.194508],[-102.937749,29.188534],[-102.943765,29.191165],[-102.950592,29.173731],[-102.977266,29.186226],[-102.996319,29.178265],[-102.995688,29.161219],[-103.008362,29.148293],[-103.008797,29.137569],[-103.015651,29.133995],[-103.012395,29.125845],[-103.020154,29.125793],[-103.027592,29.116021],[-103.035986,29.113962],[-103.032185,29.106994],[-103.03603,29.098736],[-103.044815,29.09545],[-103.054654,29.100637],[-103.064254,29.091451],[-103.0761,29.091323],[-103.080107,29.08687],[-103.076847,29.076059],[-103.087425,29.067108],[-103.0859,29.053736],[-103.090311,29.053755],[-103.091769,29.064128],[-103.100134,29.060675],[-103.10634,29.037621],[-103.097848,29.027036],[-103.117238,29.000209],[-103.115328,28.98527],[-103.134931,28.983525],[-103.154608,28.971612],[-103.163865,28.972099],[-103.170824,28.980571],[-103.176755,28.978069],[-103.202412,28.987195],[-103.214782,28.987726],[-103.219669,28.983518],[-103.227801,28.991532],[-103.237635,28.981862],[-103.249589,28.980515],[-103.266333,28.995981],[-103.273357,28.982844],[-103.283457,28.976945],[-103.288305,28.981385],[-103.281553,28.987696],[-103.287852,29.002242],[-103.300565,29.008267],[-103.308274,29.003402],[-103.315938,29.01039],[-103.308029,29.018884],[-103.308277,29.025001],[-103.315208,29.025593],[-103.325681,29.016441],[-103.338298,29.019766],[-103.342047,29.028201],[-103.327281,29.03339],[-103.330871,29.042959],[-103.343678,29.046369],[-103.353901,29.022225],[-103.36032,29.0185],[-103.373893,29.023523],[-103.386505,29.021648],[-103.388434,29.033862],[-103.400767,29.031022],[-103.40467,29.03928],[-103.415414,29.037881],[-103.432231,29.043682],[-103.428683,29.048695],[-103.434003,29.057075],[-103.449892,29.065392],[-103.44993,29.072714],[-103.461116,29.072472],[-103.459454,29.06725],[-103.470107,29.066194],[-103.473632,29.0711],[-103.470213,29.085526],[-103.499684,29.109518],[-103.500153,29.115901],[-103.524613,29.120998],[-103.52302,29.135253],[-103.539564,29.146097],[-103.550693,29.144129],[-103.552572,29.157335],[-103.59236,29.15026],[-103.61054,29.165773],[-103.6499,29.15641],[-103.660203,29.170934],[-103.697314,29.177194],[-103.706286,29.185095],[-103.71918,29.181395],[-103.742175,29.20861],[-103.742246,29.221694],[-103.757365,29.220668],[-103.754538,29.227496],[-103.758549,29.232939],[-103.768514,29.227274],[-103.770958,29.219531],[-103.776698,29.220054],[-103.782054,29.227983],[-103.781681,29.241278],[-103.775072,29.247954],[-103.784047,29.265467],[-103.792716,29.264772],[-103.80068,30.412527]]]}},{"type":"Feature","properties":{"GEOID":"48333","NAME":"Mills","state":"TX","wildfire_risk_score":76.463,"wildfire_eal_total":205734.27,"risk_band":"Moderate","source":"FEMA National Risk Index v1.20 (December 2025)"},"geometry":{"type":"Polygon","coordinates":[[[-98.994723,31.470985],[-98.986941,31.478929],[-98.991625,31.48473],[-98.779951,31.610735],[-98.759983,31.687906],[-98.492802,31.723608],[-98.266794,31.410521],[-98.562732,31.230443],[-98.565237,31.242626],[-98.57981,31.265386],[-98.592897,31.265924],[-98.595651,31.253059],[-98.628369,31.274251],[-98.622135,31.285088],[-98.613815,31.281595],[-98.598539,31.286581],[-98.596281,31.305833],[-98.586656,31.319429],[-98.587268,31.325463],[-98.594411,31.326354],[-98.606849,31.312149],[-98.630771,31.310163],[-98.630926,31.315345],[-98.618097,31.322728],[-98.629946,31.326021],[-98.647633,31.31486],[-98.648531,31.323469],[-98.639668,31.33281],[-98.646969,31.340685],[-98.636375,31.352912],[-98.646076,31.359707],[-98.654614,31.358493],[-98.650119,31.366875],[-98.653977,31.370088],[-98.669947,31.361182],[-98.670865,31.353886],[-98.695351,31.339963],[-98.702695,31.339148],[-98.706372,31.346797],[-98.712352,31.347157],[-98.712542,31.355562],[-98.703054,31.360983],[-98.704348,31.380186],[-98.693029,31.389975],[-98.696634,31.407287],[-98.718125,31.40403],[-98.727116,31.409768],[-98.724493,31.427432],[-98.742815,31.428135],[-98.737149,31.420631],[-98.738765,31.411365],[-98.742271,31.405273],[-98.755672,31.400444],[-98.751406,31.387605],[-98.763724,31.375216],[-98.771696,31.380794],[-98.779478,31.379165],[-98.773228,31.406884],[-98.775969,31.413564],[-98.813559,31.404717],[-98.816021,31.417075],[-98.829935,31.410331],[-98.84712,31.410676],[-98.8549,31.414169],[-98.852463,31.420408],[-98.859294,31.434958],[-98.8725,31.444299],[-98.885453,31.442914],[-98.895846,31.433567],[-98.925192,31.433988],[-98.933188,31.436928],[-98.93591,31.455931],[-98.942737,31.458629],[-98.95336,31.454688],[-98.952985,31.447309],[-98.964545,31.434879],[-98.965018,31.453298],[-98.978228,31.456253],[-98.99452,31.466001],[-98.994723,31.470985]]]}},{"type":"Feature","properties":{"GEOID":"48215","NAME":"Hidalgo","state":"TX","wildfire_risk_score":83.81,"wildfire_eal_total":350167.06,"risk_band":"High","source":"FEMA National Risk Index v1.20 (December 2025)"},"geometry":{"type":"Polygon","coordinates":[[[-98.586339,26.258239],[-98.32067,26.783081],[-97.985494,26.780917],[-97.985303,26.615809],[-97.957405,26.611769],[-97.970067,26.552253],[-97.963912,26.5335],[-97.984367,26.536578],[-98.004189,26.448784],[-97.908273,26.433243],[-97.862227,26.433579],[-97.8616661159598,26.0697833172661],[-97.868606,26.057156],[-97.887411,26.066749],[-97.891318,26.0605],[-97.927981,26.055906],[-97.933924,26.064834],[-97.936967,26.061926],[-97.931801,26.055944],[-97.93542,26.052688],[-97.950095,26.061828],[-97.967358,26.051718],[-97.978769,26.059708],[-97.981335,26.067182],[-97.991493,26.058585],[-98.003516,26.064453],[-98.011833,26.05602],[-98.011932,26.065859],[-98.020382,26.058762],[-98.028759,26.06647],[-98.039239,26.041275],[-98.061868,26.046464],[-98.07662,26.036415],[-98.080003,26.04196],[-98.07366,26.043142],[-98.070025,26.051466],[-98.080495,26.070932],[-98.085849,26.069208],[-98.081884,26.063724],[-98.094432,26.058625],[-98.105505,26.067537],[-98.128331,26.061929],[-98.131494,26.0742],[-98.147398,26.049483],[-98.151731,26.058187],[-98.16188,26.054539],[-98.158422,26.0627],[-98.168829,26.062987],[-98.176296,26.075075],[-98.180197,26.071688],[-98.17654,26.06162],[-98.18906,26.063258],[-98.193985,26.053324],[-98.220673,26.076467],[-98.248737,26.072042],[-98.268423,26.093167],[-98.286476,26.102292],[-98.286925,26.106732],[-98.270034,26.10709],[-98.271185,26.114206],[-98.266258,26.120722],[-98.274646,26.115944],[-98.296195,26.120321],[-98.302801,26.109945],[-98.297859,26.103778],[-98.306515,26.10429],[-98.3106,26.114991],[-98.32027,26.117863],[-98.335204,26.137617],[-98.32706,26.143809],[-98.33842,26.151344],[-98.333316,26.1588],[-98.334725,26.165559],[-98.345781,26.166016],[-98.352341,26.15112],[-98.359836,26.172285],[-98.3666,26.168782],[-98.367237,26.15768],[-98.387206,26.15832],[-98.402745,26.173259],[-98.404433,26.182564],[-98.41812,26.184648],[-98.442536,26.199151],[-98.444504,26.203743],[-98.438822,26.21422],[-98.443406,26.223653],[-98.454342,26.217089],[-98.460689,26.226064],[-98.481582,26.219379],[-98.477961,26.203647],[-98.48274,26.201644],[-98.482021,26.208588],[-98.486988,26.212923],[-98.507332,26.210171],[-98.501547,26.223077],[-98.514847,26.227218],[-98.524787,26.221878],[-98.521814,26.235642],[-98.535578,26.226002],[-98.545328,26.244536],[-98.558816,26.245932],[-98.546005,26.236889],[-98.563414,26.22534],[-98.567645,26.241566],[-98.579966,26.234995],[-98.58512,26.243716],[-98.579546,26.251716],[-98.586339,26.258239]]]}},{"type":"Feature","properties":{"GEOID":"48481","NAME":"Wharton","state":"TX","wildfire_risk_score":52.958,"wildfire_eal_total":38451.24,"risk_band":"Low","source":"FEMA National Risk Index v1.20 (December 2025)"},"geometry":{"type":"Polygon","coordinates":[[[-96.640315,29.247804],[-96.348621,29.406792],[-96.307672,29.514523],[-96.175422,29.633806],[-96.165401,29.626901],[-96.155227,29.629213],[-96.141837,29.619636],[-96.130839,29.622852],[-96.122154,29.618288],[-96.10965,29.622524],[-96.094934,29.612491],[-96.093655,29.604043],[-96.059562,29.588518],[-96.063103,29.575909],[-96.059998,29.56866],[-96.044495,29.561947],[-96.040936,29.541918],[-96.056323,29.539491],[-96.055564,29.525612],[-96.050813,29.523161],[-96.05471,29.51462],[-96.047089,29.509705],[-96.027761,29.508998],[-96.022418,29.501893],[-96.026258,29.495026],[-96.035519,29.492287],[-96.059681,29.491868],[-96.059627,29.473329],[-96.049992,29.472179],[-96.047978,29.46184],[-96.038941,29.458568],[-96.037737,29.452994],[-96.029473,29.452052],[-96.035291,29.443007],[-96.020453,29.441217],[-96.008365,29.429479],[-95.992024,29.433792],[-95.982061,29.410766],[-95.972407,29.410704],[-95.968412,29.383449],[-95.95463,29.379411],[-95.943859,29.361152],[-95.936524,29.358355],[-95.940231,29.351721],[-95.952584,29.348042],[-95.949463,29.335318],[-95.923381,29.329449],[-95.916606,29.319368],[-95.894468,29.31498],[-95.897541,29.299283],[-95.8796,29.266761],[-95.856934,29.267971],[-95.841948,29.258707],[-95.965196,29.146865],[-96.309178,28.963291],[-96.640315,29.247804]]]}},{"type":"Feature","properties":{"GEOID":"48169","NAME":"Garza","state":"TX","wildfire_risk_score":83.461,"wildfire_eal_total":388313.07,"risk_band":"High","source":"FEMA National Risk Index v1.20 (December 2025)"},"geometry":{"type":"Polygon","coordinates":[[[-101.557618,33.053168],[-101.556884,33.39476],[-101.038788,33.397214],[-101.03866,32.970225],[-101.173378,32.963597],[-101.557434,32.961025],[-101.557618,33.053168]]]}},{"type":"Feature","properties":{"GEOID":"48135","NAME":"Ector","state":"TX","wildfire_risk_score":88.327,"wildfire_eal_total":1003516.63,"risk_band":"High","source":"FEMA National Risk Index v1.20 (December 2025)"},"geometry":{"type":"Polygon","coordinates":[[[-102.799086,32.085795],[-102.287048,32.086991],[-102.287345,31.651276],[-102.798939,31.651783],[-102.799086,32.085795]]]}},{"type":"Feature","properties":{"GEOID":"48055","NAME":"Caldwell","state":"TX","wildfire_risk_score":68.003,"wildfire_eal_total":119750.6,"risk_band":"Low","source":"FEMA National Risk Index v1.20 (December 2025)"},"geometry":{"type":"Polygon","coordinates":[[[-97.899289,29.857811],[-97.893896,29.883734],[-97.849178,29.916],[-97.792435,29.945177],[-97.760705,29.988119],[-97.707765,30.024059],[-97.653693,30.071564],[-97.315823,29.786541],[-97.597695,29.630745],[-97.603731,29.641786],[-97.60585,29.635093],[-97.617497,29.633553],[-97.617477,29.645105],[-97.629429,29.639783],[-97.633879,29.647507],[-97.63102,29.653472],[-97.651654,29.653965],[-97.653627,29.659899],[-97.650141,29.661323],[-97.648672,29.656964],[-97.647785,29.662127],[-97.652612,29.667843],[-97.656462,29.662863],[-97.665002,29.668801],[-97.673466,29.663197],[-97.677592,29.668775],[-97.680498,29.663623],[-97.690701,29.673096],[-97.698305,29.666708],[-97.706075,29.67455],[-97.704558,29.682615],[-97.721852,29.682088],[-97.73572,29.691198],[-97.743629,29.697496],[-97.736996,29.701954],[-97.738369,29.712905],[-97.749654,29.711422],[-97.74772,29.714398],[-97.756548,29.717825],[-97.763364,29.713042],[-97.768459,29.719103],[-97.758601,29.725047],[-97.77096,29.732305],[-97.768764,29.74173],[-97.78204,29.747699],[-97.780917,29.759258],[-97.792683,29.759393],[-97.795925,29.752333],[-97.803416,29.753651],[-97.800194,29.765932],[-97.811171,29.774501],[-97.805892,29.773066],[-97.80565,29.777058],[-97.815102,29.780726],[-97.811953,29.783469],[-97.817138,29.790383],[-97.829259,29.779597],[-97.830265,29.795533],[-97.842351,29.799224],[-97.842414,29.808303],[-97.846362,29.808648],[-97.84075,29.815758],[-97.842704,29.824015],[-97.836691,29.82691],[-97.846645,29.841671],[-97.855533,29.843913],[-97.863718,29.856279],[-97.872196,29.852519],[-97.876014,29.860555],[-97.899289,29.857811]]]}},{"type":"Feature","properties":{"GEOID":"48445","NAME":"Terry","state":"TX","wildfire_risk_score":58.651,"wildfire_eal_total":55261.15,"risk_band":"Low","source":"FEMA National Risk Index v1.20 (December 2025)"},"geometry":{"type":"Polygon","coordinates":[[[-102.594787,33.022087],[-102.594836,33.388489],[-102.075929,33.389586],[-102.076214,32.959702],[-102.595023,32.958831],[-102.594787,33.022087]]]}},{"type":"Feature","properties":{"GEOID":"48497","NAME":"Wise","state":"TX","wildfire_risk_score":93.734,"wildfire_eal_total":2526400.63,"risk_band":"High","source":"FEMA National Risk Index v1.20 (December 2025)"},"geometry":{"type":"Polygon","coordinates":[[[-97.920903,33.054902],[-97.918189,33.433873],[-97.383015,33.43289],[-97.39848,32.990839],[-97.921642,33.001284],[-97.920903,33.054902]]]}},{"type":"Feature","properties":{"GEOID":"48069","NAME":"Castro","state":"TX","wildfire_risk_score":73.791,"wildfire_eal_total":163492.71,"risk_band":"Moderate","source":"FEMA National Risk Index v1.20 (December 2025)"},"geometry":{"type":"Polygon","coordinates":[[[-102.525793,34.491399],[-102.525184,34.746931],[-101.998493,34.74819],[-101.99802,34.313039],[-102.525631,34.313034],[-102.525793,34.491399]]]}},{"type":"Feature","properties":{"GEOID":"48309","NAME":"McLennan","state":"TX","wildfire_risk_score":90.013,"wildfire_eal_total":1177426.44,"risk_band":"High","source":"FEMA National Risk Index v1.20 (December 2025)"},"geometry":{"type":"Polygon","coordinates":[[[-97.580232,31.598796],[-97.037266,31.863079],[-96.801123,31.522269],[-97.343426,31.244215],[-97.418606,31.320202],[-97.60523,31.587762],[-97.580232,31.598796]]]}},{"type":"Feature","properties":{"GEOID":"48331","NAME":"Milam","state":"TX","wildfire_risk_score":65.617,"wildfire_eal_total":78992.45,"risk_band":"Low","source":"FEMA National Risk Index v1.20 (December 2025)"},"geometry":{"type":"Polygon","coordinates":[[[-97.315485,30.752363],[-97.258959,30.889579],[-96.829603,31.110411],[-96.830691,31.100415],[-96.809282,31.080305],[-96.82016,31.0684],[-96.820333,31.060955],[-96.811274,31.058263],[-96.79159,31.06508],[-96.785118,31.049102],[-96.76922,31.049539],[-96.767149,31.042829],[-96.779735,31.033379],[-96.77027,31.02672],[-96.774553,31.018243],[-96.771484,31.002773],[-96.765546,30.999704],[-96.755709,31.005378],[-96.747091,31.000951],[-96.745872,30.992908],[-96.757,30.988196],[-96.759565,30.978286],[-96.772362,30.969065],[-96.771174,30.960478],[-96.760615,30.955469],[-96.756482,30.946786],[-96.75633,30.927206],[-96.743734,30.915661],[-96.730643,30.91611],[-96.734408,30.904505],[-96.72621,30.89852],[-96.71576,30.89732],[-96.696665,30.908923],[-96.684868,30.906045],[-96.687021,30.89654],[-96.697221,30.898417],[-96.682248,30.881425],[-96.695002,30.878053],[-96.69438,30.86359],[-96.679176,30.844048],[-96.670047,30.841721],[-96.670192,30.833871],[-96.647997,30.825159],[-96.64128,30.818051],[-96.635818,30.800535],[-96.647545,30.790377],[-96.648322,30.780966],[-96.642288,30.776886],[-96.633202,30.783038],[-96.625249,30.780767],[-96.61213,30.75642],[-96.61484,30.75016],[-96.626239,30.74969],[-96.63291,30.74181],[-96.621423,30.730764],[-97.155219,30.457344],[-97.269949,30.735362],[-97.315485,30.752363]]]}},{"type":"Feature","properties":{"GEOID":"48091","NAME":"Comal","state":"TX","wildfire_risk_score":89.313,"wildfire_eal_total":1406482.55,"risk_band":"High","source":"FEMA National Risk Index v1.20 (December 2025)"},"geometry":{"type":"Polygon","coordinates":[[[-98.646124,29.745181],[-98.2976,30.037994],[-98.030523,29.848539],[-97.999271,29.752444],[-98.089941,29.683479],[-98.310928,29.594473],[-98.312222,29.601802],[-98.325473,29.603371],[-98.328565,29.610427],[-98.345252,29.618297],[-98.340541,29.629709],[-98.347596,29.645051],[-98.342733,29.653442],[-98.356629,29.658648],[-98.363764,29.666732],[-98.378906,29.662949],[-98.384341,29.676534],[-98.376315,29.687055],[-98.380487,29.703464],[-98.354557,29.703864],[-98.34135,29.70965],[-98.338618,29.721786],[-98.352589,29.734365],[-98.37521,29.719975],[-98.373729,29.730594],[-98.399172,29.738111],[-98.402364,29.747998],[-98.408049,29.748471],[-98.420673,29.743529],[-98.416887,29.731695],[-98.429722,29.723978],[-98.426842,29.71769],[-98.438344,29.715627],[-98.443852,29.71965],[-98.445978,29.735884],[-98.457494,29.731564],[-98.465974,29.738538],[-98.476991,29.733436],[-98.523374,29.745242],[-98.526781,29.740445],[-98.534015,29.752353],[-98.547306,29.753615],[-98.550489,29.760713],[-98.559304,29.751482],[-98.574567,29.750419],[-98.582849,29.741137],[-98.588493,29.747595],[-98.600406,29.74998],[-98.604739,29.747255],[-98.600469,29.741265],[-98.614343,29.737602],[-98.617826,29.743851],[-98.642605,29.740207],[-98.646124,29.745181]]]}},{"type":"Feature","properties":{"GEOID":"48183","NAME":"Gregg","state":"TX","wildfire_risk_score":62.913,"wildfire_eal_total":86962.34,"risk_band":"Low","source":"FEMA National Risk Index v1.20 (December 2025)"},"geometry":{"type":"Polygon","coordinates":[[[-94.986942,32.444131],[-94.986935,32.537246],[-94.975256,32.536015],[-94.820013,32.59088],[-94.758502,32.659793],[-94.747372,32.660426],[-94.745629,32.667507],[-94.727919,32.65542],[-94.70372,32.657828],[-94.70179,32.652209],[-94.701986,32.421782],[-94.692944,32.427442],[-94.676589,32.42438],[-94.67192,32.42182],[-94.67597,32.41872],[-94.667923,32.412741],[-94.668961,32.408979],[-94.660584,32.410456],[-94.641305,32.398104],[-94.599837,32.399836],[-94.588653,32.391381],[-94.579219,32.394916],[-94.591703,32.365572],[-94.600776,32.360044],[-94.63975,32.370776],[-94.9864,32.370837],[-94.986942,32.444131]]]}},{"type":"Feature","properties":{"GEOID":"48195","NAME":"Hansford","state":"TX","wildfire_risk_score":69.561,"wildfire_eal_total":153781.45,"risk_band":"Moderate","source":"FEMA National Risk Index v1.20 (December 2025)"},"geometry":{"type":"Polygon","coordinates":[[[-101.623915,36.499528],[-101.085156,36.499244],[-101.085735,36.055276],[-101.623466,36.055405],[-101.623915,36.499528]]]}},{"type":"Feature","properties":{"GEOID":"48353","NAME":"Nolan","state":"TX","wildfire_risk_score":86.609,"wildfire_eal_total":517787.04,"risk_band":"High","source":"FEMA National Risk Index v1.20 (December 2025)"},"geometry":{"type":"Polygon","coordinates":[[[-100.664838,32.123872],[-100.660626,32.525312],[-100.146543,32.522793],[-100.151911,32.082638],[-100.665353,32.085407],[-100.664838,32.123872]]]}},{"type":"Feature","properties":{"GEOID":"48031","NAME":"Blanco","state":"TX","wildfire_risk_score":74.841,"wildfire_eal_total":246988.19,"risk_band":"Moderate","source":"FEMA National Risk Index v1.20 (December 2025)"},"geometry":{"type":"Polygon","coordinates":[[[-98.59167,30.499875],[-98.411462,30.502095],[-98.125556,30.426186],[-98.172977,30.356312],[-98.2976,30.037994],[-98.414018,29.937557],[-98.587897,30.138954],[-98.59167,30.499875]]]}},{"type":"Feature","properties":{"GEOID":"48297","NAME":"Live Oak","state":"TX","wildfire_risk_score":46.024,"wildfire_eal_total":24980.96,"risk_band":"Low","source":"FEMA National Risk Index v1.20 (December 2025)"},"geometry":{"type":"Polygon","coordinates":[[[-98.335031,28.612658],[-98.098315,28.786949],[-98.005252,28.690239],[-98.089764,28.662979],[-97.808774,28.183415],[-97.904081,28.114228],[-97.898032,28.113667],[-97.896632,28.101832],[-97.907304,28.097586],[-97.908677,28.092518],[-97.895441,28.075869],[-97.901118,28.075883],[-97.901222,28.067837],[-97.883148,28.0569],[-98.334323,28.0578],[-98.335031,28.612658]]]}},{"type":"Feature","properties":{"GEOID":"48179","NAME":"Gray","state":"TX","wildfire_risk_score":93.67,"wildfire_eal_total":2204141.3,"risk_band":"High","source":"FEMA National Risk Index v1.20 (December 2025)"},"geometry":{"type":"Polygon","coordinates":[[[-101.086364,35.241151],[-101.085935,35.619102],[-100.540158,35.619296],[-100.538978,35.183144],[-101.086281,35.18214],[-101.086364,35.241151]]]}},{"type":"Feature","properties":{"GEOID":"48123","NAME":"DeWitt","state":"TX","wildfire_risk_score":67.589,"wildfire_eal_total":87607.74,"risk_band":"Low","source":"FEMA National Risk Index v1.20 (December 2025)"},"geometry":{"type":"Polygon","coordinates":[[[-97.75511,29.007113],[-97.240108,29.384488],[-96.976378,29.104046],[-97.305916,28.864037],[-97.311695,28.869608],[-97.310821,28.87776],[-97.324978,28.874683],[-97.324436,28.882449],[-97.339985,28.895647],[-97.353057,28.891633],[-97.355404,28.897621],[-97.372229,28.899349],[-97.373456,28.904116],[-97.384011,28.907417],[-97.384579,28.916836],[-97.397133,28.919247],[-97.401719,28.915742],[-97.411133,28.925268],[-97.417162,28.92507],[-97.574639,28.8133],[-97.75511,29.007113]]]}},{"type":"Feature","properties":{"GEOID":"48285","NAME":"Lavaca","state":"TX","wildfire_risk_score":37.182,"wildfire_eal_total":18282.43,"risk_band":"Low","source":"FEMA National Risk Index v1.20 (December 2025)"},"geometry":{"type":"Polygon","coordinates":[[[-97.239601,29.385512],[-97.202331,29.507527],[-97.204087,29.580613],[-97.142643,29.628101],[-96.864996,29.632706],[-96.859144,29.624376],[-96.843213,29.61662],[-96.84428,29.609041],[-96.833324,29.595903],[-96.839287,29.585245],[-96.832812,29.576863],[-96.793132,29.577378],[-96.560555,29.335439],[-96.938587,29.063244],[-97.239601,29.385512]]]}},{"type":"Feature","properties":{"GEOID":"48247","NAME":"Jim Hogg","state":"TX","wildfire_risk_score":51.399,"wildfire_eal_total":27983.7,"risk_band":"Low","source":"FEMA National Risk Index v1.20 (December 2025)"},"geometry":{"type":"Polygon","coordinates":[[[-98.954425,27.000318],[-98.954669,27.269397],[-98.798087,27.268012],[-98.798323,27.354029],[-98.625027,27.357727],[-98.624929,27.338067],[-98.589478,27.338236],[-98.589537,27.358695],[-98.552617,27.359101],[-98.552448,27.343764],[-98.522293,27.343284],[-98.523284,27.26515],[-98.536646,27.265196],[-98.530048,27.253849],[-98.512437,27.251196],[-98.506168,27.238729],[-98.492943,27.235012],[-98.49291,27.142062],[-98.467284,27.142006],[-98.466542,27.054711],[-98.417883,27.055285],[-98.422616,26.783535],[-98.95423,26.785694],[-98.954425,27.000318]]]}},{"type":"Feature","properties":{"GEOID":"48045","NAME":"Briscoe","state":"TX","wildfire_risk_score":57.983,"wildfire_eal_total":100167.07,"risk_band":"Low","source":"FEMA National Risk Index v1.20 (December 2025)"},"geometry":{"type":"Polygon","coordinates":[[[-101.472052,34.434084],[-101.471562,34.747462],[-100.944939,34.748281],[-100.946132,34.312759],[-101.47158,34.31229],[-101.472052,34.434084]]]}},{"type":"Feature","properties":{"GEOID":"48383","NAME":"Reagan","state":"TX","wildfire_risk_score":56.393,"wildfire_eal_total":61601.02,"risk_band":"Low","source":"FEMA National Risk Index v1.20 (December 2025)"},"geometry":{"type":"Polygon","coordinates":[[[-101.775808,31.122899],[-101.775802,31.651319],[-101.267122,31.650854],[-101.274799,31.079379],[-101.776191,31.079784],[-101.775808,31.122899]]]}},{"type":"Feature","properties":{"GEOID":"48283","NAME":"La Salle","state":"TX","wildfire_risk_score":65.999,"wildfire_eal_total":69825.73,"risk_band":"Low","source":"FEMA National Risk Index v1.20 (December 2025)"},"geometry":{"type":"Polygon","coordinates":[[[-99.395944,28.500263],[-99.395736,28.640784],[-98.800841,28.647487],[-98.803325,28.05748],[-99.388946,28.030419],[-99.395944,28.500263]]]}},{"type":"Feature","properties":{"GEOID":"48205","NAME":"Hartley","state":"TX","wildfire_risk_score":71.12,"wildfire_eal_total":246312.15,"risk_band":"Moderate","source":"FEMA National Risk Index v1.20 (December 2025)"},"geometry":{"type":"Polygon","coordinates":[[[-103.042186,35.825217],[-103.040824,36.055231],[-102.163015,36.055249],[-102.162809,35.627515],[-103.041554,35.622487],[-103.042186,35.825217]]]}},{"type":"Feature","properties":{"GEOID":"48033","NAME":"Borden","state":"TX","wildfire_risk_score":74.65,"wildfire_eal_total":208276.1,"risk_band":"Moderate","source":"FEMA National Risk Index v1.20 (December 2025)"},"geometry":{"type":"Polygon","coordinates":[[[-101.691284,32.961838],[-101.173378,32.963597],[-101.174571,32.524112],[-101.68874,32.525222],[-101.691284,32.961838]]]}},{"type":"Feature","properties":{"GEOID":"48321","NAME":"Matagorda","state":"TX","wildfire_risk_score":73.696,"wildfire_eal_total":179477.18,"risk_band":"Moderate","source":"FEMA National Risk Index v1.20 (December 2025)"},"geometry":{"type":"Polygon","coordinates":[[[-96.3783265241194,28.3907774793216],[-96.322731,28.642944],[-96.309178,28.963291],[-95.965196,29.146865],[-95.874028,29.229702],[-95.844667,29.204676],[-95.857805,29.193315],[-95.838371,29.176564],[-95.850492,29.156923],[-95.837761,29.133564],[-95.846379,29.10743],[-95.841894,29.099093],[-95.828867,29.089086],[-95.805905,29.090539],[-95.793665,29.072486],[-95.780877,29.065591],[-95.770446,29.06621],[-95.765049,29.060458],[-95.767546,29.053247],[-95.775632,29.052289],[-95.777329,29.044558],[-95.7855,29.03915],[-95.77944,29.034674],[-95.784002,29.02804],[-95.778548,29.026505],[-95.781983,29.021734],[-95.776687,29.01866],[-95.779454,29.010756],[-95.783937,29.012823],[-95.785064,29.008926],[-95.778009,29.009128],[-95.767773,29.003988],[-95.772733,29.004905],[-95.778339,28.997053],[-95.767204,28.991553],[-95.770495,28.985023],[-95.765576,28.979734],[-95.770692,28.975337],[-95.767981,28.969636],[-95.69913,28.969537],[-95.683819,28.960467],[-95.67955,28.965734],[-95.67513,28.964244],[-95.669394,28.956706],[-95.655071,28.95153],[-95.645822,28.938888],[-95.6519,28.925682],[-95.64167,28.903749],[-95.57924,28.859613],[-95.576156,28.852421],[-95.579021,28.839628],[-95.573671,28.832767],[-95.550216,28.828796],[-95.537085,28.832899],[-95.530471,28.829098],[-95.504012,28.837517],[-95.5072492559511,28.8255658801125],[-95.659511,28.751084],[-95.661342,28.746063],[-95.83398,28.655623],[-96.083308,28.554843],[-96.205438,28.497868],[-96.270391,28.46193],[-96.32002,28.423989],[-96.329768,28.425196],[-96.342483,28.418716],[-96.3783265241194,28.3907774793216]]]}},{"type":"Feature","properties":{"GEOID":"48337","NAME":"Montague","state":"TX","wildfire_risk_score":89.758,"wildfire_eal_total":1157313.93,"risk_band":"High","source":"FEMA National Risk Index v1.20 (December 2025)"},"geometry":{"type":"Polygon","coordinates":[[[-97.979013,33.617634],[-97.9778078897427,33.8898833742718],[-97.958438,33.879179],[-97.936743,33.879204],[-97.877387,33.850236],[-97.834333,33.857671],[-97.819023,33.869908],[-97.816426,33.882081],[-97.807499,33.876401],[-97.80263,33.879971],[-97.797761,33.899286],[-97.782341,33.892306],[-97.779683,33.899243],[-97.785101,33.916815],[-97.779702,33.919721],[-97.76377,33.914241],[-97.759399,33.91882],[-97.762768,33.934396],[-97.733723,33.936392],[-97.725289,33.941045],[-97.709684,33.954997],[-97.69311,33.983699],[-97.671772,33.99137],[-97.633778,33.981257],[-97.590422,33.954104],[-97.59542,33.941436],[-97.591514,33.9282],[-97.597115,33.917868],[-97.589254,33.903922],[-97.581078,33.899679],[-97.566956,33.901583],[-97.555002,33.897282],[-97.50096,33.919643],[-97.48403724377,33.9157618691195],[-97.487065,33.433681],[-97.978967,33.433748],[-97.979013,33.617634]]]}},{"type":"Feature","properties":{"GEOID":"48077","NAME":"Clay","state":"TX","wildfire_risk_score":87.882,"wildfire_eal_total":978505.93,"risk_band":"High","source":"FEMA National Risk Index v1.20 (December 2025)"},"geometry":{"type":"Polygon","coordinates":[[[-98.423577,33.836047],[-98.423533,34.082843],[-98.411587,34.088057],[-98.411374,34.100324],[-98.399777,34.099973],[-98.400967,34.122236],[-98.395024,34.131318],[-98.379762,34.131174],[-98.387084,34.140912],[-98.381651,34.149202],[-98.364023,34.157109],[-98.325445,34.151025],[-98.293901,34.13302],[-98.256467,34.129481],[-98.231042,34.134023],[-98.2236,34.125093],[-98.203711,34.117676],[-98.16912,34.114171],[-98.154354,34.122734],[-98.130816,34.150532],[-98.109462,34.154111],[-98.101937,34.14683],[-98.100498,34.131369],[-98.089755,34.128211],[-98.099328,34.104295],[-98.119417,34.084474],[-98.120208,34.072127],[-98.099096,34.048639],[-98.083839,34.041719],[-98.08381,34.036656],[-98.092366,34.033929],[-98.103538,34.03853],[-98.106261,34.034154],[-98.082676,34.010796],[-98.088203,34.005481],[-98.027672,33.993357],[-97.987388,33.999823],[-97.974173,34.006716],[-97.958325,33.990846],[-97.94573,33.989839],[-97.960351,33.951928],[-97.974173,33.942832],[-97.971175,33.937129],[-97.953395,33.936445],[-97.957155,33.914454],[-97.969873,33.905999],[-97.978804,33.912548],[-97.98454,33.900703],[-97.9778078897427,33.8898833742718],[-97.978919,33.467129],[-98.421419,33.466797],[-98.423577,33.836047]]]}},{"type":"Feature","properties":{"GEOID":"48295","NAME":"Lipscomb","state":"TX","wildfire_risk_score":84.574,"wildfire_eal_total":631155.69,"risk_band":"High","source":"FEMA National Risk Index v1.20 (December 2025)"},"geometry":{"type":"Polygon","coordinates":[[[-100.546037,36.215326],[-100.546145,36.499343],[-100.000406,36.499702],[-100.000399,36.055677],[-100.546724,36.056536],[-100.546037,36.215326]]]}},{"type":"Feature","properties":{"GEOID":"48079","NAME":"Cochran","state":"TX","wildfire_risk_score":68.321,"wildfire_eal_total":111994.25,"risk_band":"Low","source":"FEMA National Risk Index v1.20 (December 2025)"},"geometry":{"type":"Polygon","coordinates":[[[-103.056655,33.388438],[-103.047346,33.824675],[-102.615447,33.825121],[-102.594836,33.388489],[-103.056655,33.388438]]]}},{"type":"Feature","properties":{"GEOID":"48487","NAME":"Wilbarger","state":"TX","wildfire_risk_score":63.518,"wildfire_eal_total":79183.15,"risk_band":"Low","source":"FEMA National Risk Index v1.20 (December 2025)"},"geometry":{"type":"Polygon","coordinates":[[[-99.475145,33.901053],[-99.4750806916433,34.395998351528],[-99.464036,34.393634],[-99.461053,34.380666],[-99.455085,34.381264],[-99.452648,34.388252],[-99.436474,34.370539],[-99.431043,34.371117],[-99.424897,34.385823],[-99.40296,34.373481],[-99.396839,34.379417],[-99.395921,34.395726],[-99.387653,34.411984],[-99.397135,34.419409],[-99.393306,34.427613],[-99.395605,34.440378],[-99.381011,34.456936],[-99.358795,34.455863],[-99.354672,34.451857],[-99.356713,34.442144],[-99.334037,34.427536],[-99.319606,34.408869],[-99.294648,34.415373],[-99.286437,34.413025],[-99.278828,34.400265],[-99.261321,34.403499],[-99.25898,34.391243],[-99.274858,34.384922],[-99.260441,34.378078],[-99.258606,34.37265],[-99.248969,34.375984],[-99.242855,34.372676],[-99.24812,34.367433],[-99.236177,34.365172],[-99.234252,34.353459],[-99.228636,34.348564],[-99.234256,34.340865],[-99.229245,34.336516],[-99.217335,34.34152],[-99.206905,34.338277],[-99.210779,34.330983],[-99.205824,34.320082],[-99.213476,34.310672],[-99.211449,34.29275],[-99.207766,34.283823],[-99.19626,34.281463],[-99.198017,34.262723],[-99.191805,34.256444],[-99.197153,34.244298],[-99.190146,34.22966],[-99.189511,34.214312],[-99.15134,34.207603],[-99.13822,34.219159],[-99.130609,34.219408],[-99.126614,34.215329],[-99.131885,34.207382],[-99.126567,34.203004],[-99.102186,34.205483],[-99.095271,34.211842],[-99.088923,34.208475],[-99.079535,34.211518],[-99.048792,34.198209],[-99.043471,34.198208],[-99.036273,34.206912],[-99.013075,34.203222],[-99.002916,34.208782],[-99.000761,34.217643],[-98.990852,34.221633],[-98.981364,34.217583],[-98.976587,34.206291],[-98.969003,34.201299],[-98.96247,34.204668],[-98.960791,34.21303],[-98.9523575349127,34.2125787665873],[-98.953202,33.834025],[-99.47565,33.834005],[-99.475145,33.901053]]]}},{"type":"Feature","properties":{"GEOID":"48117","NAME":"Deaf Smith","state":"TX","wildfire_risk_score":85.751,"wildfire_eal_total":653709.28,"risk_band":"High","source":"FEMA National Risk Index v1.20 (December 2025)"},"geometry":{"type":"Polygon","coordinates":[[[-103.043261,35.125058],[-103.042377,35.183149],[-102.625538,35.187248],[-102.167471,35.183233],[-102.168838,34.746612],[-103.042769,34.747361],[-103.043261,35.125058]]]}},{"type":"Feature","properties":{"GEOID":"48489","NAME":"Willacy","state":"TX","wildfire_risk_score":28.721,"wildfire_eal_total":7429.08,"risk_band":"Low","source":"FEMA National Risk Index v1.20 (December 2025)"},"geometry":{"type":"MultiPolygon","coordinates":[[[[-97.258102,26.425439],[-97.252398,26.426503],[-97.251685,26.415222],[-97.254893,26.415222],[-97.258102,26.425439]]],[[[-97.3099,26.570253],[-97.293432,26.570538],[-97.286864,26.57618],[-97.287489,26.583434],[-97.3069528508846,26.600278273421],[-97.2901508197356,26.6003496604565],[-97.277559,26.565788],[-97.308296,26.564567],[-97.3099,26.570253]]],[[[-97.325911,26.560805],[-97.27188,26.559943],[-97.2249460830257,26.4112025299087],[-97.2404693981065,26.411187847471],[-97.237771,26.418574],[-97.243723,26.425333],[-97.246986,26.440716],[-97.244043,26.448025],[-97.258074,26.487815],[-97.256113,26.497261],[-97.262512,26.507005],[-97.269758,26.507897],[-97.286033,26.547158],[-97.325911,26.560805]]],[[[-98.004189,26.448784],[-97.984367,26.536578],[-97.963912,26.5335],[-97.970067,26.552253],[-97.957405,26.611769],[-97.861688,26.597995],[-97.4406253935305,26.5999080179936],[-97.433552,26.589645],[-97.423926,26.555527],[-97.41537,26.552763],[-97.420955,26.53554],[-97.406813,26.499492],[-97.413112,26.481197],[-97.38055,26.480559],[-97.3487421850313,26.4110407453481],[-97.386505,26.410437],[-97.393868,26.405488],[-97.40108,26.385453],[-97.421294,26.366138],[-97.430884,26.36332],[-97.437276,26.337233],[-97.446987,26.324947],[-97.46571,26.33238],[-97.466611,26.342709],[-97.47489,26.341285],[-97.469745,26.329885],[-97.485472,26.337092],[-97.507656,26.334724],[-97.500824,26.318852],[-97.512573,26.313104],[-97.514691,26.31534],[-97.50659,26.320818],[-97.513212,26.327204],[-97.521306,26.325837],[-97.527089,26.316589],[-97.527582,26.299304],[-97.861875,26.348156],[-97.862227,26.433579],[-97.908273,26.433243],[-98.004189,26.448784]]]]}},{"type":"Feature","properties":{"GEOID":"48479","NAME":"Webb","state":"TX","wildfire_risk_score":63.836,"wildfire_eal_total":65969.47,"risk_band":"Low","source":"FEMA National Risk Index v1.20 (December 2025)"},"geometry":{"type":"Polygon","coordinates":[[[-100.212165531128,28.1968371629783],[-99.394177,28.204627],[-99.388946,28.030419],[-98.803325,28.05748],[-98.798087,27.268012],[-99.33361,27.273223],[-99.370621,27.319174],[-99.4537956917325,27.2650556463416],[-99.463309,27.268437],[-99.48791,27.260721],[-99.496615,27.271708],[-99.487513,27.29024],[-99.494604,27.303542],[-99.523658,27.304138],[-99.537771,27.316073],[-99.504837,27.338289],[-99.507779,27.354247],[-99.492144,27.380517],[-99.487521,27.412396],[-99.495104,27.451518],[-99.479251,27.478635],[-99.481452,27.488667],[-99.496826,27.500106],[-99.52832,27.498896],[-99.521919,27.544094],[-99.512219,27.568094],[-99.530138,27.580207],[-99.539722,27.603281],[-99.55495,27.614454],[-99.561233,27.607569],[-99.584843,27.603903],[-99.576958,27.617234],[-99.592353,27.628613],[-99.596231,27.639858],[-99.615598,27.637751],[-99.624311,27.644001],[-99.625322,27.631137],[-99.638929,27.626758],[-99.665948,27.635968],[-99.658295,27.650158],[-99.668942,27.659974],[-99.68651,27.66145],[-99.691253,27.668732],[-99.699356,27.655417],[-99.711511,27.658365],[-99.77074,27.732134],[-99.788845,27.730718],[-99.796342,27.735586],[-99.813086,27.773952],[-99.819092,27.776019],[-99.825793,27.764374],[-99.838791,27.764181],[-99.850877,27.793974],[-99.876553,27.797359],[-99.877202,27.842179],[-99.901486,27.864162],[-99.904385,27.875284],[-99.894091,27.89295],[-99.896875,27.907685],[-99.917461,27.917973],[-99.926228,27.927322],[-99.92648,27.935567],[-99.937142,27.940537],[-99.938541,27.954059],[-99.931812,27.980967],[-99.962769,27.983536],[-99.991447,27.99456],[-100.008631,28.023964],[-100.018951,28.066441],[-100.053123,28.08473],[-100.056493,28.104186],[-100.067652,28.113602],[-100.086898,28.146783],[-100.119628,28.155588],[-100.141098,28.168149],[-100.16059,28.16816],[-100.185694,28.185781],[-100.208059,28.190383],[-100.212165531128,28.1968371629783]]]}},{"type":"Feature","properties":{"GEOID":"48201","NAME":"Harris","state":"TX","wildfire_risk_score":85.433,"wildfire_eal_total":562160.6,"risk_band":"High","source":"FEMA National Risk Index v1.20 (December 2025)"},"geometry":{"type":"MultiPolygon","coordinates":[[[[-94.978386,29.683654],[-94.973751,29.686131],[-94.968576,29.682546],[-94.976099,29.678265],[-94.978386,29.683654]]],[[[-94.992053,29.698416],[-94.975177,29.693977],[-94.973751,29.689125],[-94.979574,29.688299],[-94.992053,29.698416]]],[[[-95.95911,30.163243],[-95.940944,30.144724],[-95.92475,30.142317],[-95.898617,30.120928],[-95.873933,30.122186],[-95.861927,30.105608],[-95.846649,30.100499],[-95.838944,30.083243],[-95.817045,30.081779],[-95.789279,30.094487],[-95.760927,30.086406],[-95.74957,30.095433],[-95.734487,30.093517],[-95.715135,30.102285],[-95.690833,30.098821],[-95.683652,30.107331],[-95.668303,30.101723],[-95.661619,30.111397],[-95.654197,30.109192],[-95.636975,30.126281],[-95.623453,30.127175],[-95.623218,30.135646],[-95.60258,30.13279],[-95.590913,30.136064],[-95.580614,30.149908],[-95.56988,30.153735],[-95.565193,30.160683],[-95.560246,30.158331],[-95.552756,30.170106],[-95.541399,30.170279],[-95.524978,30.163351],[-95.520003,30.152904],[-95.499839,30.142475],[-95.497809,30.123493],[-95.487878,30.107808],[-95.474749,30.103228],[-95.453765,30.104641],[-95.424216,30.115491],[-95.409395,30.092642],[-95.391626,30.082696],[-95.379234,30.087475],[-95.369558,30.077957],[-95.349539,30.076398],[-95.337315,30.06333],[-95.313237,30.050778],[-95.309548,30.045625],[-95.310994,30.032887],[-95.292997,30.027905],[-95.264138,30.032069],[-95.096708,30.167214],[-95.031179,29.993324],[-95.021908,29.996909],[-94.999834,29.991322],[-94.99542,29.977826],[-94.985911,29.973012],[-94.982095,29.964754],[-94.981175,29.95556],[-94.987911,29.952302],[-94.995112,29.936236],[-94.992688,29.926427],[-94.998745,29.919925],[-94.987917,29.904736],[-94.985978,29.890549],[-94.97633,29.876986],[-94.977138,29.868181],[-94.967999,29.859154],[-94.952636,29.855028],[-94.934599,29.834292],[-94.908971,29.82673],[-94.908498,29.814936],[-94.916884,29.803298],[-94.922942,29.802381],[-94.923812,29.796401],[-94.91711,29.786222],[-94.921372,29.782075],[-94.916305,29.773663],[-94.919634,29.771285],[-94.913813,29.7663],[-94.919016,29.765389],[-94.918368,29.756112],[-94.929826,29.75],[-94.929019,29.737057],[-94.945399,29.716237],[-94.932971,29.714724],[-94.932964,29.705208],[-94.925274,29.703687],[-94.929909,29.69737],[-94.91581,29.698434],[-94.921609,29.693234],[-94.919869,29.686856],[-94.930708691215,29.6737462591277],[-94.936575,29.680425],[-94.936089,29.692704],[-94.942681,29.697778],[-94.972088,29.70172],[-94.989849,29.713383],[-95.019685,29.704371],[-95.000728,29.696765],[-94.989319,29.682724],[-94.982783,29.681898],[-94.982154,29.676865],[-95.005398,29.659366],[-95.015636,29.639457],[-95.013499,29.629194],[-95.001881,29.618839],[-94.99817,29.620461],[-94.982706,29.601344],[-95.007319,29.575133],[-95.02118,29.55376],[-95.0171055210733,29.5486852947989],[-95.028719,29.547651],[-95.02956,29.552193],[-95.049883,29.558477],[-95.068329,29.557485],[-95.072096,29.549259],[-95.080894,29.545717],[-95.079224,29.534737],[-95.089627,29.531134],[-95.096258,29.53518],[-95.093624,29.525801],[-95.09809,29.518322],[-95.102437,29.521395],[-95.106073,29.51686],[-95.103874,29.51129],[-95.141707,29.506361],[-95.148885,29.498703],[-95.163931,29.498056],[-95.170996,29.50772],[-95.167498,29.512549],[-95.187846,29.524341],[-95.188277,29.535411],[-95.199469,29.544529],[-95.199963,29.552332],[-95.193154,29.559518],[-95.197795,29.558214],[-95.200985,29.563212],[-95.216349,29.555766],[-95.218236,29.559365],[-95.233669,29.557144],[-95.237721,29.561371],[-95.243132,29.555018],[-95.253952,29.553943],[-95.260292,29.589883],[-95.266327,29.594635],[-95.331146,29.599108],[-95.346447,29.585548],[-95.376181,29.588284],[-95.393275,29.581687],[-95.424286,29.580312],[-95.605466,29.664467],[-95.825975,29.788616],[-95.95911,30.163243]]]]}},{"type":"Feature","properties":{"GEOID":"48165","NAME":"Gaines","state":"TX","wildfire_risk_score":93.384,"wildfire_eal_total":1619270.4,"risk_band":"High","source":"FEMA National Risk Index v1.20 (December 2025)"},"geometry":{"type":"Polygon","coordinates":[[[-103.064916,32.85726],[-103.064657,32.959097],[-102.20852,32.958956],[-102.202703,32.523271],[-103.064696,32.522193],[-103.064916,32.85726]]]}},{"type":"Feature","properties":{"GEOID":"48369","NAME":"Parmer","state":"TX","wildfire_risk_score":67.176,"wildfire_eal_total":146237.96,"risk_band":"Low","source":"FEMA National Risk Index v1.20 (December 2025)"},"geometry":{"type":"Polygon","coordinates":[[[-103.043979,34.312764],[-103.042769,34.747361],[-102.525184,34.746931],[-102.525631,34.313034],[-103.043979,34.312764]]]}},{"type":"Feature","properties":{"GEOID":"48147","NAME":"Fannin","state":"TX","wildfire_risk_score":70.102,"wildfire_eal_total":173416.73,"risk_band":"Moderate","source":"FEMA National Risk Index v1.20 (December 2025)"},"geometry":{"type":"Polygon","coordinates":[[[-96.384737,33.396956],[-96.3794039922769,33.7258163072446],[-96.36959,33.716809],[-96.362198,33.691818],[-96.355946,33.687155],[-96.342665,33.686975],[-96.321103,33.6951],[-96.309964,33.710489],[-96.3061,33.741002],[-96.293708,33.769409],[-96.263593,33.767467],[-96.229023,33.748021],[-96.186554,33.756375],[-96.169452,33.770131],[-96.156355,33.813349],[-96.166991,33.811103],[-96.170373,33.799382],[-96.178964,33.810553],[-96.164808,33.817797],[-96.150765,33.816987],[-96.14807,33.837799],[-96.122951,33.839964],[-96.09936,33.83047],[-96.100095,33.847971],[-96.048834,33.836468],[-96.037191,33.841245],[-96.029438,33.856348],[-96.023907,33.857067],[-96.019542,33.853497],[-96.023241,33.842479],[-96.019599,33.840566],[-96.00163,33.8477],[-95.995857,33.855693],[-95.994525,33.861465],[-96.001336,33.863496],[-96.003406,33.872344],[-95.984254,33.864403],[-95.984253,33.852664],[-95.944284,33.859811],[-95.932448,33.883223],[-95.925787,33.885],[-95.866907,33.851474],[-95.855521,33.849258],[-95.8463781777365,33.8400397456755],[-95.85505,33.827939],[-95.858723,33.40953],[-96.384495,33.341119],[-96.384737,33.396956]]]}},{"type":"Feature","properties":{"GEOID":"48111","NAME":"Dallam","state":"TX","wildfire_risk_score":74.555,"wildfire_eal_total":214800.02,"risk_band":"Moderate","source":"FEMA National Risk Index v1.20 (December 2025)"},"geometry":{"type":"Polygon","coordinates":[[[-103.041924,36.500439],[-102.162463,36.500326],[-102.163015,36.055249],[-103.040824,36.055231],[-103.041924,36.500439]]]}},{"type":"Feature","properties":{"GEOID":"48085","NAME":"Collin","state":"TX","wildfire_risk_score":81.011,"wildfire_eal_total":634965.3,"risk_band":"Moderate","source":"FEMA National Risk Index v1.20 (December 2025)"},"geometry":{"type":"Polygon","coordinates":[[[-96.844097,32.988908],[-96.83411,33.405498],[-96.386474,33.398075],[-96.384495,33.341119],[-96.295413,33.351936],[-96.297227,32.981752],[-96.844097,32.988908]]]}},{"type":"Feature","properties":{"GEOID":"48431","NAME":"Sterling","state":"TX","wildfire_risk_score":69.752,"wildfire_eal_total":187011.2,"risk_band":"Moderate","source":"FEMA National Risk Index v1.20 (December 2025)"},"geometry":{"type":"Polygon","coordinates":[[[-101.266981,31.644192],[-101.264216,32.087136],[-100.821594,32.08661],[-100.82537,31.696155],[-100.861099,31.705418],[-100.865256,31.562294],[-101.26763,31.556462],[-101.266981,31.644192]]]}},{"type":"Feature","properties":{"GEOID":"48209","NAME":"Hays","state":"TX","wildfire_risk_score":87.945,"wildfire_eal_total":1270457.95,"risk_band":"High","source":"FEMA National Risk Index v1.20 (December 2025)"},"geometry":{"type":"Polygon","coordinates":[[[-98.294174,30.046801],[-98.172977,30.356312],[-97.70879,30.023451],[-97.760705,29.988119],[-97.792593,29.945057],[-97.849178,29.916],[-97.893896,29.883734],[-97.899289,29.857811],[-97.888821,29.856779],[-97.884348,29.862461],[-97.875259,29.858208],[-97.944471,29.806754],[-97.999271,29.752444],[-98.030523,29.848539],[-98.2976,30.037994],[-98.294174,30.046801]]]}},{"type":"Feature","properties":{"GEOID":"48121","NAME":"Denton","state":"TX","wildfire_risk_score":92.971,"wildfire_eal_total":3043228.23,"risk_band":"High","source":"FEMA National Risk Index v1.20 (December 2025)"},"geometry":{"type":"Polygon","coordinates":[[[-97.398265,32.999963],[-97.383095,33.43045],[-96.841098,33.413377],[-96.841171,33.405589],[-96.83411,33.405498],[-96.844122,32.987435],[-97.398459,32.991732],[-97.398265,32.999963]]]}},{"type":"Feature","properties":{"GEOID":"48303","NAME":"Lubbock","state":"TX","wildfire_risk_score":86.196,"wildfire_eal_total":750126.91,"risk_band":"High","source":"FEMA National Risk Index v1.20 (December 2025)"},"geometry":{"type":"Polygon","coordinates":[[[-102.085733,33.824675],[-101.56358,33.830451],[-101.556884,33.39476],[-102.075929,33.389586],[-102.085733,33.824675]]]}},{"type":"Feature","properties":{"GEOID":"48399","NAME":"Runnels","state":"TX","wildfire_risk_score":72.487,"wildfire_eal_total":169277.89,"risk_band":"Moderate","source":"FEMA National Risk Index v1.20 (December 2025)"},"geometry":{"type":"Polygon","coordinates":[[[-100.235976,31.851056],[-100.235137,32.082372],[-99.713971,32.082089],[-99.721698,31.576759],[-100.233783,31.582196],[-100.235976,31.851056]]]}},{"type":"Feature","properties":{"GEOID":"48259","NAME":"Kendall","state":"TX","wildfire_risk_score":85.464,"wildfire_eal_total":752953.35,"risk_band":"High","source":"FEMA National Risk Index v1.20 (December 2025)"},"geometry":{"type":"Polygon","coordinates":[[[-98.920606,29.989123],[-98.920147,30.13829],[-98.587897,30.138954],[-98.414018,29.937557],[-98.646124,29.745181],[-98.651278,29.754024],[-98.653051,29.748831],[-98.663738,29.746275],[-98.660253,29.741571],[-98.700416,29.737397],[-98.699888,29.732706],[-98.71767,29.725306],[-98.734126,29.729451],[-98.728954,29.722306],[-98.744017,29.716475],[-98.757052,29.722026],[-98.781017,29.72089],[-98.917725,29.781398],[-98.920606,29.989123]]]}},{"type":"Feature","properties":{"GEOID":"48325","NAME":"Medina","state":"TX","wildfire_risk_score":85.242,"wildfire_eal_total":520404.32,"risk_band":"High","source":"FEMA National Risk Index v1.20 (December 2025)"},"geometry":{"type":"Polygon","coordinates":[[[-99.413862,29.093096],[-99.411817,29.627514],[-98.983787,29.62345],[-98.975697,29.609778],[-98.986713,29.586931],[-98.978871,29.57761],[-98.985944,29.567048],[-98.979342,29.555402],[-98.971383,29.551842],[-98.962501,29.559879],[-98.943561,29.55798],[-98.927161,29.56225],[-98.806552,29.690709],[-98.8049,29.090434],[-99.413862,29.093096]]]}},{"type":"Feature","properties":{"GEOID":"48249","NAME":"Jim Wells","state":"TX","wildfire_risk_score":70.897,"wildfire_eal_total":113190.05,"risk_band":"Moderate","source":"FEMA National Risk Index v1.20 (December 2025)"},"geometry":{"type":"Polygon","coordinates":[[[-98.235497,28.057966],[-97.883148,28.0569],[-97.874801,28.050039],[-97.878101,28.046313],[-97.860558,28.038113],[-97.838918,28.034613],[-97.805827,28.041382],[-97.790285,28.019243],[-97.790814,28.011271],[-97.792146,28.014821],[-97.796718,28.010616],[-97.798517,27.995659],[-97.934274,27.885202],[-97.933653,27.776632],[-97.942146,27.635932],[-98.0598,27.635869],[-98.058078,27.260981],[-98.232464,27.262487],[-98.235497,28.057966]]]}},{"type":"Feature","properties":{"GEOID":"48193","NAME":"Hamilton","state":"TX","wildfire_risk_score":84.86,"wildfire_eal_total":607192.85,"risk_band":"High","source":"FEMA National Risk Index v1.20 (December 2025)"},"geometry":{"type":"Polygon","coordinates":[[[-98.447266,31.692529],[-98.156568,31.841713],[-98.208386,31.917511],[-98.005462,32.017897],[-97.766431,31.672461],[-98.27107,31.416398],[-98.463736,31.683989],[-98.447266,31.692529]]]}},{"type":"Feature","properties":{"GEOID":"48293","NAME":"Limestone","state":"TX","wildfire_risk_score":73.155,"wildfire_eal_total":139819.64,"risk_band":"Moderate","source":"FEMA National Risk Index v1.20 (December 2025)"},"geometry":{"type":"Polygon","coordinates":[[[-96.918622,31.715582],[-96.719114,31.814887],[-96.496713,31.796191],[-96.236629,31.413392],[-96.322853,31.374067],[-96.31713,31.362007],[-96.319165,31.357129],[-96.596862,31.2209],[-96.932215,31.708887],[-96.918622,31.715582]]]}},{"type":"Feature","properties":{"GEOID":"48191","NAME":"Hall","state":"TX","wildfire_risk_score":74.396,"wildfire_eal_total":149745.96,"risk_band":"Moderate","source":"FEMA National Risk Index v1.20 (December 2025)"},"geometry":{"type":"Polygon","coordinates":[[[-100.945462,34.484497],[-100.944939,34.748281],[-100.415895,34.747525],[-100.417783,34.313524],[-100.946132,34.312759],[-100.945462,34.484497]]]}},{"type":"Feature","properties":{"GEOID":"48305","NAME":"Lynn","state":"TX","wildfire_risk_score":56.838,"wildfire_eal_total":53530.46,"risk_band":"Low","source":"FEMA National Risk Index v1.20 (December 2025)"},"geometry":{"type":"Polygon","coordinates":[[[-102.076034,32.978357],[-102.075929,33.389586],[-101.556884,33.39476],[-101.557434,32.961025],[-102.076214,32.959702],[-102.076034,32.978357]]]}},{"type":"Feature","properties":{"GEOID":"48107","NAME":"Crosby","state":"TX","wildfire_risk_score":61.26,"wildfire_eal_total":51627.75,"risk_band":"Low","source":"FEMA National Risk Index v1.20 (December 2025)"},"geometry":{"type":"Polygon","coordinates":[[[-101.56358,33.830451],[-101.041158,33.833625],[-101.038788,33.397214],[-101.556884,33.39476],[-101.56358,33.830451]]]}},{"type":"Feature","properties":{"GEOID":"48137","NAME":"Edwards","state":"TX","wildfire_risk_score":74.491,"wildfire_eal_total":156880.46,"risk_band":"Moderate","source":"FEMA National Risk Index v1.20 (December 2025)"},"geometry":{"type":"Polygon","coordinates":[[[-100.700393,30.288276],[-99.754142,30.290698],[-99.757621,30.074132],[-99.918029,30.073637],[-99.917482,30.078597],[-99.967626,30.082356],[-99.973046,30.024591],[-99.989672,30.025747],[-100.002302,29.896828],[-100.009015,29.897121],[-100.023615,29.882777],[-100.019556,29.869589],[-100.022165,29.854074],[-100.034827,29.844065],[-100.025542,29.829063],[-100.023648,29.815975],[-100.017075,29.812007],[-100.013291,29.794339],[-100.02869,29.789385],[-100.029317,29.783059],[-100.036084,29.778902],[-100.021997,29.745766],[-100.029605,29.73647],[-100.024717,29.728333],[-100.030416,29.721051],[-100.063741,29.71106],[-100.046268,29.706487],[-100.045791,29.694924],[-100.01716,29.677154],[-100.030451,29.665005],[-100.008436,29.63706],[-100.014188,29.623495],[-100.699932,29.623897],[-100.700393,30.288276]]]}},{"type":"Feature","properties":{"GEOID":"48027","NAME":"Bell","state":"TX","wildfire_risk_score":89.663,"wildfire_eal_total":1413325.87,"risk_band":"High","source":"FEMA National Risk Index v1.20 (December 2025)"},"geometry":{"type":"Polygon","coordinates":[[[-97.913847,31.065882],[-97.418606,31.320202],[-97.343426,31.244215],[-97.278113,31.279799],[-97.070057,30.986031],[-97.258959,30.889579],[-97.315485,30.752363],[-97.624051,30.870004],[-97.8281,30.904414],[-97.862892,30.96481],[-97.911689,31.035009],[-97.913847,31.065882]]]}},{"type":"Feature","properties":{"GEOID":"48021","NAME":"Bastrop","state":"TX","wildfire_risk_score":71.788,"wildfire_eal_total":189146.74,"risk_band":"Moderate","source":"FEMA National Risk Index v1.20 (December 2025)"},"geometry":{"type":"Polygon","coordinates":[[[-97.639208,30.07829],[-97.492482,30.210011],[-97.369491,30.419642],[-97.198914,30.337448],[-97.081834,30.259357],[-97.024461,30.051435],[-97.315823,29.786541],[-97.64937,30.067944],[-97.639208,30.07829]]]}},{"type":"Feature","properties":{"GEOID":"48441","NAME":"Taylor","state":"TX","wildfire_risk_score":89.726,"wildfire_eal_total":1396647.32,"risk_band":"High","source":"FEMA National Risk Index v1.20 (December 2025)"},"geometry":{"type":"Polygon","coordinates":[[[-100.151842,32.090639],[-100.146543,32.522793],[-99.629639,32.520713],[-99.631413,32.081274],[-100.151911,32.082638],[-100.151842,32.090639]]]}},{"type":"Feature","properties":{"GEOID":"48291","NAME":"Liberty","state":"TX","wildfire_risk_score":83.588,"wildfire_eal_total":477428.47,"risk_band":"High","source":"FEMA National Risk Index v1.20 (December 2025)"},"geometry":{"type":"Polygon","coordinates":[[[-95.165897,30.344976],[-94.842621,30.487458],[-94.849414,30.493553],[-94.732732,30.490066],[-94.596338,30.112101],[-94.44491,30.113015],[-94.442235,29.889538],[-94.98146,29.884276],[-94.987917,29.904736],[-94.998745,29.919925],[-94.992688,29.926427],[-94.995112,29.936236],[-94.987911,29.952302],[-94.981175,29.95556],[-94.982095,29.964754],[-94.985911,29.973012],[-94.99542,29.977826],[-94.999834,29.991322],[-95.021908,29.996909],[-95.031179,29.993324],[-95.165897,30.344976]]]}},{"type":"Feature","properties":{"GEOID":"48197","NAME":"Hardeman","state":"TX","wildfire_risk_score":62.023,"wildfire_eal_total":56643.75,"risk_band":"Low","source":"FEMA National Risk Index v1.20 (December 2025)"},"geometry":{"type":"Polygon","coordinates":[[[-99.998006,34.396821],[-99.9975014109467,34.5604238870434],[-99.971555,34.562179],[-99.954567,34.578195],[-99.94572,34.579273],[-99.923211,34.574552],[-99.887147,34.549047],[-99.853066,34.511593],[-99.822281,34.4981],[-99.814313,34.476204],[-99.793684,34.453894],[-99.765599,34.437488],[-99.767234,34.430502],[-99.754248,34.421289],[-99.720259,34.406295],[-99.712682,34.390928],[-99.69497,34.378333],[-99.678283,34.379799],[-99.662705,34.37368],[-99.646511,34.382541],[-99.624197,34.373577],[-99.600026,34.374688],[-99.585442,34.388914],[-99.58448,34.407673],[-99.574367,34.418281],[-99.549242,34.412715],[-99.51428,34.414035],[-99.499875,34.409608],[-99.487219,34.397955],[-99.4750806916433,34.395998351528],[-99.475294,34.085618],[-99.479018,34.075674],[-99.490408,34.065453],[-99.505386,34.077043],[-99.532145,34.074899],[-99.537819,34.063515],[-99.5485,34.055774],[-99.553095,34.061181],[-99.570408,34.061615],[-99.583266,34.078657],[-99.617846,34.083387],[-99.624954,34.096646],[-99.628701,34.092136],[-99.65301,34.098971],[-99.67471,34.088414],[-99.682501,34.094393],[-99.703151,34.093384],[-99.704281,34.09847],[-99.733356,34.093513],[-99.744595,34.101319],[-99.772043,34.093286],[-99.997621,34.224355],[-99.998006,34.396821]]]}},{"type":"Feature","properties":{"GEOID":"48483","NAME":"Wheeler","state":"TX","wildfire_risk_score":94.338,"wildfire_eal_total":2075060.35,"risk_band":"High","source":"FEMA National Risk Index v1.20 (December 2025)"},"geometry":{"type":"Polygon","coordinates":[[[-100.54011,35.561356],[-100.540158,35.619296],[-100.000392,35.619115],[-100.000385,35.182702],[-100.538978,35.183144],[-100.54011,35.561356]]]}},{"type":"Feature","properties":{"GEOID":"48017","NAME":"Bailey","state":"TX","wildfire_risk_score":88.899,"wildfire_eal_total":673055.87,"risk_band":"High","source":"FEMA National Risk Index v1.20 (December 2025)"},"geometry":{"type":"Polygon","coordinates":[[[-103.046907,33.8503],[-103.043978936987,34.312749083575],[-102.61515,34.312891],[-102.615447,33.825121],[-103.047346,33.824675],[-103.046907,33.8503]]]}},{"type":"Feature","properties":{"GEOID":"48439","NAME":"Tarrant","state":"TX","wildfire_risk_score":91.476,"wildfire_eal_total":1714716.53,"risk_band":"High","source":"FEMA National Risk Index v1.20 (December 2025)"},"geometry":{"type":"Polygon","coordinates":[[[-97.550527,32.562576],[-97.544181,32.994177],[-97.031007,32.989691],[-97.038685,32.548666],[-97.550582,32.555391],[-97.550527,32.562576]]]}},{"type":"Feature","properties":{"GEOID":"48485","NAME":"Wichita","state":"TX","wildfire_risk_score":92.589,"wildfire_eal_total":1828116.58,"risk_band":"High","source":"FEMA National Risk Index v1.20 (December 2025)"},"geometry":{"type":"Polygon","coordinates":[[[-98.953134,33.899322],[-98.9523575349127,34.2125787665873],[-98.918333,34.181831],[-98.872922,34.166584],[-98.874872,34.155657],[-98.868116,34.149635],[-98.860125,34.149913],[-98.855585,34.161621],[-98.83668,34.156495],[-98.831115,34.162154],[-98.812954,34.158444],[-98.796203,34.142775],[-98.788405,34.146668],[-98.761797,34.133785],[-98.757037,34.124633],[-98.749291,34.124238],[-98.739461,34.127394],[-98.734287,34.135758],[-98.717537,34.13645],[-98.712467,34.13116],[-98.703047,34.135903],[-98.690595,34.132972],[-98.648073,34.164441],[-98.616733,34.156418],[-98.599789,34.160571],[-98.577136,34.148962],[-98.560191,34.133202],[-98.550522,34.132194],[-98.560574,34.123567],[-98.536257,34.107343],[-98.504149,34.072287],[-98.486328,34.062598],[-98.471465,34.065665],[-98.466002,34.073081],[-98.449034,34.073462],[-98.440092,34.084311],[-98.423533,34.082843],[-98.423003,33.836056],[-98.953202,33.834025],[-98.953134,33.899322]]]}},{"type":"Feature","properties":{"GEOID":"48307","NAME":"McCulloch","state":"TX","wildfire_risk_score":69.338,"wildfire_eal_total":128176.81,"risk_band":"Moderate","source":"FEMA National Risk Index v1.20 (December 2025)"},"geometry":{"type":"Polygon","coordinates":[[[-99.603682,30.980737],[-99.60185,31.49195],[-99.590678,31.488674],[-99.572559,31.49365],[-99.536723,31.483429],[-99.511477,31.424401],[-99.50499,31.438258],[-99.495661,31.444975],[-99.479885,31.434178],[-99.47247,31.421702],[-99.46925,31.430367],[-99.436896,31.446032],[-99.435596,31.44963],[-99.446342,31.450493],[-99.449803,31.45766],[-99.449239,31.470252],[-99.440824,31.475009],[-99.424033,31.463891],[-99.398793,31.460083],[-99.405654,31.448782],[-99.402284,31.446198],[-99.383467,31.443482],[-99.357498,31.431038],[-99.343865,31.443282],[-99.341264,31.431647],[-99.34625,31.421907],[-99.314014,31.409778],[-99.304252,31.42059],[-99.30514,31.430164],[-99.287407,31.42962],[-99.288684,31.444225],[-99.271492,31.446789],[-99.271178,31.456283],[-99.251788,31.476629],[-99.238447,31.483127],[-99.21878,31.475048],[-99.209172,31.465272],[-99.194023,31.473375],[-99.187425,31.468465],[-99.183736,31.453726],[-99.159463,31.468198],[-99.136067,31.465967],[-99.125081,31.456502],[-99.11883,31.461147],[-99.119382,31.467713],[-99.110384,31.466511],[-99.109108,31.455984],[-99.097937,31.448186],[-99.090622,31.460927],[-99.092317,30.941002],[-99.603627,30.940726],[-99.603682,30.980737]]]}},{"type":"Feature","properties":{"GEOID":"48177","NAME":"Gonzales","state":"TX","wildfire_risk_score":73.092,"wildfire_eal_total":140688.52,"risk_band":"Moderate","source":"FEMA National Risk Index v1.20 (December 2025)"},"geometry":{"type":"Polygon","coordinates":[[[-97.840383,29.376791],[-97.633176,29.649863],[-97.629429,29.639783],[-97.617477,29.645105],[-97.618456,29.633809],[-97.60585,29.635093],[-97.603731,29.641786],[-97.597695,29.630745],[-97.317893,29.784658],[-97.130517,29.643296],[-97.142643,29.628101],[-97.204087,29.580613],[-97.202331,29.507527],[-97.240108,29.384488],[-97.613132,29.109765],[-97.858782,29.35289],[-97.840383,29.376791]]]}},{"type":"Feature","properties":{"GEOID":"48221","NAME":"Hood","state":"TX","wildfire_risk_score":91.285,"wildfire_eal_total":1653161.16,"risk_band":"High","source":"FEMA National Risk Index v1.20 (December 2025)"},"geometry":{"type":"Polygon","coordinates":[[[-98.068077,32.523409],[-98.066836,32.558822],[-97.617005,32.555484],[-97.615222,32.318674],[-97.78276,32.316493],[-97.945625,32.233468],[-98.063484,32.499591],[-98.068077,32.523409]]]}},{"type":"Feature","properties":{"GEOID":"48501","NAME":"Yoakum","state":"TX","wildfire_risk_score":86.482,"wildfire_eal_total":477116.69,"risk_band":"High","source":"FEMA National Risk Index v1.20 (December 2025)"},"geometry":{"type":"Polygon","coordinates":[[[-103.064679,32.964373],[-103.056655304753,33.3884164031742],[-102.594836,33.388489],[-102.595023,32.958831],[-103.064657,32.959097],[-103.064679,32.964373]]]}},{"type":"Feature","properties":{"GEOID":"48227","NAME":"Howard","state":"TX","wildfire_risk_score":89.472,"wildfire_eal_total":958870.26,"risk_band":"High","source":"FEMA National Risk Index v1.20 (December 2025)"},"geometry":{"type":"Polygon","coordinates":[[[-101.693448,32.196112],[-101.68874,32.525222],[-101.174571,32.524112],[-101.183997,32.087208],[-101.695011,32.087532],[-101.693448,32.196112]]]}},{"type":"Feature","properties":{"GEOID":"48099","NAME":"Coryell","state":"TX","wildfire_risk_score":83.238,"wildfire_eal_total":576702.4,"risk_band":"High","source":"FEMA National Risk Index v1.20 (December 2025)"},"geometry":{"type":"Polygon","coordinates":[[[-98.155427,31.476288],[-97.689834,31.711019],[-97.418606,31.320202],[-97.9071,31.069374],[-98.180006,31.463717],[-98.155427,31.476288]]]}},{"type":"Feature","properties":{"GEOID":"48451","NAME":"Tom Green","state":"TX","wildfire_risk_score":93.13,"wildfire_eal_total":1900354.73,"risk_band":"High","source":"FEMA National Risk Index v1.20 (December 2025)"},"geometry":{"type":"Polygon","coordinates":[[[-101.26763,31.556462],[-100.865256,31.562294],[-100.861099,31.705418],[-100.82537,31.696155],[-100.235761,31.69297],[-100.233783,31.582196],[-100.111234,31.580267],[-100.115216,31.087994],[-100.688764,31.086576],[-100.693065,31.523954],[-101.267947,31.528688],[-101.26763,31.556462]]]}},{"type":"Feature","properties":{"GEOID":"48149","NAME":"Fayette","state":"TX","wildfire_risk_score":49.714,"wildfire_eal_total":39845.45,"risk_band":"Low","source":"FEMA National Risk Index v1.20 (December 2025)"},"geometry":{"type":"Polygon","coordinates":[[[-97.315823,29.786541],[-97.024461,30.051435],[-97.019163,30.032],[-96.845857,30.116027],[-96.794552,30.160545],[-96.773016,30.149466],[-96.766937,30.138745],[-96.735445,30.147393],[-96.714989,30.144983],[-96.702002,30.157839],[-96.687141,30.16435],[-96.683394,30.151038],[-96.647223,30.145174],[-96.653112,30.12999],[-96.640649,30.120579],[-96.633673,30.106142],[-96.634289,30.075701],[-96.623863,30.066713],[-96.62198,30.044283],[-96.569844,29.961516],[-96.717043,29.792706],[-96.874222,29.632706],[-97.143262,29.628089],[-97.130517,29.643296],[-97.315823,29.786541]]]}},{"type":"Feature","properties":{"GEOID":"48447","NAME":"Throckmorton","state":"TX","wildfire_risk_score":70.802,"wildfire_eal_total":162673.46,"risk_band":"Moderate","source":"FEMA National Risk Index v1.20 (December 2025)"},"geometry":{"type":"Polygon","coordinates":[[[-99.472444,33.399023],[-98.953938,33.397534],[-98.950875,32.956918],[-99.471258,32.957025],[-99.472444,33.399023]]]}},{"type":"Feature","properties":{"GEOID":"48009","NAME":"Archer","state":"TX","wildfire_risk_score":84.351,"wildfire_eal_total":635245.8,"risk_band":"High","source":"FEMA National Risk Index v1.20 (December 2025)"},"geometry":{"type":"Polygon","coordinates":[[[-98.953825,33.49637],[-98.953202,33.834025],[-98.423577,33.836047],[-98.420666,33.396195],[-98.953938,33.397534],[-98.953825,33.49637]]]}},{"type":"Feature","properties":{"GEOID":"48013","NAME":"Atascosa","state":"TX","wildfire_risk_score":74.809,"wildfire_eal_total":166112.7,"risk_band":"Moderate","source":"FEMA National Risk Index v1.20 (December 2025)"},"geometry":{"type":"Polygon","coordinates":[[[-98.804878,29.107015],[-98.804763,29.250693],[-98.407336,29.114435],[-98.098315,28.786949],[-98.335031,28.612658],[-98.335047,28.648275],[-98.800848,28.647306],[-98.804878,29.107015]]]}},{"type":"Feature","properties":{"GEOID":"48143","NAME":"Erath","state":"TX","wildfire_risk_score":95.483,"wildfire_eal_total":3908075.67,"risk_band":"High","source":"FEMA National Risk Index v1.20 (December 2025)"},"geometry":{"type":"Polygon","coordinates":[[[-98.551158,32.261436],[-98.474685,32.299084],[-98.475177,32.513039],[-98.068545,32.511626],[-97.940474,32.221738],[-97.864864,32.087328],[-98.208386,31.917511],[-98.251211,31.980127],[-98.327499,31.941261],[-98.551158,32.261436]]]}},{"type":"Feature","properties":{"GEOID":"48375","NAME":"Potter","state":"TX","wildfire_risk_score":95.134,"wildfire_eal_total":2630532.31,"risk_band":"High","source":"FEMA National Risk Index v1.20 (December 2025)"},"geometry":{"type":"Polygon","coordinates":[[[-102.167122,35.208637],[-102.162752,35.620035],[-101.6228,35.620196],[-101.622941,35.183117],[-102.167471,35.183233],[-102.167122,35.208637]]]}},{"type":"Feature","properties":{"GEOID":"48341","NAME":"Moore","state":"TX","wildfire_risk_score":89.249,"wildfire_eal_total":1109296.88,"risk_band":"High","source":"FEMA National Risk Index v1.20 (December 2025)"},"geometry":{"type":"Polygon","coordinates":[[[-102.163015,36.055249],[-101.623466,36.055405],[-101.6228,35.620196],[-102.162752,35.620035],[-102.163015,36.055249]]]}},{"type":"Feature","properties":{"GEOID":"48233","NAME":"Hutchinson","state":"TX","wildfire_risk_score":94.943,"wildfire_eal_total":2909165.16,"risk_band":"High","source":"FEMA National Risk Index v1.20 (December 2025)"},"geometry":{"type":"Polygon","coordinates":[[[-101.623466,36.055405],[-101.085735,36.055276],[-101.086068,35.625267],[-101.622831,35.624057],[-101.623466,36.055405]]]}},{"type":"Feature","properties":{"GEOID":"48319","NAME":"Mason","state":"TX","wildfire_risk_score":70.134,"wildfire_eal_total":114612.68,"risk_band":"Moderate","source":"FEMA National Risk Index v1.20 (December 2025)"},"geometry":{"type":"Polygon","coordinates":[[[-99.484755,30.940605],[-99.092317,30.941002],[-99.092431,30.921968],[-98.964612,30.921368],[-98.964232,30.498482],[-99.484493,30.499641],[-99.484755,30.940605]]]}},{"type":"Feature","properties":{"GEOID":"48019","NAME":"Bandera","state":"TX","wildfire_risk_score":86.673,"wildfire_eal_total":553775.22,"risk_band":"High","source":"FEMA National Risk Index v1.20 (December 2025)"},"geometry":{"type":"Polygon","coordinates":[[[-99.603318,29.740258],[-99.602776,29.907679],[-99.27864,29.904176],[-99.174858,29.894414],[-98.778782,29.720167],[-98.927161,29.56225],[-98.943561,29.55798],[-98.962501,29.559879],[-98.971383,29.551842],[-98.979342,29.555402],[-98.985944,29.567048],[-98.978871,29.57761],[-98.986713,29.586931],[-98.975697,29.609778],[-98.983787,29.62345],[-99.60313,29.627181],[-99.603318,29.740258]]]}},{"type":"Feature","properties":{"GEOID":"48279","NAME":"Lamb","state":"TX","wildfire_risk_score":85.846,"wildfire_eal_total":518864.54,"risk_band":"High","source":"FEMA National Risk Index v1.20 (December 2025)"},"geometry":{"type":"Polygon","coordinates":[[[-102.615594,33.911472],[-102.61515,34.312891],[-102.090415,34.313132],[-102.085733,33.824675],[-102.615447,33.825121],[-102.615594,33.911472]]]}},{"type":"Feature","properties":{"GEOID":"48175","NAME":"Goliad","state":"TX","wildfire_risk_score":55.725,"wildfire_eal_total":52455.0,"risk_band":"Low","source":"FEMA National Risk Index v1.20 (December 2025)"},"geometry":{"type":"Polygon","coordinates":[[[-97.77853,28.668027],[-97.417162,28.92507],[-97.411133,28.925268],[-97.401719,28.915742],[-97.397133,28.919247],[-97.382417,28.915666],[-97.384011,28.907417],[-97.373456,28.904116],[-97.372229,28.899349],[-97.355404,28.897621],[-97.353057,28.891633],[-97.339985,28.895647],[-97.324436,28.882449],[-97.324978,28.874683],[-97.310821,28.87776],[-97.311695,28.869608],[-97.297746,28.860862],[-97.297695,28.853642],[-97.30488,28.850732],[-97.303059,28.845071],[-97.260264,28.847192],[-97.252292,28.857892],[-97.234987,28.854118],[-97.237282,28.863445],[-97.231971,28.865303],[-97.203514,28.854445],[-97.195431,28.839025],[-97.186665,28.834079],[-97.190544,28.813344],[-97.176325,28.790734],[-97.161635,28.783537],[-97.158933,28.776156],[-97.167859,28.758881],[-97.167836,28.74792],[-97.178246,28.738865],[-97.170695,28.736868],[-97.167731,28.727846],[-97.182359,28.610602],[-97.175071,28.593779],[-97.161982,28.585062],[-97.171237,28.586714],[-97.165935,28.580759],[-97.169963,28.577187],[-97.153588,28.569076],[-97.164214,28.564791],[-97.160201,28.562628],[-97.164311,28.560986],[-97.161563,28.552719],[-97.375579,28.388684],[-97.385869,28.389793],[-97.389772,28.397078],[-97.395778,28.392261],[-97.40137,28.393836],[-97.400463,28.405696],[-97.410237,28.40802],[-97.420547,28.404182],[-97.431104,28.413029],[-97.447238,28.403248],[-97.451158,28.409486],[-97.461324,28.408637],[-97.470239,28.425106],[-97.48521,28.436391],[-97.502049,28.437813],[-97.517853,28.431972],[-97.523879,28.440738],[-97.521886,28.446876],[-97.551369,28.450441],[-97.552516,28.494964],[-97.558608,28.514241],[-97.563024,28.516408],[-97.58627,28.524372],[-97.607438,28.5267],[-97.610401,28.523233],[-97.623081,28.529588],[-97.646595,28.520928],[-97.654859,28.52833],[-97.668139,28.53045],[-97.669397,28.53533],[-97.696572,28.541537],[-97.701626,28.560413],[-97.712653,28.576283],[-97.713048,28.586406],[-97.728882,28.610493],[-97.731603,28.628063],[-97.750483,28.639235],[-97.754593,28.654165],[-97.766641,28.664807],[-97.77853,28.668027]]]}},{"type":"Feature","properties":{"GEOID":"48023","NAME":"Baylor","state":"TX","wildfire_risk_score":64.536,"wildfire_eal_total":74481.44,"risk_band":"Low","source":"FEMA National Risk Index v1.20 (December 2025)"},"geometry":{"type":"Polygon","coordinates":[[[-99.47565,33.834005],[-98.953202,33.834025],[-98.953938,33.397534],[-99.472444,33.399023],[-99.47565,33.834005]]]}},{"type":"Feature","properties":{"GEOID":"48317","NAME":"Martin","state":"TX","wildfire_risk_score":69.879,"wildfire_eal_total":130933.65,"risk_band":"Moderate","source":"FEMA National Risk Index v1.20 (December 2025)"},"geometry":{"type":"Polygon","coordinates":[[[-102.211033,32.177037],[-102.211037,32.523244],[-101.68874,32.525222],[-101.695011,32.087532],[-102.211249,32.0868],[-102.211033,32.177037]]]}},{"type":"Feature","properties":{"GEOID":"48275","NAME":"Knox","state":"TX","wildfire_risk_score":43.67,"wildfire_eal_total":19613.7,"risk_band":"Low","source":"FEMA National Risk Index v1.20 (December 2025)"},"geometry":{"type":"Polygon","coordinates":[[[-99.996434,33.835967],[-99.834925,33.835438],[-99.83262,33.817397],[-99.810356,33.827493],[-99.794851,33.816567],[-99.789842,33.820596],[-99.796916,33.823664],[-99.769689,33.817424],[-99.756663,33.823522],[-99.751657,33.80975],[-99.758657,33.803783],[-99.747257,33.80293],[-99.744217,33.811073],[-99.739169,33.811566],[-99.725026,33.797473],[-99.721017,33.800255],[-99.721371,33.814428],[-99.708365,33.810435],[-99.711605,33.797754],[-99.70001,33.800075],[-99.696873,33.826263],[-99.685332,33.8273],[-99.670823,33.818601],[-99.664479,33.808302],[-99.651684,33.818379],[-99.635786,33.817098],[-99.633121,33.801736],[-99.625003,33.803943],[-99.608947,33.795192],[-99.597677,33.796614],[-99.600081,33.787829],[-99.582085,33.784408],[-99.57758,33.802698],[-99.573422,33.79988],[-99.574476,33.793636],[-99.562914,33.789856],[-99.554906,33.798556],[-99.542625,33.794585],[-99.545144,33.780324],[-99.526809,33.784245],[-99.521862,33.781337],[-99.519773,33.76819],[-99.508988,33.772487],[-99.500616,33.763628],[-99.493386,33.76795],[-99.484463,33.750586],[-99.475738,33.752495],[-99.478334,33.744343],[-99.474498,33.733849],[-99.472444,33.399023],[-99.99098,33.397404],[-99.996434,33.835967]]]}},{"type":"Feature","properties":{"GEOID":"48425","NAME":"Somervell","state":"TX","wildfire_risk_score":81.043,"wildfire_eal_total":677076.08,"risk_band":"Moderate","source":"FEMA National Risk Index v1.20 (December 2025)"},"geometry":{"type":"Polygon","coordinates":[[[-97.945625,32.233468],[-97.78276,32.316493],[-97.61572,32.318617],[-97.615087,32.203491],[-97.630885,32.207403],[-97.864864,32.087328],[-97.945625,32.233468]]]}},{"type":"Feature","properties":{"GEOID":"48163","NAME":"Frio","state":"TX","wildfire_risk_score":75.159,"wildfire_eal_total":150418.56,"risk_band":"Moderate","source":"FEMA National Risk Index v1.20 (December 2025)"},"geometry":{"type":"Polygon","coordinates":[[[-99.41388,29.091335],[-98.8049,29.090434],[-98.800841,28.647487],[-99.409021,28.640566],[-99.41388,29.091335]]]}},{"type":"Feature","properties":{"GEOID":"48313","NAME":"Madison","state":"TX","wildfire_risk_score":47.837,"wildfire_eal_total":34951.5,"risk_band":"Low","source":"FEMA National Risk Index v1.20 (December 2025)"},"geometry":{"type":"Polygon","coordinates":[[[-96.24102,30.973737],[-96.192494,30.991335],[-96.171568,30.99428],[-96.04789,31.068728],[-96.017471,31.070015],[-95.975218,31.091967],[-95.76441,31.094211],[-95.760626,31.088928],[-95.740819,31.090259],[-95.736356,31.083772],[-95.72841,31.087874],[-95.723383,31.079834],[-95.705931,31.078191],[-95.703569,31.082486],[-95.699139,31.076876],[-95.692388,31.08196],[-95.675514,31.075965],[-95.662464,31.083562],[-95.648538,31.070005],[-95.654913,31.067311],[-95.647546,31.055382],[-95.629983,31.05175],[-95.631214,31.037001],[-95.6419,31.041867],[-95.668847,31.026861],[-95.666512,31.019879],[-95.658418,31.01631],[-95.670384,30.993729],[-95.681305,30.987499],[-95.664954,30.970883],[-95.660165,30.957164],[-95.650547,30.947278],[-95.649761,30.935951],[-95.637423,30.926305],[-95.617872,30.930418],[-95.621619,30.924833],[-95.611934,30.918258],[-95.617092,30.91032],[-95.62145,30.913622],[-95.629607,30.908573],[-95.629597,30.900084],[-95.643553,30.900122],[-95.654501,30.89324],[-95.666272,30.905009],[-95.682707,30.906129],[-95.691274,30.901062],[-95.697242,30.907754],[-95.70975,30.906416],[-95.716508,30.911405],[-95.733388,30.900056],[-95.758536,30.899277],[-95.784532,30.879307],[-95.829283,30.862179],[-95.849116,30.86303],[-95.851462,30.867338],[-96.16837,30.822997],[-96.174614,30.82753],[-96.17127,30.82924],[-96.175362,30.831344],[-96.172872,30.848015],[-96.176821,30.857638],[-96.195713,30.871005],[-96.192996,30.881234],[-96.200888,30.887087],[-96.19782,30.888388],[-96.203318,30.901068],[-96.21258,30.904927],[-96.208539,30.920542],[-96.201836,30.925572],[-96.202837,30.933193],[-96.198234,30.931861],[-96.207477,30.947081],[-96.231729,30.954802],[-96.239953,30.964224],[-96.24102,30.973737]]]}},{"type":"Feature","properties":{"GEOID":"48411","NAME":"San Saba","state":"TX","wildfire_risk_score":71.469,"wildfire_eal_total":165605.28,"risk_band":"Moderate","source":"FEMA National Risk Index v1.20 (December 2025)"},"geometry":{"type":"Polygon","coordinates":[[[-99.092317,30.941002],[-99.090622,31.460927],[-99.085808,31.455891],[-99.072618,31.467078],[-99.062995,31.462722],[-99.06228,31.470712],[-99.041741,31.490302],[-99.019011,31.469599],[-99.010644,31.471246],[-99.006103,31.480274],[-98.987428,31.482076],[-98.995029,31.466674],[-98.965018,31.453298],[-98.966878,31.435548],[-98.952985,31.447309],[-98.95336,31.454688],[-98.942737,31.458629],[-98.93591,31.455931],[-98.933188,31.436928],[-98.925192,31.433988],[-98.895846,31.433567],[-98.885453,31.442914],[-98.8725,31.444299],[-98.859294,31.434958],[-98.852463,31.420408],[-98.8549,31.414169],[-98.84712,31.410676],[-98.829935,31.410331],[-98.816021,31.417075],[-98.813559,31.404717],[-98.775969,31.413564],[-98.773228,31.406884],[-98.77878,31.377672],[-98.771696,31.380794],[-98.767514,31.375993],[-98.759825,31.37794],[-98.751406,31.387605],[-98.755672,31.400444],[-98.742271,31.405273],[-98.736783,31.417127],[-98.742815,31.428135],[-98.728395,31.429063],[-98.724031,31.425114],[-98.728846,31.41187],[-98.723839,31.40727],[-98.695644,31.405803],[-98.693028,31.38743],[-98.704348,31.380186],[-98.703054,31.360983],[-98.712542,31.355562],[-98.712352,31.347157],[-98.706372,31.346797],[-98.702695,31.339148],[-98.682773,31.346157],[-98.670865,31.353886],[-98.667675,31.363083],[-98.653977,31.370088],[-98.650119,31.366875],[-98.654614,31.358493],[-98.646076,31.359707],[-98.636375,31.352912],[-98.646969,31.340685],[-98.639668,31.33281],[-98.648531,31.323469],[-98.647633,31.31486],[-98.629946,31.326021],[-98.618097,31.322728],[-98.630926,31.315345],[-98.630771,31.310163],[-98.606849,31.312149],[-98.594411,31.326354],[-98.587268,31.325463],[-98.586656,31.319429],[-98.596281,31.305833],[-98.598539,31.286581],[-98.613815,31.281595],[-98.622135,31.285088],[-98.628369,31.274251],[-98.595651,31.253059],[-98.592897,31.265924],[-98.57981,31.265386],[-98.562963,31.235781],[-98.568217,31.197825],[-98.556339,31.191988],[-98.54392,31.19467],[-98.538386,31.191303],[-98.53553,31.18584],[-98.544691,31.178647],[-98.542016,31.174496],[-98.53015,31.17363],[-98.519688,31.164958],[-98.50438,31.16645],[-98.51127,31.15515],[-98.526728,31.155819],[-98.52765,31.13772],[-98.547715,31.128363],[-98.527102,31.090675],[-98.51829,31.0927],[-98.49893,31.11854],[-98.487414,31.114211],[-98.480771,31.119217],[-98.470024,31.106888],[-98.455598,31.110905],[-98.470531,31.094441],[-98.45742,31.08825],[-98.456419,31.078699],[-98.472994,31.075926],[-98.48404,31.06301],[-98.47405,31.05229],[-98.44863,31.04215],[-98.439711,31.029647],[-98.442327,31.020476],[-98.459241,31.010378],[-98.441874,30.984324],[-98.452897,30.968727],[-98.447098,30.951755],[-98.424688,30.948376],[-98.414508,30.94211],[-98.419606,30.925352],[-98.440202,30.92652],[-98.445782,30.921439],[-98.750312,30.920343],[-99.092431,30.921968],[-99.092317,30.941002]]]}},{"type":"Feature","properties":{"GEOID":"48263","NAME":"Kent","state":"TX","wildfire_risk_score":66.508,"wildfire_eal_total":129650.97,"risk_band":"Low","source":"FEMA National Risk Index v1.20 (December 2025)"},"geometry":{"type":"Polygon","coordinates":[[[-101.038883,33.305705],[-101.038788,33.397214],[-100.517449,33.397866],[-100.519208,32.962926],[-100.990181,32.965023],[-101.03866,32.970225],[-101.038883,33.305705]]]}},{"type":"Feature","properties":{"GEOID":"48075","NAME":"Childress","state":"TX","wildfire_risk_score":64.726,"wildfire_eal_total":104456.62,"risk_band":"Low","source":"FEMA National Risk Index v1.20 (December 2025)"},"geometry":{"type":"Polygon","coordinates":[[[-100.416839,34.42457],[-100.415895,34.747525],[-100.000381,34.746358],[-99.99772,34.311829],[-100.417783,34.313524],[-100.416839,34.42457]]]}},{"type":"Feature","properties":{"GEOID":"48433","NAME":"Stonewall","state":"TX","wildfire_risk_score":66.031,"wildfire_eal_total":93398.8,"risk_band":"Low","source":"FEMA National Risk Index v1.20 (December 2025)"},"geometry":{"type":"Polygon","coordinates":[[[-100.518975,32.993622],[-100.517449,33.397866],[-99.99098,33.397404],[-99.988827,32.960121],[-100.519208,32.962926],[-100.518975,32.993622]]]}},{"type":"Feature","properties":{"GEOID":"48109","NAME":"Culberson","state":"TX","wildfire_risk_score":67.239,"wildfire_eal_total":76291.77,"risk_band":"Low","source":"FEMA National Risk Index v1.20 (December 2025)"},"geometry":{"type":"Polygon","coordinates":[[[-104.917661,31.885192],[-104.918359749142,32.000415489556],[-104.024521,32.00001],[-104.102351,31.105203],[-104.917163,30.663626],[-104.916396,30.835979],[-104.907592,30.835919],[-104.907389,30.941016],[-104.917661,31.885192]]]}},{"type":"Feature","properties":{"GEOID":"48413","NAME":"Schleicher","state":"TX","wildfire_risk_score":80.216,"wildfire_eal_total":353221.65,"risk_band":"Moderate","source":"FEMA National Risk Index v1.20 (December 2025)"},"geometry":{"type":"Polygon","coordinates":[[[-100.962176,31.08249],[-100.115216,31.087994],[-100.116234,30.710366],[-100.960587,30.706071],[-100.962176,31.08249]]]}},{"type":"Feature","properties":{"GEOID":"48011","NAME":"Armstrong","state":"TX","wildfire_risk_score":74.427,"wildfire_eal_total":218664.23,"risk_band":"Moderate","source":"FEMA National Risk Index v1.20 (December 2025)"},"geometry":{"type":"Polygon","coordinates":[[[-101.629396,34.750056],[-101.622941,35.183117],[-101.086281,35.18214],[-101.090749,34.748246],[-101.629396,34.750056]]]}},{"type":"Feature","properties":{"GEOID":"48095","NAME":"Concho","state":"TX","wildfire_risk_score":62.405,"wildfire_eal_total":81997.49,"risk_band":"Low","source":"FEMA National Risk Index v1.20 (December 2025)"},"geometry":{"type":"Polygon","coordinates":[[[-100.113814,31.23841],[-100.111234,31.580267],[-99.721698,31.576759],[-99.722063,31.562761],[-99.714746,31.560307],[-99.710518,31.561454],[-99.710307,31.575982],[-99.70573,31.576899],[-99.695637,31.56755],[-99.690953,31.554054],[-99.676849,31.556529],[-99.671658,31.553136],[-99.673186,31.547104],[-99.692985,31.538242],[-99.693145,31.534094],[-99.658791,31.534779],[-99.652559,31.527467],[-99.67816,31.498543],[-99.65265,31.496475],[-99.626217,31.467525],[-99.611998,31.470037],[-99.607901,31.479109],[-99.623971,31.492038],[-99.621782,31.501326],[-99.61429,31.501564],[-99.60185,31.49195],[-99.603223,31.087296],[-100.115216,31.087994],[-100.113814,31.23841]]]}},{"type":"Feature","properties":{"GEOID":"48421","NAME":"Sherman","state":"TX","wildfire_risk_score":65.204,"wildfire_eal_total":131634.19,"risk_band":"Low","source":"FEMA National Risk Index v1.20 (December 2025)"},"geometry":{"type":"Polygon","coordinates":[[[-102.162771,36.497902],[-101.623915,36.499528],[-101.623466,36.055405],[-102.163015,36.055249],[-102.162771,36.497902]]]}},{"type":"Feature","properties":{"GEOID":"48365","NAME":"Panola","state":"TX","wildfire_risk_score":72.106,"wildfire_eal_total":143236.82,"risk_band":"Moderate","source":"FEMA National Risk Index v1.20 (December 2025)"},"geometry":{"type":"Polygon","coordinates":[[[-94.601853,32.070107],[-94.580747,32.159269],[-94.580256,32.202545],[-94.556223,32.250158],[-94.526126,32.279126],[-94.520699,32.303625],[-94.493361,32.356492],[-94.491818,32.394137],[-94.479877,32.390598],[-94.473913,32.3806],[-94.476593,32.378541],[-94.464068,32.376851],[-94.456556,32.369264],[-94.446776,32.372144],[-94.440545,32.3621],[-94.429381,32.36264],[-94.421993,32.369542],[-94.419489,32.364813],[-94.409125,32.36738],[-94.411374,32.371265],[-94.384578,32.366803],[-94.379686,32.348002],[-94.382909,32.345733],[-94.372119,32.341088],[-94.367808,32.346302],[-94.35064,32.326583],[-94.348693,32.332323],[-94.042901,32.392283],[-94.04272,31.999265],[-94.041833,31.992402],[-94.029283,31.995865],[-94.017265,31.989343],[-94.01563,31.979856],[-94.599978,31.973193],[-94.601853,32.070107]]]}},{"type":"Feature","properties":{"GEOID":"48265","NAME":"Kerr","state":"TX","wildfire_risk_score":84.447,"wildfire_eal_total":450250.5,"risk_band":"High","source":"FEMA National Risk Index v1.20 (December 2025)"},"geometry":{"type":"Polygon","coordinates":[[[-99.754142,30.290698],[-99.301718,30.286653],[-99.300988,30.134298],[-98.920147,30.13829],[-98.917725,29.781398],[-99.176988,29.895063],[-99.27864,29.904176],[-99.691215,29.908582],[-99.689879,30.073948],[-99.757621,30.074132],[-99.754142,30.290698]]]}},{"type":"Feature","properties":{"GEOID":"48251","NAME":"Johnson","state":"TX","wildfire_risk_score":94.37,"wildfire_eal_total":3406298.13,"risk_band":"High","source":"FEMA National Risk Index v1.20 (December 2025)"},"geometry":{"type":"Polygon","coordinates":[[[-97.617053,32.471091],[-97.617005,32.555484],[-97.087055,32.549296],[-97.08705,32.265255],[-97.475985,32.181679],[-97.471811,32.17552],[-97.512139,32.161415],[-97.508158,32.138438],[-97.512488,32.134219],[-97.55455,32.149569],[-97.568318,32.150244],[-97.570682,32.153858],[-97.564644,32.161676],[-97.56917,32.177562],[-97.575947,32.181024],[-97.592931,32.174374],[-97.60168,32.17567],[-97.5909,32.18615],[-97.590189,32.19511],[-97.59826,32.20393],[-97.615087,32.203491],[-97.617053,32.471091]]]}},{"type":"Feature","properties":{"GEOID":"48035","NAME":"Bosque","state":"TX","wildfire_risk_score":84.828,"wildfire_eal_total":531373.31,"risk_band":"High","source":"FEMA National Risk Index v1.20 (December 2025)"},"geometry":{"type":"Polygon","coordinates":[[[-98.000683,32.020279],[-97.630885,32.207403],[-97.595152,32.202341],[-97.58989,32.18848],[-97.60168,32.17567],[-97.573395,32.180315],[-97.564644,32.161676],[-97.569677,32.151285],[-97.552025,32.148742],[-97.521813,32.13476],[-97.508158,32.138438],[-97.513768,32.155614],[-97.510495,32.162783],[-97.49448,32.164628],[-97.483387,32.172432],[-97.462487,32.172463],[-97.456462,32.164358],[-97.468134,32.14949],[-97.494914,32.139083],[-97.497086,32.134345],[-97.469933,32.091648],[-97.492092,32.059723],[-97.485668,32.04292],[-97.485968,32.017611],[-97.474942,32.010081],[-97.44769,32.012499],[-97.426387,32.028557],[-97.421818,32.004826],[-97.405897,31.987877],[-97.378754,31.982624],[-97.377216,31.97727],[-97.38408,31.969001],[-97.427001,31.942628],[-97.439471,31.929775],[-97.422731,31.923182],[-97.412483,31.909844],[-97.398334,31.909806],[-97.360312,31.890669],[-97.366204,31.884929],[-97.38182,31.884255],[-97.385489,31.878602],[-97.382848,31.870788],[-97.352368,31.859935],[-97.329135,31.841875],[-97.303743,31.84839],[-97.279529,31.841271],[-97.276998,31.830761],[-97.282026,31.823331],[-97.32653,31.78836],[-97.310335,31.761552],[-97.277265,31.745492],[-97.60523,31.587762],[-97.689834,31.711019],[-97.766431,31.672461],[-98.005462,32.017897],[-98.000683,32.020279]]]}},{"type":"Feature","properties":{"GEOID":"48081","NAME":"Coke","state":"TX","wildfire_risk_score":83.333,"wildfire_eal_total":508372.46,"risk_band":"High","source":"FEMA National Risk Index v1.20 (December 2025)"},"geometry":{"type":"Polygon","coordinates":[[[-100.824151,31.812061],[-100.821594,32.08661],[-100.235137,32.082372],[-100.235761,31.69297],[-100.82537,31.696155],[-100.824151,31.812061]]]}},{"type":"Feature","properties":{"GEOID":"48217","NAME":"Hill","state":"TX","wildfire_risk_score":82.188,"wildfire_eal_total":401432.89,"risk_band":"Moderate","source":"FEMA National Risk Index v1.20 (December 2025)"},"geometry":{"type":"Polygon","coordinates":[[[-97.497086,32.134345],[-97.494914,32.139083],[-97.469212,32.148305],[-97.456462,32.164358],[-97.462487,32.172463],[-97.476086,32.17346],[-97.471811,32.17552],[-97.475985,32.181679],[-97.087043,32.266824],[-96.940656,32.052087],[-96.896209,32.073977],[-96.719114,31.814887],[-96.932215,31.708887],[-97.037266,31.863079],[-97.277265,31.745492],[-97.310335,31.761552],[-97.32653,31.78836],[-97.282026,31.823331],[-97.276998,31.830761],[-97.279529,31.841271],[-97.303743,31.84839],[-97.329135,31.841875],[-97.352368,31.859935],[-97.382848,31.870788],[-97.385489,31.878602],[-97.38182,31.884255],[-97.366204,31.884929],[-97.360312,31.890669],[-97.398334,31.909806],[-97.412483,31.909844],[-97.422731,31.923182],[-97.439471,31.929775],[-97.427001,31.942628],[-97.38408,31.969001],[-97.377758,31.98048],[-97.381302,31.985596],[-97.405897,31.987877],[-97.421818,32.004826],[-97.426387,32.028557],[-97.44769,32.012499],[-97.474942,32.010081],[-97.485968,32.017611],[-97.485668,32.04292],[-97.492092,32.059723],[-97.469933,32.091648],[-97.497086,32.134345]]]}},{"type":"Feature","properties":{"GEOID":"48363","NAME":"Palo Pinto","state":"TX","wildfire_risk_score":90.267,"wildfire_eal_total":1147836.92,"risk_band":"High","source":"FEMA National Risk Index v1.20 (December 2025)"},"geometry":{"type":"Polygon","coordinates":[[[-98.576131,32.572477],[-98.575616,32.954349],[-98.427211,32.9523],[-98.426553,33.007913],[-98.056094,33.003332],[-98.068545,32.511626],[-98.576256,32.515163],[-98.576131,32.572477]]]}},{"type":"Feature","properties":{"GEOID":"48335","NAME":"Mitchell","state":"TX","wildfire_risk_score":83.969,"wildfire_eal_total":507954.24,"risk_band":"High","source":"FEMA National Risk Index v1.20 (December 2025)"},"geometry":{"type":"Polygon","coordinates":[[[-101.181821,32.18688],[-101.174562,32.527703],[-100.660626,32.525312],[-100.665353,32.085407],[-101.183997,32.087208],[-101.181821,32.18688]]]}},{"type":"Feature","properties":{"GEOID":"48189","NAME":"Hale","state":"TX","wildfire_risk_score":77.672,"wildfire_eal_total":254592.99,"risk_band":"Moderate","source":"FEMA National Risk Index v1.20 (December 2025)"},"geometry":{"type":"Polygon","coordinates":[[[-102.090415,34.313132],[-101.564856,34.312493],[-101.56358,33.830451],[-102.085733,33.824675],[-102.090415,34.313132]]]}},{"type":"Feature","properties":{"GEOID":"48159","NAME":"Franklin","state":"TX","wildfire_risk_score":58.842,"wildfire_eal_total":63009.94,"risk_band":"Low","source":"FEMA National Risk Index v1.20 (December 2025)"},"geometry":{"type":"Polygon","coordinates":[[[-95.308718,32.994562],[-95.308593,33.37719],[-95.299116,33.382738],[-95.289818,33.375587],[-95.272584,33.373395],[-95.271376,33.376643],[-95.260962,33.366934],[-95.257248,33.370527],[-95.24225,33.367936],[-95.233709,33.373627],[-95.228175,33.370666],[-95.229651,33.375557],[-95.220252,33.375611],[-95.223011,33.378152],[-95.201067,33.38095],[-95.194462,33.378112],[-95.198833,33.374681],[-95.1907,33.374021],[-95.185973,33.375799],[-95.188485,33.378959],[-95.18308,33.37722],[-95.18005,33.381707],[-95.177006,33.377798],[-95.165583,33.385506],[-95.158105,33.383124],[-95.162282,33.380102],[-95.156004,33.380077],[-95.142928,33.38328],[-95.145983,33.388044],[-95.140061,33.385317],[-95.125451,33.389454],[-95.12613,33.034581],[-95.137213,33.030938],[-95.15365,33.012448],[-95.152138,33.002735],[-95.162681,32.9927],[-95.16254,32.98019],[-95.173933,32.969184],[-95.172947,32.961829],[-95.308957,32.962572],[-95.308718,32.994562]]]}},{"type":"Feature","properties":{"GEOID":"48101","NAME":"Cottle","state":"TX","wildfire_risk_score":62.882,"wildfire_eal_total":60473.07,"risk_band":"Low","source":"FEMA National Risk Index v1.20 (December 2025)"},"geometry":{"type":"Polygon","coordinates":[[[-100.518088,34.003886],[-100.51734,34.314102],[-99.99772,34.311829],[-99.997621,34.224355],[-100.006052,34.225668],[-100.009793,34.241955],[-100.037843,34.238412],[-100.043168,34.227786],[-100.047028,34.22978],[-100.04848,33.835974],[-100.518691,33.83565],[-100.518088,34.003886]]]}},{"type":"Feature","properties":{"GEOID":"48171","NAME":"Gillespie","state":"TX","wildfire_risk_score":84.001,"wildfire_eal_total":547950.26,"risk_band":"High","source":"FEMA National Risk Index v1.20 (December 2025)"},"geometry":{"type":"Polygon","coordinates":[[[-99.303996,30.499832],[-98.59167,30.499875],[-98.587897,30.138954],[-99.300988,30.134298],[-99.303996,30.499832]]]}},{"type":"Feature","properties":{"GEOID":"48093","NAME":"Comanche","state":"TX","wildfire_risk_score":92.144,"wildfire_eal_total":1277785.76,"risk_band":"High","source":"FEMA National Risk Index v1.20 (December 2025)"},"geometry":{"type":"Polygon","coordinates":[[[-98.924401,32.078018],[-98.660238,32.204451],[-98.551158,32.261436],[-98.327499,31.941261],[-98.251211,31.980127],[-98.156568,31.841713],[-98.463736,31.683989],[-98.492802,31.723608],[-98.668441,31.700514],[-98.924401,32.078018]]]}},{"type":"Feature","properties":{"GEOID":"48049","NAME":"Brown","state":"TX","wildfire_risk_score":86.164,"wildfire_eal_total":620376.47,"risk_band":"High","source":"FEMA National Risk Index v1.20 (December 2025)"},"geometry":{"type":"Polygon","coordinates":[[[-99.203411,31.758221],[-99.195871,32.079235],[-98.924401,32.078018],[-98.668441,31.700514],[-98.759983,31.687906],[-98.779951,31.610735],[-98.942888,31.512057],[-98.991608,31.484071],[-99.006103,31.480274],[-99.010644,31.471246],[-99.019011,31.469599],[-99.041741,31.490302],[-99.06228,31.470712],[-99.062995,31.462722],[-99.072618,31.467078],[-99.085808,31.455891],[-99.090622,31.460927],[-99.096947,31.455555],[-99.095564,31.448469],[-99.107851,31.454499],[-99.108124,31.465055],[-99.11615,31.46824],[-99.124012,31.456604],[-99.136067,31.465967],[-99.159463,31.468198],[-99.183736,31.453726],[-99.188558,31.470337],[-99.195637,31.473549],[-99.202768,31.467234],[-99.203411,31.758221]]]}},{"type":"Feature","properties":{"GEOID":"48267","NAME":"Kimble","state":"TX","wildfire_risk_score":75.827,"wildfire_eal_total":171430.65,"risk_band":"Moderate","source":"FEMA National Risk Index v1.20 (December 2025)"},"geometry":{"type":"Polygon","coordinates":[[[-100.116533,30.500522],[-100.116234,30.710366],[-99.483869,30.710771],[-99.484493,30.499641],[-99.303996,30.499832],[-99.301718,30.286653],[-100.116461,30.290296],[-100.116533,30.500522]]]}},{"type":"Feature","properties":{"GEOID":"48429","NAME":"Stephens","state":"TX","wildfire_risk_score":76.018,"wildfire_eal_total":288141.52,"risk_band":"Moderate","source":"FEMA National Risk Index v1.20 (December 2025)"},"geometry":{"type":"Polygon","coordinates":[[[-99.096016,32.63218],[-99.096016,32.957037],[-98.575616,32.954349],[-98.576256,32.515163],[-99.09605,32.514768],[-99.096016,32.63218]]]}},{"type":"Feature","properties":{"GEOID":"48235","NAME":"Irion","state":"TX","wildfire_risk_score":83.079,"wildfire_eal_total":439858.77,"risk_band":"High","source":"FEMA National Risk Index v1.20 (December 2025)"},"geometry":{"type":"Polygon","coordinates":[[[-101.271888,31.294032],[-101.267947,31.528688],[-100.693065,31.523954],[-100.688764,31.086576],[-101.274799,31.079379],[-101.271888,31.294032]]]}},{"type":"Feature","properties":{"GEOID":"48065","NAME":"Carson","state":"TX","wildfire_risk_score":86.864,"wildfire_eal_total":1146954.17,"risk_band":"High","source":"FEMA National Risk Index v1.20 (December 2025)"},"geometry":{"type":"Polygon","coordinates":[[[-101.622831,35.261535],[-101.622831,35.624057],[-101.086068,35.625267],[-101.086281,35.18214],[-101.622941,35.183117],[-101.622831,35.261535]]]}},{"type":"Feature","properties":{"GEOID":"48129","NAME":"Donley","state":"TX","wildfire_risk_score":84.51,"wildfire_eal_total":501187.65,"risk_band":"High","source":"FEMA National Risk Index v1.20 (December 2025)"},"geometry":{"type":"Polygon","coordinates":[[[-101.090753,34.749809],[-101.086281,35.18214],[-100.538978,35.183144],[-100.540703,34.747723],[-101.090753,34.749809]]]}},{"type":"Feature","properties":{"GEOID":"48181","NAME":"Grayson","state":"TX","wildfire_risk_score":86.037,"wildfire_eal_total":774882.84,"risk_band":"High","source":"FEMA National Risk Index v1.20 (December 2025)"},"geometry":{"type":"Polygon","coordinates":[[[-96.944611,33.949217],[-96.922114,33.959579],[-96.907387,33.950025],[-96.899442,33.933728],[-96.895728,33.896414],[-96.88301,33.868019],[-96.85609,33.84749],[-96.841592,33.852894],[-96.839778,33.868396],[-96.832157,33.874835],[-96.783485,33.863534],[-96.766235,33.825458],[-96.708134,33.83306],[-96.688191,33.854613],[-96.675306,33.909114],[-96.667187,33.91694],[-96.659896,33.916666],[-96.628294,33.894477],[-96.592948,33.895616],[-96.585452,33.891281],[-96.590112,33.880665],[-96.61197,33.869016],[-96.628969,33.852407],[-96.62929,33.845488],[-96.623155,33.841483],[-96.572937,33.819098],[-96.526655,33.820891],[-96.516584,33.803168],[-96.515912,33.787795],[-96.500268,33.772583],[-96.459154,33.775232],[-96.448045,33.781031],[-96.422643,33.776041],[-96.408469,33.751192],[-96.3794039922769,33.7258163072446],[-96.384602,33.397826],[-96.841171,33.405589],[-96.841098,33.413377],[-96.94386,33.41641],[-96.944611,33.949217]]]}},{"type":"Feature","properties":{"GEOID":"48493","NAME":"Wilson","state":"TX","wildfire_risk_score":71.66,"wildfire_eal_total":180453.58,"risk_band":"Moderate","source":"FEMA National Risk Index v1.20 (December 2025)"},"geometry":{"type":"Polygon","coordinates":[[[-98.407336,29.114435],[-98.134171,29.441751],[-98.131718,29.433019],[-98.136578,29.429869],[-98.127043,29.401109],[-98.130495,29.397982],[-98.11307,29.36533],[-98.084684,29.379594],[-97.840383,29.376791],[-97.858782,29.35289],[-97.728443,29.221748],[-98.190991,28.882333],[-98.407336,29.114435]]]}},{"type":"Feature","properties":{"GEOID":"48253","NAME":"Jones","state":"TX","wildfire_risk_score":85.401,"wildfire_eal_total":532784.16,"risk_band":"High","source":"FEMA National Risk Index v1.20 (December 2025)"},"geometry":{"type":"Polygon","coordinates":[[[-100.146071,32.601172],[-100.144224,32.959978],[-99.612001,32.956962],[-99.612026,32.514654],[-99.629579,32.514657],[-99.629639,32.520713],[-100.146543,32.522793],[-100.146071,32.601172]]]}},{"type":"Feature","properties":{"GEOID":"48417","NAME":"Shackelford","state":"TX","wildfire_risk_score":75.859,"wildfire_eal_total":412537.51,"risk_band":"Moderate","source":"FEMA National Risk Index v1.20 (December 2025)"},"geometry":{"type":"Polygon","coordinates":[[[-99.612129,32.93074],[-99.612001,32.956962],[-99.096016,32.957037],[-99.09605,32.514768],[-99.612026,32.514654],[-99.612129,32.93074]]]}},{"type":"Feature","properties":{"GEOID":"48385","NAME":"Real","state":"TX","wildfire_risk_score":72.137,"wildfire_eal_total":117722.52,"risk_band":"Moderate","source":"FEMA National Risk Index v1.20 (December 2025)"},"geometry":{"type":"Polygon","coordinates":[[[-100.063741,29.71106],[-100.030416,29.721051],[-100.024717,29.728333],[-100.029605,29.73647],[-100.021997,29.745766],[-100.036084,29.778902],[-100.029317,29.783059],[-100.02869,29.789385],[-100.013291,29.794339],[-100.017075,29.812007],[-100.023648,29.815975],[-100.025542,29.829063],[-100.034827,29.844065],[-100.022165,29.854074],[-100.019556,29.869589],[-100.023615,29.882777],[-100.009015,29.897121],[-100.002302,29.896828],[-99.989672,30.025747],[-99.973046,30.024591],[-99.967626,30.082356],[-99.917482,30.078597],[-99.918029,30.073637],[-99.689879,30.073948],[-99.691215,29.908582],[-99.602776,29.907679],[-99.60313,29.627181],[-100.014188,29.623495],[-100.008436,29.63706],[-100.030451,29.665005],[-100.01716,29.677154],[-100.045791,29.694924],[-100.046268,29.706487],[-100.063741,29.71106]]]}},{"type":"Feature","properties":{"GEOID":"48255","NAME":"Karnes","state":"TX","wildfire_risk_score":59.16,"wildfire_eal_total":46998.25,"risk_band":"Low","source":"FEMA National Risk Index v1.20 (December 2025)"},"geometry":{"type":"Polygon","coordinates":[[[-98.190991,28.882333],[-97.728443,29.221748],[-97.613132,29.109765],[-97.75511,29.007113],[-97.574639,28.8133],[-97.77853,28.668027],[-97.791889,28.67695],[-97.825312,28.670341],[-97.830111,28.678079],[-97.834228,28.675773],[-97.835415,28.680152],[-97.858368,28.684344],[-97.89334,28.699968],[-97.891815,28.703097],[-97.902196,28.71301],[-97.915106,28.719648],[-98.005252,28.690239],[-98.190991,28.882333]]]}},{"type":"Feature","properties":{"GEOID":"48505","NAME":"Zapata","state":"TX","wildfire_risk_score":70.865,"wildfire_eal_total":98888.33,"risk_band":"Moderate","source":"FEMA National Risk Index v1.20 (December 2025)"},"geometry":{"type":"Polygon","coordinates":[[[-99.4537956917325,27.2650556463416],[-99.370621,27.319174],[-99.33361,27.273223],[-98.954669,27.269397],[-98.95423,26.785694],[-99.011112,26.675023],[-99.1694639664008,26.571673559574],[-99.178064,26.620547],[-99.200522,26.656443],[-99.209948,26.693938],[-99.208907,26.724761],[-99.240023,26.745851],[-99.242444,26.788262],[-99.262208,26.815668],[-99.268613,26.843213],[-99.280471,26.858053],[-99.295146,26.86544],[-99.316753,26.865831],[-99.328619,26.878592],[-99.321819,26.906846],[-99.324684,26.915973],[-99.373112,26.931164],[-99.388253,26.944217],[-99.393112,26.964029],[-99.377312,26.973819],[-99.378435,26.980034],[-99.387367,26.982399],[-99.403694,26.997356],[-99.415476,27.01724],[-99.432155,27.010699],[-99.444932,27.020419],[-99.443973,27.036458],[-99.452316,27.062669],[-99.43447,27.078517],[-99.429209,27.090982],[-99.442123,27.106839],[-99.430581,27.126612],[-99.431355,27.13758],[-99.439971,27.151072],[-99.429984,27.159149],[-99.426348,27.176262],[-99.43328,27.211294],[-99.445238,27.223341],[-99.441549,27.24992],[-99.4537956917325,27.2650556463416]]]}},{"type":"Feature","properties":{"GEOID":"48357","NAME":"Ochiltree","state":"TX","wildfire_risk_score":76.24,"wildfire_eal_total":380630.84,"risk_band":"Moderate","source":"FEMA National Risk Index v1.20 (December 2025)"},"geometry":{"type":"Polygon","coordinates":[[[-101.085628,36.243061],[-101.085156,36.499244],[-100.546145,36.499343],[-100.546724,36.056536],[-101.085716,36.057572],[-101.085628,36.243061]]]}},{"type":"Feature","properties":{"GEOID":"48097","NAME":"Cooke","state":"TX","wildfire_risk_score":91.508,"wildfire_eal_total":1515835.08,"risk_band":"High","source":"FEMA National Risk Index v1.20 (December 2025)"},"geometry":{"type":"Polygon","coordinates":[[[-97.486972,33.448187],[-97.48403724377,33.9157618691195],[-97.460376,33.903948],[-97.450954,33.891398],[-97.451469,33.87093],[-97.462857,33.841772],[-97.459068,33.834581],[-97.444193,33.823773],[-97.410387,33.818845],[-97.372941,33.819454],[-97.365507,33.823763],[-97.348338,33.843876],[-97.332457,33.884253],[-97.325812,33.883888],[-97.32345,33.87846],[-97.334616,33.857231],[-97.328729,33.855434],[-97.314413,33.866989],[-97.310143,33.888532],[-97.275348,33.863225],[-97.275607,33.858168],[-97.270314,33.858221],[-97.254235,33.865323],[-97.242092,33.906277],[-97.226522,33.914642],[-97.206141,33.91428],[-97.180845,33.895204],[-97.166629,33.847311],[-97.171627,33.835335],[-97.19369,33.831307],[-97.203514,33.821825],[-97.205705,33.802908],[-97.187724,33.769831],[-97.192817,33.761169],[-97.181843,33.75587],[-97.163149,33.729322],[-97.149394,33.721967],[-97.121102,33.717174],[-97.097154,33.727809],[-97.086195,33.743933],[-97.085218,33.765512],[-97.095236,33.794136],[-97.092112,33.804097],[-97.07859,33.812756],[-97.048146,33.817456],[-97.053024,33.833884],[-97.087731,33.841956],[-97.087247,33.853448],[-97.068071,33.860465],[-97.059826,33.858404],[-97.041245,33.837761],[-97.021438,33.846379],[-96.983835,33.890949],[-96.995023,33.932035],[-96.994288,33.949206],[-96.979415,33.956178],[-96.979818,33.941588],[-96.973807,33.935697],[-96.944611,33.949217],[-96.94386,33.41641],[-97.487065,33.433681],[-97.486972,33.448187]]]}},{"type":"Feature","properties":{"GEOID":"48115","NAME":"Dawson","state":"TX","wildfire_risk_score":56.966,"wildfire_eal_total":48435.65,"risk_band":"Low","source":"FEMA National Risk Index v1.20 (December 2025)"},"geometry":{"type":"Polygon","coordinates":[[[-102.20852,32.958956],[-101.691284,32.961838],[-101.68874,32.525222],[-102.202703,32.523271],[-102.20852,32.958956]]]}},{"type":"Feature","properties":{"GEOID":"48381","NAME":"Randall","state":"TX","wildfire_risk_score":95.865,"wildfire_eal_total":4989998.89,"risk_band":"High","source":"FEMA National Risk Index v1.20 (December 2025)"},"geometry":{"type":"Polygon","coordinates":[[[-102.168674,34.790345],[-102.167471,35.183233],[-101.622941,35.183117],[-101.629257,34.747649],[-102.168839,34.747417],[-102.168674,34.790345]]]}},{"type":"Feature","properties":{"GEOID":"48207","NAME":"Haskell","state":"TX","wildfire_risk_score":79.644,"wildfire_eal_total":339197.37,"risk_band":"Moderate","source":"FEMA National Risk Index v1.20 (December 2025)"},"geometry":{"type":"Polygon","coordinates":[[[-99.991327,33.36341],[-99.99098,33.397404],[-99.472444,33.399023],[-99.471258,32.957025],[-99.988827,32.960121],[-99.991327,33.36341]]]}},{"type":"Feature","properties":{"GEOID":"48281","NAME":"Lampasas","state":"TX","wildfire_risk_score":84.033,"wildfire_eal_total":501794.34,"risk_band":"High","source":"FEMA National Risk Index v1.20 (December 2025)"},"geometry":{"type":"Polygon","coordinates":[[[-98.569645,31.203269],[-98.562732,31.230443],[-98.266794,31.410521],[-98.27107,31.416398],[-98.180006,31.463717],[-97.9071,31.069374],[-97.913847,31.065882],[-97.911689,31.035009],[-98.439711,31.029647],[-98.44863,31.04215],[-98.47405,31.05229],[-98.48404,31.06301],[-98.472994,31.075926],[-98.456419,31.078699],[-98.45742,31.08825],[-98.470531,31.094441],[-98.455598,31.110905],[-98.470024,31.106888],[-98.480771,31.119217],[-98.487414,31.114211],[-98.49893,31.11854],[-98.51829,31.0927],[-98.527102,31.090675],[-98.547715,31.128363],[-98.52765,31.13772],[-98.526728,31.155819],[-98.51127,31.15515],[-98.50438,31.16645],[-98.519688,31.164958],[-98.53015,31.17363],[-98.542016,31.174496],[-98.544691,31.178647],[-98.53553,31.18584],[-98.538386,31.191303],[-98.559558,31.192975],[-98.569645,31.203269]]]}},{"type":"Feature","properties":{"GEOID":"48271","NAME":"Kinney","state":"TX","wildfire_risk_score":15.235,"wildfire_eal_total":3169.69,"risk_band":"Low","source":"FEMA National Risk Index v1.20 (December 2025)"},"geometry":{"type":"Polygon","coordinates":[[[-100.797046,29.235586],[-100.7859,29.246259],[-100.757822,29.238325],[-100.762325,29.251302],[-100.75511,29.256068],[-100.745564,29.254809],[-100.742693,29.279206],[-100.738304,29.282111],[-100.74836,29.302946],[-100.74348,29.316676],[-100.746554,29.3257],[-100.712195,29.337884],[-100.706307,29.363912],[-100.710641,29.369779],[-100.706913,29.397311],[-100.699141,29.419747],[-100.699932,29.623897],[-100.112098,29.623263],[-100.111406,29.086318],[-100.667522988428,29.0842931847587],[-100.684472,29.110657],[-100.727462,29.129123],[-100.737795,29.139079],[-100.739681,29.150486],[-100.759726,29.15715],[-100.763605,29.164728],[-100.772649,29.168492],[-100.775905,29.173344],[-100.766031,29.185849],[-100.767059,29.195287],[-100.776254,29.200929],[-100.775042,29.211637],[-100.784499,29.226881],[-100.795681,29.22773],[-100.797046,29.235586]]]}},{"type":"Feature","properties":{"GEOID":"48359","NAME":"Oldham","state":"TX","wildfire_risk_score":66.126,"wildfire_eal_total":115497.58,"risk_band":"Low","source":"FEMA National Risk Index v1.20 (December 2025)"},"geometry":{"type":"Polygon","coordinates":[[[-103.042775,35.241237],[-103.041554,35.622487],[-102.162809,35.627515],[-102.167471,35.183233],[-102.625538,35.187248],[-103.042377,35.183149],[-103.042775,35.241237]]]}},{"type":"Feature","properties":{"GEOID":"48113","NAME":"Dallas","state":"TX","wildfire_risk_score":80.28,"wildfire_eal_total":348784.44,"risk_band":"Moderate","source":"FEMA National Risk Index v1.20 (December 2025)"},"geometry":{"type":"Polygon","coordinates":[[[-97.038523,32.559998],[-97.031007,32.989691],[-96.517011,32.982862],[-96.523118,32.545214],[-97.038685,32.548666],[-97.038523,32.559998]]]}},{"type":"Feature","properties":{"GEOID":"48083","NAME":"Coleman","state":"TX","wildfire_risk_score":79.008,"wildfire_eal_total":248387.51,"risk_band":"Moderate","source":"FEMA National Risk Index v1.20 (December 2025)"},"geometry":{"type":"Polygon","coordinates":[[[-99.722403,31.576085],[-99.713971,32.082089],[-99.195871,32.079235],[-99.203411,31.758221],[-99.202768,31.467234],[-99.209172,31.465272],[-99.21878,31.475048],[-99.238447,31.483127],[-99.247184,31.479712],[-99.271178,31.456283],[-99.271492,31.446789],[-99.289807,31.442898],[-99.287407,31.42962],[-99.30514,31.430164],[-99.304252,31.42059],[-99.314014,31.409778],[-99.34625,31.421907],[-99.341264,31.431647],[-99.343865,31.443282],[-99.357498,31.431038],[-99.383467,31.443482],[-99.402284,31.446198],[-99.405654,31.448782],[-99.398793,31.460083],[-99.424033,31.463891],[-99.440824,31.475009],[-99.449239,31.470252],[-99.449803,31.45766],[-99.446342,31.450493],[-99.435596,31.44963],[-99.436896,31.446032],[-99.46925,31.430367],[-99.47247,31.421702],[-99.479885,31.434178],[-99.495661,31.444975],[-99.50499,31.438258],[-99.511477,31.424401],[-99.536723,31.483429],[-99.572559,31.49365],[-99.590678,31.488674],[-99.617816,31.502455],[-99.624685,31.493502],[-99.610754,31.484305],[-99.608199,31.477048],[-99.611998,31.470037],[-99.626217,31.467525],[-99.65265,31.496475],[-99.67816,31.498543],[-99.670487,31.510926],[-99.656574,31.519401],[-99.653975,31.531157],[-99.658791,31.534779],[-99.691058,31.532284],[-99.692985,31.538242],[-99.678606,31.542932],[-99.671658,31.553136],[-99.676849,31.556529],[-99.690953,31.554054],[-99.695637,31.56755],[-99.70573,31.576899],[-99.711538,31.572888],[-99.710518,31.561454],[-99.717395,31.560467],[-99.722063,31.562761],[-99.722403,31.576085]]]}},{"type":"Feature","properties":{"GEOID":"48367","NAME":"Parker","state":"TX","wildfire_risk_score":96.247,"wildfire_eal_total":6208524.14,"risk_band":"High","source":"FEMA National Risk Index v1.20 (December 2025)"},"geometry":{"type":"Polygon","coordinates":[[[-98.065595,32.595018],[-98.056094,33.003332],[-97.544172,32.994651],[-97.550582,32.555391],[-98.066836,32.558822],[-98.065595,32.595018]]]}},{"type":"Feature","properties":{"GEOID":"48299","NAME":"Llano","state":"TX","wildfire_risk_score":80.248,"wildfire_eal_total":266281.96,"risk_band":"Moderate","source":"FEMA National Risk Index v1.20 (December 2025)"},"geometry":{"type":"Polygon","coordinates":[[[-98.964612,30.921368],[-98.445782,30.921439],[-98.448753,30.890335],[-98.456436,30.883095],[-98.456352,30.876455],[-98.422365,30.864188],[-98.421593,30.834997],[-98.408851,30.836559],[-98.401384,30.843996],[-98.376877,30.83489],[-98.387627,30.819347],[-98.403336,30.817936],[-98.412552,30.794991],[-98.425045,30.795658],[-98.431996,30.790436],[-98.422714,30.776054],[-98.430214,30.76096],[-98.428956,30.754272],[-98.371628,30.742922],[-98.392654,30.721233],[-98.404152,30.721083],[-98.413962,30.704392],[-98.402916,30.677359],[-98.438995,30.673285],[-98.441759,30.666352],[-98.429512,30.661806],[-98.4289,30.655012],[-98.418594,30.645926],[-98.417595,30.627274],[-98.400736,30.599784],[-98.400696,30.594644],[-98.413699,30.585921],[-98.408172,30.569671],[-98.399914,30.563604],[-98.370311,30.574438],[-98.352057,30.558472],[-98.351041,30.486096],[-98.411462,30.502095],[-98.964232,30.498482],[-98.964612,30.921368]]]}},{"type":"Feature","properties":{"GEOID":"48047","NAME":"Brooks","state":"TX","wildfire_risk_score":60.083,"wildfire_eal_total":51584.74,"risk_band":"Low","source":"FEMA National Risk Index v1.20 (December 2025)"},"geometry":{"type":"Polygon","coordinates":[[[-98.536646,27.265196],[-97.986076,27.260494],[-97.985494,26.780917],[-98.422616,26.783535],[-98.417883,27.055285],[-98.466542,27.054711],[-98.467284,27.142006],[-98.49291,27.142062],[-98.492943,27.235012],[-98.506168,27.238729],[-98.512437,27.251196],[-98.530048,27.253849],[-98.536646,27.265196]]]}},{"type":"Feature","properties":{"GEOID":"48397","NAME":"Rockwall","state":"TX","wildfire_risk_score":66.571,"wildfire_eal_total":210699.76,"risk_band":"Low","source":"FEMA National Risk Index v1.20 (December 2025)"},"geometry":{"type":"Polygon","coordinates":[[[-96.518869,32.832728],[-96.517011,32.982862],[-96.297227,32.981752],[-96.297376,32.814185],[-96.51897,32.813616],[-96.518869,32.832728]]]}},{"type":"Feature","properties":{"GEOID":"48059","NAME":"Callahan","state":"TX","wildfire_risk_score":81.997,"wildfire_eal_total":405513.4,"risk_band":"Moderate","source":"FEMA National Risk Index v1.20 (December 2025)"},"geometry":{"type":"Polygon","coordinates":[[[-99.631246,32.145067],[-99.629579,32.514657],[-99.114293,32.514811],[-99.118665,32.079585],[-99.631413,32.081274],[-99.631246,32.145067]]]}},{"type":"Feature","properties":{"GEOID":"48145","NAME":"Falls","state":"TX","wildfire_risk_score":54.485,"wildfire_eal_total":41842.73,"risk_band":"Low","source":"FEMA National Risk Index v1.20 (December 2025)"},"geometry":{"type":"Polygon","coordinates":[[[-97.278113,31.279799],[-96.801123,31.522269],[-96.596862,31.2209],[-96.830497,31.10522],[-96.829603,31.110411],[-97.070057,30.986031],[-97.278113,31.279799]]]}},{"type":"Feature","properties":{"GEOID":"48231","NAME":"Hunt","state":"TX","wildfire_risk_score":76.908,"wildfire_eal_total":282311.25,"risk_band":"Moderate","source":"FEMA National Risk Index v1.20 (December 2025)"},"geometry":{"type":"Polygon","coordinates":[[[-96.297344,32.867055],[-96.295413,33.351936],[-95.858723,33.40953],[-95.862521,32.979571],[-95.9453,32.979877],[-95.972662,32.899092],[-95.987259,32.876415],[-95.956777,32.845207],[-95.944074,32.845188],[-95.934433,32.837217],[-96.297322,32.841723],[-96.297344,32.867055]]]}}]}