{"type":"FeatureCollection","metadata":{"state":"VA","boundary_source":"U.S. Census Bureau 2024 Cartographic Boundary File (counties, 1:500,000)","risk_source":"FEMA National Risk Index v1.20 (December 2025)"},"features":[{"type":"Feature","properties":{"GEOID":"51133","NAME":"Northumberland","state":"VA","wildfire_risk_score":19.625,"wildfire_eal_total":4942.3,"risk_band":"Moderate","source":"FEMA National Risk Index v1.20 (December 2025)"},"geometry":{"type":"Polygon","coordinates":[[[-76.634547,37.968543],[-76.617781,38.000405],[-76.588165,38.005131],[-76.572695,38.018195],[-76.572583,38.026908],[-76.536559,38.020937],[-76.535521,38.026245],[-76.516237,38.0262],[-76.476725,38.014263],[-76.479239,38.010265],[-76.463219,38.005104],[-76.463084,37.99632],[-76.469748,37.997933],[-76.475414,37.99221],[-76.472845,37.9842],[-76.442974,37.985217],[-76.440432,37.976795],[-76.429052,37.977546],[-76.407962,37.962782],[-76.343848,37.947345],[-76.265998,37.91138],[-76.250392,37.895753],[-76.236963,37.890501],[-76.24956,37.851851],[-76.250505,37.835008],[-76.266057,37.8174],[-76.280544,37.812597],[-76.284904,37.822308],[-76.306604,37.821911],[-76.312189,37.814119],[-76.307482,37.81235],[-76.307565,37.800249],[-76.311951,37.792335],[-76.316467,37.792805],[-76.315279,37.782004],[-76.306664,37.787457],[-76.285546,37.784087],[-76.287889,37.777543],[-76.291867,37.782943],[-76.305772,37.780126],[-76.309812,37.774959],[-76.308088,37.764235],[-76.315992,37.763593],[-76.310174,37.752699],[-76.315873,37.746492],[-76.308635,37.740569],[-76.307198,37.731267],[-76.322053,37.737],[-76.32027,37.719894],[-76.312664,37.71839],[-76.303157,37.702313],[-76.303633,37.68943],[-76.313496,37.694414],[-76.312544,37.684566],[-76.32027,37.687926],[-76.3317514230591,37.6852592076829],[-76.343974,37.690425],[-76.357754,37.706588],[-76.374301,37.711304],[-76.361838,37.736794],[-76.36325,37.751413],[-76.36907,37.758253],[-76.363922,37.765577],[-76.368099,37.773427],[-76.381917,37.779534],[-76.401056,37.780249],[-76.419552,37.806389],[-76.418735,37.822934],[-76.429636,37.829043],[-76.44148,37.822253],[-76.459933,37.820379],[-76.468399,37.822794],[-76.477639,37.837394],[-76.494838,37.841203],[-76.508105,37.833284],[-76.511236,37.849651],[-76.537674,37.858669],[-76.547885,37.867643],[-76.541073,37.890331],[-76.556042,37.931524],[-76.59329,37.948444],[-76.604912,37.948177],[-76.628125,37.968582],[-76.634547,37.968543]]]}},{"type":"Feature","properties":{"GEOID":"51193","NAME":"Westmoreland","state":"VA","wildfire_risk_score":16.635,"wildfire_eal_total":4516.54,"risk_band":"Moderate","source":"FEMA National Risk Index v1.20 (December 2025)"},"geometry":{"type":"Polygon","coordinates":[[[-77.064658,38.16674],[-77.062355,38.174423],[-77.052462,38.175983],[-77.048482,38.182444],[-77.044536,38.26045],[-77.034929,38.258626],[-77.028795,38.268128],[-77.013995,38.269728],[-77.007595,38.277128],[-76.983216,38.274648],[-76.96215,38.256486],[-76.956954,38.236823],[-76.967335,38.227185],[-76.962311,38.214075],[-76.937134,38.202384],[-76.910832,38.197073],[-76.875272,38.172207],[-76.838795,38.163476],[-76.799887,38.168933],[-76.760241,38.166581],[-76.741037,38.152198],[-76.738349,38.134223],[-76.732763,38.131793],[-76.708576,38.145066],[-76.702058,38.159708],[-76.689683,38.16015],[-76.665127,38.147638],[-76.639712,38.121977],[-76.632344,38.128708],[-76.635909,38.141327],[-76.643448,38.14825],[-76.629476,38.15305],[-76.612062,38.148657],[-76.613134,38.14018],[-76.60432,38.130262],[-76.600937,38.110084],[-76.579497,38.09487],[-76.537395,38.075534],[-76.521387,38.046398],[-76.540286,38.039127],[-76.550463,38.040594],[-76.55011,38.029458],[-76.572583,38.026908],[-76.572695,38.018195],[-76.590917,38.003725],[-76.617781,38.000405],[-76.638266,37.965562],[-76.647957,37.968258],[-76.656292,37.982169],[-76.671502,37.985002],[-76.681924,37.981057],[-76.700569,37.984545],[-76.728989,37.99919],[-76.748871,37.994897],[-76.765961,38.001546],[-76.75886,38.010625],[-76.757332,38.030676],[-76.797227,38.058305],[-76.814246,38.059001],[-76.822843,38.065177],[-76.862494,38.102041],[-76.868661,38.117281],[-76.876889,38.124444],[-76.911392,38.097435],[-76.939407,38.085067],[-76.934947,38.08223],[-76.936959,38.077074],[-76.984018,38.087494],[-76.990611,38.094282],[-76.988988,38.106058],[-76.999694,38.1103],[-77.014693,38.093532],[-77.032394,38.091733],[-77.034194,38.100832],[-77.05172,38.112014],[-77.052195,38.144331],[-77.064658,38.16674]]]}},{"type":"Feature","properties":{"GEOID":"51073","NAME":"Gloucester","state":"VA","wildfire_risk_score":45.197,"wildfire_eal_total":39619.13,"risk_band":"High","source":"FEMA National Risk Index v1.20 (December 2025)"},"geometry":{"type":"Polygon","coordinates":[[[-76.706298,37.437175],[-76.702136,37.450523],[-76.687006,37.447882],[-76.673994,37.461323],[-76.667425,37.455525],[-76.662155,37.457802],[-76.655521,37.473813],[-76.649138,37.476835],[-76.651524,37.480742],[-76.646794,37.481154],[-76.648009,37.495891],[-76.667467,37.520104],[-76.669322,37.528508],[-76.654076,37.603174],[-76.623517,37.586144],[-76.611742,37.590289],[-76.612478,37.581895],[-76.595767,37.588079],[-76.574934,37.573791],[-76.57353,37.562946],[-76.559065,37.561347],[-76.55593,37.555054],[-76.547937,37.567884],[-76.542773,37.559482],[-76.531847,37.55768],[-76.523653,37.548576],[-76.507266,37.547505],[-76.499163,37.536869],[-76.481221,37.536217],[-76.437561,37.51436],[-76.439448,37.501739],[-76.451828,37.484598],[-76.442145,37.45285],[-76.448362,37.449847],[-76.444263,37.439106],[-76.449904,37.427992],[-76.444736,37.418539],[-76.414534077025,37.4135904346518],[-76.417321,37.379547],[-76.409328,37.370117],[-76.414532,37.368354],[-76.428699,37.381544],[-76.451041,37.38126],[-76.454844,37.388154],[-76.463638,37.385227],[-76.46958,37.370589],[-76.456507,37.359349],[-76.444148,37.366528],[-76.420887,37.343356],[-76.414702,37.339679],[-76.41234,37.34496],[-76.403676,37.338663],[-76.4059,37.329922],[-76.41527,37.331667],[-76.412893,37.322595],[-76.437137,37.324108],[-76.438563,37.313806],[-76.419192,37.307662],[-76.394711,37.312861],[-76.388592,37.308477],[-76.39685,37.30303],[-76.392572,37.296129],[-76.386297,37.298314],[-76.382946,37.286297],[-76.368922,37.278354],[-76.352556,37.278334],[-76.354554,37.272331],[-76.390076,37.263506],[-76.417171,37.265114],[-76.42347,37.262277],[-76.422885,37.254911],[-76.429141,37.25331],[-76.433928,37.25698],[-76.477193,37.250174],[-76.48284,37.254831],[-76.5062985436263,37.2433869657838],[-76.53641,37.271119],[-76.566602,37.286352],[-76.600713,37.314038],[-76.64952,37.374282],[-76.712305,37.431309],[-76.706298,37.437175]]]}},{"type":"Feature","properties":{"GEOID":"51107","NAME":"Loudoun","state":"VA","wildfire_risk_score":37.436,"wildfire_eal_total":34359.15,"risk_band":"High","source":"FEMA National Risk Index v1.20 (December 2025)"},"geometry":{"type":"Polygon","coordinates":[[[-77.956402,39.020856],[-77.929927,39.030239],[-77.893279,39.055425],[-77.877596,39.078042],[-77.862825,39.080979],[-77.843797,39.119747],[-77.822182,39.139985],[-77.821413,39.15241],[-77.805099,39.174222],[-77.793631,39.210125],[-77.771415,39.236776],[-77.767277,39.24938],[-77.770669,39.255262],[-77.762844,39.258445],[-77.750267,39.289284],[-77.734899,39.312409],[-77.719519,39.321314],[-77.692984,39.31845],[-77.675846,39.324192],[-77.650997,39.310784],[-77.615939,39.302722],[-77.592739,39.30129],[-77.566596,39.306121],[-77.561826,39.301913],[-77.560854,39.286152],[-77.540581,39.264947],[-77.486813,39.247586],[-77.45812,39.22614],[-77.459883,39.218682],[-77.47361,39.208407],[-77.477362,39.190495],[-77.510631,39.178484],[-77.527282,39.146236],[-77.519929,39.120925],[-77.4858,39.109303],[-77.46145,39.075151],[-77.38568,39.061987],[-77.340287,39.062991],[-77.328281093199,39.0577948715365],[-77.535991,38.847368],[-77.54408,38.85025],[-77.545899,38.846592],[-77.552496,38.856318],[-77.548221,38.862971],[-77.552787,38.864789],[-77.549216,38.867872],[-77.55224,38.886588],[-77.563889,38.886181],[-77.591571,38.896657],[-77.608777,38.913086],[-77.617628,38.930565],[-77.637502,38.9417],[-77.653613,38.942173],[-77.962203,39.013733],[-77.956402,39.020856]]]}},{"type":"Feature","properties":{"GEOID":"51143","NAME":"Pittsylvania","state":"VA","wildfire_risk_score":44.625,"wildfire_eal_total":23740.13,"risk_band":"High","source":"FEMA National Risk Index v1.20 (December 2025)"},"geometry":{"type":"Polygon","coordinates":[[[-79.704024,36.588026],[-79.594069,37.042206],[-79.564311,37.034702],[-79.559479,37.0439],[-79.542645,37.044998],[-79.55003,37.05311],[-79.542554,37.051628],[-79.535614,37.041127],[-79.509813,37.031353],[-79.479063,37.0064],[-79.458741,37.018027],[-79.483272,37.03529],[-79.480501,37.045395],[-79.490009,37.055693],[-79.489516,37.0625],[-79.477847,37.064244],[-79.444682,37.055572],[-79.405242,37.063242],[-79.404731,37.091777],[-79.387549,37.092948],[-79.371107,37.105853],[-79.371775,37.113602],[-79.382738,37.119037],[-79.351852,37.122638],[-79.341278,37.128161],[-79.344833,37.134869],[-79.339519,37.137454],[-79.332161,37.125568],[-79.295032,37.104826],[-79.27207,37.111554],[-79.264422,37.126836],[-79.253274,37.132876],[-79.244166,37.124307],[-79.23183,37.098879],[-79.222058,37.10139],[-79.221583,37.116212],[-79.213032,37.117902],[-79.202958,37.106721],[-79.205873,37.074783],[-79.193115,37.054637],[-79.180924,37.070694],[-79.169321,37.067009],[-79.143478,37.075852],[-79.127139,37.089864],[-79.117292,37.086336],[-79.110382,37.067914],[-79.092264,37.061498],[-79.2184541869829,36.541492577867],[-79.3431171666517,36.5411766468951],[-79.351535,36.55124],[-79.343466,36.558456],[-79.344244,36.563705],[-79.331139,36.568463],[-79.33392,36.57327],[-79.329727,36.569251],[-79.320444,36.573454],[-79.3141,36.568587],[-79.305589,36.569616],[-79.304562,36.582262],[-79.328484,36.582638],[-79.330969,36.601669],[-79.351218,36.599913],[-79.354662,36.609288],[-79.364881,36.607652],[-79.369429,36.635074],[-79.392416,36.637113],[-79.392052,36.642884],[-79.398094,36.644037],[-79.406625,36.633605],[-79.404291,36.629754],[-79.416085,36.618146],[-79.41454,36.613292],[-79.422191,36.600518],[-79.43094,36.59969],[-79.437959,36.607801],[-79.448741,36.607336],[-79.452792,36.612189],[-79.479618,36.616291],[-79.487239,36.612753],[-79.500989,36.618146],[-79.511767,36.611532],[-79.511901,36.605657],[-79.517711,36.60605],[-79.519273,36.60208],[-79.499069,36.593004],[-79.491888,36.580939],[-79.478272,36.584375],[-79.456471,36.576971],[-79.462261,36.563645],[-79.472112,36.560621],[-79.4700322670177,36.5410249389509],[-79.7148401962592,36.5420023594641],[-79.704024,36.588026]]]}},{"type":"Feature","properties":{"GEOID":"51083","NAME":"Halifax","state":"VA","wildfire_risk_score":25.541,"wildfire_eal_total":6647.24,"risk_band":"Moderate","source":"FEMA National Risk Index v1.20 (December 2025)"},"geometry":{"type":"Polygon","coordinates":[[[-79.21846,36.542377],[-79.092264,37.061498],[-79.058728,37.046083],[-79.018624,37.040358],[-79.004826,37.029926],[-78.970731,37.049543],[-78.904587,37.022288],[-78.902515,37.011622],[-78.891773,37.00269],[-78.902031,36.987292],[-78.897094,36.977685],[-78.87189,36.985842],[-78.818772,36.984457],[-78.800705,36.972102],[-78.794862,36.955988],[-78.788332,36.952761],[-78.773844,36.957631],[-78.771689,36.985048],[-78.748358,36.987057],[-78.75967,37.000143],[-78.758159,37.005781],[-78.751501,37.00865],[-78.743891,37.005439],[-78.735091,36.952426],[-78.727315,36.938391],[-78.733171,36.932294],[-78.748461,36.929295],[-78.750041,36.92034],[-78.723376,36.90567],[-78.69487,36.878251],[-78.687142,36.863825],[-78.672249,36.859048],[-78.665682,36.843109],[-78.687355,36.827744],[-78.684533,36.821604],[-78.666995,36.811822],[-78.68043,36.801774],[-78.682979,36.792446],[-78.666145,36.764363],[-78.681008,36.755088],[-78.690756,36.738309],[-78.67116,36.720817],[-78.665822,36.706763],[-78.641247,36.695963],[-78.624724,36.673309],[-78.557727,36.640402],[-78.54923,36.626629],[-78.560739,36.639363],[-78.578771,36.638539],[-78.592407,36.651494],[-78.623613,36.666637],[-78.649802,36.690265],[-78.670708,36.689452],[-78.702517,36.676373],[-78.697302,36.66888],[-78.711965,36.642583],[-78.70824,36.637701],[-78.713485,36.63425],[-78.709457,36.620577],[-78.71745,36.598374],[-78.7127,36.592613],[-78.720028,36.588877],[-78.715789,36.580111],[-78.719254,36.575853],[-78.724956,36.578284],[-78.725285,36.569645],[-78.732912,36.570076],[-78.73373,36.559958],[-78.737183,36.559968],[-78.736538,36.552245],[-78.740275,36.551271],[-78.73166,36.547468],[-78.7341219239254,36.5419022759072],[-79.21846,36.542377]]]}},{"type":"Feature","properties":{"GEOID":"51109","NAME":"Louisa","state":"VA","wildfire_risk_score":22.71,"wildfire_eal_total":9010.54,"risk_band":"Moderate","source":"FEMA National Risk Index v1.20 (December 2025)"},"geometry":{"type":"Polygon","coordinates":[[[-78.293178,38.020989],[-78.253989,38.062813],[-78.209384,38.131128],[-78.171423,38.129688],[-78.144342,38.142999],[-78.133958,38.1387],[-78.116561,38.140046],[-78.11224,38.147654],[-78.101748,38.152567],[-78.0805,38.146623],[-78.076498,38.141577],[-78.047876,38.135883],[-78.030164,38.139666],[-78.024595,38.136588],[-78.021701,38.142165],[-78.00216,38.138571],[-77.980315,38.119501],[-77.947054,38.120035],[-77.929741,38.113729],[-77.916718,38.118336],[-77.912518,38.111536],[-77.901817,38.108136],[-77.888416,38.113136],[-77.859816,38.105237],[-77.856117,38.099837],[-77.851218,38.104337],[-77.847017,38.098438],[-77.842917,38.101438],[-77.845517,38.104338],[-77.838217,38.106239],[-77.819716,38.092436],[-77.811121,38.079692],[-77.786614,38.076037],[-77.784214,38.063137],[-77.768514,38.051737],[-77.756113,38.048237],[-77.745213,38.050837],[-77.748213,38.042137],[-77.740913,38.037737],[-77.747913,38.037637],[-77.746913,38.023638],[-77.739513,38.033038],[-77.732313,38.031637],[-77.728312,38.027738],[-77.731312,38.021238],[-77.722212,38.023238],[-77.71189,38.012721],[-77.687469,38.007806],[-77.733108,37.885191],[-77.738375,37.881517],[-77.748739,37.847419],[-77.754845,37.84149],[-77.759626,37.811859],[-77.763755,37.802883],[-77.768204,37.802962],[-77.796812,37.730608],[-77.818304,37.746201],[-77.8592,37.754052],[-77.857974,37.759524],[-77.864167,37.754269],[-77.881807,37.757211],[-77.879399,37.759705],[-77.886339,37.76418],[-77.890806,37.762296],[-77.892475,37.769551],[-77.9091,37.776283],[-77.90768,37.792033],[-77.897401,37.804551],[-77.905668,37.808697],[-77.907178,37.821887],[-77.946234,37.843244],[-77.946863,37.852647],[-77.990819,37.857522],[-77.987636,37.864579],[-77.999051,37.87389],[-78.037243,37.890959],[-78.055562,37.904848],[-78.173929,37.950196],[-78.193025,37.95244],[-78.230175,37.97855],[-78.276527,37.99154],[-78.306763,38.006474],[-78.293178,38.020989]]]}},{"type":"Feature","properties":{"GEOID":"51023","NAME":"Botetourt","state":"VA","wildfire_risk_score":25.064,"wildfire_eal_total":14075.76,"risk_band":"Moderate","source":"FEMA National Risk Index v1.20 (December 2025)"},"geometry":{"type":"Polygon","coordinates":[[[-80.069609,37.424845],[-80.043032,37.449024],[-80.03046,37.475504],[-80.014433,37.494846],[-80.009496,37.510827],[-79.969071,37.544408],[-80.027621,37.624218],[-80.032033,37.638563],[-79.957365,37.683782],[-79.941717,37.698951],[-79.924254,37.697663],[-79.91756,37.701848],[-79.890347,37.738063],[-79.86708,37.748685],[-79.844455,37.774588],[-79.845321,37.782314],[-79.816721,37.800973],[-79.674162,37.763093],[-79.681608,37.740433],[-79.68877,37.734747],[-79.676341,37.698803],[-79.667744,37.694375],[-79.671834,37.674304],[-79.683554,37.661763],[-79.573231,37.595569],[-79.57791,37.580807],[-79.498699,37.532797],[-79.504926,37.529344],[-79.504681,37.520832],[-79.514217,37.516581],[-79.518941,37.508447],[-79.533122,37.505258],[-79.545551,37.489512],[-79.555349,37.498917],[-79.558956,37.496422],[-79.581125,37.471955],[-79.582745,37.451878],[-79.593707,37.448864],[-79.617181,37.458017],[-79.628162,37.453604],[-79.653498,37.481959],[-79.677468,37.483473],[-79.719076,37.448957],[-79.756185,37.425384],[-79.79049,37.40879],[-79.814203,37.403654],[-79.792185,37.380822],[-79.776984,37.380839],[-79.776056,37.374023],[-79.78332,37.36919],[-79.788679,37.34935],[-79.844198,37.31775],[-79.847476,37.309352],[-79.865099,37.328417],[-80.062622,37.408325],[-80.074119,37.422469],[-80.069609,37.424845]]]}},{"type":"Feature","properties":{"GEOID":"51061","NAME":"Fauquier","state":"VA","wildfire_risk_score":34.796,"wildfire_eal_total":27909.24,"risk_band":"High","source":"FEMA National Risk Index v1.20 (December 2025)"},"geometry":{"type":"Polygon","coordinates":[[[-78.131267,38.867459],[-78.112247,38.88026],[-78.094917,38.879838],[-78.091981,38.885586],[-78.061804,38.891946],[-78.06176,38.90025],[-78.075715,38.909425],[-78.063973,38.928364],[-78.041576,38.938096],[-78.034637,38.949822],[-78.027381,38.952077],[-78.017029,38.971189],[-77.990275,38.996493],[-77.962203,39.013733],[-77.655169,38.942656],[-77.680402,38.893235],[-77.692622,38.887004],[-77.702746,38.847793],[-77.704931,38.843152],[-77.715667,38.843224],[-77.715715,38.832136],[-77.531328,38.55655],[-77.632842,38.468822],[-77.628448,38.449789],[-77.634072,38.442234],[-77.628189,38.433544],[-77.63494,38.410218],[-77.690357,38.426997],[-77.735516,38.413116],[-77.739719,38.424701],[-77.753167,38.427928],[-77.760006,38.435769],[-77.76127,38.458392],[-77.77673,38.465597],[-77.775316,38.473579],[-77.780446,38.477542],[-77.781867,38.488821],[-77.787635,38.488104],[-77.787845,38.493029],[-77.801134,38.503099],[-77.800944,38.512254],[-77.813732,38.53028],[-77.820203,38.529071],[-77.838878,38.539888],[-77.877169,38.584891],[-77.862378,38.598527],[-77.873217,38.605954],[-77.872955,38.610957],[-77.861438,38.614125],[-77.859948,38.62081],[-77.868565,38.623363],[-77.869616,38.632089],[-77.876763,38.630903],[-77.880506,38.636511],[-77.873409,38.639718],[-77.871699,38.648548],[-77.884146,38.666636],[-77.896119,38.662052],[-77.901255,38.665503],[-77.902597,38.674657],[-77.891865,38.681084],[-77.902908,38.684181],[-77.902051,38.690231],[-77.909456,38.697322],[-77.929016,38.698923],[-77.933246,38.695058],[-77.942131,38.698695],[-77.954299,38.694764],[-77.995664,38.710416],[-78.015096,38.725089],[-78.006686,38.727203],[-78.006234,38.732182],[-78.019129,38.740241],[-78.016445,38.754016],[-78.028102,38.757486],[-78.022595,38.770123],[-78.026101,38.776564],[-78.019885,38.778296],[-78.029574,38.786721],[-78.026661,38.78839],[-78.031632,38.793829],[-78.025832,38.795787],[-78.036144,38.800258],[-78.043328,38.797394],[-78.047762,38.801994],[-78.051397,38.79923],[-78.055001,38.808506],[-78.081079,38.82503],[-78.099732,38.830392],[-78.122217,38.856223],[-78.123549,38.865485],[-78.131267,38.867459]]]}},{"type":"Feature","properties":{"GEOID":"51009","NAME":"Amherst","state":"VA","wildfire_risk_score":45.134,"wildfire_eal_total":30023.09,"risk_band":"High","source":"FEMA National Risk Index v1.20 (December 2025)"},"geometry":{"type":"Polygon","coordinates":[[[-79.436947,37.617057],[-79.426371,37.61551],[-79.417805,37.626512],[-79.401835,37.62599],[-79.380353,37.642759],[-79.365573,37.645697],[-79.358521,37.655792],[-79.345235,37.660625],[-79.340576,37.678634],[-79.322385,37.692755],[-79.316656,37.70336],[-79.31743,37.714764],[-79.304945,37.729056],[-79.30827,37.734086],[-79.264674,37.794694],[-79.255849,37.793426],[-79.231557,37.813175],[-79.216289,37.801263],[-79.217592,37.796042],[-79.209372,37.789156],[-79.198824,37.787982],[-79.172131,37.803097],[-79.137964,37.814141],[-79.128322,37.802141],[-79.120099,37.801364],[-79.114281,37.786408],[-79.086352,37.787306],[-79.069833,37.776837],[-79.066989,37.770148],[-79.07222,37.762249],[-79.065845,37.74634],[-79.069648,37.730608],[-79.064363,37.725021],[-79.066929,37.719069],[-79.030946,37.702646],[-79.014477,37.705285],[-79.005982,37.697475],[-78.995756,37.701665],[-78.986372,37.697732],[-78.988026,37.689606],[-78.982247,37.686507],[-78.983322,37.682554],[-78.967178,37.677338],[-78.971669,37.670523],[-78.963071,37.663897],[-78.897905,37.543857],[-78.883373,37.550601],[-78.86764,37.544742],[-78.88154,37.532042],[-78.898441,37.531442],[-78.892942,37.516143],[-78.919863,37.499027],[-78.949942,37.503142],[-78.940689,37.495295],[-78.940258,37.484292],[-78.967288,37.474089],[-78.998462,37.449312],[-79.009811,37.445899],[-79.017023,37.430559],[-79.043059,37.433242],[-79.040335,37.422374],[-79.046385,37.415949],[-79.070862,37.421341],[-79.060719,37.390835],[-79.067923,37.385846],[-79.106227,37.406532],[-79.111237,37.406122],[-79.114275,37.397637],[-79.126781,37.402587],[-79.13923,37.416725],[-79.143607,37.432873],[-79.146583,37.434949],[-79.146574,37.428684],[-79.175101,37.448731],[-79.185275,37.459012],[-79.189482,37.475278],[-79.209467,37.477518],[-79.223553,37.492683],[-79.21947,37.504964],[-79.240439,37.506165],[-79.258075,37.494165],[-79.263432,37.509094],[-79.29312,37.499374],[-79.339299,37.516608],[-79.365046,37.546249],[-79.370174,37.568817],[-79.380463,37.581492],[-79.380342,37.590551],[-79.404525,37.607514],[-79.431138,37.60182],[-79.436111,37.605526],[-79.436947,37.617057]]]}},{"type":"Feature","properties":{"GEOID":"51161","NAME":"Roanoke","state":"VA","wildfire_risk_score":32.316,"wildfire_eal_total":19236.03,"risk_band":"Moderate","source":"FEMA National Risk Index v1.20 (December 2025)"},"geometry":{"type":"Polygon","coordinates":[[[-80.262184,37.341526],[-80.200301,37.378356],[-80.147564,37.382547],[-80.074119,37.422469],[-80.062622,37.408325],[-79.865099,37.328417],[-79.839607,37.300414],[-79.850382,37.295107],[-79.84777,37.278472],[-79.858405,37.267155],[-79.846472,37.247386],[-79.842491,37.230284],[-79.851902,37.22373],[-79.851981,37.215059],[-79.869595,37.216682],[-79.882568,37.209712],[-79.883822,37.20345],[-79.893859,37.199308],[-79.895123,37.181834],[-79.911823,37.176955],[-79.913907,37.165163],[-79.944793,37.151088],[-79.953785,37.139547],[-79.96513,37.137455],[-79.974984,37.143249],[-79.989602,37.143419],[-79.991282,37.152759],[-80.001182,37.151665],[-80.005266,37.15746],[-80.001606,37.167304],[-80.0092,37.172708],[-80.023379,37.170431],[-80.030635,37.174806],[-80.074699,37.15715],[-80.086024,37.162],[-80.090042,37.152747],[-80.104396,37.150326],[-80.107955,37.136992],[-80.122166,37.131736],[-80.133247,37.119347],[-80.173492,37.109095],[-80.178125,37.1134],[-80.189938,37.233437],[-80.202573,37.241493],[-80.258335,37.308427],[-80.262184,37.341526]],[[-80.12049,37.287053],[-80.105036,37.278118],[-80.088464,37.28227],[-80.074512,37.257062],[-80.064839,37.260343],[-80.051202,37.2522],[-80.033464,37.26289],[-80.037146,37.250754],[-80.02883,37.24365],[-80.018472,37.248174],[-80.004179,37.24642],[-79.998191,37.252158],[-79.994392,37.241179],[-79.988175,37.237319],[-79.982631,37.240432],[-79.981429,37.229726],[-79.976005,37.236799],[-79.966532,37.219848],[-79.955005,37.211988],[-79.946817,37.213037],[-79.944314,37.222878],[-79.937705,37.226976],[-79.92638,37.223001],[-79.920378,37.240304],[-79.905097,37.244633],[-79.90719,37.248472],[-79.900492,37.257573],[-79.90919,37.260776],[-79.901071,37.264831],[-79.909328,37.277946],[-79.917889,37.28043],[-79.896425,37.283436],[-79.883273,37.293765],[-79.889885,37.284269],[-79.884236,37.283686],[-79.87855,37.29189],[-79.879276,37.304047],[-79.90546,37.321835],[-79.919223,37.320866],[-79.918066,37.328414],[-79.929288,37.319974],[-79.946206,37.320945],[-79.949734,37.326254],[-79.959013,37.320139],[-79.966892,37.337421],[-80.004961,37.315644],[-80.013848,37.316153],[-80.022226,37.308338],[-80.027941,37.311026],[-80.033596,37.324293],[-80.06226,37.310987],[-80.065882,37.313052],[-80.068906,37.307252],[-80.072002,37.311952],[-80.072718,37.304475],[-80.083162,37.297936],[-80.098851,37.292862],[-80.102757,37.296599],[-80.12049,37.287053]]]}},{"type":"Feature","properties":{"GEOID":"51175","NAME":"Southampton","state":"VA","wildfire_risk_score":15.776,"wildfire_eal_total":5091.4,"risk_band":"Moderate","source":"FEMA National Risk Index v1.20 (December 2025)"},"geometry":{"type":"Polygon","coordinates":[[[-77.501917,36.670506],[-77.344798,36.752586],[-77.121793,36.857741],[-76.849105,36.995573],[-76.854118,36.979799],[-76.851196,36.974153],[-76.85897,36.956031],[-76.845298,36.940793],[-76.844829,36.932596],[-76.831432,36.929591],[-76.835658,36.91939],[-76.827306,36.920762],[-76.815601,36.914278],[-76.819087,36.906873],[-76.814941,36.900465],[-76.827272,36.887483],[-76.818031,36.880584],[-76.838687,36.866758],[-76.833855,36.862853],[-76.840847,36.855752],[-76.851915,36.853731],[-76.849285,36.846256],[-76.859689,36.835699],[-76.855625,36.827207],[-76.862027,36.826807],[-76.868881,36.808449],[-76.861718,36.80064],[-76.86559,36.789574],[-76.88499,36.780222],[-76.889389,36.771535],[-76.88462,36.764402],[-76.898305,36.761998],[-76.901724,36.755008],[-76.894807,36.747034],[-76.915377,36.736455],[-76.914176,36.722144],[-76.922585,36.715922],[-76.922643,36.709558],[-76.952438,36.70868],[-76.967212,36.702588],[-76.969434,36.696134],[-76.965216,36.694257],[-76.966486,36.680449],[-76.947438,36.67588],[-76.962339,36.667515],[-76.9004,36.645731],[-76.891345,36.630445],[-76.899996,36.620463],[-76.912268,36.617895],[-76.90731,36.612116],[-76.912617,36.601711],[-76.909476,36.579167],[-76.920251,36.577614],[-76.917996,36.572568],[-76.926141,36.571952],[-76.930936,36.559569],[-76.91573,36.553309],[-76.916048,36.543815],[-77.2968141999365,36.5447390516936],[-77.31234,36.547131],[-77.312431,36.551761],[-77.322681,36.550605],[-77.322716,36.555399],[-77.331747,36.557844],[-77.336081,36.550769],[-77.348393,36.550629],[-77.361101,36.565094],[-77.362415,36.573277],[-77.355613,36.582828],[-77.357653,36.600799],[-77.364216,36.601437],[-77.362636,36.606795],[-77.371357,36.607169],[-77.371529,36.614167],[-77.367611,36.614028],[-77.375631,36.620507],[-77.373502,36.629637],[-77.382723,36.633268],[-77.385964,36.629584],[-77.38649,36.641814],[-77.39014,36.638874],[-77.396573,36.646698],[-77.407063,36.647568],[-77.41496,36.653964],[-77.438207,36.654594],[-77.439326,36.650204],[-77.447354,36.649699],[-77.457078,36.650849],[-77.457314,36.655561],[-77.463298,36.652065],[-77.46936,36.660142],[-77.477219,36.661717],[-77.477599,36.669102],[-77.501917,36.670506]]]}},{"type":"Feature","properties":{"GEOID":"51113","NAME":"Madison","state":"VA","wildfire_risk_score":39.758,"wildfire_eal_total":27583.47,"risk_band":"High","source":"FEMA National Risk Index v1.20 (December 2025)"},"geometry":{"type":"Polygon","coordinates":[[[-78.450037,38.480848],[-78.441428,38.490491],[-78.446774,38.499286],[-78.436268,38.522146],[-78.442767,38.527775],[-78.438463,38.530815],[-78.430208,38.526893],[-78.407449,38.551696],[-78.38895,38.554899],[-78.380777,38.56151],[-78.383193,38.588319],[-78.361938,38.612123],[-78.355202,38.611976],[-78.338176,38.627312],[-78.139494,38.453029],[-78.139781,38.449096],[-78.122972,38.440276],[-78.118972,38.434794],[-78.126517,38.425724],[-78.115537,38.422787],[-78.118117,38.415983],[-78.105458,38.413485],[-78.107412,38.409389],[-78.096083,38.404343],[-78.095899,38.393115],[-78.091841,38.390482],[-78.105648,38.382803],[-78.114975,38.383209],[-78.111297,38.381813],[-78.118359,38.367233],[-78.116354,38.359092],[-78.106093,38.347926],[-78.107784,38.343808],[-78.091178,38.338835],[-78.082718,38.327836],[-78.091203,38.327403],[-78.10041,38.318797],[-78.105174,38.312141],[-78.094498,38.311242],[-78.096139,38.301694],[-78.112022,38.288677],[-78.120135,38.287779],[-78.123652,38.278787],[-78.136364,38.282352],[-78.146121,38.27623],[-78.144747,38.283158],[-78.14857,38.284028],[-78.15853,38.274298],[-78.152476,38.265718],[-78.18297,38.267667],[-78.18111,38.261005],[-78.176363,38.262722],[-78.177889,38.254229],[-78.206339,38.241259],[-78.217658,38.242161],[-78.221104,38.230089],[-78.252822,38.234483],[-78.253157,38.240106],[-78.272537,38.251526],[-78.267717,38.2637],[-78.295347,38.276949],[-78.304856,38.274356],[-78.304715,38.269192],[-78.314656,38.272779],[-78.319513,38.268766],[-78.332423,38.271611],[-78.34132,38.280185],[-78.350261,38.277969],[-78.34849,38.288536],[-78.356244,38.288394],[-78.366479,38.295765],[-78.365415,38.300249],[-78.357579,38.300587],[-78.365763,38.317437],[-78.383061,38.31867],[-78.404386,38.335829],[-78.415761,38.355674],[-78.427641,38.363582],[-78.423626,38.382701],[-78.428763,38.391712],[-78.436546,38.394948],[-78.440801,38.409686],[-78.434187,38.421484],[-78.43507,38.45179],[-78.452801,38.475527],[-78.450037,38.480848]]]}},{"type":"Feature","properties":{"GEOID":"51185","NAME":"Tazewell","state":"VA","wildfire_risk_score":57.729,"wildfire_eal_total":52731.14,"risk_band":"High","source":"FEMA National Risk Index v1.20 (December 2025)"},"geometry":{"type":"Polygon","coordinates":[[[-81.900892,37.142553],[-81.897262,37.152228],[-81.889777,37.149074],[-81.867123,37.15776],[-81.872517,37.164332],[-81.857503,37.1743],[-81.822216,37.1787],[-81.787299,37.190792],[-81.773917,37.20386],[-81.761894,37.201927],[-81.754106,37.220377],[-81.741086,37.225756],[-81.743342,37.232269],[-81.7392766866866,37.2388369743647],[-81.723061,37.240493],[-81.71573,37.228771],[-81.695113,37.21357],[-81.683544,37.211452],[-81.67821,37.201483],[-81.556119,37.207413],[-81.544437,37.220761],[-81.507325,37.2338],[-81.498874,37.258025],[-81.492287,37.25096],[-81.480144,37.251121],[-81.447655,37.272245],[-81.416663,37.273214],[-81.40506,37.298794],[-81.396817,37.304498],[-81.394287,37.316411],[-81.386727,37.320474],[-81.374455,37.318614],[-81.362156,37.337687],[-81.320105,37.299323],[-81.225104,37.234874],[-81.252766,37.220996],[-81.284703,37.215734],[-81.263864,37.173018],[-81.31376,37.159447],[-81.333009,37.149137],[-81.32814,37.138949],[-81.265174,37.12537],[-81.261318,37.114727],[-81.270674,37.092413],[-81.343825,37.062076],[-81.377944,37.053571],[-81.399281,37.057678],[-81.436602,37.041137],[-81.457622,37.039023],[-81.462279,37.035402],[-81.43673,37.010135],[-81.480519,36.986291],[-81.483786,36.990242],[-81.472402,36.998052],[-81.475203,37.008517],[-81.468569,37.014437],[-81.474539,37.018476],[-81.495026,37.014986],[-81.510392,37.003429],[-81.533791,36.996065],[-81.576142,36.989693],[-81.640781,36.948506],[-81.682786,36.932934],[-81.708788,36.977011],[-81.760048,36.960364],[-81.780545,36.958629],[-81.818338,37.042647],[-81.889673,37.110887],[-81.900892,37.142553]]]}},{"type":"Feature","properties":{"GEOID":"51191","NAME":"Washington","state":"VA","wildfire_risk_score":33.174,"wildfire_eal_total":14795.62,"risk_band":"High","source":"FEMA National Risk Index v1.20 (December 2025)"},"geometry":{"type":"Polygon","coordinates":[[[-82.330337,36.710996],[-82.300342,36.730916],[-82.224516,36.762904],[-82.103853,36.798167],[-82.116897,36.817926],[-82.114836,36.826169],[-82.078777,36.854725],[-81.979884,36.881193],[-81.976049,36.869502],[-81.94595,36.864607],[-81.885255,36.889544],[-81.837096,36.929039],[-81.699561,36.789316],[-81.61903,36.633997],[-81.605798,36.638374],[-81.605381,36.634001],[-81.6109,36.616952],[-81.627599,36.611613],[-81.922644,36.616213],[-81.934144,36.594213],[-82.1455730331036,36.594710944091],[-82.105678,36.629731],[-82.113316,36.637675],[-82.10299,36.646397],[-82.103909,36.651091],[-82.110772,36.649348],[-82.12129,36.658441],[-82.114693,36.665144],[-82.132643,36.677656],[-82.130353,36.670189],[-82.144542,36.669896],[-82.130838,36.668511],[-82.12095,36.657701],[-82.126655,36.653491],[-82.11673,36.649743],[-82.121964,36.646936],[-82.114325,36.638403],[-82.123401,36.633734],[-82.137215,36.632947],[-82.140264,36.638031],[-82.158277,36.630433],[-82.15784,36.626745],[-82.178502,36.627066],[-82.233384,36.604083],[-82.2394479334158,36.5957359060532],[-82.2941391924011,36.595705583357],[-82.307823,36.619667],[-82.330337,36.710996]],[[-82.121964,36.646936],[-82.125705,36.650685],[-82.128364,36.650541],[-82.124666,36.645004],[-82.121964,36.646936]]]}},{"type":"Feature","properties":{"GEOID":"51051","NAME":"Dickenson","state":"VA","wildfire_risk_score":83.27,"wildfire_eal_total":436217.52,"risk_band":"High","source":"FEMA National Risk Index v1.20 (December 2025)"},"geometry":{"type":"Polygon","coordinates":[[[-82.553835,37.202841],[-82.449164,37.243908],[-82.355343,37.26522],[-82.342068,37.274109],[-82.341849,37.280886],[-82.324619,37.28318],[-82.309415,37.300066],[-82.292503,37.305782],[-82.270325,37.289709],[-82.266439,37.281034],[-82.250561,37.272886],[-82.236308,37.212014],[-82.202047,37.155877],[-82.197137,37.159304],[-82.191552,37.156268],[-82.189634,37.145357],[-82.181667,37.140981],[-82.183808,37.136393],[-82.174856,37.133162],[-82.171955,37.115443],[-82.158227,37.110904],[-82.162786,37.099067],[-82.140915,37.069858],[-82.14441,37.064985],[-82.136024,37.061303],[-82.139605,37.057585],[-82.137048,37.050255],[-82.160533,37.037151],[-82.174037,37.038988],[-82.184013,37.026797],[-82.196419,37.03103],[-82.254902,36.990219],[-82.261926,36.98945],[-82.274427,37.001504],[-82.284655,36.99847],[-82.348572,36.958162],[-82.362386,36.955717],[-82.365461,36.968764],[-82.372501,36.975877],[-82.380446,36.975822],[-82.378821,36.980806],[-82.404517,36.986313],[-82.467071,37.021968],[-82.478392,37.022845],[-82.476849,37.034542],[-82.491641,37.043389],[-82.494358,37.059954],[-82.546135,37.125118],[-82.553835,37.202841]]]}},{"type":"Feature","properties":{"GEOID":"51131","NAME":"Northampton","state":"VA","wildfire_risk_score":29.803,"wildfire_eal_total":9374.09,"risk_band":"Moderate","source":"FEMA National Risk Index v1.20 (December 2025)"},"geometry":{"type":"MultiPolygon","coordinates":[[[[-75.981032,37.097145],[-75.978019,37.103319],[-75.962048,37.107498],[-75.942887,37.098042],[-75.944895,37.088035],[-75.967202,37.084598],[-75.978716,37.090967],[-75.981032,37.097145]]],[[[-76.0247994394309,37.2626855899573],[-76.022251,37.271829],[-76.012997,37.279441],[-76.016325,37.289369],[-76.011809,37.297406],[-76.021553,37.300512],[-76.014899,37.328218],[-75.984025,37.369854],[-75.986153,37.382124],[-75.974374,37.385463],[-75.968313,37.395471],[-75.967481,37.399814],[-75.974731,37.404818],[-75.98034,37.402744],[-75.983105,37.415802],[-75.979631,37.438295],[-75.95845,37.469455],[-75.963496,37.475352],[-75.958966,37.500133],[-75.933124,37.553874],[-75.90041,37.557265],[-75.883119,37.549318],[-75.838472,37.555423],[-75.788084,37.528859],[-75.798248,37.515929],[-75.80543,37.513923],[-75.803297,37.505259],[-75.791656,37.50381],[-75.793521,37.488837],[-75.812615,37.475418],[-75.805447,37.463282],[-75.78703,37.464578],[-75.776564,37.454589],[-75.763912,37.463308],[-75.730917,37.460477],[-75.70908,37.448562],[-75.663336,37.461121],[-75.662063,37.443418],[-75.722552,37.368653],[-75.743587,37.328502],[-75.775876,37.298663],[-75.792906,37.30166],[-75.797601,37.296108],[-75.792024,37.281985],[-75.797154,37.25437],[-75.81854,37.244209],[-75.813688,37.236595],[-75.80371,37.238626],[-75.801381,37.220461],[-75.829284,37.207095],[-75.81886,37.201791],[-75.820642,37.192987],[-75.835559,37.181173],[-75.835456,37.174539],[-75.898372,37.118552],[-75.921015,37.11179],[-75.923035,37.114728],[-75.911508,37.122877],[-75.927789,37.130268],[-75.970073,37.11719],[-75.978177,37.158781],[-76.013058,37.206028],[-76.009075,37.232241],[-76.023683,37.252574],[-76.0247994394309,37.2626855899573]]]]}},{"type":"Feature","properties":{"GEOID":"51179","NAME":"Stafford","state":"VA","wildfire_risk_score":18.193,"wildfire_eal_total":9296.09,"risk_band":"Moderate","source":"FEMA National Risk Index v1.20 (December 2025)"},"geometry":{"type":"Polygon","coordinates":[[[-77.634217,38.416553],[-77.628189,38.433544],[-77.634072,38.442234],[-77.628448,38.449789],[-77.633979,38.461283],[-77.63152,38.470302],[-77.560869,38.527059],[-77.491821,38.590645],[-77.476847,38.592286],[-77.464079,38.578676],[-77.447566,38.58093],[-77.403101,38.551686],[-77.381037,38.529777],[-77.382477,38.526521],[-77.375907,38.52655],[-77.371042,38.520161],[-77.334558,38.514212],[-77.327003,38.50657],[-77.311538,38.501499],[-77.308162,38.501079],[-77.308632,38.506111],[-77.298675,38.505308],[-77.300081,38.510277],[-77.2993615815404,38.5115027793977],[-77.296421,38.509212],[-77.299709,38.503149],[-77.310334,38.493926],[-77.322622,38.467131],[-77.326291,38.443598],[-77.31108,38.400479],[-77.31698,38.395485],[-77.317288,38.383576],[-77.296077,38.369797],[-77.288145,38.359477],[-77.2870968325169,38.3488000844294],[-77.320918,38.34608],[-77.32158,38.338142],[-77.330094,38.33401],[-77.326682,38.319027],[-77.33929,38.303138],[-77.339886,38.28555],[-77.34744,38.272237],[-77.343265,38.268488],[-77.345102,38.261468],[-77.328208,38.252925],[-77.326893,38.244443],[-77.340623,38.252616],[-77.3604,38.242423],[-77.376892,38.24995],[-77.39085,38.245589],[-77.417433,38.256335],[-77.424154,38.266673],[-77.434311,38.271278],[-77.467053,38.31866],[-77.474726,38.321021],[-77.481386,38.316477],[-77.498754,38.32543],[-77.512518,38.325356],[-77.527185,38.320655],[-77.529058,38.308631],[-77.54046,38.313816],[-77.550601,38.329087],[-77.567119,38.335279],[-77.5706,38.347951],[-77.584673,38.346806],[-77.603194,38.333057],[-77.606849,38.336711],[-77.602568,38.348671],[-77.618727,38.367835],[-77.621768,38.388909],[-77.633065,38.393737],[-77.634217,38.416553]]]}},{"type":"Feature","properties":{"GEOID":"51103","NAME":"Lancaster","state":"VA","wildfire_risk_score":18.384,"wildfire_eal_total":4782.46,"risk_band":"Moderate","source":"FEMA National Risk Index v1.20 (December 2025)"},"geometry":{"type":"Polygon","coordinates":[[[-76.634226,37.790532],[-76.625451,37.796185],[-76.629799,37.805219],[-76.608475,37.805865],[-76.591751,37.815351],[-76.58564,37.811821],[-76.581451,37.820153],[-76.585548,37.823723],[-76.564735,37.837288],[-76.517242,37.83469],[-76.507828,37.838814],[-76.508105,37.833284],[-76.494838,37.841203],[-76.477639,37.837394],[-76.468399,37.822794],[-76.459933,37.820379],[-76.44148,37.822253],[-76.429636,37.829043],[-76.418735,37.822934],[-76.419552,37.806389],[-76.401056,37.780249],[-76.381917,37.779534],[-76.364434,37.768521],[-76.36907,37.758253],[-76.36325,37.751413],[-76.361838,37.736794],[-76.376131,37.713204],[-76.349658,37.70085],[-76.349549,37.695348],[-76.3317514230591,37.6852592076829],[-76.334174,37.682283],[-76.325143,37.674852],[-76.332867,37.670808],[-76.339892,37.655966],[-76.332562,37.645817],[-76.331798,37.629783],[-76.319795,37.62696],[-76.310882,37.632889],[-76.314328,37.640889],[-76.305891,37.641077],[-76.292534,37.636098],[-76.280077,37.615145],[-76.292184,37.615042],[-76.308624,37.624607],[-76.322053,37.620089],[-76.343682,37.62376],[-76.35711,37.618488],[-76.361887,37.609017],[-76.385738,37.629111],[-76.403295,37.627355],[-76.414947,37.638231],[-76.429151,37.641252],[-76.43976,37.652426],[-76.45548,37.651074],[-76.459685,37.659612],[-76.472392,37.665772],[-76.454321,37.677204],[-76.468701,37.695731],[-76.480229,37.69291],[-76.487121,37.685386],[-76.477852,37.677768],[-76.501857,37.658202],[-76.502927,37.654156],[-76.494855,37.65307],[-76.497564,37.647056],[-76.510187,37.642324],[-76.534187,37.660941],[-76.537228,37.698892],[-76.569554,37.734396],[-76.58429,37.770859],[-76.602024,37.772731],[-76.620576,37.787828],[-76.631027,37.786413],[-76.634226,37.790532]]]}},{"type":"Feature","properties":{"GEOID":"51159","NAME":"Richmond","state":"VA","wildfire_risk_score":4.135,"wildfire_eal_total":1049.51,"risk_band":"Low","source":"FEMA National Risk Index v1.20 (December 2025)"},"geometry":{"type":"Polygon","coordinates":[[[-76.938036,38.085432],[-76.911392,38.097435],[-76.876889,38.124444],[-76.868661,38.117281],[-76.862494,38.102041],[-76.822843,38.065177],[-76.814246,38.059001],[-76.797227,38.058305],[-76.757332,38.030676],[-76.75886,38.010625],[-76.765961,38.001546],[-76.748871,37.994897],[-76.728989,37.99919],[-76.700569,37.984545],[-76.681924,37.981057],[-76.671502,37.985002],[-76.656292,37.982169],[-76.647957,37.968258],[-76.628125,37.968582],[-76.604912,37.948177],[-76.59329,37.948444],[-76.556042,37.931524],[-76.541073,37.890331],[-76.547885,37.867643],[-76.537674,37.858669],[-76.511236,37.849651],[-76.507828,37.838814],[-76.517242,37.83469],[-76.564735,37.837288],[-76.585548,37.823723],[-76.581451,37.820153],[-76.58564,37.811821],[-76.591751,37.815351],[-76.608475,37.805865],[-76.626259,37.806815],[-76.6295066897103,37.8004973537624],[-76.642445,37.805482],[-76.651413,37.796239],[-76.680197,37.825654],[-76.701606,37.822677],[-76.713379,37.832619],[-76.726143,37.836227],[-76.731186,37.849815],[-76.74118,37.85525],[-76.738395,37.865373],[-76.747552,37.875864],[-76.765711,37.879274],[-76.766038,37.893221],[-76.77923,37.911507],[-76.798482,37.925194],[-76.810128,37.924257],[-76.823676,37.934006],[-76.835441,37.932131],[-76.850058,37.951156],[-76.846731,37.956123],[-76.853015,37.974628],[-76.857635,37.97346],[-76.871212,37.985914],[-76.895693,37.989099],[-76.912278,38.051683],[-76.922647,38.07109],[-76.936959,38.077074],[-76.938036,38.085432]]]}},{"type":"Feature","properties":{"GEOID":"51015","NAME":"Augusta","state":"VA","wildfire_risk_score":72.01,"wildfire_eal_total":186306.17,"risk_band":"High","source":"FEMA National Risk Index v1.20 (December 2025)"},"geometry":{"type":"Polygon","coordinates":[[[-79.533282,38.156145],[-79.521526,38.16284],[-79.527055,38.170951],[-79.511678,38.176829],[-79.511868,38.182338],[-79.502979,38.191164],[-79.492218,38.195365],[-79.495946,38.200918],[-79.477251,38.211013],[-79.48107,38.216744],[-79.464806,38.222231],[-79.438653,38.216243],[-79.43367,38.229493],[-79.409738,38.243094],[-79.399665,38.260546],[-79.408647,38.278007],[-79.400607,38.293331],[-79.391411,38.292132],[-79.38108,38.318924],[-79.370894,38.329991],[-79.363468,38.330805],[-79.367661,38.335452],[-79.356465,38.344658],[-79.354557,38.352217],[-79.337018,38.360643],[-79.340275,38.366592],[-79.333007,38.377171],[-79.308495,38.382963],[-79.308539,38.393752],[-79.322644,38.401287],[-79.321072,38.406385],[-79.290529,38.420757],[-79.282971,38.418095],[-79.279678,38.424173],[-79.282762,38.431647],[-79.267414,38.438322],[-79.254435,38.455949],[-79.242641,38.454168],[-79.240059,38.469841],[-79.2243090862597,38.4776607800969],[-78.914289,38.304319],[-78.888258,38.303691],[-78.749396,38.206648],[-78.752611,38.194238],[-78.771769,38.166101],[-78.779496,38.132092],[-78.788073,38.126404],[-78.787544,38.117288],[-78.779211,38.106875],[-78.783749,38.099851],[-78.777203,38.093217],[-78.781078,38.080757],[-78.793927,38.077511],[-78.792788,38.069504],[-78.829927,38.054025],[-78.858104,38.029432],[-78.873692,38.028624],[-78.881951,38.018176],[-78.887931,37.996621],[-78.906945,37.987538],[-78.907699,37.976211],[-78.89261,37.974964],[-78.902336,37.958233],[-78.899053,37.948862],[-78.919831,37.946268],[-78.925501,37.940424],[-78.942068,37.940237],[-78.956949,37.925879],[-78.959056,37.920457],[-78.955245,37.916714],[-78.981119,37.90596],[-79.00579,37.881587],[-79.016472,37.888051],[-79.017276,37.893209],[-79.044329,37.890903],[-79.052255,37.912794],[-79.062283,37.91752],[-79.091223,37.910931],[-79.146639,37.888826],[-79.15739,37.891003],[-79.183978,37.914194],[-79.33776,38.000189],[-79.493253,38.095384],[-79.445118,38.147568],[-79.436942,38.163243],[-79.446257,38.168259],[-79.458725,38.163088],[-79.483923,38.170272],[-79.509181,38.154939],[-79.527044,38.151831],[-79.533282,38.156145]],[[-79.11357,38.153153],[-79.104669,38.138727],[-79.086569,38.126964],[-79.06994,38.131022],[-79.049819,38.121176],[-79.020308,38.143725],[-79.012384,38.166191],[-79.024304,38.176508],[-79.020413,38.181597],[-79.011381,38.181737],[-79.024808,38.192161],[-79.022841,38.195645],[-79.033789,38.199018],[-79.044545,38.190043],[-79.060144,38.18684],[-79.088241,38.187926],[-79.101419,38.179256],[-79.11357,38.153153]],[[-78.9507,38.06448],[-78.943198,38.06202],[-78.949417,38.056956],[-78.946801,38.051985],[-78.93023,38.049548],[-78.921941,38.031403],[-78.901192,38.045255],[-78.891772,38.039438],[-78.870961,38.040051],[-78.865153,38.048979],[-78.86566,38.062283],[-78.856084,38.069153],[-78.855918,38.074652],[-78.865519,38.082325],[-78.864449,38.095738],[-78.878437,38.091305],[-78.903795,38.099802],[-78.921446,38.088475],[-78.92872,38.091305],[-78.934979,38.076853],[-78.950277,38.069486],[-78.9507,38.06448]]]}},{"type":"Feature","properties":{"GEOID":"51181","NAME":"Surry","state":"VA","wildfire_risk_score":16.889,"wildfire_eal_total":5510.55,"risk_band":"Moderate","source":"FEMA National Risk Index v1.20 (December 2025)"},"geometry":{"type":"Polygon","coordinates":[[[-77.155967,37.113947],[-77.079005,37.172604],[-77.072587,37.184641],[-77.043995,37.192425],[-77.043411,37.202278],[-77.024069,37.201028],[-77.024264,37.2066],[-77.01178,37.21241],[-77.018811,37.219593],[-77.012301,37.232883],[-77.004851,37.23167],[-77.001728,37.238693],[-76.993485,37.23652],[-76.972439,37.248501],[-76.9439217543485,37.2346885285224],[-76.947078,37.228031],[-76.902513,37.199827],[-76.890927,37.199506],[-76.865704,37.209024],[-76.801023,37.206043],[-76.802511,37.198308],[-76.796905,37.189404],[-76.761926,37.16811],[-76.747632,37.150548],[-76.73728,37.146164],[-76.715295,37.148035],[-76.69541,37.178487],[-76.691993,37.195019],[-76.686581,37.197271],[-76.663774,37.173875],[-76.67147,37.158739],[-76.671588,37.14206],[-76.675742,37.136499],[-76.672654,37.132771],[-76.680286,37.126291],[-76.679358,37.111427],[-76.675166,37.108643],[-76.68419,37.103891],[-76.684478,37.088164],[-76.695647,37.083284],[-76.693391,37.073556],[-76.701183,37.066196],[-76.699311,37.05842],[-76.837581,37.002237],[-76.953546,36.94445],[-76.96605,37.000392],[-76.969558,37.040162],[-76.963507,37.043711],[-76.965681,37.054835],[-76.977587,37.050711],[-76.983129,37.053753],[-76.984108,37.049791],[-77.004997,37.051988],[-77.006726,37.058306],[-77.014667,37.057898],[-77.035796,37.070103],[-77.044621,37.070196],[-77.049625,37.062601],[-77.074667,37.066259],[-77.078523,37.068479],[-77.075468,37.072324],[-77.079557,37.084477],[-77.102325,37.084539],[-77.11225,37.100806],[-77.127281,37.097097],[-77.13922,37.104151],[-77.148393,37.101407],[-77.155967,37.113947]]]}},{"type":"Feature","properties":{"GEOID":"51059","NAME":"Fairfax","state":"VA","wildfire_risk_score":33.969,"wildfire_eal_total":24366.01,"risk_band":"High","source":"FEMA National Risk Index v1.20 (December 2025)"},"geometry":{"type":"MultiPolygon","coordinates":[[[[-77.316477,38.846146],[-77.314988,38.845457],[-77.306605,38.846259],[-77.308765,38.84284],[-77.316488,38.845005],[-77.316477,38.846146]]],[[[-77.536976,38.842752],[-77.328281093199,39.0577948715365],[-77.246003,39.024909],[-77.244603,39.020109],[-77.255703,39.002409],[-77.244621,38.982535],[-77.234803,38.97631],[-77.229992,38.979858],[-77.221502,38.97131],[-77.197502,38.96681],[-77.151084,38.965832],[-77.137701,38.95531],[-77.1197966910841,38.9343702373596],[-77.172276,38.893245],[-77.194712,38.899073],[-77.189854,38.894395],[-77.194257,38.886114],[-77.189754,38.878136],[-77.17374,38.878724],[-77.155906,38.872626],[-77.149701,38.87567],[-77.110183,38.844795],[-77.124642,38.841376],[-77.141865,38.825424],[-77.13719,38.821502],[-77.144359,38.810357],[-77.137562,38.798169],[-77.10383,38.803476],[-77.077475,38.80081],[-77.040372554527,38.785355394851],[-77.041487,38.72591],[-77.053199,38.709915],[-77.078062,38.713427],[-77.122001,38.685816],[-77.132501,38.673816],[-77.135901,38.649817],[-77.1302,38.635017],[-77.158091,38.636871],[-77.168906,38.625452],[-77.201969,38.617675],[-77.215701,38.63707],[-77.203369,38.64012],[-77.193268,38.650887],[-77.197784,38.656177],[-77.2338972448928,38.6613355322521],[-77.257915,38.684701],[-77.30206,38.707622],[-77.316347,38.701173],[-77.326141,38.702046],[-77.320233,38.710842],[-77.331638,38.7113],[-77.335378,38.719453],[-77.356678,38.725443],[-77.372107,38.710975],[-77.379983,38.719893],[-77.378106,38.734203],[-77.389708,38.743009],[-77.388469,38.749054],[-77.401357,38.752249],[-77.404527,38.745847],[-77.411774,38.744932],[-77.406673,38.752678],[-77.417186,38.761261],[-77.41278,38.762743],[-77.413391,38.77253],[-77.433316,38.779959],[-77.443084,38.803653],[-77.450586,38.802227],[-77.4523,38.796334],[-77.492757,38.797663],[-77.489228,38.808505],[-77.505059,38.816199],[-77.50394,38.825639],[-77.512368,38.830403],[-77.508812,38.84107],[-77.529616,38.837011],[-77.536976,38.842752]],[[-77.334822,38.851492],[-77.318755,38.842014],[-77.318693,38.835172],[-77.301326,38.833103],[-77.296735,38.837314],[-77.287257,38.836122],[-77.286078,38.841721],[-77.27052,38.840902],[-77.268919,38.862775],[-77.291659,38.867498],[-77.292264,38.871586],[-77.303139,38.869208],[-77.304754,38.863383],[-77.328788,38.864848],[-77.334822,38.851492]]]]}},{"type":"Feature","properties":{"GEOID":"51069","NAME":"Frederick","state":"VA","wildfire_risk_score":57.824,"wildfire_eal_total":105223.11,"risk_band":"High","source":"FEMA National Risk Index v1.20 (December 2025)"},"geometry":{"type":"Polygon","coordinates":[[[-78.540216,39.060631],[-78.522714,39.071062],[-78.49516,39.100992],[-78.459869,39.113351],[-78.439429,39.132146],[-78.427294,39.152726],[-78.403697,39.167451],[-78.426315,39.182762],[-78.424905,39.193301],[-78.438651,39.198049],[-78.405585,39.231176],[-78.399669,39.243874],[-78.419422,39.257476],[-78.402886,39.278624],[-78.393371,39.282988],[-78.364686,39.317312],[-78.360035,39.317771],[-78.347409,39.343402],[-78.339284,39.348605],[-78.34048,39.353492],[-78.366867,39.35929],[-78.343214,39.388807],[-78.350924,39.390985],[-78.349436,39.397252],[-78.359918,39.409028],[-78.346718,39.427618],[-78.353227,39.436792],[-78.346546,39.442616],[-78.347087,39.466012],[-78.0331853088999,39.2646209889705],[-78.045391,39.241825],[-78.042262,39.236702],[-78.048245,39.234934],[-78.050543,39.228318],[-78.057917,39.227727],[-78.059593,39.21807],[-78.064734,39.216302],[-78.062146,39.210127],[-78.070097,39.211085],[-78.068133,39.204988],[-78.074575,39.204631],[-78.069788,39.200791],[-78.075529,39.197812],[-78.071206,39.193445],[-78.07736,39.192094],[-78.072969,39.178311],[-78.08186,39.171478],[-78.079692,39.166175],[-78.087016,39.163899],[-78.081881,39.159168],[-78.088789,39.156118],[-78.085145,39.152702],[-78.095377,39.14048],[-78.094873,39.131004],[-78.102346,39.120319],[-78.108274,39.119285],[-78.101983,39.106261],[-78.110523,39.104238],[-78.107052,39.100353],[-78.112944,39.091908],[-78.125317,39.089214],[-78.136987,39.07437],[-78.153562,39.031593],[-78.164229,39.017904],[-78.185596,39.020181],[-78.18583,39.016544],[-78.31408,39.007994],[-78.319714,39.018956],[-78.313966,39.02484],[-78.32102,39.031491],[-78.309464,39.033923],[-78.31917,39.036583],[-78.325525,39.044992],[-78.33208,39.041389],[-78.330203,39.050184],[-78.334028,39.047912],[-78.347186,39.059724],[-78.335711,39.060171],[-78.341692,39.069505],[-78.324474,39.075729],[-78.336744,39.084564],[-78.328948,39.090271],[-78.334017,39.090778],[-78.333763,39.09848],[-78.340074,39.10286],[-78.343702,39.095695],[-78.36294,39.097167],[-78.37587,39.092066],[-78.393217,39.101693],[-78.392114,39.092673],[-78.399404,39.095253],[-78.419847,39.085298],[-78.432204,39.0717],[-78.430937,39.066333],[-78.448199,39.056038],[-78.444811,39.047234],[-78.451089,39.042421],[-78.447425,39.03502],[-78.454136,39.027797],[-78.5441928910609,39.0565696646112],[-78.540216,39.060631]],[[-78.200497,39.180163],[-78.189446,39.174988],[-78.199948,39.153141],[-78.196629,39.142151],[-78.18249,39.136695],[-78.183145,39.131065],[-78.151097,39.173166],[-78.136725,39.184371],[-78.15667,39.196031],[-78.155418,39.20097],[-78.159931,39.203099],[-78.164374,39.19876],[-78.187901,39.204759],[-78.200497,39.180163]]]}},{"type":"Feature","properties":{"GEOID":"51141","NAME":"Patrick","state":"VA","wildfire_risk_score":22.328,"wildfire_eal_total":7683.75,"risk_band":"Moderate","source":"FEMA National Risk Index v1.20 (December 2025)"},"geometry":{"type":"Polygon","coordinates":[[[-80.625602,36.60619],[-80.61936,36.612027],[-80.621751,36.619833],[-80.604573,36.636949],[-80.602708,36.652881],[-80.592857,36.65498],[-80.594947,36.661372],[-80.578148,36.662118],[-80.56489,36.652523],[-80.55328,36.652776],[-80.549872,36.642479],[-80.539047,36.641029],[-80.501191,36.656612],[-80.488737,36.650354],[-80.4893,36.661867],[-80.466011,36.673072],[-80.45377,36.700447],[-80.46418,36.708718],[-80.461502,36.72491],[-80.452573,36.732531],[-80.457761,36.739212],[-80.443794,36.747859],[-80.411719,36.741844],[-80.394754,36.744439],[-80.397377,36.764327],[-80.387659,36.769959],[-80.391998,36.77609],[-80.385605,36.783249],[-80.390928,36.792613],[-80.386909,36.797676],[-80.349951,36.808973],[-80.341635,36.820227],[-80.344295,36.832276],[-80.328733,36.830564],[-80.317297,36.843729],[-80.305165,36.842286],[-80.294171,36.847809],[-80.288447,36.85877],[-80.255234,36.864671],[-80.253304,36.870687],[-80.235455,36.87213],[-80.099725,36.84588],[-80.074392,36.846599],[-80.066449,36.841057],[-80.069143,36.834559],[-80.078869,36.835226],[-80.070701,36.830499],[-80.07267,36.823278],[-80.041737,36.797942],[-80.041493,36.794365],[-80.05349,36.791101],[-80.075021,36.790761],[-80.095141,36.778203],[-80.088946,36.759935],[-80.094744,36.746326],[-80.084702,36.740146],[-80.093552,36.72149],[-80.081518,36.703221],[-80.07577,36.680829],[-80.058488,36.660681],[-80.060455,36.634489],[-80.054749,36.629479],[-80.050211,36.609333],[-80.0534585356035,36.5425366652957],[-80.295243,36.543973],[-80.6120580996221,36.557871889559],[-80.614973,36.588427],[-80.623187,36.592454],[-80.625602,36.60619]]]}},{"type":"Feature","properties":{"GEOID":"51027","NAME":"Buchanan","state":"VA","wildfire_risk_score":72.042,"wildfire_eal_total":133006.08,"risk_band":"High","source":"FEMA National Risk Index v1.20 (December 2025)"},"geometry":{"type":"Polygon","coordinates":[[[-82.3068922261848,37.3017341115945],[-81.968012,37.538035],[-81.967583,37.532815],[-81.957379,37.535198],[-81.95663,37.52849],[-81.94401,37.530964],[-81.94766,37.52508],[-81.943865,37.512879],[-81.934057,37.519469],[-81.926736,37.51304],[-81.953147,37.501314],[-81.953264,37.491763],[-81.964986,37.493488],[-81.977593,37.484603],[-81.989849,37.484879],[-81.996075,37.471526],[-81.987006,37.454878],[-81.976176,37.457186],[-81.968795,37.451496],[-81.970383,37.447688],[-81.957427,37.449051],[-81.935621,37.438397],[-81.940553,37.429058],[-81.93695,37.41992],[-81.923481,37.411379],[-81.930042,37.405291],[-81.928778,37.393845],[-81.936744,37.38073],[-81.93106,37.375466],[-81.933382,37.369341],[-81.926697,37.364618],[-81.928497,37.360645],[-81.899495,37.341102],[-81.893773,37.330105],[-81.878713,37.331753],[-81.860267,37.315715],[-81.865683,37.309484],[-81.859624,37.304765],[-81.85446,37.30657],[-81.853551,37.287701],[-81.849949,37.285227],[-81.838762,37.286343],[-81.819625,37.279411],[-81.805382,37.285622],[-81.793425,37.281674],[-81.789294,37.284416],[-81.774684,37.274807],[-81.757631,37.274003],[-81.740974,37.254052],[-81.744291,37.244178],[-81.7392766866866,37.2388369743647],[-81.743342,37.232269],[-81.740135,37.2295],[-81.754106,37.220377],[-81.761894,37.201927],[-81.773917,37.20386],[-81.787299,37.190792],[-81.822216,37.1787],[-81.857503,37.1743],[-81.872517,37.164332],[-81.867123,37.15776],[-81.889777,37.149074],[-81.897262,37.152228],[-81.900892,37.142553],[-81.909555,37.139972],[-81.914273,37.130722],[-81.92348,37.133886],[-81.932249,37.126599],[-81.963992,37.128086],[-81.967242,37.122103],[-81.974695,37.120675],[-81.987124,37.123533],[-81.990295,37.128695],[-81.999247,37.118622],[-82.007716,37.119871],[-82.010142,37.107328],[-82.016861,37.102278],[-82.013474,37.098463],[-82.021136,37.08911],[-82.021093,37.083718],[-82.014165,37.081628],[-82.021267,37.074782],[-82.017962,37.068527],[-82.031701,37.065198],[-82.035864,37.051458],[-82.045338,37.046669],[-82.055668,37.048225],[-82.075701,37.038217],[-82.087883,37.041567],[-82.096737,37.052033],[-82.107131,37.048303],[-82.107315,37.041345],[-82.113447,37.039655],[-82.13629,37.04378],[-82.147284,37.040508],[-82.137048,37.050255],[-82.139605,37.057585],[-82.136024,37.061303],[-82.14441,37.064985],[-82.140915,37.069858],[-82.162786,37.099067],[-82.158227,37.110904],[-82.171955,37.115443],[-82.174856,37.133162],[-82.183808,37.136393],[-82.181667,37.140981],[-82.189634,37.145357],[-82.191552,37.156268],[-82.197137,37.159304],[-82.202047,37.155877],[-82.236308,37.212014],[-82.250561,37.272886],[-82.266439,37.281034],[-82.270325,37.289709],[-82.292503,37.305782],[-82.3068922261848,37.3017341115945]]]}},{"type":"Feature","properties":{"GEOID":"51093","NAME":"Isle of Wight","state":"VA","wildfire_risk_score":48.441,"wildfire_eal_total":55287.69,"risk_band":"High","source":"FEMA National Risk Index v1.20 (December 2025)"},"geometry":{"type":"Polygon","coordinates":[[[-76.928333,36.704689],[-76.914176,36.722144],[-76.915377,36.736455],[-76.894807,36.747034],[-76.901724,36.755008],[-76.898305,36.761998],[-76.88462,36.764402],[-76.889389,36.771535],[-76.88499,36.780222],[-76.86559,36.789574],[-76.861718,36.80064],[-76.868881,36.808449],[-76.862027,36.826807],[-76.855625,36.827207],[-76.859689,36.835699],[-76.849285,36.846256],[-76.851915,36.853731],[-76.840847,36.855752],[-76.833855,36.862853],[-76.838687,36.866758],[-76.818031,36.880584],[-76.827272,36.887483],[-76.814941,36.900465],[-76.819087,36.906873],[-76.815601,36.914278],[-76.827306,36.920762],[-76.835658,36.91939],[-76.831432,36.929591],[-76.844829,36.932596],[-76.845298,36.940793],[-76.85897,36.956031],[-76.851196,36.974153],[-76.854212,36.978646],[-76.849684,36.996211],[-76.697631,37.059796],[-76.701183,37.066196],[-76.693391,37.073556],[-76.695647,37.083284],[-76.684478,37.088164],[-76.68419,37.103891],[-76.675166,37.108643],[-76.679358,37.111427],[-76.680286,37.126291],[-76.672654,37.132771],[-76.67379,37.140979],[-76.667092,37.140452],[-76.664477,37.121882],[-76.656894,37.109843],[-76.669822,37.06426],[-76.662558,37.045748],[-76.646013,37.036228],[-76.612124,37.035604],[-76.586491,37.02874],[-76.57606,37.015395],[-76.584849,37.006139],[-76.5802,36.997045],[-76.570866,36.998173],[-76.567883,37.003181],[-76.556927,37.002014],[-76.540646,36.988251],[-76.524853,36.983833],[-76.521006,36.973187],[-76.513363,36.968057],[-76.495962,36.964991],[-76.486455,36.95654],[-76.485528,36.938576],[-76.495249,36.941439],[-76.499171,36.937545],[-76.4951708895556,36.9224996367245],[-76.500425,36.914626],[-76.521099,36.90633],[-76.526428,36.914628],[-76.53352,36.915563],[-76.897592,36.64405],[-76.912598,36.650697],[-76.917742,36.662368],[-76.912015,36.672717],[-76.924982,36.682195],[-76.912221,36.698408],[-76.925691,36.698329],[-76.928333,36.704689]]]}},{"type":"Feature","properties":{"GEOID":"51095","NAME":"James City","state":"VA","wildfire_risk_score":46.406,"wildfire_eal_total":47571.94,"risk_band":"High","source":"FEMA National Risk Index v1.20 (December 2025)"},"geometry":{"type":"Polygon","coordinates":[[[-76.914226,37.356791],[-76.897792,37.373802],[-76.904471,37.377665],[-76.900203,37.385759],[-76.892164,37.383381],[-76.900529,37.395889],[-76.894153,37.400228],[-76.892062,37.432418],[-76.856274,37.44805],[-76.82413,37.450728],[-76.792354,37.435446],[-76.786549,37.438047],[-76.776893,37.433923],[-76.770355,37.438608],[-76.770279,37.434992],[-76.76816,37.439225],[-76.764431,37.436953],[-76.761545,37.446466],[-76.757995,37.4455],[-76.765696,37.4515],[-76.760473,37.45253],[-76.760258,37.458691],[-76.756375,37.456428],[-76.756789,37.461715],[-76.741984,37.467076],[-76.727586,37.444156],[-76.658651,37.380139],[-76.679967,37.366886],[-76.683377,37.370114],[-76.710436,37.364764],[-76.727103,37.371248],[-76.741896,37.370612],[-76.755511,37.35422],[-76.754542,37.340154],[-76.734576,37.331427],[-76.735948,37.32344],[-76.727859,37.305927],[-76.730966,37.310104],[-76.740465,37.305737],[-76.740949,37.301586],[-76.733218,37.297571],[-76.734095,37.286439],[-76.724899,37.28076],[-76.742204,37.276201],[-76.738657,37.27537],[-76.738554,37.261318],[-76.72626,37.249952],[-76.673143,37.247657],[-76.664233,37.251106],[-76.680925,37.260595],[-76.68029,37.265732],[-76.669266,37.26603],[-76.651277,37.239154],[-76.627323,37.231469],[-76.601254,37.237567],[-76.595578,37.230234],[-76.591279,37.207167],[-76.577975,37.187073],[-76.611112,37.169855],[-76.629868,37.206738],[-76.659842,37.223205],[-76.692999,37.223678],[-76.702625,37.217148],[-76.731507,37.212228],[-76.758242,37.215539],[-76.758361,37.211564],[-76.734995,37.203161],[-76.75047,37.190098],[-76.780532,37.209336],[-76.798885,37.234749],[-76.822178,37.243642],[-76.869522,37.242157],[-76.873635,37.250075],[-76.867693,37.251967],[-76.866267,37.258493],[-76.8751867295737,37.260803177855],[-76.883076,37.275924],[-76.880831,37.287259],[-76.871685,37.295597],[-76.880005,37.309874],[-76.874685,37.320434],[-76.873632,37.342561],[-76.880598,37.350241],[-76.873507,37.363415],[-76.877099,37.369189],[-76.88477,37.368566],[-76.909647,37.348643],[-76.915863,37.352615],[-76.914226,37.356791]]]}},{"type":"Feature","properties":{"GEOID":"51111","NAME":"Lunenburg","state":"VA","wildfire_risk_score":15.363,"wildfire_eal_total":2974.37,"risk_band":"Moderate","source":"FEMA National Risk Index v1.20 (December 2025)"},"geometry":{"type":"Polygon","coordinates":[[[-78.493028,36.89122],[-78.443644,37.079371],[-78.382321,37.089494],[-78.359844,37.106108],[-78.307903,37.09898],[-78.284337,37.101538],[-78.239354,37.120089],[-78.225693,37.107233],[-78.230659,37.098835],[-78.224286,37.089685],[-78.211177,37.083442],[-78.206123,37.085822],[-78.199555,37.077883],[-78.193045,37.081155],[-78.18879,37.073514],[-78.170716,37.076188],[-78.171408,37.054521],[-78.160163,37.051544],[-78.160593,37.047037],[-78.119895,37.035476],[-78.116524,37.030032],[-78.108963,37.02928],[-78.108217,37.022074],[-78.100401,37.025188],[-78.082794,37.016635],[-78.082565,37.011075],[-78.059516,37.011809],[-78.054381,37.013502],[-78.055493,37.017162],[-78.031788,37.014459],[-78.003639,37.022756],[-78.027411,36.777858],[-78.04746,36.784313],[-78.051926,36.776649],[-78.058126,36.776832],[-78.105207,36.800711],[-78.111977,36.79984],[-78.108955,36.789179],[-78.119364,36.78707],[-78.174616,36.80305],[-78.241822,36.808187],[-78.243391,36.814502],[-78.282137,36.822289],[-78.294171,36.835769],[-78.303792,36.836731],[-78.305072,36.843184],[-78.325769,36.84902],[-78.329585,36.854512],[-78.329214,36.850004],[-78.339521,36.850848],[-78.338551,36.845037],[-78.344899,36.842312],[-78.359711,36.859654],[-78.368112,36.86139],[-78.395016,36.859494],[-78.397206,36.863842],[-78.401197,36.856383],[-78.414893,36.857005],[-78.421187,36.851652],[-78.430123,36.871082],[-78.463331,36.871882],[-78.493028,36.89122]]]}},{"type":"Feature","properties":{"GEOID":"51177","NAME":"Spotsylvania","state":"VA","wildfire_risk_score":17.43,"wildfire_eal_total":9001.14,"risk_band":"Moderate","source":"FEMA National Risk Index v1.20 (December 2025)"},"geometry":{"type":"Polygon","coordinates":[[[-77.947054,38.120035],[-77.943948,38.128396],[-77.92793,38.138124],[-77.920296,38.154673],[-77.915999,38.153334],[-77.907591,38.16098],[-77.901526,38.158611],[-77.897659,38.171135],[-77.871501,38.191028],[-77.871026,38.198279],[-77.877422,38.202185],[-77.856596,38.203185],[-77.834769,38.231304],[-77.827736,38.230001],[-77.819809,38.241622],[-77.811375,38.244675],[-77.807423,38.255583],[-77.792919,38.259591],[-77.787224,38.266454],[-77.791092,38.267961],[-77.781057,38.277718],[-77.770779,38.280135],[-77.771422,38.288075],[-77.766955,38.287534],[-77.743042,38.309373],[-77.739329,38.32095],[-77.727081,38.323893],[-77.719802,38.335594],[-77.715214,38.3356],[-77.718561,38.341889],[-77.712084,38.346074],[-77.714863,38.349201],[-77.709164,38.35771],[-77.705197,38.354932],[-77.707999,38.358738],[-77.679539,38.359908],[-77.672438,38.369927],[-77.647664,38.377779],[-77.637143,38.371873],[-77.644212,38.36665],[-77.639502,38.359029],[-77.626558,38.368855],[-77.613099,38.364681],[-77.602568,38.348671],[-77.606849,38.336711],[-77.603194,38.333057],[-77.584673,38.346806],[-77.567461,38.34602],[-77.569123,38.337322],[-77.54546,38.325081],[-77.54046,38.313816],[-77.514803,38.305331],[-77.516623,38.29501],[-77.507823,38.292272],[-77.511671,38.279953],[-77.496853,38.282956],[-77.494628,38.27388],[-77.473836,38.270151],[-77.466464,38.279971],[-77.457512,38.271402],[-77.450232,38.274815],[-77.454402,38.283573],[-77.447126,38.284614],[-77.438882,38.281579],[-77.434311,38.271278],[-77.424154,38.266673],[-77.417433,38.256335],[-77.39085,38.245589],[-77.376892,38.24995],[-77.370297,38.246576],[-77.642518,37.990688],[-77.659129,37.991814],[-77.660975,37.997593],[-77.667988,37.997702],[-77.677489,38.00659],[-77.71189,38.012721],[-77.722212,38.023238],[-77.731312,38.021238],[-77.728312,38.027738],[-77.732313,38.031637],[-77.739513,38.033038],[-77.746913,38.023638],[-77.747913,38.037637],[-77.740913,38.037737],[-77.748213,38.042137],[-77.745213,38.050837],[-77.756113,38.048237],[-77.768514,38.051737],[-77.784214,38.063137],[-77.786614,38.076037],[-77.811121,38.079692],[-77.819716,38.092436],[-77.838217,38.106239],[-77.845517,38.104338],[-77.842917,38.101438],[-77.847017,38.098438],[-77.851218,38.104337],[-77.856117,38.099837],[-77.859816,38.105237],[-77.888416,38.113136],[-77.901817,38.108136],[-77.912518,38.111536],[-77.916718,38.118336],[-77.929741,38.113729],[-77.947054,38.120035]]]}},{"type":"Feature","properties":{"GEOID":"51087","NAME":"Henrico","state":"VA","wildfire_risk_score":34.542,"wildfire_eal_total":21422.56,"risk_band":"High","source":"FEMA National Risk Index v1.20 (December 2025)"},"geometry":{"type":"Polygon","coordinates":[[[-77.652847,37.565409],[-77.634712,37.565975],[-77.630553,37.576715],[-77.61643,37.577555],[-77.618321,37.588974],[-77.628326,37.594593],[-77.626353,37.598806],[-77.640243,37.60269],[-77.643172,37.613797],[-77.651803,37.616656],[-77.654452,37.640725],[-77.640924,37.678075],[-77.641907,37.687887],[-77.637748,37.686671],[-77.630234,37.7073],[-77.62252,37.704891],[-77.607061,37.709663],[-77.595394,37.697036],[-77.557856,37.681919],[-77.543432,37.684646],[-77.522216,37.700149],[-77.494891,37.701526],[-77.49011,37.688768],[-77.480637,37.681943],[-77.471574,37.687659],[-77.46031,37.678228],[-77.448847,37.684337],[-77.443205,37.682157],[-77.420679,37.636503],[-77.405382,37.626033],[-77.408706,37.614656],[-77.4036,37.605105],[-77.305938,37.561011],[-77.265909,37.551856],[-77.246806,37.53931],[-77.231846,37.539638],[-77.177324,37.4906],[-77.225972,37.405372],[-77.214593,37.393522],[-77.215071,37.385932],[-77.224269,37.380221],[-77.234608,37.381563],[-77.248749,37.394735],[-77.253947,37.387613],[-77.248351,37.382603],[-77.26753,37.373489],[-77.269703,37.356202],[-77.286455,37.351972],[-77.305485,37.357997],[-77.310747,37.365782],[-77.311526,37.373278],[-77.298205,37.392087],[-77.300313,37.405255],[-77.308647,37.404016],[-77.308737,37.392451],[-77.318706,37.380171],[-77.360354,37.374881],[-77.357893,37.384189],[-77.365208,37.390917],[-77.372682,37.390196],[-77.37574,37.381697],[-77.386308,37.386622],[-77.384594,37.397527],[-77.398536,37.405378],[-77.394986,37.404814],[-77.399084,37.421266],[-77.414118,37.419731],[-77.426873,37.426148],[-77.428605,37.434593],[-77.417515,37.45181],[-77.422815,37.496136],[-77.41651,37.517133],[-77.410185,37.517216],[-77.408309,37.510611],[-77.393877,37.504954],[-77.39427,37.514884],[-77.387389,37.517063],[-77.393905,37.526108],[-77.386037,37.528919],[-77.385513,37.535172],[-77.393246,37.537298],[-77.395079,37.549355],[-77.411711,37.55234],[-77.408309,37.557652],[-77.415236,37.56292],[-77.409517,37.568964],[-77.413323,37.579964],[-77.439349,37.585493],[-77.437616,37.598685],[-77.447581,37.60281],[-77.454413,37.60189],[-77.454475,37.597496],[-77.478146,37.598892],[-77.479206,37.587651],[-77.472527,37.578747],[-77.482368,37.573138],[-77.492899,37.581786],[-77.499937,37.575397],[-77.532559,37.591783],[-77.53203,37.582571],[-77.543883,37.581331],[-77.547469,37.572535],[-77.525855,37.568235],[-77.529827,37.559225],[-77.605953,37.555464],[-77.649239,37.559613],[-77.652847,37.565409]]]}},{"type":"Feature","properties":{"GEOID":"51101","NAME":"King William","state":"VA","wildfire_risk_score":8.906,"wildfire_eal_total":4269.3,"risk_band":"Low","source":"FEMA National Risk Index v1.20 (December 2025)"},"geometry":{"type":"Polygon","coordinates":[[[-77.345575,37.792204],[-77.25027,37.872431],[-77.241422,37.909712],[-77.230793,37.907332],[-77.226517,37.89866],[-77.220355,37.90367],[-77.211493,37.901163],[-77.216324,37.891323],[-77.208284,37.885631],[-77.205454,37.891887],[-77.178788,37.889125],[-77.169004,37.897045],[-77.162508,37.89152],[-77.164718,37.883934],[-77.148592,37.880255],[-77.150581,37.874832],[-77.163198,37.872476],[-77.163589,37.865813],[-77.155007,37.869376],[-77.147363,37.864583],[-77.133194,37.865414],[-77.14131,37.856128],[-77.130604,37.840957],[-77.121518,37.836855],[-77.126454,37.826637],[-77.115857,37.814842],[-77.120841,37.80763],[-77.114081,37.804811],[-77.100043,37.813399],[-77.093027,37.809402],[-77.092476,37.802217],[-77.104589,37.800908],[-77.106776,37.794271],[-77.099243,37.783404],[-77.082548,37.781325],[-77.073723,37.773227],[-77.074335,37.767331],[-77.089542,37.755191],[-77.082197,37.747133],[-77.059403,37.74951],[-77.035189,37.720947],[-77.01246,37.722788],[-77.000633,37.708536],[-76.975097,37.708403],[-76.966943,37.689779],[-76.936085,37.68921],[-76.916734,37.695296],[-76.916006,37.684698],[-76.905995,37.67047],[-76.912378,37.656785],[-76.880491,37.65713],[-76.85584,37.636172],[-76.857939,37.627477],[-76.87027,37.622906],[-76.868178,37.617759],[-76.852268,37.613383],[-76.838826,37.616809],[-76.833364,37.606994],[-76.814704,37.604207],[-76.825842,37.597321],[-76.822985,37.591554],[-76.795663,37.589344],[-76.79383,37.584175],[-76.799578,37.573585],[-76.785248,37.569072],[-76.777131,37.550715],[-76.788677,37.537165],[-76.786585,37.522358],[-76.792184,37.517594],[-76.79618,37.519944],[-76.818039,37.55047],[-76.824064,37.552356],[-76.831942,37.541014],[-76.857361,37.522899],[-76.877756,37.530384],[-76.853994,37.569658],[-76.856244,37.578197],[-76.868479,37.581383],[-76.882011,37.576501],[-76.873245,37.557547],[-76.875899,37.551848],[-76.902014,37.546707],[-76.905702,37.550186],[-76.903125,37.565791],[-76.917029,37.56956],[-76.942711,37.559552],[-76.947111,37.535517],[-76.973973,37.541255],[-76.976297,37.544765],[-76.959808,37.553675],[-76.955096,37.563805],[-76.965314,37.584992],[-76.992693,37.580914],[-76.982573,37.573969],[-76.981158,37.567113],[-77.000079,37.561807],[-77.016644,37.565842],[-77.025829,37.573448],[-77.019014,37.583475],[-77.036166,37.585559],[-77.053996,37.598838],[-77.067217,37.60392],[-77.07279,37.5969],[-77.084159,37.598358],[-77.0922,37.607802],[-77.089643,37.618224],[-77.120316,37.624758],[-77.129585,37.635562],[-77.115312,37.635973],[-77.117821,37.642331],[-77.109108,37.653825],[-77.11041,37.663688],[-77.119734,37.66],[-77.141735,37.665284],[-77.147562,37.675162],[-77.14727,37.664323],[-77.162739,37.668051],[-77.166375,37.660915],[-77.186674,37.657708],[-77.191892,37.666324],[-77.18213,37.674013],[-77.184602,37.686962],[-77.199224,37.689794],[-77.206615,37.676952],[-77.212809,37.678182],[-77.208629,37.683722],[-77.214539,37.688959],[-77.241576,37.686793],[-77.236785,37.692292],[-77.243859,37.699191],[-77.230341,37.713942],[-77.235489,37.717742],[-77.234674,37.72427],[-77.243823,37.726617],[-77.243968,37.730329],[-77.251793,37.722159],[-77.246951,37.720633],[-77.245986,37.710156],[-77.259872,37.713633],[-77.269475,37.723515],[-77.279567,37.713844],[-77.291967,37.713961],[-77.297181,37.724275],[-77.293509,37.739804],[-77.322496,37.733701],[-77.320949,37.743277],[-77.308024,37.741296],[-77.301224,37.75129],[-77.303586,37.755136],[-77.334409,37.754636],[-77.33739,37.764808],[-77.321817,37.769797],[-77.329683,37.777945],[-77.331753,37.791997],[-77.345575,37.792204]]]}},{"type":"Feature","properties":{"GEOID":"51155","NAME":"Pulaski","state":"VA","wildfire_risk_score":25.859,"wildfire_eal_total":8719.05,"risk_band":"Moderate","source":"FEMA National Risk Index v1.20 (December 2025)"},"geometry":{"type":"Polygon","coordinates":[[[-80.919493,37.116128],[-80.887031,37.127274],[-80.80149,37.179632],[-80.734248,37.19805],[-80.615322,37.243197],[-80.606112,37.242234],[-80.61581,37.230412],[-80.614295,37.214259],[-80.589423,37.184009],[-80.583862,37.182831],[-80.56483,37.197711],[-80.535824,37.205868],[-80.522327,37.206957],[-80.515179,37.199821],[-80.521225,37.192066],[-80.551959,37.191544],[-80.565363,37.177154],[-80.55006,37.156228],[-80.53505,37.157916],[-80.52976,37.154226],[-80.52657,37.145119],[-80.529762,37.133842],[-80.553642,37.14673],[-80.573087,37.139876],[-80.596095,37.121572],[-80.590406,37.102],[-80.57566,37.078639],[-80.567175,37.07429],[-80.560091,37.082313],[-80.556665,37.066383],[-80.547148,37.060164],[-80.552736,37.05261],[-80.543626,37.049576],[-80.544836,37.039934],[-80.555534,37.049742],[-80.565744,37.047549],[-80.562252,37.034968],[-80.558159,37.038034],[-80.555608,37.03416],[-80.555706,37.010013],[-80.543933,36.984639],[-80.548444,36.982529],[-80.548658,36.975514],[-80.553047,36.970149],[-80.56419,36.968833],[-80.568072,36.961076],[-80.579904,36.957651],[-80.597175,36.943181],[-80.627371,36.937641],[-80.636683,36.927074],[-80.654792,36.921205],[-80.659076,36.913453],[-80.680826,36.909229],[-80.68259,36.895144],[-80.740483,36.879001],[-80.802713,36.946546],[-80.809293,36.940399],[-80.809345,36.953385],[-80.835144,36.978942],[-80.893249,37.027399],[-80.930627,37.115087],[-80.919493,37.116128]]]}},{"type":"Feature","properties":{"GEOID":"51187","NAME":"Warren","state":"VA","wildfire_risk_score":36.419,"wildfire_eal_total":26414.49,"risk_band":"High","source":"FEMA National Risk Index v1.20 (December 2025)"},"geometry":{"type":"Polygon","coordinates":[[[-78.39124,38.826779],[-78.338524,38.875675],[-78.331822,38.887186],[-78.33835,38.890953],[-78.321435,38.9183],[-78.308505,38.927086],[-78.300414,38.943592],[-78.307248,38.95263],[-78.335211,38.949571],[-78.330912,38.961544],[-78.338699,38.980418],[-78.321547,38.974087],[-78.316352,38.983319],[-78.32851,38.991303],[-78.332167,39.001138],[-78.324885,39.000128],[-78.31408,39.007994],[-78.18583,39.016544],[-78.185596,39.020181],[-78.164229,39.017904],[-78.151614,39.036629],[-78.096992,39.012923],[-78.055971,39.01958],[-78.056262,39.016001],[-78.045029,39.0134],[-78.043694,39.007899],[-78.004313,38.979438],[-78.017029,38.971189],[-78.039556,38.93983],[-78.062104,38.930312],[-78.075279,38.911873],[-78.072139,38.903605],[-78.06176,38.90025],[-78.061804,38.891946],[-78.091981,38.885586],[-78.094917,38.879838],[-78.112247,38.88026],[-78.130059,38.870011],[-78.131175,38.861697],[-78.152641,38.854384],[-78.151407,38.848359],[-78.159957,38.836495],[-78.170957,38.829279],[-78.170708,38.819445],[-78.180191,38.817751],[-78.184702,38.792836],[-78.206687,38.774204],[-78.230219,38.769194],[-78.253268,38.757046],[-78.271016,38.761862],[-78.284805,38.759315],[-78.29494,38.78424],[-78.327157,38.79171],[-78.343259,38.805571],[-78.394704,38.82279],[-78.39124,38.826779]]]}},{"type":"Feature","properties":{"GEOID":"51137","NAME":"Orange","state":"VA","wildfire_risk_score":30.63,"wildfire_eal_total":19027.0,"risk_band":"Moderate","source":"FEMA National Risk Index v1.20 (December 2025)"},"geometry":{"type":"Polygon","coordinates":[[[-78.364853,38.189284],[-78.288837,38.272656],[-78.267717,38.2637],[-78.272537,38.251526],[-78.253157,38.240106],[-78.252822,38.234483],[-78.221104,38.230089],[-78.217658,38.242161],[-78.206339,38.241259],[-78.177889,38.254229],[-78.176363,38.262722],[-78.18111,38.261005],[-78.18297,38.267667],[-78.152476,38.265718],[-78.15853,38.274298],[-78.14857,38.284028],[-78.144747,38.283158],[-78.146121,38.27623],[-78.136364,38.282352],[-78.123652,38.278787],[-78.120135,38.287779],[-78.112022,38.288677],[-78.096139,38.301694],[-78.095913,38.31089],[-78.077815,38.316294],[-78.06905,38.308389],[-78.053824,38.317705],[-78.036994,38.311945],[-78.030817,38.32776],[-78.016423,38.331682],[-77.993872,38.349348],[-77.975732,38.347087],[-77.972949,38.358946],[-77.958711,38.353656],[-77.949898,38.360522],[-77.91958,38.365602],[-77.911858,38.370668],[-77.907493,38.382883],[-77.892674,38.388679],[-77.886978,38.388159],[-77.881557,38.37848],[-77.854377,38.382279],[-77.841715,38.377502],[-77.835746,38.382087],[-77.811873,38.379141],[-77.781686,38.364117],[-77.774522,38.368418],[-77.787766,38.376618],[-77.771186,38.39303],[-77.745074,38.383287],[-77.750996,38.377755],[-77.746012,38.375396],[-77.733904,38.375993],[-77.703043,38.360894],[-77.718561,38.341889],[-77.715214,38.3356],[-77.719802,38.335594],[-77.727081,38.323893],[-77.739329,38.32095],[-77.743042,38.309373],[-77.766955,38.287534],[-77.771422,38.288075],[-77.770779,38.280135],[-77.781057,38.277718],[-77.791092,38.267961],[-77.7879,38.26372],[-77.807423,38.255583],[-77.811375,38.244675],[-77.819809,38.241622],[-77.827736,38.230001],[-77.834769,38.231304],[-77.859859,38.200601],[-77.877422,38.202185],[-77.871026,38.198279],[-77.871501,38.191028],[-77.897659,38.171135],[-77.901526,38.158611],[-77.907591,38.16098],[-77.915999,38.153334],[-77.920296,38.154673],[-77.92793,38.138124],[-77.943948,38.128396],[-77.948449,38.11803],[-77.984012,38.120856],[-78.00216,38.138571],[-78.021701,38.142165],[-78.024595,38.136588],[-78.030164,38.139666],[-78.047876,38.135883],[-78.076498,38.141577],[-78.0805,38.146623],[-78.101748,38.152567],[-78.11224,38.147654],[-78.116561,38.140046],[-78.133958,38.1387],[-78.144342,38.142999],[-78.171423,38.129688],[-78.209384,38.131128],[-78.368984,38.184146],[-78.364853,38.189284]]]}},{"type":"Feature","properties":{"GEOID":"51067","NAME":"Franklin","state":"VA","wildfire_risk_score":38.136,"wildfire_eal_total":18621.06,"risk_band":"High","source":"FEMA National Risk Index v1.20 (December 2025)"},"geometry":{"type":"Polygon","coordinates":[[[-80.231988,36.875134],[-80.198854,36.901524],[-80.197818,36.920693],[-80.191969,36.921756],[-80.182841,36.934745],[-80.184834,36.939707],[-80.173752,36.952409],[-80.161665,36.954805],[-80.158283,36.948683],[-80.145127,36.949405],[-80.139626,36.963912],[-80.13445,36.965085],[-80.143692,36.980337],[-80.121247,36.991669],[-80.125741,36.996365],[-80.135429,36.996213],[-80.135867,37.004085],[-80.113542,37.009215],[-80.116683,37.017337],[-80.112608,37.019336],[-80.117142,37.025145],[-80.104413,37.026449],[-80.111676,37.031176],[-80.111808,37.045874],[-80.122798,37.055642],[-80.107667,37.073256],[-80.109769,37.085829],[-80.115787,37.090198],[-80.113024,37.098109],[-80.124077,37.10882],[-80.123119,37.119707],[-80.128674,37.122901],[-80.122166,37.131736],[-80.107955,37.136992],[-80.104396,37.150326],[-80.090042,37.152747],[-80.086024,37.162],[-80.074699,37.15715],[-80.031688,37.17458],[-80.023379,37.170431],[-80.0092,37.172708],[-80.00085,37.16554],[-80.005221,37.159833],[-80.001182,37.151665],[-79.991282,37.152759],[-79.989602,37.143419],[-79.974984,37.143249],[-79.962822,37.137274],[-79.953785,37.139547],[-79.944793,37.151088],[-79.913907,37.165163],[-79.911823,37.176955],[-79.895123,37.181834],[-79.893859,37.199308],[-79.887311,37.200282],[-79.882568,37.209712],[-79.872062,37.215526],[-79.851981,37.215059],[-79.851902,37.22373],[-79.847217,37.225406],[-79.842677,37.216547],[-79.833008,37.216049],[-79.829775,37.224557],[-79.819572,37.226405],[-79.803614,37.215525],[-79.794827,37.219495],[-79.794543,37.231074],[-79.782145,37.232729],[-79.774203,37.216826],[-79.779924,37.213422],[-79.776606,37.202627],[-79.769456,37.197998],[-79.762093,37.201387],[-79.757703,37.189968],[-79.718275,37.18972],[-79.709354,37.169293],[-79.711146,37.162522],[-79.702926,37.149444],[-79.696294,37.152842],[-79.702355,37.164295],[-79.688192,37.149739],[-79.679893,37.155877],[-79.670485,37.149621],[-79.651194,37.126749],[-79.641069,37.103113],[-79.626406,37.092163],[-79.615522,37.091586],[-79.611347,37.083066],[-79.621503,37.083155],[-79.622408,37.078611],[-79.592308,37.050669],[-79.602649,37.048679],[-79.594069,37.042206],[-79.640652,36.856139],[-79.669153,36.827838],[-79.687154,36.825038],[-79.690954,36.828838],[-79.736255,36.812938],[-79.749754,36.799238],[-79.748855,36.794437],[-79.761056,36.788337],[-79.764156,36.798538],[-79.769256,36.794437],[-79.786756,36.800737],[-79.802056,36.792137],[-79.999771,36.830738],[-80.012032,36.789644],[-80.017884,36.793733],[-80.027194,36.791262],[-80.013194,36.783748],[-80.025178,36.780752],[-80.07267,36.823278],[-80.070701,36.830499],[-80.078869,36.835226],[-80.069143,36.834559],[-80.066449,36.841057],[-80.074392,36.846599],[-80.099725,36.84588],[-80.235455,36.87213],[-80.231988,36.875134]]]}},{"type":"Feature","properties":{"GEOID":"51139","NAME":"Page","state":"VA","wildfire_risk_score":53.34,"wildfire_eal_total":45700.8,"risk_band":"High","source":"FEMA National Risk Index v1.20 (December 2025)"},"geometry":{"type":"Polygon","coordinates":[[[-78.691145,38.511211],[-78.675741,38.533984],[-78.654389,38.591747],[-78.627449,38.616848],[-78.589891,38.686406],[-78.54894,38.738542],[-78.50926,38.725626],[-78.494051,38.741176],[-78.470091,38.752583],[-78.394704,38.82279],[-78.343259,38.805571],[-78.327157,38.79171],[-78.290403,38.780373],[-78.291061,38.768628],[-78.284805,38.759315],[-78.29054,38.750373],[-78.299477,38.748369],[-78.304898,38.73817],[-78.318775,38.737866],[-78.332216,38.705638],[-78.319918,38.698239],[-78.314386,38.682509],[-78.323838,38.672092],[-78.317546,38.669499],[-78.319864,38.657783],[-78.315581,38.651564],[-78.32587,38.630718],[-78.340984,38.625684],[-78.355202,38.611976],[-78.360018,38.613783],[-78.383193,38.588319],[-78.380777,38.56151],[-78.385221,38.557582],[-78.407449,38.551696],[-78.430208,38.526893],[-78.438463,38.530815],[-78.442767,38.527775],[-78.436268,38.522146],[-78.446774,38.499286],[-78.441428,38.490491],[-78.462658,38.459528],[-78.465073,38.447],[-78.474328,38.445586],[-78.476566,38.432146],[-78.48574,38.421579],[-78.538018,38.429639],[-78.548302,38.426401],[-78.558734,38.447217],[-78.622531,38.465806],[-78.617493,38.474193],[-78.631734,38.485169],[-78.633082,38.496867],[-78.646308,38.491641],[-78.691145,38.511211]]]}},{"type":"Feature","properties":{"GEOID":"51127","NAME":"New Kent","state":"VA","wildfire_risk_score":27.322,"wildfire_eal_total":15401.42,"risk_band":"Moderate","source":"FEMA National Risk Index v1.20 (December 2025)"},"geometry":{"type":"Polygon","coordinates":[[[-77.240988,37.538088],[-77.170941,37.596524],[-77.140356,37.592226],[-77.139641,37.605181],[-77.132679,37.60924],[-77.138121,37.615795],[-77.133805,37.626414],[-77.123675,37.626881],[-77.089643,37.618224],[-77.0922,37.607802],[-77.084159,37.598358],[-77.07279,37.5969],[-77.067217,37.60392],[-77.036166,37.585559],[-77.019014,37.583475],[-77.025829,37.573448],[-77.010734,37.563841],[-76.984014,37.56514],[-76.980757,37.571339],[-76.992693,37.580914],[-76.965314,37.584992],[-76.955901,37.56902],[-76.95676,37.557035],[-76.976297,37.544765],[-76.952966,37.535784],[-76.945314,37.536566],[-76.943449,37.557109],[-76.937314,37.563123],[-76.907202,37.568618],[-76.902562,37.563812],[-76.905261,37.548963],[-76.893857,37.545668],[-76.873139,37.555063],[-76.882011,37.576501],[-76.869785,37.581255],[-76.858427,37.579541],[-76.853994,37.569658],[-76.877756,37.530384],[-76.857361,37.522899],[-76.821078,37.552038],[-76.792184,37.517594],[-76.789524,37.503862],[-76.756803,37.48833],[-76.741984,37.467076],[-76.756789,37.461715],[-76.756375,37.456428],[-76.760258,37.458691],[-76.760473,37.45253],[-76.765696,37.4515],[-76.757995,37.4455],[-76.761545,37.446466],[-76.764431,37.436953],[-76.76816,37.439225],[-76.770279,37.434992],[-76.770355,37.438608],[-76.776893,37.433923],[-76.786549,37.438047],[-76.792354,37.435446],[-76.82413,37.450728],[-76.856274,37.44805],[-76.892062,37.432418],[-76.894153,37.400228],[-76.900529,37.395889],[-76.892164,37.383381],[-76.900203,37.385759],[-76.904471,37.377665],[-76.918847,37.385522],[-76.906368,37.392609],[-76.90492,37.404914],[-76.916742,37.39538],[-76.92761,37.399566],[-76.933289,37.387985],[-76.942518,37.383238],[-76.945329,37.394115],[-76.936854,37.403419],[-76.940828,37.409883],[-76.953999,37.403491],[-76.968821,37.406511],[-76.972732,37.410208],[-76.969622,37.416743],[-76.982,37.420861],[-76.988911,37.414961],[-76.998263,37.418196],[-77.01611,37.414015],[-77.023601,37.417816],[-77.026677,37.429006],[-77.060043,37.429287],[-77.059677,37.434891],[-77.070143,37.439931],[-77.095948,37.440275],[-77.100646,37.447087],[-77.119073,37.455822],[-77.1185,37.461557],[-77.126874,37.471583],[-77.141747,37.468382],[-77.141977,37.476346],[-77.160805,37.475302],[-77.157776,37.486044],[-77.170383,37.481416],[-77.171264,37.487238],[-77.191937,37.501237],[-77.193983,37.50754],[-77.207007,37.513446],[-77.221244,37.533229],[-77.231846,37.539638],[-77.240988,37.538088]]]}},{"type":"Feature","properties":{"GEOID":"51125","NAME":"Nelson","state":"VA","wildfire_risk_score":46.66,"wildfire_eal_total":31187.6,"risk_band":"High","source":"FEMA National Risk Index v1.20 (December 2025)"},"geometry":{"type":"Polygon","coordinates":[[[-79.171034,37.805535],[-79.158032,37.819881],[-79.16013,37.826574],[-79.154674,37.832652],[-79.15887,37.838794],[-79.144473,37.855912],[-79.151537,37.865981],[-79.146483,37.875224],[-79.15739,37.891003],[-79.146639,37.888826],[-79.091223,37.910931],[-79.062283,37.91752],[-79.052255,37.912794],[-79.044329,37.890903],[-79.017276,37.893209],[-79.016472,37.888051],[-79.005129,37.88169],[-78.981119,37.90596],[-78.955245,37.916714],[-78.959056,37.920457],[-78.956949,37.925879],[-78.942068,37.940237],[-78.925501,37.940424],[-78.919831,37.946268],[-78.899053,37.948862],[-78.902336,37.958233],[-78.89261,37.974964],[-78.907699,37.976211],[-78.906945,37.987538],[-78.887931,37.996621],[-78.881951,38.018176],[-78.873692,38.028624],[-78.859832,38.028471],[-78.838874,38.04737],[-78.682441,37.781105],[-78.693336,37.771187],[-78.684307,37.773843],[-78.667455,37.759409],[-78.683406,37.759729],[-78.686087,37.737505],[-78.662295,37.722747],[-78.652162,37.732019],[-78.643918,37.733084],[-78.655935,37.703943],[-78.640784,37.686104],[-78.651966,37.678035],[-78.66037,37.677758],[-78.677134,37.69624],[-78.691337,37.698443],[-78.695737,37.692943],[-78.688341,37.678143],[-78.710437,37.672443],[-78.71904,37.661543],[-78.712738,37.641046],[-78.715831,37.636645],[-78.739437,37.631542],[-78.794939,37.642642],[-78.82124,37.631842],[-78.82354,37.621742],[-78.809943,37.604441],[-78.832839,37.590542],[-78.830339,37.580942],[-78.81324,37.567161],[-78.82474,37.559247],[-78.824938,37.537342],[-78.840105,37.536497],[-78.858554,37.54535],[-78.869245,37.542092],[-78.872335,37.54884],[-78.883373,37.550601],[-78.89536,37.543147],[-78.963071,37.663897],[-78.971669,37.670523],[-78.967178,37.677338],[-78.983322,37.682554],[-78.982247,37.686507],[-78.988026,37.689606],[-78.986372,37.697732],[-78.995756,37.701665],[-79.005982,37.697475],[-79.014477,37.705285],[-79.030946,37.702646],[-79.066929,37.719069],[-79.064363,37.725021],[-79.069648,37.730608],[-79.065845,37.74634],[-79.07222,37.762249],[-79.066989,37.770148],[-79.074378,37.781152],[-79.089887,37.787891],[-79.114281,37.786408],[-79.120099,37.801364],[-79.128322,37.802141],[-79.137964,37.814141],[-79.171034,37.805535]]]}},{"type":"Feature","properties":{"GEOID":"51145","NAME":"Powhatan","state":"VA","wildfire_risk_score":12.85,"wildfire_eal_total":5508.93,"risk_band":"Low","source":"FEMA National Risk Index v1.20 (December 2025)"},"geometry":{"type":"Polygon","coordinates":[[[-78.132048,37.454686],[-78.087488,37.628044],[-78.09101,37.630761],[-78.086487,37.63816],[-78.089466,37.639415],[-78.083972,37.640624],[-78.084089,37.647316],[-78.075012,37.657387],[-78.0477,37.643405],[-78.017473,37.642564],[-77.983293,37.624613],[-77.95674,37.625109],[-77.943671,37.638616],[-77.956033,37.660812],[-77.949812,37.674449],[-77.92621,37.690349],[-77.915735,37.691365],[-77.897292,37.668181],[-77.830602,37.633066],[-77.823234,37.62475],[-77.824944,37.613629],[-77.817859,37.60778],[-77.765261,37.612571],[-77.732126,37.58966],[-77.705604,37.589189],[-77.655399,37.563986],[-77.797797,37.458885],[-77.798798,37.444886],[-77.808274,37.426789],[-77.833161,37.4228],[-77.846726,37.415121],[-77.858879,37.422636],[-77.856073,37.431736],[-77.865117,37.437647],[-77.866608,37.456751],[-77.894465,37.449578],[-77.897617,37.456778],[-77.893801,37.466781],[-77.898206,37.474751],[-77.914558,37.474815],[-77.924925,37.482192],[-77.937427,37.475422],[-77.955816,37.483274],[-77.985158,37.486115],[-77.99874,37.497854],[-78.015448,37.491179],[-78.017204,37.47149],[-78.049325,37.472261],[-78.066132,37.451988],[-78.092423,37.455656],[-78.098749,37.440575],[-78.100814,37.448114],[-78.12429,37.445398],[-78.132048,37.454686]]]}},{"type":"Feature","properties":{"GEOID":"51075","NAME":"Goochland","state":"VA","wildfire_risk_score":9.478,"wildfire_eal_total":3915.47,"risk_band":"Low","source":"FEMA National Risk Index v1.20 (December 2025)"},"geometry":{"type":"Polygon","coordinates":[[[-78.15905,37.749329],[-78.154463,37.76337],[-78.06331,37.905108],[-78.055562,37.904848],[-78.037243,37.890959],[-77.999051,37.87389],[-77.987636,37.864579],[-77.990819,37.857522],[-77.946863,37.852647],[-77.946234,37.843244],[-77.940284,37.838045],[-77.907178,37.821887],[-77.905668,37.808697],[-77.897191,37.80329],[-77.90768,37.792033],[-77.9091,37.776283],[-77.892475,37.769551],[-77.890806,37.762296],[-77.886339,37.76418],[-77.879399,37.759705],[-77.881807,37.757211],[-77.864167,37.754269],[-77.857974,37.759524],[-77.8592,37.754052],[-77.84455,37.749115],[-77.837033,37.751812],[-77.818304,37.746201],[-77.783973,37.721612],[-77.711709,37.706285],[-77.682518,37.705229],[-77.659356,37.710204],[-77.630817,37.705696],[-77.637748,37.686671],[-77.641907,37.687887],[-77.640924,37.678075],[-77.654452,37.640725],[-77.651803,37.616656],[-77.643172,37.613797],[-77.640243,37.60269],[-77.626353,37.598806],[-77.628326,37.594593],[-77.618321,37.588974],[-77.61643,37.577555],[-77.630553,37.576715],[-77.634712,37.565975],[-77.655399,37.563986],[-77.705604,37.589189],[-77.732126,37.58966],[-77.765261,37.612571],[-77.793254,37.612554],[-77.814985,37.606603],[-77.823687,37.611374],[-77.823234,37.62475],[-77.830602,37.633066],[-77.897292,37.668181],[-77.915735,37.691365],[-77.92621,37.690349],[-77.949812,37.674449],[-77.956033,37.660812],[-77.943671,37.638616],[-77.95674,37.625109],[-77.979559,37.623791],[-78.017473,37.642564],[-78.0477,37.643405],[-78.06336,37.64839],[-78.08427,37.668389],[-78.107445,37.671693],[-78.109587,37.680795],[-78.090847,37.696591],[-78.09275,37.708238],[-78.134689,37.738013],[-78.15905,37.749329]]]}},{"type":"Feature","properties":{"GEOID":"51037","NAME":"Charlotte","state":"VA","wildfire_risk_score":11.323,"wildfire_eal_total":2267.23,"risk_band":"Low","source":"FEMA National Risk Index v1.20 (December 2025)"},"geometry":{"type":"Polygon","coordinates":[[[-78.904587,37.022288],[-78.824209,37.205361],[-78.804622,37.203522],[-78.777293,37.229107],[-78.764099,37.228724],[-78.753944,37.220993],[-78.741112,37.224559],[-78.73492,37.22026],[-78.720357,37.237063],[-78.709755,37.236862],[-78.681573,37.248759],[-78.692472,37.204786],[-78.686059,37.193956],[-78.666353,37.19753],[-78.639768,37.192355],[-78.634927,37.170064],[-78.620417,37.157661],[-78.596756,37.152247],[-78.592817,37.143974],[-78.58412,37.140762],[-78.568117,37.148667],[-78.546871,37.150288],[-78.542671,37.140995],[-78.528735,37.141114],[-78.515468,37.132855],[-78.501882,37.114219],[-78.503544,37.106251],[-78.480891,37.085196],[-78.457654,37.085346],[-78.443644,37.079371],[-78.493028,36.89122],[-78.648541,36.697909],[-78.665822,36.706763],[-78.67116,36.720817],[-78.691511,36.74112],[-78.67903,36.75703],[-78.666145,36.764363],[-78.682979,36.792446],[-78.68043,36.801774],[-78.666995,36.811822],[-78.687292,36.825195],[-78.684726,36.832131],[-78.665778,36.841824],[-78.671463,36.857951],[-78.687142,36.863825],[-78.712977,36.896027],[-78.751651,36.92372],[-78.748461,36.929295],[-78.733171,36.932294],[-78.727315,36.938391],[-78.735091,36.952426],[-78.741766,37.00373],[-78.749727,37.008483],[-78.758159,37.005781],[-78.75967,37.000143],[-78.748358,36.987057],[-78.771689,36.985048],[-78.773844,36.957631],[-78.788332,36.952761],[-78.794862,36.955988],[-78.800705,36.972102],[-78.818772,36.984457],[-78.87189,36.985842],[-78.897094,36.977685],[-78.902031,36.987292],[-78.891773,37.00269],[-78.902515,37.011622],[-78.904587,37.022288]]]}},{"type":"Feature","properties":{"GEOID":"51063","NAME":"Floyd","state":"VA","wildfire_risk_score":49.364,"wildfire_eal_total":48427.75,"risk_band":"High","source":"FEMA National Risk Index v1.20 (December 2025)"},"geometry":{"type":"Polygon","coordinates":[[[-80.63384,36.932681],[-80.61118,36.942359],[-80.597175,36.943181],[-80.579904,36.957651],[-80.568072,36.961076],[-80.56419,36.968833],[-80.553047,36.970149],[-80.548444,36.982529],[-80.521306,36.996552],[-80.516967,37.002472],[-80.522431,37.008895],[-80.518314,37.011655],[-80.491806,36.9818],[-80.492455,36.987422],[-80.484778,36.988263],[-80.485986,36.999096],[-80.47267,36.992652],[-80.47312,37.003548],[-80.465913,36.99988],[-80.461594,37.003247],[-80.462789,37.011145],[-80.451052,37.012728],[-80.451612,37.021453],[-80.445675,37.018619],[-80.442416,37.007141],[-80.434235,37.016663],[-80.42641,37.014303],[-80.423407,37.003605],[-80.417126,37.0017],[-80.411731,37.005484],[-80.416916,37.01582],[-80.413639,37.022205],[-80.404758,37.014501],[-80.389465,37.0217],[-80.347858,37.021593],[-80.283675,37.07883],[-80.178125,37.1134],[-80.173492,37.109095],[-80.160525,37.109519],[-80.126643,37.123108],[-80.121356,37.111678],[-80.124077,37.10882],[-80.113024,37.098109],[-80.115787,37.090198],[-80.109769,37.085829],[-80.107667,37.073256],[-80.122798,37.055642],[-80.111808,37.045874],[-80.111676,37.031176],[-80.104413,37.026449],[-80.117142,37.025145],[-80.112608,37.019336],[-80.116683,37.017337],[-80.113542,37.009215],[-80.135867,37.004085],[-80.135429,36.996213],[-80.125741,36.996365],[-80.121247,36.991669],[-80.143692,36.980337],[-80.13445,36.965085],[-80.139626,36.963912],[-80.145127,36.949405],[-80.158283,36.948683],[-80.161665,36.954805],[-80.173752,36.952409],[-80.184834,36.939707],[-80.182841,36.934745],[-80.191969,36.921756],[-80.197818,36.920693],[-80.198854,36.901524],[-80.235455,36.87213],[-80.253304,36.870687],[-80.255234,36.864671],[-80.271918,36.859255],[-80.288447,36.85877],[-80.294171,36.847809],[-80.305165,36.842286],[-80.317297,36.843729],[-80.328733,36.830564],[-80.344295,36.832276],[-80.344442,36.813471],[-80.361599,36.80309],[-80.374332,36.804517],[-80.390928,36.792613],[-80.385329,36.785106],[-80.391672,36.77971],[-80.387659,36.769959],[-80.397377,36.764327],[-80.394754,36.744439],[-80.449264,36.745087],[-80.458572,36.738359],[-80.452573,36.732531],[-80.461502,36.72491],[-80.46418,36.708718],[-80.63384,36.932681]]]}},{"type":"Feature","properties":{"GEOID":"51097","NAME":"King and Queen","state":"VA","wildfire_risk_score":17.557,"wildfire_eal_total":4401.3,"risk_band":"Moderate","source":"FEMA National Risk Index v1.20 (December 2025)"},"geometry":{"type":"Polygon","coordinates":[[[-77.186961,37.90104],[-77.174838,37.903241],[-77.186414,37.911249],[-77.178794,37.928955],[-77.18396,37.941432],[-77.178772,37.946743],[-77.181962,37.949577],[-77.167006,37.964129],[-77.148634,37.972],[-77.1065,37.971645],[-77.096831,37.963868],[-77.072297,37.968309],[-77.064283,37.958407],[-77.072835,37.946395],[-77.059718,37.943097],[-77.055231,37.930883],[-77.034017,37.925454],[-77.024053,37.904937],[-77.031741,37.891232],[-77.020245,37.885276],[-77.022917,37.879594],[-77.039629,37.876707],[-77.0412,37.869026],[-77.020204,37.86105],[-77.018996,37.844883],[-77.006218,37.837074],[-76.992618,37.834594],[-76.982773,37.839447],[-76.96988,37.828692],[-76.945212,37.828174],[-76.943221,37.782955],[-76.922383,37.7945],[-76.906446,37.796236],[-76.877666,37.782098],[-76.842628,37.79804],[-76.820692,37.792461],[-76.80218,37.794646],[-76.794607,37.789802],[-76.789501,37.771199],[-76.77208,37.762322],[-76.755499,37.743914],[-76.747248,37.705773],[-76.732078,37.688074],[-76.725317,37.692013],[-76.728199,37.675591],[-76.722243,37.672957],[-76.717955,37.657732],[-76.706765,37.65283],[-76.70645,37.645078],[-76.695646,37.638644],[-76.69557,37.6302],[-76.682266,37.617242],[-76.654076,37.603174],[-76.669322,37.528508],[-76.645644,37.486339],[-76.662155,37.457802],[-76.667425,37.455525],[-76.673994,37.461323],[-76.687006,37.447882],[-76.702136,37.450523],[-76.712305,37.431309],[-76.727586,37.444156],[-76.751693,37.483941],[-76.79085,37.505762],[-76.792184,37.517594],[-76.786585,37.522358],[-76.788677,37.537165],[-76.777131,37.550715],[-76.785248,37.569072],[-76.799578,37.573585],[-76.79383,37.584175],[-76.795663,37.589344],[-76.822985,37.591554],[-76.825842,37.597321],[-76.814704,37.604207],[-76.833364,37.606994],[-76.838826,37.616809],[-76.852268,37.613383],[-76.868178,37.617759],[-76.87027,37.622906],[-76.857939,37.627477],[-76.85584,37.636172],[-76.880491,37.65713],[-76.912378,37.656785],[-76.905995,37.67047],[-76.916006,37.684698],[-76.916734,37.695296],[-76.936085,37.68921],[-76.966943,37.689779],[-76.975097,37.708403],[-77.000633,37.708536],[-77.01246,37.722788],[-77.035189,37.720947],[-77.059403,37.74951],[-77.082197,37.747133],[-77.089542,37.755191],[-77.074335,37.767331],[-77.073723,37.773227],[-77.082548,37.781325],[-77.099243,37.783404],[-77.106776,37.794271],[-77.104589,37.800908],[-77.092476,37.802217],[-77.09346,37.810066],[-77.100043,37.813399],[-77.114081,37.804811],[-77.120841,37.80763],[-77.115857,37.814842],[-77.126454,37.826637],[-77.121518,37.836855],[-77.130604,37.840957],[-77.14131,37.856128],[-77.133194,37.865414],[-77.147363,37.864583],[-77.155007,37.869376],[-77.163589,37.865813],[-77.163198,37.872476],[-77.150581,37.874832],[-77.149497,37.882063],[-77.163575,37.883037],[-77.162508,37.89152],[-77.169004,37.897045],[-77.172467,37.891404],[-77.180778,37.889886],[-77.179711,37.897448],[-77.186961,37.90104]]]}},{"type":"Feature","properties":{"GEOID":"51003","NAME":"Albemarle","state":"VA","wildfire_risk_score":64.345,"wildfire_eal_total":119999.37,"risk_band":"High","source":"FEMA National Risk Index v1.20 (December 2025)"},"geometry":{"type":"Polygon","coordinates":[[[-78.837013,38.048258],[-78.821691,38.059231],[-78.792788,38.069504],[-78.793927,38.077511],[-78.77891,38.084369],[-78.777203,38.093217],[-78.783749,38.099851],[-78.779211,38.106875],[-78.787544,38.117288],[-78.788073,38.126404],[-78.779496,38.132092],[-78.771769,38.166101],[-78.752611,38.194238],[-78.745174,38.214431],[-78.726272,38.231955],[-78.711239,38.238639],[-78.706566,38.246438],[-78.692865,38.247286],[-78.681032,38.254905],[-78.669806,38.247327],[-78.655347,38.26026],[-78.666398,38.266053],[-78.661186,38.269011],[-78.663145,38.277933],[-78.209384,38.131128],[-78.253989,38.062813],[-78.496659,37.794018],[-78.495431,37.767642],[-78.49954,37.761594],[-78.515701,37.757437],[-78.545573,37.763998],[-78.580797,37.754047],[-78.612023,37.756321],[-78.643918,37.733084],[-78.657388,37.729069],[-78.658777,37.722758],[-78.686087,37.737505],[-78.683406,37.759729],[-78.667455,37.759409],[-78.684307,37.773843],[-78.693336,37.771187],[-78.682441,37.781105],[-78.837013,38.048258]],[[-78.52368,38.022327],[-78.519157,38.010655],[-78.503313,38.0102],[-78.491355,38.017503],[-78.483023,38.012058],[-78.469504,38.011745],[-78.462089,38.022528],[-78.454668,38.021604],[-78.452213,38.027733],[-78.460959,38.028519],[-78.454732,38.045278],[-78.447718,38.045713],[-78.447573,38.056409],[-78.45688,38.055613],[-78.457296,38.049412],[-78.46613,38.0457],[-78.472258,38.04878],[-78.464405,38.064699],[-78.466889,38.06783],[-78.472602,38.067476],[-78.471754,38.070509],[-78.477378,38.06493],[-78.485202,38.068974],[-78.491579,38.061895],[-78.495034,38.065337],[-78.507616,38.056269],[-78.506783,38.044961],[-78.517369,38.041186],[-78.515527,38.036644],[-78.508096,38.035831],[-78.504591,38.042791],[-78.497791,38.033255],[-78.520179,38.029781],[-78.52368,38.022327]]]}},{"type":"Feature","properties":{"GEOID":"51840","NAME":"Winchester","state":"VA","wildfire_risk_score":5.153,"wildfire_eal_total":1536.87,"risk_band":"Low","source":"FEMA National Risk Index v1.20 (December 2025)"},"geometry":{"type":"Polygon","coordinates":[[[-78.194815,39.189556],[-78.197975,39.189551],[-78.187901,39.204759],[-78.164374,39.19876],[-78.159931,39.203099],[-78.155418,39.20097],[-78.15667,39.196031],[-78.136725,39.184371],[-78.151097,39.173166],[-78.183145,39.131065],[-78.18249,39.136695],[-78.196629,39.142151],[-78.199948,39.153141],[-78.189446,39.174988],[-78.200497,39.180163],[-78.194815,39.189556]]]}},{"type":"Feature","properties":{"GEOID":"51163","NAME":"Rockbridge","state":"VA","wildfire_risk_score":59.065,"wildfire_eal_total":67173.17,"risk_band":"High","source":"FEMA National Risk Index v1.20 (December 2025)"},"geometry":{"type":"Polygon","coordinates":[[[-79.686952,37.736485],[-79.643471,37.812754],[-79.625437,37.829726],[-79.616659,37.852201],[-79.606229,37.861788],[-79.628228,37.875003],[-79.647589,37.874538],[-79.627535,37.910141],[-79.609167,37.935623],[-79.581865,37.954397],[-79.540621,38.002079],[-79.534392,38.002977],[-79.532584,38.010906],[-79.511144,38.035258],[-79.524495,38.041123],[-79.506187,38.05557],[-79.482668,38.086054],[-79.183978,37.914194],[-79.15191,37.886226],[-79.151825,37.878793],[-79.146483,37.875224],[-79.151537,37.865981],[-79.144473,37.855912],[-79.15887,37.838794],[-79.154674,37.832652],[-79.16013,37.826574],[-79.158032,37.819881],[-79.164242,37.816327],[-79.170998,37.800315],[-79.198824,37.787982],[-79.209372,37.789156],[-79.217592,37.796042],[-79.216289,37.801263],[-79.231557,37.813175],[-79.255849,37.793426],[-79.264674,37.794694],[-79.30827,37.734086],[-79.304945,37.729056],[-79.31743,37.714764],[-79.316656,37.70336],[-79.322385,37.692755],[-79.340576,37.678634],[-79.345235,37.660625],[-79.358521,37.655792],[-79.365573,37.645697],[-79.380353,37.642759],[-79.401835,37.62599],[-79.419635,37.625665],[-79.426371,37.61551],[-79.445277,37.618248],[-79.457883,37.606009],[-79.457504,37.599323],[-79.446451,37.583955],[-79.449067,37.578761],[-79.438871,37.577847],[-79.434068,37.572327],[-79.4411,37.563445],[-79.458378,37.559892],[-79.464111,37.549557],[-79.478987,37.548379],[-79.498699,37.532797],[-79.57791,37.580807],[-79.573231,37.595569],[-79.683554,37.661763],[-79.671834,37.674304],[-79.667744,37.694375],[-79.676341,37.698803],[-79.686952,37.736485]],[[-79.46157,37.785409],[-79.455736,37.779409],[-79.46072,37.772601],[-79.455667,37.765219],[-79.427325,37.785204],[-79.421608,37.784864],[-79.42306,37.78858],[-79.415309,37.78806],[-79.437123,37.794748],[-79.453328,37.793157],[-79.46157,37.785409]],[[-79.381123,37.740411],[-79.37485,37.738859],[-79.376981,37.727761],[-79.366497,37.726073],[-79.376175,37.721353],[-79.375247,37.711295],[-79.381361,37.706578],[-79.371705,37.695747],[-79.356994,37.709063],[-79.348344,37.705448],[-79.356495,37.710793],[-79.341158,37.729626],[-79.335167,37.728323],[-79.340141,37.731952],[-79.333081,37.737942],[-79.334252,37.743751],[-79.326012,37.743269],[-79.331252,37.744336],[-79.331017,37.759843],[-79.34286,37.762093],[-79.348809,37.754769],[-79.36215,37.751567],[-79.364923,37.744623],[-79.381123,37.740411]]]}},{"type":"Feature","properties":{"GEOID":"51041","NAME":"Chesterfield","state":"VA","wildfire_risk_score":44.02,"wildfire_eal_total":47350.82,"risk_band":"High","source":"FEMA National Risk Index v1.20 (December 2025)"},"geometry":{"type":"Polygon","coordinates":[[[-77.878232,37.383513],[-77.867388,37.393821],[-77.875093,37.417137],[-77.846726,37.415121],[-77.833161,37.4228],[-77.809189,37.426108],[-77.798798,37.444886],[-77.797797,37.458885],[-77.655399,37.563986],[-77.649239,37.559613],[-77.595462,37.55575],[-77.595846,37.545857],[-77.601173,37.545161],[-77.592448,37.532949],[-77.566376,37.535314],[-77.55452,37.543028],[-77.545036,37.528101],[-77.52865,37.531859],[-77.52765,37.509369],[-77.512248,37.472483],[-77.489098,37.455644],[-77.482546,37.461149],[-77.459383,37.464327],[-77.435488,37.457477],[-77.420737,37.447524],[-77.428605,37.434593],[-77.426873,37.426148],[-77.414118,37.419731],[-77.399084,37.421266],[-77.394986,37.404814],[-77.398536,37.405378],[-77.384594,37.397527],[-77.383799,37.384385],[-77.37574,37.381697],[-77.369019,37.39205],[-77.357893,37.384189],[-77.360354,37.374881],[-77.325068,37.377922],[-77.315591,37.382842],[-77.308737,37.392451],[-77.309471,37.402444],[-77.304214,37.405938],[-77.298084,37.403195],[-77.29732,37.396699],[-77.311526,37.373278],[-77.305485,37.357997],[-77.286455,37.351972],[-77.272626,37.353258],[-77.267026,37.36071],[-77.265892,37.376039],[-77.249665,37.382],[-77.244167,37.369274],[-77.267107,37.340052],[-77.270675,37.320756],[-77.281955,37.319012],[-77.282531,37.313748],[-77.287284,37.316852],[-77.296501,37.312661],[-77.295321,37.309542],[-77.297606,37.312542],[-77.31872,37.308331],[-77.33967,37.315092],[-77.352518,37.310165],[-77.356582,37.283125],[-77.373735,37.266949],[-77.376785,37.244849],[-77.383856,37.238906],[-77.403671,37.237346],[-77.380293,37.245538],[-77.377733,37.270968],[-77.362082,37.283908],[-77.368203,37.298549],[-77.379113,37.284062],[-77.389379,37.287365],[-77.391724,37.282692],[-77.401892,37.282033],[-77.399654,37.271899],[-77.412319,37.28303],[-77.426503,37.283045],[-77.423108,37.274456],[-77.431705,37.276342],[-77.422397,37.262481],[-77.41854,37.265901],[-77.414406,37.260949],[-77.417438,37.232651],[-77.442279,37.223433],[-77.493125,37.224822],[-77.522559,37.217142],[-77.536115,37.226335],[-77.559641,37.22501],[-77.567386,37.232007],[-77.568198,37.239343],[-77.57891,37.237927],[-77.583979,37.2461],[-77.600513,37.253742],[-77.603283,37.263913],[-77.613349,37.270877],[-77.620301,37.266779],[-77.632613,37.269659],[-77.643509,37.263695],[-77.6522,37.265822],[-77.667465,37.292468],[-77.682414,37.291752],[-77.687029,37.282433],[-77.692563,37.28145],[-77.703453,37.298205],[-77.711686,37.299826],[-77.717421,37.294088],[-77.717442,37.284855],[-77.735517,37.284194],[-77.73979,37.268664],[-77.763546,37.27074],[-77.772588,37.287607],[-77.80675,37.304526],[-77.809013,37.315359],[-77.796254,37.323966],[-77.796507,37.332694],[-77.837346,37.33838],[-77.850541,37.345105],[-77.852844,37.356651],[-77.8766,37.364285],[-77.878232,37.383513]]]}},{"type":"Feature","properties":{"GEOID":"51005","NAME":"Alleghany","state":"VA","wildfire_risk_score":18.066,"wildfire_eal_total":5849.47,"risk_band":"Moderate","source":"FEMA National Risk Index v1.20 (December 2025)"},"geometry":{"type":"Polygon","coordinates":[[[-80.294108,37.693852],[-80.253077,37.725899],[-80.252024,37.729825],[-80.262765,37.738336],[-80.257411,37.756084],[-80.24979,37.757111],[-80.247977,37.768511],[-80.241437,37.768058],[-80.230458,37.778305],[-80.215658,37.777481],[-80.229489,37.792331],[-80.227092,37.798886],[-80.206482,37.81597],[-80.199633,37.827507],[-80.179391,37.839751],[-80.183062,37.850646],[-80.162202,37.875122],[-80.148951,37.886892],[-80.141947,37.882616],[-80.12362,37.897943],[-80.117747,37.89772],[-80.118967,37.903614],[-80.102931,37.918911],[-80.096563,37.918112],[-80.074514,37.942221],[-80.0563291815345,37.9522744732365],[-80.027439,37.942999],[-80.001856,37.960503],[-79.976133,37.953958],[-79.935364,37.954365],[-79.887256,37.892959],[-79.80806,37.880769],[-79.749145,37.885441],[-79.692793,37.844458],[-79.660575,37.872104],[-79.654711,37.867929],[-79.647589,37.874538],[-79.628228,37.875003],[-79.606229,37.861788],[-79.616659,37.852201],[-79.625437,37.829726],[-79.643471,37.812754],[-79.674162,37.763093],[-79.816721,37.800973],[-79.845321,37.782314],[-79.843416,37.777271],[-79.85072,37.765075],[-79.86708,37.748685],[-79.890347,37.738063],[-79.922705,37.698358],[-79.941717,37.698951],[-79.957365,37.683782],[-80.020554,37.647442],[-80.032705,37.66029],[-80.076062,37.632147],[-80.104798,37.62269],[-80.144394,37.596627],[-80.167582,37.608267],[-80.170336,37.616256],[-80.205198,37.616293],[-80.239288,37.637672],[-80.267455,37.646108],[-80.279372,37.657077],[-80.294108,37.693852]],[[-80.008516,37.761109],[-79.992566,37.748244],[-79.966509,37.757109],[-79.978214,37.764975],[-79.974772,37.773736],[-79.980001,37.781063],[-79.966452,37.792484],[-79.967071,37.803405],[-79.98359,37.801992],[-79.987314,37.813561],[-79.998674,37.80656],[-79.992055,37.79981],[-80.00136,37.789826],[-79.995941,37.782229],[-80.008516,37.761109]]]}},{"type":"Feature","properties":{"GEOID":"51017","NAME":"Bath","state":"VA","wildfire_risk_score":20.992,"wildfire_eal_total":7291.57,"risk_band":"Moderate","source":"FEMA National Risk Index v1.20 (December 2025)"},"geometry":{"type":"Polygon","coordinates":[[[-80.051043,37.956852],[-79.999384,37.995842],[-79.994985,38.007853],[-79.973701,38.032556],[-79.954369,38.080397],[-79.927645,38.104826],[-79.938952,38.111619],[-79.944843,38.131585],[-79.933751,38.135508],[-79.918662,38.15479],[-79.919515,38.162649],[-79.914884,38.167524],[-79.918913,38.170439],[-79.916622,38.177994],[-79.921196,38.180378],[-79.91441,38.188418],[-79.898426,38.193045],[-79.891591,38.204652],[-79.845207,38.241082],[-79.835124,38.241892],[-79.830882,38.249687],[-79.817149,38.249511],[-79.811987,38.260401],[-79.806333,38.259193],[-79.798295,38.265957],[-79.706196,38.221192],[-79.562018,38.198805],[-79.512158,38.180419],[-79.511678,38.176829],[-79.527055,38.170951],[-79.521526,38.16284],[-79.532731,38.157036],[-79.531861,38.15253],[-79.509181,38.154939],[-79.483923,38.170272],[-79.458725,38.163088],[-79.446257,38.168259],[-79.436678,38.1628],[-79.445118,38.147568],[-79.493253,38.095384],[-79.482668,38.086054],[-79.506187,38.05557],[-79.524495,38.041123],[-79.511144,38.035258],[-79.532584,38.010906],[-79.534392,38.002977],[-79.540621,38.002079],[-79.581865,37.954397],[-79.609167,37.935623],[-79.647589,37.874538],[-79.654711,37.867929],[-79.660575,37.872104],[-79.692793,37.844458],[-79.749145,37.885441],[-79.80806,37.880769],[-79.887256,37.892959],[-79.935364,37.954365],[-79.976133,37.953958],[-80.001856,37.960503],[-80.027439,37.942999],[-80.0563291815345,37.9522744732365],[-80.051043,37.956852]]]}},{"type":"Feature","properties":{"GEOID":"51153","NAME":"Prince William","state":"VA","wildfire_risk_score":18.225,"wildfire_eal_total":8999.98,"risk_band":"Moderate","source":"FEMA National Risk Index v1.20 (December 2025)"},"geometry":{"type":"MultiPolygon","coordinates":[[[[-77.481139,38.756111],[-77.478105,38.752669],[-77.475368,38.752113],[-77.481383,38.751339],[-77.481139,38.756111]]],[[[-77.715667,38.843224],[-77.704931,38.843152],[-77.692622,38.887004],[-77.680402,38.893235],[-77.655169,38.942656],[-77.637502,38.9417],[-77.631415,38.934881],[-77.618654,38.931293],[-77.608777,38.913086],[-77.591571,38.896657],[-77.563889,38.886181],[-77.55224,38.886588],[-77.548752,38.846609],[-77.54408,38.85025],[-77.535991,38.847368],[-77.53612,38.840686],[-77.529616,38.837011],[-77.508812,38.84107],[-77.512368,38.830403],[-77.50394,38.825639],[-77.505059,38.816199],[-77.489228,38.808505],[-77.492757,38.797663],[-77.4523,38.796334],[-77.450586,38.802227],[-77.443084,38.803653],[-77.433316,38.779959],[-77.429956,38.781155],[-77.413391,38.77253],[-77.41278,38.762743],[-77.417186,38.761261],[-77.406673,38.752678],[-77.411774,38.744932],[-77.404527,38.745847],[-77.401357,38.752249],[-77.388469,38.749054],[-77.389708,38.743009],[-77.378106,38.734203],[-77.380526,38.722537],[-77.374341,38.712299],[-77.36849,38.710852],[-77.355884,38.725425],[-77.332694,38.71838],[-77.331638,38.7113],[-77.320233,38.710842],[-77.326908,38.704131],[-77.324705,38.701544],[-77.30206,38.707622],[-77.257915,38.684701],[-77.2338972448928,38.6613355322521],[-77.223928,38.645968],[-77.228326,38.637892],[-77.240604,38.638917],[-77.248087,38.632313],[-77.245104,38.620717],[-77.256491,38.59908],[-77.247003,38.590618],[-77.25795,38.583396],[-77.263859,38.585054],[-77.265304,38.580319],[-77.257044,38.56045],[-77.276603,38.54712],[-77.286557,38.519441],[-77.297728,38.514791],[-77.298675,38.505308],[-77.311005,38.504776],[-77.308162,38.501079],[-77.327003,38.50657],[-77.336816,38.514916],[-77.371042,38.520161],[-77.375907,38.52655],[-77.382477,38.526521],[-77.381037,38.529777],[-77.403101,38.551686],[-77.447566,38.58093],[-77.464079,38.578676],[-77.476847,38.592286],[-77.491821,38.590645],[-77.499572,38.580311],[-77.532822,38.557224],[-77.715715,38.832136],[-77.715667,38.843224]],[[-77.526087,38.729617],[-77.521226,38.722019],[-77.523891,38.718138],[-77.513349,38.716163],[-77.506239,38.706106],[-77.502526,38.715507],[-77.514999,38.735829],[-77.506911,38.740537],[-77.501376,38.738368],[-77.493912,38.725451],[-77.485137,38.73287],[-77.471177,38.727665],[-77.451642,38.738337],[-77.447759,38.760887],[-77.458695,38.772319],[-77.444703,38.766295],[-77.446728,38.756487],[-77.441271,38.749654],[-77.435993,38.755111],[-77.441172,38.756957],[-77.438018,38.758642],[-77.427332,38.753598],[-77.424365,38.756579],[-77.420581,38.762287],[-77.423616,38.769374],[-77.419425,38.769731],[-77.422013,38.776644],[-77.434253,38.778345],[-77.440333,38.783473],[-77.444875,38.770495],[-77.459499,38.778395],[-77.458507,38.787394],[-77.472972,38.788391],[-77.487813,38.769113],[-77.495598,38.770462],[-77.512864,38.744167],[-77.52257,38.740854],[-77.519902,38.735324],[-77.525424,38.735242],[-77.526087,38.729617]]]]}},{"type":"Feature","properties":{"GEOID":"51171","NAME":"Shenandoah","state":"VA","wildfire_risk_score":63.359,"wildfire_eal_total":94757.95,"risk_band":"High","source":"FEMA National Risk Index v1.20 (December 2025)"},"geometry":{"type":"Polygon","coordinates":[[[-78.865905,38.767034],[-78.786025,38.887187],[-78.759085,38.900529],[-78.738921,38.927283],[-78.717076,38.936028],[-78.718647,38.904561],[-78.688266,38.92478],[-78.680456,38.925313],[-78.65905,38.947375],[-78.646589,38.968138],[-78.638423,38.966819],[-78.625672,38.982575],[-78.620453,38.982601],[-78.618676,38.974082],[-78.611184,38.976134],[-78.601655,38.964603],[-78.570462,39.001552],[-78.550467,39.018065],[-78.571901,39.031995],[-78.5441928910609,39.0565696646112],[-78.454136,39.027797],[-78.447425,39.03502],[-78.451089,39.042421],[-78.444811,39.047234],[-78.448199,39.056038],[-78.430937,39.066333],[-78.432204,39.0717],[-78.419847,39.085298],[-78.399404,39.095253],[-78.392114,39.092673],[-78.393217,39.101693],[-78.37587,39.092066],[-78.36294,39.097167],[-78.343702,39.095695],[-78.34239,39.102488],[-78.335483,39.101312],[-78.334017,39.090778],[-78.328948,39.090271],[-78.336744,39.084564],[-78.324474,39.075729],[-78.341692,39.069505],[-78.335711,39.060171],[-78.347186,39.059724],[-78.334028,39.047912],[-78.330203,39.050184],[-78.33208,39.041389],[-78.325525,39.044992],[-78.31917,39.036583],[-78.309464,39.033923],[-78.32102,39.031491],[-78.313966,39.02484],[-78.319714,39.018956],[-78.312247,39.008997],[-78.324885,39.000128],[-78.333321,39.000288],[-78.316352,38.983319],[-78.321547,38.974087],[-78.338699,38.980418],[-78.330912,38.961544],[-78.335211,38.949571],[-78.307248,38.95263],[-78.300414,38.943592],[-78.308505,38.927086],[-78.321435,38.9183],[-78.33835,38.890953],[-78.332252,38.888875],[-78.33437,38.88144],[-78.470091,38.752583],[-78.494051,38.741176],[-78.50926,38.725626],[-78.54894,38.738542],[-78.589891,38.686406],[-78.627449,38.616848],[-78.641769,38.604719],[-78.869276,38.762991],[-78.865905,38.767034]]]}},{"type":"Feature","properties":{"GEOID":"51001","NAME":"Accomack","state":"VA","wildfire_risk_score":79.548,"wildfire_eal_total":276355.16,"risk_band":"High","source":"FEMA National Risk Index v1.20 (December 2025)"},"geometry":{"type":"MultiPolygon","coordinates":[[[[-75.742406,37.80835],[-75.738715,37.809035],[-75.733129,37.802838],[-75.740497,37.801242],[-75.742406,37.80835]]],[[[-75.856485,37.702863],[-75.850781,37.705495],[-75.848998,37.701828],[-75.854108,37.700136],[-75.856485,37.702863]]],[[[-75.866705,37.683209],[-75.860526,37.693083],[-75.85494,37.688852],[-75.859575,37.682174],[-75.866705,37.683209]]],[[[-75.895108,37.803401],[-75.894157,37.805655],[-75.891778,37.796176],[-75.896415,37.802087],[-75.895108,37.803401]]],[[[-75.903664,37.897521],[-75.90105,37.899115],[-75.898673,37.895551],[-75.900575,37.893769],[-75.903664,37.897521]]],[[[-75.941182,37.563839],[-75.932001,37.579556],[-75.917569,37.58585],[-75.925412,37.596303],[-75.905447,37.626145],[-75.89285,37.6044],[-75.877282,37.611649],[-75.884531,37.631981],[-75.892392,37.63748],[-75.890495,37.649547],[-75.876807,37.653624],[-75.870389,37.650425],[-75.868131,37.653436],[-75.877059,37.660641],[-75.868481,37.668224],[-75.853039,37.664867],[-75.845908,37.669758],[-75.853276,37.68255],[-75.843888,37.688946],[-75.849711,37.693177],[-75.843413,37.695622],[-75.845433,37.698914],[-75.836401,37.703051],[-75.837685,37.712985],[-75.81192,37.722605],[-75.806216,37.717905],[-75.795045,37.726741],[-75.800749,37.733039],[-75.831984,37.728119],[-75.826894,37.73802],[-75.812155,37.749502],[-75.808474,37.746008],[-75.792668,37.750612],[-75.78732,37.757095],[-75.790291,37.765175],[-75.803041,37.762464],[-75.799204,37.771188],[-75.804314,37.781426],[-75.811801,37.778702],[-75.816396,37.789344],[-75.812306,37.794709],[-75.784599,37.806826],[-75.770607,37.804602],[-75.752381,37.788658],[-75.733367,37.785934],[-75.72588,37.796359],[-75.718868,37.79326],[-75.717918,37.805279],[-75.724097,37.806218],[-75.719581,37.814856],[-75.723224,37.820124],[-75.716135,37.819926],[-75.717052,37.827726],[-75.705321,37.828937],[-75.712926,37.836728],[-75.70639,37.840951],[-75.70938,37.845836],[-75.697358,37.848834],[-75.692605,37.837854],[-75.678225,37.837478],[-75.681315,37.844048],[-75.672283,37.850898],[-75.689277,37.859531],[-75.692898,37.867792],[-75.680127,37.875292],[-75.678938,37.88833],[-75.69819,37.891894],[-75.688445,37.899021],[-75.757254,37.899209],[-75.736219,37.902209],[-75.734318,37.906241],[-75.743468,37.912055],[-75.72897,37.921336],[-75.719344,37.93446],[-75.712229,37.938139],[-75.707579,37.930523],[-75.700329,37.929023],[-75.678701,37.942708],[-75.665628,37.936991],[-75.643049,37.936334],[-75.63675,37.945613],[-75.636869,37.95564],[-75.648229,37.966775],[-75.638221,37.979397],[-75.629532,37.975966],[-75.633833,37.984519],[-75.624449,37.994195],[-75.242469,38.027028],[-75.298275,37.956759],[-75.358644,37.864997],[-75.384794,37.851469],[-75.394569,37.872178],[-75.38411,37.875694],[-75.370192,37.866333],[-75.36249,37.867154],[-75.349921,37.878316],[-75.346158,37.891348],[-75.381482,37.892972],[-75.386354,37.899443],[-75.406438,37.899443],[-75.4315,37.875227],[-75.453562,37.863637],[-75.48927,37.832457],[-75.520881,37.796687],[-75.562951,37.736469],[-75.580501,37.696694],[-75.589354,37.691199],[-75.599316,37.636875],[-75.614527,37.609296],[-75.612863,37.57728],[-75.603,37.577186],[-75.600147,37.571346],[-75.662419,37.490674],[-75.672877,37.483696],[-75.684845,37.487354],[-75.69106,37.473605],[-75.678601115297,37.4599235476117],[-75.680686,37.456439],[-75.70908,37.448562],[-75.730917,37.460477],[-75.763912,37.463308],[-75.776564,37.454589],[-75.78703,37.464578],[-75.805447,37.463282],[-75.812615,37.475418],[-75.793521,37.488837],[-75.791656,37.50381],[-75.803297,37.505259],[-75.80543,37.513923],[-75.798248,37.515929],[-75.788084,37.528859],[-75.838472,37.555423],[-75.883119,37.549318],[-75.90041,37.557265],[-75.9339147507325,37.5522765134893],[-75.941182,37.563839]]],[[[-75.9992584656315,37.8297000413552],[-75.996859,37.85042],[-75.973542,37.833536],[-75.993507,37.814011],[-75.988278,37.807439],[-75.999053,37.818596],[-75.9992584656315,37.8297000413552]]],[[[-76.008102,37.872812],[-76.004203,37.870508],[-75.999806,37.860281],[-76.002301,37.86197],[-76.008102,37.872812]]],[[[-76.04653,37.953586],[-76.041402,37.954006],[-75.993905,37.953489],[-75.997685,37.945693],[-76.00349,37.950392],[-76.0168,37.946456],[-76.020722,37.940365],[-76.016411,37.928659],[-76.02477,37.927185],[-76.02843,37.920501],[-76.032368,37.933335],[-76.025119,37.943739],[-76.028922,37.951048],[-76.042826,37.947019],[-76.04653,37.953586]]]]}},{"type":"Feature","properties":{"GEOID":"51085","NAME":"Hanover","state":"VA","wildfire_risk_score":31.743,"wildfire_eal_total":25639.99,"risk_band":"Moderate","source":"FEMA National Risk Index v1.20 (December 2025)"},"geometry":{"type":"Polygon","coordinates":[[[-77.796812,37.730608],[-77.768204,37.802962],[-77.763755,37.802883],[-77.759626,37.811859],[-77.754845,37.84149],[-77.748739,37.847419],[-77.738375,37.881517],[-77.733108,37.885191],[-77.684122,38.008168],[-77.660975,37.997593],[-77.659129,37.991814],[-77.642884,37.992621],[-77.643457,37.979708],[-77.631336,37.972196],[-77.632624,37.965253],[-77.62098,37.966574],[-77.614077,37.95931],[-77.616181,37.949018],[-77.604857,37.955338],[-77.58989,37.949271],[-77.581241,37.950597],[-77.576728,37.958072],[-77.570473,37.954924],[-77.562118,37.936377],[-77.546467,37.92856],[-77.556745,37.924553],[-77.554814,37.920722],[-77.546042,37.915891],[-77.529135,37.920824],[-77.518889,37.906815],[-77.493639,37.897555],[-77.492405,37.889141],[-77.48417,37.883369],[-77.445147,37.894696],[-77.418706,37.860553],[-77.425002,37.861396],[-77.428167,37.856461],[-77.428267,37.829567],[-77.409643,37.819727],[-77.420313,37.815864],[-77.422352,37.808784],[-77.395243,37.802442],[-77.398352,37.790799],[-77.39085,37.786747],[-77.403688,37.785925],[-77.404745,37.779913],[-77.374698,37.776365],[-77.371342,37.787213],[-77.363041,37.788586],[-77.366618,37.792576],[-77.36226,37.797653],[-77.348493,37.788813],[-77.331753,37.791997],[-77.329683,37.777945],[-77.321817,37.769797],[-77.33739,37.764808],[-77.335543,37.756045],[-77.303586,37.755136],[-77.303874,37.74422],[-77.320949,37.743277],[-77.322496,37.733701],[-77.293509,37.739804],[-77.297181,37.724275],[-77.291967,37.713961],[-77.279567,37.713844],[-77.269475,37.723515],[-77.259872,37.713633],[-77.245986,37.710156],[-77.246951,37.720633],[-77.251793,37.722159],[-77.243968,37.730329],[-77.243823,37.726617],[-77.234674,37.72427],[-77.235489,37.717742],[-77.230341,37.713942],[-77.243859,37.699191],[-77.236785,37.692292],[-77.241576,37.686793],[-77.214539,37.688959],[-77.208629,37.683722],[-77.212809,37.678182],[-77.206615,37.676952],[-77.199224,37.689794],[-77.184602,37.686962],[-77.18213,37.674013],[-77.191892,37.666324],[-77.186674,37.657708],[-77.166375,37.660915],[-77.162739,37.668051],[-77.14727,37.664323],[-77.147562,37.675162],[-77.141735,37.665284],[-77.119734,37.66],[-77.11041,37.663688],[-77.10796,37.6587],[-77.117304,37.644048],[-77.115312,37.635973],[-77.129585,37.635562],[-77.123675,37.626881],[-77.133805,37.626414],[-77.138121,37.615795],[-77.132679,37.60924],[-77.139641,37.605181],[-77.140356,37.592226],[-77.170941,37.596524],[-77.240988,37.538088],[-77.265909,37.551856],[-77.305938,37.561011],[-77.4036,37.605105],[-77.408706,37.614656],[-77.405382,37.626033],[-77.420679,37.636503],[-77.443205,37.682157],[-77.448847,37.684337],[-77.46031,37.678228],[-77.471574,37.687659],[-77.480637,37.681943],[-77.49011,37.688768],[-77.494891,37.701526],[-77.522216,37.700149],[-77.543432,37.684646],[-77.557856,37.681919],[-77.595394,37.697036],[-77.598065,37.70365],[-77.610608,37.71041],[-77.62252,37.704891],[-77.659356,37.710204],[-77.682518,37.705229],[-77.711709,37.706285],[-77.783973,37.721612],[-77.796812,37.730608]]]}},{"type":"Feature","properties":{"GEOID":"51047","NAME":"Culpeper","state":"VA","wildfire_risk_score":35.496,"wildfire_eal_total":20070.34,"risk_band":"High","source":"FEMA National Risk Index v1.20 (December 2025)"},"geometry":{"type":"Polygon","coordinates":[[[-78.229152,38.533281],[-78.214882,38.538439],[-78.208289,38.530568],[-78.202069,38.532886],[-78.191068,38.524059],[-78.187386,38.527787],[-78.171775,38.522202],[-78.090132,38.596786],[-77.931393,38.698366],[-77.909456,38.697322],[-77.902051,38.690231],[-77.902908,38.684181],[-77.891865,38.681084],[-77.902597,38.674657],[-77.901255,38.665503],[-77.896119,38.662052],[-77.884146,38.666636],[-77.871699,38.648548],[-77.873409,38.639718],[-77.880506,38.636511],[-77.876763,38.630903],[-77.869616,38.632089],[-77.868565,38.623363],[-77.859948,38.62081],[-77.861438,38.614125],[-77.872955,38.610957],[-77.873217,38.605954],[-77.862378,38.598527],[-77.877169,38.584891],[-77.838878,38.539888],[-77.820203,38.529071],[-77.813732,38.53028],[-77.800944,38.512254],[-77.801134,38.503099],[-77.787845,38.493029],[-77.787635,38.488104],[-77.781867,38.488821],[-77.780446,38.477542],[-77.775316,38.473579],[-77.77673,38.465597],[-77.76127,38.458392],[-77.761927,38.441074],[-77.755075,38.429398],[-77.739719,38.424701],[-77.735516,38.413116],[-77.690357,38.426997],[-77.63494,38.410218],[-77.633065,38.393737],[-77.621768,38.388909],[-77.618727,38.367835],[-77.626558,38.368855],[-77.639502,38.359029],[-77.644212,38.36665],[-77.637143,38.371873],[-77.645744,38.378107],[-77.672438,38.369927],[-77.679539,38.359908],[-77.695471,38.356421],[-77.733904,38.375993],[-77.750996,38.377755],[-77.745074,38.383287],[-77.771186,38.39303],[-77.787766,38.376618],[-77.774522,38.368418],[-77.781686,38.364117],[-77.805208,38.377548],[-77.827692,38.382195],[-77.839951,38.377542],[-77.854377,38.382279],[-77.884655,38.379137],[-77.890521,38.389029],[-77.907493,38.382883],[-77.911858,38.370668],[-77.91958,38.365602],[-77.949898,38.360522],[-77.958711,38.353656],[-77.972949,38.358946],[-77.975732,38.347087],[-77.993872,38.349348],[-78.016423,38.331682],[-78.030817,38.32776],[-78.036994,38.311945],[-78.053824,38.317705],[-78.06905,38.308389],[-78.077815,38.316294],[-78.092103,38.310361],[-78.103014,38.311458],[-78.094262,38.325692],[-78.082718,38.327836],[-78.091178,38.338835],[-78.107784,38.343808],[-78.106093,38.347926],[-78.113142,38.35335],[-78.118359,38.367233],[-78.111982,38.377],[-78.114975,38.383209],[-78.105648,38.382803],[-78.091841,38.390482],[-78.095899,38.393115],[-78.096083,38.404343],[-78.107412,38.409389],[-78.105458,38.413485],[-78.118117,38.415983],[-78.115537,38.422787],[-78.126517,38.425724],[-78.118972,38.434794],[-78.122972,38.440276],[-78.139781,38.449096],[-78.139494,38.453029],[-78.229152,38.533281]]]}},{"type":"Feature","properties":{"GEOID":"51029","NAME":"Buckingham","state":"VA","wildfire_risk_score":20.738,"wildfire_eal_total":5420.15,"risk_band":"Moderate","source":"FEMA National Risk Index v1.20 (December 2025)"},"geometry":{"type":"Polygon","coordinates":[[[-78.832839,37.590542],[-78.809943,37.604441],[-78.82354,37.621742],[-78.82124,37.631842],[-78.794939,37.642642],[-78.739437,37.631542],[-78.715831,37.636645],[-78.712738,37.641046],[-78.71904,37.661543],[-78.715339,37.667343],[-78.688341,37.678143],[-78.693937,37.696943],[-78.677134,37.69624],[-78.66037,37.677758],[-78.642245,37.682962],[-78.644535,37.694043],[-78.655935,37.703943],[-78.653636,37.716643],[-78.639363,37.739214],[-78.612023,37.756321],[-78.580797,37.754047],[-78.545573,37.763998],[-78.525543,37.758217],[-78.505516,37.758956],[-78.496601,37.764369],[-78.498783,37.789272],[-78.491345,37.796956],[-78.484161,37.792796],[-78.464149,37.7602],[-78.422201,37.740478],[-78.365616,37.731897],[-78.344228,37.718846],[-78.290043,37.708252],[-78.265493,37.693791],[-78.239748,37.690495],[-78.249021,37.635546],[-78.465089,37.339677],[-78.46924,37.341552],[-78.473951,37.334168],[-78.479104,37.334206],[-78.485499,37.34084],[-78.490165,37.329612],[-78.498071,37.333598],[-78.511637,37.32989],[-78.524999,37.340188],[-78.518055,37.34346],[-78.536469,37.350462],[-78.548482,37.346728],[-78.5482,37.352023],[-78.554966,37.352426],[-78.553688,37.357033],[-78.561201,37.361138],[-78.55661,37.366025],[-78.561897,37.36407],[-78.566905,37.371115],[-78.57198,37.369855],[-78.566624,37.363886],[-78.579333,37.364461],[-78.575105,37.369583],[-78.577652,37.375553],[-78.591669,37.3806],[-78.580828,37.391515],[-78.595108,37.398994],[-78.615621,37.394052],[-78.616234,37.388515],[-78.630175,37.38425],[-78.63995,37.403871],[-78.635487,37.415957],[-78.683224,37.428974],[-78.702989,37.455255],[-78.825238,37.552542],[-78.82474,37.559247],[-78.81324,37.567161],[-78.830339,37.580942],[-78.832839,37.590542]]]}},{"type":"Feature","properties":{"GEOID":"51147","NAME":"Prince Edward","state":"VA","wildfire_risk_score":12.818,"wildfire_eal_total":2904.35,"risk_band":"Low","source":"FEMA National Risk Index v1.20 (December 2025)"},"geometry":{"type":"Polygon","coordinates":[[[-78.692472,37.204786],[-78.67981,37.258826],[-78.673332,37.268511],[-78.627028,37.322045],[-78.594483,37.344949],[-78.601434,37.351367],[-78.594436,37.397974],[-78.580828,37.391515],[-78.591669,37.3806],[-78.577652,37.375553],[-78.575105,37.369583],[-78.579333,37.364461],[-78.566624,37.363886],[-78.570423,37.372315],[-78.561897,37.36407],[-78.55661,37.366025],[-78.561201,37.361138],[-78.553688,37.357033],[-78.554966,37.352426],[-78.5482,37.352023],[-78.548482,37.346728],[-78.536469,37.350462],[-78.518055,37.34346],[-78.524999,37.340188],[-78.511637,37.32989],[-78.498071,37.333598],[-78.490165,37.329612],[-78.485499,37.34084],[-78.473951,37.334168],[-78.46924,37.341552],[-78.457955,37.334238],[-78.445743,37.334703],[-78.441896,37.324499],[-78.413067,37.324179],[-78.392843,37.304651],[-78.360761,37.310339],[-78.35275,37.301606],[-78.352318,37.308625],[-78.342707,37.319122],[-78.334499,37.316424],[-78.334107,37.309175],[-78.322436,37.309126],[-78.309953,37.320942],[-78.293636,37.323619],[-78.293991,37.332933],[-78.282047,37.335347],[-78.275692,37.348828],[-78.258998,37.342837],[-78.256322,37.352394],[-78.260271,37.360061],[-78.247124,37.359065],[-78.235039,37.368102],[-78.231234,37.29622],[-78.239354,37.120089],[-78.265821,37.111623],[-78.274139,37.103846],[-78.307903,37.09898],[-78.359844,37.106108],[-78.382321,37.089494],[-78.447977,37.078171],[-78.457654,37.085346],[-78.480891,37.085196],[-78.503544,37.106251],[-78.501882,37.114219],[-78.509304,37.126314],[-78.528735,37.141114],[-78.542671,37.140995],[-78.546871,37.150288],[-78.568117,37.148667],[-78.583342,37.140694],[-78.592817,37.143974],[-78.596756,37.152247],[-78.620417,37.157661],[-78.634927,37.170064],[-78.639768,37.192355],[-78.666353,37.19753],[-78.686059,37.193956],[-78.692472,37.204786]]]}},{"type":"Feature","properties":{"GEOID":"51031","NAME":"Campbell","state":"VA","wildfire_risk_score":42.971,"wildfire_eal_total":27260.28,"risk_band":"High","source":"FEMA National Risk Index v1.20 (December 2025)"},"geometry":{"type":"Polygon","coordinates":[[[-79.442859,37.055867],[-79.258522,37.354947],[-79.252708,37.357482],[-79.254608,37.351525],[-79.232367,37.346574],[-79.234259,37.34356],[-79.214792,37.332637],[-79.197072,37.344918],[-79.176845,37.342096],[-79.133891,37.375983],[-79.118432,37.368964],[-79.084898,37.394137],[-79.067923,37.385846],[-79.062365,37.388571],[-79.064282,37.409378],[-79.07168,37.419617],[-79.066895,37.422828],[-79.044272,37.416606],[-79.040335,37.422374],[-79.043059,37.433242],[-79.021687,37.429243],[-78.953447,37.317112],[-78.949703,37.292501],[-78.943132,37.292419],[-78.941103,37.284026],[-78.92646,37.277071],[-78.921665,37.245912],[-78.914384,37.242485],[-78.892241,37.248708],[-78.863198,37.24049],[-78.854804,37.226578],[-78.856928,37.212008],[-78.824209,37.205361],[-78.904587,37.022288],[-78.972922,37.050237],[-79.004826,37.029926],[-79.018624,37.040358],[-79.058728,37.046083],[-79.110382,37.067914],[-79.117292,37.086336],[-79.124035,37.089809],[-79.136026,37.085618],[-79.139889,37.077291],[-79.1671,37.067509],[-79.180924,37.070694],[-79.193115,37.054637],[-79.205873,37.074783],[-79.200845,37.098401],[-79.205202,37.110801],[-79.213032,37.117902],[-79.220095,37.117666],[-79.222058,37.10139],[-79.23183,37.098879],[-79.244166,37.124307],[-79.253274,37.132876],[-79.264422,37.126836],[-79.27207,37.111554],[-79.295032,37.104826],[-79.332161,37.125568],[-79.337394,37.136505],[-79.342931,37.136515],[-79.344654,37.125725],[-79.382738,37.119037],[-79.371775,37.113602],[-79.371107,37.105853],[-79.387549,37.092948],[-79.404731,37.091777],[-79.405242,37.063242],[-79.442859,37.055867]]]}},{"type":"Feature","properties":{"GEOID":"51057","NAME":"Essex","state":"VA","wildfire_risk_score":10.242,"wildfire_eal_total":2517.34,"risk_band":"Low","source":"FEMA National Risk Index v1.20 (December 2025)"},"geometry":{"type":"Polygon","coordinates":[[[-77.1701,38.079543],[-77.143789,38.095512],[-77.142237,38.123127],[-77.116798,38.120652],[-77.105198,38.127767],[-77.106054,38.132966],[-77.11435,38.133694],[-77.115997,38.149931],[-77.097896,38.160531],[-77.087196,38.161131],[-77.082596,38.146831],[-77.073796,38.141331],[-77.066895,38.147631],[-77.069296,38.157731],[-77.061695,38.161631],[-77.052195,38.144331],[-77.05172,38.112014],[-77.034194,38.100832],[-77.032394,38.091733],[-77.014693,38.093532],[-77.002693,38.110132],[-76.995317,38.109553],[-76.988988,38.106058],[-76.990611,38.094282],[-76.984018,38.087494],[-76.928169,38.073736],[-76.917198,38.029615],[-76.922176,38.025628],[-76.925752,38.030128],[-76.93059,38.024273],[-76.917901,38.002763],[-76.927423,37.981793],[-76.916014,37.973643],[-76.891771,37.975048],[-76.877391,37.970458],[-76.889632,37.952843],[-76.859922,37.935318],[-76.847444,37.916476],[-76.826409,37.914132],[-76.822012,37.902505],[-76.79456,37.895191],[-76.794204,37.885155],[-76.784221,37.873993],[-76.782826,37.863184],[-76.770972,37.854794],[-76.763957,37.835334],[-76.734309,37.79866],[-76.721884,37.787379],[-76.689773,37.78519],[-76.680501,37.780138],[-76.6829097139972,37.7704558472802],[-76.703069,37.755714],[-76.712797,37.76038],[-76.723086,37.756697],[-76.751072,37.728605],[-76.760859,37.751037],[-76.789501,37.771199],[-76.790992,37.786734],[-76.80218,37.794646],[-76.820692,37.792461],[-76.842628,37.79804],[-76.877666,37.782098],[-76.888553,37.790642],[-76.915001,37.795601],[-76.943221,37.782955],[-76.945212,37.828174],[-76.96988,37.828692],[-76.982773,37.839447],[-76.992618,37.834594],[-77.006218,37.837074],[-77.018996,37.844883],[-77.020204,37.86105],[-77.0412,37.869026],[-77.039629,37.876707],[-77.022917,37.879594],[-77.020245,37.885276],[-77.031741,37.891232],[-77.024053,37.904937],[-77.034017,37.925454],[-77.055231,37.930883],[-77.059718,37.943097],[-77.072835,37.946395],[-77.064283,37.958407],[-77.070115,37.96477],[-77.076619,38.000775],[-77.08897,38.013644],[-77.100095,38.010934],[-77.129432,38.016087],[-77.127187,38.029258],[-77.121793,38.033628],[-77.131476,38.046323],[-77.14923,38.049103],[-77.144905,38.057395],[-77.15954,38.064219],[-77.1701,38.079543]]]}},{"type":"Feature","properties":{"GEOID":"51195","NAME":"Wise","state":"VA","wildfire_risk_score":84.256,"wildfire_eal_total":525138.72,"risk_band":"High","source":"FEMA National Risk Index v1.20 (December 2025)"},"geometry":{"type":"Polygon","coordinates":[[[-82.878639,36.893981],[-82.870068,36.901735],[-82.876215,36.910218],[-82.857965,36.929529],[-82.861282,36.944848],[-82.855705,36.953808],[-82.87023,36.965498],[-82.867535,36.977518],[-82.836008,36.988837],[-82.828592,37.005707],[-82.782144,37.008242],[-82.759175,37.027333],[-82.747981,37.025214],[-82.742454,37.04298],[-82.722472,37.045101],[-82.727022,37.073019],[-82.71674,37.07722],[-82.724954,37.091905],[-82.721617,37.101276],[-82.726449,37.114985],[-82.722097,37.120168],[-82.684601,37.135835],[-82.676765,37.134965],[-82.653268,37.151314],[-82.633493,37.154264],[-82.617423,37.168129],[-82.5538643292855,37.2028191532953],[-82.546135,37.125118],[-82.494358,37.059954],[-82.491641,37.043389],[-82.476849,37.034542],[-82.478392,37.022845],[-82.467071,37.021968],[-82.404517,36.986313],[-82.378821,36.980806],[-82.380446,36.975822],[-82.372501,36.975877],[-82.365461,36.968764],[-82.362386,36.955717],[-82.348572,36.958162],[-82.32783,36.970982],[-82.298596,36.905761],[-82.316125,36.901996],[-82.316189,36.907411],[-82.319562,36.906716],[-82.31816,36.887762],[-82.327894,36.899677],[-82.32881,36.891119],[-82.336474,36.887155],[-82.341636,36.896363],[-82.359486,36.89417],[-82.358561,36.888066],[-82.369695,36.893382],[-82.406633,36.876356],[-82.40369,36.885606],[-82.63478,36.87831],[-82.647098,36.867093],[-82.656992,36.845138],[-82.680516,36.832313],[-82.691031,36.820582],[-82.702231,36.816945],[-82.7063,36.822938],[-82.722379,36.825415],[-82.724322,36.832983],[-82.736858,36.826951],[-82.748147,36.832633],[-82.772674,36.806796],[-82.76861,36.798959],[-82.835392,36.847869],[-82.847646,36.847846],[-82.849332,36.854906],[-82.844503,36.857837],[-82.852612,36.865028],[-82.851276,36.869733],[-82.878639,36.893981]],[[-82.663289,36.920733],[-82.645874,36.915346],[-82.64899,36.909473],[-82.643992,36.900116],[-82.636643,36.90629],[-82.614969,36.90506],[-82.612511,36.912342],[-82.619902,36.914954],[-82.621885,36.928753],[-82.612624,36.934122],[-82.591018,36.935344],[-82.589279,36.94339],[-82.598541,36.942955],[-82.58919,36.950803],[-82.603422,36.959671],[-82.611821,36.948816],[-82.611257,36.955271],[-82.615761,36.956708],[-82.634101,36.952248],[-82.655862,36.92314],[-82.663289,36.920733]]]}},{"type":"Feature","properties":{"GEOID":"51149","NAME":"Prince George","state":"VA","wildfire_risk_score":24.237,"wildfire_eal_total":14126.81,"risk_band":"Moderate","source":"FEMA National Risk Index v1.20 (December 2025)"},"geometry":{"type":"Polygon","coordinates":[[[-77.399203,37.17085],[-77.376702,37.180549],[-77.376887,37.17598],[-77.362372,37.170737],[-77.345676,37.174136],[-77.343148,37.189652],[-77.329767,37.197495],[-77.339414,37.209997],[-77.346945,37.210993],[-77.347162,37.218309],[-77.35248,37.219162],[-77.361306,37.238677],[-77.376785,37.244849],[-77.377457,37.251556],[-77.373735,37.266949],[-77.356582,37.283125],[-77.352518,37.310165],[-77.33967,37.315092],[-77.335666,37.313039],[-77.337396,37.304084],[-77.326686,37.293226],[-77.329732,37.280751],[-77.324983,37.28061],[-77.328318,37.271946],[-77.324378,37.267816],[-77.330951,37.257644],[-77.322371,37.265396],[-77.310678,37.266234],[-77.309849,37.261612],[-77.305269,37.262037],[-77.298548,37.270549],[-77.278568,37.280331],[-77.260565,37.282794],[-77.253594,37.296693],[-77.273351,37.316465],[-77.278337,37.316667],[-77.281603,37.30994],[-77.284019,37.313012],[-77.282515,37.318596],[-77.273827,37.321012],[-77.251502,37.308863],[-77.220492,37.319275],[-77.12511,37.302921],[-77.088245,37.313072],[-77.079555,37.274275],[-77.069432,37.269742],[-77.032747,37.294465],[-77.006964,37.30488],[-76.990221,37.294888],[-76.991363,37.278005],[-76.972439,37.248501],[-76.993485,37.23652],[-77.001728,37.238693],[-77.004851,37.23167],[-77.012301,37.232883],[-77.018811,37.219593],[-77.01178,37.21241],[-77.024264,37.2066],[-77.024069,37.201028],[-77.043411,37.202278],[-77.043995,37.192425],[-77.072587,37.184641],[-77.075545,37.175557],[-77.155415,37.112034],[-77.398498,36.992985],[-77.394645,37.035734],[-77.399203,37.17085]]]}},{"type":"Feature","properties":{"GEOID":"51790","NAME":"Staunton","state":"VA","wildfire_risk_score":11.164,"wildfire_eal_total":3890.11,"risk_band":"Low","source":"FEMA National Risk Index v1.20 (December 2025)"},"geometry":{"type":"Polygon","coordinates":[[[-79.113665,38.155369],[-79.101419,38.179256],[-79.088241,38.187926],[-79.060144,38.18684],[-79.044545,38.190043],[-79.033789,38.199018],[-79.022841,38.195645],[-79.024808,38.192161],[-79.011381,38.181737],[-79.020413,38.181597],[-79.024304,38.176508],[-79.012384,38.166191],[-79.020308,38.143725],[-79.049819,38.121176],[-79.06994,38.131022],[-79.086569,38.126964],[-79.104669,38.138727],[-79.113665,38.155369]]]}},{"type":"Feature","properties":{"GEOID":"51119","NAME":"Middlesex","state":"VA","wildfire_risk_score":31.425,"wildfire_eal_total":11299.11,"risk_band":"Moderate","source":"FEMA National Risk Index v1.20 (December 2025)"},"geometry":{"type":"MultiPolygon","coordinates":[[[[-76.420741,37.597598],[-76.417808,37.598323],[-76.417277,37.592031],[-76.419291,37.592608],[-76.420741,37.597598]]],[[[-76.751072,37.728605],[-76.723086,37.756697],[-76.712797,37.76038],[-76.703069,37.755714],[-76.6829097139972,37.7704558472802],[-76.677002,37.7561],[-76.636145,37.75042],[-76.616657,37.741887],[-76.623193,37.73935],[-76.619229,37.730917],[-76.597213,37.717269],[-76.597868,37.702918],[-76.579354,37.673291],[-76.58968,37.665822],[-76.573835,37.656442],[-76.576727,37.647476],[-76.542666,37.616857],[-76.527188,37.611315],[-76.433388,37.612885],[-76.434594,37.602014],[-76.430672,37.599471],[-76.437446,37.596929],[-76.429484,37.590903],[-76.423423,37.592221],[-76.428597,37.587457],[-76.425087,37.584405],[-76.385119,37.573005],[-76.332641,37.570042],[-76.315544,37.560855],[-76.300144,37.561734],[-76.29796,37.557636],[-76.311912,37.546396],[-76.330649,37.547114],[-76.331127,37.525455],[-76.332392,37.541354],[-76.338334,37.54305],[-76.339989,37.53833],[-76.358774,37.536643],[-76.3607691958602,37.528364902898],[-76.390887,37.530251],[-76.404118,37.535542],[-76.410933,37.516294],[-76.419897,37.510297],[-76.456263,37.520926],[-76.481221,37.536217],[-76.499163,37.536869],[-76.507266,37.547505],[-76.523653,37.548576],[-76.531847,37.55768],[-76.542773,37.559482],[-76.547937,37.567884],[-76.55593,37.555054],[-76.559065,37.561347],[-76.57353,37.562946],[-76.574934,37.573791],[-76.595767,37.588079],[-76.612478,37.581895],[-76.611742,37.590289],[-76.623517,37.586144],[-76.628251,37.591485],[-76.636972,37.590842],[-76.682266,37.617242],[-76.69557,37.6302],[-76.695646,37.638644],[-76.70645,37.645078],[-76.706765,37.65283],[-76.718415,37.658443],[-76.722243,37.672957],[-76.728199,37.675591],[-76.725317,37.692013],[-76.732078,37.688074],[-76.747248,37.705773],[-76.751072,37.728605]]]]}},{"type":"Feature","properties":{"GEOID":"51199","NAME":"York","state":"VA","wildfire_risk_score":55.916,"wildfire_eal_total":112882.43,"risk_band":"High","source":"FEMA National Risk Index v1.20 (December 2025)"},"geometry":{"type":"Polygon","coordinates":[[[-76.755511,37.35422],[-76.741896,37.370612],[-76.727103,37.371248],[-76.710436,37.364764],[-76.683377,37.370114],[-76.679967,37.366886],[-76.658651,37.380139],[-76.64952,37.374282],[-76.600713,37.314038],[-76.566602,37.286352],[-76.53641,37.271119],[-76.5062985436263,37.2433869657838],[-76.509035,37.239479],[-76.494008,37.225408],[-76.471799,37.216016],[-76.38663,37.227841],[-76.402079,37.206548],[-76.391146,37.194621],[-76.392507,37.175626],[-76.400534,37.178999],[-76.408021,37.175022],[-76.412299,37.16148],[-76.4056524813865,37.1599583528815],[-76.412885,37.155808],[-76.410409,37.126622],[-76.407757,37.129118],[-76.395795,37.107174],[-76.402014,37.104054],[-76.397823,37.10387],[-76.398353,37.096672],[-76.423741,37.091783],[-76.459097,37.100975],[-76.506138,37.154088],[-76.504453,37.158506],[-76.516826,37.178642],[-76.526565,37.177073],[-76.565189,37.220539],[-76.575184,37.212988],[-76.591302,37.213205],[-76.601254,37.237567],[-76.627323,37.231469],[-76.651277,37.239154],[-76.658835,37.245291],[-76.665824,37.264063],[-76.684415,37.269461],[-76.678296,37.276841],[-76.68187,37.292642],[-76.709861,37.282726],[-76.710106,37.277362],[-76.714046,37.279343],[-76.727314,37.29891],[-76.735948,37.32344],[-76.734576,37.331427],[-76.754542,37.340154],[-76.755511,37.35422]]]}},{"type":"Feature","properties":{"GEOID":"51091","NAME":"Highland","state":"VA","wildfire_risk_score":13.327,"wildfire_eal_total":4211.35,"risk_band":"Low","source":"FEMA National Risk Index v1.20 (December 2025)"},"geometry":{"type":"Polygon","coordinates":[[[-79.810154,38.306707],[-79.79655,38.32348],[-79.77309,38.335529],[-79.764432,38.356514],[-79.740615,38.354101],[-79.725597,38.363828],[-79.731698,38.373376],[-79.72635,38.38707],[-79.706634,38.41573],[-79.689675,38.431439],[-79.688365,38.45687],[-79.698929,38.469869],[-79.693424,38.481011],[-79.697572,38.487223],[-79.682974,38.501317],[-79.680374,38.510617],[-79.670474,38.507717],[-79.662074,38.515517],[-79.672974,38.528717],[-79.666874,38.538317],[-79.669275,38.549516],[-79.665075,38.560916],[-79.659275,38.562416],[-79.662875,38.570416],[-79.649075,38.591515],[-79.53687,38.550917],[-79.521469,38.533918],[-79.476638,38.457228],[-79.312276,38.411876],[-79.322644,38.401287],[-79.308539,38.393752],[-79.308495,38.382963],[-79.333007,38.377171],[-79.340275,38.366592],[-79.337018,38.360643],[-79.354557,38.352217],[-79.356465,38.344658],[-79.367661,38.335452],[-79.363468,38.330805],[-79.370894,38.329991],[-79.387487,38.309051],[-79.391411,38.292132],[-79.400607,38.293331],[-79.408647,38.278007],[-79.399665,38.260546],[-79.409738,38.243094],[-79.43367,38.229493],[-79.438653,38.216243],[-79.464806,38.222231],[-79.48107,38.216744],[-79.477251,38.211013],[-79.495946,38.200918],[-79.492218,38.195365],[-79.502979,38.191164],[-79.512158,38.180419],[-79.562018,38.198805],[-79.706196,38.221192],[-79.795921,38.265552],[-79.788945,38.268703],[-79.789791,38.281167],[-79.795448,38.290228],[-79.802778,38.292073],[-79.810154,38.306707]]]}},{"type":"Feature","properties":{"GEOID":"51165","NAME":"Rockingham","state":"VA","wildfire_risk_score":64.408,"wildfire_eal_total":118765.55,"risk_band":"High","source":"FEMA National Risk Index v1.20 (December 2025)"},"geometry":{"type":"Polygon","coordinates":[[[-79.220961,38.48059],[-79.207873,38.500122],[-79.210959,38.507422],[-79.205859,38.524521],[-79.170958,38.56812],[-79.158657,38.592319],[-79.151257,38.620618],[-79.131057,38.653217],[-79.120256,38.660216],[-79.106356,38.656217],[-79.092955,38.659517],[-79.084355,38.686516],[-79.092755,38.702315],[-79.072555,38.747513],[-79.057554,38.760213],[-79.051554,38.772613],[-79.054954,38.785713],[-79.046554,38.792113],[-79.027253,38.792113],[-79.019553,38.817912],[-79.006552,38.823712],[-79.000252,38.845412],[-78.993997,38.850102],[-78.641769,38.604719],[-78.654389,38.591747],[-78.675741,38.533984],[-78.691312,38.510008],[-78.646308,38.491641],[-78.633082,38.496867],[-78.631734,38.485169],[-78.617493,38.474193],[-78.622531,38.465806],[-78.558734,38.447217],[-78.548302,38.426401],[-78.538018,38.429639],[-78.48574,38.421579],[-78.502689,38.396478],[-78.515141,38.39372],[-78.526424,38.372442],[-78.522792,38.36951],[-78.544528,38.362518],[-78.547298,38.352324],[-78.553809,38.348499],[-78.553143,38.334824],[-78.587506,38.32483],[-78.600307,38.315549],[-78.602721,38.306891],[-78.628525,38.300023],[-78.634337,38.292029],[-78.651214,38.293463],[-78.663898,38.276676],[-78.661186,38.269011],[-78.666398,38.266053],[-78.655347,38.26026],[-78.662188,38.253476],[-78.669806,38.247327],[-78.681032,38.254905],[-78.692865,38.247286],[-78.706566,38.246438],[-78.711239,38.238639],[-78.742136,38.21772],[-78.749396,38.206648],[-78.888258,38.303691],[-78.914289,38.304319],[-79.2243090862597,38.4776607800969],[-79.220961,38.48059]],[[-78.917871,38.394153],[-78.913936,38.390004],[-78.890002,38.390814],[-78.887438,38.403975],[-78.88294,38.40249],[-78.883527,38.411497],[-78.827316,38.420474],[-78.830252,38.422601],[-78.82432,38.435079],[-78.83406,38.443581],[-78.834579,38.45554],[-78.848589,38.452278],[-78.848901,38.464816],[-78.857903,38.475412],[-78.871055,38.479995],[-78.871361,38.489518],[-78.888973,38.455357],[-78.900589,38.459217],[-78.915443,38.437455],[-78.902483,38.424147],[-78.917871,38.394153]]]}},{"type":"Feature","properties":{"GEOID":"51105","NAME":"Lee","state":"VA","wildfire_risk_score":80.566,"wildfire_eal_total":252129.38,"risk_band":"High","source":"FEMA National Risk Index v1.20 (December 2025)"},"geometry":{"type":"Polygon","coordinates":[[[-83.674614,36.603082],[-83.649513,36.616683],[-83.645213,36.624183],[-83.628913,36.624083],[-83.607913,36.637083],[-83.585956,36.643756],[-83.577312,36.641784],[-83.529612,36.666184],[-83.498011,36.670485],[-83.466483,36.6647],[-83.423707,36.667385],[-83.395806,36.676786],[-83.386099,36.686589],[-83.311403,36.710287],[-83.194597,36.739487],[-83.136395,36.743088],[-83.127833,36.750828],[-83.125655,36.761407],[-83.132477,36.764398],[-83.128987,36.775784],[-83.133231,36.784585],[-83.119144,36.789531],[-83.103092,36.806689],[-83.098492,36.814289],[-83.101792,36.829089],[-83.07519,36.840889],[-83.07259,36.854589],[-83.047589,36.851789],[-83.026887,36.855489],[-83.021887,36.849989],[-83.006086,36.847889],[-82.998376,36.85663],[-82.970253,36.857686],[-82.951685,36.866152],[-82.907774,36.874706],[-82.907981,36.878749],[-82.8782081655467,36.8927955121479],[-82.851276,36.869733],[-82.852612,36.865028],[-82.844503,36.857837],[-82.849332,36.854906],[-82.847646,36.847846],[-82.835392,36.847869],[-82.771595,36.800031],[-82.786283,36.787832],[-82.78964,36.777369],[-82.799451,36.778113],[-82.808804,36.77279],[-82.829812,36.747219],[-82.824369,36.743774],[-82.824273,36.732071],[-82.852718,36.717143],[-82.887887,36.706742],[-82.947587,36.67587],[-82.9851235492625,36.5937302148783],[-83.622624,36.598061],[-83.674614,36.603082]]]}},{"type":"Feature","properties":{"GEOID":"51053","NAME":"Dinwiddie","state":"VA","wildfire_risk_score":21.883,"wildfire_eal_total":8845.58,"risk_band":"Moderate","source":"FEMA National Risk Index v1.20 (December 2025)"},"geometry":{"type":"Polygon","coordinates":[[[-77.900338,37.143882],[-77.875889,37.147933],[-77.841723,37.169839],[-77.813859,37.169678],[-77.792906,37.195831],[-77.747693,37.192729],[-77.726532,37.204402],[-77.718396,37.215634],[-77.700835,37.222909],[-77.686607,37.222899],[-77.680681,37.228896],[-77.688709,37.22822],[-77.686807,37.235068],[-77.678229,37.2352],[-77.673009,37.241844],[-77.661326,37.240745],[-77.655967,37.253708],[-77.648942,37.25538],[-77.65061,37.265112],[-77.64237,37.263975],[-77.632613,37.269659],[-77.60771,37.267793],[-77.600513,37.253742],[-77.583979,37.2461],[-77.57891,37.237927],[-77.568198,37.239343],[-77.567386,37.232007],[-77.559641,37.22501],[-77.536115,37.226335],[-77.522559,37.217142],[-77.493125,37.224822],[-77.447408,37.223066],[-77.447354,37.215911],[-77.441456,37.211851],[-77.44646,37.194263],[-77.454588,37.187474],[-77.428069,37.185019],[-77.421978,37.179465],[-77.42347,37.165095],[-77.399273,37.171691],[-77.394645,37.035734],[-77.398498,36.992985],[-77.619029,36.877844],[-77.631052,36.887773],[-77.637558,36.886683],[-77.638485,36.88221],[-77.632102,36.87825],[-77.640338,36.874254],[-77.647617,36.88077],[-77.64827,36.897496],[-77.663907,36.894668],[-77.676526,36.904395],[-77.694619,36.906591],[-77.700889,36.91643],[-77.715194,36.914802],[-77.714714,36.925351],[-77.727805,36.943377],[-77.746371,36.953092],[-77.745606,36.95895],[-77.755257,36.956095],[-77.761755,36.961611],[-77.76554,36.974655],[-77.777972,36.974956],[-77.794796,36.984453],[-77.810111,36.983378],[-77.840869,36.995934],[-77.850695,36.988107],[-77.862288,36.992182],[-77.865031,36.988473],[-77.871573,36.99174],[-77.889813,36.988818],[-77.900338,37.143882]]]}},{"type":"Feature","properties":{"GEOID":"51830","NAME":"Williamsburg","state":"VA","wildfire_risk_score":8.238,"wildfire_eal_total":4097.93,"risk_band":"Low","source":"FEMA National Risk Index v1.20 (December 2025)"},"geometry":{"type":"Polygon","coordinates":[[[-76.742204,37.276201],[-76.724899,37.28076],[-76.734095,37.286439],[-76.734551,37.300132],[-76.740949,37.301586],[-76.730966,37.310104],[-76.720048,37.286235],[-76.710106,37.277362],[-76.709861,37.282726],[-76.68187,37.292642],[-76.678296,37.276841],[-76.684796,37.270666],[-76.680925,37.260595],[-76.664233,37.251106],[-76.682638,37.247226],[-76.72626,37.249952],[-76.738554,37.261318],[-76.738657,37.27537],[-76.742204,37.276201]]]}},{"type":"Feature","properties":{"GEOID":"51167","NAME":"Russell","state":"VA","wildfire_risk_score":54.421,"wildfire_eal_total":46607.31,"risk_band":"High","source":"FEMA National Risk Index v1.20 (December 2025)"},"geometry":{"type":"Polygon","coordinates":[[[-82.402244,36.877938],[-82.369695,36.893382],[-82.358561,36.888066],[-82.356756,36.89531],[-82.350794,36.892393],[-82.341636,36.896363],[-82.336474,36.887155],[-82.32881,36.891119],[-82.327894,36.899677],[-82.31816,36.887762],[-82.319562,36.906716],[-82.316189,36.907411],[-82.316125,36.901996],[-82.29862,36.90551],[-82.32783,36.970982],[-82.284655,36.99847],[-82.274427,37.001504],[-82.261926,36.98945],[-82.254902,36.990219],[-82.196419,37.03103],[-82.184013,37.026797],[-82.180282,37.035038],[-82.168813,37.041143],[-82.160533,37.037151],[-82.13629,37.04378],[-82.113447,37.039655],[-82.107315,37.041345],[-82.107131,37.048303],[-82.096737,37.052033],[-82.087883,37.041567],[-82.075701,37.038217],[-82.055668,37.048225],[-82.045338,37.046669],[-82.035864,37.051458],[-82.031701,37.065198],[-82.017962,37.068527],[-82.021267,37.074782],[-82.014165,37.081628],[-82.021093,37.083718],[-82.021136,37.08911],[-82.013474,37.098463],[-82.016861,37.102278],[-82.010142,37.107328],[-82.007716,37.119871],[-81.999247,37.118622],[-81.990295,37.128695],[-81.978483,37.12071],[-81.967242,37.122103],[-81.963992,37.128086],[-81.932249,37.126599],[-81.92348,37.133886],[-81.914273,37.130722],[-81.909555,37.139972],[-81.900892,37.142553],[-81.889673,37.110887],[-81.818338,37.042647],[-81.780545,36.958629],[-81.818728,36.947258],[-81.834104,36.929029],[-81.885255,36.889544],[-81.94595,36.864607],[-81.976049,36.869502],[-81.979884,36.881193],[-82.078777,36.854725],[-82.114836,36.826169],[-82.116897,36.817926],[-82.103853,36.798167],[-82.224516,36.762904],[-82.300342,36.730916],[-82.332078,36.708969],[-82.356356,36.779852],[-82.406633,36.876356],[-82.402244,36.877938]]]}},{"type":"Feature","properties":{"GEOID":"51117","NAME":"Mecklenburg","state":"VA","wildfire_risk_score":24.3,"wildfire_eal_total":7185.92,"risk_band":"Moderate","source":"FEMA National Risk Index v1.20 (December 2025)"},"geometry":{"type":"Polygon","coordinates":[[[-78.740275,36.551271],[-78.736538,36.552245],[-78.732912,36.570076],[-78.725285,36.569645],[-78.726677,36.57639],[-78.715789,36.580111],[-78.720028,36.588877],[-78.7127,36.592613],[-78.71745,36.598374],[-78.709457,36.620577],[-78.713485,36.63425],[-78.70824,36.637701],[-78.711965,36.642583],[-78.697302,36.66888],[-78.702517,36.676373],[-78.677596,36.688326],[-78.649802,36.690265],[-78.623613,36.666637],[-78.592407,36.651494],[-78.578771,36.638539],[-78.560739,36.639363],[-78.549377,36.626152],[-78.557727,36.640402],[-78.622883,36.672025],[-78.639486,36.694359],[-78.648541,36.697909],[-78.493028,36.89122],[-78.463331,36.871882],[-78.430123,36.871082],[-78.421187,36.851652],[-78.414893,36.857005],[-78.401197,36.856383],[-78.397206,36.863842],[-78.395016,36.859494],[-78.368112,36.86139],[-78.359711,36.859654],[-78.344899,36.842312],[-78.338551,36.845037],[-78.339521,36.850848],[-78.329214,36.850004],[-78.329585,36.854512],[-78.325769,36.84902],[-78.305072,36.843184],[-78.303792,36.836731],[-78.294171,36.835769],[-78.282137,36.822289],[-78.243391,36.814502],[-78.241822,36.808187],[-78.174616,36.80305],[-78.119364,36.78707],[-78.108955,36.789179],[-78.111977,36.79984],[-78.105207,36.800711],[-78.058126,36.776832],[-78.051926,36.776649],[-78.04746,36.784313],[-78.027411,36.777858],[-78.0462112119251,36.5441680334943],[-78.7341219239254,36.5419022759072],[-78.73166,36.547468],[-78.740275,36.551271]]]}},{"type":"Feature","properties":{"GEOID":"51019","NAME":"Bedford","state":"VA","wildfire_risk_score":66.635,"wildfire_eal_total":141229.03,"risk_band":"High","source":"FEMA National Risk Index v1.20 (December 2025)"},"geometry":{"type":"Polygon","coordinates":[[[-79.858405,37.267155],[-79.84777,37.278472],[-79.850382,37.295107],[-79.839607,37.300414],[-79.847476,37.309352],[-79.844198,37.31775],[-79.788679,37.34935],[-79.78332,37.36919],[-79.776056,37.374023],[-79.776984,37.380839],[-79.792185,37.380822],[-79.814203,37.403654],[-79.79049,37.40879],[-79.756185,37.425384],[-79.719076,37.448957],[-79.677468,37.483473],[-79.653498,37.481959],[-79.628162,37.453604],[-79.617181,37.458017],[-79.593707,37.448864],[-79.582745,37.451878],[-79.581125,37.471955],[-79.558956,37.496422],[-79.555349,37.498917],[-79.545551,37.489512],[-79.533122,37.505258],[-79.518941,37.508447],[-79.514217,37.516581],[-79.504681,37.520832],[-79.504926,37.529344],[-79.496545,37.537107],[-79.478987,37.548379],[-79.464111,37.549557],[-79.458378,37.559892],[-79.44039,37.564111],[-79.434068,37.572327],[-79.438871,37.577847],[-79.449067,37.578761],[-79.446451,37.583955],[-79.457504,37.599323],[-79.457883,37.606009],[-79.445277,37.618248],[-79.436947,37.617057],[-79.436111,37.605526],[-79.431138,37.60182],[-79.404525,37.607514],[-79.394042,37.596593],[-79.384118,37.594329],[-79.370174,37.568817],[-79.365046,37.546249],[-79.339299,37.516608],[-79.29312,37.499374],[-79.263432,37.509094],[-79.258075,37.494165],[-79.240439,37.506165],[-79.223714,37.506344],[-79.219116,37.502242],[-79.225093,37.494444],[-79.209467,37.477518],[-79.189482,37.475278],[-79.185882,37.470126],[-79.185702,37.46582],[-79.209961,37.46897],[-79.221737,37.458199],[-79.231699,37.459645],[-79.246499,37.447286],[-79.266553,37.448352],[-79.266313,37.439592],[-79.270977,37.436258],[-79.26838,37.431251],[-79.252625,37.430812],[-79.241444,37.419145],[-79.254385,37.404493],[-79.233106,37.393011],[-79.442859,37.055867],[-79.477847,37.064244],[-79.489516,37.0625],[-79.490009,37.055693],[-79.480501,37.045395],[-79.483272,37.03529],[-79.458741,37.018027],[-79.479063,37.0064],[-79.509813,37.031353],[-79.535614,37.041127],[-79.542554,37.051628],[-79.55003,37.05311],[-79.542645,37.044998],[-79.559479,37.0439],[-79.564311,37.034702],[-79.600156,37.044629],[-79.602649,37.048679],[-79.593382,37.048048],[-79.593061,37.052868],[-79.622408,37.078611],[-79.621503,37.083155],[-79.612051,37.081818],[-79.611628,37.086487],[-79.641069,37.103113],[-79.651194,37.126749],[-79.670485,37.149621],[-79.679893,37.155877],[-79.688192,37.149739],[-79.702355,37.164295],[-79.696294,37.152842],[-79.702926,37.149444],[-79.722359,37.192307],[-79.732867,37.187033],[-79.757703,37.189968],[-79.762093,37.201387],[-79.769456,37.197998],[-79.776606,37.202627],[-79.779924,37.213422],[-79.774203,37.216826],[-79.782145,37.232729],[-79.794543,37.231074],[-79.794827,37.219495],[-79.803614,37.215525],[-79.819572,37.226405],[-79.829775,37.224557],[-79.833008,37.216049],[-79.842677,37.216547],[-79.847328,37.223308],[-79.842491,37.230284],[-79.846472,37.247386],[-79.858405,37.267155]]]}},{"type":"Feature","properties":{"GEOID":"51685","NAME":"Manassas Park","state":"VA","wildfire_risk_score":0.382,"wildfire_eal_total":137.28,"risk_band":"Low","source":"FEMA National Risk Index v1.20 (December 2025)"},"geometry":{"type":"Polygon","coordinates":[[[-77.478795,38.782583],[-77.472972,38.788391],[-77.458507,38.787394],[-77.459499,38.778395],[-77.444875,38.770495],[-77.440333,38.783473],[-77.422013,38.776644],[-77.420581,38.762287],[-77.427332,38.753598],[-77.441172,38.756957],[-77.435993,38.755111],[-77.441271,38.749654],[-77.446728,38.756487],[-77.444703,38.766295],[-77.478795,38.782583]]]}},{"type":"Feature","properties":{"GEOID":"51530","NAME":"Buena Vista","state":"VA","wildfire_risk_score":1.018,"wildfire_eal_total":414.02,"risk_band":"Low","source":"FEMA National Risk Index v1.20 (December 2025)"},"geometry":{"type":"Polygon","coordinates":[[[-79.381509,37.742149],[-79.364923,37.744623],[-79.36215,37.751567],[-79.348809,37.754769],[-79.34286,37.762093],[-79.331017,37.759843],[-79.331252,37.744336],[-79.326012,37.743269],[-79.334252,37.743751],[-79.333081,37.737942],[-79.340141,37.731952],[-79.335167,37.728323],[-79.341158,37.729626],[-79.356495,37.710793],[-79.348344,37.705448],[-79.356994,37.709063],[-79.371705,37.695747],[-79.381361,37.706578],[-79.375247,37.711295],[-79.376175,37.721353],[-79.366497,37.726073],[-79.376981,37.727761],[-79.37485,37.738859],[-79.381509,37.742149]]]}},{"type":"Feature","properties":{"GEOID":"51007","NAME":"Amelia","state":"VA","wildfire_risk_score":6.298,"wildfire_eal_total":1965.54,"risk_band":"Low","source":"FEMA National Risk Index v1.20 (December 2025)"},"geometry":{"type":"Polygon","coordinates":[[[-78.239868,37.377302],[-78.220344,37.388179],[-78.214989,37.400718],[-78.20625,37.407088],[-78.20173,37.426326],[-78.188964,37.425341],[-78.185002,37.444552],[-78.171415,37.442536],[-78.157392,37.453787],[-78.149704,37.452536],[-78.13877,37.459666],[-78.127275,37.453051],[-78.12429,37.445398],[-78.105734,37.449283],[-78.100814,37.448114],[-78.098749,37.440575],[-78.092423,37.455656],[-78.066132,37.451988],[-78.049325,37.472261],[-78.017204,37.47149],[-78.015448,37.491179],[-77.99874,37.497854],[-77.985158,37.486115],[-77.955816,37.483274],[-77.937427,37.475422],[-77.924925,37.482192],[-77.914558,37.474815],[-77.898206,37.474751],[-77.893801,37.466781],[-77.897617,37.456778],[-77.894465,37.449578],[-77.866608,37.456751],[-77.868571,37.447002],[-77.865117,37.437647],[-77.856073,37.431736],[-77.858879,37.422636],[-77.855148,37.418363],[-77.85874,37.414544],[-77.875093,37.417137],[-77.867388,37.393821],[-77.878232,37.383513],[-77.8766,37.364285],[-77.860946,37.362203],[-77.852844,37.356651],[-77.850541,37.345105],[-77.837346,37.33838],[-77.796507,37.332694],[-77.796254,37.323966],[-77.809013,37.315359],[-77.80675,37.304526],[-77.772588,37.287607],[-77.763546,37.27074],[-77.73979,37.268664],[-77.735517,37.284194],[-77.720005,37.283318],[-77.715882,37.286653],[-77.716211,37.296878],[-77.708797,37.300082],[-77.692563,37.28145],[-77.687029,37.282433],[-77.682414,37.291752],[-77.667465,37.292468],[-77.648942,37.25538],[-77.655967,37.253708],[-77.661326,37.240745],[-77.673009,37.241844],[-77.678229,37.2352],[-77.686807,37.235068],[-77.688709,37.22822],[-77.680681,37.228896],[-77.686607,37.222899],[-77.700835,37.222909],[-77.718396,37.215634],[-77.726532,37.204402],[-77.747693,37.192729],[-77.784525,37.197032],[-77.795926,37.192592],[-78.231234,37.29622],[-78.233665,37.369642],[-78.239868,37.377302]]]}},{"type":"Feature","properties":{"GEOID":"51033","NAME":"Caroline","state":"VA","wildfire_risk_score":19.434,"wildfire_eal_total":8057.57,"risk_band":"Moderate","source":"FEMA National Risk Index v1.20 (December 2025)"},"geometry":{"type":"Polygon","coordinates":[[[-77.643605,37.981833],[-77.642518,37.990688],[-77.370297,38.246576],[-77.3604,38.242423],[-77.340623,38.252616],[-77.309419,38.234737],[-77.293502,38.242328],[-77.291402,38.223729],[-77.277002,38.227229],[-77.274302,38.248428],[-77.252701,38.251128],[-77.22414,38.240233],[-77.22871,38.235106],[-77.251801,38.229628],[-77.241801,38.212829],[-77.253701,38.196129],[-77.253701,38.18913],[-77.2319,38.18663],[-77.2318,38.198029],[-77.2198,38.199629],[-77.172299,38.16613],[-77.145298,38.16873],[-77.130397,38.163431],[-77.115997,38.149931],[-77.11435,38.133694],[-77.106054,38.132966],[-77.105198,38.127767],[-77.116798,38.120652],[-77.142237,38.123127],[-77.143789,38.095512],[-77.1701,38.079543],[-77.15954,38.064219],[-77.144905,38.057395],[-77.14923,38.049103],[-77.131476,38.046323],[-77.121793,38.033628],[-77.127187,38.029258],[-77.129432,38.016087],[-77.100095,38.010934],[-77.08897,38.013644],[-77.076619,38.000775],[-77.072658,37.994739],[-77.07712,37.990835],[-77.068724,37.971528],[-77.070115,37.96477],[-77.080531,37.968698],[-77.096831,37.963868],[-77.1065,37.971645],[-77.144221,37.972169],[-77.167006,37.964129],[-77.181962,37.949577],[-77.178772,37.946743],[-77.18396,37.941432],[-77.178794,37.928955],[-77.186414,37.911249],[-77.174838,37.903241],[-77.186961,37.90104],[-77.179711,37.897448],[-77.181418,37.891654],[-77.197837,37.888371],[-77.205454,37.891887],[-77.208723,37.88907],[-77.204599,37.886824],[-77.210202,37.886184],[-77.216324,37.891323],[-77.211493,37.901163],[-77.220355,37.90367],[-77.226517,37.89866],[-77.230793,37.907332],[-77.241422,37.909712],[-77.25027,37.872431],[-77.28029,37.843609],[-77.287578,37.84388],[-77.290735,37.836262],[-77.345223,37.789285],[-77.36226,37.797653],[-77.366618,37.792576],[-77.363041,37.788586],[-77.369909,37.78865],[-77.372058,37.779405],[-77.378372,37.776307],[-77.404745,37.779913],[-77.403688,37.785925],[-77.39085,37.786747],[-77.398352,37.790799],[-77.395243,37.802442],[-77.422352,37.808784],[-77.420313,37.815864],[-77.409643,37.819727],[-77.428267,37.829567],[-77.428167,37.856461],[-77.425002,37.861396],[-77.418706,37.860553],[-77.445147,37.894696],[-77.48417,37.883369],[-77.492405,37.889141],[-77.493639,37.897555],[-77.518889,37.906815],[-77.529135,37.920824],[-77.546042,37.915891],[-77.554814,37.920722],[-77.556745,37.924553],[-77.546467,37.92856],[-77.562118,37.936377],[-77.570473,37.954924],[-77.576728,37.958072],[-77.581241,37.950597],[-77.58989,37.949271],[-77.604857,37.955338],[-77.616181,37.949018],[-77.614077,37.95931],[-77.62098,37.966574],[-77.632624,37.965253],[-77.631336,37.972196],[-77.643605,37.981833]]]}},{"type":"Feature","properties":{"GEOID":"51065","NAME":"Fluvanna","state":"VA","wildfire_risk_score":16.253,"wildfire_eal_total":6196.78,"risk_band":"Moderate","source":"FEMA National Risk Index v1.20 (December 2025)"},"geometry":{"type":"Polygon","coordinates":[[[-78.490771,37.797588],[-78.306763,38.006474],[-78.276527,37.99154],[-78.230175,37.97855],[-78.205125,37.95734],[-78.173929,37.950196],[-78.062481,37.904685],[-78.154463,37.76337],[-78.159326,37.748528],[-78.18099,37.744959],[-78.212374,37.723413],[-78.225302,37.711579],[-78.228778,37.697736],[-78.239748,37.690495],[-78.265493,37.693791],[-78.290043,37.708252],[-78.344228,37.718846],[-78.365616,37.731897],[-78.422201,37.740478],[-78.4677,37.763129],[-78.490771,37.797588]]]}},{"type":"Feature","properties":{"GEOID":"51680","NAME":"Lynchburg","state":"VA","wildfire_risk_score":8.683,"wildfire_eal_total":2578.79,"risk_band":"Low","source":"FEMA National Risk Index v1.20 (December 2025)"},"geometry":{"type":"Polygon","coordinates":[[[-79.270977,37.436258],[-79.266313,37.439592],[-79.266553,37.448352],[-79.246499,37.447286],[-79.231699,37.459645],[-79.221737,37.458199],[-79.209961,37.46897],[-79.194508,37.469184],[-79.185702,37.46582],[-79.185275,37.459012],[-79.175101,37.448731],[-79.146574,37.428684],[-79.146583,37.434949],[-79.143607,37.432873],[-79.13923,37.416725],[-79.123157,37.399893],[-79.114275,37.397637],[-79.111237,37.406122],[-79.106227,37.406532],[-79.084599,37.394623],[-79.118432,37.368964],[-79.133891,37.375983],[-79.176845,37.342096],[-79.197072,37.344918],[-79.214792,37.332637],[-79.234259,37.34356],[-79.232367,37.346574],[-79.254608,37.351525],[-79.252708,37.357482],[-79.257603,37.35576],[-79.232734,37.394687],[-79.254385,37.404493],[-79.241444,37.419145],[-79.250166,37.424061],[-79.250901,37.429495],[-79.26838,37.431251],[-79.270977,37.436258]]]}},{"type":"Feature","properties":{"GEOID":"51183","NAME":"Sussex","state":"VA","wildfire_risk_score":19.911,"wildfire_eal_total":5576.4,"risk_band":"Moderate","source":"FEMA National Risk Index v1.20 (December 2025)"},"geometry":{"type":"Polygon","coordinates":[[[-77.616204,36.879202],[-77.398498,36.992985],[-77.155415,37.112034],[-77.148393,37.101407],[-77.13922,37.104151],[-77.127281,37.097097],[-77.110934,37.100349],[-77.102325,37.084539],[-77.079557,37.084477],[-77.075468,37.072324],[-77.078523,37.068479],[-77.074667,37.066259],[-77.049625,37.062601],[-77.044621,37.070196],[-77.035796,37.070103],[-77.014667,37.057898],[-77.006726,37.058306],[-77.004997,37.051988],[-76.984108,37.049791],[-76.983129,37.053753],[-76.977587,37.050711],[-76.965139,37.054308],[-76.963507,37.043711],[-76.969558,37.040162],[-76.96605,37.000392],[-76.953546,36.94445],[-77.430951,36.707218],[-77.48942,36.720743],[-77.458678,36.862963],[-77.475194,36.861127],[-77.50122,36.845077],[-77.531805,36.853241],[-77.544799,36.852886],[-77.556798,36.845457],[-77.566678,36.852802],[-77.576228,36.852133],[-77.595989,36.871674],[-77.619029,36.877844],[-77.616204,36.879202]]]}},{"type":"Feature","properties":{"GEOID":"51730","NAME":"Petersburg","state":"VA","wildfire_risk_score":15.108,"wildfire_eal_total":4251.74,"risk_band":"Low","source":"FEMA National Risk Index v1.20 (December 2025)"},"geometry":{"type":"Polygon","coordinates":[[[-77.454588,37.187474],[-77.44646,37.194263],[-77.441456,37.211851],[-77.447354,37.215911],[-77.447408,37.223066],[-77.401743,37.239053],[-77.385773,37.238192],[-77.376785,37.244849],[-77.361306,37.238677],[-77.35248,37.219162],[-77.347162,37.218309],[-77.346945,37.210993],[-77.339414,37.209997],[-77.329767,37.197495],[-77.343148,37.189652],[-77.345676,37.174136],[-77.362372,37.170737],[-77.376887,37.17598],[-77.376702,37.180549],[-77.42347,37.165095],[-77.421978,37.179465],[-77.428069,37.185019],[-77.454588,37.187474]]]}},{"type":"Feature","properties":{"GEOID":"51690","NAME":"Martinsville","state":"VA","wildfire_risk_score":0.604,"wildfire_eal_total":185.97,"risk_band":"Low","source":"FEMA National Risk Index v1.20 (December 2025)"},"geometry":{"type":"Polygon","coordinates":[[[-79.901614,36.687095],[-79.87476,36.715337],[-79.837359,36.704137],[-79.8443,36.670923],[-79.826648,36.659314],[-79.827359,36.647637],[-79.831433,36.646321],[-79.832432,36.65305],[-79.838989,36.652418],[-79.837616,36.654097],[-79.838012,36.659295],[-79.841013,36.651071],[-79.837139,36.645957],[-79.842234,36.643805],[-79.859761,36.650368],[-79.859798,36.661879],[-79.894181,36.672036],[-79.904077,36.684127],[-79.901614,36.687095]]]}},{"type":"Feature","properties":{"GEOID":"51660","NAME":"Harrisonburg","state":"VA","wildfire_risk_score":10.56,"wildfire_eal_total":3386.19,"risk_band":"Low","source":"FEMA National Risk Index v1.20 (December 2025)"},"geometry":{"type":"Polygon","coordinates":[[[-78.917537,38.396224],[-78.90397,38.414876],[-78.902483,38.424147],[-78.915443,38.437455],[-78.900589,38.459217],[-78.888973,38.455357],[-78.871361,38.489518],[-78.871055,38.479995],[-78.857903,38.475412],[-78.848901,38.464816],[-78.848589,38.452278],[-78.834579,38.45554],[-78.83406,38.443581],[-78.82432,38.435079],[-78.830252,38.422601],[-78.827316,38.420474],[-78.883527,38.411497],[-78.88294,38.40249],[-78.887438,38.403975],[-78.890002,38.390814],[-78.913936,38.390004],[-78.917537,38.396224]]]}},{"type":"Feature","properties":{"GEOID":"51620","NAME":"Franklin","state":"VA","wildfire_risk_score":2.067,"wildfire_eal_total":604.67,"risk_band":"Low","source":"FEMA National Risk Index v1.20 (December 2025)"},"geometry":{"type":"Polygon","coordinates":[[[-76.96839,36.70058],[-76.952438,36.70868],[-76.925403,36.708644],[-76.930272,36.704996],[-76.925691,36.698329],[-76.912221,36.698408],[-76.924982,36.682195],[-76.912015,36.672717],[-76.917749,36.661251],[-76.910058,36.647146],[-76.962339,36.667515],[-76.947438,36.67588],[-76.966486,36.680449],[-76.96839,36.70058]]]}},{"type":"Feature","properties":{"GEOID":"51650","NAME":"Hampton","state":"VA","wildfire_risk_score":24.268,"wildfire_eal_total":10427.88,"risk_band":"Moderate","source":"FEMA National Risk Index v1.20 (December 2025)"},"geometry":{"type":"MultiPolygon","coordinates":[[[[-76.305284,36.985142],[-76.302589,36.987156],[-76.299862,36.98692],[-76.302676,36.981808],[-76.305284,36.985142]]],[[[-76.320364,37.002934],[-76.317706,37.001921],[-76.317073,36.999067],[-76.318638,36.999203],[-76.320364,37.002934]]],[[[-76.448998,37.079152],[-76.440405,37.084902],[-76.437748,37.094048],[-76.407977,37.092124],[-76.398353,37.096672],[-76.397823,37.10387],[-76.402014,37.104054],[-76.397817,37.107442],[-76.385179,37.105118],[-76.387733,37.109181],[-76.383452,37.111979],[-76.376209,37.108327],[-76.367467,37.113044],[-76.350966,37.106744],[-76.344666,37.096844],[-76.301564,37.103244],[-76.2960171868055,37.1097552439891],[-76.279901,37.101227],[-76.271355,37.087572],[-76.304272,37.001378],[-76.314556,37.001456],[-76.316949,37.012677],[-76.340666,37.015246],[-76.348066,37.006747],[-76.3877113044092,36.989671332859],[-76.401266,36.99724],[-76.399626,36.99109],[-76.405024,36.9936],[-76.424712,37.025397],[-76.442433,37.018802],[-76.450217,37.044956],[-76.448998,37.079152]]]]}},{"type":"Feature","properties":{"GEOID":"51169","NAME":"Scott","state":"VA","wildfire_risk_score":52.322,"wildfire_eal_total":33874.01,"risk_band":"High","source":"FEMA National Risk Index v1.20 (December 2025)"},"geometry":{"type":"Polygon","coordinates":[[[-82.9851235492625,36.5937302148783],[-82.947587,36.67587],[-82.887887,36.706742],[-82.852718,36.717143],[-82.824273,36.732071],[-82.824369,36.743774],[-82.829812,36.747219],[-82.808804,36.77279],[-82.799451,36.778113],[-82.78964,36.777369],[-82.786283,36.787832],[-82.773272,36.799921],[-82.76861,36.798959],[-82.772674,36.806796],[-82.748147,36.832633],[-82.736858,36.826951],[-82.724322,36.832983],[-82.722379,36.825415],[-82.7063,36.822938],[-82.698635,36.816825],[-82.656992,36.845138],[-82.647098,36.867093],[-82.63478,36.87831],[-82.40369,36.885606],[-82.406633,36.876356],[-82.356356,36.779852],[-82.327111,36.69407],[-82.307823,36.619667],[-82.2941391924011,36.595705583357],[-82.9851235492625,36.5937302148783]]]}},{"type":"Feature","properties":{"GEOID":"51740","NAME":"Portsmouth","state":"VA","wildfire_risk_score":19.816,"wildfire_eal_total":7606.2,"risk_band":"Moderate","source":"FEMA National Risk Index v1.20 (December 2025)"},"geometry":{"type":"Polygon","coordinates":[[[-76.419294,36.867608],[-76.404954,36.881541],[-76.4069079896396,36.8975071894675],[-76.388293,36.897164],[-76.385867,36.923247],[-76.356444,36.924055],[-76.350332,36.895312],[-76.340215,36.893669],[-76.338627,36.888976],[-76.351274,36.87995],[-76.341078,36.86105],[-76.35724,36.856796],[-76.374024,36.836557],[-76.358249,36.836186],[-76.358918,36.840866],[-76.339765,36.854545],[-76.318503,36.85779],[-76.307341,36.847491],[-76.3016787439285,36.8509087646957],[-76.294262,36.841647],[-76.289962,36.822048],[-76.292144,36.798663],[-76.375679,36.786062],[-76.391732,36.805122],[-76.400324,36.805239],[-76.403666,36.814048],[-76.383466,36.837548],[-76.387421,36.852199],[-76.399366,36.857244],[-76.398467,36.865948],[-76.419294,36.867608]]]}},{"type":"Feature","properties":{"GEOID":"51735","NAME":"Poquoson","state":"VA","wildfire_risk_score":17.366,"wildfire_eal_total":12001.09,"risk_band":"Moderate","source":"FEMA National Risk Index v1.20 (December 2025)"},"geometry":{"type":"Polygon","coordinates":[[[-76.413,37.141893],[-76.412885,37.155808],[-76.4056524813865,37.1599583528815],[-76.370683,37.150255],[-76.367376,37.153956],[-76.374009,37.160356],[-76.359681,37.168358],[-76.348662,37.1687],[-76.340704,37.150837],[-76.299282,37.130125],[-76.295757,37.123261],[-76.301778,37.114112],[-76.2960171868055,37.1097552439891],[-76.301564,37.103244],[-76.344666,37.096844],[-76.350966,37.106744],[-76.367467,37.113044],[-76.376209,37.108327],[-76.383452,37.111979],[-76.387733,37.109181],[-76.385179,37.105118],[-76.394991,37.106261],[-76.407757,37.129118],[-76.410409,37.126622],[-76.413,37.141893]]]}},{"type":"Feature","properties":{"GEOID":"51035","NAME":"Carroll","state":"VA","wildfire_risk_score":55.884,"wildfire_eal_total":45683.97,"risk_band":"High","source":"FEMA National Risk Index v1.20 (December 2025)"},"geometry":{"type":"Polygon","coordinates":[[[-81.034056,36.811603],[-80.852531,36.849069],[-80.812735,36.853232],[-80.794776,36.863387],[-80.68259,36.895144],[-80.680826,36.909229],[-80.659076,36.913453],[-80.654792,36.921205],[-80.633987,36.93178],[-80.46418,36.708718],[-80.45377,36.700447],[-80.466011,36.673072],[-80.4893,36.661867],[-80.488737,36.650354],[-80.501191,36.656612],[-80.539047,36.641029],[-80.549872,36.642479],[-80.55328,36.652776],[-80.56489,36.652523],[-80.578148,36.662118],[-80.594947,36.661372],[-80.592857,36.65498],[-80.602708,36.652881],[-80.604573,36.636949],[-80.621751,36.619833],[-80.61936,36.612027],[-80.625602,36.60619],[-80.623187,36.592454],[-80.614973,36.588427],[-80.6120580996221,36.557871889559],[-80.704831,36.562319],[-80.8379544979468,36.5591308803947],[-80.914173,36.650246],[-80.877274,36.692215],[-80.891142,36.695963],[-80.903168,36.692941],[-80.897957,36.688622],[-80.90549,36.686853],[-80.910399,36.694725],[-80.917573,36.694133],[-80.917421,36.679774],[-80.925188,36.682312],[-80.932271,36.671593],[-81.042428,36.806448],[-81.034056,36.811603]]]}},{"type":"Feature","properties":{"GEOID":"51810","NAME":"Virginia Beach","state":"VA","wildfire_risk_score":55.821,"wildfire_eal_total":101676.85,"risk_band":"High","source":"FEMA National Risk Index v1.20 (December 2025)"},"geometry":{"type":"Polygon","coordinates":[[[-76.22516,36.837047],[-76.22606,36.839947],[-76.197259,36.828148],[-76.179467,36.849683],[-76.176905,36.856971],[-76.193259,36.865247],[-76.188443,36.874108],[-76.198459,36.886642],[-76.182012,36.906668],[-76.192531,36.918035],[-76.187509,36.922912],[-76.176765,36.921031],[-76.1770937206237,36.9300720442027],[-76.090481,36.907808],[-76.058154,36.916947],[-76.038328,36.931231],[-76.013753,36.930746],[-75.996252,36.922047],[-75.94955,36.76115],[-75.890946,36.630753],[-75.874145,36.583853],[-75.867647,36.550412],[-76.1223489895218,36.5504945503037],[-76.121955,36.66575],[-76.079654,36.67865],[-76.069153,36.67745],[-76.067996,36.692579],[-76.082154,36.71245],[-76.097555,36.71605],[-76.143253,36.757045],[-76.2037,36.769742],[-76.22806,36.832874],[-76.22516,36.837047]]]}},{"type":"Feature","properties":{"GEOID":"51590","NAME":"Danville","state":"VA","wildfire_risk_score":13.836,"wildfire_eal_total":3173.75,"risk_band":"Low","source":"FEMA National Risk Index v1.20 (December 2025)"},"geometry":{"type":"Polygon","coordinates":[[[-79.517884,36.604467],[-79.500989,36.618146],[-79.487239,36.612753],[-79.479618,36.616291],[-79.452792,36.612189],[-79.448741,36.607336],[-79.437959,36.607801],[-79.43094,36.59969],[-79.422191,36.600518],[-79.41454,36.613292],[-79.416085,36.618146],[-79.404291,36.629754],[-79.406625,36.633605],[-79.398094,36.644037],[-79.392052,36.642884],[-79.392416,36.637113],[-79.369429,36.635074],[-79.364881,36.607652],[-79.354662,36.609288],[-79.351218,36.599913],[-79.330969,36.601669],[-79.328484,36.582638],[-79.304562,36.582262],[-79.30269,36.574501],[-79.307326,36.569032],[-79.320444,36.573454],[-79.329727,36.569251],[-79.33619,36.5717],[-79.331139,36.568463],[-79.344244,36.563705],[-79.343466,36.558456],[-79.351535,36.55124],[-79.3431171666517,36.5411766468951],[-79.4700322670177,36.5410249389509],[-79.472112,36.560621],[-79.462261,36.563645],[-79.456471,36.576971],[-79.478272,36.584375],[-79.491888,36.580939],[-79.499069,36.593004],[-79.517884,36.604467]]]}},{"type":"Feature","properties":{"GEOID":"51115","NAME":"Mathews","state":"VA","wildfire_risk_score":40.14,"wildfire_eal_total":19522.88,"risk_band":"High","source":"FEMA National Risk Index v1.20 (December 2025)"},"geometry":{"type":"Polygon","coordinates":[[[-76.450199,37.486245],[-76.435796,37.50941],[-76.437561,37.51436],[-76.419897,37.510297],[-76.413563,37.512942],[-76.404118,37.535542],[-76.390887,37.530251],[-76.3607691958602,37.528364902898],[-76.356397,37.508084],[-76.333632,37.502797],[-76.323286,37.485336],[-76.310909,37.487101],[-76.315546,37.489948],[-76.297739,37.506863],[-76.297651,37.515424],[-76.281043,37.507821],[-76.273016,37.484766],[-76.286757,37.48687],[-76.293769,37.491301],[-76.29258,37.494979],[-76.310288,37.491113],[-76.279508,37.474704],[-76.280696,37.465838],[-76.256097,37.452631],[-76.247897,37.3944],[-76.249085,37.375798],[-76.274682,37.349619],[-76.270932,37.341029],[-76.27599,37.335447],[-76.271463,37.329539],[-76.276214,37.310829],[-76.288141,37.322316],[-76.308581,37.329366],[-76.313781,37.345462],[-76.320646,37.344107],[-76.337786,37.365772],[-76.348601,37.371533],[-76.359891,37.370872],[-76.370705,37.380505],[-76.385252,37.384339],[-76.39685,37.402033],[-76.398989,37.416758],[-76.412893,37.41808],[-76.414534077025,37.4135904346518],[-76.447944,37.420064],[-76.450221,37.430219],[-76.444263,37.439106],[-76.448717,37.448141],[-76.442145,37.45285],[-76.450199,37.486245]]]}},{"type":"Feature","properties":{"GEOID":"51800","NAME":"Suffolk","state":"VA","wildfire_risk_score":55.598,"wildfire_eal_total":77781.04,"risk_band":"High","source":"FEMA National Risk Index v1.20 (December 2025)"},"geometry":{"type":"Polygon","coordinates":[[[-76.927654,36.562392],[-76.926141,36.571952],[-76.917996,36.572568],[-76.920251,36.577614],[-76.909476,36.579167],[-76.912617,36.601711],[-76.90731,36.612116],[-76.912268,36.617895],[-76.89388,36.625712],[-76.891345,36.630445],[-76.897592,36.64405],[-76.53352,36.915563],[-76.526428,36.914628],[-76.521099,36.90633],[-76.501754,36.913646],[-76.4951708895556,36.9224996367245],[-76.482407,36.917364],[-76.483369,36.896239],[-76.49311,36.891842],[-76.491565,36.881101],[-76.483365,36.878154],[-76.454692,36.884077],[-76.453941,36.89274],[-76.441605,36.906116],[-76.404392,36.894523],[-76.407099,36.877954],[-76.441068,36.842548],[-76.457469,36.814841],[-76.491482764957,36.5507317975136],[-76.915897,36.552093],[-76.930936,36.559569],[-76.927654,36.562392]]]}},{"type":"Feature","properties":{"GEOID":"51025","NAME":"Brunswick","state":"VA","wildfire_risk_score":21.501,"wildfire_eal_total":6479.48,"risk_band":"Moderate","source":"FEMA National Risk Index v1.20 (December 2025)"},"geometry":{"type":"Polygon","coordinates":[[[-78.045476,36.552365],[-78.003639,37.022756],[-77.996109,37.022523],[-77.995972,37.014162],[-77.968114,36.987292],[-77.953883,36.991175],[-77.920543,36.982735],[-77.882581,36.991672],[-77.850695,36.988107],[-77.840869,36.995934],[-77.810111,36.983378],[-77.794796,36.984453],[-77.777972,36.974956],[-77.76554,36.974655],[-77.761755,36.961611],[-77.755257,36.956095],[-77.745606,36.95895],[-77.746371,36.953092],[-77.727805,36.943377],[-77.714714,36.925351],[-77.715194,36.914802],[-77.700889,36.91643],[-77.694619,36.906591],[-77.676526,36.904395],[-77.657895,36.894514],[-77.655841,36.713539],[-77.7671232503754,36.5454137549669],[-78.0462112119251,36.5441680334943],[-78.045476,36.552365]]]}},{"type":"Feature","properties":{"GEOID":"51043","NAME":"Clarke","state":"VA","wildfire_risk_score":32.952,"wildfire_eal_total":25912.61,"risk_band":"Moderate","source":"FEMA National Risk Index v1.20 (December 2025)"},"geometry":{"type":"Polygon","coordinates":[[[-78.151696,39.036666],[-78.136987,39.07437],[-78.125317,39.089214],[-78.112944,39.091908],[-78.107052,39.100353],[-78.110523,39.104238],[-78.101983,39.106261],[-78.108274,39.119285],[-78.102346,39.120319],[-78.094873,39.131004],[-78.095377,39.14048],[-78.085145,39.152702],[-78.088789,39.156118],[-78.081881,39.159168],[-78.087016,39.163899],[-78.079692,39.166175],[-78.08186,39.171478],[-78.072969,39.178311],[-78.07736,39.192094],[-78.071206,39.193445],[-78.075529,39.197812],[-78.069788,39.200791],[-78.074575,39.204631],[-78.068133,39.204988],[-78.070097,39.211085],[-78.062146,39.210127],[-78.064734,39.216302],[-78.059593,39.21807],[-78.057917,39.227727],[-78.050543,39.228318],[-78.048245,39.234934],[-78.042262,39.236702],[-78.045391,39.241825],[-78.0331853088999,39.2646209889705],[-77.8283018332673,39.1324224548325],[-77.843797,39.119747],[-77.862825,39.080979],[-77.877596,39.078042],[-77.893279,39.055425],[-77.941227,39.023474],[-77.956402,39.020856],[-77.965505,39.008735],[-77.990275,38.996493],[-78.004313,38.979438],[-78.043694,39.007899],[-78.045029,39.0134],[-78.056262,39.016001],[-78.055971,39.01958],[-78.096992,39.012923],[-78.151696,39.036666]]]}},{"type":"Feature","properties":{"GEOID":"51770","NAME":"Roanoke","state":"VA","wildfire_risk_score":8.524,"wildfire_eal_total":2114.5,"risk_band":"Low","source":"FEMA National Risk Index v1.20 (December 2025)"},"geometry":{"type":"Polygon","coordinates":[[[-80.037564,37.253156],[-80.033464,37.26289],[-80.018446,37.264254],[-80.014253,37.270984],[-80.013916,37.280327],[-80.021713,37.281444],[-80.02295,37.286832],[-80.019208,37.299157],[-80.022226,37.308338],[-79.968835,37.337313],[-79.959013,37.320139],[-79.949734,37.326254],[-79.946206,37.320945],[-79.929288,37.319974],[-79.918066,37.328414],[-79.919223,37.320866],[-79.90546,37.321835],[-79.879276,37.304047],[-79.87855,37.29189],[-79.884236,37.283686],[-79.889885,37.284269],[-79.883273,37.293765],[-79.896425,37.283436],[-79.917889,37.28043],[-79.909328,37.277946],[-79.901071,37.264831],[-79.90919,37.260776],[-79.900492,37.257573],[-79.90719,37.248472],[-79.905097,37.244633],[-79.920378,37.240304],[-79.92638,37.223001],[-79.936217,37.227136],[-79.944314,37.222878],[-79.949034,37.212279],[-79.965615,37.21899],[-79.976005,37.236799],[-79.981429,37.229726],[-79.982631,37.240432],[-79.988175,37.237319],[-79.994392,37.241179],[-79.998191,37.252158],[-80.004179,37.24642],[-80.018472,37.248174],[-80.02883,37.24365],[-80.037564,37.253156]]]}},{"type":"Feature","properties":{"GEOID":"51011","NAME":"Appomattox","state":"VA","wildfire_risk_score":21.342,"wildfire_eal_total":8536.65,"risk_band":"Moderate","source":"FEMA National Risk Index v1.20 (December 2025)"},"geometry":{"type":"Polygon","coordinates":[[[-79.017023,37.430559],[-79.009811,37.445899],[-78.998462,37.449312],[-78.967288,37.474089],[-78.940258,37.484292],[-78.940689,37.495295],[-78.949942,37.503142],[-78.919863,37.499027],[-78.892942,37.516143],[-78.898241,37.529142],[-78.894741,37.533642],[-78.88154,37.532042],[-78.86014,37.54544],[-78.830938,37.535642],[-78.823282,37.539754],[-78.825238,37.552542],[-78.702989,37.455255],[-78.683224,37.428974],[-78.635487,37.415957],[-78.63995,37.403871],[-78.630175,37.38425],[-78.616234,37.388515],[-78.615621,37.394052],[-78.595108,37.398994],[-78.601434,37.351367],[-78.594483,37.344949],[-78.630765,37.318236],[-78.636866,37.306348],[-78.673332,37.268511],[-78.681573,37.248759],[-78.709755,37.236862],[-78.720357,37.237063],[-78.73492,37.22026],[-78.741112,37.224559],[-78.753944,37.220993],[-78.764099,37.228724],[-78.777293,37.229107],[-78.808198,37.201852],[-78.856928,37.212008],[-78.854804,37.226578],[-78.863198,37.24049],[-78.892241,37.248708],[-78.914384,37.242485],[-78.921665,37.245912],[-78.92646,37.277071],[-78.941103,37.284026],[-78.943132,37.292419],[-78.949703,37.292501],[-78.953447,37.317112],[-79.021687,37.429243],[-79.017023,37.430559]]]}},{"type":"Feature","properties":{"GEOID":"51173","NAME":"Smyth","state":"VA","wildfire_risk_score":31.266,"wildfire_eal_total":11372.45,"risk_band":"Moderate","source":"FEMA National Risk Index v1.20 (December 2025)"},"geometry":{"type":"Polygon","coordinates":[[[-81.837096,36.929039],[-81.821881,36.939727],[-81.818728,36.947258],[-81.708788,36.977011],[-81.682786,36.932934],[-81.673884,36.934539],[-81.640781,36.948506],[-81.576142,36.989693],[-81.533791,36.996065],[-81.510392,37.003429],[-81.495026,37.014986],[-81.474539,37.018476],[-81.468569,37.014437],[-81.475203,37.008517],[-81.472402,36.998052],[-81.483786,36.990242],[-81.480519,36.986291],[-81.43673,37.010135],[-81.326855,36.899459],[-81.272446,36.792109],[-81.261987,36.763033],[-81.299,36.752653],[-81.38403,36.739987],[-81.438758,36.7169],[-81.45572,36.718545],[-81.543957,36.701517],[-81.543099,36.697006],[-81.531417,36.693799],[-81.531194,36.685012],[-81.538811,36.664912],[-81.547229,36.65648],[-81.563965,36.658225],[-81.580789,36.646469],[-81.61903,36.633997],[-81.699561,36.789316],[-81.837096,36.929039]]]}},{"type":"Feature","properties":{"GEOID":"51750","NAME":"Radford","state":"VA","wildfire_risk_score":2.704,"wildfire_eal_total":1090.63,"risk_band":"Low","source":"FEMA National Risk Index v1.20 (December 2025)"},"geometry":{"type":"Polygon","coordinates":[[[-80.596095,37.121572],[-80.573087,37.139876],[-80.553642,37.14673],[-80.530709,37.132381],[-80.52476,37.147873],[-80.518809,37.150913],[-80.518741,37.147088],[-80.511287,37.147782],[-80.507925,37.136952],[-80.519361,37.124165],[-80.53303,37.118088],[-80.530959,37.110504],[-80.53844,37.117474],[-80.541126,37.11157],[-80.542307,37.117663],[-80.554973,37.117843],[-80.551579,37.111797],[-80.559011,37.104066],[-80.556479,37.09999],[-80.580469,37.089662],[-80.590406,37.102],[-80.596095,37.121572]],[[-80.519433,37.131859],[-80.51863,37.131523],[-80.518101,37.132626],[-80.518893,37.132638],[-80.519433,37.131859]]]}},{"type":"Feature","properties":{"GEOID":"51630","NAME":"Fredericksburg","state":"VA","wildfire_risk_score":1.749,"wildfire_eal_total":1043.7,"risk_band":"Low","source":"FEMA National Risk Index v1.20 (December 2025)"},"geometry":{"type":"Polygon","coordinates":[[[-77.530859,38.308789],[-77.526243,38.309531],[-77.527185,38.320655],[-77.512518,38.325356],[-77.498754,38.32543],[-77.481386,38.316477],[-77.474726,38.321021],[-77.467053,38.31866],[-77.447126,38.284614],[-77.454402,38.283573],[-77.450232,38.274815],[-77.457512,38.271402],[-77.466464,38.279971],[-77.473836,38.270151],[-77.494628,38.27388],[-77.496853,38.282956],[-77.511671,38.279953],[-77.507823,38.292272],[-77.516623,38.29501],[-77.514803,38.305331],[-77.530859,38.308789]]]}},{"type":"Feature","properties":{"GEOID":"51157","NAME":"Rappahannock","state":"VA","wildfire_risk_score":38.518,"wildfire_eal_total":21354.41,"risk_band":"High","source":"FEMA National Risk Index v1.20 (December 2025)"},"geometry":{"type":"Polygon","coordinates":[[[-78.335182,38.628751],[-78.32587,38.630718],[-78.315581,38.651564],[-78.319864,38.657783],[-78.317546,38.669499],[-78.323838,38.672092],[-78.314386,38.682509],[-78.316356,38.690557],[-78.319918,38.698239],[-78.332216,38.705638],[-78.318775,38.737866],[-78.304898,38.73817],[-78.299477,38.748369],[-78.29054,38.750373],[-78.279337,38.762215],[-78.253268,38.757046],[-78.230219,38.769194],[-78.200885,38.77666],[-78.184702,38.792836],[-78.180191,38.817751],[-78.170708,38.819445],[-78.170957,38.829279],[-78.159957,38.836495],[-78.151407,38.848359],[-78.152641,38.854384],[-78.142019,38.85565],[-78.142974,38.859098],[-78.130574,38.864865],[-78.123549,38.865485],[-78.122217,38.856223],[-78.099732,38.830392],[-78.081079,38.82503],[-78.055001,38.808506],[-78.051397,38.79923],[-78.047762,38.801994],[-78.043328,38.797394],[-78.036144,38.800258],[-78.025832,38.795787],[-78.031632,38.793829],[-78.026661,38.78839],[-78.029574,38.786721],[-78.019885,38.778296],[-78.026101,38.776564],[-78.022595,38.770123],[-78.028102,38.757486],[-78.016445,38.754016],[-78.019129,38.740241],[-78.006234,38.732182],[-78.006686,38.727203],[-78.015096,38.725089],[-77.995664,38.710416],[-77.954299,38.694764],[-77.942131,38.698695],[-77.935355,38.69584],[-78.090132,38.596786],[-78.175975,38.520792],[-78.178231,38.526507],[-78.191068,38.524059],[-78.202069,38.532886],[-78.208289,38.530568],[-78.214882,38.538439],[-78.231803,38.532539],[-78.338176,38.627312],[-78.335182,38.628751]]]}},{"type":"Feature","properties":{"GEOID":"51670","NAME":"Hopewell","state":"VA","wildfire_risk_score":3.244,"wildfire_eal_total":767.14,"risk_band":"Low","source":"FEMA National Risk Index v1.20 (December 2025)"},"geometry":{"type":"Polygon","coordinates":[[[-77.337643,37.307609],[-77.334713,37.314403],[-77.31872,37.308331],[-77.297606,37.312542],[-77.296952,37.31016],[-77.295321,37.309542],[-77.296501,37.312661],[-77.287284,37.316852],[-77.281603,37.30994],[-77.277006,37.317656],[-77.252442,37.293536],[-77.260676,37.287911],[-77.260565,37.282794],[-77.278568,37.280331],[-77.298548,37.270549],[-77.305269,37.262037],[-77.309849,37.261612],[-77.310678,37.266234],[-77.322371,37.265396],[-77.330951,37.257644],[-77.324378,37.267816],[-77.328318,37.271946],[-77.324983,37.28061],[-77.329732,37.280751],[-77.326686,37.293226],[-77.337643,37.307609]]]}},{"type":"Feature","properties":{"GEOID":"51640","NAME":"Galax","state":"VA","wildfire_risk_score":23.696,"wildfire_eal_total":7332.6,"risk_band":"Moderate","source":"FEMA National Risk Index v1.20 (December 2025)"},"geometry":{"type":"Polygon","coordinates":[[[-80.949599,36.662992],[-80.940333,36.672597],[-80.944109,36.676303],[-80.940583,36.678535],[-80.932875,36.668765],[-80.929119,36.679843],[-80.917421,36.679774],[-80.917573,36.694133],[-80.910399,36.694725],[-80.90549,36.686853],[-80.897957,36.688622],[-80.903168,36.692941],[-80.891142,36.695963],[-80.877274,36.692215],[-80.917219,36.64705],[-80.916043,36.629343],[-80.921073,36.625549],[-80.931655,36.628494],[-80.921711,36.643533],[-80.947754,36.648361],[-80.949599,36.662992]]]}},{"type":"Feature","properties":{"GEOID":"51099","NAME":"King George","state":"VA","wildfire_risk_score":12.373,"wildfire_eal_total":6186.19,"risk_band":"Low","source":"FEMA National Risk Index v1.20 (December 2025)"},"geometry":{"type":"Polygon","coordinates":[[[-77.34744,38.272237],[-77.339886,38.28555],[-77.33929,38.303138],[-77.326682,38.319027],[-77.330094,38.33401],[-77.32158,38.338142],[-77.320918,38.34608],[-77.2870968325169,38.3488000844294],[-77.279633,38.339444],[-77.264552,38.332442],[-77.240098,38.330988],[-77.204491,38.340408],[-77.180185,38.341099],[-77.162692,38.345994],[-77.138224,38.367917],[-77.08481,38.368297],[-77.070714,38.377636],[-77.056783,38.3962],[-77.043526,38.400548],[-77.011827,38.374554],[-77.015911,38.371024],[-77.014907,38.332763],[-77.022773,38.322858],[-77.05779,38.320562],[-77.042935,38.309466],[-77.028837,38.310875],[-77.026304,38.302685],[-77.017312,38.298595],[-77.0009970309965,38.276128],[-77.028795,38.268128],[-77.034929,38.258626],[-77.044536,38.26045],[-77.048482,38.182444],[-77.052462,38.175983],[-77.064289,38.171666],[-77.061695,38.161631],[-77.069296,38.157731],[-77.066895,38.147631],[-77.073796,38.141331],[-77.082596,38.146831],[-77.084596,38.160231],[-77.094796,38.161631],[-77.118697,38.150231],[-77.127497,38.161531],[-77.145298,38.16873],[-77.168898,38.16523],[-77.181899,38.17073],[-77.2198,38.199629],[-77.2318,38.198029],[-77.2319,38.18663],[-77.253701,38.18913],[-77.253701,38.196129],[-77.241801,38.212829],[-77.251801,38.229628],[-77.22619,38.236167],[-77.224689,38.242207],[-77.246046,38.245479],[-77.251001,38.251028],[-77.270602,38.249828],[-77.277202,38.242428],[-77.277002,38.227229],[-77.291402,38.223729],[-77.294402,38.227029],[-77.291402,38.240828],[-77.310734,38.234873],[-77.326692,38.245136],[-77.329911,38.254339],[-77.345102,38.261468],[-77.343265,38.268488],[-77.34744,38.272237]]]}},{"type":"Feature","properties":{"GEOID":"51089","NAME":"Henry","state":"VA","wildfire_risk_score":22.265,"wildfire_eal_total":5815.51,"risk_band":"Moderate","source":"FEMA National Risk Index v1.20 (December 2025)"},"geometry":{"type":"Polygon","coordinates":[[[-80.095141,36.778203],[-80.082475,36.787997],[-80.061336,36.793641],[-80.041493,36.794365],[-80.031383,36.782886],[-80.015301,36.781597],[-80.013761,36.786359],[-80.027194,36.791262],[-80.017884,36.793733],[-80.012032,36.789644],[-79.999771,36.830738],[-79.802056,36.792137],[-79.786756,36.800737],[-79.769256,36.794437],[-79.764156,36.798538],[-79.761056,36.788337],[-79.748855,36.794437],[-79.749754,36.799238],[-79.736255,36.812938],[-79.690954,36.828838],[-79.687154,36.825038],[-79.669153,36.827838],[-79.640652,36.856139],[-79.7148401962592,36.5420023594641],[-80.0534585356035,36.5425366652957],[-80.050211,36.609333],[-80.054749,36.629479],[-80.060455,36.634489],[-80.058488,36.660681],[-80.07577,36.680829],[-80.081518,36.703221],[-80.093552,36.72149],[-80.084702,36.740146],[-80.094744,36.746326],[-80.088946,36.759935],[-80.095141,36.778203]],[[-79.904077,36.684127],[-79.894181,36.672036],[-79.859798,36.661879],[-79.859761,36.650368],[-79.842234,36.643805],[-79.837139,36.645957],[-79.841013,36.651071],[-79.838012,36.659295],[-79.838989,36.652418],[-79.832432,36.65305],[-79.831433,36.646321],[-79.827359,36.647637],[-79.826648,36.659314],[-79.8443,36.670923],[-79.837359,36.704137],[-79.87476,36.715337],[-79.904077,36.684127]]]}},{"type":"Feature","properties":{"GEOID":"51077","NAME":"Grayson","state":"VA","wildfire_risk_score":45.579,"wildfire_eal_total":25303.06,"risk_band":"High","source":"FEMA National Risk Index v1.20 (December 2025)"},"geometry":{"type":"Polygon","coordinates":[[[-81.6469,36.611918],[-81.6109,36.616952],[-81.602216,36.641898],[-81.580789,36.646469],[-81.563965,36.658225],[-81.547229,36.65648],[-81.538811,36.664912],[-81.531194,36.685012],[-81.531417,36.693799],[-81.543099,36.697006],[-81.543957,36.701517],[-81.529337,36.70636],[-81.508892,36.706641],[-81.45572,36.718545],[-81.438758,36.7169],[-81.38403,36.739987],[-81.299,36.752653],[-81.268055,36.762492],[-81.248621,36.76402],[-81.24207,36.759979],[-81.226847,36.764888],[-81.193017,36.757621],[-81.186016,36.758421],[-81.183516,36.764721],[-81.164515,36.762621],[-81.154114,36.769021],[-81.136713,36.763022],[-81.131513,36.767322],[-81.08851,36.767422],[-81.08651,36.787522],[-81.042428,36.806448],[-80.930851,36.669879],[-80.938375,36.672016],[-80.938429,36.678572],[-80.944109,36.676303],[-80.940333,36.672597],[-80.949599,36.662992],[-80.950021,36.655284],[-80.947754,36.648361],[-80.940454,36.645294],[-80.921711,36.643533],[-80.931147,36.625268],[-80.916043,36.629343],[-80.914173,36.650246],[-80.8379544979468,36.5591308803947],[-81.442228,36.576822],[-81.677535,36.588117],[-81.6469,36.611918]]]}},{"type":"Feature","properties":{"GEOID":"51121","NAME":"Montgomery","state":"VA","wildfire_risk_score":36.959,"wildfire_eal_total":23626.48,"risk_band":"High","source":"FEMA National Risk Index v1.20 (December 2025)"},"geometry":{"type":"MultiPolygon","coordinates":[[[[-80.518893,37.132638],[-80.518101,37.132626],[-80.51863,37.131523],[-80.519433,37.131859],[-80.518893,37.132638]]],[[[-80.61581,37.230412],[-80.603493,37.246842],[-80.500823,37.275643],[-80.414399,37.325026],[-80.351522,37.349193],[-80.32484,37.368833],[-80.262184,37.341526],[-80.258335,37.308427],[-80.202573,37.241493],[-80.189938,37.233437],[-80.178125,37.1134],[-80.283675,37.07883],[-80.347858,37.021593],[-80.389465,37.0217],[-80.404758,37.014501],[-80.413639,37.022205],[-80.416916,37.01582],[-80.411731,37.005484],[-80.417126,37.0017],[-80.423407,37.003605],[-80.42641,37.014303],[-80.434235,37.016663],[-80.442416,37.007141],[-80.445675,37.018619],[-80.451612,37.021453],[-80.451052,37.012728],[-80.462789,37.011145],[-80.461594,37.003247],[-80.465913,36.99988],[-80.47312,37.003548],[-80.47267,36.992652],[-80.485986,36.999096],[-80.484778,36.988263],[-80.492455,36.987422],[-80.49336,36.981477],[-80.518314,37.011655],[-80.522431,37.008895],[-80.516967,37.002472],[-80.521306,36.996552],[-80.543933,36.984639],[-80.555706,37.010013],[-80.556274,37.036923],[-80.562252,37.034968],[-80.565744,37.047549],[-80.555534,37.049742],[-80.544836,37.039934],[-80.543626,37.049576],[-80.552736,37.05261],[-80.547148,37.060164],[-80.556665,37.066383],[-80.560091,37.082313],[-80.568887,37.074541],[-80.580469,37.089662],[-80.556479,37.09999],[-80.559011,37.104066],[-80.551579,37.111797],[-80.554973,37.117843],[-80.542307,37.117663],[-80.541126,37.11157],[-80.53844,37.117474],[-80.530959,37.110504],[-80.53303,37.118088],[-80.519361,37.124165],[-80.51976,37.128209],[-80.50854,37.135708],[-80.511287,37.147782],[-80.518741,37.147088],[-80.518809,37.150913],[-80.52476,37.147873],[-80.526464,37.136307],[-80.528382,37.133288],[-80.530709,37.132381],[-80.52657,37.145119],[-80.52976,37.154226],[-80.53505,37.157916],[-80.55006,37.156228],[-80.565069,37.174119],[-80.551959,37.191544],[-80.521225,37.192066],[-80.515768,37.201911],[-80.522327,37.206957],[-80.55272,37.201828],[-80.585999,37.182764],[-80.612499,37.211148],[-80.61581,37.230412]]]]}},{"type":"Feature","properties":{"GEOID":"51683","NAME":"Manassas","state":"VA","wildfire_risk_score":0.795,"wildfire_eal_total":333.12,"risk_band":"Low","source":"FEMA National Risk Index v1.20 (December 2025)"},"geometry":{"type":"Polygon","coordinates":[[[-77.526661,38.733201],[-77.519902,38.735324],[-77.52257,38.740854],[-77.512864,38.744167],[-77.495598,38.770462],[-77.487813,38.769113],[-77.475584,38.781112],[-77.447759,38.760887],[-77.451642,38.738337],[-77.471177,38.727665],[-77.485137,38.73287],[-77.493912,38.725451],[-77.501376,38.738368],[-77.506911,38.740537],[-77.514999,38.735829],[-77.502526,38.715507],[-77.506239,38.706106],[-77.513349,38.716163],[-77.523891,38.718138],[-77.521226,38.722019],[-77.526661,38.733201]],[[-77.481383,38.751339],[-77.47706,38.750514],[-77.475368,38.752113],[-77.481139,38.756111],[-77.481383,38.751339]]]}},{"type":"Feature","properties":{"GEOID":"51049","NAME":"Cumberland","state":"VA","wildfire_risk_score":8.079,"wildfire_eal_total":1832.53,"risk_band":"Low","source":"FEMA National Risk Index v1.20 (December 2025)"},"geometry":{"type":"Polygon","coordinates":[[[-78.465089,37.339677],[-78.249021,37.635546],[-78.239748,37.690495],[-78.228778,37.697736],[-78.222767,37.715181],[-78.183465,37.743608],[-78.163696,37.74937],[-78.137682,37.739659],[-78.098042,37.713565],[-78.08978,37.699718],[-78.109587,37.680795],[-78.109948,37.674595],[-78.08427,37.668389],[-78.072174,37.657385],[-78.07955,37.653857],[-78.083972,37.640624],[-78.089466,37.639415],[-78.086487,37.63816],[-78.09101,37.630761],[-78.087488,37.628044],[-78.132048,37.454686],[-78.13877,37.459666],[-78.149704,37.452536],[-78.157392,37.453787],[-78.171415,37.442536],[-78.185002,37.444552],[-78.188964,37.425341],[-78.20173,37.426326],[-78.20625,37.407088],[-78.214989,37.400718],[-78.220344,37.388179],[-78.239868,37.377302],[-78.233665,37.369642],[-78.238727,37.363671],[-78.247124,37.359065],[-78.260271,37.360061],[-78.256322,37.352394],[-78.258998,37.342837],[-78.275692,37.348828],[-78.282047,37.335347],[-78.293991,37.332933],[-78.293636,37.323619],[-78.309953,37.320942],[-78.322436,37.309126],[-78.334107,37.309175],[-78.334499,37.316424],[-78.342707,37.319122],[-78.352318,37.308625],[-78.35275,37.301606],[-78.360761,37.310339],[-78.392843,37.304651],[-78.413067,37.324179],[-78.441896,37.324499],[-78.445743,37.334703],[-78.457955,37.334238],[-78.465089,37.339677]]]}},{"type":"Feature","properties":{"GEOID":"51540","NAME":"Charlottesville","state":"VA","wildfire_risk_score":0.318,"wildfire_eal_total":136.2,"risk_band":"Low","source":"FEMA National Risk Index v1.20 (December 2025)"},"geometry":{"type":"Polygon","coordinates":[[[-78.523377,38.023382],[-78.520179,38.029781],[-78.497791,38.033255],[-78.504591,38.042791],[-78.508096,38.035831],[-78.515527,38.036644],[-78.517369,38.041186],[-78.506783,38.044961],[-78.507616,38.056269],[-78.495034,38.065337],[-78.491579,38.061895],[-78.485202,38.068974],[-78.477378,38.06493],[-78.471754,38.070509],[-78.472602,38.067476],[-78.466889,38.06783],[-78.464405,38.064699],[-78.472258,38.04878],[-78.46613,38.0457],[-78.457296,38.049412],[-78.45688,38.055613],[-78.447573,38.056409],[-78.447718,38.045713],[-78.454732,38.045278],[-78.460959,38.028519],[-78.452213,38.027733],[-78.454668,38.021604],[-78.462089,38.022528],[-78.469504,38.011745],[-78.483023,38.012058],[-78.491355,38.017503],[-78.503313,38.0102],[-78.519157,38.010655],[-78.523377,38.023382]]]}},{"type":"Feature","properties":{"GEOID":"51036","NAME":"Charles City","state":"VA","wildfire_risk_score":21.565,"wildfire_eal_total":6275.01,"risk_band":"Moderate","source":"FEMA National Risk Index v1.20 (December 2025)"},"geometry":{"type":"Polygon","coordinates":[[[-77.271575,37.326556],[-77.264595,37.344052],[-77.244167,37.369274],[-77.248687,37.384276],[-77.253947,37.387613],[-77.248749,37.394735],[-77.234608,37.381563],[-77.224269,37.380221],[-77.215071,37.385932],[-77.214593,37.393522],[-77.225972,37.405372],[-77.177324,37.4906],[-77.168811,37.480899],[-77.157776,37.486044],[-77.160805,37.475302],[-77.141977,37.476346],[-77.141747,37.468382],[-77.126874,37.471583],[-77.1185,37.461557],[-77.119073,37.455822],[-77.100646,37.447087],[-77.095948,37.440275],[-77.070143,37.439931],[-77.059677,37.434891],[-77.060043,37.429287],[-77.026677,37.429006],[-77.023601,37.417816],[-77.01611,37.414015],[-76.998263,37.418196],[-76.988911,37.414961],[-76.982,37.420861],[-76.969622,37.416743],[-76.972732,37.410208],[-76.968821,37.406511],[-76.953999,37.403491],[-76.940828,37.409883],[-76.93703,37.401171],[-76.945329,37.394115],[-76.944854,37.383938],[-76.933289,37.387985],[-76.92761,37.399566],[-76.916742,37.39538],[-76.90492,37.404914],[-76.906368,37.392609],[-76.918847,37.385522],[-76.897792,37.373802],[-76.910444,37.364091],[-76.915863,37.352615],[-76.907978,37.349015],[-76.88477,37.368566],[-76.877099,37.369189],[-76.873507,37.363415],[-76.880598,37.350241],[-76.873632,37.342561],[-76.874685,37.320434],[-76.880005,37.309874],[-76.871685,37.295597],[-76.880831,37.287259],[-76.883076,37.275924],[-76.8751867295737,37.260803177855],[-76.897403,37.250548],[-76.900374,37.243737],[-76.916537,37.242317],[-76.917844,37.234275],[-76.933174,37.238817],[-76.9439217543485,37.2346885285224],[-76.974243,37.250148],[-76.991363,37.278005],[-76.990221,37.294888],[-77.001858,37.303569],[-77.010096,37.305251],[-77.032747,37.294465],[-77.069432,37.269742],[-77.079555,37.274275],[-77.088245,37.313072],[-77.12511,37.302921],[-77.224013,37.319403],[-77.249719,37.308668],[-77.267899,37.317938],[-77.271575,37.326556]]]}},{"type":"Feature","properties":{"GEOID":"51045","NAME":"Craig","state":"VA","wildfire_risk_score":8.651,"wildfire_eal_total":2198.07,"risk_band":"Low","source":"FEMA National Risk Index v1.20 (December 2025)"},"geometry":{"type":"Polygon","coordinates":[[[-80.46482,37.426144],[-80.425656,37.449876],[-80.371952,37.474069],[-80.36317,37.480001],[-80.366838,37.484879],[-80.327103,37.495376],[-80.299789,37.508271],[-80.282385,37.533517],[-80.291644,37.536505],[-80.309346,37.527381],[-80.330306,37.536244],[-80.312393,37.546239],[-80.328504,37.564315],[-80.258919,37.595499],[-80.240272,37.606961],[-80.220984,37.627767],[-80.205198,37.616293],[-80.170336,37.616256],[-80.167582,37.608267],[-80.144394,37.596627],[-80.104798,37.62269],[-80.076062,37.632147],[-80.032705,37.66029],[-80.020554,37.647442],[-80.032033,37.638563],[-80.027621,37.624218],[-79.969071,37.544408],[-80.009496,37.510827],[-80.014433,37.494846],[-80.03046,37.475504],[-80.043032,37.449024],[-80.069609,37.424845],[-80.147564,37.382547],[-80.200301,37.378356],[-80.262184,37.341526],[-80.32484,37.368833],[-80.341599,37.354658],[-80.391422,37.331821],[-80.430943,37.316378],[-80.436685,37.322465],[-80.442179,37.319943],[-80.446868,37.332134],[-80.436053,37.339744],[-80.4727968266129,37.4237800299575],[-80.46482,37.426144]]]}},{"type":"Feature","properties":{"GEOID":"51595","NAME":"Emporia","state":"VA","wildfire_risk_score":0.922,"wildfire_eal_total":332.92,"risk_band":"Low","source":"FEMA National Risk Index v1.20 (December 2025)"},"geometry":{"type":"Polygon","coordinates":[[[-77.563315,36.703324],[-77.556453,36.713985],[-77.544459,36.710237],[-77.540139,36.714758],[-77.521835,36.712827],[-77.514877,36.720565],[-77.509386,36.716368],[-77.519115,36.699221],[-77.512249,36.70155],[-77.512208,36.690738],[-77.507331,36.689196],[-77.50898,36.684218],[-77.520261,36.687527],[-77.526058,36.672698],[-77.551027,36.67249],[-77.555972,36.674874],[-77.563315,36.703324]]]}},{"type":"Feature","properties":{"GEOID":"51600","NAME":"Fairfax","state":"VA","wildfire_risk_score":1.05,"wildfire_eal_total":671.14,"risk_band":"Low","source":"FEMA National Risk Index v1.20 (December 2025)"},"geometry":{"type":"Polygon","coordinates":[[[-77.334798,38.853832],[-77.328788,38.864848],[-77.304754,38.863383],[-77.303139,38.869208],[-77.292264,38.871586],[-77.291659,38.867498],[-77.268919,38.862775],[-77.27052,38.840902],[-77.286078,38.841721],[-77.287257,38.836122],[-77.296735,38.837314],[-77.303067,38.832822],[-77.308049,38.83688],[-77.318693,38.835172],[-77.318755,38.842014],[-77.331247,38.847333],[-77.334798,38.853832]],[[-77.316488,38.845005],[-77.308765,38.84284],[-77.306605,38.846259],[-77.316477,38.846146],[-77.316488,38.845005]]]}},{"type":"Feature","properties":{"GEOID":"51678","NAME":"Lexington","state":"VA","wildfire_risk_score":2.322,"wildfire_eal_total":700.97,"risk_band":"Low","source":"FEMA National Risk Index v1.20 (December 2025)"},"geometry":{"type":"Polygon","coordinates":[[[-79.461582,37.786356],[-79.453328,37.793157],[-79.437123,37.794748],[-79.415309,37.78806],[-79.42306,37.78858],[-79.421608,37.784864],[-79.427325,37.785204],[-79.455667,37.765219],[-79.46072,37.772601],[-79.455736,37.779409],[-79.461582,37.786356]]]}},{"type":"Feature","properties":{"GEOID":"51580","NAME":"Covington","state":"VA","wildfire_risk_score":0.159,"wildfire_eal_total":68.71,"risk_band":"Low","source":"FEMA National Risk Index v1.20 (December 2025)"},"geometry":{"type":"Polygon","coordinates":[[[-80.008893,37.762983],[-79.995941,37.782229],[-80.00136,37.789826],[-79.992055,37.79981],[-79.998674,37.80656],[-79.987314,37.813561],[-79.98359,37.801992],[-79.967071,37.803405],[-79.966452,37.792484],[-79.980001,37.781063],[-79.974772,37.773736],[-79.978214,37.764975],[-79.966509,37.757109],[-79.992566,37.748244],[-80.008893,37.762983]]]}},{"type":"Feature","properties":{"GEOID":"51720","NAME":"Norton","state":"VA","wildfire_risk_score":23.632,"wildfire_eal_total":6764.09,"risk_band":"Moderate","source":"FEMA National Risk Index v1.20 (December 2025)"},"geometry":{"type":"Polygon","coordinates":[[[-82.663539,36.92134],[-82.655862,36.92314],[-82.634101,36.952248],[-82.615761,36.956708],[-82.611257,36.955271],[-82.611821,36.948816],[-82.603422,36.959671],[-82.58919,36.950803],[-82.598541,36.942955],[-82.589279,36.94339],[-82.591018,36.935344],[-82.612624,36.934122],[-82.621885,36.928753],[-82.619902,36.914954],[-82.612511,36.912342],[-82.614969,36.90506],[-82.636643,36.90629],[-82.643992,36.900116],[-82.64899,36.909473],[-82.645874,36.915346],[-82.663539,36.92134]]]}},{"type":"Feature","properties":{"GEOID":"51071","NAME":"Giles","state":"VA","wildfire_risk_score":12.913,"wildfire_eal_total":3632.43,"risk_band":"Low","source":"FEMA National Risk Index v1.20 (December 2025)"},"geometry":{"type":"Polygon","coordinates":[[[-81.011963,37.276547],[-80.998239,37.280033],[-80.98212,37.292264],[-80.947896,37.295872],[-80.919259,37.306163],[-80.849451,37.346909],[-80.883248,37.383933],[-80.862761,37.411829],[-80.865148,37.419927],[-80.859556,37.429568],[-80.846324,37.423394],[-80.837678,37.425658],[-80.808769,37.406271],[-80.806129,37.398074],[-80.784188,37.394587],[-80.770082,37.372363],[-80.705203,37.394618],[-80.645893,37.422147],[-80.561442,37.469775],[-80.511391,37.481672],[-80.492981,37.457749],[-80.49728,37.444779],[-80.494867,37.43507],[-80.4727968266129,37.4237800299575],[-80.436053,37.339744],[-80.446868,37.332134],[-80.446034,37.324218],[-80.430943,37.316378],[-80.500823,37.275643],[-80.599415,37.248651],[-80.734248,37.19805],[-80.80149,37.179632],[-80.854627,37.147482],[-80.881129,37.171058],[-80.861545,37.178499],[-80.871306,37.193766],[-80.894041,37.179375],[-81.011963,37.276547]]]}},{"type":"Feature","properties":{"GEOID":"51710","NAME":"Norfolk","state":"VA","wildfire_risk_score":32.92,"wildfire_eal_total":17659.72,"risk_band":"Moderate","source":"FEMA National Risk Index v1.20 (December 2025)"},"geometry":{"type":"Polygon","coordinates":[[[-76.330207,36.942061],[-76.325665,36.963187],[-76.315867,36.955351],[-76.300471,36.95635],[-76.296148,36.969001],[-76.27994,36.968373],[-76.228561,36.941947],[-76.1770937206237,36.9300720442027],[-76.176765,36.921031],[-76.187509,36.922912],[-76.192531,36.918035],[-76.182012,36.906668],[-76.198459,36.886642],[-76.188443,36.874108],[-76.193259,36.865247],[-76.176905,36.856971],[-76.179467,36.849683],[-76.197259,36.828148],[-76.22606,36.839947],[-76.243765,36.836862],[-76.257475,36.820757],[-76.27471,36.828039],[-76.289962,36.822048],[-76.294262,36.841647],[-76.301863,36.853013],[-76.327889,36.876065],[-76.315662,36.888182],[-76.314137,36.902486],[-76.294047,36.899198],[-76.287942,36.903417],[-76.317854,36.911507],[-76.326021,36.903722],[-76.330207,36.942061]]]}},{"type":"Feature","properties":{"GEOID":"51775","NAME":"Salem","state":"VA","wildfire_risk_score":1.368,"wildfire_eal_total":692.17,"risk_band":"Low","source":"FEMA National Risk Index v1.20 (December 2025)"},"geometry":{"type":"Polygon","coordinates":[[[-80.117532,37.288345],[-80.102757,37.296599],[-80.098851,37.292862],[-80.083162,37.297936],[-80.072718,37.304475],[-80.072002,37.311952],[-80.068906,37.307252],[-80.065882,37.313052],[-80.06226,37.310987],[-80.033596,37.324293],[-80.019213,37.303477],[-80.02295,37.286832],[-80.021713,37.281444],[-80.013916,37.280327],[-80.014253,37.270984],[-80.018446,37.264254],[-80.040646,37.261785],[-80.051202,37.2522],[-80.064839,37.260343],[-80.074512,37.257062],[-80.088464,37.28227],[-80.110232,37.279016],[-80.12049,37.287053],[-80.117532,37.288345]]]}},{"type":"Feature","properties":{"GEOID":"51700","NAME":"Newport News","state":"VA","wildfire_risk_score":34.637,"wildfire_eal_total":19198.36,"risk_band":"High","source":"FEMA National Risk Index v1.20 (December 2025)"},"geometry":{"type":"Polygon","coordinates":[[[-76.625622,37.12904],[-76.622252,37.142146],[-76.604369,37.160062],[-76.6074365785127,37.168841148049],[-76.577975,37.187073],[-76.591302,37.213205],[-76.575184,37.212988],[-76.565189,37.220539],[-76.526565,37.177073],[-76.516826,37.178642],[-76.504453,37.158506],[-76.506138,37.154088],[-76.459097,37.100975],[-76.437748,37.094048],[-76.440405,37.084902],[-76.451307,37.077032],[-76.446591,37.068556],[-76.449454,37.039374],[-76.442677,37.029036],[-76.442433,37.018802],[-76.424712,37.025397],[-76.405024,36.9936],[-76.399626,36.99109],[-76.401266,36.99724],[-76.3877113044092,36.989671332859],[-76.410992,36.962997],[-76.425253,36.966415],[-76.452118,36.998163],[-76.448231,37.007705],[-76.461261,37.024504],[-76.518639,37.055727],[-76.526273,37.062947],[-76.52656,37.078531],[-76.543142,37.089089],[-76.560255,37.111268],[-76.56691,37.113448],[-76.57,37.108425],[-76.562988,37.105013],[-76.55051,37.081505],[-76.558947,37.081979],[-76.557117,37.076228],[-76.625622,37.12904]]]}},{"type":"Feature","properties":{"GEOID":"51550","NAME":"Chesapeake","state":"VA","wildfire_risk_score":66.38,"wildfire_eal_total":168287.91,"risk_band":"High","source":"FEMA National Risk Index v1.20 (December 2025)"},"geometry":{"type":"Polygon","coordinates":[[[-76.466768,36.746249],[-76.457469,36.814841],[-76.420368,36.866348],[-76.401467,36.866548],[-76.399366,36.857244],[-76.387421,36.852199],[-76.383466,36.837548],[-76.403666,36.814048],[-76.400324,36.805239],[-76.391732,36.805122],[-76.375679,36.786062],[-76.292144,36.798663],[-76.289962,36.822048],[-76.27471,36.828039],[-76.257475,36.820757],[-76.243765,36.836862],[-76.22606,36.839947],[-76.22806,36.832874],[-76.2037,36.769742],[-76.143253,36.757045],[-76.097555,36.71605],[-76.082154,36.71245],[-76.065553,36.68555],[-76.069153,36.67745],[-76.079654,36.67865],[-76.121955,36.66575],[-76.1223489895218,36.5504945503037],[-76.491482764957,36.5507317975136],[-76.466768,36.746249]]]}},{"type":"Feature","properties":{"GEOID":"51510","NAME":"Alexandria","state":"VA","wildfire_risk_score":5.662,"wildfire_eal_total":2232.16,"risk_band":"Low","source":"FEMA National Risk Index v1.20 (December 2025)"},"geometry":{"type":"Polygon","coordinates":[[[-77.143797,38.810658],[-77.13719,38.821502],[-77.141865,38.825424],[-77.124642,38.841376],[-77.106932,38.84244],[-77.087805,38.827357],[-77.085704,38.843965],[-77.063766,38.844909],[-77.044487611898,38.8395986997167],[-77.038098,38.828612],[-77.040372554527,38.785355394851],[-77.077475,38.80081],[-77.10383,38.803476],[-77.137562,38.798169],[-77.143797,38.810658]]]}},{"type":"Feature","properties":{"GEOID":"51021","NAME":"Bland","state":"VA","wildfire_risk_score":6.361,"wildfire_eal_total":1840.08,"risk_band":"Low","source":"FEMA National Risk Index v1.20 (December 2025)"},"geometry":{"type":"Polygon","coordinates":[[[-81.461989,37.036159],[-81.436602,37.041137],[-81.399281,37.057678],[-81.377944,37.053571],[-81.343825,37.062076],[-81.270674,37.092413],[-81.261318,37.114727],[-81.265174,37.12537],[-81.32814,37.138949],[-81.333009,37.149137],[-81.31376,37.159447],[-81.263864,37.173018],[-81.284703,37.215734],[-81.243553,37.224062],[-81.167029,37.262881],[-81.09482,37.28264],[-80.979589,37.302279],[-80.980146,37.292743],[-80.998239,37.280033],[-81.014489,37.275385],[-80.894041,37.179375],[-80.871306,37.193766],[-80.861545,37.178499],[-80.881129,37.171058],[-80.854627,37.147482],[-80.896151,37.122989],[-80.930627,37.115087],[-80.912674,37.073349],[-80.979665,37.053105],[-81.032514,37.046858],[-81.114319,37.022612],[-81.131051,37.038107],[-81.160394,37.025912],[-81.178854,37.025099],[-81.202524,37.042448],[-81.224624,37.047835],[-81.286458,37.018993],[-81.348027,36.967517],[-81.370528,36.965717],[-81.379402,36.952442],[-81.461989,37.036159]]]}},{"type":"Feature","properties":{"GEOID":"51197","NAME":"Wythe","state":"VA","wildfire_risk_score":21.31,"wildfire_eal_total":6283.17,"risk_band":"Moderate","source":"FEMA National Risk Index v1.20 (December 2025)"},"geometry":{"type":"Polygon","coordinates":[[[-81.372928,36.963317],[-81.367228,36.967217],[-81.350627,36.965817],[-81.286458,37.018993],[-81.224624,37.047835],[-81.202524,37.042448],[-81.178854,37.025099],[-81.160394,37.025912],[-81.131051,37.038107],[-81.114319,37.022612],[-81.032514,37.046858],[-80.979665,37.053105],[-80.912674,37.073349],[-80.893249,37.027399],[-80.835144,36.978942],[-80.809345,36.953385],[-80.809293,36.940399],[-80.802713,36.946546],[-80.740483,36.879001],[-80.794776,36.863387],[-80.812735,36.853232],[-80.852531,36.849069],[-81.022269,36.811313],[-81.030306,36.814522],[-81.072309,36.790822],[-81.08651,36.787522],[-81.08851,36.767422],[-81.131513,36.767322],[-81.136713,36.763022],[-81.154114,36.769021],[-81.164515,36.762621],[-81.183516,36.764721],[-81.186016,36.758421],[-81.193017,36.757621],[-81.226847,36.764888],[-81.24207,36.759979],[-81.248621,36.76402],[-81.261987,36.763033],[-81.272446,36.792109],[-81.326855,36.899459],[-81.379402,36.952442],[-81.372928,36.963317]]]}},{"type":"Feature","properties":{"GEOID":"51079","NAME":"Greene","state":"VA","wildfire_risk_score":42.812,"wildfire_eal_total":31862.02,"risk_band":"High","source":"FEMA National Risk Index v1.20 (December 2025)"},"geometry":{"type":"Polygon","coordinates":[[[-78.661268,38.280376],[-78.651214,38.293463],[-78.634337,38.292029],[-78.628525,38.300023],[-78.602721,38.306891],[-78.600307,38.315549],[-78.587506,38.32483],[-78.553143,38.334824],[-78.553809,38.348499],[-78.547298,38.352324],[-78.544528,38.362518],[-78.522792,38.36951],[-78.526424,38.372442],[-78.515141,38.39372],[-78.506614,38.394006],[-78.493214,38.406286],[-78.481647,38.430603],[-78.476566,38.432146],[-78.474328,38.445586],[-78.465073,38.447],[-78.452801,38.475527],[-78.43507,38.45179],[-78.434187,38.421484],[-78.440801,38.409686],[-78.436546,38.394948],[-78.428763,38.391712],[-78.423626,38.382701],[-78.427641,38.363582],[-78.415761,38.355674],[-78.404386,38.335829],[-78.383061,38.31867],[-78.365763,38.317437],[-78.357579,38.300587],[-78.365415,38.300249],[-78.366479,38.295765],[-78.356244,38.288394],[-78.34849,38.288536],[-78.350261,38.277969],[-78.34132,38.280185],[-78.332423,38.271611],[-78.319513,38.268766],[-78.314656,38.272779],[-78.304715,38.269192],[-78.304856,38.274356],[-78.295347,38.276949],[-78.28851,38.272274],[-78.368984,38.184146],[-78.593696,38.253523],[-78.663145,38.277933],[-78.661268,38.280376]]]}},{"type":"Feature","properties":{"GEOID":"51760","NAME":"Richmond","state":"VA","wildfire_risk_score":18.034,"wildfire_eal_total":6433.8,"risk_band":"Moderate","source":"FEMA National Risk Index v1.20 (December 2025)"},"geometry":{"type":"Polygon","coordinates":[[[-77.601173,37.545161],[-77.595846,37.545857],[-77.595462,37.55575],[-77.584758,37.558483],[-77.560143,37.55557],[-77.547785,37.560122],[-77.529827,37.559225],[-77.525855,37.568235],[-77.547469,37.572535],[-77.543883,37.581331],[-77.53203,37.582571],[-77.532559,37.591783],[-77.499937,37.575397],[-77.492899,37.581786],[-77.482368,37.573138],[-77.472527,37.578747],[-77.479206,37.587651],[-77.478146,37.598892],[-77.454475,37.597496],[-77.454413,37.60189],[-77.447581,37.60281],[-77.437616,37.598685],[-77.439349,37.585493],[-77.413323,37.579964],[-77.409517,37.568964],[-77.415236,37.56292],[-77.408309,37.557652],[-77.411711,37.55234],[-77.395079,37.549355],[-77.393246,37.537298],[-77.385513,37.535172],[-77.386037,37.528919],[-77.393905,37.526108],[-77.387389,37.517063],[-77.39427,37.514884],[-77.393877,37.504954],[-77.408309,37.510611],[-77.410185,37.517216],[-77.41651,37.517133],[-77.422815,37.496136],[-77.418894,37.446628],[-77.435488,37.457477],[-77.459383,37.464327],[-77.491287,37.456431],[-77.514065,37.47594],[-77.52765,37.509369],[-77.52865,37.531859],[-77.545036,37.528101],[-77.55452,37.543028],[-77.566376,37.535314],[-77.592448,37.532949],[-77.601173,37.545161]]]}},{"type":"Feature","properties":{"GEOID":"51135","NAME":"Nottoway","state":"VA","wildfire_risk_score":8.779,"wildfire_eal_total":1844.55,"risk_band":"Low","source":"FEMA National Risk Index v1.20 (December 2025)"},"geometry":{"type":"Polygon","coordinates":[[[-78.239043,37.125153],[-78.231234,37.29622],[-77.795926,37.192592],[-77.813859,37.169678],[-77.841723,37.169839],[-77.875889,37.147933],[-77.900338,37.143882],[-77.889813,36.988818],[-77.916864,36.986624],[-77.920543,36.982735],[-77.953883,36.991175],[-77.968114,36.987292],[-77.995972,37.014162],[-77.996109,37.022523],[-78.000715,37.024535],[-78.031788,37.014459],[-78.055493,37.017162],[-78.054381,37.013502],[-78.059516,37.011809],[-78.079284,37.010481],[-78.082794,37.016635],[-78.100401,37.025188],[-78.108217,37.022074],[-78.108963,37.02928],[-78.116524,37.030032],[-78.119895,37.035476],[-78.160593,37.047037],[-78.160163,37.051544],[-78.171408,37.054521],[-78.170716,37.076188],[-78.18879,37.073514],[-78.193045,37.081155],[-78.199555,37.077883],[-78.206123,37.085822],[-78.211177,37.083442],[-78.224286,37.089685],[-78.230659,37.098835],[-78.225693,37.107233],[-78.228894,37.112358],[-78.234207,37.111258],[-78.239043,37.125153]]]}},{"type":"Feature","properties":{"GEOID":"51570","NAME":"Colonial Heights","state":"VA","wildfire_risk_score":1.718,"wildfire_eal_total":856.17,"risk_band":"Low","source":"FEMA National Risk Index v1.20 (December 2025)"},"geometry":{"type":"Polygon","coordinates":[[[-77.431705,37.276342],[-77.423108,37.274456],[-77.426503,37.283045],[-77.412319,37.28303],[-77.399654,37.271899],[-77.401892,37.282033],[-77.391724,37.282692],[-77.389379,37.287365],[-77.379113,37.284062],[-77.368203,37.298549],[-77.362082,37.283908],[-77.377733,37.270968],[-77.381607,37.243776],[-77.409877,37.233723],[-77.416501,37.233208],[-77.415595,37.263948],[-77.422397,37.262481],[-77.431705,37.276342]]]}},{"type":"Feature","properties":{"GEOID":"51520","NAME":"Bristol","state":"VA","wildfire_risk_score":0.636,"wildfire_eal_total":181.92,"risk_band":"Low","source":"FEMA National Risk Index v1.20 (December 2025)"},"geometry":{"type":"MultiPolygon","coordinates":[[[[-82.128364,36.650541],[-82.125705,36.650685],[-82.121964,36.646936],[-82.124666,36.645004],[-82.128364,36.650541]]],[[[-82.236527,36.598219],[-82.233384,36.604083],[-82.178502,36.627066],[-82.15784,36.626745],[-82.158277,36.630433],[-82.140264,36.638031],[-82.137215,36.632947],[-82.114325,36.638403],[-82.121964,36.646936],[-82.11673,36.649743],[-82.126655,36.653491],[-82.12095,36.657701],[-82.130838,36.668511],[-82.144542,36.669896],[-82.130353,36.670189],[-82.132643,36.677656],[-82.114693,36.665144],[-82.12129,36.658441],[-82.110772,36.649348],[-82.103909,36.651091],[-82.10299,36.646397],[-82.113316,36.637675],[-82.105678,36.629731],[-82.1455730331036,36.594710944091],[-82.2394479334158,36.5957359060532],[-82.236527,36.598219]]]]}},{"type":"Feature","properties":{"GEOID":"51820","NAME":"Waynesboro","state":"VA","wildfire_risk_score":2.64,"wildfire_eal_total":1255.83,"risk_band":"Low","source":"FEMA National Risk Index v1.20 (December 2025)"},"geometry":{"type":"Polygon","coordinates":[[[-78.948509,38.068104],[-78.934979,38.076853],[-78.92872,38.091305],[-78.921446,38.088475],[-78.903795,38.099802],[-78.878437,38.091305],[-78.864449,38.095738],[-78.865519,38.082325],[-78.855918,38.074652],[-78.856084,38.069153],[-78.86566,38.062283],[-78.865153,38.048979],[-78.870961,38.040051],[-78.891772,38.039438],[-78.901192,38.045255],[-78.921941,38.031403],[-78.93023,38.049548],[-78.947621,38.053008],[-78.949417,38.056956],[-78.943082,38.060373],[-78.9507,38.06448],[-78.948509,38.068104]]]}},{"type":"Feature","properties":{"GEOID":"51081","NAME":"Greensville","state":"VA","wildfire_risk_score":12.246,"wildfire_eal_total":2538.34,"risk_band":"Low","source":"FEMA National Risk Index v1.20 (December 2025)"},"geometry":{"type":"Polygon","coordinates":[[[-77.7671232503754,36.5454137549669],[-77.655841,36.713539],[-77.657895,36.894514],[-77.649935,36.898336],[-77.64579,36.892588],[-77.647617,36.88077],[-77.640338,36.874254],[-77.634021,36.874628],[-77.632102,36.87825],[-77.638869,36.88489],[-77.631052,36.887773],[-77.625984,36.880925],[-77.595989,36.871674],[-77.576228,36.852133],[-77.566678,36.852802],[-77.556798,36.845457],[-77.544799,36.852886],[-77.531805,36.853241],[-77.50122,36.845077],[-77.475194,36.861127],[-77.458678,36.862963],[-77.48942,36.720743],[-77.430951,36.707218],[-77.501917,36.670506],[-77.477599,36.669102],[-77.477219,36.661717],[-77.46936,36.660142],[-77.463298,36.652065],[-77.457314,36.655561],[-77.457078,36.650849],[-77.447354,36.649699],[-77.439326,36.650204],[-77.438207,36.654594],[-77.41496,36.653964],[-77.407063,36.647568],[-77.396573,36.646698],[-77.39014,36.638874],[-77.38649,36.641814],[-77.385964,36.629584],[-77.382723,36.633268],[-77.373502,36.629637],[-77.375631,36.620507],[-77.367611,36.614028],[-77.371529,36.614167],[-77.371357,36.607169],[-77.362636,36.606795],[-77.364216,36.601437],[-77.357653,36.600799],[-77.355875,36.580646],[-77.362415,36.573277],[-77.355164,36.554287],[-77.336081,36.550769],[-77.331747,36.557844],[-77.322716,36.555399],[-77.322681,36.550605],[-77.312431,36.551761],[-77.31234,36.547131],[-77.2968141999365,36.5447390516936],[-77.7671232503754,36.5454137549669]],[[-77.564083,36.702983],[-77.560316,36.701233],[-77.555972,36.674874],[-77.551027,36.67249],[-77.526058,36.672698],[-77.520261,36.687527],[-77.50898,36.684218],[-77.507331,36.689196],[-77.512208,36.690738],[-77.512249,36.70155],[-77.519115,36.699221],[-77.509386,36.716368],[-77.514877,36.720565],[-77.521835,36.712827],[-77.540139,36.714758],[-77.544459,36.710237],[-77.556453,36.713985],[-77.564083,36.702983]]]}},{"type":"Feature","properties":{"GEOID":"51610","NAME":"Falls Church","state":"VA","wildfire_risk_score":0.127,"wildfire_eal_total":100.04,"risk_band":"Low","source":"FEMA National Risk Index v1.20 (December 2025)"},"geometry":{"type":"Polygon","coordinates":[[[-77.194712,38.899073],[-77.172276,38.893245],[-77.149789,38.873362],[-77.189754,38.878136],[-77.194257,38.886114],[-77.189854,38.894395],[-77.194712,38.899073]]]}},{"type":"Feature","properties":{"GEOID":"51013","NAME":"Arlington","state":"VA","wildfire_risk_score":5.725,"wildfire_eal_total":2693.04,"risk_band":"Low","source":"FEMA National Risk Index v1.20 (December 2025)"},"geometry":{"type":"Polygon","coordinates":[[[-77.172276,38.893245],[-77.1197966910841,38.9343702373596],[-77.1012,38.911111],[-77.068199,38.899811],[-77.058254,38.880069],[-77.049099,38.870712],[-77.045399,38.875212],[-77.040599,38.871212],[-77.031698,38.850512],[-77.034541,38.840473],[-77.085704,38.843965],[-77.087805,38.827357],[-77.172276,38.893245]]]}}]}