{"type":"FeatureCollection","metadata":{"state":"WA","boundary_source":"U.S. Census Bureau 2024 Cartographic Boundary File (counties, 1:500,000)","risk_source":"FEMA National Risk Index v1.20 (December 2025)"},"features":[{"type":"Feature","properties":{"GEOID":"53053","NAME":"Pierce","state":"WA","wildfire_risk_score":76.781,"wildfire_eal_total":385561.89,"risk_band":"Moderate","source":"FEMA National Risk Index v1.20 (December 2025)"},"geometry":{"type":"MultiPolygon","coordinates":[[[[-122.640638,47.149413],[-122.635884,47.163959],[-122.63113,47.167675],[-122.630388,47.153543],[-122.639122,47.146301],[-122.640638,47.149413]]],[[[-122.669635,47.276474],[-122.649536,47.275208],[-122.62812,47.267475],[-122.62709,47.260507],[-122.58886,47.237137],[-122.590487,47.227752],[-122.602539,47.217506],[-122.614236,47.220872],[-122.668571,47.270447],[-122.669635,47.276474]]],[[[-122.707877,47.078863],[-122.707544,47.085332],[-122.697157,47.089606],[-122.692704406404,47.101315725262],[-122.684695,47.097039],[-122.658036,47.127166],[-122.626187,47.14188],[-122.613751,47.169555],[-122.590829,47.178107],[-122.582691,47.192457],[-122.580517,47.210416],[-122.564865,47.227171],[-122.563915,47.243471],[-122.552268,47.248311],[-122.552268,47.25428],[-122.529689,47.283311],[-122.528868,47.293113],[-122.547408,47.317734],[-122.533338,47.31662],[-122.507822,47.305557],[-122.486669,47.285729],[-122.436756,47.261862],[-122.421307,47.270249],[-122.409199,47.288556],[-122.424235,47.297521],[-122.444635,47.300421],[-122.444353,47.306099],[-122.434617,47.307491],[-122.429972,47.319658],[-122.417637341404,47.3203857798744],[-122.33483,47.26311],[-122.33492,47.257594],[-122.143976,47.257526],[-122.136834,47.254504],[-122.137585,47.246821],[-122.122968,47.239134],[-122.125459,47.232316],[-122.115911,47.231297],[-122.115889,47.216246],[-122.095024,47.195178],[-122.063385,47.185879],[-122.048073,47.171396],[-122.011885,47.175973],[-122.004007,47.170138],[-121.993932,47.17257],[-121.991446,47.163237],[-121.980252,47.164462],[-121.970003,47.156485],[-121.952108,47.154514],[-121.950637,47.14559],[-121.943544,47.139968],[-121.93365,47.138308],[-121.928195,47.147358],[-121.901657,47.155617],[-121.866547,47.152633],[-121.859168,47.14647],[-121.839457,47.143397],[-121.795804,47.173226],[-121.778127,47.173404],[-121.769784,47.165443],[-121.743086,47.164538],[-121.719136,47.151116],[-121.684548,47.149766],[-121.662198,47.160044],[-121.620794,47.149399],[-121.589114,47.120231],[-121.512515,47.122995],[-121.490563,47.116775],[-121.471348,47.099458],[-121.441756,47.084402],[-121.411971,47.090699],[-121.382309,47.088248],[-121.374115,47.057005],[-121.399801,47.033464],[-121.39474,47.023271],[-121.406193,47.012176],[-121.409122,46.995189],[-121.445841,46.980224],[-121.442898,46.972284],[-121.457568,46.964241],[-121.449464,46.934353],[-121.456831,46.923146],[-121.496986,46.908342],[-121.510443,46.896611],[-121.513265,46.884805],[-121.52307,46.872783],[-121.497345,46.862866],[-121.484197,46.834274],[-121.470172,46.826404],[-121.474376,46.820394],[-121.458191,46.811976],[-121.455018,46.802051],[-121.442526,46.792988],[-121.455218,46.783797],[-121.758593,46.783791],[-121.787702,46.769819],[-121.805279,46.756157],[-121.80409,46.751223],[-121.820408,46.745289],[-121.83271,46.729637],[-121.845075,46.728406],[-121.929997,46.739871],[-121.954242,46.755017],[-121.979162,46.744266],[-122.002468,46.753265],[-122.023882,46.742309],[-122.041301,46.742522],[-122.082298,46.75222],[-122.116021,46.748999],[-122.12903,46.754663],[-122.177877,46.755202],[-122.192152,46.76223],[-122.200166,46.760762],[-122.2113,46.770164],[-122.22655,46.768812],[-122.240622,46.775928],[-122.259531,46.772148],[-122.26248,46.765198],[-122.269624,46.766796],[-122.27995,46.776392],[-122.285762,46.774104],[-122.296748,46.785629],[-122.308467,46.789168],[-122.312522,46.795966],[-122.302473,46.80902],[-122.303576,46.828117],[-122.324431,46.830152],[-122.327681,46.844343],[-122.346821,46.836979],[-122.37119,46.845408],[-122.378516,46.839357],[-122.390678,46.845681],[-122.408326,46.842547],[-122.40781,46.845626],[-122.44601,46.856157],[-122.45174,46.852648],[-122.45814,46.863583],[-122.466616,46.86599],[-122.47384,46.861971],[-122.490888,46.867452],[-122.487907,46.878935],[-122.493587,46.880035],[-122.491139,46.888106],[-122.497253,46.897152],[-122.494073,46.904823],[-122.497796,46.908843],[-122.520623,46.915606],[-122.527869,46.924975],[-122.563526,46.935622],[-122.571875,46.961055],[-122.563099,46.965341],[-122.587177,46.966849],[-122.586969,46.970588],[-122.575372,46.971596],[-122.580055,46.977502],[-122.59001,46.973966],[-122.611047,46.9767],[-122.611602,46.967213],[-122.637396,46.977097],[-122.630302,46.998339],[-122.638122,46.998214],[-122.652031,47.007365],[-122.659863,47.003225],[-122.658774,47.009524],[-122.672397,47.015415],[-122.672563,47.023629],[-122.680361,47.030551],[-122.675495,47.037195],[-122.677316,47.043278],[-122.703295,47.065005],[-122.700638,47.067831],[-122.707877,47.078863]]],[[[-122.726868,47.207394],[-122.704573,47.23098],[-122.685226,47.232376],[-122.667495,47.223394],[-122.668684,47.215807],[-122.662029,47.214192],[-122.659645,47.219292],[-122.648719,47.215645],[-122.6418,47.205013],[-122.657275,47.193523],[-122.677716,47.1911],[-122.715269,47.199014],[-122.726868,47.207394]]],[[[-122.741737,47.155045],[-122.727153,47.160727],[-122.729843,47.166943],[-122.723892,47.17646],[-122.706713,47.187385],[-122.695779,47.189001],[-122.673927,47.174675],[-122.675498,47.141964],[-122.694829,47.143755],[-122.694748,47.125896],[-122.711998,47.127682],[-122.742928,47.151474],[-122.741737,47.155045]]],[[[-122.830884486902,47.2456195840976],[-122.81528,47.275126],[-122.787059,47.299677],[-122.794931,47.31925],[-122.789048,47.338417],[-122.769063,47.340535],[-122.79681,47.348268],[-122.786207,47.357967],[-122.78917,47.361522],[-122.801055945852,47.3586110982229],[-122.801199,47.403578],[-122.550877042264,47.4034356670423],[-122.551318,47.389619],[-122.538483,47.37594],[-122.548228,47.365799],[-122.55584,47.347519],[-122.575985,47.32642],[-122.566291,47.306524],[-122.547521,47.285344],[-122.578175,47.255894],[-122.585826,47.253852],[-122.600102,47.262418],[-122.592436,47.272023],[-122.614303,47.269604],[-122.671346,47.286213],[-122.68632,47.279441],[-122.697378,47.283969],[-122.684181,47.303139],[-122.690213,47.307437],[-122.680618,47.318396],[-122.678001,47.331498],[-122.658511,47.333109],[-122.671256,47.343774],[-122.638071,47.362579],[-122.626187,47.375618],[-122.62785,47.382378],[-122.683943,47.365155],[-122.711016,47.344336],[-122.729623,47.338686],[-122.728045,47.328817],[-122.752044,47.290617],[-122.757386,47.273958],[-122.746492,47.272501],[-122.749542,47.259604],[-122.735044,47.265894],[-122.737896,47.25541],[-122.733856,47.250086],[-122.718406,47.251538],[-122.724824,47.235886],[-122.718882,47.226525],[-122.719833,47.220876],[-122.740986,47.206184],[-122.74574,47.206507],[-122.748592,47.219746],[-122.755247,47.209736],[-122.74978,47.19924],[-122.738493,47.19923],[-122.747166,47.189227],[-122.744076,47.178565],[-122.752157,47.172416],[-122.763803,47.166124],[-122.771619,47.167109],[-122.779015,47.18535],[-122.78971,47.187612],[-122.806469,47.210587],[-122.807299,47.222167],[-122.823936,47.231045],[-122.830884486902,47.2456195840976]]],[[[-122.841641667088,47.2580303442962],[-122.840051,47.268088],[-122.832336,47.272888],[-122.825315,47.270507],[-122.834109,47.256797],[-122.841641667088,47.2580303442962]]]]}},{"type":"Feature","properties":{"GEOID":"53067","NAME":"Thurston","state":"WA","wildfire_risk_score":57.125,"wildfire_eal_total":83939.73,"risk_band":"Low","source":"FEMA National Risk Index v1.20 (December 2025)"},"geometry":{"type":"Polygon","coordinates":[[[-123.200887,47.010407],[-123.201891,47.085059],[-123.075096,47.084795],[-123.073654,47.106242],[-123.055392,47.11528],[-123.021359,47.118094],[-123.005672,47.148941],[-122.961225,47.164437],[-122.949235,47.173892],[-122.947046,47.185641],[-122.937216,47.190337],[-122.934817,47.181968],[-122.911341,47.175956],[-122.903521,47.157533],[-122.87995,47.158333],[-122.858354587929,47.1678396002367],[-122.841762,47.163215],[-122.838435,47.151256],[-122.844139,47.147699],[-122.847803,47.130605],[-122.842935,47.130509],[-122.832255,47.115036],[-122.827078,47.135682],[-122.827739,47.160953],[-122.821513,47.176573],[-122.815187,47.179102],[-122.8092,47.165155],[-122.798742,47.159337],[-122.787809,47.14285],[-122.78626,47.127074],[-122.777218,47.121288],[-122.763368,47.119934],[-122.727018,47.100509],[-122.72573,47.0939],[-122.713173,47.093479],[-122.692704406404,47.101315725262],[-122.697157,47.089606],[-122.707544,47.085332],[-122.708112,47.077608],[-122.700638,47.067831],[-122.703295,47.065005],[-122.689895,47.057412],[-122.693206,47.053291],[-122.677316,47.043278],[-122.675495,47.037195],[-122.680361,47.030551],[-122.672563,47.023629],[-122.672397,47.015415],[-122.658774,47.009524],[-122.659863,47.003225],[-122.652031,47.007365],[-122.638122,46.998214],[-122.630302,46.998339],[-122.638552,46.979086],[-122.629117,46.971463],[-122.611602,46.967213],[-122.611047,46.9767],[-122.59001,46.973966],[-122.580055,46.977502],[-122.575372,46.971596],[-122.586969,46.970588],[-122.587177,46.966849],[-122.563099,46.965341],[-122.571875,46.961055],[-122.563526,46.935622],[-122.527869,46.924975],[-122.520623,46.915606],[-122.506107,46.91339],[-122.494073,46.904823],[-122.497253,46.897152],[-122.491139,46.888106],[-122.493587,46.880035],[-122.487907,46.878935],[-122.490888,46.867452],[-122.47384,46.861971],[-122.466616,46.86599],[-122.45814,46.863583],[-122.45174,46.852648],[-122.44601,46.856157],[-122.40781,46.845626],[-122.408326,46.842547],[-122.390678,46.845681],[-122.378516,46.839357],[-122.37119,46.845408],[-122.346821,46.836979],[-122.327681,46.844343],[-122.324431,46.830152],[-122.303576,46.828117],[-122.302473,46.80902],[-122.312522,46.795966],[-122.285762,46.774104],[-122.27995,46.776392],[-122.26248,46.765198],[-122.259531,46.772148],[-122.240622,46.775928],[-122.22655,46.768812],[-122.2113,46.770164],[-122.203115,46.763061],[-123.160909,46.76433],[-123.158364,46.995871],[-123.203101,46.996973],[-123.200887,47.010407]]]}},{"type":"Feature","properties":{"GEOID":"53005","NAME":"Benton","state":"WA","wildfire_risk_score":96.692,"wildfire_eal_total":6888936.81,"risk_band":"High","source":"FEMA National Risk Index v1.20 (December 2025)"},"geometry":{"type":"Polygon","coordinates":[[[-119.875084,46.577283],[-119.874337,46.628372],[-119.822426,46.62608],[-119.750972,46.635662],[-119.711057,46.648818],[-119.659189,46.640333],[-119.632327,46.642965],[-119.581684,46.669906],[-119.518456,46.726781],[-119.491527,46.719587],[-119.449926,46.686241],[-119.455993,46.671033],[-119.413046,46.652631],[-119.407412,46.642473],[-119.406816,46.619676],[-119.397952,46.608343],[-119.362078,46.579078],[-119.326732,46.563247],[-119.305233,46.539361],[-119.269042,46.51917],[-119.258433,46.489465],[-119.264058,46.478702],[-119.259141,46.433647],[-119.269368,46.370295],[-119.256932,46.345408],[-119.250226,46.314754],[-119.266261,46.287485],[-119.265854,46.273988],[-119.238231,46.262084],[-119.203363,46.235341],[-119.113237,46.221564],[-119.045645,46.195287],[-119.014206,46.176199],[-118.968049,46.130834],[-118.96784,46.115605],[-118.942305,46.07442],[-118.947738,46.047541],[-118.941656,46.02698],[-118.961703,46.019333],[-119.008558,45.97927],[-119.027056,45.969134],[-119.12612,45.932859],[-119.19553,45.92787],[-119.25715,45.939926],[-119.322509,45.933183],[-119.364396,45.921605],[-119.450256,45.917354],[-119.487829,45.906307],[-119.524632,45.908605],[-119.571584,45.925456],[-119.600549,45.919581],[-119.623393,45.905639],[-119.669877,45.856867],[-119.772927,45.845578],[-119.802655,45.84753],[-119.868272037091,45.8359407146783],[-119.865595,46.127152],[-119.866537,46.214577],[-119.873562,46.214605],[-119.875084,46.577283]]]}},{"type":"Feature","properties":{"GEOID":"53017","NAME":"Douglas","state":"WA","wildfire_risk_score":94.72,"wildfire_eal_total":2693720.37,"risk_band":"High","source":"FEMA National Risk Index v1.20 (December 2025)"},"geometry":{"type":"Polygon","coordinates":[[[-120.317782,47.462746],[-120.302434,47.52127],[-120.292814,47.538172],[-120.259438,47.55849],[-120.253597,47.572574],[-120.241324,47.581644],[-120.233584,47.59763],[-120.236935,47.631779],[-120.220864,47.650285],[-120.216776,47.66368],[-120.204558,47.671581],[-120.199048,47.682276],[-120.203257,47.698828],[-120.222858,47.723314],[-120.215672,47.740913],[-120.191405,47.759504],[-120.130914,47.776601],[-120.087308,47.763208],[-119.992679,47.78315],[-119.964684,47.826193],[-119.960127,47.845806],[-119.929354,47.856063],[-119.915008,47.867687],[-119.908428,47.879405],[-119.91568,47.897409],[-119.912567,47.904493],[-119.889315,47.91716],[-119.859734,47.941942],[-119.868092,47.958698],[-119.883935,47.972957],[-119.880445,47.986626],[-119.868765,48.000356],[-119.869204,48.018316],[-119.89535,48.050044],[-119.849826,48.074803],[-119.81093,48.086719],[-119.780828,48.086963],[-119.774596,48.091958],[-119.773439,48.104467],[-119.74062,48.1004],[-119.721932,48.082484],[-119.704845,48.082795],[-119.683716,48.093026],[-119.669696,48.071799],[-119.693712,48.032056],[-119.690796,48.024941],[-119.654819,48.001045],[-119.620724,47.996782],[-119.595103,48.020856],[-119.545807,48.049735],[-119.524131,48.057043],[-119.517571,48.062615],[-119.516111,48.074784],[-119.500994,48.082429],[-119.440732,48.078667],[-119.402233,48.050418],[-119.341229,48.049847],[-119.333111,48.056036],[-119.327934,48.070274],[-119.327521,48.096656],[-119.307295,48.111782],[-119.292075,48.114973],[-119.269423,48.104561],[-119.252553,48.102586],[-119.233006,48.113294],[-119.211656,48.116219],[-119.192322,48.128559],[-119.177023,48.128286],[-119.153728,48.144973],[-119.130963,48.151187],[-119.098325,48.137671],[-119.070085,48.140402],[-119.055848,48.136465],[-119.029537,48.114193],[-119.018794,48.069784],[-119.004725,48.044278],[-118.978857,48.036873],[-118.950782,48.018884],[-118.963918,47.985916],[-118.982431,47.969117],[-118.982234,47.962025],[-119.103873,47.961763],[-119.103966,47.946693],[-119.125581,47.946803],[-119.125904,47.917301],[-119.1474,47.917388],[-119.147399,47.90265],[-119.190552,47.902465],[-119.190631,47.887812],[-119.212225,47.887708],[-119.21241,47.800695],[-119.2339,47.800662],[-119.234166,47.771981],[-119.255862,47.771687],[-119.255783,47.742514],[-119.277167,47.742603],[-119.277238,47.728238],[-119.298649,47.728328],[-119.298843,47.670403],[-119.320144,47.670232],[-119.320304,47.626797],[-119.341485,47.626748],[-119.341767,47.612388],[-119.405196,47.612636],[-119.405319,47.599012],[-119.426769,47.599063],[-119.426839,47.584777],[-119.4478,47.584899],[-119.447682,47.570455],[-119.469099,47.57076],[-119.469174,47.556606],[-119.490098,47.556541],[-119.490467,47.54202],[-119.512092,47.54204],[-119.511691,47.527633],[-119.532889,47.527756],[-119.533618,47.441205],[-119.87576,47.437492],[-119.875822,47.408305],[-119.897173,47.407969],[-119.897383,47.393472],[-119.918746,47.393449],[-119.918915,47.364475],[-119.940236,47.364359],[-119.940442,47.349435],[-119.961341,47.348779],[-119.961823,47.334952],[-119.983234,47.334623],[-119.983125,47.320428],[-120.004704,47.319994],[-120.002914,47.262318],[-120.007074,47.220133],[-120.019088,47.226645],[-120.072863,47.224784],[-120.090288,47.239241],[-120.096323,47.254614],[-120.086046,47.300299],[-120.090305,47.319245],[-120.083274,47.33369],[-120.086308,47.338942],[-120.101171,47.343151],[-120.129973,47.366251],[-120.236481,47.37875],[-120.28653,47.393111],[-120.308941,47.433267],[-120.317782,47.462746]]]}},{"type":"Feature","properties":{"GEOID":"53057","NAME":"Skagit","state":"WA","wildfire_risk_score":52.513,"wildfire_eal_total":57171.64,"risk_band":"Low","source":"FEMA National Risk Index v1.20 (December 2025)"},"geometry":{"type":"MultiPolygon","coordinates":[[[[-122.538193,48.362907],[-122.530215,48.365745],[-122.524454,48.362367],[-122.527478,48.359724],[-122.538193,48.362907]]],[[[-122.551777,48.52716],[-122.544893,48.525889],[-122.545369,48.520623],[-122.550663,48.521488],[-122.551777,48.52716]]],[[[-122.558974,48.535304],[-122.5581,48.537101],[-122.554403,48.536904],[-122.555001,48.534704],[-122.558974,48.535304]]],[[[-122.570218,48.537988],[-122.568628,48.537964],[-122.566789,48.536058],[-122.570167,48.535842],[-122.570218,48.537988]]],[[[-122.578905,48.395765],[-122.575339,48.400973],[-122.560128,48.402709],[-122.56229,48.397925],[-122.578905,48.395765]]],[[[-122.581212,48.413425],[-122.577929,48.415203],[-122.576927,48.414871],[-122.579484,48.411785],[-122.581212,48.413425]]],[[[-122.614477,48.613147],[-122.601722,48.614027],[-122.59848,48.607674],[-122.606115,48.605885],[-122.614477,48.613147]]],[[[-122.615186,48.580182],[-122.612893,48.582747],[-122.609328,48.58086],[-122.613368,48.57913],[-122.615186,48.580182]]],[[[-122.653612,48.548975],[-122.645217,48.560887],[-122.651612,48.569212],[-122.652385,48.583432],[-122.649405,48.588457],[-122.642597,48.588339],[-122.629321,48.5722],[-122.578856,48.54813],[-122.572967,48.529028],[-122.599948,48.536904],[-122.640414,48.52586],[-122.652041,48.531329],[-122.653612,48.548975]]],[[[-122.699266,48.621115],[-122.674173,48.629944],[-122.657016,48.609891],[-122.676796,48.610055],[-122.69822,48.616855],[-122.699266,48.621115]]],[[[-122.702279,48.494393],[-122.684521,48.509123],[-122.671386,48.50398],[-122.606961,48.522152],[-122.599951,48.520946],[-122.597764,48.514489],[-122.606238,48.506903],[-122.601722,48.504699],[-122.600569,48.492508],[-122.580568,48.463738],[-122.571774,48.46626],[-122.578988,48.492385],[-122.558702,48.499817],[-122.537159,48.466336],[-122.524969,48.458311],[-122.514768,48.458203],[-122.514737,48.465604],[-122.509279,48.457744],[-122.489655,48.457203],[-122.490276,48.46279],[-122.470224,48.468775],[-122.470047,48.476818],[-122.478851,48.481736],[-122.483501,48.49243],[-122.488349,48.513517],[-122.482472,48.518352],[-122.488111,48.536184],[-122.497819,48.542769],[-122.504428,48.564775],[-122.522393,48.566979],[-122.536604,48.574369],[-122.559146,48.574415],[-122.55642,48.577151],[-122.560841,48.581646],[-122.554577,48.588399],[-122.539978,48.576339],[-122.495904,48.575927],[-122.486447,48.570167],[-122.491438,48.567808],[-122.488421,48.564665],[-122.474563,48.556797],[-122.468859,48.557269],[-122.462602,48.567242],[-122.445725,48.569743],[-122.433059,48.581609],[-122.425271,48.599522],[-122.448702,48.622624],[-122.46425,48.625717],[-122.48879395393,48.6454048731161],[-120.908358,48.640901],[-120.908357,48.657003],[-120.751904,48.657002],[-120.757608,48.644561],[-120.771692,48.642627],[-120.788307,48.625115],[-120.782115,48.612733],[-120.783659,48.601864],[-120.760458,48.582761],[-120.74413,48.578843],[-120.73066,48.582304],[-120.719212,48.596432],[-120.688515,48.575705],[-120.686097,48.566496],[-120.700496,48.559021],[-120.708676,48.541802],[-120.702069,48.531589],[-120.703556,48.526401],[-120.746549,48.517404],[-120.765627,48.508873],[-120.801827,48.510453],[-120.816759,48.519579],[-120.809312,48.528626],[-120.826491,48.541992],[-120.823947,48.54503],[-120.844655,48.550552],[-120.860727,48.544213],[-120.857943,48.535671],[-120.863213,48.530074],[-120.885401,48.538187],[-120.90396,48.533401],[-120.904596,48.523653],[-120.950502,48.529581],[-120.954294,48.522369],[-120.948706,48.508211],[-120.951949,48.499206],[-121.036234,48.495297],[-121.049714,48.485399],[-121.062867,48.460204],[-121.055537,48.450175],[-121.040994,48.445737],[-121.03713,48.433027],[-121.046248,48.418892],[-121.041588,48.411271],[-121.055459,48.412638],[-121.066429,48.393539],[-121.058957,48.385698],[-121.061836,48.379648],[-121.043504,48.363993],[-121.040631,48.3479],[-121.060686,48.346475],[-121.069178,48.339041],[-121.071111,48.33232],[-121.065918,48.328059],[-121.071483,48.317956],[-121.045067,48.308865],[-121.034618,48.311484],[-121.025493,48.302268],[-121.001658,48.296009],[-122.372947738584,48.2976633065778],[-122.384373,48.3009],[-122.388243,48.30987],[-122.408718,48.326413],[-122.442678,48.337934],[-122.462204,48.351874],[-122.472662,48.352822],[-122.475094,48.359385],[-122.488914,48.366922],[-122.500549,48.359315],[-122.507921,48.36046],[-122.491265,48.369848],[-122.495463,48.374132],[-122.518604,48.370236],[-122.522957,48.377002],[-122.533954,48.375812],[-122.539449,48.39719],[-122.553771,48.406411],[-122.555482,48.420117],[-122.571534,48.418758],[-122.557924,48.422024],[-122.548957,48.441827],[-122.550383,48.448448],[-122.554661,48.444034],[-122.575815,48.445138],[-122.585797,48.425741],[-122.605525,48.423376],[-122.614556,48.413753],[-122.62644,48.415173],[-122.65615,48.407758],[-122.65702,48.412199],[-122.651159,48.415646],[-122.665338,48.416453],[-122.674158,48.424726],[-122.678928,48.439466],[-122.677072,48.444059],[-122.667249,48.442503],[-122.661617,48.452547],[-122.654844,48.454087],[-122.657753,48.47294],[-122.668272,48.486271],[-122.702279,48.494393]]],[[[-122.712805,48.467295],[-122.699646,48.469727],[-122.694874,48.462436],[-122.699634,48.45777],[-122.70569,48.459176],[-122.712805,48.467295]]],[[[-122.713743,48.478368],[-122.709153,48.484065],[-122.686098,48.486901],[-122.690941,48.472776],[-122.713743,48.478368]]],[[[-122.740482,48.584986],[-122.729324,48.589715],[-122.72493,48.603263],[-122.711054,48.609313],[-122.693466,48.595639],[-122.691405,48.590261],[-122.696556,48.588093],[-122.66823,48.566434],[-122.676604,48.566298],[-122.696074,48.554344],[-122.682048,48.552206],[-122.68586,48.543108],[-122.722407,48.540606],[-122.724031,48.549906],[-122.718898,48.561831],[-122.736199,48.569005],[-122.740482,48.584986]]]]}},{"type":"Feature","properties":{"GEOID":"53055","NAME":"San Juan","state":"WA","wildfire_risk_score":41.317,"wildfire_eal_total":25111.51,"risk_band":"Low","source":"FEMA National Risk Index v1.20 (December 2025)"},"geometry":{"type":"MultiPolygon","coordinates":[[[[-122.766567,48.707801],[-122.759597,48.695669],[-122.760764,48.694282],[-122.764344,48.695658],[-122.766567,48.707801]]],[[[-122.777167,48.699156],[-122.775931,48.702619],[-122.774511,48.703022],[-122.774811,48.696424],[-122.777167,48.699156]]],[[[-122.821754,48.590908],[-122.814835,48.600028],[-122.804573,48.597782],[-122.815406,48.589938],[-122.821754,48.590908]]],[[[-122.831083,48.572526],[-122.824341,48.583668],[-122.81088,48.588879],[-122.791031,48.580101],[-122.76902,48.55928],[-122.794718,48.534453],[-122.807686,48.531322],[-122.821281,48.54651],[-122.816822,48.552234],[-122.827316,48.55452],[-122.831083,48.572526]]],[[[-122.848268,48.747122],[-122.840666,48.749522],[-122.828128,48.745278],[-122.834351,48.743516],[-122.848268,48.747122]]],[[[-122.918449,48.766968],[-122.898695,48.76992],[-122.889414,48.767295],[-122.910328,48.766754],[-122.912271,48.762356],[-122.883391,48.752118],[-122.899086,48.746593],[-122.912161,48.750582],[-122.919565,48.754935],[-122.918449,48.766968]]],[[[-122.945733,48.477767],[-122.931978,48.517453],[-122.916053,48.522963],[-122.921995,48.53886],[-122.920296,48.550663],[-122.905833,48.550189],[-122.890859,48.558213],[-122.890146,48.569066],[-122.884679,48.573155],[-122.883016,48.555224],[-122.872082,48.554122],[-122.87232,48.562932],[-122.864975,48.561371],[-122.864576,48.555392],[-122.873746,48.544682],[-122.852355,48.537758],[-122.844749,48.542951],[-122.841774,48.539955],[-122.844274,48.533666],[-122.859248,48.532722],[-122.866378,48.511312],[-122.873271,48.505959],[-122.870894,48.498872],[-122.8507,48.481659],[-122.859485,48.460113],[-122.843555,48.46113],[-122.849265,48.447187],[-122.836906,48.450655],[-122.826686,48.460744],[-122.834038,48.469761],[-122.840584,48.503075],[-122.837013,48.516758],[-122.82869,48.5233],[-122.792962,48.525372],[-122.769405,48.5121],[-122.769798,48.507835],[-122.789962,48.507958],[-122.79933,48.494324],[-122.816197,48.487785],[-122.818927,48.477288],[-122.813217,48.470672],[-122.818605,48.457434],[-122.800133,48.447159],[-122.807671,48.443561],[-122.807671,48.436623],[-122.814089,48.430788],[-122.801634,48.433226],[-122.802137,48.426242],[-122.812622,48.420982],[-122.827566,48.422485],[-122.839045,48.431735],[-122.843323,48.430315],[-122.839045,48.425184],[-122.842218,48.424732],[-122.860674,48.430473],[-122.862575,48.426372],[-122.84892,48.422115],[-122.853668,48.419792],[-122.895309,48.420982],[-122.88872,48.427792],[-122.877074,48.428738],[-122.888771,48.437046],[-122.877311,48.439146],[-122.871607,48.432208],[-122.8621,48.439619],[-122.876598,48.445295],[-122.904407,48.446241],[-122.904407,48.439777],[-122.926247,48.437046],[-122.930767,48.442738],[-122.919618,48.44293],[-122.917479,48.456015],[-122.926273,48.460586],[-122.93457,48.454891],[-122.944337,48.457907],[-122.941723,48.470672],[-122.945733,48.477767]]],[[[-122.970363,48.786363],[-122.944623,48.786731],[-122.941597,48.784175],[-122.948013,48.781059],[-122.970363,48.786363]]],[[[-123.017432,48.590141],[-123.0034,48.585734],[-122.966576,48.594673],[-122.966085,48.590451],[-122.940872,48.586109],[-122.94303,48.579445],[-122.937801,48.57457],[-122.929957,48.575671],[-122.933258,48.580875],[-122.922114,48.587149],[-122.902802,48.578502],[-122.924729,48.554594],[-122.928907,48.559454],[-122.926392,48.563718],[-122.939227,48.562774],[-122.939926,48.551846],[-122.948259,48.546885],[-122.987038,48.557079],[-122.984742,48.562428],[-122.972502,48.558684],[-122.99936,48.580231],[-123.01416,48.578972],[-123.017432,48.590141]]],[[[-123.017369,48.603927],[-123.017182,48.606287],[-123.015053,48.606825],[-123.015554,48.602809],[-123.017369,48.603927]]],[[[-123.026196,48.599663],[-123.019185,48.597428],[-123.018371,48.59482],[-123.025006,48.594074],[-123.026196,48.599663]]],[[[-123.030342,48.62989],[-123.015294,48.64291],[-123.010102,48.654963],[-122.984355,48.674797],[-122.962409,48.683621],[-122.960388,48.690331],[-122.948803,48.69371],[-122.942003,48.705408],[-122.95182,48.712219],[-122.877579,48.712696],[-122.816666,48.69128],[-122.800897,48.679824],[-122.741478,48.660347],[-122.754833,48.656388],[-122.754799,48.649403],[-122.808804,48.619916],[-122.799943,48.601812],[-122.813374,48.606845],[-122.829784,48.601202],[-122.831025,48.619811],[-122.848196,48.62204],[-122.866022,48.644973],[-122.872914,48.644031],[-122.881708,48.653453],[-122.885036,48.690024],[-122.894714,48.694611],[-122.898994,48.689377],[-122.918073,48.689553],[-122.920213,48.686101],[-122.908804,48.670564],[-122.913082,48.666326],[-122.909755,48.653924],[-122.881386,48.637981],[-122.875766,48.622669],[-122.861877,48.612282],[-122.86235,48.604191],[-122.884155,48.588721],[-122.947546,48.59721],[-122.95325,48.602712],[-122.9561,48.618469],[-122.953012,48.625339],[-122.96038,48.631466],[-122.969329,48.629788],[-122.983911,48.642147],[-122.992943,48.634608],[-122.98513,48.62989],[-122.987476,48.622512],[-122.97823,48.618897],[-122.971228,48.603816],[-122.977018,48.599097],[-122.988664,48.60114],[-122.988464,48.5942],[-123.003876,48.592966],[-123.007973,48.598957],[-122.991041,48.603655],[-122.99318,48.60947],[-123.003163,48.62094],[-123.016473,48.611198],[-123.027963,48.610849],[-123.030342,48.62989]]],[[[-123.033645,48.592501],[-123.032143,48.593164],[-123.028637,48.592956],[-123.033332,48.590803],[-123.033645,48.592501]]],[[[-123.039976,48.732576],[-123.032104,48.733098],[-123.031804,48.732124],[-123.038416,48.731574],[-123.039976,48.732576]]],[[[-123.05416,48.618531],[-123.042471,48.618693],[-123.038623,48.610489],[-123.050439,48.611927],[-123.05416,48.618531]]],[[[-123.067931,48.7003],[-123.045727,48.709003],[-123.040179,48.717296],[-123.009787,48.722291],[-123.004708,48.69779],[-123.014449,48.684978],[-123.042337,48.675663],[-123.03636,48.69008],[-123.071189,48.699346],[-123.067931,48.7003]]],[[[-123.085125,48.648073],[-123.078388,48.649606],[-123.076962,48.647722],[-123.086878,48.645237],[-123.085125,48.648073]]],[[[-123.138284,48.651804],[-123.128043,48.650745],[-123.123548,48.647722],[-123.131391,48.648507],[-123.138284,48.651804]]],[[[-123.151831,48.641126],[-123.14993,48.64144],[-123.147316,48.638456],[-123.151831,48.63877],[-123.151831,48.641126]]],[[[-123.163582,48.649189],[-123.127831,48.643688],[-123.105148,48.633377],[-123.138145,48.638535],[-123.163582,48.649189]]],[[[-123.203309,48.595549],[-123.179657,48.622047],[-123.156585,48.616777],[-123.145752,48.625023],[-123.136145,48.620076],[-123.105301,48.622643],[-123.09697,48.611935],[-123.100493,48.599018],[-123.074699,48.59186],[-123.035698,48.563751],[-123.011307,48.559586],[-123.004768,48.551258],[-123.005183,48.541456],[-122.995201,48.535476],[-122.969769,48.536106],[-122.972046,48.520325],[-122.982366,48.51454],[-123.004945,48.520838],[-123.016354,48.518634],[-123.019444,48.510919],[-123.015834,48.503794],[-123.020632,48.500998],[-123.007322,48.480993],[-123.005896,48.470909],[-122.986923,48.462624],[-122.963827,48.467127],[-122.958961,48.462029],[-122.960975,48.451207],[-123.036888,48.457867],[-123.065445,48.472736],[-123.072209,48.482411],[-123.092412,48.481781],[-123.13298,48.498309],[-123.163208,48.530055],[-123.161465,48.54824],[-123.176329,48.562363],[-123.171084,48.57575],[-123.183918,48.585341],[-123.201256,48.587482],[-123.203309,48.595549]]],[[[-123.236061,48.684988],[-123.237473,48.689056],[-123.21588,48.689925],[-123.183205,48.684297],[-123.127487,48.65675],[-123.158011,48.666248],[-123.179402,48.663265],[-123.182823,48.657436],[-123.219744,48.670718],[-123.236061,48.684988]]]]}},{"type":"Feature","properties":{"GEOID":"53027","NAME":"Grays Harbor","state":"WA","wildfire_risk_score":33.906,"wildfire_eal_total":14788.28,"risk_band":"Low","source":"FEMA National Risk Index v1.20 (December 2025)"},"geometry":{"type":"MultiPolygon","coordinates":[[[[-123.884535,46.965793],[-123.864807,46.965144],[-123.853398,46.958656],[-123.860529,46.95606],[-123.884535,46.965793]]],[[[-124.354854444714,47.5335351706387],[-124.046504,47.53367],[-124.04674,47.518525],[-123.505917,47.517716],[-123.505021,47.258535],[-123.490805,47.258208],[-123.488943,47.082646],[-123.201891,47.085059],[-123.203101,46.996973],[-123.158364,46.995871],[-123.160588,46.793383],[-124.0983430316,46.7940669968361],[-124.108078,46.836388],[-124.138225,46.905534],[-124.122,46.905675],[-124.115797,46.913214],[-124.092961,46.901655],[-124.090422,46.8955],[-124.095087,46.882699],[-124.089672,46.877149],[-124.089286,46.867716],[-124.073113,46.861493],[-124.055085,46.870429],[-124.046344,46.893972],[-124.01366,46.90363],[-124.00839,46.912601],[-123.985082,46.921916],[-123.957493,46.921261],[-123.8389,46.953951],[-123.859103,46.967577],[-123.898245,46.971927],[-123.946882,46.968739],[-123.959185,46.981759],[-123.991612,46.980215],[-124.012218,46.985176],[-124.019727,46.991189],[-124.005248,47.003915],[-124.018146,47.009436],[-124.016999,47.014848],[-124.026345,47.030187],[-124.060806,47.043398],[-124.122057,47.04165],[-124.141517,47.035142],[-124.151288,47.021112],[-124.137444,46.999151],[-124.138035,46.970959],[-124.130897,46.964905],[-124.127443,46.945514],[-124.109655,46.947236],[-124.106243,46.937551],[-124.135541,46.943547],[-124.151876,46.936955],[-124.152162,46.932045],[-124.173877,46.927235],[-124.169113,46.994508],[-124.173501,47.06637],[-124.184011,47.135348],[-124.209017,47.218151],[-124.236349,47.287287],[-124.257452,47.304059],[-124.279437,47.304283],[-124.299943,47.34836],[-124.319379,47.355559],[-124.330162,47.40014],[-124.337842,47.411947],[-124.339715,47.453525],[-124.346324,47.462928],[-124.342128,47.466724],[-124.354854444714,47.5335351706387]]]]}},{"type":"Feature","properties":{"GEOID":"53045","NAME":"Mason","state":"WA","wildfire_risk_score":44.052,"wildfire_eal_total":25866.35,"risk_band":"Low","source":"FEMA National Risk Index v1.20 (December 2025)"},"geometry":{"type":"Polygon","coordinates":[[[-123.505923,47.51959],[-123.505917,47.604615],[-122.981893656671,47.6066913870834],[-123.021995,47.556477],[-123.030076,47.552788],[-123.025298,47.548539],[-123.030851,47.539991],[-123.040058,47.538509],[-123.048615,47.529202],[-123.046476,47.523745],[-123.057409,47.500788],[-123.101305,47.463387],[-123.114356,47.463311],[-123.111711,47.45047],[-123.141463,47.403627],[-123.14749,47.375232],[-123.157851,47.371076],[-123.155411,47.361142],[-123.15958,47.354391],[-123.140404,47.341796],[-123.123099,47.337802],[-123.109868,47.342395],[-123.102988,47.357542],[-123.082419,47.35565],[-123.070434,47.349661],[-123.030266,47.350949],[-122.97338,47.380476],[-122.911426,47.389099],[-122.867693,47.422076],[-122.901206,47.421594],[-122.904296,47.414357],[-122.977495,47.39616],[-122.984869,47.388134],[-123.013153,47.378639],[-123.029553,47.358839],[-123.04215,47.358678],[-123.056886,47.368499],[-123.081605,47.374776],[-123.110602,47.372845],[-123.120234,47.39149],[-123.085596,47.441274],[-123.067083,47.45523],[-123.058937,47.470776],[-123.033807,47.494108],[-123.031614,47.511373],[-123.023718714396,47.5203065588983],[-122.801012,47.520406],[-122.801055945852,47.3586110982229],[-122.806699,47.357846],[-122.815184,47.371753],[-122.815104,47.398773],[-122.819677,47.405356],[-122.828406,47.405188],[-122.824083,47.391569],[-122.832896,47.37637],[-122.824748,47.369726],[-122.826788,47.357588],[-122.821559,47.346799],[-122.829403,47.33472],[-122.819781,47.327801],[-122.831542,47.314259],[-122.833357,47.324317],[-122.842951,47.313131],[-122.854359,47.309586],[-122.847467,47.297014],[-122.871472,47.276861],[-122.863153,47.270088],[-122.870284,47.248634],[-122.859624,47.250428],[-122.864817,47.239275],[-122.856464,47.235199],[-122.852458,47.22249],[-122.839243,47.209698],[-122.851032,47.183896],[-122.863153,47.170487],[-122.858354587929,47.1678396002367],[-122.87995,47.158333],[-122.903521,47.157533],[-122.911341,47.175956],[-122.934817,47.181968],[-122.939885,47.18993],[-122.947046,47.185641],[-122.949235,47.173892],[-122.961225,47.164437],[-123.005672,47.148941],[-123.021359,47.118094],[-123.055392,47.11528],[-123.073654,47.106242],[-123.075096,47.084795],[-123.488943,47.082646],[-123.490805,47.258208],[-123.505021,47.258535],[-123.505923,47.51959]]]}},{"type":"Feature","properties":{"GEOID":"53033","NAME":"King","state":"WA","wildfire_risk_score":79.453,"wildfire_eal_total":487056.62,"risk_band":"Moderate","source":"FEMA National Risk Index v1.20 (December 2025)"},"geometry":{"type":"MultiPolygon","coordinates":[[[[-122.436941,47.661719],[-122.409185,47.671743],[-122.403441,47.697719],[-122.385655,47.704542],[-122.37644,47.716519],[-122.37314,47.729219],[-122.382675,47.74783],[-122.380241,47.758519],[-122.395203333214,47.777921766004],[-121.991775,47.775349],[-121.119179,47.779933],[-121.107703,47.766683],[-121.110858,47.758417],[-121.094018,47.758184],[-121.089709,47.746098],[-121.078995,47.73919],[-121.087367,47.728497],[-121.083632,47.722741],[-121.066005,47.713603],[-121.067117,47.706272],[-121.090288,47.702834],[-121.094118,47.695402],[-121.121584,47.685213],[-121.128824,47.676181],[-121.123179,47.663326],[-121.125635,47.657159],[-121.131884,47.655664],[-121.133697,47.645605],[-121.126593,47.638439],[-121.124607,47.627334],[-121.118762,47.626971],[-121.113123,47.618782],[-121.120104,47.61159],[-121.111102,47.599781],[-121.119265,47.591872],[-121.151013,47.595387],[-121.17225,47.590054],[-121.170839,47.575986],[-121.180142,47.564924],[-121.217039,47.569752],[-121.2289,47.565603],[-121.235394,47.544649],[-121.243338,47.543041],[-121.242871,47.535875],[-121.254795,47.533897],[-121.261787,47.523845],[-121.278914,47.522976],[-121.285357,47.513603],[-121.29195,47.513551],[-121.290638,47.504854],[-121.31154,47.479595],[-121.324612,47.479397],[-121.331991,47.473689],[-121.338706,47.476377],[-121.347992,47.465324],[-121.364011,47.464725],[-121.37912,47.454411],[-121.385287,47.444913],[-121.381516,47.438653],[-121.385108,47.43449],[-121.427448,47.420617],[-121.422095,47.408779],[-121.433577,47.399018],[-121.426212,47.389592],[-121.441204,47.384407],[-121.437788,47.371967],[-121.459269,47.373071],[-121.465951,47.367977],[-121.461478,47.361708],[-121.4629,47.353058],[-121.438695,47.343767],[-121.430372,47.334085],[-121.445331,47.309816],[-121.432992,47.305135],[-121.432837,47.29417],[-121.427492,47.289075],[-121.419212,47.286953],[-121.414965,47.293196],[-121.373205,47.284996],[-121.361586,47.291905],[-121.359159,47.285322],[-121.341203,47.281261],[-121.331959,47.257485],[-121.339767,47.247199],[-121.360747,47.240526],[-121.358368,47.234419],[-121.365138,47.224563],[-121.335226,47.219179],[-121.311259,47.207698],[-121.306297,47.187711],[-121.317769,47.172976],[-121.297819,47.148851],[-121.303355,47.138942],[-121.315534,47.133844],[-121.334906,47.132701],[-121.364677,47.141759],[-121.393968,47.132762],[-121.408081,47.1181],[-121.39904,47.103967],[-121.402913,47.098576],[-121.393769,47.092432],[-121.38341,47.095075],[-121.376769,47.088701],[-121.411971,47.090699],[-121.441756,47.084402],[-121.471348,47.099458],[-121.490563,47.116775],[-121.505257,47.117975],[-121.509103,47.122291],[-121.531511,47.124579],[-121.582266,47.118717],[-121.594461,47.122228],[-121.611469,47.142991],[-121.628971,47.153123],[-121.662198,47.160044],[-121.684548,47.149766],[-121.719136,47.151116],[-121.743086,47.164538],[-121.773347,47.166492],[-121.778127,47.173404],[-121.795804,47.173226],[-121.839457,47.143397],[-121.859168,47.14647],[-121.866547,47.152633],[-121.901657,47.155617],[-121.928195,47.147358],[-121.934881,47.138219],[-121.947761,47.142794],[-121.952108,47.154514],[-121.970003,47.156485],[-121.980252,47.164462],[-121.991446,47.163237],[-121.993932,47.17257],[-122.004007,47.170138],[-122.011885,47.175973],[-122.048073,47.171396],[-122.063385,47.185879],[-122.095024,47.195178],[-122.115889,47.216246],[-122.115911,47.231297],[-122.125459,47.232316],[-122.122968,47.239134],[-122.137585,47.246821],[-122.136834,47.254504],[-122.143976,47.257526],[-122.33492,47.257594],[-122.33483,47.26311],[-122.417637341404,47.3203857798744],[-122.391022,47.32834],[-122.3811,47.326091],[-122.374324,47.333074],[-122.327423,47.345672],[-122.323858,47.370628],[-122.327324,47.395632],[-122.335234,47.408421],[-122.348035,47.415921],[-122.355135,47.441921],[-122.383136,47.450521],[-122.368036,47.459221],[-122.370206,47.467764],[-122.361649,47.485275],[-122.393974,47.509683],[-122.398805,47.517437],[-122.393938,47.52482],[-122.401104,47.529908],[-122.396729,47.535479],[-122.398338,47.55012],[-122.409839,47.56892],[-122.421139,47.57602],[-122.387139,47.59572],[-122.370167,47.583087],[-122.342937,47.59122],[-122.339513,47.599113],[-122.344937,47.60912],[-122.370174,47.625183],[-122.383739,47.62632],[-122.383991,47.631875],[-122.3954,47.630594],[-122.414645,47.639766],[-122.421367,47.652949],[-122.436941,47.661719]]],[[[-122.526031,47.358906],[-122.516331,47.377324],[-122.52774,47.39229],[-122.526733,47.398582],[-122.514702,47.414047],[-122.513954,47.448898],[-122.508963,47.461112],[-122.497864,47.475914],[-122.482742,47.483131],[-122.476624,47.511079],[-122.457246,47.505848],[-122.4524,47.503471],[-122.458575,47.498219],[-122.46003,47.486858],[-122.433388,47.466431],[-122.443095,47.453463],[-122.439876,47.437769],[-122.429936,47.423675],[-122.439934,47.417007],[-122.437653,47.407425],[-122.42733,47.40213],[-122.39505,47.399277],[-122.373627,47.388718],[-122.437813,47.365604],[-122.457497,47.342567],[-122.475688,47.347057],[-122.4745,47.359134],[-122.463804,47.375071],[-122.453108,47.372496],[-122.442413,47.384727],[-122.433143,47.388107],[-122.439085,47.394543],[-122.439561,47.404196],[-122.460001,47.401622],[-122.465943,47.395187],[-122.464517,47.390681],[-122.452158,47.395187],[-122.445027,47.389394],[-122.451445,47.382957],[-122.473269,47.387107],[-122.484244,47.38006],[-122.493126,47.330254],[-122.518852,47.333321],[-122.52813,47.345543],[-122.526031,47.358906]]]]}},{"type":"Feature","properties":{"GEOID":"53049","NAME":"Pacific","state":"WA","wildfire_risk_score":27.704,"wildfire_eal_total":10356.33,"risk_band":"Low","source":"FEMA National Risk Index v1.20 (December 2025)"},"geometry":{"type":"Polygon","coordinates":[[[-124.0983430316,46.7940669968361],[-123.37095,46.792129],[-123.372706,46.734687],[-123.364969,46.631684],[-123.365024,46.562955],[-123.359509,46.562644],[-123.358377,46.541414],[-123.358334,46.384025],[-123.726557,46.384872],[-123.728585,46.288725],[-123.750245,46.292035],[-123.753573,46.281195],[-123.766682,46.273499],[-123.795556,46.284501],[-123.806139,46.283588],[-123.818763,46.269696],[-123.833777,46.268487],[-123.8389,46.262137],[-123.848955,46.260511],[-123.875525,46.239787],[-123.923092,46.251781],[-123.969427,46.291398],[-123.974509,46.303063],[-124.001264,46.31326],[-124.020551,46.315737],[-124.032933,46.303323],[-124.049334,46.295798],[-124.05164,46.291504],[-124.041582,46.285793],[-124.04203,46.276052],[-124.060961,46.278761],[-124.077768,46.272324],[-124.076262,46.296498],[-124.079907,46.299589],[-124.071384,46.305504],[-124.064624,46.326899],[-124.057425,46.409315],[-124.057024,46.493338],[-124.069583,46.630651],[-124.064341,46.641256],[-124.050903,46.645499],[-124.046498,46.638314],[-124.035307,46.635951],[-124.034081,46.631151],[-124.052367,46.620025],[-124.023566,46.582559],[-124.023681,46.512113],[-124.031737,46.496375],[-124.01716,46.416382],[-124.015258,46.378681],[-124.007177,46.371466],[-123.984835,46.378681],[-123.953699,46.378845],[-123.949896,46.410319],[-123.965346,46.40868],[-123.970099,46.424411],[-123.965346,46.433257],[-123.991728,46.448817],[-123.99268,46.488617],[-123.988386,46.497008],[-123.979053,46.497378],[-123.97083,46.47537],[-123.942528,46.46519],[-123.939439,46.467155],[-123.942578,46.487832],[-123.926692,46.494323],[-123.921192,46.507731],[-123.924282,46.511167],[-123.913428,46.514441],[-123.907398,46.507663],[-123.895539,46.514072],[-123.898131,46.53488],[-123.893292,46.53961],[-123.896181,46.550254],[-123.908125,46.553306],[-123.922566,46.570177],[-123.928861,46.588875],[-123.953699,46.605148],[-123.959175,46.613581],[-123.960642,46.636364],[-123.936111,46.627025],[-123.940616,46.640862],[-123.921913,46.650262],[-123.923269,46.672708],[-123.864902,46.698685],[-123.833007,46.702467],[-123.829356,46.713356],[-123.83347,46.718322],[-123.847089,46.718561],[-123.854855,46.725354],[-123.87668,46.730657],[-123.885301,46.748606],[-123.898641,46.750205],[-123.918806,46.738829],[-123.91351,46.72668],[-123.948683,46.725369],[-123.968564,46.736106],[-123.979655,46.724658],[-123.966886,46.705184],[-123.998854,46.705958],[-124.017084,46.719269],[-124.029127,46.717735],[-124.092176,46.741624],[-124.096515,46.746202],[-124.0983430316,46.7940669968361]]]}},{"type":"Feature","properties":{"GEOID":"53029","NAME":"Island","state":"WA","wildfire_risk_score":35.433,"wildfire_eal_total":20171.65,"risk_band":"Low","source":"FEMA National Risk Index v1.20 (December 2025)"},"geometry":{"type":"MultiPolygon","coordinates":[[[[-122.538916,48.209683],[-122.535209,48.240213],[-122.526853,48.251793],[-122.503786,48.257045],[-122.480925,48.251706],[-122.463962,48.270541],[-122.405473654783,48.2519780903618],[-122.392977,48.23743],[-122.394677705179,48.229867488358],[-122.418295,48.226933],[-122.433767,48.23655],[-122.449605,48.232598],[-122.453618,48.22683],[-122.449513,48.214736],[-122.442051,48.20935],[-122.45493,48.196639],[-122.478535,48.188087],[-122.479008,48.175703],[-122.475803,48.166792],[-122.465919,48.162294],[-122.442383,48.130841],[-122.423137,48.122326],[-122.421473,48.115821],[-122.411649,48.11321],[-122.379481,48.087384],[-122.356824,48.056758],[-122.372389,48.056008],[-122.388436,48.063588],[-122.400692,48.085255],[-122.415588,48.092665],[-122.423703,48.102941],[-122.446792,48.109197],[-122.4675,48.130353],[-122.489986,48.120617],[-122.510562,48.132207],[-122.515729,48.141918],[-122.513537,48.148361],[-122.53722,48.183745],[-122.531919,48.190599],[-122.538916,48.209683]]],[[[-122.769939,48.227548],[-122.752563,48.260061],[-122.732022,48.279425],[-122.72259,48.304268],[-122.707077,48.315286],[-122.673731,48.354683],[-122.664928,48.374823],[-122.664659,48.401508],[-122.644798,48.405488],[-122.624293,48.400488],[-122.609715,48.411565],[-122.596732,48.405626],[-122.595351,48.3972],[-122.585038,48.395166],[-122.586009,48.385513],[-122.580173,48.374824],[-122.597119,48.355661],[-122.551334,48.342138],[-122.515979,48.320419],[-122.506568,48.310041],[-122.505828,48.297677],[-122.530976,48.282445],[-122.557664,48.279319],[-122.558436,48.272166],[-122.558332,48.282061],[-122.574872,48.294903],[-122.599532,48.298303],[-122.618466,48.294159],[-122.626757,48.288991],[-122.620748,48.282961],[-122.623779,48.269431],[-122.631107,48.267138],[-122.643704,48.276156],[-122.643941,48.279636],[-122.631107,48.282641],[-122.632533,48.285646],[-122.642991,48.288809],[-122.662718,48.277579],[-122.652639,48.265081],[-122.652973,48.251473],[-122.658678,48.244509],[-122.677217,48.238652],[-122.715958,48.236119],[-122.728318,48.232478],[-122.732358,48.226144],[-122.721187,48.213792],[-122.692971,48.222241],[-122.648252,48.226888],[-122.634578,48.219751],[-122.628352,48.222467],[-122.606406,48.208262],[-122.605819,48.201749],[-122.585778,48.182352],[-122.580956,48.159598],[-122.567936,48.148624],[-122.566398,48.132833],[-122.557664,48.117884],[-122.571853,48.102143],[-122.554559,48.077392],[-122.546272,48.075952],[-122.54887,48.053739],[-122.538953,48.050232],[-122.536986,48.042299],[-122.536713,48.026166],[-122.541525,48.017745],[-122.528191,48.016072],[-122.517971,48.022432],[-122.509652,48.039756],[-122.517775,48.063466],[-122.511081,48.075301],[-122.525422,48.096537],[-122.49176,48.097088],[-122.44512,48.0517],[-122.40341,48.036737],[-122.376259,48.034457],[-122.37156,48.00033],[-122.354268,47.984477],[-122.349597,47.958796],[-122.358812,47.93742],[-122.376837,47.923703],[-122.3773,47.905941],[-122.39042,47.905696],[-122.397349,47.912401],[-122.395371,47.922077],[-122.404708,47.92171],[-122.412447,47.913028],[-122.431035,47.914732],[-122.445519,47.930226],[-122.44076,47.951845],[-122.446682,47.963155],[-122.47266,47.988449],[-122.501257,47.987089],[-122.521219,47.972997],[-122.546824,47.967215],[-122.552053,47.973644],[-122.543063,47.985983],[-122.542924,47.996404],[-122.560018,48.006502],[-122.58178,48.010386],[-122.607342,48.030992],[-122.593621,48.0472],[-122.594922,48.056318],[-122.614028,48.072788],[-122.598301,48.110616],[-122.602109,48.135249],[-122.612713,48.155903],[-122.646081,48.164037],[-122.679556,48.155113],[-122.693084,48.181509],[-122.763042,48.215342],[-122.769939,48.227548]]],[[[-122.845032,48.318618],[-122.842532,48.321315],[-122.83818,48.319671],[-122.842016,48.316905],[-122.845032,48.318618]]]]}},{"type":"Feature","properties":{"GEOID":"53007","NAME":"Chelan","state":"WA","wildfire_risk_score":99.555,"wildfire_eal_total":34925040.65,"risk_band":"High","source":"FEMA National Risk Index v1.20 (December 2025)"},"geometry":{"type":"Polygon","coordinates":[[[-121.178928,47.901116],[-121.171361,47.913296],[-121.179513,47.918781],[-121.170487,47.924403],[-121.172786,47.933696],[-121.16218,47.944079],[-121.165089,47.95621],[-121.148446,47.970695],[-121.147141,47.981477],[-121.135938,47.982834],[-121.118183,47.997103],[-121.117934,48.006283],[-121.128509,48.01384],[-121.131099,48.021623],[-121.148581,48.030571],[-121.153225,48.04074],[-121.130519,48.04518],[-121.115976,48.057963],[-121.105197,48.057769],[-121.097029,48.064401],[-121.083045,48.061557],[-121.03012,48.078145],[-121.015942,48.074795],[-120.999362,48.089718],[-120.981311,48.094379],[-120.972481,48.108534],[-120.956161,48.108072],[-120.9471,48.113327],[-120.965216,48.133962],[-120.964417,48.142983],[-120.955566,48.151981],[-120.933216,48.156771],[-120.931944,48.16162],[-120.907425,48.163184],[-120.919271,48.190388],[-120.947026,48.201049],[-120.952306,48.209113],[-120.964769,48.211328],[-120.959848,48.227769],[-120.973137,48.235298],[-120.982491,48.251341],[-120.999917,48.262942],[-121.012094,48.279909],[-121.000648,48.290533],[-121.00375,48.299428],[-121.025493,48.302268],[-121.034618,48.311484],[-121.045067,48.308865],[-121.071483,48.317956],[-121.065918,48.328059],[-121.071111,48.33232],[-121.069178,48.339041],[-121.060686,48.346475],[-121.040631,48.3479],[-121.043504,48.363993],[-121.061836,48.379648],[-121.058957,48.385698],[-121.066429,48.393539],[-121.055459,48.412638],[-121.041588,48.411271],[-121.046248,48.418892],[-121.03713,48.433027],[-121.040994,48.445737],[-121.060828,48.455158],[-121.056534,48.47637],[-121.036234,48.495297],[-120.951068,48.499637],[-120.94894,48.510217],[-120.954294,48.522369],[-120.950502,48.529581],[-120.904596,48.523653],[-120.90396,48.533401],[-120.885401,48.538187],[-120.863213,48.530074],[-120.857943,48.535671],[-120.860873,48.54206],[-120.857427,48.547676],[-120.838635,48.550836],[-120.823947,48.54503],[-120.826491,48.541992],[-120.810399,48.530583],[-120.816759,48.519579],[-120.787932,48.5071],[-120.709482,48.52334],[-120.702069,48.531589],[-120.677478,48.530956],[-120.652283,48.536939],[-120.649014,48.526918],[-120.656637,48.521097],[-120.6572,48.50731],[-120.628407,48.497352],[-120.638478,48.496312],[-120.653698,48.48181],[-120.632557,48.470008],[-120.650832,48.46073],[-120.654769,48.453175],[-120.668818,48.449735],[-120.652775,48.437949],[-120.655235,48.430086],[-120.650253,48.414792],[-120.641653,48.411121],[-120.649933,48.398139],[-120.621101,48.398772],[-120.563192,48.370848],[-120.560206,48.361048],[-120.567665,48.356492],[-120.569719,48.348879],[-120.585672,48.339181],[-120.586816,48.320322],[-120.565254,48.317594],[-120.547201,48.306714],[-120.510287,48.311298],[-120.498826,48.295073],[-120.476346,48.278363],[-120.464486,48.274901],[-120.469124,48.26898],[-120.392289,48.242694],[-120.384952,48.233167],[-120.391412,48.228796],[-120.382901,48.219851],[-120.355542,48.218422],[-120.346284,48.199986],[-120.362263,48.164752],[-120.361288,48.157569],[-120.35429,48.155353],[-120.348578,48.144284],[-120.333825,48.138838],[-120.31961,48.124424],[-120.29043,48.129137],[-120.244466,48.101018],[-120.234187,48.088496],[-120.21306,48.079044],[-120.187694,48.078516],[-120.170261,48.069709],[-120.143931,48.065444],[-120.131697,48.055258],[-120.149009,48.052234],[-120.146391,48.037343],[-120.121789,48.032182],[-120.119529,48.027085],[-120.090176,48.018006],[-120.078224,47.999293],[-120.081053,47.993029],[-120.063785,47.981466],[-120.070239,47.968854],[-120.066319,47.966375],[-120.048646,47.960628],[-119.870595,47.960455],[-119.859734,47.941942],[-119.889315,47.91716],[-119.912567,47.904493],[-119.91568,47.897409],[-119.908428,47.879405],[-119.915008,47.867687],[-119.929354,47.856063],[-119.960127,47.845806],[-119.964684,47.826193],[-119.978422,47.800702],[-119.996969,47.780353],[-120.027828,47.778225],[-120.087308,47.763208],[-120.130914,47.776601],[-120.191405,47.759504],[-120.207717,47.750058],[-120.222858,47.723314],[-120.203257,47.698828],[-120.199048,47.682276],[-120.204558,47.671581],[-120.216776,47.66368],[-120.220864,47.650285],[-120.236935,47.631779],[-120.233584,47.59763],[-120.241324,47.581644],[-120.253597,47.572574],[-120.25833,47.559654],[-120.285917,47.544654],[-120.302931,47.520059],[-120.318084,47.457748],[-120.292847,47.400437],[-120.28653,47.393111],[-120.253081,47.381635],[-120.129973,47.366251],[-120.101171,47.343151],[-120.089638,47.341354],[-120.083274,47.33369],[-120.090305,47.319245],[-120.086046,47.300299],[-120.09446,47.262159],[-120.389197,47.260935],[-120.406037,47.274068],[-120.426234,47.274211],[-120.459896,47.300305],[-120.487408,47.307222],[-120.497585,47.317582],[-120.515329,47.320148],[-120.524669,47.333302],[-120.5305,47.334328],[-120.531961,47.329156],[-120.528184,47.316661],[-120.557277,47.306567],[-120.570318,47.310837],[-120.568723,47.31859],[-120.576906,47.326255],[-120.578971,47.337381],[-120.606589,47.339365],[-120.61678,47.34528],[-120.664448,47.34334],[-120.681933,47.350414],[-120.700504,47.365311],[-120.721363,47.370432],[-120.726398,47.387391],[-120.734652,47.393803],[-120.783789,47.399936],[-120.80333,47.423049],[-120.813594,47.419692],[-120.828881,47.42377],[-120.843586,47.411651],[-120.861855,47.420577],[-120.871917,47.415289],[-120.891571,47.427749],[-120.907062,47.425248],[-120.918005,47.429416],[-120.924183,47.433516],[-120.922875,47.448541],[-120.930632,47.457744],[-120.952036,47.46182],[-120.946494,47.472523],[-120.959061,47.484438],[-120.983159,47.492888],[-120.994903,47.504777],[-120.991294,47.511108],[-120.996578,47.518545],[-121.023458,47.523759],[-121.030821,47.531551],[-121.047086,47.534111],[-121.07523,47.551101],[-121.090105,47.569836],[-121.085877,47.574049],[-121.092106,47.585154],[-121.113569,47.597288],[-121.111381,47.601621],[-121.120104,47.61159],[-121.113704,47.621555],[-121.124607,47.627334],[-121.126593,47.638439],[-121.133697,47.645605],[-121.131884,47.655664],[-121.125635,47.657159],[-121.123179,47.663326],[-121.128824,47.676181],[-121.121584,47.685213],[-121.094118,47.695402],[-121.090288,47.702834],[-121.067117,47.706272],[-121.066005,47.713603],[-121.083632,47.722741],[-121.087367,47.728497],[-121.078995,47.73919],[-121.089709,47.746098],[-121.094018,47.758184],[-121.110858,47.758417],[-121.107703,47.766683],[-121.119483,47.775839],[-121.120697,47.782604],[-121.084699,47.807707],[-121.070871,47.830183],[-121.080222,47.834123],[-121.111886,47.82946],[-121.134343,47.843044],[-121.153512,47.845312],[-121.147229,47.857533],[-121.158264,47.876644],[-121.157285,47.882281],[-121.166796,47.879586],[-121.175355,47.885878],[-121.178928,47.901116]]]}},{"type":"Feature","properties":{"GEOID":"53037","NAME":"Kittitas","state":"WA","wildfire_risk_score":99.682,"wildfire_eal_total":41947343.09,"risk_band":"High","source":"FEMA National Risk Index v1.20 (December 2025)"},"geometry":{"type":"Polygon","coordinates":[[[-121.465951,47.367977],[-121.459269,47.373071],[-121.437788,47.371967],[-121.441204,47.384407],[-121.426212,47.389592],[-121.433577,47.399018],[-121.422095,47.408779],[-121.427448,47.420617],[-121.385108,47.43449],[-121.381516,47.438653],[-121.385287,47.444913],[-121.37912,47.454411],[-121.364011,47.464725],[-121.347992,47.465324],[-121.338706,47.476377],[-121.331991,47.473689],[-121.324612,47.479397],[-121.31154,47.479595],[-121.290638,47.504854],[-121.29195,47.513551],[-121.285357,47.513603],[-121.278914,47.522976],[-121.261787,47.523845],[-121.254795,47.533897],[-121.242871,47.535875],[-121.243338,47.543041],[-121.235394,47.544649],[-121.2289,47.565603],[-121.217039,47.569752],[-121.180142,47.564924],[-121.170839,47.575986],[-121.17225,47.590054],[-121.137205,47.595724],[-121.120127,47.591318],[-121.11582,47.597874],[-121.092106,47.585154],[-121.085877,47.574049],[-121.090105,47.569836],[-121.07523,47.551101],[-121.047086,47.534111],[-121.030821,47.531551],[-121.023458,47.523759],[-120.996578,47.518545],[-120.991294,47.511108],[-120.994903,47.504777],[-120.983159,47.492888],[-120.959061,47.484438],[-120.946494,47.472523],[-120.952036,47.46182],[-120.930632,47.457744],[-120.922875,47.448541],[-120.924183,47.433516],[-120.918005,47.429416],[-120.907062,47.425248],[-120.891571,47.427749],[-120.871917,47.415289],[-120.861855,47.420577],[-120.843586,47.411651],[-120.828881,47.42377],[-120.813594,47.419692],[-120.80333,47.423049],[-120.783789,47.399936],[-120.734652,47.393803],[-120.726398,47.387391],[-120.721363,47.370432],[-120.700504,47.365311],[-120.681933,47.350414],[-120.664448,47.34334],[-120.61678,47.34528],[-120.606589,47.339365],[-120.578971,47.337381],[-120.576906,47.326255],[-120.568723,47.31859],[-120.570318,47.310837],[-120.561945,47.307501],[-120.54735,47.307542],[-120.54762,47.311859],[-120.528184,47.316661],[-120.5305,47.334328],[-120.521462,47.331932],[-120.515329,47.320148],[-120.497585,47.317582],[-120.487408,47.307222],[-120.459896,47.300305],[-120.426234,47.274211],[-120.406037,47.274068],[-120.389197,47.260935],[-120.09446,47.262159],[-120.092209,47.242332],[-120.075969,47.225898],[-120.019088,47.226645],[-120.003938,47.216036],[-120.003692,47.184381],[-120.011152,47.167447],[-120.000577,47.143622],[-120.001465,47.127553],[-120.011966,47.111853],[-120.027566,47.105253],[-120.040466,47.081253],[-120.041866,47.067053],[-120.032966,47.054253],[-120.009265,47.037253],[-120.001122,46.993641],[-119.965804,46.943283],[-119.964943,46.858804],[-119.927537,46.817092],[-119.927436,46.798445],[-119.943054,46.774702],[-119.969975,46.754973],[-119.973036,46.737126],[-120.51,46.737946],[-120.508605,46.824862],[-120.633981,46.825776],[-120.634562,46.91213],[-121.02662,46.911308],[-121.031857,46.918534],[-121.042442,46.92214],[-121.042463,46.933021],[-121.052987,46.933025],[-121.052972,46.936673],[-121.058261,46.936691],[-121.058263,46.943904],[-121.068815,46.947576],[-121.06885,46.958465],[-121.089957,46.969295],[-121.090054,46.991007],[-121.123477,46.998969],[-121.135765,47.017233],[-121.181731,47.044374],[-121.194354,47.044002],[-121.212561,47.055574],[-121.218118,47.064958],[-121.280716,47.088731],[-121.301375,47.085188],[-121.311259,47.076915],[-121.347136,47.078739],[-121.363136,47.071209],[-121.378189,47.083696],[-121.376893,47.089875],[-121.38341,47.095075],[-121.393769,47.092432],[-121.402913,47.098576],[-121.39904,47.103967],[-121.408081,47.1181],[-121.393968,47.132762],[-121.364677,47.141759],[-121.334906,47.132701],[-121.303355,47.138942],[-121.297819,47.148851],[-121.317769,47.172976],[-121.306466,47.192758],[-121.311259,47.207698],[-121.3176,47.212131],[-121.365138,47.224563],[-121.358368,47.234419],[-121.360747,47.240526],[-121.339767,47.247199],[-121.331959,47.257485],[-121.341203,47.281261],[-121.359159,47.285322],[-121.361586,47.291905],[-121.373205,47.284996],[-121.414965,47.293196],[-121.419212,47.286953],[-121.427492,47.289075],[-121.432837,47.29417],[-121.432992,47.305135],[-121.445331,47.309816],[-121.430372,47.334085],[-121.438695,47.343767],[-121.4629,47.353058],[-121.461478,47.361708],[-121.465951,47.367977]]]}},{"type":"Feature","properties":{"GEOID":"53041","NAME":"Lewis","state":"WA","wildfire_risk_score":76.686,"wildfire_eal_total":262585.6,"risk_band":"Moderate","source":"FEMA National Risk Index v1.20 (December 2025)"},"geometry":{"type":"Polygon","coordinates":[[[-123.37095,46.792129],[-123.160588,46.793383],[-123.160909,46.76433],[-122.203115,46.763061],[-122.177877,46.755202],[-122.12903,46.754663],[-122.116021,46.748999],[-122.082298,46.75222],[-122.023882,46.742309],[-122.008101,46.752567],[-121.979162,46.744266],[-121.954242,46.755017],[-121.929997,46.739871],[-121.845075,46.728406],[-121.83271,46.729637],[-121.820408,46.745289],[-121.80409,46.751223],[-121.805279,46.756157],[-121.787702,46.769819],[-121.758593,46.783791],[-121.455218,46.783797],[-121.446814,46.767751],[-121.438645,46.762561],[-121.44151,46.758264],[-121.424281,46.756629],[-121.428968,46.739223],[-121.412434,46.735559],[-121.406014,46.727394],[-121.368838,46.726169],[-121.353182,46.71195],[-121.379784,46.701764],[-121.374495,46.692868],[-121.37668,46.686486],[-121.398949,46.68808],[-121.413217,46.675868],[-121.411532,46.665641],[-121.416519,46.651923],[-121.395189,46.645825],[-121.397979,46.641794],[-121.386383,46.636041],[-121.389602,46.628737],[-121.386818,46.620832],[-121.407128,46.602859],[-121.402321,46.594258],[-121.405711,46.582344],[-121.424601,46.57001],[-121.41271,46.558668],[-121.420834,46.551264],[-121.416646,46.54824],[-121.427438,46.539999],[-121.450966,46.533894],[-121.455981,46.516728],[-121.45014,46.503526],[-121.423242,46.492743],[-121.431796,46.48666],[-121.435856,46.475907],[-121.425371,46.464085],[-121.412381,46.459805],[-121.414644,46.451424],[-121.407298,46.429903],[-121.386557,46.410601],[-121.396555,46.388235],[-121.445709,46.38802],[-121.447235,46.384729],[-121.456542,46.388627],[-121.989898,46.388626],[-122.240966,46.385361],[-123.114228,46.388043],[-123.358334,46.384025],[-123.358377,46.541414],[-123.359509,46.562644],[-123.365024,46.562955],[-123.364969,46.631684],[-123.372706,46.734687],[-123.37095,46.792129]]]}},{"type":"Feature","properties":{"GEOID":"53025","NAME":"Grant","state":"WA","wildfire_risk_score":95.833,"wildfire_eal_total":3527355.99,"risk_band":"High","source":"FEMA National Risk Index v1.20 (December 2025)"},"geometry":{"type":"Polygon","coordinates":[[[-120.042266,47.076253],[-120.027566,47.105253],[-120.010266,47.113553],[-119.999963,47.136734],[-120.011152,47.167447],[-120.003692,47.184381],[-120.002438,47.209987],[-120.007074,47.220133],[-120.002914,47.262318],[-120.004704,47.319994],[-119.983125,47.320428],[-119.983234,47.334623],[-119.961823,47.334952],[-119.961341,47.348779],[-119.940442,47.349435],[-119.940236,47.364359],[-119.918915,47.364475],[-119.918746,47.393449],[-119.897383,47.393472],[-119.897173,47.407969],[-119.875822,47.408305],[-119.87576,47.437492],[-119.533618,47.441205],[-119.532889,47.527756],[-119.511691,47.527633],[-119.512092,47.54204],[-119.490467,47.54202],[-119.490098,47.556541],[-119.469174,47.556606],[-119.469099,47.57076],[-119.447682,47.570455],[-119.4478,47.584899],[-119.426839,47.584777],[-119.426769,47.599063],[-119.405319,47.599012],[-119.405196,47.612636],[-119.341767,47.612388],[-119.341485,47.626748],[-119.320304,47.626797],[-119.320144,47.670232],[-119.298843,47.670403],[-119.298649,47.728328],[-119.277238,47.728238],[-119.277167,47.742603],[-119.255783,47.742514],[-119.255862,47.771687],[-119.234166,47.771981],[-119.2339,47.800662],[-119.21241,47.800695],[-119.212225,47.887708],[-119.190631,47.887812],[-119.190552,47.902465],[-119.147399,47.90265],[-119.1474,47.917388],[-119.125904,47.917301],[-119.125581,47.946803],[-119.103966,47.946693],[-119.103873,47.961763],[-118.982234,47.962025],[-118.982754,47.949782],[-118.972823,47.940997],[-118.982652,46.911344],[-119.368662,46.912562],[-119.369165,46.678179],[-119.45319,46.679243],[-119.452288,46.689196],[-119.485763,46.715668],[-119.516582,46.727638],[-119.581684,46.669906],[-119.625522,46.644669],[-119.659189,46.640333],[-119.711057,46.648818],[-119.750972,46.635662],[-119.822426,46.62608],[-119.866706,46.626621],[-119.901483,46.635602],[-119.917301,46.655423],[-119.944218,46.673242],[-119.972706,46.723239],[-119.969975,46.754973],[-119.943054,46.774702],[-119.92786,46.797496],[-119.925605,46.811431],[-119.963876,46.855616],[-119.965804,46.943283],[-120.001122,46.993641],[-120.009265,47.037253],[-120.037566,47.058853],[-120.042266,47.076253]]]}},{"type":"Feature","properties":{"GEOID":"53065","NAME":"Stevens","state":"WA","wildfire_risk_score":96.469,"wildfire_eal_total":4891731.69,"risk_band":"High","source":"FEMA National Risk Index v1.20 (December 2025)"},"geometry":{"type":"Polygon","coordinates":[[[-118.402407,48.026382],[-118.358905,48.049427],[-118.339475,48.049761],[-118.3161,48.041648],[-118.275476,48.040567],[-118.267202,48.047059],[-118.264472,48.058277],[-118.245198,48.054684],[-118.238198,48.058184],[-118.233198,48.065285],[-118.234998,48.079085],[-118.231098,48.088285],[-118.237499,48.104786],[-118.253588,48.112979],[-118.254392,48.12853],[-118.247606,48.134658],[-118.205698,48.138587],[-118.196498,48.145287],[-118.191298,48.158588],[-118.196599,48.190589],[-118.187599,48.199089],[-118.1949,48.212489],[-118.154498,48.237891],[-118.141477,48.260155],[-118.140002,48.268327],[-118.150754,48.282253],[-118.1545,48.295892],[-118.175602,48.319492],[-118.181903,48.372894],[-118.189704,48.391494],[-118.202605,48.406794],[-118.202906,48.442195],[-118.212007,48.449995],[-118.212207,48.457695],[-118.206507,48.470296],[-118.189206,48.481597],[-118.174874,48.521318],[-118.151464,48.520337],[-118.141923,48.52669],[-118.143102,48.548226],[-118.136476,48.569697],[-118.125445,48.584515],[-118.127011,48.612987],[-118.117942,48.623132],[-118.116142,48.636588],[-118.105152,48.643701],[-118.10496,48.653503],[-118.110199,48.671325],[-118.117363,48.674736],[-118.114257,48.683903],[-118.120956,48.70227],[-118.119345,48.718869],[-118.125825,48.724675],[-118.118003,48.73723],[-118.128755,48.739926],[-118.129966,48.744668],[-118.122666,48.74581],[-118.122313,48.749903],[-118.13364,48.757412],[-118.125353,48.76161],[-118.133246,48.766363],[-118.134624,48.774079],[-118.131002,48.777653],[-118.123627,48.774465],[-118.121999,48.779258],[-118.126827,48.786189],[-118.143214,48.779287],[-118.148062,48.788144],[-118.160217,48.793318],[-118.160923,48.808958],[-118.171063,48.828031],[-118.179317,48.837639],[-118.195508,48.840725],[-118.194214,48.851544],[-118.201436,48.857592],[-118.198481,48.86727],[-118.213637,48.877973],[-118.210255,48.89846],[-118.195953,48.913262],[-118.21527,48.925596],[-118.221669,48.937098],[-118.20724,48.963082],[-118.22166,48.970502],[-118.21459,48.986022],[-118.205901,48.987433],[-118.219955,48.997409],[-118.199712,48.993603],[-118.19483,48.996927],[-118.197375052459,49.0004067514246],[-117.429968,49.0003644833648],[-117.430377,48.923168],[-117.498957,48.923159],[-117.498496,48.8369],[-117.563858,48.836671],[-117.563811,48.742961],[-117.629421,48.742634],[-117.629241,48.655852],[-117.499975,48.656187],[-117.502371,48.134708],[-117.437629,48.134688],[-117.436993,48.047207],[-117.537069,48.047865],[-117.5338,47.795181],[-117.555521,47.801699],[-117.567837,47.800665],[-117.575802,47.793522],[-117.586519,47.794862],[-117.615013,47.817779],[-117.62002,47.828314],[-117.632509,47.835124],[-117.651932,47.835255],[-117.66371,47.848584],[-117.666511,47.880439],[-117.675207,47.889099],[-117.694396,47.881005],[-117.701794,47.865116],[-117.697774,47.856278],[-117.753012,47.826822],[-117.765457,47.831813],[-117.777536,47.828244],[-117.790459,47.811356],[-117.806,47.812228],[-117.828305,47.833318],[-117.839958,47.83804],[-117.880451,47.847739],[-117.886306,47.838335],[-117.912904,47.835218],[-117.932249,47.82358],[-117.989057,47.834682],[-118.004212,47.823248],[-118.013403,47.805582],[-118.035954,47.802716],[-118.048153,47.792295],[-118.053761,47.798806],[-118.078182,47.800062],[-118.099259,47.823624],[-118.097131,47.828449],[-118.119245,47.833518],[-118.122895,47.857271],[-118.143769,47.884711],[-118.160586,47.885102],[-118.160206,47.89721],[-118.166825,47.902767],[-118.178509,47.901986],[-118.17731,47.911774],[-118.190236,47.926274],[-118.200031,47.928384],[-118.210614,47.94523],[-118.23285,47.939981],[-118.251093,47.942878],[-118.260867,47.934166],[-118.269999,47.933716],[-118.315636,47.909975],[-118.321711,47.896289],[-118.340938,47.894316],[-118.339996,47.900178],[-118.356089,47.929317],[-118.34874,47.971782],[-118.370645,47.985569],[-118.375354,47.999882],[-118.402407,48.026382]]]}},{"type":"Feature","properties":{"GEOID":"53031","NAME":"Jefferson","state":"WA","wildfire_risk_score":23.505,"wildfire_eal_total":6866.51,"risk_band":"Low","source":"FEMA National Risk Index v1.20 (December 2025)"},"geometry":{"type":"MultiPolygon","coordinates":[[[[-122.94347,48.122911],[-122.927773,48.132773],[-122.909602,48.126554],[-122.935287,48.121304],[-122.94347,48.122911]]],[[[-124.491153,47.674079],[-124.485092,47.67752],[-124.480653,47.679802],[-124.483785,47.672079],[-124.491153,47.674079]]],[[[-124.509303,47.79885],[-124.507153,47.799173],[-124.504365,47.796941],[-124.508051,47.797461],[-124.509303,47.79885]]],[[[-124.610763100887,47.8806070165746],[-123.505917,47.88108],[-123.505917,47.866897],[-122.949167,47.866822],[-122.94918,48.06515],[-122.927672823873,48.0652978847518],[-122.919408,48.057927],[-122.875236,48.046352],[-122.858429,48.017675],[-122.867549,48.002943],[-122.888418,47.992296],[-122.849167,47.996388],[-122.833473,48.009574],[-122.826878,48.046138],[-122.84989,48.054315],[-122.857727,48.065774],[-122.874446,48.074848],[-122.88919,48.077073],[-122.8787,48.091741],[-122.884935,48.105114],[-122.837946,48.136479],[-122.754509,48.144344],[-122.762454,48.131172],[-122.748911,48.117026],[-122.781205,48.105277],[-122.801399,48.087561],[-122.788074,48.078133],[-122.784417,48.068673],[-122.765301,48.057559],[-122.770496,48.047897],[-122.765063,48.040558],[-122.748532,48.030138],[-122.739869,48.031181],[-122.734268,48.03495],[-122.74229,48.049324],[-122.739271,48.069153],[-122.748345,48.072097],[-122.733257,48.091232],[-122.696748,48.103167],[-122.68756,48.101272],[-122.692806,48.087278],[-122.68568,48.073036],[-122.682658,48.042826],[-122.669058,48.031659],[-122.670562,48.017619],[-122.690426,48.0089],[-122.713673,48.025289],[-122.730967,48.021308],[-122.718746,47.998104],[-122.718082,47.987739],[-122.700688,47.973383],[-122.683223,47.972226],[-122.6788,47.96793],[-122.676215,47.958743],[-122.684688,47.944049],[-122.682032,47.921399],[-122.69922,47.918703],[-122.677359,47.916297],[-122.657722,47.931156],[-122.651063,47.920985],[-122.655085,47.905058],[-122.647772,47.895974],[-122.637425,47.889945],[-122.610341,47.887343],[-122.619603,47.877573],[-122.628635,47.879486],[-122.638142,47.865456],[-122.69376,47.868002],[-122.681602,47.850405],[-122.687342,47.831003],[-122.701365,47.825578],[-122.713249,47.814087],[-122.742985,47.809892],[-122.748815,47.801697],[-122.743944,47.793935],[-122.749465,47.788891],[-122.747879,47.775372],[-122.757885,47.757744],[-122.7564,47.751256],[-122.772091,47.739883],[-122.783535,47.722393],[-122.783127,47.703678],[-122.772225,47.691708],[-122.809171,47.682231],[-122.833277,47.692481],[-122.824958,47.710876],[-122.81355,47.715673],[-122.815027,47.725996],[-122.808083,47.732461],[-122.809673,47.747412],[-122.800002,47.758193],[-122.788118,47.80419],[-122.796674,47.810575],[-122.797625,47.825897],[-122.809747,47.840575],[-122.816639,47.840416],[-122.825196,47.821748],[-122.815027,47.807493],[-122.821868,47.789022],[-122.841808,47.779035],[-122.85348,47.780079],[-122.8473,47.800997],[-122.864651,47.804669],[-122.867978,47.798922],[-122.863462,47.768578],[-122.849819,47.760751],[-122.851137,47.738545],[-122.857045,47.736138],[-122.861561,47.744769],[-122.867503,47.74445],[-122.871306,47.743491],[-122.873683,47.730223],[-122.882714,47.731183],[-122.884378,47.713434],[-122.889607,47.705918],[-122.878199,47.690081],[-122.906245,47.671038],[-122.908859,47.664956],[-122.90363,47.664476],[-122.905532,47.658873],[-122.901371,47.653904],[-122.904106,47.645584],[-122.927398,47.651028],[-122.941659,47.631651],[-122.981589,47.613068],[-122.981893656671,47.6066913870834],[-123.505917,47.604615],[-123.505917,47.517716],[-124.04674,47.518525],[-124.046504,47.53367],[-124.354854444714,47.5335351706387],[-124.382215,47.632302],[-124.412106,47.691199],[-124.420219,47.725294],[-124.430546,47.746249],[-124.447382,47.755454],[-124.453927,47.765334],[-124.480041,47.7673],[-124.471866,47.772058],[-124.489737,47.816988],[-124.497987,47.822605],[-124.51278,47.822518],[-124.522586,47.83212],[-124.541015,47.834121],[-124.539559,47.841905],[-124.558,47.853655],[-124.562363,47.866216],[-124.573367,47.866667],[-124.588172,47.877878],[-124.610527,47.871674],[-124.610763100887,47.8806070165746]]]]}},{"type":"Feature","properties":{"GEOID":"53011","NAME":"Clark","state":"WA","wildfire_risk_score":69.593,"wildfire_eal_total":222438.76,"risk_band":"Moderate","source":"FEMA National Risk Index v1.20 (December 2025)"},"geometry":{"type":"Polygon","coordinates":[[[-122.795963,45.825024],[-122.785515,45.850536],[-122.773254,45.857434],[-122.74139,45.87051],[-122.720727,45.867134],[-122.734197,45.885759],[-122.733144,45.895249],[-122.744522,45.892636],[-122.749446,45.896269],[-122.737661,45.901886],[-122.740128,45.914754],[-122.723821,45.917653],[-122.718759,45.92477],[-122.719712,45.933256],[-122.690871,45.928168],[-122.687997,45.932109],[-122.694882,45.937705],[-122.693482,45.94142],[-122.669259,45.936991],[-122.656382,45.927958],[-122.643825,45.937854],[-122.615375,45.935677],[-122.580265,45.954672],[-122.55842,45.953019],[-122.54687,45.966961],[-122.532755,45.972839],[-122.534496,45.979217],[-122.510669,45.984935],[-122.506397,45.980326],[-122.496959,45.980747],[-122.497484,45.986977],[-122.485917,45.983289],[-122.477104,45.988089],[-122.452436,45.984955],[-122.442208,45.975849],[-122.422405,45.977387],[-122.398515,45.972496],[-122.37515,45.960132],[-122.343478,45.959548],[-122.332663,45.965064],[-122.324381,45.976145],[-122.325286,45.982726],[-122.3148,45.990829],[-122.325003,45.999832],[-122.328768,46.010811],[-122.317469,46.012659],[-122.311711,46.028794],[-122.294708,46.037973],[-122.294443,46.049191],[-122.272974,46.059404],[-122.245856,46.053853],[-122.248911947664,45.5477731000169],[-122.294901,45.543541],[-122.331502,45.548241],[-122.352802,45.569441],[-122.380302,45.575941],[-122.438674,45.563585],[-122.479315,45.579761],[-122.548149,45.596768],[-122.602606,45.607639],[-122.643907,45.609739],[-122.675008,45.618039],[-122.76381,45.657138],[-122.774511,45.680437],[-122.772511,45.699637],[-122.760108,45.734413],[-122.761451,45.759163],[-122.769532,45.780583],[-122.795605,45.81],[-122.795963,45.825024]]]}},{"type":"Feature","properties":{"GEOID":"53071","NAME":"Walla Walla","state":"WA","wildfire_risk_score":83.524,"wildfire_eal_total":569953.98,"risk_band":"Moderate","source":"FEMA National Risk Index v1.20 (December 2025)"},"geometry":{"type":"Polygon","coordinates":[[[-119.039918,46.196256],[-119.023453,46.216616],[-118.976491,46.237553],[-118.863464,46.251389],[-118.827096,46.283381],[-118.769507,46.293998],[-118.766619,46.30358],[-118.773744,46.318049],[-118.761858,46.325513],[-118.757402,46.343328],[-118.746199,46.359512],[-118.7009,46.360037],[-118.69117,46.381099],[-118.674543,46.385246],[-118.658126,46.404374],[-118.634412,46.412586],[-118.638033,46.433415],[-118.63195,46.454315],[-118.618991,46.474362],[-118.620669,46.488551],[-118.615592,46.504543],[-118.588209,46.528696],[-118.565397,46.534962],[-118.548011,46.555929],[-118.527994,46.567664],[-118.49652,46.575534],[-118.475932,46.595142],[-118.462363,46.598646],[-118.423181,46.583744],[-118.389726,46.580602],[-118.361717,46.598014],[-118.326388,46.606309],[-118.305679,46.605477],[-118.278631,46.59324],[-118.244257,46.600732],[-118.228635,46.593362],[-118.228013,46.560413],[-118.24264,46.559747],[-118.241852,46.295064],[-118.116117,46.295455],[-118.116624,46.20805],[-117.991481,46.207702],[-117.993109,46.019722],[-117.99694971271,46.0007868487855],[-118.987196090377,45.9997905520367],[-118.961703,46.019333],[-118.941656,46.02698],[-118.947738,46.047541],[-118.942305,46.07442],[-118.96784,46.115605],[-118.9668,46.127542],[-118.974115,46.138789],[-119.014206,46.176199],[-119.041498,46.192667],[-119.039918,46.196256]]]}},{"type":"Feature","properties":{"GEOID":"53035","NAME":"Kitsap","state":"WA","wildfire_risk_score":39.854,"wildfire_eal_total":33785.01,"risk_band":"Low","source":"FEMA National Risk Index v1.20 (December 2025)"},"geometry":{"type":"MultiPolygon","coordinates":[[[[-122.504923,47.546531],[-122.491425,47.545433],[-122.479523,47.541862],[-122.489149,47.529477],[-122.499456,47.533695],[-122.504923,47.546531]]],[[[-122.590841,47.663261],[-122.570947,47.674726],[-122.570849,47.663744],[-122.565722,47.665942],[-122.561007,47.673929],[-122.563896,47.71008],[-122.552848,47.720757],[-122.544106,47.718186],[-122.543161,47.710941],[-122.528278,47.700026],[-122.525357,47.707554],[-122.511196,47.708715],[-122.503823,47.694399],[-122.508709,47.670843],[-122.49784,47.661819],[-122.51828,47.652053],[-122.489131,47.633184],[-122.493806,47.621378],[-122.504527,47.625944],[-122.525852,47.619213],[-122.500357,47.617816],[-122.498479,47.59723],[-122.516126,47.595731],[-122.480278,47.583268],[-122.518367,47.57408],[-122.547971,47.603691],[-122.556911,47.601694],[-122.56764,47.590677],[-122.573312,47.594583],[-122.577802,47.643664],[-122.590841,47.663261]]],[[[-123.017645,47.527179],[-122.983895,47.558626],[-122.975338,47.559589],[-122.976527,47.566325],[-122.965118,47.585245],[-122.943965,47.58781],[-122.922811,47.597908],[-122.915918,47.609286],[-122.917103,47.620743],[-122.868382,47.633157],[-122.85531,47.64757],[-122.840812,47.652533],[-122.827264,47.653174],[-122.836445,47.637269],[-122.752471,47.667811],[-122.744992,47.682769],[-122.748339,47.717931],[-122.738523,47.73659],[-122.722686,47.748827],[-122.714786,47.767512],[-122.693143,47.776056],[-122.682015,47.800882],[-122.653758,47.816066],[-122.648108,47.825123],[-122.623192,47.836199],[-122.608105,47.856728],[-122.573672,47.857582],[-122.573098,47.874081],[-122.588235,47.912923],[-122.596228,47.92021],[-122.617868,47.92528],[-122.617022,47.938987],[-122.603861,47.940478],[-122.592184,47.922519],[-122.549072,47.919072],[-122.525329,47.912336],[-122.526124,47.89995],[-122.512575,47.881786],[-122.514457,47.865965],[-122.505865,47.848999],[-122.506122,47.831745],[-122.482529,47.815511],[-122.485214,47.804128],[-122.501643,47.794994],[-122.50188,47.790683],[-122.483549,47.781865],[-122.478086,47.76904],[-122.471402,47.765965],[-122.471844,47.749819],[-122.488491,47.743605],[-122.554454,47.745704],[-122.549653,47.730927],[-122.583365,47.702767],[-122.587847,47.69119],[-122.603126,47.696164],[-122.604065,47.704425],[-122.612713,47.711872],[-122.631103,47.707339],[-122.61451,47.701562],[-122.619246,47.692816],[-122.613227,47.663638],[-122.618853,47.651],[-122.591101,47.635546],[-122.598149,47.602618],[-122.59171,47.594591],[-122.60749,47.569217],[-122.621305,47.571341],[-122.626369,47.560943],[-122.672285,47.546578],[-122.675788,47.538531],[-122.69845,47.52669],[-122.667292,47.531777],[-122.661052,47.539374],[-122.647531,47.536861],[-122.62,47.547954],[-122.6063,47.54688],[-122.569689,47.583675],[-122.550363,47.589084],[-122.550088,47.578626],[-122.54442,47.577039],[-122.552697,47.569863],[-122.532818,47.565522],[-122.543977,47.555621],[-122.539669,47.543844],[-122.547269,47.523562],[-122.521104,47.523318],[-122.517826,47.517239],[-122.503324,47.51804],[-122.495315,47.51102],[-122.518755,47.485756],[-122.520895,47.477564],[-122.532303,47.46921],[-122.529926,47.456034],[-122.535631,47.449284],[-122.531889,47.428827],[-122.550877042264,47.4034356670423],[-122.801199,47.403578],[-122.801012,47.520406],[-123.023718714396,47.5203065588983],[-123.017645,47.527179]]]]}},{"type":"Feature","properties":{"GEOID":"53019","NAME":"Ferry","state":"WA","wildfire_risk_score":97.36,"wildfire_eal_total":5199013.72,"risk_band":"High","source":"FEMA National Risk Index v1.20 (December 2025)"},"geometry":{"type":"Polygon","coordinates":[[[-118.869633,48.653826],[-118.837006,48.653869],[-118.836614034806,49.0003077591428],[-118.197375052459,49.0004067514246],[-118.19483,48.996927],[-118.199712,48.993603],[-118.219955,48.997409],[-118.205901,48.987433],[-118.21459,48.986022],[-118.22166,48.970502],[-118.20724,48.963082],[-118.221669,48.937098],[-118.21527,48.925596],[-118.195953,48.913262],[-118.210255,48.89846],[-118.213637,48.877973],[-118.198481,48.86727],[-118.201436,48.857592],[-118.194214,48.851544],[-118.195508,48.840725],[-118.179317,48.837639],[-118.171063,48.828031],[-118.160923,48.808958],[-118.160217,48.793318],[-118.148062,48.788144],[-118.143214,48.779287],[-118.126827,48.786189],[-118.121999,48.779258],[-118.123627,48.774465],[-118.131002,48.777653],[-118.134624,48.774079],[-118.133246,48.766363],[-118.125353,48.76161],[-118.13364,48.757412],[-118.122313,48.749903],[-118.122666,48.74581],[-118.129966,48.744668],[-118.128755,48.739926],[-118.118003,48.73723],[-118.125825,48.724675],[-118.119345,48.718869],[-118.120956,48.70227],[-118.114257,48.683903],[-118.117363,48.674736],[-118.110199,48.671325],[-118.10496,48.653503],[-118.105152,48.643701],[-118.116142,48.636588],[-118.117942,48.623132],[-118.127011,48.612987],[-118.125445,48.584515],[-118.136476,48.569697],[-118.143102,48.548226],[-118.141923,48.52669],[-118.151464,48.520337],[-118.174874,48.521318],[-118.189206,48.481597],[-118.206507,48.470296],[-118.212207,48.457695],[-118.212007,48.449995],[-118.202906,48.442195],[-118.202605,48.406794],[-118.189704,48.391494],[-118.181903,48.372894],[-118.175602,48.319492],[-118.1563,48.298692],[-118.140002,48.268327],[-118.151598,48.240691],[-118.1949,48.212489],[-118.187599,48.199089],[-118.196599,48.190589],[-118.191298,48.158588],[-118.196498,48.145287],[-118.205698,48.138587],[-118.247606,48.134658],[-118.254392,48.12853],[-118.253588,48.112979],[-118.237499,48.104786],[-118.231098,48.088285],[-118.234998,48.079085],[-118.233198,48.065285],[-118.238198,48.058184],[-118.245198,48.054684],[-118.264472,48.058277],[-118.267202,48.047059],[-118.275476,48.040567],[-118.3161,48.041648],[-118.339475,48.049761],[-118.358905,48.049427],[-118.402407,48.026382],[-118.375354,47.999882],[-118.370645,47.985569],[-118.34874,47.971782],[-118.356089,47.929317],[-118.339996,47.900178],[-118.349911,47.882572],[-118.34817,47.87488],[-118.355671,47.859814],[-118.357065,47.841599],[-118.36815,47.833],[-118.392659,47.830684],[-118.44582,47.845496],[-118.456165,47.854474],[-118.456978,47.874879],[-118.464235,47.881899],[-118.499243,47.873849],[-118.53922,47.877653],[-118.543977,47.888575],[-118.534588,47.901207],[-118.533498,47.914877],[-118.570396,47.932318],[-118.634285,47.929886],[-118.647371,47.925562],[-118.661953,47.937407],[-118.6926,47.94215],[-118.707625,47.933579],[-118.711682,47.903347],[-118.735477,47.900464],[-118.76989,47.912905],[-118.811877,47.920285],[-118.829403,47.933139],[-118.834857,47.95321],[-118.85196,47.957906],[-118.851673,47.963426],[-118.845785,47.963478],[-118.843888,48.481684],[-118.86953,48.481881],[-118.869633,48.653826]]]}},{"type":"Feature","properties":{"GEOID":"53009","NAME":"Clallam","state":"WA","wildfire_risk_score":39.726,"wildfire_eal_total":19506.22,"risk_band":"Low","source":"FEMA National Risk Index v1.20 (December 2025)"},"geometry":{"type":"MultiPolygon","coordinates":[[[[-124.602208,48.38693],[-124.599356,48.38551],[-124.592939,48.377933],[-124.599356,48.376827],[-124.602208,48.38693]]],[[[-124.652237,47.910033],[-124.645704,47.907375],[-124.645942,47.904189],[-124.65164,47.905282],[-124.652237,47.910033]]],[[[-124.732755385025,48.1653289476868],[-124.731746,48.169997],[-124.704153,48.184422],[-124.696111,48.198599],[-124.690389,48.219745],[-124.70592,48.239894],[-124.684677,48.255228],[-124.680794,48.277233],[-124.686347,48.287392],[-124.680889,48.297647],[-124.665908,48.299324],[-124.65894,48.331057],[-124.670072,48.341341],[-124.687682,48.338773],[-124.695994,48.344327],[-124.713817,48.366309],[-124.727022,48.371101],[-124.731828,48.381157],[-124.716947,48.389776],[-124.706462,48.386084],[-124.653243,48.390691],[-124.635721,48.388193],[-124.639389,48.385524],[-124.621698,48.367828],[-124.61029,48.366723],[-124.590733,48.373604],[-124.572864,48.366228],[-124.564841,48.367921],[-124.538821,48.349893],[-124.495064,48.336914],[-124.386917,48.285693],[-124.358538,48.28735],[-124.339043,48.27597],[-124.299146,48.268239],[-124.300205,48.261803],[-124.295886,48.25865],[-124.278892,48.254959],[-124.264849,48.254568],[-124.250882,48.264773],[-124.238582,48.262471],[-124.130691,48.220645],[-124.101773,48.216883],[-124.109993,48.203142],[-124.107747,48.200097],[-124.06195,48.187091],[-124.050734,48.177747],[-123.998535,48.17209],[-123.981032,48.164761],[-123.946136,48.166447],[-123.934921,48.16084],[-123.880068,48.160621],[-123.858821,48.154273],[-123.826707,48.161125],[-123.807157,48.154762],[-123.73893,48.160261],[-123.72997,48.1651],[-123.71835,48.158713],[-123.706226,48.1634],[-123.709459,48.167581],[-123.642695,48.154056],[-123.636967,48.150319],[-123.641108,48.146127],[-123.628819,48.139279],[-123.590839,48.134949],[-123.574214,48.140756],[-123.568539,48.147713],[-123.551131,48.151382],[-123.507235,48.131807],[-123.440128,48.142014],[-123.403352,48.141369],[-123.401526,48.137753],[-123.436865,48.139466],[-123.462059,48.134708],[-123.460157,48.12979],[-123.424668,48.118065],[-123.374352,48.114084],[-123.344645,48.117573],[-123.332699,48.11297],[-123.288265,48.121036],[-123.268917,48.116094],[-123.239129,48.118217],[-123.21719,48.127203],[-123.144783,48.175943],[-123.101892,48.184952],[-123.132417,48.174704],[-123.142142,48.157068],[-123.111764,48.148377],[-123.085154,48.127137],[-123.058922,48.113976],[-123.040578,48.084306],[-123.04603,48.082812],[-123.040864,48.062273],[-123.046755,48.057647],[-123.00707,48.023187],[-122.999818,48.022704],[-122.996116,48.027532],[-123.01042,48.054373],[-123.004124,48.063713],[-123.021585,48.078666],[-123.021548,48.084075],[-122.979413,48.09594],[-122.946119,48.098552],[-122.914982,48.094076],[-122.92475,48.080563],[-122.927672823873,48.0652978847518],[-122.94918,48.06515],[-122.949167,47.866822],[-123.505917,47.866897],[-123.505917,47.88108],[-124.610763100887,47.8806070165746],[-124.630153,47.892467],[-124.633107,47.90387],[-124.641426,47.907853],[-124.638808,47.919165],[-124.645442,47.935338],[-124.661628,47.946554],[-124.661866,47.954355],[-124.667523,47.958115],[-124.663767,47.963427],[-124.676178,47.967032],[-124.67174,47.967507],[-124.674595,47.973147],[-124.67083,47.982366],[-124.677982,47.992325],[-124.685393,48.049238],[-124.696542,48.069274],[-124.695114,48.087096],[-124.687101,48.098657],[-124.698499,48.119785],[-124.711382,48.125575],[-124.707317,48.131561],[-124.732755385025,48.1653289476868]]],[[[-124.744816,48.393244],[-124.737211,48.395611],[-124.732219,48.390876],[-124.74648,48.39135],[-124.744816,48.393244]]],[[[-124.754801,48.158851],[-124.751412,48.160563],[-124.745468,48.155539],[-124.748621,48.154882],[-124.754801,48.158851]]],[[[-124.762658,48.177242],[-124.755674,48.175564],[-124.755212,48.174194],[-124.76235,48.175598],[-124.762658,48.177242]]]]}},{"type":"Feature","properties":{"GEOID":"53047","NAME":"Okanogan","state":"WA","wildfire_risk_score":99.3,"wildfire_eal_total":19555443.73,"risk_band":"High","source":"FEMA National Risk Index v1.20 (December 2025)"},"geometry":{"type":"Polygon","coordinates":[[[-120.882064,48.977947],[-120.86405,48.980534],[-120.851215,48.99383],[-120.855251,48.997717],[-120.851560900318,49.0002800800193],[-118.836614034806,49.0003077591428],[-118.837006,48.653869],[-118.869633,48.653826],[-118.86953,48.481881],[-118.843888,48.481684],[-118.845785,47.963478],[-118.851673,47.963426],[-118.85196,47.957906],[-118.900627,47.947941],[-118.957051,47.940857],[-118.978101,47.945277],[-118.982754,47.949782],[-118.982431,47.969117],[-118.963918,47.985916],[-118.950782,48.018884],[-118.978857,48.036873],[-119.004725,48.044278],[-119.018794,48.069784],[-119.029537,48.114193],[-119.055848,48.136465],[-119.070085,48.140402],[-119.098325,48.137671],[-119.130963,48.151187],[-119.153728,48.144973],[-119.177023,48.128286],[-119.192322,48.128559],[-119.211656,48.116219],[-119.233006,48.113294],[-119.252553,48.102586],[-119.269423,48.104561],[-119.292075,48.114973],[-119.307295,48.111782],[-119.327521,48.096656],[-119.327934,48.070274],[-119.333111,48.056036],[-119.341229,48.049847],[-119.402233,48.050418],[-119.440732,48.078667],[-119.500994,48.082429],[-119.516111,48.074784],[-119.517571,48.062615],[-119.524131,48.057043],[-119.545807,48.049735],[-119.595103,48.020856],[-119.620724,47.996782],[-119.654819,48.001045],[-119.690796,48.024941],[-119.693712,48.032056],[-119.669696,48.071799],[-119.683716,48.093026],[-119.704845,48.082795],[-119.721932,48.082484],[-119.74062,48.1004],[-119.773439,48.104467],[-119.774596,48.091958],[-119.780828,48.086963],[-119.81093,48.086719],[-119.841206,48.077621],[-119.888565,48.056986],[-119.89535,48.050044],[-119.869204,48.018316],[-119.868765,48.000356],[-119.880445,47.986626],[-119.883911,47.974492],[-119.870595,47.960455],[-120.048646,47.960628],[-120.066319,47.966375],[-120.070239,47.968854],[-120.063785,47.981466],[-120.081053,47.993029],[-120.078224,47.999293],[-120.090176,48.018006],[-120.119529,48.027085],[-120.121789,48.032182],[-120.146391,48.037343],[-120.149009,48.052234],[-120.131697,48.055258],[-120.143075,48.064882],[-120.170261,48.069709],[-120.187694,48.078516],[-120.21306,48.079044],[-120.234187,48.088496],[-120.244466,48.101018],[-120.291913,48.12982],[-120.317867,48.124304],[-120.326959,48.129039],[-120.333825,48.138838],[-120.348578,48.144284],[-120.35429,48.155353],[-120.361288,48.157569],[-120.361004,48.172508],[-120.346284,48.199986],[-120.355542,48.218422],[-120.382901,48.219851],[-120.391412,48.228796],[-120.384952,48.233167],[-120.392289,48.242694],[-120.469124,48.26898],[-120.464486,48.274901],[-120.476346,48.278363],[-120.498826,48.295073],[-120.510287,48.311298],[-120.547201,48.306714],[-120.565254,48.317594],[-120.586816,48.320322],[-120.585672,48.339181],[-120.569719,48.348879],[-120.567665,48.356492],[-120.560206,48.361048],[-120.563192,48.370848],[-120.621101,48.398772],[-120.649933,48.398139],[-120.641653,48.411121],[-120.650253,48.414792],[-120.655235,48.430086],[-120.652775,48.437949],[-120.668818,48.449735],[-120.654769,48.453175],[-120.650832,48.46073],[-120.633344,48.468118],[-120.652578,48.478695],[-120.653236,48.485234],[-120.638478,48.496312],[-120.628407,48.497352],[-120.6572,48.50731],[-120.656637,48.521097],[-120.649014,48.526918],[-120.648991,48.532842],[-120.656001,48.537098],[-120.677478,48.530956],[-120.702069,48.531589],[-120.708676,48.541802],[-120.700496,48.559021],[-120.6881,48.562952],[-120.688515,48.575705],[-120.719212,48.596432],[-120.735226,48.580686],[-120.760458,48.582761],[-120.783659,48.601864],[-120.782115,48.612733],[-120.788307,48.625115],[-120.771692,48.642627],[-120.754256,48.647524],[-120.74978,48.659272],[-120.733079,48.666192],[-120.717333,48.664526],[-120.718663,48.674492],[-120.703432,48.696915],[-120.679972,48.694296],[-120.678195,48.717826],[-120.659768,48.719598],[-120.655857,48.724342],[-120.667917,48.73362],[-120.678163,48.735052],[-120.709918,48.771814],[-120.725523,48.77339],[-120.735427,48.786487],[-120.735345,48.803758],[-120.742055,48.811302],[-120.742399,48.822069],[-120.735284,48.831445],[-120.739724,48.843914],[-120.731351,48.855015],[-120.736055,48.858166],[-120.735281,48.864374],[-120.762342,48.873012],[-120.770223,48.881826],[-120.763124,48.888539],[-120.76621,48.893161],[-120.762704,48.899518],[-120.772132,48.906705],[-120.767881,48.911425],[-120.772052,48.926506],[-120.755257,48.932242],[-120.75742,48.944322],[-120.769946,48.955327],[-120.799258,48.959329],[-120.801046,48.953626],[-120.815098,48.950635],[-120.820094,48.941143],[-120.831784,48.938277],[-120.848979,48.955911],[-120.880747,48.966662],[-120.88564,48.975212],[-120.882064,48.977947]]]}},{"type":"Feature","properties":{"GEOID":"53061","NAME":"Snohomish","state":"WA","wildfire_risk_score":61.482,"wildfire_eal_total":119730.42,"risk_band":"Low","source":"FEMA National Risk Index v1.20 (December 2025)"},"geometry":{"type":"MultiPolygon","coordinates":[[[[-122.33164,48.020556],[-122.322362,48.021037],[-122.303455,48.005603],[-122.326115,48.010295],[-122.334524,48.018916],[-122.33164,48.020556]]],[[[-122.405473654783,48.2519780903618],[-122.397028,48.253178],[-122.387107,48.273701],[-122.367591,48.291724],[-122.378106,48.292666],[-122.372947738584,48.2976633065778],[-121.001658,48.296009],[-121.002501,48.28626],[-121.012094,48.279909],[-120.999917,48.262942],[-120.982491,48.251341],[-120.973137,48.235298],[-120.959848,48.227769],[-120.964769,48.211328],[-120.952306,48.209113],[-120.947026,48.201049],[-120.919271,48.190388],[-120.907425,48.163184],[-120.931944,48.16162],[-120.933216,48.156771],[-120.955566,48.151981],[-120.964417,48.142983],[-120.965216,48.133962],[-120.9471,48.113327],[-120.956161,48.108072],[-120.972481,48.108534],[-120.981311,48.094379],[-120.999362,48.089718],[-121.015942,48.074795],[-121.03012,48.078145],[-121.083045,48.061557],[-121.097029,48.064401],[-121.105197,48.057769],[-121.115976,48.057963],[-121.130519,48.04518],[-121.153225,48.04074],[-121.148581,48.030571],[-121.131099,48.021623],[-121.128509,48.01384],[-121.117934,48.006283],[-121.118183,47.997103],[-121.135938,47.982834],[-121.147141,47.981477],[-121.148446,47.970695],[-121.165089,47.95621],[-121.16218,47.944079],[-121.172786,47.933696],[-121.170487,47.924403],[-121.179513,47.918781],[-121.171369,47.912177],[-121.180776,47.898769],[-121.175355,47.885878],[-121.166796,47.879586],[-121.157285,47.882281],[-121.158264,47.876644],[-121.147229,47.857533],[-121.153512,47.845312],[-121.134343,47.843044],[-121.111886,47.82946],[-121.080222,47.834123],[-121.070871,47.830183],[-121.084699,47.807707],[-121.120312,47.784278],[-121.119179,47.779933],[-121.991775,47.775349],[-122.395203333214,47.777921766004],[-122.391336,47.792415],[-122.395637,47.806808],[-122.33595,47.852306],[-122.329545,47.869418],[-122.333543,47.880246],[-122.328546,47.897917],[-122.310747,47.925117],[-122.307048,47.949117],[-122.249007,47.959507],[-122.230046,47.970917],[-122.228265,47.975097],[-122.233679,47.981573],[-122.229678,47.988471],[-122.231104,48.008749],[-122.225859,48.018345],[-122.218982,48.020276],[-122.22742,48.030927],[-122.238237,48.030585],[-122.289857,48.052426],[-122.289483,48.055454],[-122.274934,48.050425],[-122.272149,48.053704],[-122.280005,48.063067],[-122.293432,48.0619],[-122.301001,48.071332],[-122.321419,48.080991],[-122.326119,48.092877],[-122.343241,48.097631],[-122.347728,48.110692],[-122.361649,48.120176],[-122.363551,48.133343],[-122.367829,48.13493],[-122.363797,48.142759],[-122.370253,48.164809],[-122.35747,48.182285],[-122.370275,48.190941],[-122.371224,48.219705],[-122.394677705179,48.229867488358],[-122.392977,48.23743],[-122.405473654783,48.2519780903618]]]]}},{"type":"Feature","properties":{"GEOID":"53075","NAME":"Whitman","state":"WA","wildfire_risk_score":68.257,"wildfire_eal_total":178893.36,"risk_band":"Moderate","source":"FEMA National Risk Index v1.20 (December 2025)"},"geometry":{"type":"Polygon","coordinates":[[[-118.249122,46.734138],[-118.205471,46.739714],[-118.189921,46.751467],[-118.16305,46.746539],[-118.155046,46.753377],[-118.15607,46.759353],[-118.126095,46.761389],[-118.0954,46.778986],[-118.047978,46.768224],[-118.041873,46.771157],[-118.035861,46.785017],[-118.025751,46.787833],[-118.019841,46.782998],[-118.014598,46.786577],[-118.019326,46.81481],[-117.997524,46.822544],[-117.991682,46.837555],[-118.003392,46.838813],[-118.004744,46.847475],[-117.987113,46.862028],[-117.970907,46.867216],[-117.967099,46.914831],[-117.959335,46.914811],[-117.96093,47.260568],[-117.040019,47.259272],[-117.03981207463,46.4259041232579],[-117.057915,46.429733],[-117.08946,46.416779],[-117.144464,46.430221],[-117.189702,46.420473],[-117.210706,46.424787],[-117.214506,46.432238],[-117.205792,46.447486],[-117.23789,46.470056],[-117.238765,46.481187],[-117.231337,46.500584],[-117.253528,46.544258],[-117.301369,46.577488],[-117.346007,46.585551],[-117.359074,46.602268],[-117.386215,46.618885],[-117.386176,46.649702],[-117.432739,46.659453],[-117.448346,46.674865],[-117.454374,46.691532],[-117.464769,46.699626],[-117.490004,46.695375],[-117.500647,46.682053],[-117.514417,46.677285],[-117.549625,46.680299],[-117.597792,46.672543],[-117.620608,46.676122],[-117.645358,46.69843],[-117.657925,46.701978],[-117.684276,46.703103],[-117.740868,46.694583],[-117.756169,46.684386],[-117.766922,46.652564],[-117.789967,46.63103],[-117.809183,46.623609],[-117.866446,46.621173],[-117.878246,46.608872],[-117.881857,46.592193],[-117.887623,46.586321],[-117.909049,46.584771],[-117.953453,46.59207],[-118.012109,46.587928],[-118.069095,46.574675],[-118.092895,46.574529],[-118.11387,46.557358],[-118.161805,46.55472],[-118.178843,46.560535],[-118.21566,46.588924],[-118.208275,46.609718],[-118.198397,46.610544],[-118.198301,46.62196],[-118.215411,46.632098],[-118.214641,46.638689],[-118.230732,46.656437],[-118.217515,46.679145],[-118.249122,46.734138]]]}},{"type":"Feature","properties":{"GEOID":"53015","NAME":"Cowlitz","state":"WA","wildfire_risk_score":61.291,"wildfire_eal_total":93771.33,"risk_band":"Low","source":"FEMA National Risk Index v1.20 (December 2025)"},"geometry":{"type":"Polygon","coordinates":[[[-123.218309,46.369735],[-123.21795,46.385617],[-123.114228,46.388043],[-122.239481,46.385419],[-122.242008,46.21162],[-122.245463,46.211328],[-122.246677,46.200575],[-122.245856,46.053853],[-122.272974,46.059404],[-122.294443,46.049191],[-122.294708,46.037973],[-122.311711,46.028794],[-122.317469,46.012659],[-122.328768,46.010811],[-122.325003,45.999832],[-122.3148,45.990829],[-122.325286,45.982726],[-122.324381,45.976145],[-122.332663,45.965064],[-122.343478,45.959548],[-122.37515,45.960132],[-122.398515,45.972496],[-122.422405,45.977387],[-122.442208,45.975849],[-122.452436,45.984955],[-122.477104,45.988089],[-122.485917,45.983289],[-122.497484,45.986977],[-122.496959,45.980747],[-122.506397,45.980326],[-122.510669,45.984935],[-122.534496,45.979217],[-122.532755,45.972839],[-122.54687,45.966961],[-122.55842,45.953019],[-122.580265,45.954672],[-122.615375,45.935677],[-122.643825,45.937854],[-122.656382,45.927958],[-122.669259,45.936991],[-122.693482,45.94142],[-122.694882,45.937705],[-122.687997,45.932109],[-122.690871,45.928168],[-122.719712,45.933256],[-122.718759,45.92477],[-122.723821,45.917653],[-122.740128,45.914754],[-122.737661,45.901886],[-122.749446,45.896269],[-122.744522,45.892636],[-122.733144,45.895249],[-122.734197,45.885759],[-122.720727,45.867134],[-122.743205,45.870121],[-122.785515,45.850536],[-122.785026,45.867699],[-122.81151,45.912725],[-122.806193,45.932416],[-122.813998,45.960984],[-122.837638,45.98082],[-122.856158,46.014469],[-122.878092,46.031281],[-122.884478,46.06028],[-122.904119,46.083734],[-122.962681,46.104817],[-123.004233,46.133823],[-123.041297,46.146351],[-123.115904,46.185268],[-123.166414,46.188973],[-123.213054,46.172541],[-123.218309,46.369735]]]}},{"type":"Feature","properties":{"GEOID":"53073","NAME":"Whatcom","state":"WA","wildfire_risk_score":61.673,"wildfire_eal_total":109559.14,"risk_band":"Moderate","source":"FEMA National Risk Index v1.20 (December 2025)"},"geometry":{"type":"MultiPolygon","coordinates":[[[[-122.593346,48.651424],[-122.583824,48.659988],[-122.577637,48.647617],[-122.583824,48.645237],[-122.581924,48.648094],[-122.593346,48.651424]]],[[[-122.650446,48.712299],[-122.620023,48.706809],[-122.614125,48.715105],[-122.605906,48.699732],[-122.6224,48.693946],[-122.650446,48.712299]]],[[[-122.722262,48.731624],[-122.715709,48.748672],[-122.687524,48.734721],[-122.690235,48.73083],[-122.681669,48.723795],[-122.681107,48.716376],[-122.668034,48.708691],[-122.665182,48.697398],[-122.644901,48.691389],[-122.618225,48.670721],[-122.608572,48.640448],[-122.635299,48.651846],[-122.673538,48.680809],[-122.691795,48.711498],[-122.702223,48.717004],[-122.718833,48.716818],[-122.722262,48.731624]]],[[[-122.822464,48.944911],[-122.817226,48.95597],[-122.796887,48.975026],[-122.774276,48.991038],[-122.754443,48.997246],[-122.75802,49.002357],[-122.098357,49.002146],[-121.751252,48.997399],[-120.851560900318,49.0002800800193],[-120.855251,48.997717],[-120.851215,48.99383],[-120.86405,48.980534],[-120.88564,48.975212],[-120.880747,48.966662],[-120.848979,48.955911],[-120.831784,48.938277],[-120.820094,48.941143],[-120.815098,48.950635],[-120.801046,48.953626],[-120.799258,48.959329],[-120.769946,48.955327],[-120.755593,48.941844],[-120.755257,48.932242],[-120.772052,48.926506],[-120.767881,48.911425],[-120.772132,48.906705],[-120.762704,48.899518],[-120.76621,48.893161],[-120.763124,48.888539],[-120.770223,48.881826],[-120.762342,48.873012],[-120.735281,48.864374],[-120.736055,48.858166],[-120.731351,48.855015],[-120.739724,48.843914],[-120.735284,48.831445],[-120.742399,48.822069],[-120.742055,48.811302],[-120.735345,48.803758],[-120.735427,48.786487],[-120.725523,48.77339],[-120.709918,48.771814],[-120.678163,48.735052],[-120.667917,48.73362],[-120.655857,48.724342],[-120.659768,48.719598],[-120.678195,48.717826],[-120.679972,48.694296],[-120.703432,48.696915],[-120.718663,48.674492],[-120.717333,48.664526],[-120.733079,48.666192],[-120.751904,48.657002],[-120.908357,48.657003],[-120.908358,48.640901],[-122.48879395393,48.6454048731161],[-122.511449,48.66782],[-122.503322,48.665698],[-122.49025,48.671192],[-122.49738,48.700692],[-122.508076,48.698809],[-122.507178,48.689925],[-122.519247,48.71716],[-122.507601,48.721708],[-122.491201,48.742401],[-122.494528,48.745536],[-122.490401,48.751128],[-122.512354,48.757132],[-122.514152,48.763196],[-122.535803,48.776128],[-122.563498,48.778526],[-122.608139,48.762773],[-122.651872,48.715906],[-122.674808,48.737385],[-122.647443,48.773998],[-122.646777,48.785011],[-122.665307,48.788568],[-122.680246,48.80275],[-122.694078,48.800727],[-122.700321,48.804779],[-122.706835,48.802336],[-122.699687,48.789701],[-122.710273,48.787018],[-122.709169,48.817829],[-122.717073,48.84719],[-122.747301,48.861536],[-122.793175,48.892927],[-122.751289,48.911239],[-122.745371,48.921227],[-122.749202,48.934818],[-122.770432,48.942528],[-122.793156,48.932298],[-122.818232,48.939062],[-122.822464,48.944911]]],[[[-123.090546,49.001976],[-123.035393,49.002154],[-123.021459,48.977299],[-123.084006,48.971455],[-123.090546,49.001976]]]]}},{"type":"Feature","properties":{"GEOID":"53063","NAME":"Spokane","state":"WA","wildfire_risk_score":96.565,"wildfire_eal_total":7006312.06,"risk_band":"High","source":"FEMA National Risk Index v1.20 (December 2025)"},"geometry":{"type":"Polygon","coordinates":[[[-117.822963,47.409427],[-117.820947,47.825775],[-117.806,47.812228],[-117.792351,47.811025],[-117.777536,47.828244],[-117.765457,47.831813],[-117.753012,47.826822],[-117.742659,47.830502],[-117.697774,47.856278],[-117.701794,47.865116],[-117.694396,47.881005],[-117.675207,47.889099],[-117.666511,47.880439],[-117.66371,47.848584],[-117.651932,47.835255],[-117.632509,47.835124],[-117.62002,47.828314],[-117.615013,47.817779],[-117.586519,47.794862],[-117.575802,47.793522],[-117.567837,47.800665],[-117.555521,47.801699],[-117.5338,47.795181],[-117.537069,48.047865],[-117.041676826568,48.0454642716004],[-117.040019,47.259272],[-117.823629,47.26022],[-117.822963,47.409427]]]}},{"type":"Feature","properties":{"GEOID":"53013","NAME":"Columbia","state":"WA","wildfire_risk_score":73.346,"wildfire_eal_total":203711.85,"risk_band":"Moderate","source":"FEMA National Risk Index v1.20 (December 2025)"},"geometry":{"type":"Polygon","coordinates":[[[-118.241519,46.560424],[-118.228013,46.560413],[-118.228635,46.593362],[-118.211103,46.587592],[-118.178843,46.560535],[-118.161805,46.55472],[-118.11387,46.557358],[-118.092895,46.574529],[-118.069095,46.574675],[-118.012109,46.587928],[-117.953453,46.59207],[-117.891862,46.585382],[-117.883105,46.589839],[-117.874046,46.615572],[-117.85185,46.62467],[-117.853168,46.560191],[-117.861593,46.560227],[-117.863347,46.470667],[-117.737303,46.471454],[-117.737422,46.441995],[-117.716629,46.441796],[-117.71645,46.397608],[-117.695085,46.397679],[-117.694942,46.383254],[-117.673946,46.383284],[-117.674946,46.337651],[-117.611903,46.338478],[-117.612603,46.121323],[-117.603296,46.121313],[-117.60342451872,45.9988892323573],[-117.99694971271,46.0007868487855],[-117.99215,46.038272],[-117.991481,46.207702],[-118.116624,46.20805],[-118.116117,46.295455],[-118.241852,46.295064],[-118.241519,46.560424]]]}},{"type":"Feature","properties":{"GEOID":"53059","NAME":"Skamania","state":"WA","wildfire_risk_score":93.925,"wildfire_eal_total":3256971.5,"risk_band":"High","source":"FEMA National Risk Index v1.20 (December 2025)"},"geometry":{"type":"Polygon","coordinates":[[[-122.250136,45.765819],[-122.249798,45.866633],[-122.244515,45.866561],[-122.246677,46.200575],[-122.245463,46.211328],[-122.242008,46.21162],[-122.24099,46.385864],[-121.522324,46.388627],[-121.522321,46.044006],[-121.612232,46.044093],[-121.612558,45.898865],[-121.612502,45.870415],[-121.608618,45.870357],[-121.609246,45.782519],[-121.51438,45.782114],[-121.538083,45.770929],[-121.53678,45.760635],[-121.521631,45.748239],[-121.523685853632,45.7249021020319],[-121.533106,45.726541],[-121.631167,45.704657],[-121.668362,45.705082],[-121.707358,45.694809],[-121.735104,45.694039],[-121.811304,45.706761],[-121.867167,45.693277],[-121.901855,45.670716],[-121.900858,45.662009],[-121.908267,45.654399],[-121.935149,45.644169],[-121.955734,45.643559],[-121.963547,45.632784],[-121.983038,45.622812],[-122.044374,45.609516],[-122.101675,45.583516],[-122.14075,45.584508],[-122.183695,45.577696],[-122.2017,45.564141],[-122.248911947664,45.5477731000169],[-122.250136,45.765819]]]}},{"type":"Feature","properties":{"GEOID":"53003","NAME":"Asotin","state":"WA","wildfire_risk_score":89.377,"wildfire_eal_total":982372.35,"risk_band":"High","source":"FEMA National Risk Index v1.20 (December 2025)"},"geometry":{"type":"Polygon","coordinates":[[[-117.479988,46.121994],[-117.419482,46.121956],[-117.419334,46.383139],[-117.398341,46.383457],[-117.398429,46.397996],[-117.355764,46.397645],[-117.355982,46.412187],[-117.228796,46.411306],[-117.22812,46.462245],[-117.206532,46.448874],[-117.214487,46.430372],[-117.19986,46.420177],[-117.151591,46.430561],[-117.08946,46.416779],[-117.067537,46.426993],[-117.048323,46.42915],[-117.036562,46.422596],[-117.035545,46.410012],[-117.046915,46.379577],[-117.062785,46.365287],[-117.06263,46.352522],[-117.055983,46.345531],[-117.023844,46.335976],[-117.020663,46.314793],[-116.986688,46.296662],[-116.98491,46.289738],[-116.991134,46.276342],[-116.966742,46.256923],[-116.955264,46.23088],[-116.965841,46.203417],[-116.92187,46.167808],[-116.922648,46.160744],[-116.93438,46.154229],[-116.935833,46.135684],[-116.950276,46.123464],[-116.955263,46.102237],[-116.976957,46.09667],[-116.982479,46.089389],[-116.978938,46.080007],[-116.957372,46.075449],[-116.942656,46.061],[-116.943469,46.054415],[-116.931706,46.039651],[-116.929849,46.023583],[-116.923005,46.018293],[-116.915989,45.995413],[-117.479935132756,45.9978694691105],[-117.479988,46.121994]]]}},{"type":"Feature","properties":{"GEOID":"53023","NAME":"Garfield","state":"WA","wildfire_risk_score":69.211,"wildfire_eal_total":194871.1,"risk_band":"Moderate","source":"FEMA National Risk Index v1.20 (December 2025)"},"geometry":{"type":"Polygon","coordinates":[[[-117.861593,46.560227],[-117.853168,46.560191],[-117.85185,46.62467],[-117.819892,46.622241],[-117.792297,46.629518],[-117.772468,46.64538],[-117.756169,46.684386],[-117.740868,46.694583],[-117.684276,46.703103],[-117.657925,46.701978],[-117.645358,46.69843],[-117.620608,46.676122],[-117.597792,46.672543],[-117.549625,46.680299],[-117.514417,46.677285],[-117.500647,46.682053],[-117.490004,46.695375],[-117.475585,46.700356],[-117.460134,46.697068],[-117.445269,46.670374],[-117.432739,46.659453],[-117.386176,46.649702],[-117.386215,46.618885],[-117.359074,46.602268],[-117.346007,46.585551],[-117.301369,46.577488],[-117.253528,46.544258],[-117.231337,46.500584],[-117.239292,46.477131],[-117.236997,46.468309],[-117.22812,46.462245],[-117.228796,46.411306],[-117.355982,46.412187],[-117.355764,46.397645],[-117.398429,46.397996],[-117.398341,46.383457],[-117.419334,46.383139],[-117.419482,46.121956],[-117.479988,46.121994],[-117.479935132756,45.9978694691105],[-117.60342451872,45.9988892323573],[-117.603296,46.121313],[-117.612603,46.121323],[-117.611903,46.338478],[-117.674946,46.337651],[-117.673946,46.383284],[-117.694942,46.383254],[-117.695085,46.397679],[-117.71645,46.397608],[-117.716629,46.441796],[-117.737422,46.441995],[-117.737303,46.471454],[-117.863347,46.470667],[-117.861593,46.560227]]]}},{"type":"Feature","properties":{"GEOID":"53001","NAME":"Adams","state":"WA","wildfire_risk_score":85.21,"wildfire_eal_total":649538.25,"risk_band":"Moderate","source":"FEMA National Risk Index v1.20 (December 2025)"},"geometry":{"type":"Polygon","coordinates":[[[-119.369377,46.795591],[-119.368662,46.912562],[-118.982652,46.911344],[-118.979777,47.261709],[-117.96093,47.260568],[-117.959335,46.914811],[-117.967099,46.914831],[-117.970907,46.867216],[-117.987113,46.862028],[-118.004744,46.847475],[-118.003392,46.838813],[-117.991682,46.837555],[-117.997524,46.822544],[-118.019326,46.81481],[-118.012442,46.79078],[-118.015567,46.784873],[-118.035861,46.785017],[-118.044438,46.769164],[-118.0954,46.778986],[-118.126095,46.761389],[-118.15607,46.759353],[-118.155046,46.753377],[-118.161482,46.747082],[-118.189921,46.751467],[-118.210243,46.738833],[-119.369429,46.737695],[-119.369377,46.795591]]]}},{"type":"Feature","properties":{"GEOID":"53043","NAME":"Lincoln","state":"WA","wildfire_risk_score":96.66,"wildfire_eal_total":4803949.28,"risk_band":"High","source":"FEMA National Risk Index v1.20 (December 2025)"},"geometry":{"type":"Polygon","coordinates":[[[-118.978798,47.36316],[-118.973504,47.943414],[-118.950712,47.941303],[-118.846686,47.957697],[-118.834857,47.95321],[-118.829403,47.933139],[-118.811877,47.920285],[-118.730325,47.900169],[-118.711682,47.903347],[-118.707625,47.933579],[-118.6926,47.94215],[-118.661953,47.937407],[-118.647371,47.925562],[-118.634285,47.929886],[-118.570396,47.932318],[-118.533498,47.914877],[-118.534588,47.901207],[-118.543977,47.888575],[-118.53922,47.877653],[-118.499243,47.873849],[-118.464235,47.881899],[-118.456978,47.874879],[-118.456165,47.854474],[-118.44582,47.845496],[-118.416493,47.835015],[-118.383451,47.830363],[-118.36815,47.833],[-118.357065,47.841599],[-118.355671,47.859814],[-118.34817,47.87488],[-118.349911,47.882572],[-118.340938,47.894316],[-118.321711,47.896289],[-118.315636,47.909975],[-118.269999,47.933716],[-118.260867,47.934166],[-118.251093,47.942878],[-118.23285,47.939981],[-118.210614,47.94523],[-118.200031,47.928384],[-118.190236,47.926274],[-118.17731,47.911774],[-118.178509,47.901986],[-118.166825,47.902767],[-118.160206,47.89721],[-118.160586,47.885102],[-118.143769,47.884711],[-118.122895,47.857271],[-118.119245,47.833518],[-118.097131,47.828449],[-118.099259,47.823624],[-118.078182,47.800062],[-118.053761,47.798806],[-118.048153,47.792295],[-118.035954,47.802716],[-118.013403,47.805582],[-118.004212,47.823248],[-117.989057,47.834682],[-117.932249,47.82358],[-117.912904,47.835218],[-117.886306,47.838335],[-117.880451,47.847739],[-117.839958,47.83804],[-117.820947,47.825775],[-117.823629,47.26022],[-118.979777,47.261709],[-118.978798,47.36316]]]}},{"type":"Feature","properties":{"GEOID":"53039","NAME":"Klickitat","state":"WA","wildfire_risk_score":98.41,"wildfire_eal_total":13828709.06,"risk_band":"High","source":"FEMA National Risk Index v1.20 (December 2025)"},"geometry":{"type":"Polygon","coordinates":[[[-121.612558,45.898865],[-121.612232,46.044093],[-119.865829,46.040858],[-119.868272037091,45.8359407146783],[-119.907461,45.828135],[-119.965744,45.824365],[-120.07015,45.785152],[-120.141352,45.773152],[-120.170453,45.761951],[-120.210754,45.725951],[-120.282156,45.72125],[-120.40396,45.699249],[-120.482362,45.694449],[-120.505863,45.700048],[-120.559465,45.738348],[-120.591166,45.746547],[-120.634968,45.745847],[-120.68937,45.715847],[-120.855674,45.671545],[-120.895575,45.642945],[-120.913476,45.640045],[-120.943977,45.656445],[-120.983478,45.648344],[-121.007449,45.653217],[-121.06437,45.652549],[-121.084933,45.647893],[-121.120064,45.623134],[-121.117052,45.618117],[-121.145534,45.607886],[-121.183841,45.606441],[-121.196556,45.616689],[-121.200367,45.649829],[-121.215779,45.671238],[-121.287323,45.687019],[-121.312198,45.699925],[-121.33777,45.704949],[-121.372574,45.703111],[-121.401739,45.692887],[-121.423592,45.69399],[-121.462849,45.701367],[-121.499153,45.720846],[-121.523685853632,45.7249021020319],[-121.521631,45.748239],[-121.53678,45.760635],[-121.538083,45.770929],[-121.51438,45.782114],[-121.609246,45.782519],[-121.608618,45.870357],[-121.612502,45.870415],[-121.612558,45.898865]]]}},{"type":"Feature","properties":{"GEOID":"53051","NAME":"Pend Oreille","state":"WA","wildfire_risk_score":76.877,"wildfire_eal_total":300824.18,"risk_band":"Moderate","source":"FEMA National Risk Index v1.20 (December 2025)"},"geometry":{"type":"Polygon","coordinates":[[[-117.629421,48.742634],[-117.563811,48.742961],[-117.563858,48.836671],[-117.498496,48.8369],[-117.498957,48.923159],[-117.430377,48.923168],[-117.429968,49.0003644833648],[-117.032351,48.999188],[-117.035178,48.370878],[-117.041676826568,48.0454642716004],[-117.436993,48.047207],[-117.437629,48.134688],[-117.502371,48.134708],[-117.499975,48.656187],[-117.629241,48.655852],[-117.629421,48.742634]]]}},{"type":"Feature","properties":{"GEOID":"53077","NAME":"Yakima","state":"WA","wildfire_risk_score":98.919,"wildfire_eal_total":18820984.15,"risk_band":"High","source":"FEMA National Risk Index v1.20 (December 2025)"},"geometry":{"type":"Polygon","coordinates":[[[-121.520284,46.879177],[-121.513265,46.884805],[-121.510443,46.896611],[-121.496986,46.908342],[-121.456831,46.923146],[-121.449464,46.934353],[-121.452632,46.955712],[-121.45838,46.96057],[-121.441939,46.973751],[-121.445841,46.980224],[-121.420912,46.988577],[-121.406457,46.998744],[-121.4094,47.004063],[-121.406193,47.012176],[-121.39474,47.023271],[-121.399801,47.033464],[-121.374115,47.057005],[-121.37539,47.073279],[-121.383309,47.084795],[-121.379682,47.087495],[-121.359236,47.07074],[-121.347136,47.078739],[-121.318475,47.075563],[-121.301375,47.085188],[-121.280716,47.088731],[-121.218118,47.064958],[-121.212561,47.055574],[-121.194354,47.044002],[-121.181731,47.044374],[-121.165569,47.035496],[-121.135765,47.017233],[-121.123477,46.998969],[-121.090054,46.991007],[-121.089957,46.969295],[-121.06885,46.958465],[-121.068815,46.947576],[-121.058263,46.943904],[-121.058261,46.936691],[-121.052972,46.936673],[-121.052987,46.933025],[-121.042463,46.933021],[-121.042442,46.92214],[-121.031857,46.918534],[-121.02662,46.911308],[-120.634562,46.91213],[-120.633981,46.825776],[-120.508605,46.824862],[-120.51,46.737946],[-119.973036,46.737126],[-119.972706,46.723239],[-119.944218,46.673242],[-119.917301,46.655423],[-119.901483,46.635602],[-119.894768,46.632331],[-119.881548,46.630631],[-119.874042,46.628283],[-119.873562,46.214605],[-119.866537,46.214577],[-119.865829,46.040858],[-121.522321,46.044006],[-121.522324,46.388224],[-121.456542,46.388627],[-121.447235,46.384729],[-121.445709,46.38802],[-121.393759,46.39004],[-121.386557,46.410601],[-121.407298,46.429903],[-121.414644,46.451424],[-121.412381,46.459805],[-121.425371,46.464085],[-121.43657,46.478213],[-121.423242,46.492743],[-121.45014,46.503526],[-121.455981,46.516728],[-121.450966,46.533894],[-121.427438,46.539999],[-121.416646,46.54824],[-121.420834,46.551264],[-121.41271,46.558668],[-121.424601,46.57001],[-121.405711,46.582344],[-121.402321,46.594258],[-121.407128,46.602859],[-121.386818,46.620832],[-121.389602,46.628737],[-121.386383,46.636041],[-121.397979,46.641794],[-121.395189,46.645825],[-121.416519,46.651923],[-121.411532,46.665641],[-121.413217,46.675868],[-121.398949,46.68808],[-121.37668,46.686486],[-121.374495,46.692868],[-121.379784,46.701764],[-121.353182,46.71195],[-121.368838,46.726169],[-121.406014,46.727394],[-121.412434,46.735559],[-121.430734,46.740608],[-121.424281,46.756629],[-121.44151,46.758264],[-121.438645,46.762561],[-121.455027,46.780602],[-121.453834,46.788179],[-121.442526,46.792988],[-121.455018,46.802051],[-121.458191,46.811976],[-121.474376,46.820394],[-121.470172,46.826404],[-121.484197,46.834274],[-121.497345,46.862866],[-121.52307,46.872783],[-121.520284,46.879177]]]}},{"type":"Feature","properties":{"GEOID":"53069","NAME":"Wahkiakum","state":"WA","wildfire_risk_score":12.214,"wildfire_eal_total":3437.1,"risk_band":"Low","source":"FEMA National Risk Index v1.20 (December 2025)"},"geometry":{"type":"Polygon","coordinates":[[[-123.727799,46.307545],[-123.726557,46.384872],[-123.21795,46.385617],[-123.213054,46.172541],[-123.280166,46.144843],[-123.371433,46.146372],[-123.430987,46.181571],[-123.427629,46.229348],[-123.447592,46.249832],[-123.474844,46.267831],[-123.501245,46.271004],[-123.547659,46.259109],[-123.547636,46.265595],[-123.613544,46.259988],[-123.669501,46.266832],[-123.679125,46.272502],[-123.680574,46.296025],[-123.700729,46.304603],[-123.724273,46.301161],[-123.727895566158,46.289685234115],[-123.727799,46.307545]]]}},{"type":"Feature","properties":{"GEOID":"53021","NAME":"Franklin","state":"WA","wildfire_risk_score":84.606,"wildfire_eal_total":698337.07,"risk_band":"Moderate","source":"FEMA National Risk Index v1.20 (December 2025)"},"geometry":{"type":"Polygon","coordinates":[[[-119.456993,46.67623],[-119.369165,46.678179],[-119.369429,46.737695],[-118.210243,46.738833],[-118.233497,46.733866],[-118.240335,46.738017],[-118.249203,46.732579],[-118.217515,46.679145],[-118.230732,46.656437],[-118.214641,46.638689],[-118.215411,46.632098],[-118.199796,46.624186],[-118.198264,46.61172],[-118.200083,46.607597],[-118.208275,46.609718],[-118.21566,46.588924],[-118.244257,46.600732],[-118.283393,46.59371],[-118.314076,46.606717],[-118.361717,46.598014],[-118.389726,46.580602],[-118.423181,46.583744],[-118.462363,46.598646],[-118.475932,46.595142],[-118.49652,46.575534],[-118.527994,46.567664],[-118.548011,46.555929],[-118.565397,46.534962],[-118.588209,46.528696],[-118.615592,46.504543],[-118.620669,46.488551],[-118.618991,46.474362],[-118.63195,46.454315],[-118.638033,46.433415],[-118.634412,46.412586],[-118.658126,46.404374],[-118.674543,46.385246],[-118.69117,46.381099],[-118.7009,46.360037],[-118.746199,46.359512],[-118.757402,46.343328],[-118.761858,46.325513],[-118.773744,46.318049],[-118.766619,46.30358],[-118.769507,46.293998],[-118.827096,46.283381],[-118.863464,46.251389],[-118.976491,46.237553],[-119.023453,46.216616],[-119.041498,46.192667],[-119.11982,46.223301],[-119.203363,46.235341],[-119.238231,46.262084],[-119.265854,46.273988],[-119.266261,46.287485],[-119.250226,46.314754],[-119.256932,46.345408],[-119.269368,46.370295],[-119.259141,46.433647],[-119.264058,46.478702],[-119.258433,46.489465],[-119.269042,46.51917],[-119.305233,46.539361],[-119.32975,46.565277],[-119.367361,46.582656],[-119.405294,46.616039],[-119.407412,46.642473],[-119.413046,46.652631],[-119.447935,46.666626],[-119.456993,46.67623]]]}}]}