{"type":"FeatureCollection","metadata":{"state":"WV","boundary_source":"U.S. Census Bureau 2024 Cartographic Boundary File (counties, 1:500,000)","risk_source":"FEMA National Risk Index v1.20 (December 2025)"},"features":[{"type":"Feature","properties":{"GEOID":"54047","NAME":"McDowell","state":"WV","wildfire_risk_score":69.307,"wildfire_eal_total":93679.9,"risk_band":"High","source":"FEMA National Risk Index v1.20 (December 2025)"},"geometry":{"type":"Polygon","coordinates":[[[-81.996578,37.476705],[-81.989849,37.484879],[-81.977593,37.484603],[-81.964986,37.493488],[-81.953264,37.491763],[-81.953147,37.501314],[-81.943912,37.502929],[-81.941151,37.509483],[-81.922628,37.511914],[-81.90945,37.527005],[-81.893511,37.525254],[-81.88605,37.536744],[-81.869139,37.53811],[-81.855939,37.54891],[-81.843638,37.54901],[-81.834638,37.536109],[-81.824637,37.533809],[-81.823537,37.52211],[-81.829037,37.51371],[-81.817937,37.50661],[-81.795235,37.50971],[-81.793536,37.503911],[-81.780422,37.501096],[-81.776154,37.505128],[-81.763028,37.502643],[-81.752153,37.506611],[-81.736691,37.495831],[-81.707419,37.495277],[-81.701832,37.501711],[-81.684932,37.505712],[-81.688832,37.513611],[-81.682332,37.517511],[-81.671732,37.516512],[-81.654431,37.523312],[-81.646631,37.513412],[-81.64113,37.515412],[-81.63273,37.510612],[-81.62903,37.511512],[-81.63043,37.516012],[-81.61753,37.521312],[-81.612929,37.510612],[-81.603429,37.508912],[-81.607629,37.502412],[-81.59588,37.490721],[-81.587527,37.494529],[-81.582876,37.487309],[-81.575079,37.490849],[-81.569609,37.487319],[-81.55345,37.491805],[-81.53461,37.485346],[-81.527006,37.475619],[-81.520106,37.478347],[-81.499064,37.473728],[-81.491417,37.481044],[-81.480315,37.47918],[-81.465845,37.484703],[-81.450215,37.476211],[-81.455138,37.466207],[-81.439736,37.458938],[-81.431653,37.448798],[-81.426122,37.461284],[-81.416542,37.455691],[-81.398268,37.464479],[-81.392997,37.459824],[-81.385375,37.461287],[-81.374499,37.443371],[-81.346199,37.433531],[-81.330143,37.435406],[-81.311201,37.424509],[-81.362156,37.337687],[-81.369379,37.331827],[-81.37261,37.320195],[-81.394287,37.316411],[-81.396817,37.304498],[-81.40506,37.298794],[-81.416663,37.273214],[-81.447655,37.272245],[-81.480144,37.251121],[-81.492287,37.25096],[-81.498874,37.258025],[-81.507325,37.2338],[-81.544437,37.220761],[-81.556119,37.207413],[-81.67821,37.201483],[-81.683544,37.211452],[-81.695113,37.21357],[-81.71573,37.228771],[-81.723061,37.240493],[-81.738543,37.238264],[-81.744003,37.242528],[-81.740974,37.254052],[-81.757631,37.274003],[-81.774684,37.274807],[-81.789294,37.284416],[-81.793425,37.281674],[-81.803275,37.285916],[-81.825065,37.279536],[-81.83447,37.281763],[-81.834432,37.285416],[-81.853551,37.287701],[-81.85446,37.30657],[-81.859624,37.304765],[-81.865683,37.309484],[-81.860267,37.315715],[-81.878713,37.331753],[-81.893773,37.330105],[-81.899495,37.341102],[-81.916678,37.349346],[-81.933382,37.369341],[-81.93106,37.375466],[-81.936744,37.38073],[-81.928778,37.393845],[-81.930042,37.405291],[-81.923481,37.411379],[-81.93695,37.41992],[-81.940553,37.429058],[-81.935621,37.438397],[-81.957427,37.449051],[-81.970383,37.447688],[-81.968795,37.451496],[-81.976176,37.457186],[-81.987006,37.454878],[-81.996578,37.476705]]]}},{"type":"Feature","properties":{"GEOID":"54099","NAME":"Wayne","state":"WV","wildfire_risk_score":76.081,"wildfire_eal_total":214260.14,"risk_band":"High","source":"FEMA National Risk Index v1.20 (December 2025)"},"geometry":{"type":"Polygon","coordinates":[[[-82.6431981036679,38.1690897960737],[-82.611343,38.171548],[-82.599326,38.197231],[-82.598437,38.217393],[-82.608944,38.22366],[-82.61226,38.236087],[-82.605333,38.247303],[-82.584001,38.246371],[-82.574656,38.263873],[-82.583056,38.296829],[-82.571756,38.317195],[-82.576496,38.328123],[-82.597979,38.344909],[-82.592815,38.377606],[-82.599737,38.39037],[-82.59474,38.397844],[-82.596281,38.417681],[-82.59348,38.421821],[-82.578999,38.407783],[-82.549799,38.403202],[-82.507678,38.410782],[-82.343911,38.305209],[-82.329416,38.313386],[-82.330482,38.323769],[-82.317315,38.326277],[-82.314411,38.331364],[-82.286646,38.321543],[-82.288952,38.314014],[-82.278788,38.311146],[-82.276212,38.303868],[-82.293207,38.303977],[-82.302848,38.298964],[-82.302576,38.287714],[-82.313406,38.268109],[-82.308816,38.263213],[-82.311409,38.256178],[-82.299143,38.239876],[-82.275387,38.228084],[-82.264849,38.229199],[-82.269915,38.217789],[-82.266411,38.210616],[-82.278219,38.202217],[-82.271354,38.178323],[-82.277307,38.173183],[-82.271671,38.169422],[-82.279983,38.152525],[-82.286204,38.149061],[-82.28544,38.144139],[-82.257755,38.133606],[-82.268486,38.115021],[-82.252966,38.100877],[-82.246279,38.102148],[-82.240868,38.097212],[-82.238969,38.081143],[-82.235354,38.076167],[-82.227903,38.076242],[-82.227963,38.069058],[-82.205794,38.066768],[-82.206894,38.058204],[-82.21181,38.057203],[-82.20781,38.050455],[-82.192599,38.051127],[-82.192314,38.046314],[-82.206421,38.029049],[-82.203947,38.023767],[-82.217515,38.020054],[-82.243226,38.000936],[-82.290915,37.95519],[-82.403743,37.862894],[-82.400206,37.851783],[-82.391139,37.847086],[-82.400577,37.842681],[-82.424674,37.861897],[-82.407513,37.867297],[-82.418197,37.871213],[-82.419929,37.88487],[-82.462881,37.914832],[-82.467679,37.914204],[-82.468226,37.903567],[-82.474407,37.899955],[-82.475534,37.911945],[-82.488346,37.917724],[-82.480338,37.925836],[-82.497271,37.927621],[-82.502198,37.933052],[-82.489514,37.937935],[-82.497719,37.94566],[-82.48512,37.946044],[-82.471555,37.959055],[-82.483987,37.963343],[-82.48426,37.971383],[-82.46938,37.973059],[-82.464257,37.983412],[-82.483968,37.984093],[-82.489236,37.99898],[-82.519193,38.001131],[-82.51565,38.00669],[-82.522591,38.012968],[-82.525817,38.026406],[-82.538639,38.037381],[-82.537293,38.045204],[-82.54958,38.068579],[-82.584039,38.090663],[-82.587782,38.108879],[-82.606589,38.120843],[-82.619452,38.120745],[-82.622125,38.133414],[-82.636466,38.13786],[-82.6431981036679,38.1690897960737]]]}},{"type":"Feature","properties":{"GEOID":"54037","NAME":"Jefferson","state":"WV","wildfire_risk_score":21.851,"wildfire_eal_total":10678.03,"risk_band":"Moderate","source":"FEMA National Risk Index v1.20 (December 2025)"},"geometry":{"type":"Polygon","coordinates":[[[-78.035454,39.278224],[-78.02619,39.280204],[-78.027234,39.288419],[-78.020506,39.287977],[-78.005896,39.306817],[-77.988462,39.319777],[-77.995832,39.326633],[-77.988085,39.325514],[-77.988159,39.331893],[-77.976755,39.340543],[-77.981633,39.349318],[-77.967176,39.345563],[-77.968521,39.357111],[-77.962266,39.359272],[-77.967161,39.367037],[-77.943892,39.372681],[-77.948495,39.378631],[-77.945681,39.380881],[-77.931808,39.379597],[-77.84714,39.446557],[-77.8254985217078,39.4942577990943],[-77.80183,39.489395],[-77.791765,39.490789],[-77.781608,39.499067],[-77.765993,39.495724],[-77.769125,39.490281],[-77.796695,39.480498],[-77.795634,39.471259],[-77.777815,39.461924],[-77.798468,39.46067],[-77.78558,39.445367],[-77.803249,39.437136],[-77.792751,39.430593],[-77.763319,39.428436],[-77.75309,39.423262],[-77.735905,39.389665],[-77.753389,39.382094],[-77.743874,39.359947],[-77.761115,39.339757],[-77.755789,39.333899],[-77.719519,39.321314],[-77.734899,39.312409],[-77.750267,39.289284],[-77.762844,39.258445],[-77.770281,39.255977],[-77.770876,39.24976],[-77.767277,39.24938],[-77.771415,39.236776],[-77.793631,39.210125],[-77.805099,39.174222],[-77.821413,39.15241],[-77.822182,39.139985],[-77.828157,39.132329],[-78.0331865984578,39.2646218054158],[-78.026024,39.272585],[-78.035454,39.278224]]]}},{"type":"Feature","properties":{"GEOID":"54003","NAME":"Berkeley","state":"WV","wildfire_risk_score":31.648,"wildfire_eal_total":20451.28,"risk_band":"Moderate","source":"FEMA National Risk Index v1.20 (December 2025)"},"geometry":{"type":"Polygon","coordinates":[[[-78.229005,39.391901],[-78.20023,39.441584],[-78.173926,39.521355],[-78.138937,39.593796],[-78.116025,39.593894],[-78.093106,39.582616],[-78.085506,39.597145],[-78.059611,39.598371],[-78.036958,39.613806],[-78.035259,39.620446],[-78.025473,39.621003],[-78.006734,39.601337],[-77.976686,39.599744],[-77.962092,39.608702],[-77.952104,39.606358],[-77.951955,39.592709],[-77.946182,39.584814],[-77.93905,39.587139],[-77.936371,39.594508],[-77.93545,39.608076],[-77.944133,39.614617],[-77.94194,39.61879],[-77.932862,39.617676],[-77.923298,39.604852],[-77.888477,39.597343],[-77.880993,39.602852],[-77.885124,39.615775],[-77.838008,39.606125],[-77.831813,39.601105],[-77.829814,39.587288],[-77.83633,39.56637],[-77.878451,39.563493],[-77.888945,39.55595],[-77.865351,39.538381],[-77.86368,39.515032],[-77.84192,39.51847],[-77.836935,39.53217],[-77.823762,39.525907],[-77.82565,39.516895],[-77.848112,39.502093],[-77.825171,39.493105],[-77.84714,39.446557],[-77.931808,39.379597],[-77.945681,39.380881],[-77.948495,39.378631],[-77.943892,39.372681],[-77.967161,39.367037],[-77.962266,39.359272],[-77.968521,39.357111],[-77.967176,39.345563],[-77.981633,39.349318],[-77.976755,39.340543],[-77.988159,39.331893],[-77.988085,39.325514],[-77.995832,39.326633],[-77.988462,39.319777],[-78.005896,39.306817],[-78.020506,39.287977],[-78.027234,39.288419],[-78.02619,39.280204],[-78.035454,39.278224],[-78.026024,39.272585],[-78.0331865984578,39.2646218054158],[-78.229005,39.391901]]]}},{"type":"Feature","properties":{"GEOID":"54039","NAME":"Kanawha","state":"WV","wildfire_risk_score":61.546,"wildfire_eal_total":82941.94,"risk_band":"High","source":"FEMA National Risk Index v1.20 (December 2025)"},"geometry":{"type":"Polygon","coordinates":[[[-81.909396,38.355027],[-81.900222,38.398572],[-81.846125,38.424988],[-81.822839,38.429697],[-81.819276,38.435308],[-81.8147,38.43286],[-81.723338,38.468012],[-81.721994,38.474684],[-81.726378,38.475548],[-81.734011,38.495772],[-81.731731,38.503622],[-81.742419,38.508707],[-81.742321,38.5179],[-81.754115,38.524133],[-81.750763,38.526529],[-81.755128,38.53439],[-81.747164,38.553563],[-81.751314,38.579518],[-81.755652,38.581769],[-81.738968,38.599326],[-81.728775,38.596219],[-81.696348,38.626427],[-81.643664,38.566993],[-81.635171,38.563826],[-81.632836,38.55437],[-81.578202,38.577068],[-81.522166,38.612746],[-81.507547,38.582713],[-81.471654,38.546336],[-81.465372,38.549898],[-81.349335,38.541301],[-81.30349,38.534799],[-81.274252,38.52183],[-81.220561,38.531839],[-81.194113,38.527634],[-81.283872,38.472029],[-81.254446,38.375101],[-81.231491,38.263426],[-81.314889,38.180603],[-81.329264,38.182374],[-81.326752,38.174452],[-81.380829,37.969109],[-81.38663,37.967209],[-81.411431,37.974308],[-81.418531,37.967608],[-81.429231,37.971808],[-81.438531,37.968008],[-81.443931,37.974608],[-81.459132,37.979108],[-81.453732,37.992707],[-81.455832,37.999307],[-81.465625,38.005211],[-81.463449,38.013931],[-81.468409,38.015691],[-81.466985,38.024427],[-81.460409,38.030075],[-81.476186,38.047482],[-81.47441,38.055626],[-81.48769,38.060858],[-81.491451,38.067897],[-81.505275,38.060697],[-81.516043,38.063673],[-81.517947,38.069433],[-81.539628,38.078952],[-81.534077,38.09684],[-81.521548,38.100456],[-81.515917,38.112616],[-81.534013,38.121352],[-81.546366,38.119815],[-81.539054,38.130951],[-81.545182,38.137911],[-81.555742,38.141543],[-81.569471,38.137287],[-81.574255,38.144918],[-81.581343,38.14367],[-81.589504,38.157222],[-81.599328,38.161798],[-81.595808,38.16711],[-81.606736,38.170101],[-81.602048,38.176197],[-81.624841,38.178757],[-81.633364,38.171615],[-81.634572,38.177534],[-81.641933,38.17634],[-81.639303,38.180278],[-81.648537,38.185036],[-81.644784,38.194986],[-81.652486,38.203474],[-81.643091,38.210682],[-81.64387,38.220759],[-81.659771,38.223487],[-81.687031,38.218138],[-81.695982,38.227287],[-81.705826,38.227102],[-81.708111,38.223077],[-81.725782,38.221207],[-81.727364,38.214031],[-81.720984,38.214632],[-81.72443,38.205596],[-81.737005,38.198173],[-81.753275,38.20287],[-81.754986,38.217731],[-81.764623,38.227471],[-81.783886,38.230604],[-81.789605,38.209736],[-81.811272,38.208038],[-81.814469,38.194248],[-81.802043,38.178388],[-81.818535,38.184692],[-81.836433,38.218607],[-81.833149,38.222872],[-81.818297,38.217474],[-81.821569,38.228884],[-81.809171,38.220089],[-81.801464,38.222462],[-81.810089,38.227914],[-81.807747,38.233787],[-81.812318,38.240482],[-81.820837,38.242696],[-81.803001,38.249181],[-81.810543,38.257013],[-81.802064,38.261659],[-81.807993,38.269143],[-81.806505,38.293711],[-81.812825,38.311407],[-81.830634,38.322526],[-81.846627,38.31333],[-81.885772,38.31475],[-81.915197,38.325597],[-81.909396,38.355027]]]}},{"type":"Feature","properties":{"GEOID":"54109","NAME":"Wyoming","state":"WV","wildfire_risk_score":74.523,"wildfire_eal_total":179720.22,"risk_band":"High","source":"FEMA National Risk Index v1.20 (December 2025)"},"geometry":{"type":"Polygon","coordinates":[[[-81.857839,37.554309],[-81.851839,37.564709],[-81.834238,37.569509],[-81.838038,37.575609],[-81.828538,37.586409],[-81.83001,37.59691],[-81.812837,37.602309],[-81.819238,37.611009],[-81.811937,37.613809],[-81.811337,37.607009],[-81.801537,37.615309],[-81.801537,37.625109],[-81.795537,37.631509],[-81.802437,37.642309],[-81.802638,37.662609],[-81.792137,37.671209],[-81.780037,37.672509],[-81.777737,37.678009],[-81.765136,37.677709],[-81.755636,37.685709],[-81.746936,37.679609],[-81.736935,37.682609],[-81.733235,37.693209],[-81.716435,37.700909],[-81.701734,37.701409],[-81.764537,37.751708],[-81.761937,37.756608],[-81.754337,37.755908],[-81.743336,37.764408],[-81.741136,37.759908],[-81.708236,37.763508],[-81.693835,37.774108],[-81.675135,37.772709],[-81.669734,37.778909],[-81.665734,37.775009],[-81.657134,37.779809],[-81.638033,37.777609],[-81.627533,37.785709],[-81.623732,37.782509],[-81.604932,37.789109],[-81.583211,37.776415],[-81.582731,37.76881],[-81.57653,37.76331],[-81.535729,37.78291],[-81.529929,37.78991],[-81.520029,37.786111],[-81.507129,37.793311],[-81.500254,37.789111],[-81.492928,37.791511],[-81.489628,37.784211],[-81.478528,37.780611],[-81.458027,37.784211],[-81.445427,37.761412],[-81.427713,37.749257],[-81.319023,37.588814],[-81.313123,37.586414],[-81.310323,37.576614],[-81.316477,37.562621],[-81.311255,37.552378],[-81.301537,37.545434],[-81.277205,37.541816],[-81.275149,37.53414],[-81.264201,37.527616],[-81.252667,37.532899],[-81.244722,37.529815],[-81.222121,37.510416],[-81.258535,37.498832],[-81.27816,37.47239],[-81.294849,37.469434],[-81.296697,37.462274],[-81.30748,37.459147],[-81.305495,37.449935],[-81.287808,37.433633],[-81.282599,37.419797],[-81.292919,37.413178],[-81.3273,37.434486],[-81.346199,37.433531],[-81.374499,37.443371],[-81.385375,37.461287],[-81.392997,37.459824],[-81.398268,37.464479],[-81.416542,37.455691],[-81.426122,37.461284],[-81.431653,37.448798],[-81.439736,37.458938],[-81.455138,37.466207],[-81.450215,37.476211],[-81.460623,37.483406],[-81.491417,37.481044],[-81.499064,37.473728],[-81.520106,37.478347],[-81.527006,37.475619],[-81.53461,37.485346],[-81.55345,37.491805],[-81.569609,37.487319],[-81.575079,37.490849],[-81.582876,37.487309],[-81.587527,37.494529],[-81.59588,37.490721],[-81.607629,37.502412],[-81.603429,37.508912],[-81.612929,37.510612],[-81.61753,37.521312],[-81.63043,37.516012],[-81.62903,37.511512],[-81.63273,37.510612],[-81.64113,37.515412],[-81.646631,37.513412],[-81.654431,37.523312],[-81.671732,37.516512],[-81.682332,37.517511],[-81.688832,37.513611],[-81.684932,37.505712],[-81.701832,37.501711],[-81.707419,37.495277],[-81.736691,37.495831],[-81.752153,37.506611],[-81.763028,37.502643],[-81.776154,37.505128],[-81.780422,37.501096],[-81.793536,37.503911],[-81.795235,37.50971],[-81.817937,37.50661],[-81.829037,37.51371],[-81.823537,37.52211],[-81.824637,37.533809],[-81.834638,37.536109],[-81.842338,37.54881],[-81.855939,37.54891],[-81.857839,37.554309]]]}},{"type":"Feature","properties":{"GEOID":"54025","NAME":"Greenbrier","state":"WV","wildfire_risk_score":57.22,"wildfire_eal_total":52203.88,"risk_band":"High","source":"FEMA National Risk Index v1.20 (December 2025)"},"geometry":{"type":"Polygon","coordinates":[[[-80.893431,38.082016],[-80.883449,38.084064],[-80.882187,38.103457],[-80.711961,38.079129],[-80.436514,38.267334],[-80.360048,38.225845],[-80.36329,38.114438],[-80.264653,38.046616],[-80.222169,38.043754],[-80.21035,38.037074],[-80.198012,38.042949],[-80.169169,38.036111],[-80.106891,38.055845],[-79.959844,38.063697],[-79.973895,38.040004],[-79.973701,38.032556],[-80.002507,37.992767],[-80.074514,37.942221],[-80.096563,37.918112],[-80.102931,37.918911],[-80.118967,37.903614],[-80.117747,37.89772],[-80.12362,37.897943],[-80.141947,37.882616],[-80.148951,37.886892],[-80.162202,37.875122],[-80.183062,37.850646],[-80.179391,37.839751],[-80.199633,37.827507],[-80.206482,37.81597],[-80.227092,37.798886],[-80.229489,37.792331],[-80.215658,37.777481],[-80.230458,37.778305],[-80.250401,37.765819],[-80.24979,37.757111],[-80.257411,37.756084],[-80.262765,37.738336],[-80.252227,37.727261],[-80.287107,37.696403],[-80.318308,37.685839],[-80.336316,37.687568],[-80.347948,37.69396],[-80.33984,37.704304],[-80.351693,37.708759],[-80.361694,37.689637],[-80.369489,37.691687],[-80.37777,37.686019],[-80.385295,37.692771],[-80.380764,37.707325],[-80.393354,37.70219],[-80.390992,37.713688],[-80.394562,37.716918],[-80.41601,37.70023],[-80.421324,37.702169],[-80.450651,37.683858],[-80.47414,37.696928],[-80.479852,37.692462],[-80.496432,37.691293],[-80.500901,37.694983],[-80.506695,37.691158],[-80.620195,37.716707],[-80.663348,37.731696],[-80.668228,37.762966],[-80.751409,37.835849],[-80.806256,37.868878],[-80.748867,37.865099],[-80.810866,37.949141],[-80.769866,37.98527],[-80.788886,37.992358],[-80.786019,38.006229],[-80.796672,38.017504],[-80.798432,38.026292],[-80.821967,38.027175],[-80.828253,38.031684],[-80.829496,38.043493],[-80.812476,38.047063],[-80.814288,38.055387],[-80.79984,38.062955],[-80.82815,38.062938],[-80.837371,38.0531],[-80.861805,38.056821],[-80.877235,38.064765],[-80.893431,38.082016]]]}},{"type":"Feature","properties":{"GEOID":"54041","NAME":"Lewis","state":"WV","wildfire_risk_score":7.252,"wildfire_eal_total":1936.87,"risk_band":"Low","source":"FEMA National Risk Index v1.20 (December 2025)"},"geometry":{"type":"Polygon","coordinates":[[[-80.728326,39.095679],[-80.700852,39.090388],[-80.681193,39.11204],[-80.68144,39.121504],[-80.664599,39.129618],[-80.662896,39.137847],[-80.629245,39.139446],[-80.617991,39.153455],[-80.604844,39.155535],[-80.596126,39.167069],[-80.58659,39.168793],[-80.549075,39.158931],[-80.546446,39.151657],[-80.537524,39.147975],[-80.473439,39.147082],[-80.45806,39.139294],[-80.300209,39.103857],[-80.305057,39.061467],[-80.317982,39.013441],[-80.334484,38.996586],[-80.31758,38.958799],[-80.348353,38.939901],[-80.338477,38.936847],[-80.349864,38.920345],[-80.348289,38.915461],[-80.362301,38.906775],[-80.367778,38.886613],[-80.379809,38.887579],[-80.386989,38.874808],[-80.409541,38.768327],[-80.394585,38.726042],[-80.401949,38.729899],[-80.406133,38.722801],[-80.412079,38.723605],[-80.412301,38.728411],[-80.426641,38.731004],[-80.435782,38.725632],[-80.445248,38.726848],[-80.457332,38.739169],[-80.451149,38.749146],[-80.45002,38.768272],[-80.442091,38.77185],[-80.446148,38.777514],[-80.458482,38.776053],[-80.463698,38.783764],[-80.458484,38.787497],[-80.463556,38.79604],[-80.474532,38.794274],[-80.485528,38.800304],[-80.474111,38.833404],[-80.479309,38.832939],[-80.490845,38.845259],[-80.500718,38.844661],[-80.505328,38.8524],[-80.523992,38.862826],[-80.543991,38.853817],[-80.558463,38.867467],[-80.580391,38.858319],[-80.586751,38.862019],[-80.593296,38.870508],[-80.590991,38.883679],[-80.599169,38.892007],[-80.597049,38.895999],[-80.716705,39.008326],[-80.728326,39.095679]]]}},{"type":"Feature","properties":{"GEOID":"54063","NAME":"Monroe","state":"WV","wildfire_risk_score":50.254,"wildfire_eal_total":32819.36,"risk_band":"High","source":"FEMA National Risk Index v1.20 (December 2025)"},"geometry":{"type":"Polygon","coordinates":[[[-80.8584733682993,37.4283007053671],[-80.798451,37.522103],[-80.670797,37.69797],[-80.660446,37.714563],[-80.663348,37.731696],[-80.620195,37.716707],[-80.506695,37.691158],[-80.500901,37.694983],[-80.496432,37.691293],[-80.479852,37.692462],[-80.47414,37.696928],[-80.450651,37.683858],[-80.421324,37.702169],[-80.41601,37.70023],[-80.394562,37.716918],[-80.390992,37.713688],[-80.393354,37.70219],[-80.380764,37.707325],[-80.385295,37.692771],[-80.37777,37.686019],[-80.369489,37.691687],[-80.361694,37.689637],[-80.351693,37.708759],[-80.33984,37.704304],[-80.347948,37.69396],[-80.336316,37.687568],[-80.318308,37.685839],[-80.296138,37.691783],[-80.279372,37.657077],[-80.267455,37.646108],[-80.220984,37.627767],[-80.240272,37.606961],[-80.258919,37.595499],[-80.328504,37.564315],[-80.312393,37.546239],[-80.330306,37.536244],[-80.309346,37.527381],[-80.291644,37.536505],[-80.282385,37.533517],[-80.299789,37.508271],[-80.327103,37.495376],[-80.366838,37.484879],[-80.36317,37.480001],[-80.371952,37.474069],[-80.425656,37.449876],[-80.46482,37.426144],[-80.475601,37.422949],[-80.494867,37.43507],[-80.49728,37.444779],[-80.492981,37.457749],[-80.511391,37.481672],[-80.561442,37.469775],[-80.645893,37.422147],[-80.705203,37.394618],[-80.770082,37.372363],[-80.784188,37.394587],[-80.806129,37.398074],[-80.808769,37.406271],[-80.837678,37.425658],[-80.846324,37.423394],[-80.8584733682993,37.4283007053671]]]}},{"type":"Feature","properties":{"GEOID":"54103","NAME":"Wetzel","state":"WV","wildfire_risk_score":10.623,"wildfire_eal_total":2802.43,"risk_band":"Low","source":"FEMA National Risk Index v1.20 (December 2025)"},"geometry":{"type":"Polygon","coordinates":[[[-80.943782,39.606926],[-80.925841,39.617396],[-80.892208,39.616756],[-80.88036,39.620706],[-80.866647,39.652616],[-80.863698,39.691724],[-80.833882,39.703497],[-80.829764,39.711839],[-80.8334627700662,39.7208123504414],[-80.421388,39.721189],[-80.419668,39.712655],[-80.414281,39.71162],[-80.407408,39.717752],[-80.405222,39.714995],[-80.406035,39.695225],[-80.395248,39.680506],[-80.402996,39.666815],[-80.401497,39.655499],[-80.389704,39.644198],[-80.403676,39.631791],[-80.411933,39.641359],[-80.433285,39.63913],[-80.443117,39.629693],[-80.433783,39.62072],[-80.43718,39.614491],[-80.449417,39.612707],[-80.446998,39.602612],[-80.451015,39.595661],[-80.462396,39.60139],[-80.480803,39.594652],[-80.480278,39.583408],[-80.493158,39.575106],[-80.491016,39.570153],[-80.498158,39.562899],[-80.494555,39.545655],[-80.486344,39.536796],[-80.485533,39.519991],[-80.467657,39.503568],[-80.473468,39.492654],[-80.471782,39.486344],[-80.475325,39.48175],[-80.492537,39.480184],[-80.493991,39.461148],[-80.514053,39.457822],[-80.5194,39.446424],[-80.515598,39.43774],[-80.518626,39.434997],[-80.544521,39.42912],[-80.558153,39.432929],[-80.55946,39.439264],[-80.579386,39.434907],[-80.577729,39.444783],[-80.583091,39.451415],[-80.596471,39.449676],[-80.59878,39.440956],[-80.633061,39.456762],[-80.649543,39.469649],[-80.671106,39.464214],[-80.672234,39.477626],[-80.68023,39.478022],[-80.685995,39.470495],[-80.716122,39.475531],[-80.722703,39.491122],[-80.735608,39.491132],[-80.740849,39.512823],[-80.784617,39.536894],[-80.782831,39.547705],[-80.809772,39.561961],[-80.823203,39.554462],[-80.821934,39.56164],[-80.82977,39.565964],[-80.827226,39.576318],[-80.848939,39.589228],[-80.846393,39.601091],[-80.852182,39.602048],[-80.886043,39.58031],[-80.943782,39.606926]]]}},{"type":"Feature","properties":{"GEOID":"54095","NAME":"Tyler","state":"WV","wildfire_risk_score":7.888,"wildfire_eal_total":1585.72,"risk_band":"Low","source":"FEMA National Risk Index v1.20 (December 2025)"},"geometry":{"type":"Polygon","coordinates":[[[-81.121472141059,39.4577567792019],[-81.100833,39.487175],[-81.070594,39.515991],[-80.943782,39.606926],[-80.886043,39.58031],[-80.852182,39.602048],[-80.846393,39.601091],[-80.848939,39.589228],[-80.827226,39.576318],[-80.82977,39.565964],[-80.821934,39.56164],[-80.823203,39.554462],[-80.809772,39.561961],[-80.782831,39.547705],[-80.784617,39.536894],[-80.740849,39.512823],[-80.735608,39.491132],[-80.722703,39.491122],[-80.716122,39.475531],[-80.685995,39.470495],[-80.68023,39.478022],[-80.672234,39.477626],[-80.671106,39.464214],[-80.649543,39.469649],[-80.618629,39.450375],[-80.632459,39.443557],[-80.636905,39.446962],[-80.641314,39.4421],[-80.65325,39.441439],[-80.658711,39.433012],[-80.67703,39.42764],[-80.683279,39.430804],[-80.694026,39.426307],[-80.697232,39.432428],[-80.714502,39.429649],[-80.733334,39.395465],[-80.829445,39.343228],[-80.888744,39.294298],[-80.889753,39.300657],[-80.883952,39.307767],[-80.891448,39.314912],[-80.892453,39.325179],[-80.88395,39.332717],[-80.88248,39.358395],[-80.897546,39.373299],[-80.903441,39.373038],[-80.904438,39.378121],[-80.910129,39.375079],[-80.919704,39.384367],[-80.93214,39.389119],[-80.937403,39.386565],[-80.942849,39.378407],[-80.941875,39.362797],[-80.957714,39.340073],[-80.981939,39.347221],[-80.99452,39.341056],[-81.006431,39.344478],[-81.015331,39.410677],[-81.025429,39.463689],[-81.029528,39.467503],[-81.061269,39.476432],[-81.054048,39.467447],[-81.05711,39.463333],[-81.078895,39.467556],[-81.095558,39.457203],[-81.106913,39.463571],[-81.121472141059,39.4577567792019]]]}},{"type":"Feature","properties":{"GEOID":"54107","NAME":"Wood","state":"WV","wildfire_risk_score":26.018,"wildfire_eal_total":10006.99,"risk_band":"Moderate","source":"FEMA National Risk Index v1.20 (December 2025)"},"geometry":{"type":"Polygon","coordinates":[[[-81.7558150545194,39.1805241965567],[-81.737085,39.193836],[-81.726973,39.215068],[-81.692395,39.226443],[-81.69638,39.257035],[-81.678331,39.273755],[-81.608408,39.276043],[-81.570247,39.267675],[-81.565247,39.276175],[-81.557547,39.338774],[-81.456143,39.409274],[-81.435642,39.408474],[-81.412706,39.394618],[-81.393794,39.351706],[-81.384556,39.343449],[-81.3712707002794,39.3420616369494],[-81.367301,39.328701],[-81.361683,39.325622],[-81.366159,39.32439],[-81.363638,39.320502],[-81.355598,39.320922],[-81.357701,39.325008],[-81.349223,39.328785],[-81.341014,39.318966],[-81.335359,39.324065],[-81.328038,39.322144],[-81.324063,39.316371],[-81.328319,39.312036],[-81.324258,39.29865],[-81.265828,39.295511],[-81.260367,39.291416],[-81.260183,39.281578],[-81.239477,39.268328],[-81.255036,39.269291],[-81.267996,39.259979],[-81.266748,39.255947],[-81.27745,39.242623],[-81.277209,39.233898],[-81.291325,39.224076],[-81.301501,39.20268],[-81.295349,39.186895],[-81.395176,39.14045],[-81.424906,39.135679],[-81.581447,39.026179],[-81.7472527006579,39.0953784490132],[-81.742953,39.106578],[-81.743565,39.141933],[-81.7558150545194,39.1805241965567]]]}},{"type":"Feature","properties":{"GEOID":"54057","NAME":"Mineral","state":"WV","wildfire_risk_score":25.795,"wildfire_eal_total":9434.54,"risk_band":"Moderate","source":"FEMA National Risk Index v1.20 (December 2025)"},"geometry":{"type":"Polygon","coordinates":[[[-79.2717708583258,39.3283226498251],[-79.267556,39.336294],[-79.253891,39.337222],[-79.256308,39.357227],[-79.232919,39.359622],[-79.231648,39.36457],[-79.21428,39.363482],[-79.197131,39.388595],[-79.184952,39.385248],[-79.176959,39.389028],[-79.178639,39.396632],[-79.162052,39.388321],[-79.166497,39.400888],[-79.159015,39.410797],[-79.160148,39.41638],[-79.151241,39.416968],[-79.149752,39.405726],[-79.143751,39.405202],[-79.14231,39.416687],[-79.128381,39.417481],[-79.129047,39.429542],[-79.124036,39.433204],[-79.11223,39.430882],[-79.116369,39.440482],[-79.102469,39.45118],[-79.107186,39.462006],[-79.094549,39.465184],[-79.105264,39.472132],[-79.100477,39.477004],[-79.08327,39.471379],[-79.068627,39.474515],[-79.06623,39.479944],[-79.058093,39.470811],[-79.052447,39.482315],[-79.04705,39.483351],[-79.030343,39.465403],[-79.017147,39.466977],[-78.965484,39.438455],[-78.956751,39.440264],[-78.959961,39.451644],[-78.954293,39.454703],[-78.959214,39.461893],[-78.940948,39.470541],[-78.942618,39.479614],[-78.938751,39.483732],[-78.916488,39.486544],[-78.903888,39.504716],[-78.905513,39.511545],[-78.892936,39.512755],[-78.893317,39.523756],[-78.874744,39.522611],[-78.870687,39.538767],[-78.861431,39.540965],[-78.851931,39.551848],[-78.851196,39.559924],[-78.838553,39.5673],[-78.816764,39.561691],[-78.813512,39.56772],[-78.82636,39.577333],[-78.826009,39.588829],[-78.812215,39.597717],[-78.809347,39.608063],[-78.795857,39.606934],[-78.801741,39.627488],[-78.795282,39.636766],[-78.781341,39.636787],[-78.775241,39.645687],[-78.76504,39.646087],[-78.777516,39.621712],[-78.763171,39.618897],[-78.748499,39.626262],[-78.736189,39.621708],[-78.733553,39.615533],[-78.747063,39.60569],[-78.760497,39.609984],[-78.77686,39.604027],[-78.76749,39.587487],[-78.746421,39.579544],[-78.733979,39.586618],[-78.72501,39.563973],[-78.6574165631331,39.5350677240827],[-78.690438,39.502791],[-78.703567,39.497536],[-78.729843,39.463205],[-78.73596,39.464194],[-78.739267,39.457231],[-78.749742,39.455295],[-78.756599,39.444155],[-78.765021,39.447492],[-78.773458,39.442865],[-78.789242,39.424778],[-78.793842,39.404639],[-78.810684,39.376623],[-78.834167,39.352278],[-78.841251,39.351632],[-78.850723,39.331093],[-78.866854,39.325892],[-78.883566,39.32846],[-78.917312,39.298758],[-78.926616,39.278869],[-78.946251,39.26486],[-78.955114,39.26388],[-78.979898,39.237624],[-79.134456,39.312501],[-79.2717708583258,39.3283226498251]]]}},{"type":"Feature","properties":{"GEOID":"54031","NAME":"Hardy","state":"WV","wildfire_risk_score":57.029,"wildfire_eal_total":56580.95,"risk_band":"High","source":"FEMA National Risk Index v1.20 (December 2025)"},"geometry":{"type":"Polygon","coordinates":[[[-79.132257,38.816012],[-79.082655,38.869911],[-79.085554,38.894411],[-79.074455,38.898611],[-79.046053,38.92841],[-79.0827,39.002243],[-79.082655,39.016109],[-79.077955,39.021609],[-79.089655,39.038208],[-79.072854,39.065208],[-79.077954,39.071908],[-79.068354,39.076107],[-79.065954,39.087107],[-79.056848,39.091675],[-79.052553,39.105007],[-79.037052,39.119306],[-79.038821,39.130227],[-79.028871,39.14146],[-79.036077,39.150002],[-79.00155,39.195204],[-78.997443,39.212024],[-78.979898,39.237624],[-78.899531,39.199075],[-78.732971,39.149922],[-78.691399,39.146635],[-78.656875,39.125673],[-78.639924,39.126963],[-78.623555,39.118509],[-78.602332,39.140367],[-78.5613,39.131449],[-78.508132,39.08863],[-78.522714,39.071062],[-78.571901,39.031995],[-78.550467,39.018065],[-78.570462,39.001552],[-78.601655,38.964603],[-78.611184,38.976134],[-78.618676,38.974082],[-78.620453,38.982601],[-78.625672,38.982575],[-78.638423,38.966819],[-78.646589,38.968138],[-78.65905,38.947375],[-78.680456,38.925313],[-78.688266,38.92478],[-78.718647,38.904561],[-78.717076,38.936028],[-78.738921,38.927283],[-78.759085,38.900529],[-78.786025,38.887187],[-78.869276,38.762991],[-78.993997,38.850102],[-79.000252,38.845412],[-79.006552,38.823712],[-79.019553,38.817912],[-79.027253,38.792113],[-79.046554,38.792113],[-79.054954,38.785713],[-79.051254,38.773913],[-79.057253,38.761413],[-79.134296,38.81334],[-79.132257,38.816012]]]}},{"type":"Feature","properties":{"GEOID":"54027","NAME":"Hampshire","state":"WV","wildfire_risk_score":54.93,"wildfire_eal_total":54643.42,"risk_band":"High","source":"FEMA National Risk Index v1.20 (December 2025)"},"geometry":{"type":"Polygon","coordinates":[[[-78.978492,39.239004],[-78.955114,39.26388],[-78.946251,39.26486],[-78.926616,39.278869],[-78.917312,39.298758],[-78.883566,39.32846],[-78.866854,39.325892],[-78.850723,39.331093],[-78.841251,39.351632],[-78.834167,39.352278],[-78.810684,39.376623],[-78.793842,39.404639],[-78.789242,39.424778],[-78.773458,39.442865],[-78.765021,39.447492],[-78.756599,39.444155],[-78.749742,39.455295],[-78.739267,39.457231],[-78.73596,39.464194],[-78.729843,39.463205],[-78.703567,39.497536],[-78.690438,39.502791],[-78.6574165631331,39.5350677240827],[-78.623037,39.539512],[-78.602262,39.532112],[-78.591633,39.536891],[-78.587791,39.527912],[-78.565929,39.519444],[-78.521388,39.52479],[-78.5032,39.518652],[-78.468639,39.516789],[-78.437675,39.500081],[-78.347087,39.466012],[-78.346546,39.442616],[-78.353227,39.436792],[-78.346718,39.427618],[-78.359918,39.409028],[-78.349436,39.397252],[-78.350924,39.390985],[-78.343214,39.388807],[-78.366867,39.35929],[-78.34048,39.353492],[-78.339284,39.348605],[-78.347409,39.343402],[-78.360035,39.317771],[-78.364686,39.317312],[-78.393371,39.282988],[-78.402886,39.278624],[-78.419422,39.257476],[-78.399669,39.243874],[-78.405585,39.231176],[-78.438651,39.198049],[-78.424905,39.193301],[-78.426315,39.182762],[-78.403697,39.167451],[-78.427294,39.152726],[-78.439429,39.132146],[-78.459869,39.113351],[-78.484283,39.107372],[-78.508132,39.08863],[-78.5613,39.131449],[-78.602332,39.140367],[-78.623555,39.118509],[-78.639924,39.126963],[-78.656875,39.125673],[-78.691399,39.146635],[-78.732971,39.149922],[-78.899531,39.199075],[-78.978492,39.239004]]]}},{"type":"Feature","properties":{"GEOID":"54065","NAME":"Morgan","state":"WV","wildfire_risk_score":20.229,"wildfire_eal_total":5935.42,"risk_band":"Moderate","source":"FEMA National Risk Index v1.20 (December 2025)"},"geometry":{"type":"Polygon","coordinates":[[[-78.462899,39.52084],[-78.462849,39.535758],[-78.448642,39.53996],[-78.460123,39.545848],[-78.460224,39.551184],[-78.451083,39.550192],[-78.438357,39.538753],[-78.434759,39.543988],[-78.437397,39.553472],[-78.423975,39.545103],[-78.417295,39.549603],[-78.454376,39.574319],[-78.457187,39.587379],[-78.443175,39.591155],[-78.408031,39.578593],[-78.395317,39.584215],[-78.397471,39.590232],[-78.425581,39.607599],[-78.433623,39.618259],[-78.43025,39.62329],[-78.420549,39.624021],[-78.374732,39.608635],[-78.372404,39.612297],[-78.382959,39.622246],[-78.382487,39.628216],[-78.35577,39.626258],[-78.353673,39.630787],[-78.359506,39.638081],[-78.355218,39.640576],[-78.265088,39.619274],[-78.254077,39.640089],[-78.223597,39.661097],[-78.233012,39.670471],[-78.231564,39.674382],[-78.202945,39.676653],[-78.182759,39.69511],[-78.107834,39.682137],[-78.08226,39.671166],[-78.035992,39.63572],[-78.0224018601498,39.6196004669544],[-78.035259,39.620446],[-78.036958,39.613806],[-78.059611,39.598371],[-78.085506,39.597145],[-78.093106,39.582616],[-78.116025,39.593894],[-78.138937,39.593796],[-78.173926,39.521355],[-78.20023,39.441584],[-78.228766,39.391233],[-78.347087,39.466012],[-78.437675,39.500081],[-78.468639,39.516789],[-78.462899,39.52084]]]}},{"type":"Feature","properties":{"GEOID":"54023","NAME":"Grant","state":"WV","wildfire_risk_score":51.463,"wildfire_eal_total":39540.36,"risk_band":"High","source":"FEMA National Risk Index v1.20 (December 2025)"},"geometry":{"type":"Polygon","coordinates":[[[-79.486873,39.205961],[-79.473215,39.202107],[-79.465451,39.209398],[-79.454561,39.210201],[-79.425627,39.225725],[-79.42035,39.23888],[-79.400243,39.250858],[-79.387753,39.267462],[-79.35375,39.278039],[-79.350983,39.285244],[-79.343801,39.286096],[-79.346011,39.29396],[-79.314768,39.304381],[-79.290236,39.299323],[-79.282037,39.323048],[-79.2717708583258,39.3283226498251],[-79.134456,39.312501],[-78.979898,39.237624],[-78.997443,39.212024],[-79.00155,39.195204],[-79.036077,39.150002],[-79.028871,39.14146],[-79.038821,39.130227],[-79.037052,39.119306],[-79.052553,39.105007],[-79.056848,39.091675],[-79.065954,39.087107],[-79.068354,39.076107],[-79.077954,39.071908],[-79.072854,39.065208],[-79.089655,39.038208],[-79.077955,39.021609],[-79.082655,39.016109],[-79.0827,39.002243],[-79.046053,38.92841],[-79.074455,38.898611],[-79.085554,38.894411],[-79.082655,38.869911],[-79.134296,38.81334],[-79.357666,38.964509],[-79.340867,38.969309],[-79.330466,38.98261],[-79.328779,38.995697],[-79.31979,39.001802],[-79.320418,39.012153],[-79.310977,39.024724],[-79.310244,39.030293],[-79.317855,39.037247],[-79.30385,39.046963],[-79.298164,39.07321],[-79.306567,39.077034],[-79.314705,39.07025],[-79.327419,39.073828],[-79.334094,39.082656],[-79.355095,39.086449],[-79.348202,39.093742],[-79.345609,39.109154],[-79.331305,39.118839],[-79.335966,39.127207],[-79.326566,39.132807],[-79.331766,39.147807],[-79.322166,39.164107],[-79.313065,39.168407],[-79.308166,39.182305],[-79.289464,39.188606],[-79.296663,39.198406],[-79.310161,39.211203],[-79.323966,39.208106],[-79.333165,39.214806],[-79.343666,39.214206],[-79.348466,39.207005],[-79.356368,39.208506],[-79.365068,39.199406],[-79.377869,39.204706],[-79.40087,39.190307],[-79.422971,39.191107],[-79.428972,39.186807],[-79.442572,39.191307],[-79.445772,39.184407],[-79.467474,39.178807],[-79.486375,39.191907],[-79.486873,39.205961]]]}},{"type":"Feature","properties":{"GEOID":"54021","NAME":"Gilmer","state":"WV","wildfire_risk_score":1.336,"wildfire_eal_total":604.02,"risk_band":"Low","source":"FEMA National Risk Index v1.20 (December 2025)"},"geometry":{"type":"Polygon","coordinates":[[[-81.056714,38.793322],[-81.032811,38.804153],[-81.030206,38.807362],[-81.035335,38.809725],[-81.012064,38.822142],[-81.013545,38.831383],[-81.008882,38.836617],[-81.012089,38.840694],[-81.002777,38.846025],[-81.008298,38.914559],[-81.013887,38.919785],[-81.002611,38.932385],[-81.004355,38.947993],[-81.011078,38.957451],[-81.003484,38.96099],[-81.020418,38.979195],[-81.020023,38.984138],[-81.025836,38.981968],[-81.034404,38.986932],[-81.036027,38.996709],[-81.032032,39.001984],[-81.037932,39.007184],[-81.028732,39.012384],[-81.023532,39.008384],[-81.002631,39.009585],[-80.989761,39.02079],[-80.983118,39.019664],[-80.982124,39.026133],[-80.966791,39.029325],[-80.960203,39.038022],[-80.911618,39.04624],[-80.898068,39.055641],[-80.897495,39.062781],[-80.885482,39.06381],[-80.877414,39.06866],[-80.87767,39.073423],[-80.862935,39.071269],[-80.851823,39.079708],[-80.854581,39.08392],[-80.835779,39.082165],[-80.827815,39.09224],[-80.818814,39.091598],[-80.808884,39.104304],[-80.81297,39.109401],[-80.728326,39.095679],[-80.716705,39.008326],[-80.605799,38.904167],[-80.6312,38.89759],[-80.641017,38.884815],[-80.652638,38.889592],[-80.666076,38.881968],[-80.672587,38.888967],[-80.669909,38.892773],[-80.701522,38.879045],[-80.98495,38.717898],[-80.999723,38.750422],[-81.014228,38.758781],[-81.020286,38.755392],[-81.022438,38.764809],[-81.031327,38.759867],[-81.037541,38.762247],[-81.046062,38.770709],[-81.042964,38.775616],[-81.049483,38.7757],[-81.051531,38.789369],[-81.056714,38.793322]]]}},{"type":"Feature","properties":{"GEOID":"54033","NAME":"Harrison","state":"WV","wildfire_risk_score":25.223,"wildfire_eal_total":9417.68,"risk_band":"Moderate","source":"FEMA National Risk Index v1.20 (December 2025)"},"geometry":{"type":"Polygon","coordinates":[[[-80.602555,39.288621],[-80.592559,39.303752],[-80.586237,39.30353],[-80.581939,39.316544],[-80.565317,39.319763],[-80.544762,39.351831],[-80.533529,39.355029],[-80.531808,39.360121],[-80.544372,39.367676],[-80.538209,39.386683],[-80.54743,39.396646],[-80.547748,39.40369],[-80.539076,39.41029],[-80.537566,39.419683],[-80.544521,39.42912],[-80.518626,39.434997],[-80.515598,39.43774],[-80.5194,39.446424],[-80.514053,39.457822],[-80.493991,39.461148],[-80.494085,39.469599],[-80.291124,39.435776],[-80.289275,39.432263],[-80.282776,39.435797],[-80.197286,39.393186],[-80.205036,39.381643],[-80.198926,39.375311],[-80.202336,39.373064],[-80.202479,39.278759],[-80.199504,39.27069],[-80.187648,39.267143],[-80.166387,39.242283],[-80.224379,39.17135],[-80.227173,39.112792],[-80.240394,39.113145],[-80.248771,39.100809],[-80.300209,39.103857],[-80.45806,39.139294],[-80.473439,39.147082],[-80.535222,39.147475],[-80.546446,39.151657],[-80.550958,39.159596],[-80.57816,39.167758],[-80.596126,39.167069],[-80.589666,39.171278],[-80.591766,39.182697],[-80.575179,39.175273],[-80.561369,39.178881],[-80.554441,39.192193],[-80.547898,39.186551],[-80.538207,39.195351],[-80.528449,39.196119],[-80.532243,39.200436],[-80.525644,39.209034],[-80.546055,39.216504],[-80.554438,39.214161],[-80.565973,39.220722],[-80.564792,39.231738],[-80.552296,39.226555],[-80.547068,39.234786],[-80.58743,39.261111],[-80.577764,39.282151],[-80.60245,39.283959],[-80.602555,39.288621]]]}},{"type":"Feature","properties":{"GEOID":"54017","NAME":"Doddridge","state":"WV","wildfire_risk_score":10.687,"wildfire_eal_total":3513.59,"risk_band":"Low","source":"FEMA National Risk Index v1.20 (December 2025)"},"geometry":{"type":"Polygon","coordinates":[[[-80.91384,39.272947],[-80.829445,39.343228],[-80.733334,39.395465],[-80.713324,39.43025],[-80.697232,39.432428],[-80.694026,39.426307],[-80.683279,39.430804],[-80.67703,39.42764],[-80.658711,39.433012],[-80.65325,39.441439],[-80.641314,39.4421],[-80.636905,39.446962],[-80.632459,39.443557],[-80.613744,39.450633],[-80.59878,39.440956],[-80.596471,39.449676],[-80.583091,39.451415],[-80.577729,39.444783],[-80.579386,39.434907],[-80.55946,39.439264],[-80.558153,39.432929],[-80.545863,39.431927],[-80.543361,39.422929],[-80.537927,39.422539],[-80.539076,39.41029],[-80.547748,39.40369],[-80.54743,39.396646],[-80.538209,39.386683],[-80.544096,39.36648],[-80.531808,39.360121],[-80.533529,39.355029],[-80.544762,39.351831],[-80.565317,39.319763],[-80.581939,39.316544],[-80.586237,39.30353],[-80.592559,39.303752],[-80.604301,39.286047],[-80.577764,39.282151],[-80.58743,39.261111],[-80.547068,39.234786],[-80.552296,39.226555],[-80.564792,39.231738],[-80.566401,39.221316],[-80.554438,39.214161],[-80.530476,39.212446],[-80.525644,39.209034],[-80.532243,39.200436],[-80.528449,39.196119],[-80.538207,39.195351],[-80.547898,39.186551],[-80.554441,39.192193],[-80.561369,39.178881],[-80.575179,39.175273],[-80.591766,39.182697],[-80.589666,39.171278],[-80.599801,39.159698],[-80.617991,39.153455],[-80.629245,39.139446],[-80.662896,39.137847],[-80.664599,39.129618],[-80.68144,39.121504],[-80.681193,39.11204],[-80.700852,39.090388],[-80.81297,39.109401],[-80.91384,39.272947]]]}},{"type":"Feature","properties":{"GEOID":"54085","NAME":"Ritchie","state":"WV","wildfire_risk_score":3.912,"wildfire_eal_total":1252.84,"risk_band":"Low","source":"FEMA National Risk Index v1.20 (December 2025)"},"geometry":{"type":"Polygon","coordinates":[[[-81.328786,39.152584],[-81.310569,39.157942],[-81.319007,39.163126],[-81.297757,39.17821],[-81.301947,39.181913],[-81.295886,39.18156],[-81.301798,39.201557],[-81.291325,39.224076],[-81.277209,39.233898],[-81.27745,39.242623],[-81.25974,39.266843],[-81.249736,39.270775],[-81.243236,39.267175],[-81.232635,39.272476],[-81.232335,39.290075],[-81.221335,39.307975],[-81.190328,39.30508],[-81.189135,39.314076],[-81.172854,39.306264],[-81.164619,39.312057],[-81.135834,39.310477],[-81.133134,39.314777],[-81.11874,39.315391],[-81.113119,39.324056],[-81.102517,39.323277],[-81.081046,39.331186],[-81.060432,39.322677],[-81.044432,39.328777],[-81.044132,39.337877],[-81.039732,39.338877],[-81.034726,39.351173],[-81.023532,39.346477],[-81.009131,39.351578],[-81.002165,39.340511],[-80.981939,39.347221],[-80.957714,39.340073],[-80.941875,39.362797],[-80.942849,39.378407],[-80.93214,39.389119],[-80.910129,39.375079],[-80.904438,39.378121],[-80.903441,39.373038],[-80.897546,39.373299],[-80.88248,39.358395],[-80.88395,39.332717],[-80.892453,39.325179],[-80.891448,39.314912],[-80.883952,39.307767],[-80.889753,39.300657],[-80.888744,39.294298],[-80.91384,39.272947],[-80.808884,39.104304],[-80.818814,39.091598],[-80.827815,39.09224],[-80.835024,39.082376],[-80.854581,39.08392],[-80.851823,39.079708],[-80.85871,39.073957],[-80.87767,39.073423],[-80.877414,39.06866],[-80.885482,39.06381],[-80.897495,39.062781],[-80.898068,39.055641],[-80.911618,39.04624],[-80.960203,39.038022],[-80.966791,39.029325],[-80.982124,39.026133],[-80.983118,39.019664],[-80.989761,39.02079],[-81.002631,39.009585],[-81.023532,39.008384],[-81.024832,39.012484],[-81.033632,39.009584],[-81.038127,39.01281],[-81.059733,39.007884],[-81.076433,39.010383],[-81.081433,39.016682],[-81.093934,39.015583],[-81.094334,39.022281],[-81.102532,39.02148],[-81.112234,39.030681],[-81.116034,39.042482],[-81.122535,39.039482],[-81.128735,39.045082],[-81.154763,39.040467],[-81.162455,39.030608],[-81.173768,39.033864],[-81.179656,39.041419],[-81.203374,39.03822],[-81.210741,39.045181],[-81.224738,39.04088],[-81.228238,39.03228],[-81.242037,39.03818],[-81.249958,39.034837],[-81.253593,39.055924],[-81.273939,39.059179],[-81.25719,39.072103],[-81.260634,39.084197],[-81.258004,39.094413],[-81.262845,39.097894],[-81.263361,39.106971],[-81.276479,39.108137],[-81.277429,39.118284],[-81.287374,39.126092],[-81.28781,39.132747],[-81.299778,39.129827],[-81.324047,39.142568],[-81.328786,39.152584]]]}},{"type":"Feature","properties":{"GEOID":"54005","NAME":"Boone","state":"WV","wildfire_risk_score":74.268,"wildfire_eal_total":162793.93,"risk_band":"High","source":"FEMA National Risk Index v1.20 (December 2025)"},"geometry":{"type":"Polygon","coordinates":[[[-81.979565,37.991511],[-81.928027,38.028276],[-81.905482,38.029448],[-81.917688,38.035444],[-81.950948,38.037908],[-81.972102,38.050279],[-81.969802,38.062479],[-81.973019,38.06428],[-81.966287,38.069935],[-81.968938,38.077728],[-81.962098,38.085732],[-81.964081,38.089653],[-81.946301,38.106519],[-81.953557,38.118261],[-81.945811,38.125778],[-81.945569,38.135664],[-81.934008,38.138975],[-81.934425,38.146185],[-81.927565,38.152492],[-81.903797,38.14164],[-81.88838,38.142072],[-81.878779,38.137202],[-81.878192,38.149536],[-81.888065,38.151275],[-81.888565,38.165842],[-81.887975,38.162696],[-81.886469,38.168002],[-81.872118,38.163699],[-81.871974,38.176846],[-81.851176,38.173074],[-81.849438,38.18122],[-81.838576,38.180868],[-81.842497,38.185541],[-81.851766,38.184813],[-81.839497,38.201266],[-81.838565,38.20983],[-81.828538,38.205807],[-81.818535,38.184692],[-81.802043,38.178388],[-81.814469,38.194248],[-81.811272,38.208038],[-81.789605,38.209736],[-81.785456,38.214246],[-81.789121,38.221466],[-81.781148,38.230901],[-81.764623,38.227471],[-81.754986,38.217731],[-81.753275,38.20287],[-81.737005,38.198173],[-81.72443,38.205596],[-81.720984,38.214632],[-81.727364,38.214031],[-81.725782,38.221207],[-81.708111,38.223077],[-81.705826,38.227102],[-81.695982,38.227287],[-81.687031,38.218138],[-81.659771,38.223487],[-81.64387,38.220759],[-81.643091,38.210682],[-81.652486,38.203474],[-81.644784,38.194986],[-81.648537,38.185036],[-81.639303,38.180278],[-81.641933,38.17634],[-81.634572,38.177534],[-81.633364,38.171615],[-81.624841,38.178757],[-81.602048,38.176197],[-81.606736,38.170101],[-81.595808,38.16711],[-81.599328,38.161798],[-81.589504,38.157222],[-81.581343,38.14367],[-81.574255,38.144918],[-81.569471,38.137287],[-81.555742,38.141543],[-81.545182,38.137911],[-81.539054,38.130951],[-81.546366,38.119815],[-81.534013,38.121352],[-81.515917,38.112616],[-81.521548,38.100456],[-81.534077,38.09684],[-81.539628,38.078952],[-81.517947,38.069433],[-81.516043,38.063673],[-81.505275,38.060697],[-81.491451,38.067897],[-81.48769,38.060858],[-81.478122,38.060138],[-81.473738,38.052906],[-81.476186,38.047482],[-81.460409,38.030075],[-81.466985,38.024427],[-81.465625,38.005211],[-81.455832,37.999307],[-81.453732,37.992707],[-81.456632,37.987307],[-81.483332,37.986507],[-81.489632,37.981107],[-81.507633,37.988207],[-81.526533,37.971207],[-81.539334,37.970807],[-81.544434,37.961107],[-81.555834,37.954307],[-81.554934,37.946107],[-81.561734,37.944107],[-81.558833,37.936207],[-81.571484,37.927808],[-81.562033,37.919707],[-81.564233,37.902708],[-81.553832,37.894309],[-81.563499,37.886202],[-81.55821,37.876975],[-81.567632,37.867508],[-81.563032,37.865908],[-81.557831,37.833209],[-81.551831,37.824509],[-81.542031,37.828909],[-81.516729,37.81841],[-81.521129,37.80011],[-81.514228,37.791211],[-81.520029,37.786111],[-81.529929,37.78991],[-81.535729,37.78291],[-81.57653,37.76331],[-81.582731,37.76881],[-81.583211,37.776415],[-81.596932,37.78671],[-81.607532,37.788709],[-81.620433,37.801209],[-81.632333,37.803409],[-81.632533,37.808009],[-81.646534,37.818008],[-81.644034,37.823208],[-81.650234,37.826208],[-81.649034,37.830908],[-81.654734,37.828608],[-81.658235,37.834208],[-81.667235,37.829408],[-81.679935,37.830607],[-81.691836,37.822107],[-81.698636,37.824107],[-81.713336,37.810007],[-81.723136,37.809607],[-81.731037,37.815707],[-81.730537,37.824207],[-81.742237,37.827007],[-81.750294,37.838045],[-81.745938,37.844106],[-81.762238,37.849006],[-81.767239,37.855906],[-81.774639,37.854006],[-81.771939,37.862006],[-81.782239,37.867205],[-81.759139,37.885105],[-81.757039,37.892805],[-81.759639,37.903405],[-81.764439,37.905305],[-81.760639,37.911105],[-81.77254,37.912904],[-81.781441,37.934504],[-81.801441,37.936604],[-81.815024,37.947245],[-81.873575,37.952249],[-81.903206,37.949798],[-81.902611,37.953122],[-81.910942,37.955575],[-81.901709,37.960807],[-81.902445,37.969102],[-81.912346,37.975501],[-81.936847,37.977401],[-81.950647,37.971901],[-81.977748,37.9827],[-81.979565,37.991511]]]}},{"type":"Feature","properties":{"GEOID":"54093","NAME":"Tucker","state":"WV","wildfire_risk_score":10.051,"wildfire_eal_total":2657.98,"risk_band":"Low","source":"FEMA National Risk Index v1.20 (December 2025)"},"geometry":{"type":"Polygon","coordinates":[[[-79.838093,39.131002],[-79.833293,39.153302],[-79.827491,39.160402],[-79.828612,39.177926],[-79.822193,39.186502],[-79.826693,39.194101],[-79.814088,39.209701],[-79.816491,39.219],[-79.808891,39.2238],[-79.809729,39.230526],[-79.687283,39.271398],[-79.507672,39.216235],[-79.484575,39.189607],[-79.467474,39.178807],[-79.445772,39.184407],[-79.442572,39.191307],[-79.428972,39.186807],[-79.422971,39.191107],[-79.40087,39.190307],[-79.377869,39.204706],[-79.365068,39.199406],[-79.356368,39.208506],[-79.348466,39.207005],[-79.345066,39.213806],[-79.336065,39.214706],[-79.323966,39.208106],[-79.310161,39.211203],[-79.289364,39.189806],[-79.308166,39.182305],[-79.313065,39.168407],[-79.322166,39.164107],[-79.331766,39.147807],[-79.326566,39.132807],[-79.335966,39.127207],[-79.331305,39.118839],[-79.345609,39.109154],[-79.348202,39.093742],[-79.355095,39.086449],[-79.334094,39.082656],[-79.327419,39.073828],[-79.314705,39.07025],[-79.306567,39.077034],[-79.298164,39.07321],[-79.30385,39.046963],[-79.317855,39.037247],[-79.310244,39.030293],[-79.312276,39.019163],[-79.320418,39.012153],[-79.31979,39.001802],[-79.328779,38.995697],[-79.330466,38.98261],[-79.340867,38.969309],[-79.354967,38.96461],[-79.408663,38.973835],[-79.472488,38.97803],[-79.494634,38.97749],[-79.503541,38.969967],[-79.508765,38.975173],[-79.785685,39.037404],[-79.776989,39.046505],[-79.779189,39.055805],[-79.773989,39.063105],[-79.779589,39.084404],[-79.799389,39.108003],[-79.81599,39.112503],[-79.821191,39.118303],[-79.825092,39.115803],[-79.830892,39.119403],[-79.829292,39.125903],[-79.838093,39.131002]]]}},{"type":"Feature","properties":{"GEOID":"54087","NAME":"Roane","state":"WV","wildfire_risk_score":17.112,"wildfire_eal_total":4199.94,"risk_band":"Moderate","source":"FEMA National Risk Index v1.20 (December 2025)"},"geometry":{"type":"Polygon","coordinates":[[[-81.538705,38.698362],[-81.521561,38.824904],[-81.530162,38.894788],[-81.52731,38.901666],[-81.511456,38.904255],[-81.510141,38.911344],[-81.496244,38.924828],[-81.467363,38.927503],[-81.448148,38.941645],[-81.415086,38.920725],[-81.344135,38.895715],[-81.308894,38.908104],[-81.270524,38.91436],[-81.271435,38.906656],[-81.262885,38.91103],[-81.258422,38.906433],[-81.260471,38.902079],[-81.248889,38.896538],[-81.259562,38.892042],[-81.238268,38.881409],[-81.241005,38.878856],[-81.237185,38.874094],[-81.242399,38.872901],[-81.237815,38.868602],[-81.243272,38.865122],[-81.235754,38.860661],[-81.2442,38.859684],[-81.246135,38.852361],[-81.238479,38.847311],[-81.228134,38.852288],[-81.227841,38.845949],[-81.220791,38.843604],[-81.215047,38.830895],[-81.215205,38.824461],[-81.224617,38.825183],[-81.220828,38.817677],[-81.226983,38.813792],[-81.220781,38.81097],[-81.225776,38.804799],[-81.217865,38.798363],[-81.227014,38.792185],[-81.220092,38.790149],[-81.220459,38.784923],[-81.207874,38.784888],[-81.212166,38.779728],[-81.203852,38.775938],[-81.188783,38.752155],[-81.171819,38.739805],[-81.168895,38.730544],[-81.175868,38.723119],[-81.171225,38.719911],[-81.172165,38.707444],[-81.166676,38.69507],[-81.174,38.680903],[-81.161427,38.67115],[-81.166211,38.660766],[-81.158667,38.658839],[-81.162486,38.652209],[-81.158837,38.644494],[-81.131599,38.63826],[-81.123837,38.630962],[-81.102097,38.63898],[-81.08266,38.616883],[-81.130978,38.565822],[-81.194113,38.527634],[-81.220561,38.531839],[-81.274252,38.52183],[-81.30349,38.534799],[-81.349335,38.541301],[-81.465372,38.549898],[-81.471654,38.546336],[-81.507547,38.582713],[-81.537664,38.646112],[-81.546631,38.672387],[-81.538705,38.698362]]]}},{"type":"Feature","properties":{"GEOID":"54001","NAME":"Barbour","state":"WV","wildfire_risk_score":11.641,"wildfire_eal_total":3640.94,"risk_band":"Low","source":"FEMA National Risk Index v1.20 (December 2025)"},"geometry":{"type":"Polygon","coordinates":[[[-80.226306,39.123561],[-80.224379,39.17135],[-80.166387,39.242283],[-80.150041,39.23825],[-80.022881,39.248028],[-79.961025,39.268944],[-79.955624,39.282463],[-79.950641,39.281737],[-79.942332,39.290174],[-79.942575,39.296455],[-79.937032,39.297327],[-79.932316,39.289535],[-79.915397,39.294581],[-79.90751,39.289528],[-79.908597,39.299295],[-79.902252,39.303215],[-79.892884,39.298908],[-79.889185,39.302801],[-79.861731,39.285099],[-79.860156,39.275439],[-79.852968,39.27176],[-79.85033,39.246573],[-79.809287,39.235788],[-79.808891,39.2238],[-79.816491,39.219],[-79.814088,39.209701],[-79.826693,39.194101],[-79.822193,39.186502],[-79.828612,39.177926],[-79.827491,39.160402],[-79.833293,39.153302],[-79.838093,39.131002],[-79.828592,39.125003],[-79.830892,39.119403],[-79.825092,39.115803],[-79.824092,39.106803],[-79.854793,39.088403],[-79.896094,38.973404],[-80.085062,38.947236],[-80.063889,38.9582],[-80.073346,38.964957],[-80.072283,38.968564],[-80.067482,38.966858],[-80.06199,38.974813],[-80.052651,38.975163],[-80.05165,38.994145],[-80.047049,38.997047],[-80.054939,39.005345],[-80.044431,39.011388],[-80.058711,39.021586],[-80.05401,39.02802],[-80.05582,39.03716],[-80.060967,39.034166],[-80.067139,39.038037],[-80.128198,39.037795],[-80.167831,39.087583],[-80.199636,39.098558],[-80.209469,39.097357],[-80.227173,39.112792],[-80.226306,39.123561]]]}},{"type":"Feature","properties":{"GEOID":"54013","NAME":"Calhoun","state":"WV","wildfire_risk_score":3.785,"wildfire_eal_total":984.59,"risk_band":"Low","source":"FEMA National Risk Index v1.20 (December 2025)"},"geometry":{"type":"Polygon","coordinates":[[[-81.278412,38.914867],[-81.274167,38.918019],[-81.27706,38.924554],[-81.266365,38.926185],[-81.27269,38.936338],[-81.154763,39.040467],[-81.136467,39.045111],[-81.122535,39.039482],[-81.116034,39.042482],[-81.112234,39.030681],[-81.102532,39.02148],[-81.094334,39.022281],[-81.093934,39.015583],[-81.081433,39.016682],[-81.07504,39.009986],[-81.034818,39.01189],[-81.037932,39.007184],[-81.032032,39.001984],[-81.036027,38.996709],[-81.034404,38.986932],[-81.025836,38.981968],[-81.020023,38.984138],[-81.020418,38.979195],[-81.003484,38.96099],[-81.011078,38.957451],[-81.004355,38.947993],[-81.002611,38.932385],[-81.013887,38.919785],[-81.008298,38.914559],[-81.002777,38.846025],[-81.012089,38.840694],[-81.008882,38.836617],[-81.013545,38.831383],[-81.012064,38.822142],[-81.035335,38.809725],[-81.030206,38.807362],[-81.032811,38.804153],[-81.056714,38.793322],[-81.051531,38.789369],[-81.049483,38.7757],[-81.042964,38.775616],[-81.046062,38.770709],[-81.037541,38.762247],[-81.031327,38.759867],[-81.022438,38.764809],[-81.020286,38.755392],[-81.014228,38.758781],[-80.999723,38.750422],[-80.98495,38.717898],[-81.08371,38.611982],[-81.084933,38.623833],[-81.096361,38.628403],[-81.102097,38.63898],[-81.123837,38.630962],[-81.131599,38.63826],[-81.158837,38.644494],[-81.162486,38.652209],[-81.158667,38.658839],[-81.166211,38.660766],[-81.161427,38.67115],[-81.174,38.680903],[-81.166676,38.69507],[-81.172165,38.707444],[-81.171225,38.719911],[-81.175868,38.723119],[-81.168895,38.730544],[-81.171819,38.739805],[-81.188783,38.752155],[-81.203852,38.775938],[-81.212166,38.779728],[-81.207874,38.784888],[-81.220459,38.784923],[-81.220092,38.790149],[-81.227014,38.792185],[-81.217865,38.798363],[-81.225776,38.804799],[-81.220781,38.81097],[-81.226983,38.813792],[-81.220828,38.817677],[-81.224617,38.825183],[-81.215205,38.824461],[-81.215047,38.830895],[-81.220791,38.843604],[-81.227841,38.845949],[-81.228134,38.852288],[-81.238479,38.847311],[-81.246135,38.852361],[-81.245935,38.858132],[-81.235365,38.86248],[-81.243272,38.865122],[-81.237815,38.868602],[-81.242399,38.872901],[-81.237185,38.874094],[-81.241005,38.878856],[-81.238268,38.881409],[-81.259562,38.892042],[-81.248889,38.896538],[-81.260471,38.902079],[-81.258422,38.906433],[-81.262885,38.91103],[-81.270428,38.906056],[-81.270524,38.91436],[-81.278412,38.914867]]]}},{"type":"Feature","properties":{"GEOID":"54081","NAME":"Raleigh","state":"WV","wildfire_risk_score":75.095,"wildfire_eal_total":210524.31,"risk_band":"High","source":"FEMA National Risk Index v1.20 (December 2025)"},"geometry":{"type":"Polygon","coordinates":[[[-81.571484,37.927808],[-81.558833,37.936207],[-81.561734,37.944107],[-81.554934,37.946107],[-81.555834,37.954307],[-81.544434,37.961107],[-81.542034,37.968907],[-81.526533,37.971207],[-81.507633,37.988207],[-81.489632,37.981107],[-81.483332,37.986507],[-81.459132,37.989407],[-81.455932,37.986107],[-81.459132,37.979108],[-81.443931,37.974608],[-81.438531,37.968008],[-81.429231,37.971808],[-81.418531,37.967608],[-81.411431,37.974308],[-81.38663,37.967209],[-81.347,37.976672],[-81.342009,37.969469],[-81.328492,37.966678],[-81.322223,37.952316],[-81.296295,37.943728],[-81.301356,37.927177],[-81.294207,37.906066],[-81.300441,37.893514],[-81.295182,37.889368],[-81.072833,37.873682],[-81.072898,37.860607],[-81.099598,37.859728],[-81.100227,37.854732],[-81.087653,37.849811],[-81.052319,37.858351],[-81.048982,37.850698],[-81.05908,37.840777],[-81.054223,37.833901],[-81.024646,37.829298],[-80.966463,37.832061],[-80.935559,37.815908],[-80.926321,37.80973],[-80.921435,37.793408],[-80.894634,37.774583],[-80.894312,37.766775],[-80.901921,37.756738],[-80.91798,37.751939],[-80.923617,37.743581],[-80.896906,37.727709],[-80.88997,37.701512],[-80.878406,37.692691],[-80.877729,37.685603],[-80.894693,37.672472],[-80.900267,37.676282],[-80.89776,37.689976],[-80.908297,37.700127],[-80.945245,37.715272],[-80.977099,37.71452],[-80.980334,37.706394],[-80.972629,37.69902],[-80.974632,37.695791],[-80.984234,37.694073],[-80.988944,37.685794],[-81.004334,37.679618],[-81.007981,37.67321],[-81.021701,37.669609],[-81.028761,37.662788],[-81.027558,37.65856],[-81.068166,37.64092],[-81.066745,37.633803],[-81.074069,37.632437],[-81.064268,37.611057],[-81.076866,37.599831],[-81.087438,37.597972],[-81.09372,37.588731],[-81.108117,37.593917],[-81.119417,37.588417],[-81.135418,37.597916],[-81.198869,37.575533],[-81.19876,37.559351],[-81.20452,37.552716],[-81.200008,37.540266],[-81.21039,37.530618],[-81.20712,37.525116],[-81.213785,37.508691],[-81.218809,37.508787],[-81.244722,37.529815],[-81.252667,37.532899],[-81.264201,37.527616],[-81.275149,37.53414],[-81.277205,37.541816],[-81.301537,37.545434],[-81.311255,37.552378],[-81.316477,37.562621],[-81.310323,37.576614],[-81.313123,37.586414],[-81.319023,37.588814],[-81.427713,37.749257],[-81.445427,37.761412],[-81.458027,37.784211],[-81.478528,37.780611],[-81.489628,37.784211],[-81.492928,37.791511],[-81.514228,37.791211],[-81.521129,37.80011],[-81.516729,37.81841],[-81.542031,37.828909],[-81.551831,37.824509],[-81.561532,37.842709],[-81.563032,37.865908],[-81.567632,37.867508],[-81.55821,37.876975],[-81.563499,37.886202],[-81.553832,37.894309],[-81.564233,37.902708],[-81.562033,37.919707],[-81.571484,37.927808]]]}},{"type":"Feature","properties":{"GEOID":"54083","NAME":"Randolph","state":"WV","wildfire_risk_score":16.858,"wildfire_eal_total":5776.19,"risk_band":"Moderate","source":"FEMA National Risk Index v1.20 (December 2025)"},"geometry":{"type":"Polygon","coordinates":[[[-80.251383,38.727141],[-80.236526,38.743769],[-80.126105,38.745836],[-80.098387,38.840549],[-80.109384,38.897337],[-80.102704,38.900457],[-80.101508,38.908585],[-80.090539,38.914199],[-80.088226,38.923499],[-80.097343,38.927706],[-80.088058,38.933594],[-80.090274,38.940105],[-80.082131,38.944757],[-80.085062,38.947236],[-79.896094,38.973404],[-79.860593,39.068503],[-79.863193,39.072703],[-79.849593,39.094903],[-79.838392,39.095103],[-79.827092,39.102803],[-79.826092,39.114903],[-79.821191,39.118303],[-79.81599,39.112503],[-79.799389,39.108003],[-79.775289,39.076604],[-79.776989,39.046505],[-79.785685,39.037404],[-79.508765,38.975173],[-79.503541,38.969967],[-79.494634,38.97749],[-79.433734,38.97615],[-79.379768,38.96591],[-79.364468,38.96711],[-79.349366,38.958409],[-79.367968,38.92481],[-79.374768,38.92101],[-79.41567,38.92301],[-79.443371,38.93261],[-79.455472,38.92991],[-79.456972,38.92461],[-79.444471,38.89861],[-79.482573,38.88641],[-79.505674,38.89351],[-79.519474,38.89201],[-79.518574,38.88441],[-79.510074,38.87581],[-79.512674,38.867211],[-79.539075,38.841411],[-79.523173,38.830214],[-79.529771,38.819315],[-79.507873,38.800911],[-79.508573,38.784412],[-79.515773,38.779412],[-79.534273,38.747712],[-79.543174,38.746512],[-79.545373,38.737212],[-79.555574,38.732512],[-79.564507,38.713006],[-79.571013,38.713602],[-79.588174,38.689513],[-79.597675,38.687614],[-79.601468,38.678704],[-79.595357,38.663252],[-79.623075,38.668814],[-79.630675,38.659914],[-79.635376,38.661114],[-79.627076,38.678913],[-79.643676,38.680713],[-79.661376,38.690112],[-79.678576,38.681911],[-79.680277,38.664413],[-79.697778,38.666113],[-79.701878,38.679913],[-79.710179,38.685713],[-79.725378,38.679111],[-79.73898,38.679513],[-79.74388,38.686412],[-79.73768,38.691612],[-79.73738,38.707012],[-79.73058,38.712012],[-79.751181,38.722312],[-79.754682,38.734011],[-79.776483,38.739811],[-79.802283,38.710311],[-79.798183,38.703711],[-79.808983,38.691512],[-79.807883,38.683212],[-79.814583,38.676712],[-79.821583,38.656412],[-79.833583,38.648012],[-79.830441,38.6362],[-79.838383,38.628613],[-79.846483,38.629913],[-79.842183,38.608613],[-79.856483,38.583614],[-79.863553,38.55065],[-80.028404,38.459166],[-80.11692,38.473953],[-80.245518,38.388457],[-80.183931,38.525386],[-80.280059,38.694867],[-80.251383,38.727141]]]}},{"type":"Feature","properties":{"GEOID":"54007","NAME":"Braxton","state":"WV","wildfire_risk_score":5.439,"wildfire_eal_total":1335.22,"risk_band":"Low","source":"FEMA National Risk Index v1.20 (December 2025)"},"geometry":{"type":"Polygon","coordinates":[[[-80.98495,38.717898],[-80.701522,38.879045],[-80.669909,38.892773],[-80.672587,38.888967],[-80.666076,38.881968],[-80.652638,38.889592],[-80.641017,38.884815],[-80.6312,38.89759],[-80.609278,38.904785],[-80.597049,38.895999],[-80.599169,38.892007],[-80.590991,38.883679],[-80.593296,38.870508],[-80.58356,38.858916],[-80.558463,38.867467],[-80.541525,38.853902],[-80.523992,38.862826],[-80.505328,38.8524],[-80.500718,38.844661],[-80.490845,38.845259],[-80.479309,38.832939],[-80.474111,38.833404],[-80.485528,38.800304],[-80.474532,38.794274],[-80.463556,38.79604],[-80.458484,38.787497],[-80.463698,38.783764],[-80.458482,38.776053],[-80.446148,38.777514],[-80.442091,38.77185],[-80.45002,38.768272],[-80.451149,38.749146],[-80.508655,38.645553],[-80.650786,38.52659],[-80.658924,38.525428],[-80.697191,38.537313],[-80.700328,38.533474],[-80.71635,38.536858],[-80.719145,38.53226],[-80.723887,38.536166],[-80.736916,38.53261],[-80.736239,38.524788],[-80.750828,38.525652],[-80.760294,38.541512],[-80.778329,38.549126],[-80.77973,38.556219],[-80.785295,38.557587],[-80.881232,38.507045],[-80.891499,38.536913],[-80.917744,38.544816],[-80.912894,38.54806],[-80.913018,38.563206],[-80.924968,38.571753],[-80.926342,38.579339],[-80.955146,38.592206],[-80.957697,38.597291],[-80.970274,38.593445],[-80.971083,38.610732],[-80.978936,38.614943],[-80.975961,38.625096],[-81.031677,38.667839],[-80.98495,38.717898]]]}},{"type":"Feature","properties":{"GEOID":"54011","NAME":"Cabell","state":"WV","wildfire_risk_score":69.243,"wildfire_eal_total":144304.58,"risk_band":"High","source":"FEMA National Risk Index v1.20 (December 2025)"},"geometry":{"type":"Polygon","coordinates":[[[-82.507678,38.410782],[-82.404882,38.439347],[-82.381773,38.434783],[-82.330335,38.4445],[-82.318111,38.457876],[-82.304223,38.496308],[-82.293471,38.575383],[-82.27147,38.595383],[-82.245969,38.598483],[-82.218967,38.591683],[-82.055127,38.474547],[-82.047128,38.374432],[-82.065094,38.376672],[-82.080873,38.368333],[-82.097205,38.367479],[-82.103591,38.361768],[-82.102606,38.357117],[-82.110281,38.358538],[-82.116475,38.344426],[-82.125511,38.346799],[-82.168895,38.335311],[-82.17871,38.339288],[-82.183356,38.329495],[-82.196872,38.321906],[-82.197409,38.310958],[-82.220603,38.310791],[-82.206519,38.301438],[-82.211994,38.291164],[-82.207585,38.288697],[-82.216892,38.280408],[-82.241316,38.27129],[-82.247601,38.262415],[-82.24518,38.254092],[-82.259982,38.246236],[-82.257417,38.235223],[-82.275387,38.228084],[-82.299143,38.239876],[-82.311409,38.256178],[-82.308816,38.263213],[-82.313406,38.268109],[-82.302576,38.287714],[-82.302848,38.298964],[-82.293207,38.303977],[-82.276212,38.303868],[-82.278788,38.311146],[-82.288952,38.314014],[-82.286646,38.321543],[-82.314411,38.331364],[-82.317315,38.326277],[-82.330482,38.323769],[-82.329416,38.313386],[-82.343911,38.305209],[-82.507678,38.410782]]]}},{"type":"Feature","properties":{"GEOID":"54073","NAME":"Pleasants","state":"WV","wildfire_risk_score":3.658,"wildfire_eal_total":962.29,"risk_band":"Low","source":"FEMA National Risk Index v1.20 (December 2025)"},"geometry":{"type":"Polygon","coordinates":[[[-81.3712707002794,39.3420616369494],[-81.347567,39.34577],[-81.270716,39.385914],[-81.24184,39.390276],[-81.217315,39.38759],[-81.208231,39.407147],[-81.182307,39.433533],[-81.16352,39.441186],[-81.134434,39.445075],[-81.121472141059,39.4577567792019],[-81.106913,39.463571],[-81.095558,39.457203],[-81.078895,39.467556],[-81.05711,39.463333],[-81.054048,39.467447],[-81.061269,39.476432],[-81.025429,39.463689],[-81.007836,39.350923],[-81.016932,39.351677],[-81.023532,39.346477],[-81.036732,39.350277],[-81.044432,39.328777],[-81.060432,39.322677],[-81.081046,39.331186],[-81.102517,39.323277],[-81.113119,39.324056],[-81.11874,39.315391],[-81.133134,39.314777],[-81.135834,39.310477],[-81.164619,39.312057],[-81.172854,39.306264],[-81.189135,39.314076],[-81.190328,39.30508],[-81.221335,39.307975],[-81.232335,39.290075],[-81.231435,39.274976],[-81.239477,39.268328],[-81.260183,39.281578],[-81.260367,39.291416],[-81.265828,39.295511],[-81.324258,39.29865],[-81.328319,39.312036],[-81.324063,39.316371],[-81.328038,39.322144],[-81.335359,39.324065],[-81.341014,39.318966],[-81.349223,39.328785],[-81.357701,39.325008],[-81.355598,39.320922],[-81.363638,39.320502],[-81.366159,39.32439],[-81.361683,39.325622],[-81.367301,39.328701],[-81.3712707002794,39.3420616369494]]]}},{"type":"Feature","properties":{"GEOID":"54019","NAME":"Fayette","state":"WV","wildfire_risk_score":49.523,"wildfire_eal_total":37457.13,"risk_band":"High","source":"FEMA National Risk Index v1.20 (December 2025)"},"geometry":{"type":"Polygon","coordinates":[[[-81.380829,37.969109],[-81.326752,38.174452],[-81.329264,38.182374],[-81.314889,38.180603],[-81.231491,38.263426],[-81.221197,38.262276],[-81.219967,38.254235],[-81.192285,38.249368],[-81.1939,38.242011],[-81.18563,38.237038],[-81.194604,38.23304],[-81.19178,38.228578],[-81.176385,38.233697],[-81.153865,38.226352],[-81.143906,38.236043],[-81.132625,38.235144],[-81.111114,38.213647],[-81.084937,38.204505],[-81.08357,38.19936],[-81.074726,38.196105],[-81.065437,38.200191],[-81.071419,38.206008],[-81.069607,38.210917],[-81.051825,38.212106],[-81.059663,38.221797],[-81.038336,38.228493],[-81.038801,38.239721],[-81.034552,38.24009],[-81.027162,38.230912],[-81.034908,38.220482],[-81.020154,38.214273],[-81.018703,38.204833],[-81.007652,38.205831],[-81.011303,38.211946],[-81.008704,38.22077],[-80.983472,38.22254],[-80.96942,38.215685],[-80.965489,38.201366],[-80.956385,38.202382],[-80.947407,38.196859],[-80.944105,38.193627],[-80.948422,38.185257],[-80.941592,38.181596],[-80.950658,38.177621],[-80.946179,38.172667],[-80.949766,38.168014],[-80.940749,38.155054],[-80.927298,38.150804],[-80.919665,38.141456],[-80.90827,38.143079],[-80.910467,38.132906],[-80.903646,38.123159],[-80.885834,38.136499],[-80.882755,38.13402],[-80.887765,38.121575],[-80.876435,38.110733],[-80.882187,38.103457],[-80.883449,38.084064],[-80.893881,38.079614],[-80.877235,38.064765],[-80.840258,38.052916],[-80.821805,38.064532],[-80.79984,38.062955],[-80.814288,38.055387],[-80.812476,38.047063],[-80.829496,38.043493],[-80.828253,38.031684],[-80.821967,38.027175],[-80.798432,38.026292],[-80.796672,38.017504],[-80.786019,38.006229],[-80.788886,37.992358],[-80.769866,37.98527],[-80.810866,37.949141],[-80.748867,37.865099],[-80.806256,37.868878],[-80.94511,37.819131],[-80.966463,37.832061],[-81.024646,37.829298],[-81.054223,37.833901],[-81.05908,37.840777],[-81.048982,37.850698],[-81.049797,37.857612],[-81.087653,37.849811],[-81.100227,37.854732],[-81.099598,37.859728],[-81.072898,37.860607],[-81.072833,37.873682],[-81.295182,37.889368],[-81.300441,37.893514],[-81.294207,37.906066],[-81.301356,37.927177],[-81.296295,37.943728],[-81.322223,37.952316],[-81.328492,37.966678],[-81.342009,37.969469],[-81.347,37.976672],[-81.380829,37.969109]]]}},{"type":"Feature","properties":{"GEOID":"54043","NAME":"Lincoln","state":"WV","wildfire_risk_score":71.978,"wildfire_eal_total":148174.82,"risk_band":"High","source":"FEMA National Risk Index v1.20 (December 2025)"},"geometry":{"type":"Polygon","coordinates":[[[-82.306391,37.94364],[-82.243226,38.000936],[-82.217515,38.020054],[-82.203947,38.023767],[-82.206421,38.029049],[-82.192314,38.046314],[-82.192599,38.051127],[-82.209367,38.052035],[-82.21181,38.057203],[-82.206894,38.058204],[-82.205794,38.066768],[-82.227963,38.069058],[-82.227903,38.076242],[-82.235354,38.076167],[-82.240868,38.097212],[-82.246279,38.102148],[-82.252966,38.100877],[-82.268486,38.115021],[-82.257755,38.133606],[-82.283316,38.141936],[-82.286204,38.149061],[-82.279983,38.152525],[-82.271671,38.169422],[-82.277307,38.173183],[-82.271354,38.178323],[-82.277824,38.205667],[-82.266411,38.210616],[-82.269915,38.217789],[-82.257417,38.235223],[-82.259982,38.246236],[-82.24518,38.254092],[-82.247601,38.262415],[-82.241316,38.27129],[-82.216892,38.280408],[-82.207585,38.288697],[-82.211994,38.291164],[-82.206519,38.301438],[-82.220603,38.310791],[-82.197409,38.310958],[-82.196872,38.321906],[-82.183356,38.329495],[-82.177643,38.339784],[-82.168895,38.335311],[-82.125511,38.346799],[-82.116475,38.344426],[-82.110281,38.358538],[-82.102606,38.357117],[-82.100815,38.365661],[-82.080873,38.368333],[-82.062775,38.376768],[-82.047128,38.374432],[-82.043094,38.337278],[-82.048852,38.290342],[-82.028291,38.279362],[-82.019384,38.281864],[-82.015467,38.279446],[-82.016464,38.271954],[-82.001786,38.271601],[-81.997406,38.266605],[-81.991774,38.269085],[-81.991151,38.275772],[-81.982094,38.276701],[-81.915197,38.325597],[-81.885772,38.31475],[-81.846627,38.31333],[-81.830634,38.322526],[-81.812825,38.311407],[-81.806505,38.293711],[-81.807993,38.269143],[-81.802064,38.261659],[-81.810543,38.257013],[-81.803001,38.249181],[-81.820837,38.242696],[-81.812318,38.240482],[-81.807747,38.233787],[-81.810089,38.227914],[-81.801998,38.221133],[-81.809171,38.220089],[-81.821569,38.228884],[-81.818297,38.217474],[-81.834399,38.222583],[-81.836433,38.218607],[-81.831018,38.210736],[-81.840948,38.208548],[-81.839497,38.201266],[-81.851766,38.184813],[-81.842497,38.185541],[-81.838576,38.180868],[-81.849438,38.18122],[-81.851176,38.173074],[-81.871974,38.176846],[-81.872118,38.163699],[-81.886469,38.168002],[-81.887975,38.162696],[-81.888565,38.165842],[-81.888065,38.151275],[-81.878192,38.149536],[-81.878779,38.137202],[-81.88838,38.142072],[-81.903797,38.14164],[-81.927565,38.152492],[-81.932444,38.150085],[-81.933096,38.140286],[-81.943864,38.137504],[-81.945811,38.125778],[-81.953557,38.118261],[-81.94648,38.110449],[-81.947116,38.104295],[-81.964081,38.089653],[-81.962098,38.085732],[-81.968938,38.077728],[-81.966287,38.069935],[-81.973019,38.06428],[-81.971006,38.047897],[-81.950948,38.037908],[-81.917688,38.035444],[-81.905482,38.029448],[-81.928027,38.028276],[-81.943291,38.021229],[-81.967642,38.023228],[-81.972321,38.018663],[-81.988335,38.02476],[-81.998723,38.020333],[-82.012871,38.022265],[-82.027488,38.014371],[-82.044575,38.014757],[-82.306391,37.94364]]]}},{"type":"Feature","properties":{"GEOID":"54071","NAME":"Pendleton","state":"WV","wildfire_risk_score":26.781,"wildfire_eal_total":11923.24,"risk_band":"Moderate","source":"FEMA National Risk Index v1.20 (December 2025)"},"geometry":{"type":"Polygon","coordinates":[[[-79.649875,38.593215],[-79.642994,38.602784],[-79.627074,38.607915],[-79.619174,38.620815],[-79.634342,38.636308],[-79.617906,38.658365],[-79.62623,38.666148],[-79.595357,38.663252],[-79.601468,38.678704],[-79.597675,38.687614],[-79.588174,38.689513],[-79.571013,38.713602],[-79.564507,38.713006],[-79.555574,38.732512],[-79.545373,38.737212],[-79.543174,38.746512],[-79.534273,38.747712],[-79.515773,38.779412],[-79.510073,38.780712],[-79.507873,38.800911],[-79.527193,38.814156],[-79.529104,38.822978],[-79.523173,38.830214],[-79.539075,38.841411],[-79.512674,38.867211],[-79.510074,38.87581],[-79.518574,38.88441],[-79.519474,38.89201],[-79.505674,38.89351],[-79.482573,38.88641],[-79.444471,38.89861],[-79.455672,38.91861],[-79.455472,38.92991],[-79.443371,38.93261],[-79.41567,38.92301],[-79.374768,38.92101],[-79.367968,38.92481],[-79.349867,38.957509],[-79.057253,38.761413],[-79.072555,38.747513],[-79.087255,38.720114],[-79.092755,38.702315],[-79.084355,38.686516],[-79.092955,38.659517],[-79.106356,38.656217],[-79.120256,38.660216],[-79.129757,38.655017],[-79.151257,38.620618],[-79.158657,38.592319],[-79.170958,38.56812],[-79.205859,38.524521],[-79.210591,38.492913],[-79.225669,38.476471],[-79.240059,38.469841],[-79.242641,38.454168],[-79.254435,38.455949],[-79.267414,38.438322],[-79.282762,38.431647],[-79.279678,38.424173],[-79.282971,38.418095],[-79.290529,38.420757],[-79.312276,38.411876],[-79.476638,38.457228],[-79.521469,38.533918],[-79.53687,38.550917],[-79.649875,38.593215]]]}},{"type":"Feature","properties":{"GEOID":"54045","NAME":"Logan","state":"WV","wildfire_risk_score":82.57,"wildfire_eal_total":400226.51,"risk_band":"High","source":"FEMA National Risk Index v1.20 (December 2025)"},"geometry":{"type":"Polygon","coordinates":[[[-82.196894,37.964444],[-82.190658,37.974778],[-82.044575,38.014757],[-82.027488,38.014371],[-82.012871,38.022265],[-81.998723,38.020333],[-81.988335,38.02476],[-81.972321,38.018663],[-81.967642,38.023228],[-81.945367,38.021051],[-81.932507,38.025356],[-81.979432,37.991649],[-81.977748,37.9827],[-81.949947,37.971801],[-81.936847,37.977401],[-81.912346,37.975501],[-81.902445,37.969102],[-81.901709,37.960807],[-81.910942,37.955575],[-81.902611,37.953122],[-81.903206,37.949798],[-81.873575,37.952249],[-81.815024,37.947245],[-81.801441,37.936604],[-81.781441,37.934504],[-81.77254,37.912904],[-81.760639,37.911105],[-81.764439,37.905305],[-81.759639,37.903405],[-81.757039,37.892805],[-81.759139,37.885105],[-81.782239,37.867205],[-81.771939,37.862006],[-81.774639,37.854006],[-81.767239,37.855906],[-81.762238,37.849006],[-81.745938,37.844106],[-81.750294,37.838045],[-81.742237,37.827007],[-81.730537,37.824207],[-81.731037,37.815707],[-81.723136,37.809607],[-81.713336,37.810007],[-81.698636,37.824107],[-81.691836,37.822107],[-81.679935,37.830607],[-81.667235,37.829408],[-81.658235,37.834208],[-81.654734,37.828608],[-81.649034,37.830908],[-81.650234,37.826208],[-81.644034,37.823208],[-81.646534,37.818008],[-81.632533,37.808009],[-81.632333,37.803409],[-81.617933,37.799909],[-81.607532,37.788709],[-81.623732,37.782509],[-81.627533,37.785709],[-81.638033,37.777609],[-81.657134,37.779809],[-81.665734,37.775009],[-81.669734,37.778909],[-81.675135,37.772709],[-81.693835,37.774108],[-81.708236,37.763508],[-81.741136,37.759908],[-81.743336,37.764408],[-81.754337,37.755908],[-81.761937,37.756608],[-81.764537,37.751708],[-81.701734,37.701409],[-81.716435,37.700909],[-81.733235,37.693209],[-81.736935,37.682609],[-81.746936,37.679609],[-81.755636,37.685709],[-81.765136,37.677709],[-81.777737,37.678009],[-81.780037,37.672509],[-81.792137,37.671209],[-81.814438,37.655309],[-81.834339,37.671908],[-81.849448,37.664353],[-81.86884,37.680008],[-81.87534,37.670008],[-81.902341,37.661208],[-81.911742,37.670107],[-81.914042,37.680407],[-81.930238,37.682011],[-81.944826,37.671219],[-81.955443,37.675007],[-81.966244,37.664707],[-81.979944,37.667807],[-81.986844,37.657907],[-81.991844,37.658307],[-81.987344,37.650607],[-81.993644,37.640707],[-81.999828,37.644201],[-82.00103,37.662461],[-82.022647,37.668151],[-82.024014,37.682273],[-82.031789,37.685811],[-82.041254,37.701589],[-82.055676,37.701531],[-82.056933,37.705797],[-82.082648,37.701565],[-82.080751,37.705932],[-82.085948,37.707094],[-82.083839,37.71389],[-82.088288,37.717573],[-82.08564,37.72167],[-82.091989,37.722535],[-82.085247,37.731366],[-82.094373,37.735671],[-82.091169,37.742209],[-82.105628,37.750512],[-82.11704,37.747606],[-82.111823,37.752757],[-82.110637,37.766645],[-82.100361,37.766947],[-82.10387,37.779654],[-82.09989,37.786983],[-82.107098,37.789703],[-82.102067,37.797864],[-82.122636,37.804615],[-82.124854,37.810833],[-82.133455,37.810396],[-82.133639,37.826251],[-82.146176,37.837862],[-82.134802,37.846645],[-82.112816,37.853148],[-82.11222,37.859418],[-82.119874,37.858216],[-82.128809,37.87785],[-82.118542,37.881789],[-82.120161,37.892392],[-82.127864,37.90081],[-82.145316,37.901159],[-82.159835,37.90754],[-82.163476,37.923469],[-82.171162,37.926404],[-82.172125,37.936249],[-82.185847,37.942479],[-82.181231,37.950284],[-82.196894,37.964444]]]}},{"type":"Feature","properties":{"GEOID":"54075","NAME":"Pocahontas","state":"WV","wildfire_risk_score":13.232,"wildfire_eal_total":3311.81,"risk_band":"Low","source":"FEMA National Risk Index v1.20 (December 2025)"},"geometry":{"type":"Polygon","coordinates":[[[-80.36094,38.191499],[-80.352171,38.345337],[-80.330267,38.335758],[-80.11692,38.473953],[-80.028404,38.459166],[-79.863553,38.55065],[-79.856483,38.583614],[-79.842183,38.608613],[-79.846483,38.629913],[-79.838383,38.628613],[-79.830441,38.6362],[-79.833583,38.648012],[-79.821583,38.656412],[-79.814583,38.676712],[-79.807883,38.683212],[-79.808983,38.691512],[-79.798183,38.703711],[-79.802283,38.710311],[-79.793483,38.716011],[-79.780483,38.738011],[-79.754682,38.734011],[-79.751181,38.722312],[-79.73058,38.712012],[-79.73738,38.707012],[-79.73768,38.691612],[-79.74388,38.686412],[-79.73898,38.679513],[-79.725378,38.679111],[-79.710179,38.685713],[-79.701878,38.679913],[-79.697778,38.666113],[-79.680277,38.664413],[-79.678576,38.681911],[-79.661376,38.690112],[-79.643676,38.680713],[-79.627076,38.678913],[-79.636176,38.662114],[-79.630675,38.659914],[-79.626774,38.664214],[-79.617906,38.658365],[-79.634342,38.636308],[-79.619174,38.620815],[-79.627074,38.607915],[-79.642994,38.602784],[-79.662875,38.570416],[-79.659275,38.562416],[-79.665075,38.560916],[-79.669275,38.549516],[-79.666874,38.538317],[-79.672974,38.528717],[-79.662074,38.515517],[-79.670474,38.507717],[-79.680374,38.510617],[-79.682974,38.501317],[-79.697572,38.487223],[-79.693424,38.481011],[-79.698929,38.469869],[-79.688365,38.45687],[-79.689675,38.431439],[-79.706634,38.41573],[-79.72635,38.38707],[-79.731698,38.373376],[-79.725597,38.363828],[-79.740615,38.354101],[-79.764432,38.356514],[-79.77309,38.335529],[-79.79655,38.32348],[-79.808711,38.309429],[-79.802778,38.292073],[-79.795448,38.290228],[-79.789791,38.281167],[-79.788945,38.268703],[-79.806333,38.259193],[-79.811987,38.260401],[-79.819623,38.248234],[-79.830882,38.249687],[-79.835124,38.241892],[-79.845207,38.241082],[-79.891591,38.204652],[-79.898426,38.193045],[-79.91441,38.188418],[-79.921196,38.180378],[-79.916622,38.177994],[-79.918913,38.170439],[-79.914884,38.167524],[-79.919515,38.162649],[-79.918662,38.15479],[-79.933751,38.135508],[-79.944843,38.131585],[-79.938952,38.111619],[-79.92633,38.107151],[-79.954369,38.080397],[-79.959844,38.063697],[-80.106891,38.055845],[-80.169169,38.036111],[-80.198012,38.042949],[-80.21035,38.037074],[-80.222169,38.043754],[-80.264653,38.046616],[-80.36329,38.114438],[-80.36094,38.191499]]]}},{"type":"Feature","properties":{"GEOID":"54067","NAME":"Nicholas","state":"WV","wildfire_risk_score":40.585,"wildfire_eal_total":19295.55,"risk_band":"Moderate","source":"FEMA National Risk Index v1.20 (December 2025)"},"geometry":{"type":"Polygon","coordinates":[[[-81.231434,38.263716],[-80.911314,38.414816],[-80.817424,38.478553],[-80.825292,38.494349],[-80.864608,38.500102],[-80.881232,38.507045],[-80.785295,38.557587],[-80.77973,38.556219],[-80.778329,38.549126],[-80.760294,38.541512],[-80.750828,38.525652],[-80.736239,38.524788],[-80.736916,38.53261],[-80.723887,38.536166],[-80.719145,38.53226],[-80.71635,38.536858],[-80.700328,38.533474],[-80.697191,38.537313],[-80.688511,38.531727],[-80.650786,38.52659],[-80.678291,38.503492],[-80.640725,38.424173],[-80.661668,38.41251],[-80.633443,38.375108],[-80.62552,38.354392],[-80.612755,38.366983],[-80.609534,38.358778],[-80.436514,38.267334],[-80.711961,38.079129],[-80.882187,38.103457],[-80.876435,38.110733],[-80.887765,38.121575],[-80.882755,38.13402],[-80.885834,38.136499],[-80.903646,38.123159],[-80.910467,38.132906],[-80.90827,38.143079],[-80.919665,38.141456],[-80.927298,38.150804],[-80.940749,38.155054],[-80.950672,38.175844],[-80.941592,38.181596],[-80.948422,38.185257],[-80.944105,38.193627],[-80.956385,38.202382],[-80.965489,38.201366],[-80.96942,38.215685],[-80.983472,38.22254],[-81.008704,38.22077],[-81.011303,38.211946],[-81.007652,38.205831],[-81.016341,38.203729],[-81.020154,38.214273],[-81.034908,38.220482],[-81.027162,38.230912],[-81.028411,38.2371],[-81.038801,38.239721],[-81.038336,38.228493],[-81.059663,38.221797],[-81.050716,38.21327],[-81.069607,38.210917],[-81.071419,38.206008],[-81.065437,38.200191],[-81.074726,38.196105],[-81.08357,38.19936],[-81.084937,38.204505],[-81.111114,38.213647],[-81.132625,38.235144],[-81.143906,38.236043],[-81.153865,38.226352],[-81.176385,38.233697],[-81.19178,38.228578],[-81.194604,38.23304],[-81.18563,38.237038],[-81.1939,38.242011],[-81.192285,38.249368],[-81.219967,38.254235],[-81.221197,38.262276],[-81.231434,38.263716]]]}},{"type":"Feature","properties":{"GEOID":"54015","NAME":"Clay","state":"WV","wildfire_risk_score":28.022,"wildfire_eal_total":7602.42,"risk_band":"Moderate","source":"FEMA National Risk Index v1.20 (December 2025)"},"geometry":{"type":"Polygon","coordinates":[[[-81.283872,38.472029],[-81.130978,38.565822],[-81.031677,38.667839],[-80.975961,38.625096],[-80.978936,38.614943],[-80.971083,38.610732],[-80.970274,38.593445],[-80.957697,38.597291],[-80.955146,38.592206],[-80.926342,38.579339],[-80.924968,38.571753],[-80.913018,38.563206],[-80.912894,38.54806],[-80.917744,38.544816],[-80.891499,38.536913],[-80.878724,38.504029],[-80.825292,38.494349],[-80.817424,38.478553],[-80.911314,38.414816],[-81.231434,38.263716],[-81.254446,38.375101],[-81.283872,38.472029]]]}},{"type":"Feature","properties":{"GEOID":"54097","NAME":"Upshur","state":"WV","wildfire_risk_score":10.719,"wildfire_eal_total":2789.55,"risk_band":"Low","source":"FEMA National Risk Index v1.20 (December 2025)"},"geometry":{"type":"Polygon","coordinates":[[[-80.399935,38.813817],[-80.386989,38.874808],[-80.381806,38.881455],[-80.384276,38.884756],[-80.367119,38.887344],[-80.362301,38.906775],[-80.348289,38.915461],[-80.349864,38.920345],[-80.340087,38.930657],[-80.338477,38.936847],[-80.348353,38.939901],[-80.31758,38.958799],[-80.334484,38.996586],[-80.317982,39.013441],[-80.305057,39.061467],[-80.300209,39.103857],[-80.248771,39.100809],[-80.240394,39.113145],[-80.228716,39.114393],[-80.209469,39.097357],[-80.199636,39.098558],[-80.167831,39.087583],[-80.128198,39.037795],[-80.067139,39.038037],[-80.060967,39.034166],[-80.05582,39.03716],[-80.05401,39.02802],[-80.058711,39.021586],[-80.044431,39.011388],[-80.054939,39.005345],[-80.047049,38.997047],[-80.05165,38.994145],[-80.052651,38.975163],[-80.06199,38.974813],[-80.067482,38.966858],[-80.072283,38.968564],[-80.073346,38.964957],[-80.063889,38.9582],[-80.084958,38.948622],[-80.081821,38.945856],[-80.090274,38.940105],[-80.088058,38.933594],[-80.097343,38.927706],[-80.088226,38.923499],[-80.090539,38.914199],[-80.101508,38.908585],[-80.102704,38.900457],[-80.109384,38.897337],[-80.098387,38.840549],[-80.126105,38.745836],[-80.236526,38.743769],[-80.280059,38.694867],[-80.30507,38.684624],[-80.318246,38.684296],[-80.321023,38.694536],[-80.333008,38.705048],[-80.330562,38.716962],[-80.33376,38.720211],[-80.344868,38.720336],[-80.353408,38.730698],[-80.367442,38.733131],[-80.393063,38.727571],[-80.409541,38.768327],[-80.399935,38.813817]]]}},{"type":"Feature","properties":{"GEOID":"54061","NAME":"Monongalia","state":"WV","wildfire_risk_score":30.789,"wildfire_eal_total":17888.05,"risk_band":"Moderate","source":"FEMA National Risk Index v1.20 (December 2025)"},"geometry":{"type":"Polygon","coordinates":[[[-80.421388,39.721189],[-79.763774,39.720776],[-79.763773,39.696867],[-79.78537,39.657287],[-79.789277,39.623781],[-79.89974,39.481945],[-79.894688,39.435588],[-79.967959,39.462978],[-79.99659,39.487202],[-80.010749,39.487111],[-80.017562,39.494485],[-80.016099,39.502274],[-80.039217,39.507323],[-80.047068,39.514208],[-80.038817,39.516187],[-80.043233,39.522944],[-80.111011,39.571743],[-80.110721,39.576844],[-80.130966,39.583249],[-80.135426,39.589392],[-80.133278,39.594624],[-80.142242,39.596264],[-80.146198,39.606594],[-80.153242,39.606458],[-80.153532,39.610426],[-80.323044,39.610925],[-80.330381,39.614813],[-80.347654,39.61185],[-80.360561,39.621005],[-80.3677,39.633563],[-80.389942,39.633257],[-80.39581,39.637347],[-80.389704,39.644198],[-80.392345,39.649294],[-80.401497,39.655499],[-80.402996,39.666815],[-80.395248,39.680506],[-80.406035,39.695225],[-80.405222,39.714995],[-80.407408,39.717752],[-80.414281,39.71162],[-80.419668,39.712655],[-80.421388,39.721189]]]}},{"type":"Feature","properties":{"GEOID":"54029","NAME":"Hancock","state":"WV","wildfire_risk_score":16.508,"wildfire_eal_total":5394.56,"risk_band":"Moderate","source":"FEMA National Risk Index v1.20 (December 2025)"},"geometry":{"type":"Polygon","coordinates":[[[-80.667957,40.582496],[-80.662564,40.5916],[-80.627171,40.619936],[-80.598764,40.625263],[-80.576736,40.614224],[-80.551126,40.628847],[-80.518991,40.638801],[-80.5179873274459,40.3996439826186],[-80.6296993745958,40.3950066526559],[-80.612195,40.402667],[-80.612295,40.434867],[-80.596094,40.463366],[-80.595494,40.475266],[-80.618003,40.502049],[-80.627507,40.535793],[-80.666917,40.573664],[-80.667957,40.582496]]]}},{"type":"Feature","properties":{"GEOID":"54059","NAME":"Mingo","state":"WV","wildfire_risk_score":81.775,"wildfire_eal_total":269212.15,"risk_band":"High","source":"FEMA National Risk Index v1.20 (December 2025)"},"geometry":{"type":"Polygon","coordinates":[[[-82.420592,37.847855],[-82.414757,37.855509],[-82.409642,37.848505],[-82.394445,37.84242],[-82.391139,37.847086],[-82.400206,37.851783],[-82.403743,37.862894],[-82.306391,37.94364],[-82.190658,37.974778],[-82.197169,37.962696],[-82.18445,37.955144],[-82.181231,37.950284],[-82.185847,37.942479],[-82.172125,37.936249],[-82.17328,37.930018],[-82.163476,37.923469],[-82.159835,37.90754],[-82.145316,37.901159],[-82.127864,37.90081],[-82.120161,37.892392],[-82.118542,37.881789],[-82.128809,37.87785],[-82.119874,37.858216],[-82.11222,37.859418],[-82.112816,37.853148],[-82.134802,37.846645],[-82.146176,37.837862],[-82.133639,37.826251],[-82.133455,37.810396],[-82.124854,37.810833],[-82.122636,37.804615],[-82.102067,37.797864],[-82.107098,37.789703],[-82.09989,37.786983],[-82.10387,37.779654],[-82.100361,37.766947],[-82.110637,37.766645],[-82.111823,37.752757],[-82.11704,37.747606],[-82.105628,37.750512],[-82.091169,37.742209],[-82.094373,37.735671],[-82.085247,37.731366],[-82.091989,37.722535],[-82.08564,37.72167],[-82.088288,37.717573],[-82.083839,37.71389],[-82.085948,37.707094],[-82.080751,37.705932],[-82.082648,37.701565],[-82.056933,37.705797],[-82.055676,37.701531],[-82.041254,37.701589],[-82.031789,37.685811],[-82.024014,37.682273],[-82.022647,37.668151],[-82.00103,37.662461],[-81.999828,37.644201],[-81.993644,37.640707],[-81.987344,37.650607],[-81.991844,37.658307],[-81.986844,37.657907],[-81.979944,37.667807],[-81.966244,37.664707],[-81.955443,37.675007],[-81.944826,37.671219],[-81.930238,37.682011],[-81.914042,37.680407],[-81.911742,37.670107],[-81.900141,37.660908],[-81.87534,37.670008],[-81.87104,37.680008],[-81.849448,37.664353],[-81.834339,37.671908],[-81.817238,37.656308],[-81.808408,37.661756],[-81.799737,37.656509],[-81.802437,37.642309],[-81.795537,37.631509],[-81.801537,37.625109],[-81.799337,37.620509],[-81.811337,37.607009],[-81.811937,37.613809],[-81.819238,37.611009],[-81.812837,37.602309],[-81.83001,37.59691],[-81.828538,37.586409],[-81.838038,37.575609],[-81.834238,37.569509],[-81.855839,37.561809],[-81.855939,37.54891],[-81.869139,37.53811],[-81.88605,37.536744],[-81.893511,37.525254],[-81.90945,37.527005],[-81.922628,37.511914],[-81.934057,37.519469],[-81.943865,37.512879],[-81.94766,37.52508],[-81.94401,37.530964],[-81.953524,37.528056],[-81.957379,37.535198],[-81.967583,37.532815],[-81.964971,37.543026],[-81.970147,37.546504],[-81.994033,37.537612],[-81.999844,37.542579],[-82.009194,37.533243],[-82.01592,37.534321],[-82.018878,37.540572],[-82.028826,37.537667],[-82.042825,37.548361],[-82.042397,37.533916],[-82.046653,37.528193],[-82.049584,37.535222],[-82.064418,37.53687],[-82.064418,37.544516],[-82.07503,37.555824],[-82.103144,37.552776],[-82.104808,37.560191],[-82.117304,37.559226],[-82.123824,37.551389],[-82.133247,37.552832],[-82.134424,37.562928],[-82.144648,37.568315],[-82.127303,37.572681],[-82.124307,37.577806],[-82.127321,37.586667],[-82.132284,37.593327],[-82.156718,37.59279],[-82.156741,37.609202],[-82.168534,37.608692],[-82.164191,37.620192],[-82.176682,37.618202],[-82.18143,37.621842],[-82.181691,37.627147],[-82.172446,37.632589],[-82.177511,37.640417],[-82.175264,37.647971],[-82.190756,37.645137],[-82.187298,37.626935],[-82.213443,37.62522],[-82.2202,37.633912],[-82.216848,37.641598],[-82.24041,37.661567],[-82.257111,37.656749],[-82.272021,37.663782],[-82.282297,37.675826],[-82.288174,37.668227],[-82.294393,37.670448],[-82.294737,37.678277],[-82.303953,37.67576],[-82.296118,37.686174],[-82.302886,37.693683],[-82.296634,37.702403],[-82.307235,37.707669],[-82.318879,37.733763],[-82.334035,37.743227],[-82.310777,37.762692],[-82.333994,37.76508],[-82.323696,37.775028],[-82.337596,37.775369],[-82.339705,37.785509],[-82.376169,37.80203],[-82.386586,37.818212],[-82.396978,37.809014],[-82.401652,37.810091],[-82.39968,37.829935],[-82.420592,37.847855]]]}},{"type":"Feature","properties":{"GEOID":"54009","NAME":"Brooke","state":"WV","wildfire_risk_score":16.285,"wildfire_eal_total":3948.36,"risk_band":"Low","source":"FEMA National Risk Index v1.20 (December 2025)"},"geometry":{"type":"Polygon","coordinates":[[[-80.6818121778124,40.1855662376397],[-80.6681,40.199671],[-80.661543,40.229798],[-80.652098,40.24497],[-80.619297,40.26517],[-80.614896,40.291969],[-80.599895,40.317669],[-80.612796,40.347668],[-80.609695,40.374968],[-80.631596,40.385468],[-80.632196,40.393667],[-80.573784,40.399755],[-80.5179873274459,40.3996439826186],[-80.519104,40.159672],[-80.59491,40.176908],[-80.661351,40.178439],[-80.664909,40.186079],[-80.6818121778124,40.1855662376397]]]}},{"type":"Feature","properties":{"GEOID":"54089","NAME":"Summers","state":"WV","wildfire_risk_score":46.947,"wildfire_eal_total":25379.35,"risk_band":"High","source":"FEMA National Risk Index v1.20 (December 2025)"},"geometry":{"type":"Polygon","coordinates":[[[-81.09372,37.588731],[-81.087438,37.597972],[-81.076866,37.599831],[-81.064268,37.611057],[-81.074069,37.632437],[-81.066745,37.633803],[-81.068166,37.64092],[-81.027558,37.65856],[-81.028761,37.662788],[-81.021701,37.669609],[-81.007981,37.67321],[-81.004334,37.679618],[-80.988944,37.685794],[-80.984234,37.694073],[-80.974632,37.695791],[-80.972629,37.69902],[-80.980334,37.706394],[-80.976198,37.714955],[-80.961916,37.711978],[-80.945245,37.715272],[-80.908297,37.700127],[-80.89776,37.689976],[-80.900267,37.676282],[-80.894693,37.672472],[-80.879542,37.682665],[-80.878406,37.692691],[-80.88997,37.701512],[-80.896906,37.727709],[-80.923617,37.743581],[-80.91798,37.751939],[-80.901921,37.756738],[-80.894312,37.766775],[-80.894634,37.774583],[-80.921435,37.793408],[-80.926321,37.80973],[-80.944592,37.819345],[-80.806256,37.868878],[-80.751409,37.835849],[-80.668228,37.762966],[-80.66089,37.713704],[-80.798451,37.522103],[-80.8584733682993,37.4283007053671],[-81.09372,37.588731]]]}},{"type":"Feature","properties":{"GEOID":"54055","NAME":"Mercer","state":"WV","wildfire_risk_score":62.85,"wildfire_eal_total":77202.31,"risk_band":"High","source":"FEMA National Risk Index v1.20 (December 2025)"},"geometry":{"type":"Polygon","coordinates":[[[-81.354255,37.351024],[-81.311201,37.424509],[-81.292919,37.413178],[-81.282599,37.419797],[-81.287808,37.433633],[-81.305495,37.449935],[-81.30748,37.459147],[-81.296697,37.462274],[-81.294849,37.469434],[-81.27816,37.47239],[-81.258535,37.498832],[-81.228351,37.509776],[-81.214478,37.507927],[-81.20712,37.525116],[-81.21039,37.530618],[-81.200008,37.540266],[-81.20452,37.552716],[-81.19876,37.559351],[-81.198869,37.575533],[-81.135418,37.597916],[-81.119417,37.588417],[-81.108117,37.593917],[-81.093697,37.588097],[-80.85956311282,37.429558233261],[-80.865148,37.419927],[-80.862761,37.411829],[-80.883248,37.383933],[-80.849451,37.346909],[-80.868986,37.338573],[-80.900535,37.315],[-80.947896,37.295872],[-80.973889,37.291444],[-80.981322,37.293465],[-80.979589,37.302279],[-81.09482,37.28264],[-81.167029,37.262881],[-81.225104,37.234874],[-81.320105,37.299323],[-81.362156,37.337687],[-81.354255,37.351024]]]}},{"type":"Feature","properties":{"GEOID":"54077","NAME":"Preston","state":"WV","wildfire_risk_score":27.385,"wildfire_eal_total":10333.13,"risk_band":"Moderate","source":"FEMA National Risk Index v1.20 (December 2025)"},"geometry":{"type":"Polygon","coordinates":[[[-79.89774,39.484059],[-79.789277,39.623781],[-79.78537,39.657287],[-79.763773,39.696867],[-79.763774,39.720776],[-79.476662,39.721078],[-79.487175,39.194906],[-79.507672,39.216235],[-79.687283,39.271398],[-79.809729,39.230526],[-79.809287,39.235788],[-79.818882,39.240479],[-79.85033,39.246573],[-79.852968,39.27176],[-79.860156,39.275439],[-79.861731,39.285099],[-79.889185,39.302801],[-79.895536,39.299584],[-79.89774,39.484059]]]}},{"type":"Feature","properties":{"GEOID":"54035","NAME":"Jackson","state":"WV","wildfire_risk_score":20.388,"wildfire_eal_total":6308.61,"risk_band":"Moderate","source":"FEMA National Risk Index v1.20 (December 2025)"},"geometry":{"type":"Polygon","coordinates":[[[-81.908645,38.87846],[-81.889233,38.874279],[-81.858921,38.89019],[-81.845312,38.910088],[-81.844486,38.928746],[-81.827354,38.945898],[-81.814235,38.946168],[-81.781248,38.924804],[-81.766227,38.922946],[-81.758506,38.927942],[-81.756975,38.937152],[-81.778845,38.955892],[-81.78182,38.964935],[-81.774062,38.993682],[-81.765153,39.002579],[-81.764253,39.015279],[-81.808955,39.055178],[-81.814155,39.073478],[-81.810655,39.083278],[-81.775554,39.078378],[-81.7472527006579,39.0953784490132],[-81.532248,39.005818],[-81.537117,38.99],[-81.529707,38.977253],[-81.54509,38.971562],[-81.54993,38.960106],[-81.537989,38.944209],[-81.533761,38.9459],[-81.519358,38.936098],[-81.516185,38.930795],[-81.519776,38.924807],[-81.514837,38.925472],[-81.51293,38.918788],[-81.502628,38.917922],[-81.511456,38.904255],[-81.52731,38.901666],[-81.530162,38.894788],[-81.521561,38.824904],[-81.529173,38.748304],[-81.546631,38.672387],[-81.522166,38.612746],[-81.578202,38.577068],[-81.632836,38.55437],[-81.635171,38.563826],[-81.643664,38.566993],[-81.747683,38.684134],[-81.772843,38.680843],[-81.8135,38.714761],[-81.791265,38.733104],[-81.902851,38.863324],[-81.908645,38.87846]]]}},{"type":"Feature","properties":{"GEOID":"54069","NAME":"Ohio","state":"WV","wildfire_risk_score":15.267,"wildfire_eal_total":5753.91,"risk_band":"Low","source":"FEMA National Risk Index v1.20 (December 2025)"},"geometry":{"type":"Polygon","coordinates":[[[-80.738604,40.075672],[-80.709102,40.101472],[-80.710042,40.138311],[-80.705994,40.151591],[-80.682008,40.185495],[-80.664909,40.186079],[-80.661351,40.178439],[-80.59491,40.176908],[-80.519104,40.159672],[-80.51912,40.01641],[-80.733122940666,40.0336944717794],[-80.730904,40.049172],[-80.738604,40.075672]]]}},{"type":"Feature","properties":{"GEOID":"54105","NAME":"Wirt","state":"WV","wildfire_risk_score":0.509,"wildfire_eal_total":191.65,"risk_band":"Low","source":"FEMA National Risk Index v1.20 (December 2025)"},"geometry":{"type":"Polygon","coordinates":[[[-81.553546,39.049279],[-81.424906,39.135679],[-81.395176,39.14045],[-81.298017,39.185572],[-81.295886,39.18156],[-81.301947,39.181913],[-81.297757,39.17821],[-81.319007,39.163126],[-81.310569,39.157942],[-81.329129,39.150071],[-81.324047,39.142568],[-81.299778,39.129827],[-81.28781,39.132747],[-81.287374,39.126092],[-81.277429,39.118284],[-81.276479,39.108137],[-81.261001,39.103097],[-81.25719,39.072103],[-81.273939,39.059179],[-81.253593,39.055924],[-81.249958,39.034837],[-81.242037,39.03818],[-81.228238,39.03228],[-81.224738,39.04088],[-81.210741,39.045181],[-81.203374,39.03822],[-81.179656,39.041419],[-81.173768,39.033864],[-81.162455,39.030608],[-81.27269,38.936338],[-81.266365,38.926185],[-81.27706,38.924554],[-81.274167,38.918019],[-81.278412,38.914867],[-81.344135,38.895715],[-81.415086,38.920725],[-81.448148,38.941645],[-81.467363,38.927503],[-81.493409,38.925642],[-81.501198,38.917961],[-81.51293,38.918788],[-81.514837,38.925472],[-81.520384,38.925822],[-81.516185,38.930795],[-81.519358,38.936098],[-81.533761,38.9459],[-81.537989,38.944209],[-81.54993,38.960106],[-81.54509,38.971562],[-81.529707,38.977253],[-81.537117,38.99],[-81.532248,39.005818],[-81.581447,39.026179],[-81.553546,39.049279]]]}},{"type":"Feature","properties":{"GEOID":"54053","NAME":"Mason","state":"WV","wildfire_risk_score":30.916,"wildfire_eal_total":11814.4,"risk_band":"Moderate","source":"FEMA National Risk Index v1.20 (December 2025)"},"geometry":{"type":"Polygon","coordinates":[[[-82.221566,38.787187],[-82.20929,38.802672],[-82.191172,38.815137],[-82.16157,38.824632],[-82.144867,38.84048],[-82.139224,38.86502],[-82.145267,38.883479],[-82.143167,38.898079],[-82.111666,38.932579],[-82.109065,38.945579],[-82.091565,38.973778],[-82.051563,38.994378],[-82.037749,39.023865],[-82.00599,39.029387],[-81.991361,39.018378],[-81.981158,38.994351],[-81.941829,38.993295],[-81.918214,38.966595],[-81.89847,38.929603],[-81.926671,38.901311],[-81.928,38.893492],[-81.908645,38.87846],[-81.902851,38.863324],[-81.791265,38.733104],[-81.8135,38.714761],[-81.772843,38.680843],[-81.955791,38.657355],[-82.064562,38.607985],[-82.055127,38.474547],[-82.218967,38.591683],[-82.193824,38.593096],[-82.181967,38.599384],[-82.175167,38.608484],[-82.172066,38.625984],[-82.190867,38.680383],[-82.182467,38.708782],[-82.195606,38.752441],[-82.216614,38.76835],[-82.221566,38.787187]]]}},{"type":"Feature","properties":{"GEOID":"54049","NAME":"Marion","state":"WV","wildfire_risk_score":30.184,"wildfire_eal_total":14169.41,"risk_band":"Moderate","source":"FEMA National Risk Index v1.20 (December 2025)"},"geometry":{"type":"Polygon","coordinates":[[[-80.498158,39.562899],[-80.491016,39.570153],[-80.493158,39.575106],[-80.480278,39.583408],[-80.477598,39.597711],[-80.462396,39.60139],[-80.451015,39.595661],[-80.446998,39.602612],[-80.449417,39.612707],[-80.43718,39.614491],[-80.433783,39.62072],[-80.443117,39.629693],[-80.433285,39.63913],[-80.419945,39.642108],[-80.411933,39.641359],[-80.403676,39.631791],[-80.39581,39.637347],[-80.385294,39.632624],[-80.3677,39.633563],[-80.360561,39.621005],[-80.347654,39.61185],[-80.330381,39.614813],[-80.323044,39.610925],[-80.153532,39.610426],[-80.153242,39.606458],[-80.146198,39.606594],[-80.142242,39.596264],[-80.133278,39.594624],[-80.135426,39.589392],[-80.130966,39.583249],[-80.110721,39.576844],[-80.111011,39.571743],[-80.043233,39.522944],[-80.038817,39.516187],[-80.047068,39.514208],[-80.039217,39.507323],[-80.016099,39.502274],[-80.017562,39.494485],[-80.010749,39.487111],[-79.99659,39.487202],[-79.967959,39.462978],[-79.938878,39.452465],[-80.011235,39.417362],[-80.025001,39.401446],[-80.087334,39.386215],[-80.098128,39.402454],[-80.110375,39.410163],[-80.120648,39.401208],[-80.196286,39.3927],[-80.282776,39.435797],[-80.289275,39.432263],[-80.291124,39.435776],[-80.494085,39.469599],[-80.489887,39.482514],[-80.475325,39.48175],[-80.467657,39.503568],[-80.485533,39.519991],[-80.486344,39.536796],[-80.494555,39.545655],[-80.498158,39.562899]]]}},{"type":"Feature","properties":{"GEOID":"54101","NAME":"Webster","state":"WV","wildfire_risk_score":2.163,"wildfire_eal_total":460.73,"risk_band":"Low","source":"FEMA National Risk Index v1.20 (December 2025)"},"geometry":{"type":"Polygon","coordinates":[[[-80.678291,38.503492],[-80.508655,38.645553],[-80.457332,38.739169],[-80.445248,38.726848],[-80.435782,38.725632],[-80.426641,38.731004],[-80.406133,38.722801],[-80.401949,38.729899],[-80.394585,38.726042],[-80.368698,38.733205],[-80.353408,38.730698],[-80.344868,38.720336],[-80.332203,38.719202],[-80.333008,38.705048],[-80.321023,38.694536],[-80.318246,38.684296],[-80.30507,38.684624],[-80.280059,38.694867],[-80.183931,38.525386],[-80.245518,38.388457],[-80.330267,38.335758],[-80.352171,38.345337],[-80.360048,38.225845],[-80.609534,38.358778],[-80.612755,38.366983],[-80.62552,38.354392],[-80.633443,38.375108],[-80.661668,38.41251],[-80.640725,38.424173],[-80.678291,38.503492]]]}},{"type":"Feature","properties":{"GEOID":"54079","NAME":"Putnam","state":"WV","wildfire_risk_score":50.35,"wildfire_eal_total":50401.64,"risk_band":"High","source":"FEMA National Risk Index v1.20 (December 2025)"},"geometry":{"type":"Polygon","coordinates":[[[-82.064562,38.607985],[-81.955791,38.657355],[-81.747683,38.684134],[-81.696348,38.626427],[-81.728775,38.596219],[-81.738968,38.599326],[-81.755652,38.581769],[-81.751314,38.579518],[-81.747164,38.553563],[-81.755128,38.53439],[-81.750763,38.526529],[-81.754115,38.524133],[-81.742321,38.5179],[-81.742419,38.508707],[-81.731731,38.503622],[-81.734011,38.495772],[-81.726378,38.475548],[-81.721994,38.474684],[-81.723338,38.468012],[-81.8147,38.43286],[-81.819276,38.435308],[-81.822839,38.429697],[-81.846125,38.424988],[-81.900222,38.398572],[-81.915197,38.325597],[-81.982094,38.276701],[-81.991151,38.275772],[-81.991774,38.269085],[-81.997406,38.266605],[-82.001786,38.271601],[-82.016464,38.271954],[-82.015467,38.279446],[-82.019384,38.281864],[-82.028291,38.279362],[-82.049151,38.291709],[-82.043094,38.337278],[-82.064562,38.607985]]]}},{"type":"Feature","properties":{"GEOID":"54051","NAME":"Marshall","state":"WV","wildfire_risk_score":23.855,"wildfire_eal_total":9159.12,"risk_band":"Moderate","source":"FEMA National Risk Index v1.20 (December 2025)"},"geometry":{"type":"Polygon","coordinates":[[[-80.869933,39.763555],[-80.863048,39.775197],[-80.826079,39.798584],[-80.822181,39.811708],[-80.826964,39.841656],[-80.824276,39.847159],[-80.790761,39.86728],[-80.793989,39.882787],[-80.809011,39.903226],[-80.806018,39.91713],[-80.795714,39.91969],[-80.762592,39.908906],[-80.756432,39.91393],[-80.764479,39.95025],[-80.758527,39.959241],[-80.740126,39.970793],[-80.741901,40.007929],[-80.733122940666,40.0336944717794],[-80.51912,40.01641],[-80.519342,39.721403],[-80.8334627700662,39.7208123504414],[-80.865339,39.753251],[-80.869933,39.763555]]]}},{"type":"Feature","properties":{"GEOID":"54091","NAME":"Taylor","state":"WV","wildfire_risk_score":14.917,"wildfire_eal_total":4839.78,"risk_band":"Low","source":"FEMA National Risk Index v1.20 (December 2025)"},"geometry":{"type":"Polygon","coordinates":[[[-80.203429,39.382434],[-80.20272,39.3899],[-80.197286,39.393186],[-80.120648,39.401208],[-80.110375,39.410163],[-80.098128,39.402454],[-80.087334,39.386215],[-80.025001,39.401446],[-80.011235,39.417362],[-79.938878,39.452465],[-79.894688,39.435588],[-79.895294,39.299802],[-79.904994,39.303038],[-79.90751,39.289528],[-79.915397,39.294581],[-79.932316,39.289535],[-79.937032,39.297327],[-79.942575,39.296455],[-79.942332,39.290174],[-79.950641,39.281737],[-79.955624,39.282463],[-79.961025,39.268944],[-80.022881,39.248028],[-80.150041,39.23825],[-80.164378,39.241643],[-80.187648,39.267143],[-80.199504,39.27069],[-80.202479,39.278759],[-80.202336,39.373064],[-80.198926,39.375311],[-80.203429,39.382434]]]}}]}