{"type":"FeatureCollection","features":[{"type":"Feature","geometry":{"type":"Polygon","coordinates":[[[-121.17844999983687,37.70552899999504],[-121.16624399987838,37.699396999987556],[-121.16567200031618,37.70425000013934],[-121.15855899975932,37.70537000004627],[-121.16211700022426,37.7080520001979],[-121.15509599972893,37.72032299986116],[-121.14610599992865,37.71749899986179],[-121.13652199992653,37.724682999725985],[-121.11676999976616,37.72414699984604],[-121.10763000017802,37.7322799997761],[-121.11004899974478,37.742128000172386],[-121.0998489997995,37.74019499967459],[-121.09536999979287,37.73322000014074],[-121.0876899996967,37.74139999985187],[-121.0669860000325,37.73956000012231],[-121.06694099982666,37.74474800030513],[-121.0567400000565,37.750514000317025],[-121.05101499991987,37.741750999758615],[-121.03787199962785,37.73915999975042],[-121.03651199969508,37.74301400002428],[-121.02573299961655,37.7423559996981],[-121.01772100015765,37.755276000266086],[-121.01116599981765,37.75575100015581],[-121.01268099956116,37.74971999985789],[-121.00799999988818,37.74909100021829],[-120.99343300008927,37.760941000099336],[-120.95403199970072,37.73835199980892],[-120.94196999968229,37.7422939999963],[-120.92059900002133,37.73832899988455],[-120.92634699972417,37.886723999716914],[-120.92644899983142,38.07742099965496],[-120.93884999978356,38.088321000063445],[-121.02708400022686,38.30025200004766],[-121.04056999975218,38.297718000201165],[-121.04812400035,38.29111300027936],[-121.0674849997998,38.298929000343215],[-121.09421499989946,38.281857000020686],[-121.12778200037147,38.27744700008645],[-121.14701399994985,38.26390499972847],[-121.17307899970255,38.255207999914404],[-121.19202300029914,38.25669800026612],[-121.20340699955182,38.24875400021969],[-121.2230180001452,38.244364000229154],[-121.24758400004794,38.24542600001244],[-121.26837999977361,38.252271000083006],[-121.28303100013642,38.24965900029291],[-121.2955049998835,38.23762399981888],[-121.34436700025054,38.228210000244395],[-121.38905400038459,38.23316499988655],[-121.39843099979917,38.2274249996943],[-121.42051700003576,38.23724200007906],[-121.42946300035344,38.254882999817134],[-121.47571799993445,38.258090000098214],[-121.48006999971948,38.253575999749835],[-121.47858099991521,38.24616899978251],[-121.48706100007759,38.23991400030077],[-121.49166899995564,38.22769000017098],[-121.5063899997403,38.224586999818804],[-121.50433500022163,38.212131000342715],[-121.5099349997865,38.20457999980435],[-121.52068799992573,38.202932000124086],[-121.52889600010151,38.19533199973519],[-121.52429400007125,38.172685000157344],[-121.53615100005024,38.158158000325436],[-121.53631000005889,38.15158100012618],[-121.55917600027018,38.14388600024434],[-121.55768800029087,38.13675100026419],[-121.57634400010905,38.12905400017906],[-121.58435999976592,38.11829899975831],[-121.5819920002528,38.11199099969253],[-121.56403500021841,38.10142200007349],[-121.58002200022457,38.094414000300304],[-121.57289299977421,38.07374200005026],[-121.58220300013997,38.068423000118734],[-121.58438800025331,38.03602500018097],[-121.57883399982092,38.03263999968769],[-121.58018500043121,38.04126799983679],[-121.57300900012517,38.04215000014624],[-121.57138800007644,38.03042299975823],[-121.56422600001413,38.02969900028146],[-121.55752799955896,38.0166150000845],[-121.57205199970018,38.0184100002388],[-121.56714900026935,38.011982999947364],[-121.57991000007159,38.00778300006549],[-121.56884499976285,38.00223400033862],[-121.57923600040212,37.998114999912545],[-121.57608399981808,37.99485499986429],[-121.58235999960048,37.9834610003455],[-121.57239300018202,37.97904500031382],[-121.58020999964725,37.97637000015467],[-121.5649700000038,37.9589599999011],[-121.57518800039072,37.95504499973653],[-121.5635139998115,37.95474499974874],[-121.56740899966202,37.94398199980002],[-121.5578459995763,37.94700700003536],[-121.56361799956859,37.94344000004806],[-121.55640799982567,37.92363900015468],[-121.56511399994383,37.91917300013555],[-121.5632889996806,37.91060099984588],[-121.57282400017726,37.90430100006348],[-121.56590399996428,37.897672000207976],[-121.57585100018953,37.888293000193464],[-121.57933400031142,37.87063700011647],[-121.57338900006677,37.86575100030179],[-121.57942899984766,37.86015999975489],[-121.56897799983221,37.86057300014685],[-121.57045400011599,37.857585000147736],[-121.56197700032668,37.85313799994621],[-121.56032600014075,37.85859600018823],[-121.5525239998458,37.86111599989853],[-121.54749599984318,37.85522600003288],[-121.54064299957733,37.857597000025386],[-121.5400350000301,37.84884200025248],[-121.53410200037936,37.84945700003216],[-121.53818700020068,37.83742500002735],[-121.55196900000203,37.83000499983013],[-121.5570639999518,37.815752999675624],[-121.5566549996979,37.542732000344024],[-121.5406109997903,37.5298219998215],[-121.50147499971561,37.525002999833184],[-121.496017000441,37.50493800009746],[-121.482064999862,37.50143899986283],[-121.46927499974743,37.48968800019276],[-121.47192500019119,37.48178300034248],[-121.24088200029314,37.66477699970077],[-121.23019100007816,37.662976000085756],[-121.22924799989688,37.668927999832746],[-121.218519999872,37.67356999998102],[-121.22346599985886,37.683607999885574],[-121.2086920003707,37.68630199964835],[-121.20245000002515,37.69598300006245],[-121.19931500005781,37.690208000244596],[-121.19409700008438,37.694944000223884],[-121.18743899981224,37.687514000182276],[-121.1811770002735,37.68789100013344],[-121.17914399959781,37.692727000268945],[-121.18407600023929,37.692626000083514],[-121.180572000201,37.69369599965947],[-121.18256899999335,37.69853899985654],[-121.1759120004444,37.69942099997772],[-121.17844999983687,37.70552899999504]]]},"properties":{"GEOID":"06077","NAME":"San Joaquin County","STATE":"06","wildfire_risk_score":91.985,"wildfire_eal_total":1852992.09,"risk_band":"Low","source":"FEMA National Risk Index v1.20 (December 2025)"}},{"type":"Feature","geometry":{"type":"Polygon","coordinates":[[[-114.72651900031599,32.71827399994687],[-114.71949699999573,32.718738999816864],[-114.70158199979416,32.74563200033836],[-114.68823000016313,32.73752999970945],[-114.61739500043568,32.72825699971399],[-114.61511200041305,32.734515000088265],[-114.58178400031566,32.73494600036928],[-114.58173599973676,32.74232000013722],[-114.56450799962347,32.74227400021207],[-114.5644470004224,32.74955399977463],[-114.53922399967031,32.749812000336306],[-114.53909200032416,32.756949000335744],[-114.52685600022848,32.757094000045264],[-114.53243200040217,32.77692199997799],[-114.52963299999551,32.79547699979853],[-114.51032699989896,32.81648799978645],[-114.49411599958681,32.82328699964225],[-114.46897099955083,32.84515500004095],[-114.46292900012014,32.90794399981124],[-114.4766399997764,32.92362800019358],[-114.48092499961425,32.93627600026564],[-114.46853600025597,32.95392200036917],[-114.46837899989714,32.97074499980908],[-114.47538899962352,32.975156999899205],[-114.49293800012717,32.97178099969671],[-114.49979700024082,33.003904999980726],[-114.5113429998752,33.02345499974607],[-114.523578000146,33.03096000027991],[-114.57165299996734,33.03662399986211],[-114.58977800023119,33.0262279999847],[-114.61878799998044,33.02720200012409],[-114.64597900021258,33.04890199997234],[-114.66231699984803,33.03267000019643],[-114.67365900016625,33.041895999756754],[-114.67429500020089,33.057169000250255],[-114.68699099970581,33.07096800007293],[-114.68902000018353,33.08403500008699],[-114.70781900011686,33.091102000148005],[-114.69691399964164,33.131119000202254],[-114.67994499999443,33.15905900017594],[-114.67535899985769,33.185488000051045],[-114.67874900009316,33.203448000124006],[-114.67362599965597,33.22312099980958],[-114.68954099969213,33.24642800022418],[-114.67208800034625,33.25849900017514],[-114.68050700040921,33.27357600017514],[-114.72167000041352,33.28698200006509],[-114.73122299955519,33.302433000220375],[-114.70787000017046,33.32331600024141],[-114.6980350000982,33.35244200036962],[-114.7073089995806,33.382540000007964],[-114.72553500012681,33.404055000189544],[-114.70178799965849,33.408376999804474],[-114.68794999978064,33.417933999699045],[-114.64954000015226,33.413633000216834],[-114.62712500002766,33.43355399987502],[-115.06319700012466,33.42810300012885],[-116.08489500008419,33.42593300018274],[-116.08120400044815,33.074864000125885],[-116.10333800036533,33.07483199993631],[-116.10617700005669,32.61844100007823],[-114.72651900031599,32.71827399994687]]]},"properties":{"GEOID":"06025","NAME":"Imperial County","STATE":"06","wildfire_risk_score":76.05,"wildfire_eal_total":183744.73,"risk_band":"Low","source":"FEMA National Risk Index v1.20 (December 2025)"}},{"type":"Feature","geometry":{"type":"Polygon","coordinates":[[[-121.32288000023864,40.58491600017605],[-121.31997600025001,40.905885999921374],[-121.33233799984407,40.90539400020476],[-121.33178600037334,41.1838860001242],[-122.4983759997937,41.18267500028956],[-122.49255399957269,41.17597200020037],[-122.47594499977559,41.17651999968132],[-122.4460229998072,41.15924099986369],[-122.45060700029411,41.14694000030322],[-122.44599000019522,41.13334700001644],[-122.44857199996862,41.118240000158515],[-122.45714400019246,41.096611000086064],[-122.468135999808,41.09683700017697],[-122.49329699973745,41.085987000191466],[-122.51335400039468,41.088227000201115],[-122.53977499979953,41.072605000092004],[-122.53794200003871,41.06504200029175],[-122.52761800024489,41.06421199992436],[-122.52316600000243,41.059207999767864],[-122.52892899977387,41.036513000130995],[-122.52775299996408,41.01439500015547],[-122.5378769997414,41.002384000251425],[-122.55448999973645,41.00362199999573],[-122.56918100028223,40.98498800018652],[-122.5891879998124,40.98537800029452],[-122.59137499957556,40.97667700008486],[-122.59852800031537,40.97584699971516],[-122.60308900033776,40.95938699975725],[-122.60736300030496,40.95774799986967],[-122.60318899989687,40.940620000078994],[-122.6127510001577,40.9212449998119],[-122.60001299992166,40.90034300030497],[-122.60989900004759,40.88455000028333],[-122.62544199963975,40.879208000185045],[-122.62642599982892,40.86709400030376],[-122.63437999956152,40.86128899994501],[-122.63971499971079,40.84504000033335],[-122.65539999959317,40.841547999884085],[-122.66605800019616,40.82587500008099],[-122.65524399995756,40.80817799967583],[-122.66135200040883,40.800482000188325],[-122.65809299969463,40.787503999942935],[-122.67052600033215,40.7727680000227],[-122.70047599988965,40.75889599983047],[-122.7062949997376,40.74955599978149],[-122.71740699990204,40.74718200023472],[-122.71985200030637,40.73937200026695],[-122.70657099992212,40.725331000208584],[-122.72235799991174,40.69547300012351],[-122.72996900041096,40.69217699972216],[-122.74388699975644,40.6950300000432],[-122.75226599963648,40.689642000038084],[-122.74258299990014,40.67881000006189],[-122.74121399974648,40.66539699971961],[-122.73358899990188,40.662425999680366],[-122.72702900043731,40.650467999795076],[-122.73617099967525,40.636279000229784],[-122.70965499983582,40.63119899992409],[-122.71085400011016,40.613214999921844],[-122.7060570000862,40.610185000246545],[-122.70097700020507,40.58770400016171],[-122.69307500035103,40.57533800012417],[-122.69879000044192,40.56929299980513],[-122.72308199980992,40.57519800021316],[-122.74131199965578,40.56411800010303],[-122.74392299974144,40.553797999703036],[-122.76745500012464,40.55517299982043],[-122.78519399970077,40.54091600027909],[-122.7822239995899,40.531870999671895],[-122.79362000033478,40.52343399992643],[-122.79325200008876,40.51451799968191],[-122.84595400005473,40.5051809998982],[-122.8520790002244,40.50095499979554],[-122.84644799979914,40.49352299974362],[-122.85103200028604,40.48591700030299],[-122.87652399975333,40.480412999915174],[-122.88364300015795,40.474773000136004],[-122.90113700041005,40.44561100032389],[-122.91770699984909,40.449768000103674],[-122.92792900043399,40.44713400025625],[-122.93779100027048,40.43692300007325],[-122.93861800010083,40.42885799983879],[-122.9542310000132,40.421509999668196],[-122.96100399991309,40.425989000266135],[-122.9749220001569,40.41960899998861],[-122.99868200014565,40.41814200009202],[-122.9965790000481,40.39638100028467],[-123.01639300013274,40.38559300031837],[-123.01829600021377,40.3724069998472],[-123.03928199991024,40.36272400030221],[-123.04397000015425,40.34701300030408],[-123.05688300029247,40.34924599973718],[-123.06548399993034,40.34509900004626],[-123.06397800040766,40.33750400001651],[-123.06878899977696,40.332232999949305],[-123.06174700026354,40.31344200015432],[-123.06863099959322,40.30472599996478],[-123.06542600020401,40.28697100001141],[-123.05666800020731,40.285374999889655],[-123.02523300014522,40.30366100022586],[-123.0137920000928,40.30309599979061],[-122.97687100026867,40.31514499995798],[-122.94980700025815,40.30803299973688],[-122.93437500009576,40.31316900002425],[-122.9299639998612,40.307627000104326],[-122.91921099972197,40.30657700006027],[-122.90711100006868,40.317766999788404],[-122.90361700007614,40.31617399972101],[-122.88400300000805,40.342225999869385],[-122.87269000000218,40.34892400032876],[-122.85380099965717,40.34284700033352],[-122.80589599971512,40.35586000027598],[-122.78805699968156,40.35526399980845],[-122.758724999717,40.36332699996692],[-122.75253199977523,40.36047399987356],[-122.74860799961242,40.3656940002929],[-122.73021899975792,40.35829299981564],[-122.73170000006455,40.34696000027481],[-122.70964399996515,40.34816200000197],[-122.67726200042212,40.33625699973696],[-122.67373400009441,40.33044400027393],[-122.65134099971111,40.32828799983338],[-122.62190599981444,40.34038500010326],[-122.62517200020132,40.34745500015383],[-122.61015799961538,40.34640900029324],[-122.59694400007658,40.357236999956676],[-122.58584799980565,40.3592770002461],[-122.58130299967682,40.36733199992615],[-122.56398000002724,40.36559400002305],[-122.5506069995815,40.378372999782485],[-122.54166100016215,40.37651799977863],[-122.54094099956359,40.38242199990454],[-122.53220500020653,40.37981099993344],[-122.52202600017763,40.38784000002292],[-122.52456600011821,40.39447700012734],[-122.51382600039777,40.388385999821004],[-122.50502599966997,40.389411999678266],[-122.50014199960738,40.382477000262796],[-122.47048900015079,40.38393200027612],[-122.46288500022258,40.37555800002199],[-122.45292200010378,40.37851200033335],[-122.44397400013628,40.373261000277964],[-122.41785300030706,40.379678000022196],[-122.41258599992983,40.374536000007794],[-122.39577399974314,40.37208500017365],[-122.34215500043344,40.37090100016127],[-122.32103300029453,40.374874999711665],[-122.31041200039978,40.371064000085035],[-122.29413499996538,40.38048099983594],[-122.28085199993129,40.3757870001875],[-122.25697300011683,40.37936999983191],[-122.25181899971751,40.387216000307596],[-122.23553100031077,40.38539400021423],[-122.22715499990548,40.389309999763995],[-122.19938500043845,40.377844000296946],[-122.19355700036965,40.3923110002593],[-122.18733099991762,40.38140099974308],[-122.17309200018177,40.37905199971777],[-122.18847699959021,40.387484999867446],[-122.18291800003323,40.392501000094654],[-122.12939500008471,40.398762999686404],[-122.12896400008947,40.403824999689185],[-122.11130199960792,40.40540200005284],[-122.09904799996885,40.414756999860195],[-122.09683500026642,40.40989699996861],[-122.09160800007217,40.414330000045496],[-122.09120300001622,40.41054600016977],[-122.05214099956137,40.42038000024148],[-122.03100099987911,40.41734899967873],[-122.02190099957564,40.42407000016983],[-122.01481100038164,40.42101300031285],[-122.00993999983956,40.42676700024505],[-121.94098899992656,40.41533100030852],[-121.91479699995224,40.425993000030616],[-121.9009459996556,40.42093100004844],[-121.87960799960663,40.43619399976535],[-121.85135000024295,40.44259599974858],[-121.83407400044905,40.43732099999696],[-121.8066970004441,40.444978000009286],[-121.78771900041065,40.443664999878834],[-121.77632000019102,40.43760999982566],[-121.73458499972621,40.43563199986874],[-121.71980100019232,40.44861400029167],[-121.6982849998681,40.44829900016436],[-121.68578699983158,40.45313300025654],[-121.67199800035755,40.45039000010642],[-121.64633000026483,40.434726000230874],[-121.61404699955766,40.43907999981227],[-121.59308599997556,40.43112600012646],[-121.56513200038552,40.4457970001385],[-121.3661110001804,40.44592700021786],[-121.3465310004475,40.449715000238406],[-121.3278260002255,40.445366999977736],[-121.32288000023864,40.58491600017605]]]},"properties":{"GEOID":"06089","NAME":"Shasta County","STATE":"06","wildfire_risk_score":99.491,"wildfire_eal_total":35386458.26,"risk_band":"High","source":"FEMA National Risk Index v1.20 (December 2025)"}},{"type":"Feature","geometry":{"type":"Polygon","coordinates":[[[-124.482003000119,40.44031799968951],[-124.4724350000104,40.41282000006268],[-124.42805500002304,40.36178499995013],[-124.42794500041816,40.33882299985213],[-124.41827600002722,40.31428899968115],[-124.42789900038743,40.288803999730256],[-124.429149999642,40.266915000046055],[-124.421287000146,40.23710200011559],[-124.40315100001149,40.21800499977141],[-124.33368899973735,40.16717499979948],[-124.2878330003645,40.13768299980793],[-124.27209900007833,40.13365000017854],[-124.23120399986263,40.09338199993732],[-124.15376199991664,40.06354400004104],[-124.14409900027181,40.052400999861014],[-124.14533299980792,40.02417100012201],[-124.1348890003635,40.00247000024827],[-123.54445800008108,40.00192300029227],[-123.54301500030758,40.7335780000369],[-123.55416500010685,40.759501999998925],[-123.5498650002004,40.77580800022523],[-123.55828000006541,40.78107100014114],[-123.56003300035862,40.79026899998754],[-123.56625300006456,40.78881000025002],[-123.5658470001837,40.79623100009034],[-123.55407100039555,40.79630900007314],[-123.55621499960267,40.80881700018595],[-123.56252200024558,40.80969799989772],[-123.56873100008086,40.819740000173375],[-123.55962800030267,40.83031900014125],[-123.56624300001883,40.83497799986272],[-123.56305899964768,40.84041699971457],[-123.57316200040691,40.843515000289685],[-123.57584100026466,40.857994000181584],[-123.58754000005993,40.85848300011246],[-123.58059999975545,40.8679990000701],[-123.59110900039553,40.86728199984528],[-123.59799699992314,40.87761500025908],[-123.6102499997373,40.87897200007426],[-123.5972110001007,40.88410400016702],[-123.60854199964994,40.89493800000529],[-123.60472499961722,40.90036999970567],[-123.61582699973592,40.91406799966949],[-123.61342300023777,40.921550999735146],[-123.62389099997166,40.92867399972322],[-123.5992609995965,40.93115499974029],[-123.58786099955198,40.92775499988497],[-123.56765999985306,40.93655600018953],[-123.56996100031733,40.94655499968097],[-123.56016300005497,40.950256999828866],[-123.54115999990714,40.93965600031535],[-123.5409590000657,40.93225599995251],[-123.53385899992763,40.93075600018816],[-123.52965899958026,40.93485600026356],[-123.5117579996224,40.920356999986055],[-123.48145700043563,40.91495699973943],[-123.47795800042023,40.92805600017681],[-123.4676560003677,40.93815899969864],[-123.44566100036766,40.947053999933175],[-123.44485899975338,40.95615800009906],[-123.45325799972488,40.96415300003657],[-123.43655500021644,40.973652999744395],[-123.43485499962667,40.9825520002118],[-123.42725800026949,40.98825599984952],[-123.42575500022153,41.003510999729045],[-123.42005900039722,41.009674000187616],[-123.40603999987107,41.01289700028661],[-123.41031200018848,41.020673999731926],[-123.40721800022902,41.03061899987979],[-123.41928199989727,41.034527999963835],[-123.4237540002312,41.04318499972179],[-123.42327200018235,41.05815699966513],[-123.43072299994968,41.063266999894985],[-123.4455990004434,41.0616810000482],[-123.46400599984125,41.07634799971698],[-123.45828200042786,41.08378600021667],[-123.46422199975132,41.094408000046215],[-123.4494790002253,41.08910600017793],[-123.4398059996364,41.092541000311364],[-123.42925099986387,41.117999999989586],[-123.42876799999011,41.1520620000848],[-123.43260799958905,41.16232800018708],[-123.41694899964594,41.16553000025351],[-123.40829100010669,41.17994399992982],[-123.41709500013414,41.19700200007429],[-123.43531300028441,41.21330099999945],[-123.43437599995087,41.222875000002084],[-123.45530700029408,41.23653700017362],[-123.44213999971265,41.25139600020293],[-123.44381400036313,41.27323399971508],[-123.46188900039827,41.28258899996539],[-123.46324099993518,41.2863379998201],[-123.45547499962525,41.2928190000502],[-123.45959200013195,41.310238999669224],[-123.47864100031055,41.32964799982532],[-123.48251000022178,41.353649999983446],[-123.474085000311,41.366192999727126],[-123.50117000023792,41.382566999962854],[-123.77023899962478,41.38077599967645],[-123.77055099979431,41.464192999790114],[-124.13656099956752,41.464452000174816],[-124.13323099960654,41.43231099971363],[-124.13997300044261,41.38182099977869],[-124.17655600015794,41.39035200001626],[-124.20651499993626,41.384717999870574],[-124.23108699968678,41.36885600001218],[-124.24241999978413,41.34330000021453],[-124.23821000028936,41.3214460002061],[-124.22003200032205,41.30299400003647],[-124.19232800007893,41.29199000002005],[-124.16339799979733,41.29316899996876],[-124.16070399987096,41.28929299984762],[-124.17331599971028,41.26099500012654],[-124.17636700001204,41.2371479998724],[-124.19553199964326,41.184581999910115],[-124.21941800002875,41.1776870001887],[-124.23762500030837,41.16595900031888],[-124.24723600007466,41.15281700022622],[-124.25247400013956,41.13407499997357],[-124.24958799969426,41.09902500018756],[-124.23120200021282,41.06550099994677],[-124.22707899985836,41.046621999841214],[-124.20498400029922,41.013638000022],[-124.1826939998481,41.00131300015717],[-124.1976189998473,40.95052899996432],[-124.23262200042011,40.869285999860914],[-124.29266200017551,40.788094000065826],[-124.29933299996816,40.768481000266874],[-124.34290000036889,40.708831999813015],[-124.40336699992156,40.613170000016936],[-124.44767699958874,40.52970900015],[-124.45595199971166,40.484046999908905],[-124.47589399984282,40.45976199965989],[-124.482003000119,40.44031799968951]]]},"properties":{"GEOID":"06023","NAME":"Humboldt County","STATE":"06","wildfire_risk_score":95.515,"wildfire_eal_total":3024420.96,"risk_band":"Moderate","source":"FEMA National Risk Index v1.20 (December 2025)"}},{"type":"Feature","geometry":{"type":"Polygon","coordinates":[[[-118.09705599995765,33.774375999788056],[-118.09197000022873,33.75847200031632],[-118.11405999976498,33.746137999682276],[-118.14780600033711,33.69408299981949],[-118.12590000002555,33.69715099968782],[-118.09647299962649,33.65365100018572],[-118.04984800014961,33.62001499976777],[-117.93404599990566,33.549254000357465],[-117.81635599964929,33.49087200011882],[-117.74140900033635,33.41011799995612],[-117.71357100019893,33.40877699991063],[-117.61108100030137,33.33399199965253],[-117.57851300008716,33.45380599987211],[-117.5381740004385,33.45487600010521],[-117.509499000425,33.470268000357436],[-117.50972500038083,33.509061999916526],[-117.5037559998467,33.508945000113215],[-117.50318099991142,33.520404999990426],[-117.5099089996055,33.52054599974264],[-117.51020999990439,33.53399899998804],[-117.41298700038404,33.65904500019685],[-117.47457299984511,33.703811000095264],[-117.53399900020548,33.71035500011273],[-117.53644799990948,33.75766500030549],[-117.58013599978572,33.76798799968991],[-117.66211700001278,33.857499000304884],[-117.67428199996338,33.85795600017595],[-117.67505299971722,33.868724999637436],[-117.6716080001285,33.86936800026175],[-117.6793030002933,33.877621000000104],[-117.78307500030586,33.946260000099926],[-117.97649799969766,33.94605000024009],[-117.97659300013218,33.90280999973437],[-117.98540499965728,33.902766000329635],[-117.98532699983946,33.895508999846705],[-117.99413599988978,33.89551300026954],[-117.99405700024707,33.88821799980672],[-118.00285500042673,33.88816100025971],[-118.0027540001444,33.88089400000831],[-118.01147399960794,33.88084600011819],[-118.01138300026967,33.8734310002152],[-118.0287820000872,33.87332200012302],[-118.02871599996496,33.86604600026928],[-118.03759799981022,33.866012999734544],[-118.04608200017054,33.85361099970381],[-118.05903999961627,33.84619500018864],[-118.06316999964345,33.819681000280795],[-118.08474399969397,33.80290999981114],[-118.09705599995765,33.774375999788056]]]},"properties":{"GEOID":"06059","NAME":"Orange County","STATE":"06","wildfire_risk_score":99.809,"wildfire_eal_total":57585624.08,"risk_band":"High","source":"FEMA National Risk Index v1.20 (December 2025)"}},{"type":"Feature","geometry":{"type":"Polygon","coordinates":[[[-120.54169600020138,37.04450500024867],[-120.47669200001747,37.09639000004823],[-120.46977900037548,37.09433600035341],[-120.40677700000678,37.11085399973248],[-120.38488599976385,37.12458899994658],[-120.36345599965334,37.11970399973099],[-120.34120399973537,37.12459599984985],[-120.32454399988465,37.136381999712285],[-120.3037570003798,37.14109300009933],[-120.28987199974797,37.1526150000043],[-120.24388099975762,37.15701099992856],[-120.22296500038134,37.16396900025257],[-120.18759399956251,37.16025199982173],[-120.17412899995355,37.16592900005047],[-120.16457599991355,37.162697999689264],[-120.11508799955762,37.1656560000114],[-120.05205500012511,37.18310800033845],[-120.06221400006253,37.19798400024351],[-120.09007800013919,37.22146999972688],[-120.14382600021864,37.23919200015853],[-120.17849300033245,37.2624199997498],[-120.18663700003582,37.2802800000916],[-120.18272399974363,37.29140500018882],[-120.18770900008852,37.30107199977976],[-120.20353100023829,37.31332100006059],[-120.24701099970206,37.38021599999664],[-120.28339799959882,37.424363000326494],[-120.28405000042528,37.43251799993049],[-120.27509599971168,37.44071300018437],[-120.27957899991627,37.457946999754995],[-120.30022300020431,37.484289999685544],[-120.29909199970204,37.48883699965053],[-120.31149299965415,37.49722799994483],[-120.31879000033403,37.520809999849675],[-120.38767000010192,37.633363999884125],[-120.88642900002498,37.44018000027886],[-120.98981100005022,37.39587099995703],[-120.99383300012235,37.38439899978118],[-120.98360399986474,37.3868190002944],[-120.98436600029606,37.37513599971923],[-120.97311900041242,37.37614799997827],[-120.97887299996306,37.37196099972478],[-120.97423099974982,37.36856699990968],[-120.9817839996244,37.366153999774916],[-120.97654800010766,37.34976899973175],[-120.96381200041975,37.34614399964867],[-121.2268040002158,37.13477400018037],[-121.21733900003935,37.123041999708825],[-121.23052599981393,37.104769999827184],[-121.23043899977529,37.096941999793884],[-121.24548400032342,37.08914799972797],[-121.20963700020182,37.06824299973991],[-121.20819799972799,37.06128899971052],[-121.21259100041921,37.055067999881786],[-121.2245179998201,37.05623700021228],[-121.22450699994947,37.03974300029227],[-121.24063399969772,37.031776999947496],[-121.24864699987984,37.03367999974432],[-121.23333699991616,37.0117460002841],[-121.23818599981863,37.00925399987788],[-121.23313699989963,36.99934600016716],[-121.24151699960456,36.99738099991068],[-121.2465680000717,36.98522799986585],[-121.23212799959607,36.96889200015294],[-121.2117329997284,36.95737999997956],[-121.22920500023918,36.941031000061145],[-121.23433199997599,36.92614699986867],[-121.22418499973418,36.91992100000346],[-121.22171299956565,36.91036200005501],[-121.19827399996724,36.91433799978327],[-121.18429700017222,36.90897299993296],[-121.18429700017222,36.896385000174426],[-121.16909799963832,36.8849940003308],[-121.16358799958684,36.86924499993383],[-121.15262600010857,36.86535099981996],[-121.14152300016494,36.83665599980725],[-120.93368200003887,36.75189500024896],[-120.91873100010041,36.740381000089876],[-120.65595000019154,36.95283199970101],[-120.59056600006603,36.95264099975198],[-120.59048300022536,36.98164199988169],[-120.58524299961232,36.990589000109395],[-120.59856400017954,36.99862999972284],[-120.54169600020138,37.04450500024867]]]},"properties":{"GEOID":"06047","NAME":"Merced County","STATE":"06","wildfire_risk_score":92.176,"wildfire_eal_total":1572653.61,"risk_band":"Low","source":"FEMA National Risk Index v1.20 (December 2025)"}},{"type":"Feature","geometry":{"type":"Polygon","coordinates":[[[-122.9982479997774,40.41820800011305],[-122.9749220001569,40.41960899998861],[-122.96100399991309,40.425989000266135],[-122.9542310000132,40.421509999668196],[-122.93861800010083,40.42885799983879],[-122.93779100027048,40.43692300007325],[-122.92792900043399,40.44713400025625],[-122.91770699984909,40.449768000103674],[-122.90113700041005,40.44561100032389],[-122.88364300015795,40.474773000136004],[-122.87652399975333,40.480412999915174],[-122.85103200028604,40.48591700030299],[-122.84644799979914,40.49352299974362],[-122.8520790002244,40.50095499979554],[-122.84595400005473,40.5051809998982],[-122.79325200008876,40.51451799968191],[-122.79362000033478,40.52343399992643],[-122.7822239995899,40.531870999671895],[-122.78519399970077,40.54091600027909],[-122.76745500012464,40.55517299982043],[-122.74392299974144,40.553797999703036],[-122.74131199965578,40.56411800010303],[-122.72308199980992,40.57519800021316],[-122.69879000044192,40.56929299980513],[-122.69307500035103,40.57533800012417],[-122.70097700020507,40.58770400016171],[-122.7060570000862,40.610185000246545],[-122.71085400011016,40.613214999921844],[-122.70965499983582,40.63119899992409],[-122.73617099967525,40.636279000229784],[-122.72702900043731,40.650467999795076],[-122.73358899990188,40.662425999680366],[-122.74121399974648,40.66539699971961],[-122.74258299990014,40.67881000006189],[-122.75226599963648,40.689642000038084],[-122.74388699975644,40.6950300000432],[-122.72996900041096,40.69217699972216],[-122.72235799991174,40.69547300012351],[-122.70657099992212,40.725331000208584],[-122.71985200030637,40.73937200026695],[-122.71740699990204,40.74718200023472],[-122.7062949997376,40.74955599978149],[-122.70047599988965,40.75889599983047],[-122.67052600033215,40.7727680000227],[-122.65809299969463,40.787503999942935],[-122.66135200040883,40.800482000188325],[-122.65524399995756,40.80817799967583],[-122.66605800019616,40.82587500008099],[-122.65539999959317,40.841547999884085],[-122.63971499971079,40.84504000033335],[-122.63437999956152,40.86128899994501],[-122.62642599982892,40.86709400030376],[-122.62544199963975,40.879208000185045],[-122.60989900004759,40.88455000028333],[-122.60001299992166,40.90034300030497],[-122.6127510001577,40.9212449998119],[-122.60318899989687,40.940620000078994],[-122.60736300030496,40.95774799986967],[-122.60308900033776,40.95938699975725],[-122.59852800031537,40.97584699971516],[-122.59137499957556,40.97667700008486],[-122.5891879998124,40.98537800029452],[-122.56918100028223,40.98498800018652],[-122.55448999973645,41.00362199999573],[-122.5378769997414,41.002384000251425],[-122.52775299996408,41.01439500015547],[-122.52892899977387,41.036513000130995],[-122.52316600000243,41.059207999767864],[-122.52761800024489,41.06421199992436],[-122.53794200003871,41.06504200029175],[-122.53977499979953,41.072605000092004],[-122.51335400039468,41.088227000201115],[-122.49329699973745,41.085987000191466],[-122.468135999808,41.09683700017697],[-122.45714400019246,41.096611000086064],[-122.44857199996862,41.118240000158515],[-122.44599000019522,41.13334700001644],[-122.45060700029411,41.14694000030322],[-122.4460229998072,41.15924099986369],[-122.47594499977559,41.17651999968132],[-122.49773499973621,41.17857199969291],[-122.49501800024362,41.192437999694604],[-122.522636000273,41.21352499995662],[-122.51226100042553,41.22645199999498],[-122.51745799958425,41.239783000131865],[-122.508246999851,41.24528800021489],[-122.51394299967534,41.25521499978431],[-122.51333000010521,41.283680000067946],[-122.49922299971553,41.29204899982893],[-122.50192000001496,41.30911299967263],[-122.47877099994643,41.32008500020919],[-122.5025419998059,41.332943999713194],[-122.50389000004316,41.34298499970156],[-122.53581800002472,41.34152300010033],[-122.54272099962098,41.35014500015066],[-122.54043799959834,41.35315299978352],[-122.5516900004032,41.36170199985507],[-122.5726789995744,41.36798299997934],[-122.58579900030018,41.35763400011057],[-122.58699600002637,41.34970200003836],[-122.58102200036772,41.33767000016214],[-122.58905200026828,41.326836999817125],[-122.59891199955663,41.32453400017966],[-122.62747299976729,41.3320259996674],[-122.64212800032807,41.32660800029342],[-122.64768299968706,41.322343000016275],[-122.64557999958949,41.304733999861746],[-122.65154900012358,41.299595999663765],[-122.65287600044444,41.28973500006114],[-122.66348800011836,41.29164400032974],[-122.67727499994261,41.28498600011048],[-122.6790680004188,41.27896899970802],[-122.68735699988709,41.28132900019031],[-122.71195700012501,41.27479000033371],[-122.7246009997514,41.261074999967946],[-122.7252950004107,41.24746599987631],[-122.75831800001123,41.240803999843],[-122.77701200036257,41.23084100030937],[-122.78120699978876,41.21817300015196],[-122.80210899981964,41.203048000260445],[-122.8113420001925,41.202450999765674],[-122.82517500004748,41.210029999668414],[-122.84394100036884,41.20022399983675],[-122.88592100015772,41.20514199981987],[-122.90687599989207,41.195923999796655],[-122.91537000029811,41.187184000085864],[-122.92483899977421,41.18666500016073],[-122.92917100036604,41.178690999975544],[-122.93837399970336,41.17810599977211],[-122.95131699997879,41.18557799970966],[-122.96134700004477,41.1815249998617],[-122.95166400030844,41.150319999744234],[-122.96534099962949,41.13830700007713],[-122.95993400040848,41.12399200028717],[-122.97423699971846,41.10962500000183],[-122.96909599973792,41.10335899973622],[-122.97097000040495,41.0901599998045],[-122.96606299987783,41.080904999871166],[-122.95318300024991,41.07427699994686],[-122.94207500028342,41.07007499982582],[-122.92332800022864,41.07195199985898],[-122.90922699968674,41.04118800023717],[-122.89736300003503,41.029180000073985],[-122.90241299977897,41.023789000071886],[-122.90304799998869,41.01156000024514],[-122.91445100040625,41.006898999759876],[-122.91752899957386,40.99398999978851],[-122.94166900040256,40.99262899989268],[-122.95201800031076,41.006392999836955],[-122.98013099990949,41.01431400004994],[-123.03711799971333,41.00417599994232],[-123.0475710002769,41.02473900007846],[-123.04597600016744,41.03349400017344],[-123.05518299970272,41.046706000091625],[-123.08009199973712,41.05756300026913],[-123.0963399998592,41.059399000157725],[-123.1058939997241,41.065767999803825],[-123.10907700027033,41.07542900012746],[-123.18829000005285,41.07759100015895],[-123.20315300012777,41.07176299988899],[-123.23947999975006,41.07576299988831],[-123.25841099992786,41.09355800006324],[-123.27340200004929,41.12289099989568],[-123.28393900027848,41.12345300013861],[-123.2950649997883,41.14065000027855],[-123.3249519995966,41.14154700000598],[-123.32961499972626,41.15166400000165],[-123.35323699962277,41.16305399989667],[-123.38119199993605,41.15128999986631],[-123.38406199958952,41.15773899998422],[-123.39272599987488,41.161207999901755],[-123.39350699967447,41.17071599980088],[-123.40765900027,41.18011000030984],[-123.41694899964594,41.16553000025351],[-123.43260799958905,41.16232800018708],[-123.42876799999011,41.1520620000848],[-123.42925099986387,41.117999999989586],[-123.4398059996364,41.092541000311364],[-123.4494790002253,41.08910600017793],[-123.46422199975132,41.094408000046215],[-123.45828200042786,41.08378600021667],[-123.46400599984125,41.07634799971698],[-123.45794199977091,41.06821499974141],[-123.42327200018235,41.05815699966513],[-123.41996599961247,41.035138999752284],[-123.40709199983233,41.029723000136556],[-123.41031200018848,41.020673999731926],[-123.40603999987107,41.01289700028661],[-123.42005900039722,41.009674000187616],[-123.42775000036407,41.00069999975596],[-123.42725800026949,40.98825599984952],[-123.43485499962667,40.9825520002118],[-123.43655500021644,40.973652999744395],[-123.45325799972488,40.96415300003657],[-123.44485899975338,40.95615800009906],[-123.44795600008587,40.943758000054245],[-123.4676560003677,40.93815899969864],[-123.47795800042023,40.92805600017681],[-123.48175700001127,40.91485700025119],[-123.5117579996224,40.920356999986055],[-123.52965899958026,40.93485600026356],[-123.53385899992763,40.93075600018816],[-123.5409590000657,40.93225599995251],[-123.54115999990714,40.93965600031535],[-123.56016300005497,40.950256999828866],[-123.56996100031733,40.94655499968097],[-123.56765999985306,40.93655600018953],[-123.58786099955198,40.92775499988497],[-123.62366199964278,40.929823000138384],[-123.61342300023777,40.921550999735146],[-123.61582699973592,40.91406799966949],[-123.60472499961722,40.90036999970567],[-123.60854199964994,40.89493800000529],[-123.5972110001007,40.88410400016702],[-123.6102499997373,40.87897200007426],[-123.59799699992314,40.87761500025908],[-123.59110900039553,40.86728199984528],[-123.58059999975545,40.8679990000701],[-123.58754000005993,40.85848300011246],[-123.57584100026466,40.857994000181584],[-123.57316200040691,40.843515000289685],[-123.56305899964768,40.84041699971457],[-123.56624300001883,40.83497799986272],[-123.55962800030267,40.83031900014125],[-123.56873100008086,40.819740000173375],[-123.56252200024558,40.80969799989772],[-123.55621499960267,40.80881700018595],[-123.55407100039555,40.79630900007314],[-123.5658470001837,40.79623100009034],[-123.56625300006456,40.78881000025002],[-123.56003300035862,40.79026899998754],[-123.55828000006541,40.78107100014114],[-123.5498650002004,40.77580800022523],[-123.55416500010685,40.759501999998925],[-123.54301500030758,40.7335780000369],[-123.54456299966307,39.97701500001881],[-122.93401299969749,39.97813099972069],[-122.93877299991152,39.991308999784906],[-122.951860000127,39.99882699997242],[-122.94944800023293,40.01212699989774],[-122.95637799959339,40.01994000008308],[-122.94975899967928,40.03099100007164],[-122.95421799959439,40.044846000226045],[-122.94888599981816,40.049745000126535],[-122.95091399957268,40.05591400031914],[-122.97315899981795,40.07716700001886],[-122.96734699964269,40.08872200031277],[-122.96144099975609,40.08975399991428],[-122.96108799957868,40.09999599972654],[-122.97365699976031,40.13002499995644],[-122.96856799965833,40.13903299973792],[-122.98961399962926,40.14512599992172],[-122.98453999959588,40.153411000011076],[-122.98393700007155,40.17198399969129],[-122.97006400003357,40.18630599967154],[-122.9800270001524,40.214707999789795],[-122.97488799982169,40.23059099976603],[-122.97754999996103,40.24128500000776],[-123.01857999989589,40.26278299998092],[-123.04423200009505,40.264174000144266],[-123.06600899963688,40.28568800007693],[-123.06883800018078,40.30825500008319],[-123.06174700026354,40.31344200015432],[-123.06878899977696,40.332232999949305],[-123.06397800040766,40.33750400001651],[-123.06548399993034,40.34509900004626],[-123.05688300029247,40.34924599973718],[-123.04397000015425,40.34701300030408],[-123.03928199991024,40.36272400030221],[-123.01829600021377,40.3724069998472],[-123.01639300013274,40.38559300031837],[-122.9965790000481,40.39638100028467],[-122.9982479997774,40.41820800011305]]]},"properties":{"GEOID":"06105","NAME":"Trinity County","STATE":"06","wildfire_risk_score":98.505,"wildfire_eal_total":12965495.54,"risk_band":"Moderate","source":"FEMA National Risk Index v1.20 (December 2025)"}},{"type":"Feature","geometry":{"type":"Polygon","coordinates":[[[-122.05187799979564,36.81960000017198],[-122.00112400011655,36.647704000342465],[-122.04073300001924,36.600120000142525],[-122.04404999956147,36.57824900010396],[-122.03745900013475,36.56038099980316],[-122.0174550000793,36.537405000188514],[-122.02199799966002,36.508908000049],[-122.00897099971898,36.47533200001929],[-121.99947200010565,36.46645099975171],[-121.99792999969965,36.443271999814954],[-121.9814280000327,36.420869999808176],[-121.97039100021131,36.38336800000014],[-121.97187699964249,36.357830999705385],[-121.95905300009106,36.28710799969857],[-121.94420199971171,36.26959800007297],[-121.90116400011381,36.23965300004817],[-121.88019299958762,36.21031400003133],[-121.84640400025607,36.1903420003003],[-121.8023539999816,36.17829999971611],[-121.77069299996369,36.162013999666634],[-121.7278119998263,36.12900899983623],[-121.67435900019795,36.06466099993409],[-121.6481799997441,35.99861699966794],[-121.63181799981919,35.978944999764956],[-121.62036500007123,35.969109000268],[-121.58927700033875,35.959274000214144],[-121.56146099994264,35.94381799971386],[-121.51919200044877,35.86340000001016],[-121.50104700009342,35.84274499976892],[-121.45609700019367,35.81771300012985],[-121.43817600014431,35.79665500035294],[-120.21397899988068,35.78927599975729],[-120.21990599968366,35.81891500009978],[-120.244534000409,35.82398800008575],[-120.25930200004935,35.84505300028033],[-120.25625599977047,35.85542399966432],[-120.24024600019808,35.865927999750134],[-120.24521399992626,35.87311899989172],[-120.24327499986018,35.87766900004239],[-120.2757600002337,35.905880999998836],[-120.32291600016322,35.90781799990716],[-120.33671100038339,35.92364500036238],[-120.33596300019575,35.9372030002829],[-120.35651299987414,35.948057000200514],[-120.36249199955566,35.95940900003785],[-120.36040199987688,35.964417999899226],[-120.39400500033388,35.9678730002265],[-120.40854299982047,35.975961999872524],[-120.43436099970098,35.96944399998736],[-120.44969999997697,35.98843199995052],[-120.47739099980127,36.000824000247896],[-120.47930399992805,36.01066600027757],[-120.51756799996657,36.0275439996928],[-120.52000900017293,36.020885000007794],[-120.52979599966636,36.024281000359935],[-120.52699399978495,36.03570900020726],[-120.5404090000635,36.03666400035968],[-120.54540799975382,36.046122999739445],[-120.5666489997184,36.05293200022594],[-120.58786600029188,36.066627999724915],[-120.59608799981307,36.07821899997589],[-120.5897960001371,36.08960500034022],[-120.59936599989554,36.10087799977598],[-120.60801900031025,36.10269700002899],[-120.61424900006195,36.09506999986969],[-120.64610800044657,36.1047449998153],[-120.64542300000814,36.11619899993566],[-120.65320299966343,36.118815000070256],[-120.65646099965441,36.132587999648344],[-120.66755100007754,36.13805699965362],[-120.6647049998152,36.14727299973665],[-120.67203500010703,36.164270999802476],[-120.66424799988069,36.16565099982394],[-120.66305700000231,36.17115799972986],[-120.64993700017486,36.16800699981102],[-120.65198400019592,36.174088999985145],[-120.64472599987411,36.17915200004503],[-120.63921300034792,36.196466999702075],[-120.62691000030507,36.203227000090656],[-120.65169100029296,36.23065900032693],[-120.6797410001425,36.24666500001914],[-120.6817699997219,36.25138199980385],[-120.67366799985133,36.25975100022016],[-120.68165099989619,36.27153900012719],[-120.68849800031428,36.27218299977763],[-120.70195500042563,36.28615699994099],[-120.7225839997467,36.292655999910224],[-120.74665400025523,36.31023400020436],[-120.75833999963169,36.30860399986172],[-120.74311400023194,36.29805899992921],[-120.73210800037272,36.27546500015784],[-120.7176960003845,36.26001200014661],[-120.70742899959373,36.23178500001572],[-120.7061210004378,36.20373000004036],[-120.71816900021251,36.196847999825025],[-120.73179500037826,36.203958999987115],[-120.74438899977594,36.19877699997715],[-120.76129300002414,36.203387999714344],[-120.76531199972322,36.213481000171114],[-120.78127299979015,36.22244100007062],[-120.78928199977429,36.23500100023732],[-120.79910000012816,36.23552000034147],[-120.81216600042724,36.2451949997551],[-120.81077399980909,36.25170200031435],[-120.8235050003724,36.2572499996501],[-120.82598699968835,36.25445499997206],[-120.83678000001056,36.26235700034527],[-120.83686500039938,36.27205300006696],[-120.85141600030477,36.2858699999358],[-120.87413400037805,36.295228000083185],[-120.88953300003017,36.29033600013684],[-120.89901900012302,36.300754999692636],[-120.91905800033854,36.31086300033018],[-120.92555400022901,36.30807500032163],[-120.92603899975259,36.30145999988433],[-120.93310399973056,36.29976799986782],[-120.94011400035522,36.28229900018561],[-120.95343199965107,36.27470600028365],[-120.97378700023413,36.29031999969411],[-120.98579999984875,36.292937000152136],[-120.98708600016171,36.27574100012604],[-120.99241499956489,36.2699209997121],[-121.01045799981299,36.268846999906906],[-121.01175699964642,36.26453000018075],[-121.01441100028815,36.268663999937935],[-121.0188359998681,36.259656999672316],[-121.02732199987823,36.25994300010933],[-121.02744300025205,36.2752869996923],[-121.04030199996359,36.27105799998759],[-121.04079700043123,36.32396899990086],[-121.19346500024773,36.4457510002561],[-121.21508500032901,36.47320299995556],[-121.22951099966262,36.47527699978521],[-121.2281080000721,36.484598999742346],[-121.23929499968128,36.50478199967234],[-121.26895899990684,36.50196899965157],[-121.30073200007776,36.505798000005505],[-121.30771099984199,36.49967199972735],[-121.30936100020303,36.499862000088356],[-121.31196700026584,36.50458800026314],[-121.30718899961015,36.51681200032051],[-121.29536199976837,36.527128999972454],[-121.30794500019371,36.545567000102764],[-121.32869700043678,36.55473999973736],[-121.33201599962881,36.56216000023617],[-121.33392000043308,36.57440400025873],[-121.32352299994598,36.57755400025282],[-121.32735000002444,36.58588600021599],[-121.31837299974462,36.61002600007094],[-121.34208900025078,36.63135399998622],[-121.34231400038169,36.63952300029557],[-121.36624800044775,36.65661000030202],[-121.37833399985732,36.652861000180515],[-121.40699299997728,36.656035000122756],[-121.41553500006393,36.67305800025804],[-121.4315709995756,36.6787279998815],[-121.44433300010105,36.67314799998193],[-121.45896199982425,36.68572000017361],[-121.46902299985236,36.685433999702354],[-121.48450799971822,36.71306199995679],[-121.45307199983118,36.72119799976499],[-121.45264599985885,36.72920900011957],[-121.46011699971764,36.7411499996514],[-121.47565099998731,36.749210000161185],[-121.47436800004738,36.75667200019589],[-121.481523000437,36.76544699987239],[-121.50401100035653,36.757204999826435],[-121.59769800005155,36.83734999973431],[-121.62208900005211,36.84620299996296],[-121.64256500011066,36.87369999997332],[-121.64603399998883,36.90232700030136],[-121.65312999992891,36.90195499978567],[-121.65522700017871,36.912863000161174],[-121.66451800027787,36.9132839999733],[-121.6806209997367,36.903284999865114],[-121.6974410003193,36.91160699987037],[-121.7055289999462,36.90950300009251],[-121.69995600014553,36.91968300006916],[-121.71467000025756,36.90881100003576],[-121.72559400010101,36.91434499969109],[-121.73484400019228,36.90874200001496],[-121.74528799963673,36.90934099988428],[-121.76942500009238,36.88513700025022],[-121.78499500034705,36.88572400031886],[-121.79366299993205,36.879671000067326],[-121.8033189999042,36.86853599992024],[-121.80093799997229,36.857387000116915],[-121.81467000044324,36.84951699969779],[-122.05187799979564,36.81960000017198]]]},"properties":{"GEOID":"06053","NAME":"Monterey County","STATE":"06","wildfire_risk_score":98.664,"wildfire_eal_total":17105852.66,"risk_band":"High","source":"FEMA National Risk Index v1.20 (December 2025)"}},{"type":"Feature","geometry":{"type":"Polygon","coordinates":[[[-121.02770600001777,38.500106000231824],[-121.02708400022686,38.30025200004766],[-120.99549699982877,38.22540200000241],[-120.97210400026111,38.21795099986353],[-120.953404000062,38.22631499974875],[-120.93550200027921,38.22092300011548],[-120.91494000000695,38.230037000264744],[-120.89379199992875,38.22127699991298],[-120.88102899957836,38.23322099972229],[-120.88006000035614,38.24061000024865],[-120.85566699980744,38.24829599992539],[-120.84678900016013,38.264272999742644],[-120.82204400015725,38.275451000122914],[-120.81769300019714,38.28354500002288],[-120.81054600020344,38.281604999806284],[-120.80774000012407,38.28872299985539],[-120.79848199963688,38.285591000124604],[-120.75491400030954,38.288266000337124],[-120.73828600024588,38.30776800004144],[-120.68818399959659,38.318882999682465],[-120.67492499985197,38.330693000184894],[-120.65650000001247,38.33091199976233],[-120.6385069999931,38.34083500004872],[-120.63178299959867,38.3399470002216],[-120.62827299971262,38.35540399969509],[-120.61968200012049,38.35772899982182],[-120.6185470003186,38.366513999682226],[-120.61008800007261,38.37072300007098],[-120.61710700001983,38.37823699996254],[-120.6087359996374,38.39753800015237],[-120.5743160002941,38.40184800018374],[-120.57162700039062,38.41389299976399],[-120.5407959996778,38.42307999975384],[-120.53760399980906,38.41852399982636],[-120.5301299995772,38.4188839996585],[-120.4953639997292,38.44960700018341],[-120.46140399979511,38.44617099983582],[-120.42321500009967,38.47332200003193],[-120.38806799958682,38.46673799991307],[-120.3807070002312,38.46104200023249],[-120.36492000024155,38.46657099971047],[-120.3310399997751,38.46519199992671],[-120.29478500012286,38.477161000100516],[-120.26913200009878,38.4777730002063],[-120.25992600038845,38.48671699990046],[-120.24087100036206,38.48535100032555],[-120.20940500033781,38.500756999658435],[-120.1643189999956,38.494234999813],[-120.13938999986973,38.49834099981226],[-120.12344499969633,38.49595799971056],[-120.10336899967088,38.50543700009683],[-120.07248400032799,38.50986900029605],[-120.07239200026648,38.7027669997786],[-120.08249099992943,38.70060400003113],[-120.07769300008057,38.70212600021609],[-120.07763899965389,38.708886999841305],[-120.1120089996668,38.70501600019772],[-120.12253800039838,38.69536199995044],[-120.12336900042668,38.686934000314025],[-120.11670100010873,38.679778000171005],[-120.12309400006704,38.66670400018588],[-120.13223299983026,38.66030800008752],[-120.13510400020695,38.654525999825516],[-120.13140000015213,38.649817000087616],[-120.14008399963068,38.63837400034479],[-120.19131900043202,38.631150999804845],[-120.20181899995298,38.62467500028165],[-120.2143039995707,38.629082000216364],[-120.22712600037063,38.610575000095295],[-120.22366199961701,38.604280999837414],[-120.23262399982822,38.60004399996581],[-120.23384900004181,38.58831599999007],[-120.26188999967052,38.5792039999854],[-120.27452199960133,38.55945199993394],[-120.29760799992064,38.55677100006658],[-120.30172100022939,38.54910900030516],[-120.3171419996228,38.545110000270874],[-120.35553500043105,38.54803099987568],[-120.43319599976185,38.52677399996727],[-120.45003600043594,38.52849199996498],[-120.48577600042742,38.5212670003235],[-120.50546900013822,38.51227900001118],[-120.55377999996114,38.51186299968577],[-120.5797359999339,38.50340599985783],[-120.60615700023709,38.50234900021845],[-120.62842800042164,38.503204000108816],[-120.65918300006817,38.51557000029806],[-120.6771800002855,38.51780900015572],[-120.68308899964683,38.52639399994083],[-120.70692300015378,38.53521400023763],[-120.72247599979167,38.5471649997393],[-120.73654800002126,38.54564399987731],[-120.75995900003059,38.5549309999925],[-120.7841779996037,38.55091500003368],[-120.79413300022493,38.55754499978981],[-120.81045599979177,38.557749999700924],[-120.81355399994916,38.56219299971099],[-120.83590700014948,38.55149000022242],[-120.84090599983976,38.55603600012147],[-120.84721799960722,38.5537859998971],[-120.85610600019858,38.548600000130484],[-120.85655999976001,38.54271300000101],[-120.8624089997452,38.54332900030447],[-120.86352500017885,38.53533000009361],[-120.87100000023564,38.53628999974285],[-120.87631500029345,38.54327100017472],[-120.88371699965695,38.53652499972165],[-120.88074599972116,38.529492000229375],[-120.886064000152,38.52471999988811],[-120.90236599980243,38.531227000286115],[-120.91079499991119,38.52059599969046],[-120.92638100005937,38.514963999795754],[-120.9364449995622,38.51944099975819],[-120.94087900026129,38.528603000054545],[-120.95252600017803,38.52103100029132],[-120.96989599968325,38.52100399991374],[-120.97466299956996,38.51590499977588],[-120.99478499962616,38.51364600025494],[-121.00571500021573,38.51953900005884],[-121.01155900017802,38.51236399993572],[-121.02750699982616,38.508292000277336],[-121.02770600001777,38.500106000231824]]]},"properties":{"GEOID":"06005","NAME":"Amador County","STATE":"06","wildfire_risk_score":98.123,"wildfire_eal_total":14064074.82,"risk_band":"Moderate","source":"FEMA National Risk Index v1.20 (December 2025)"}},{"type":"Feature","geometry":{"type":"Polygon","coordinates":[[[-114.82952300004943,34.07959899977521],[-114.43542900009152,34.07972700034741],[-114.43338000042063,34.088412999633945],[-114.41167999997339,34.11003099998684],[-114.39056500040549,34.11008400035297],[-114.36651699963829,34.11857699989823],[-114.35303000028803,34.13311999982168],[-114.3207769997181,34.13863499984503],[-114.28729399981002,34.1705290001584],[-114.25703399973278,34.172836999888446],[-114.22971500035247,34.18692800026988],[-114.22519399961475,34.20364199973486],[-114.17805000027911,34.239969000009715],[-114.17459700029447,34.24730299998749],[-114.1661239998048,34.250014999897516],[-114.16464800041935,34.25969899986284],[-114.13326400041086,34.258462000124496],[-114.13828200036775,34.30322999991018],[-114.15720599997455,34.31786200012285],[-114.1769089997311,34.34930599987107],[-114.19948200003944,34.36137299999831],[-114.22610699965881,34.36591600032316],[-114.26431700016894,34.40132900016965],[-114.28866299996366,34.4066230003178],[-114.29483599981393,34.42138899966145],[-114.32613000030906,34.43725100020631],[-114.33537200000443,34.450037999641516],[-114.37371899988358,34.446937999796674],[-114.38669899996896,34.457910999700864],[-114.37812400027036,34.507288000041214],[-114.38083800028821,34.52972400027739],[-114.40522799956554,34.56963699987259],[-114.43680999994072,34.59607400014771],[-114.42533799992619,34.600841999967],[-114.42420200029936,34.610453000316596],[-114.43873899996103,34.62145500005755],[-114.44146499967447,34.642530000163184],[-114.45798499978311,34.65711299980356],[-114.45050600042667,34.666835999665196],[-114.46524599957964,34.69120200013724],[-114.47047699997185,34.71136799966876],[-114.48750800044165,34.71662599990958],[-114.49201699968718,34.72570199993473],[-114.51661899957496,34.73674499986073],[-114.55268199960658,34.76687100019022],[-114.57101000026002,34.79429399994109],[-114.58684199955721,34.835672000207055],[-114.62393900000671,34.85973800032415],[-114.63438199962626,34.872889999958105],[-114.63672499992333,34.8891070000245],[-114.63087699976309,34.907263000248975],[-114.62976899972534,34.943039999954934],[-114.63523699994401,34.96514900016618],[-114.62912900039103,34.98613199982633],[-114.63348700002383,35.00185699992408],[-115.64835699983186,35.80921100011204],[-115.73574500017823,35.80909699968448],[-115.73589099976812,35.79361999984216],[-117.63428300007332,35.79726000033605],[-117.63431499986038,35.70983000002177],[-117.65213600035061,35.70985800015096],[-117.65218400003118,35.680770999817526],[-117.61651799965959,35.68068700013364],[-117.61651799965959,35.651610999971574],[-117.63434599982251,35.651571000188966],[-117.62968600006594,35.46615899972128],[-117.63372700040463,35.434539999911046],[-117.63215099966344,34.822271000098105],[-117.66745899983475,34.822528000087225],[-117.66712099972597,34.55790599964495],[-117.66040100042781,34.557892000208845],[-117.65975699999724,34.45276899975366],[-117.64637400040408,34.28917000013023],[-117.678500999679,34.161993000079235],[-117.71647500018759,34.06757700032011],[-117.73012499974445,34.021371000000805],[-117.73584599968314,34.01855400008012],[-117.76765700038719,34.02350799976037],[-117.76752500014268,34.00469499963628],[-117.7850329997402,34.004854000266036],[-117.80253899968784,33.975550999741415],[-117.80244499997649,33.96830800028641],[-117.79366699988832,33.96813500020909],[-117.79355100043568,33.95382200015742],[-117.6730450000542,33.87106699988712],[-117.66895500021002,33.880834999859886],[-117.67627999958063,33.888640000043175],[-117.65482699990393,33.88868200002672],[-117.65515699961682,33.92485400024885],[-117.61095400007976,33.92415199970457],[-117.6109430002091,33.97180700012527],[-117.55837699978724,33.98841999981365],[-117.55831200038824,34.03345099967626],[-117.37534400031156,34.03387500025929],[-117.37541600028156,34.01939899997462],[-117.22553299972974,34.017966000182895],[-117.22537299989617,34.00418900031153],[-116.92935699977635,34.00491400028577],[-116.92955799961778,34.03411300037081],[-115.31621199955819,34.03411000028599],[-115.3160650001434,34.07784300003933],[-114.82952300004943,34.07959899977521]]]},"properties":{"GEOID":"06071","NAME":"San Bernardino County","STATE":"06","wildfire_risk_score":99.905,"wildfire_eal_total":145737649.17,"risk_band":"High","source":"FEMA National Risk Index v1.20 (December 2025)"}},{"type":"Feature","geometry":{"type":"MultiPolygon","coordinates":[[[[-119.4545820003293,34.42163300024791],[-119.4456400002096,34.40425699992196],[-119.47770700010835,34.37964899979912],[-119.47665299959898,34.373195000217706],[-119.50095300026126,34.326922000336836],[-119.46699499997702,34.293660000174754],[-119.4286199996104,34.27778100009829],[-119.40199400016613,34.27225800006417],[-119.3759350002612,34.249879999684715],[-119.3344619997372,34.2365300000048],[-119.28574300038362,34.140804999767674],[-119.2509420003755,34.1062010002714],[-119.21799300039478,34.062490999808446],[-119.1589629998695,34.04025300030603],[-119.02740700014618,34.01491900005774],[-118.98320600025896,33.99945699974584],[-118.95172099996816,33.99285799970361],[-118.94096500035418,34.07482999964386],[-118.78888900019139,34.16821399973292],[-118.66815199983122,34.16819499979774],[-118.66771400016331,34.240344999983385],[-118.63249399985554,34.2403910002915],[-118.63678899973914,34.29180399966083],[-118.88040500001678,34.7886550001579],[-118.97802199972242,34.789808999857996],[-118.97792600036128,34.81171399974278],[-119.24253400018316,34.81432300031211],[-119.24258100003884,34.85759800030991],[-119.27724499977958,34.85728400004896],[-119.27643499966769,34.8724809996502],[-119.38185399966827,34.8739899998072],[-119.38370499987076,34.90081700022271],[-119.4436910000978,34.90117100006836],[-119.44041399984025,34.4418420002133],[-119.44471700011977,34.42950999973968],[-119.45314100020565,34.42894500004904],[-119.4545820003293,34.42163300024791]]],[[[-119.48652100018155,34.00000300028954],[-119.49228999980079,33.983214999674786],[-119.4726470003187,33.97064699964954],[-119.43296100042309,33.955904999763646],[-119.38045600010061,33.95361100034505],[-119.33279399983282,33.96772100030499],[-119.31161499979248,33.98002299974156],[-119.29623799988167,33.9972400000915],[-119.29311200013515,34.020152000325574],[-119.29764200019541,34.036582999720885],[-119.3120869997956,34.05438800016672],[-119.34246200039884,34.06896399996322],[-119.36787699987322,34.07041600029343],[-119.3970060003465,34.06379200003067],[-119.45126099969082,34.06643500001418],[-119.46806399965668,34.06313899972849],[-119.48652100018155,34.00000300028954]]],[[[-119.63606800027443,33.28071299979878],[-119.63128299994605,33.244973999658185],[-119.60528199976743,33.206919000058],[-119.57419200038515,33.186483999941814],[-119.51200099995324,33.1677550000108],[-119.44496700036503,33.16526999981452],[-119.39453599982781,33.1808360001504],[-119.37593699991102,33.19218600034154],[-119.36070200029043,33.22145200026322],[-119.36212499997242,33.24522100002437],[-119.37972999965429,33.26763200031998],[-119.42999600033507,33.30103099984785],[-119.51913799990125,33.33370000034756],[-119.54354499979532,33.33415899973786],[-119.59922199989506,33.32327599981157],[-119.62594399959882,33.30503599987226],[-119.63606800027443,33.28071299979878]]]]},"properties":{"GEOID":"06111","NAME":"Ventura County","STATE":"06","wildfire_risk_score":99.777,"wildfire_eal_total":50107804.31,"risk_band":"High","source":"FEMA National Risk Index v1.20 (December 2025)"}},{"type":"Feature","geometry":{"type":"Polygon","coordinates":[[[-121.66190600036728,38.762923999928155],[-121.65854500044415,38.754937999816036],[-121.66799200017894,38.754492000146875],[-121.67382600009549,38.74314100032235],[-121.67718299982066,38.75086199980413],[-121.6700180002836,38.759310000339696],[-121.69256200027962,38.767710000061115],[-121.68643899975976,38.77536000004708],[-121.69336800019357,38.789815999913564],[-121.69067099989417,38.79562700028221],[-121.70125099978102,38.8030280002798],[-121.72267500004374,38.802717999791355],[-121.72341400001054,38.82561699978419],[-121.73095299964142,38.835252999894905],[-121.72314899969668,38.8513060000493],[-121.72957000014237,38.858427000079935],[-121.74480300011314,38.86415500015196],[-121.74862400034381,38.87131800023836],[-121.75931499966046,38.86837099986197],[-121.75842000005805,38.86235499972589],[-121.76529599989014,38.86418699976283],[-121.78388099956321,38.8564449999186],[-121.78731400035468,38.86397999981768],[-121.80237300024818,38.86458199991533],[-121.817237000148,38.8828740002507],[-121.80677299971377,38.89031499985511],[-121.80398900027402,38.90171999969634],[-121.7935890003122,38.900714999951624],[-121.79150899978086,38.90540199998233],[-121.81016700014717,38.90794100031005],[-121.81525399970101,38.911210000220855],[-121.80584299995125,38.91079300025396],[-121.80552499993394,38.915065000027234],[-121.82891800039991,38.9184730000372],[-121.83548799991023,38.92448099982272],[-122.40403200014767,38.925288999650924],[-122.4219520003721,38.90356200031252],[-122.40566400006705,38.879866000280586],[-122.39119799965215,38.868713000249166],[-122.39531199978579,38.86399400025195],[-122.39213099978768,38.85861600018534],[-122.371551999797,38.84465100007051],[-122.3507200000863,38.83586700016307],[-122.32404699988804,38.846251999982954],[-122.31535099981562,38.83958299987277],[-122.30293899999285,38.84257499987005],[-122.28706800033761,38.83935099994738],[-122.25446900016125,38.78159499996176],[-122.24866000035904,38.75506500015607],[-122.22513999967146,38.727409000115934],[-122.22216899973566,38.698559999809866],[-122.20135100026867,38.690659000134644],[-122.19804200022406,38.683616999734674],[-122.20211199997678,38.67774399996417],[-122.19007199969964,38.663482000211665],[-122.16609599980079,38.65517799972437],[-122.15917399993799,38.635113000068216],[-122.16870299968852,38.62986599975078],[-122.16645999984887,38.619662000000055],[-122.14935099956125,38.625461999785315],[-122.13438700010231,38.60463399973763],[-122.11301499971812,38.52717700014419],[-122.10412799985001,38.51336200032574],[-122.05741499961128,38.51744099979119],[-122.03556600009945,38.496122000051884],[-122.01354199978711,38.48870999985326],[-121.94107199976725,38.53325699999228],[-121.90896899988346,38.52957600020921],[-121.88444099961556,38.53902799975866],[-121.86011999993521,38.53851200007353],[-121.78581100030674,38.52307399995426],[-121.77167700015286,38.53230099976948],[-121.76510000007154,38.525855999882204],[-121.7386749995704,38.53763499967996],[-121.71203400005749,38.53796199998321],[-121.69467700007276,38.52705400025624],[-121.69369700008153,38.31373200000493],[-121.5932729995733,38.31308899976071],[-121.58395399988504,38.33165200034332],[-121.57517800034499,38.327176000266995],[-121.5593529998222,38.34256700023025],[-121.5372249997528,38.34759099976743],[-121.52100099992013,38.361224000092136],[-121.52425800008622,38.37898100002746],[-121.51482499969683,38.387189999984365],[-121.51325700024987,38.398822000259784],[-121.53260000015631,38.431459999700635],[-121.50384700032502,38.43961400003514],[-121.50413900040304,38.46656299975002],[-121.51099199977057,38.47345100002986],[-121.54271700026091,38.476446999857004],[-121.55903599962981,38.49959199998477],[-121.55178200040427,38.51386100025326],[-121.52437199988904,38.52007799967867],[-121.53049799988365,38.530287000326744],[-121.51354599995489,38.54019399988114],[-121.5112899996964,38.54628999970342],[-121.52096499993513,38.56620500029517],[-121.50626900026481,38.58630499983707],[-121.50866799974008,38.59680300008735],[-121.51576600022828,38.60270400008797],[-121.52766699968994,38.604604000187486],[-121.54986900027751,38.59940499980684],[-121.55826800024902,38.60820399986048],[-121.56686800006196,38.645103999651035],[-121.57606799992452,38.64860399999292],[-121.58716900021831,38.642704999947966],[-121.59406900033981,38.64410600034486],[-121.63113400010398,38.67901200013128],[-121.63244600035624,38.695042999651506],[-121.60654200026201,38.71713600019784],[-121.59340599964268,38.75398500003318],[-121.59262200036837,38.762859999998916],[-121.59983799995908,38.77487600022449],[-121.62636399984422,38.7852110000581],[-121.63099799966156,38.78293199992089],[-121.62795700030388,38.778944999686935],[-121.63388300028195,38.768142000098294],[-121.6474049997923,38.77399200015681],[-121.6389439998965,38.7672040001836],[-121.65413099983653,38.76454100018344],[-121.66122000010394,38.77006199966498],[-121.66190600036728,38.762923999928155]]]},"properties":{"GEOID":"06113","NAME":"Yolo County","STATE":"06","wildfire_risk_score":86.959,"wildfire_eal_total":988247.48,"risk_band":"Low","source":"FEMA National Risk Index v1.20 (December 2025)"}},{"type":"Feature","geometry":{"type":"Polygon","coordinates":[[[-122.47282999989976,37.83189199991058],[-122.41867299956641,37.8525049996686],[-122.44158399998354,37.97392299981534],[-122.37597999975002,38.048465999897395],[-122.3474539996994,38.073260000074065],[-122.50190300029651,38.11242400018532],[-122.5201020001802,38.14069600006487],[-122.5444730000893,38.158715999918144],[-122.5579159999569,38.16015800014076],[-122.55197999993311,38.16900100008684],[-122.56319300037987,38.16931800009627],[-122.56849300036907,38.17701799972465],[-122.56528200023374,38.18271400017503],[-122.57059100044376,38.187117000053995],[-122.57069299965268,38.18351799997015],[-122.57820100021975,38.18358299991809],[-122.59281499987432,38.18878299990014],[-122.60411000033686,38.18063200003944],[-122.62264700032937,38.1826240001358],[-122.63578399987524,38.178648999790575],[-122.70139300013166,38.1960990000848],[-122.72299499977129,38.207131999995575],[-122.73989999984441,38.20701799988685],[-122.89993300011282,38.31679300012426],[-122.90949500037365,38.31439399976726],[-122.9081050003036,38.320752000147635],[-122.92095200031959,38.316836000072016],[-122.91648300035871,38.31280899991022],[-122.92158800035425,38.30855400000376],[-122.92563600036564,38.31273599974881],[-122.93538100002625,38.309604999844154],[-122.93426200011785,38.31401199981573],[-122.9467540003066,38.31120899965957],[-122.9661239999772,38.31696999969642],[-122.97004200029228,38.31012800019392],[-122.99475299995997,38.30618999969126],[-122.99357899979996,38.30007899988764],[-123.00272799960892,38.2957099998186],[-123.13452299970685,38.29626299996018],[-123.1109689995824,38.26726299977991],[-123.04961699957477,38.214285999677955],[-123.03133599967528,38.181461999813635],[-123.027210999671,38.16416999970954],[-123.01481700028985,38.14913200032965],[-123.06379699975935,38.036487000177566],[-123.08119999977485,38.01897100029292],[-123.08512999978548,38.008432999682825],[-123.08388000035583,37.98336600020226],[-123.06796500031967,37.95866899973872],[-123.05008399955499,37.94801600022485],[-123.02250700043179,37.942064999832425],[-122.95322400025779,37.94109300034963],[-122.91916999971409,37.95483500008625],[-122.90228399990752,37.97738600016847],[-122.87610399962877,37.9663419998407],[-122.8504599998255,37.94558500001652],[-122.84213399964895,37.923317000339864],[-122.82537099986607,37.90709300035306],[-122.78902699962703,37.893763000094914],[-122.7791410003994,37.8761320003153],[-122.7667710004094,37.86580399984366],[-122.72431100022149,37.847679999932204],[-122.70467899971175,37.84429599981145],[-122.67565399989387,37.84851699968715],[-122.61228500000237,37.815224000352075],[-122.52802499995065,37.81510200012708],[-122.528851999781,37.82010800024099],[-122.52285999968069,37.82492900009895],[-122.49909600039226,37.81988300012439],[-122.49122499960204,37.82660299985186],[-122.47809200025411,37.82534899971423],[-122.47801000023831,37.83304099995545],[-122.47282999989976,37.83189199991058]]]},"properties":{"GEOID":"06041","NAME":"Marin County","STATE":"06","wildfire_risk_score":94.561,"wildfire_eal_total":3616352.61,"risk_band":"Low","source":"FEMA National Risk Index v1.20 (December 2025)"}},{"type":"Feature","geometry":{"type":"Polygon","coordinates":[[[-122.3731209999672,37.88388400016003],[-122.34668100029575,37.81102700028631],[-122.28178000004398,37.708229999648104],[-122.10957400032737,37.49763699978767],[-122.0519310003974,37.45925099971012],[-122.0361820000426,37.46496600029199],[-121.99667100004916,37.46723899983332],[-121.98001399967319,37.46089200005816],[-121.94960200015831,37.46140800018954],[-121.94491399991432,37.46916300008397],[-121.93119900006013,37.460643999993856],[-121.9326259999401,37.455146999930875],[-121.92504100027844,37.45418599980327],[-121.88115500003548,37.47107599979052],[-121.8652669997635,37.484637000190375],[-121.47119799991995,37.48282899977174],[-121.46927499974743,37.48968800019276],[-121.482064999862,37.50143899986283],[-121.496017000441,37.50493800009746],[-121.50147499971561,37.525002999833184],[-121.5406109997903,37.5298219998215],[-121.5566549996979,37.542732000344024],[-121.55699700000466,37.816487999752084],[-121.96003999975497,37.71853099973994],[-121.97193799974187,37.730323999758035],[-121.98809700017551,37.733148999908586],[-122.01177099995056,37.74742800021725],[-122.01077099986786,37.75512700002073],[-121.99741099984091,37.7633600003543],[-122.01380000042829,37.7801279998727],[-122.04547300014178,37.79812599997185],[-122.14069800004482,37.80471699990106],[-122.15739200023079,37.81795199997948],[-122.16687300030074,37.81342400021693],[-122.1855769997995,37.82072599998418],[-122.18511599966706,37.83735300018849],[-122.20889800029546,37.8519409998146],[-122.2214180000733,37.865468000229754],[-122.21764000039865,37.87224999990049],[-122.22884000042663,37.881023000246806],[-122.24407900024518,37.883223999777094],[-122.2640270002241,37.90377499976112],[-122.27107999960818,37.90582399970302],[-122.28843699959292,37.8975969997332],[-122.31284199983718,37.89734799970701],[-122.3731209999672,37.88388400016003]]]},"properties":{"GEOID":"06001","NAME":"Alameda County","STATE":"06","wildfire_risk_score":97.71,"wildfire_eal_total":11552616.08,"risk_band":"Moderate","source":"FEMA National Risk Index v1.20 (December 2025)"}},{"type":"Feature","geometry":{"type":"Polygon","coordinates":[[[-122.47877099994643,41.32008500020919],[-122.50192000001496,41.30911299967263],[-122.49922299971553,41.29204899982893],[-122.51016699965051,41.2886639998848],[-122.5139700003378,41.28015199985937],[-122.51394299967534,41.25521499978431],[-122.508246999851,41.24528800021489],[-122.51745799958425,41.239783000131865],[-122.51226100042553,41.22645199999498],[-122.522636000273,41.21352499995662],[-122.49740099982536,41.1955689997816],[-122.4983759997937,41.18267500028956],[-121.44649499974986,41.1834840002755],[-121.44898100016209,41.77639200008515],[-121.45692200037418,41.77630199973551],[-121.45718000011703,41.905610999703605],[-121.45721299972901,41.94994499984066],[-121.44744999962676,41.95048500000422],[-121.4475380003886,41.99746499995102],[-122.37804900041068,42.00950300018286],[-123.04399699991843,42.003084000077294],[-123.14573500032871,42.00876099988911],[-123.34695499999255,41.99927600014718],[-123.51791100027951,42.00075600029315],[-123.5198539996452,41.995163999815354],[-123.54093399995132,41.98531299995529],[-123.53325100038042,41.95516900024532],[-123.55438900041285,41.9300520001376],[-123.55356900025522,41.91465500006404],[-123.5594919998602,41.90596799980886],[-123.5779629997305,41.90298400015542],[-123.59360999997804,41.90625199979278],[-123.60630100035843,41.88077299984851],[-123.6170500002997,41.881806999806074],[-123.62446300043219,41.888431000201834],[-123.64219100013769,41.88974200013375],[-123.65231300026515,41.87892199968322],[-123.646500000265,41.87664800016951],[-123.65139500019822,41.872909000163986],[-123.64947600022366,41.86031999981836],[-123.66153400004414,41.85647299973575],[-123.6713389999792,41.844984999754836],[-123.67077999993745,41.83543199984685],[-123.682913000101,41.83713600018546],[-123.70368100023761,41.82948700007156],[-123.7030419998299,41.81974899972537],[-123.6943750000698,41.815644999757914],[-123.68995700016256,41.80315999979165],[-123.67210999973305,41.795989999997744],[-123.67460199999304,41.78562599971895],[-123.68834000031178,41.781221000046926],[-123.67830400039806,41.7385430002133],[-123.66610799958701,41.73215599998999],[-123.66020500007347,41.714055000155525],[-123.67007500030584,41.70172600028215],[-123.66284299992333,41.69346799999525],[-123.68958300006875,41.66943399978764],[-123.68526499972062,41.66004800002047],[-123.68844499989379,41.652725999730905],[-123.68044400030556,41.633956999849985],[-123.69663999965078,41.63386299974346],[-123.69746700037942,41.62674300018935],[-123.71610599958089,41.60654700015544],[-123.71908900011056,41.59525799997674],[-123.71567499958564,41.59131200004886],[-123.69886599977197,41.59571799992704],[-123.69758700003004,41.590943999820745],[-123.68231999972409,41.59487499986246],[-123.68134499975575,41.58674099967335],[-123.68909500017213,41.58206799969461],[-123.68153399990163,41.57177199998576],[-123.69388700017319,41.55185799970779],[-123.68254300020516,41.54305100006643],[-123.67003400029797,41.54408600006038],[-123.64804599997066,41.535024000075246],[-123.64261999958477,41.52269900007171],[-123.64613200001897,41.51242000028752],[-123.63446300036094,41.48607500026865],[-123.6377709996823,41.48238199976717],[-123.62662199970794,41.466793999999055],[-123.61162700028687,41.46157099987197],[-123.61592200017047,41.45296099968893],[-123.61239499966767,41.448953999915325],[-123.62200899980702,41.4326350000877],[-123.64855999980654,41.42082300023097],[-123.63891300005524,41.407365999855145],[-123.64164799998949,41.40018799986609],[-123.65600499972608,41.395307000334775],[-123.6554699999738,41.38842999973345],[-123.66136300033992,41.38208999978086],[-123.50117000023792,41.382566999962854],[-123.48101399984651,41.37198600003233],[-123.474085000311,41.366192999727126],[-123.48251000022178,41.353649999983446],[-123.47864100031055,41.32964799982532],[-123.46344000012681,41.317729999855274],[-123.45688300013695,41.30028799991055],[-123.45547499962525,41.2928190000502],[-123.46279099967339,41.28420099995773],[-123.44381400036313,41.27323399971508],[-123.44213999971265,41.25139600020293],[-123.45490700026103,41.23566899993151],[-123.43437599995087,41.222875000002084],[-123.43474900021977,41.21252499969532],[-123.41709500013414,41.19700200007429],[-123.4039769999565,41.17452600005581],[-123.39350699967447,41.17071599980088],[-123.39272599987488,41.161207999901755],[-123.38406199958952,41.15773899998422],[-123.38119199993605,41.15128999986631],[-123.35323699962277,41.16305399989667],[-123.32961499972626,41.15166400000165],[-123.3249519995966,41.14154700000598],[-123.2950649997883,41.14065000027855],[-123.28393900027848,41.12345300013861],[-123.27340200004929,41.12289099989568],[-123.24522199960514,41.077987000288665],[-123.20315300012777,41.07176299988899],[-123.18829000005285,41.07759100015895],[-123.10907700027033,41.07542900012746],[-123.1058939997241,41.065767999803825],[-123.0963399998592,41.059399000157725],[-123.08009199973712,41.05756300026913],[-123.05518299970272,41.046706000091625],[-123.04597600016744,41.03349400017344],[-123.0475710002769,41.02473900007846],[-123.03711799971333,41.00417599994232],[-122.98013099990949,41.01431400004994],[-122.95201800031076,41.006392999836955],[-122.94166900040256,40.99262899989268],[-122.91752899957386,40.99398999978851],[-122.91445100040625,41.006898999759876],[-122.90304799998869,41.01156000024514],[-122.90241299977897,41.023789000071886],[-122.89736300003503,41.029180000073985],[-122.90922699968674,41.04118800023717],[-122.92332800022864,41.07195199985898],[-122.94207500028342,41.07007499982582],[-122.95318300024991,41.07427699994686],[-122.96606299987783,41.080904999871166],[-122.97097000040495,41.0901599998045],[-122.96909599973792,41.10335899973622],[-122.97423699971846,41.10962500000183],[-122.95993400040848,41.12399200028717],[-122.96534099962949,41.13830700007713],[-122.95166400030844,41.150319999744234],[-122.96134700004477,41.1815249998617],[-122.95131699997879,41.18557799970966],[-122.93837399970336,41.17810599977211],[-122.92917100036604,41.178690999975544],[-122.92483899977421,41.18666500016073],[-122.91537000029811,41.187184000085864],[-122.90687599989207,41.195923999796655],[-122.88592100015772,41.20514199981987],[-122.84394100036884,41.20022399983675],[-122.82517500004748,41.210029999668414],[-122.8113420001925,41.202450999765674],[-122.80210899981964,41.203048000260445],[-122.78120699978876,41.21817300015196],[-122.77701200036257,41.23084100030937],[-122.75831800001123,41.240803999843],[-122.7252950004107,41.24746599987631],[-122.7246009997514,41.261074999967946],[-122.71195700012501,41.27479000033371],[-122.68735699988709,41.28132900019031],[-122.6790680004188,41.27896899970802],[-122.67727499994261,41.28498600011048],[-122.66348800011836,41.29164400032974],[-122.65287600044444,41.28973500006114],[-122.65154900012358,41.299595999663765],[-122.64557999958949,41.304733999861746],[-122.64768299968706,41.322343000016275],[-122.64212800032807,41.32660800029342],[-122.62747299976729,41.3320259996674],[-122.59891199955663,41.32453400017966],[-122.58905200026828,41.326836999817125],[-122.58102200036772,41.33767000016214],[-122.58699600002637,41.34970200003836],[-122.58579900030018,41.35763400011057],[-122.5726789995744,41.36798299997934],[-122.5516900004032,41.36170199985507],[-122.54043799959834,41.35315299978352],[-122.54272099962098,41.35014500015066],[-122.53581800002472,41.34152300010033],[-122.50389000004316,41.34298499970156],[-122.5025419998059,41.332943999713194],[-122.47877099994643,41.32008500020919]]]},"properties":{"GEOID":"06093","NAME":"Siskiyou County","STATE":"06","wildfire_risk_score":98.601,"wildfire_eal_total":14080228.72,"risk_band":"High","source":"FEMA National Risk Index v1.20 (December 2025)"}},{"type":"Feature","geometry":{"type":"Polygon","coordinates":[[[-118.79003099966597,37.394031999783685],[-118.76767699964077,37.367662999787385],[-118.76861099960125,37.35983399992733],[-118.77823499978632,37.358329999919036],[-118.78450100042136,37.3516799999799],[-118.78673599986507,37.34338000004328],[-118.78010699990523,37.33487299975396],[-118.75785499998726,37.328840000230244],[-118.74111800014362,37.31533799978041],[-118.71601599976539,37.328208000130736],[-118.6949539999009,37.30602000002408],[-118.68210000021223,37.2804730000726],[-118.66533200040648,37.26191700000633],[-118.68374499965212,37.24436899978346],[-118.68224900017516,37.23398299965049],[-118.68642400040815,37.22757499980186],[-118.67561299964429,37.21414500003804],[-118.68134899965155,37.20443800020619],[-118.66645499961452,37.18949699997564],[-118.66424000026225,37.17814499997749],[-118.67264799955626,37.16734300005495],[-118.65459299961262,37.14182600009958],[-118.6412900003854,37.13723400029948],[-118.61341100024006,37.14300999977552],[-118.59964500033225,37.13646799991274],[-118.59266099964684,37.13814699980462],[-118.58308699969044,37.12239799983745],[-118.56902899970457,37.12259999987075],[-118.56410399963413,37.1132080001404],[-118.54506500039962,37.1153710003121],[-118.53093200007064,37.11118000026685],[-118.52212700021828,37.09835400004812],[-118.51186000032585,37.09281099991942],[-118.50310300015406,37.09522100023517],[-118.48657999967237,37.07741399998033],[-118.47114300038541,37.07266100029293],[-118.46733200020047,37.06674500003267],[-118.44895599986644,37.069138999980964],[-118.43713700042058,37.059818000191754],[-118.43496999985061,37.04973899975828],[-118.4417290004051,37.04501299969014],[-118.42275999969416,37.02580500004141],[-118.42798100004063,37.01123500012015],[-118.41223300040906,36.998335000260994],[-118.4189329996157,36.994834999931044],[-118.41953299966532,36.98743500018594],[-118.40443299976394,36.97203500009398],[-118.40473300023791,36.95753499979722],[-118.39663200019226,36.95733500001971],[-118.38843200041238,36.94553400018268],[-118.36083100010141,36.887733999828974],[-118.37017900010201,36.871687999744125],[-118.3622229998213,36.8613589997742],[-118.36216900029294,36.84400200000168],[-118.37149399982899,36.836082999958556],[-118.38975800000999,36.83446600019152],[-118.39372400000563,36.82966799975652],[-118.37402600027195,36.80017199985947],[-118.38023000008435,36.78223399972393],[-118.36923000007292,36.75003400022243],[-118.35092900008198,36.74073399988754],[-118.33962899959656,36.72903400027244],[-118.33602900019716,36.716333999989175],[-118.33552799988172,36.70443400007215],[-118.36612799971753,36.69043499987359],[-118.35202799989888,36.68293399973326],[-118.34752700015095,36.67233399986651],[-118.33122700015034,36.66943399966654],[-118.32952699956058,36.665434000348114],[-118.33822699983095,36.655433999837236],[-118.31882600019819,36.63893399964509],[-118.32132599995579,36.62743400033348],[-118.30282499994831,36.61903400000826],[-118.29392499966137,36.60513399988856],[-118.28162499999158,36.60453400007726],[-118.27462399958773,36.59733399964113],[-118.27802399986892,36.59233400026641],[-118.28902399988036,36.59073400021566],[-118.28802399979769,36.58373400012199],[-118.29412399985303,36.57743499989699],[-118.28982399994655,36.57323499998604],[-118.29122300023742,36.5593350000631],[-118.27592300031948,36.55083499981873],[-118.26532300034113,36.551535000010254],[-118.26022199964527,36.54413500035583],[-118.2520219998654,36.542134999778376],[-118.24942099982545,36.52403500017385],[-118.23882099984709,36.52363499984345],[-118.24142100006213,36.500034999916494],[-118.2350199997079,36.493735000069535],[-118.24991999959272,36.48243499975968],[-118.23701999987331,36.477035000060546],[-118.23262000040772,36.466334999857295],[-118.21561999990006,36.45633599970222],[-118.20962000030212,36.44213599985271],[-118.21441999980081,36.43433600002025],[-118.19361900005222,36.42653599977367],[-118.17491899985312,36.42653599977367],[-118.15681899970365,36.4326359996561],[-118.14121900021006,36.42093599998095],[-118.13741899989579,36.415335999701306],[-118.14031899968647,36.40353600024767],[-118.16291899975899,36.38943599999376],[-118.14101800036859,36.37163599985191],[-118.13051799994936,36.370336000209754],[-118.12421799987747,36.35193699978625],[-118.10031700032168,36.3461369999887],[-118.09761699964922,36.3311370003402],[-118.11251700043239,36.32203699987222],[-118.11181699992534,36.3083369998267],[-118.12161699983753,36.30683700026863],[-118.12011700016262,36.30223799972542],[-118.12700800006331,36.30022300032725],[-118.12760100044025,36.2803479997787],[-118.1173849997031,36.27116500005354],[-118.11936599960197,36.255560999864365],[-118.10521599955456,36.23363900012436],[-118.10921599988538,36.22553899996014],[-118.10561599958764,36.21343899988767],[-118.09071499987787,36.197340000089234],[-118.07371500026854,36.18944000009261],[-118.07001500041169,36.17864000030133],[-118.05931499997588,36.170139999898204],[-118.06261399997474,36.16224000010379],[-118.05971400018406,36.150840999870645],[-118.0735140004271,36.14034100021866],[-118.06461400014015,36.11044200003351],[-118.068313999997,36.108542000305526],[-118.06731300008938,36.0934420002675],[-118.06311299974202,36.08924199964154],[-118.05801299976939,36.09194199983133],[-118.05161300013839,36.083542000061996],[-118.0517129996975,36.059543000158236],[-118.04271200002655,36.04854299999856],[-118.04631200032429,36.042243000165705],[-118.0395119997619,36.03424300007737],[-118.0414120003682,36.02984399979055],[-118.03711199956341,36.02914400029946],[-118.03361099989819,36.00894400036153],[-118.01207700003062,35.99830500025709],[-118.00357699977678,35.983718000207816],[-118.00449400001882,35.977158000097674],[-118.01456699974248,35.972891000008005],[-118.01679100021389,35.954551000347536],[-118.01107199992504,35.9546009998786],[-118.00688199962342,35.94648299980583],[-117.99194400010376,35.94377099989329],[-117.98328700038938,35.926562999788906],[-117.99031399983419,35.91404499997098],[-117.98204999958192,35.89469499997924],[-117.98906500022946,35.881306000053016],[-117.9807609997942,35.86751499966871],[-117.99670099994474,35.86949299972393],[-118.00741800009895,35.85817999983155],[-118.00291300015306,35.8412900000826],[-118.00619500043348,35.829037000212494],[-117.99860499985066,35.823028999963476],[-118.00772699989543,35.81708300018275],[-118.00809400031656,35.78893500009301],[-117.92300300023652,35.78668600026327],[-117.92440599982703,35.79835900018147],[-117.91925800017383,35.79839200020098],[-115.73589099976812,35.79361999984216],[-115.73574500017823,35.80909699968448],[-115.64835699983186,35.80921100011204],[-116.21505400006477,36.249452999847435],[-116.87425399978693,36.75208099988178],[-117.83272599997011,37.46492899976013],[-118.77501399960528,37.463051999995216],[-118.76328700022091,37.45653699965272],[-118.759580999618,37.43557300021458],[-118.76927199975022,37.42217300027669],[-118.77975700010086,37.421677999668084],[-118.79003099966597,37.394031999783685]]]},"properties":{"GEOID":"06027","NAME":"Inyo County","STATE":"06","wildfire_risk_score":83.683,"wildfire_eal_total":429132.82,"risk_band":"Low","source":"FEMA National Risk Index v1.20 (December 2025)"}},{"type":"Feature","geometry":{"type":"Polygon","coordinates":[[[-122.06943099959898,39.84052999978526],[-122.05666499977383,39.827303000025054],[-122.06392999976833,39.81063399981072],[-122.04012600029694,39.7927479998043],[-122.0336200003607,39.79938799992091],[-122.02418199994847,39.798511999910204],[-122.03263500034663,39.77938600012654],[-122.02456000024023,39.76794200032216],[-121.99811399982266,39.752402999857374],[-121.98217600022029,39.73390199986893],[-121.97067599971835,39.73211399982289],[-121.9693629996412,39.73943899978318],[-121.96379599968832,39.741398000327905],[-121.96016799980148,39.734161000252556],[-121.96791999986768,39.723317000212525],[-121.96252399961905,39.71774100028882],[-121.95559300043372,39.72077499981113],[-121.95134200003272,39.73276299966667],[-121.94693699964594,39.73065300001685],[-121.95095100022047,39.715004000108294],[-121.94184300041941,39.699743999916414],[-121.94491499973924,39.69091900014608],[-121.95691900003135,39.68752499973118],[-121.96143499984788,39.67728900025622],[-121.99734800009169,39.66848300013827],[-121.99077100001037,39.66041099968361],[-121.97582300044496,39.66346099971442],[-121.96662299968408,39.65244400034078],[-121.96877799966019,39.64809400004982],[-121.985071999813,39.64593199988147],[-121.99082899973672,39.63653899973466],[-121.99064700016183,39.62631899993987],[-121.9794039995778,39.617159000226245],[-121.99576700022594,39.603163999660545],[-121.99520099961319,39.5817460001006],[-122.00324300010764,39.574814999999305],[-122.00142500041544,39.56900199989426],[-121.99063399974304,39.56429500003389],[-122.00313400032769,39.55929500031083],[-121.99402099960543,39.53392599989034],[-121.97682000015462,39.53286999967715],[-121.9740309997937,39.52885000016095],[-121.94519400029681,39.5360570000402],[-121.85653200023134,39.536903999882824],[-121.85944799991556,39.52719900021496],[-121.87734100037584,39.509549000134996],[-121.87088300012017,39.48512200023945],[-121.87354199988646,39.47859999980939],[-121.86935099975992,39.46619599997021],[-121.87484300026804,39.46052100022866],[-121.87077000014227,39.448713000080424],[-121.8904190003705,39.390150000195234],[-121.88386999987826,39.373926000282744],[-121.89353800044428,39.35854599981948],[-121.8991089996968,39.3572860003326],[-121.89438899966576,39.341085000022574],[-121.90304899975318,39.330120999989475],[-121.90826900027471,39.30387799975877],[-121.6301499999148,39.30566800031897],[-121.63228499979944,39.302243000299754],[-121.62376000032955,39.29562099972342],[-121.61117699990422,39.319279999811855],[-121.59418300014264,39.30783500006807],[-121.57569300000578,39.31083700004122],[-121.56369999958436,39.304938000228475],[-121.53054499973933,39.318255999963874],[-121.4977699998359,39.31419500020111],[-121.49531699993395,39.31904100023477],[-121.48412699995168,39.31799400021017],[-121.48408699976873,39.32612500003894],[-121.47455100034549,39.3335240000082],[-121.46358800014399,39.33085699999203],[-121.457577999602,39.33551099978577],[-121.44701399960864,39.33056799975731],[-121.43481299967301,39.337481999974884],[-121.42625800006591,39.334972999707624],[-121.40752699990468,39.339753999666414],[-121.40321799977734,39.34956700007419],[-121.37242100029802,39.364911999903725],[-121.37257299973565,39.37357900024092],[-121.35996199972124,39.39903699974592],[-121.36306699955134,39.40417699986635],[-121.3340710000458,39.425802000293324],[-121.34533800002093,39.438923000075526],[-121.34513899982932,39.45256700014551],[-121.3384200003561,39.45438099978965],[-121.33826399982216,39.46503099971036],[-121.32414100043727,39.468608000246164],[-121.3240669999191,39.4757130001724],[-121.31478699969058,39.475899000080965],[-121.31498000003444,39.486961000073364],[-121.31016399974392,39.48683100004301],[-121.31019999972892,39.49776100023082],[-121.3054250003446,39.49781600023886],[-121.3051220003959,39.519585000006565],[-121.27678899979085,39.5202709997948],[-121.27707699967095,39.51281199968621],[-121.24024200006056,39.513091000208874],[-121.24048300008498,39.52661299987448],[-121.2100220001663,39.527219999654115],[-121.18517300040637,39.526694999990305],[-121.18539900036217,39.51972799979513],[-121.1592960000763,39.51959500020976],[-121.15897800005898,39.52613099987257],[-121.14990700006784,39.526445999795456],[-121.149897999847,39.555288999668825],[-121.14088499958216,39.555549999728846],[-121.14121299964523,39.56227799983968],[-121.10696999985394,39.56719100012619],[-121.10746500032157,39.58527499968856],[-121.07954299962026,39.58526299986165],[-121.07934500015186,39.60335000024988],[-121.08892099975807,39.603306000125784],[-121.08894699969734,39.61354500028257],[-121.09770300004422,39.613697999988354],[-121.09753800018778,39.62090300014623],[-121.11633100027332,39.62101800018295],[-121.1166330003971,39.6280480001831],[-121.13671500027036,39.62816900011113],[-121.13641200032164,39.65681000017403],[-121.15507700036066,39.65678499967554],[-121.15514400030783,39.66391299968527],[-121.16286399968865,39.66382399971365],[-121.16301500019972,39.670986999755975],[-121.17114300000958,39.671087999655334],[-121.17118800021542,39.685563999893006],[-121.19028400024966,39.68535299994561],[-121.19053199994678,39.699890999697416],[-121.20868700034784,39.7003579999805],[-121.21087800030895,39.72565099966329],[-121.22944600026362,39.725665000189494],[-121.22970599965629,39.74021299986389],[-121.24825600006757,39.74004100029015],[-121.25064100019748,39.75396500011968],[-121.26802499994638,39.754244000041545],[-121.26827199981858,39.7687989997193],[-121.2858520002844,39.76762399996327],[-121.28494599991303,39.78157599999646],[-121.29412599968413,39.78925000021082],[-121.30780799992635,39.78936500026175],[-121.30770900019213,39.79661600021314],[-121.31693800036705,39.79670199981088],[-121.3184709996539,39.81090599996622],[-121.3323329998212,39.811053000071574],[-121.33229299963824,39.82569599976077],[-121.3508210003082,39.825703999874094],[-121.35107900005107,39.840349999992085],[-121.36051599974012,39.84073999986736],[-121.3612060002014,39.85547300021104],[-121.38018300040997,39.8554209999286],[-121.38014999989971,39.86281600010597],[-121.39852899970845,39.86288400014141],[-121.3990180003283,39.87128699991186],[-121.41193599959108,39.87142100028426],[-121.4109999999808,39.90042500003543],[-121.42995700009787,39.900312999665104],[-121.43001200034945,39.914833000070274],[-121.41100099980572,39.91509100031599],[-121.41108600019452,39.92943300008011],[-121.42057700031023,39.92944999976711],[-121.4198440001912,39.958624999941556],[-121.41032700013623,39.95847799984508],[-121.4102629996638,39.987303000168424],[-121.41981700042705,39.98754899969512],[-121.41948000014315,40.01576599983886],[-121.40956200023017,40.015728000048114],[-121.40964199969778,40.030624000211574],[-121.40033800007815,40.03052299967116],[-121.40035300014677,40.05209500024419],[-121.38226600041608,40.05182700027366],[-121.38199600007934,40.056990999769724],[-121.37707600003175,40.057088999726545],[-121.37684400022816,40.07174699984628],[-121.36714200022524,40.071887999674],[-121.36681800036015,40.08605400006707],[-121.37679200034962,40.08603400017527],[-121.37648900040092,40.10862599977082],[-121.3861050001901,40.108649999918235],[-121.38593399958755,40.11590000026676],[-121.40485499971962,40.11554499968442],[-121.4045090001132,40.15164800025395],[-121.43688599963338,40.151904999780236],[-121.44283599990091,40.14869999992434],[-121.44286900041118,40.129647000073845],[-121.45272700004969,40.12973500015795],[-121.45289799975392,40.12212500017315],[-121.48095400034954,40.12236599980057],[-121.48097000024306,40.115086999934064],[-121.4908580000188,40.115286000201515],[-121.49087300008742,40.108043999787654],[-121.51055099972962,40.10797699978872],[-121.51055900012554,40.10051499987195],[-121.58640699978699,40.10052199971973],[-121.58614099964821,40.093295000110075],[-121.59580199964323,40.0934580002246],[-121.59564699983252,40.057714000022166],[-121.60864100016161,40.055082999919584],[-121.60872900002514,40.04674600013978],[-121.61728899965513,40.0470609999919],[-121.61780900023712,40.03941600010868],[-121.62608600000988,40.03949600006622],[-121.62607000011636,40.025600000027296],[-121.63617399980217,40.02580999986832],[-121.63543999985825,39.996822000340714],[-121.6458490000409,39.997058000064946],[-121.64603200033899,39.98252699972647],[-121.70324099990069,39.98422999970697],[-121.70751700041603,39.97683400031599],[-121.72496599956396,39.96763000007657],[-121.72962899969362,39.95605599991337],[-121.74455799989079,39.94184799975277],[-121.75063399965667,39.90680500022231],[-121.77622399993155,39.88885799990411],[-121.80610400006717,39.88821700020531],[-121.80404100015257,39.88434399981516],[-122.04486499969623,39.883770999969606],[-122.04103000012014,39.87946599988521],[-122.06943099959898,39.84052999978526]]]},"properties":{"GEOID":"06007","NAME":"Butte County","STATE":"06","wildfire_risk_score":98.537,"wildfire_eal_total":16074989.08,"risk_band":"Moderate","source":"FEMA National Risk Index v1.20 (December 2025)"}},{"type":"Feature","geometry":{"type":"Polygon","coordinates":[[[-119.57319399995224,36.48883500030813],[-119.46632200013245,36.575237999735],[-119.30510200018358,36.57372500027604],[-119.3046250001576,36.66060599973955],[-118.9847789997288,36.65714699999665],[-118.98244100035289,36.74164599993917],[-118.55503099999315,36.73913799981741],[-118.55548700010272,36.744745999659735],[-118.36058599987905,36.744772999677075],[-118.36923000007292,36.75003400022243],[-118.38023000008435,36.78223399972393],[-118.37402600027195,36.80017199985947],[-118.39372400000563,36.82966799975652],[-118.38975800000999,36.83446600019152],[-118.37149399982899,36.836082999958556],[-118.36216900029294,36.84400200000168],[-118.3622229998213,36.8613589997742],[-118.37017900010201,36.871687999744125],[-118.36083100010141,36.887733999828974],[-118.38843200041238,36.94553400018268],[-118.39663200019226,36.95733500001971],[-118.40473300023791,36.95753499979722],[-118.40443299976394,36.97203500009398],[-118.41953299966532,36.98743500018594],[-118.4189329996157,36.994834999931044],[-118.41223300040906,36.998335000260994],[-118.42798100004063,37.01123500012015],[-118.42275999969416,37.02580500004141],[-118.43922100025158,37.03899700010323],[-118.4416859998491,37.045717999652],[-118.4349270001929,37.05088100026299],[-118.44128599981602,37.063854999668926],[-118.44895599986644,37.069138999980964],[-118.46733200020047,37.06674500003267],[-118.47114300038541,37.07266100029293],[-118.48657999967237,37.07741399998033],[-118.50310300015406,37.09522100023517],[-118.51186000032585,37.09281099991942],[-118.52212700021828,37.09835400004812],[-118.53093200007064,37.11118000026685],[-118.54506500039962,37.1153710003121],[-118.56410399963413,37.1132080001404],[-118.56902899970457,37.12259999987075],[-118.58308699969044,37.12239799983745],[-118.59266099964684,37.13814699980462],[-118.59964500033225,37.13646799991274],[-118.61341100024006,37.14300999977552],[-118.6412900003854,37.13723400029948],[-118.65459299961262,37.14182600009958],[-118.6671869999086,37.154640000257544],[-118.66650099964528,37.16138799982594],[-118.67264799955626,37.16734300005495],[-118.66424000026225,37.17814499997749],[-118.66645499961452,37.18949699997564],[-118.68134899965155,37.20443800020619],[-118.67561299964429,37.21414500003804],[-118.68642400040815,37.22757499980186],[-118.68224900017516,37.23398299965049],[-118.68374499965212,37.24436899978346],[-118.66533200040648,37.26191700000633],[-118.68210000021223,37.2804730000726],[-118.6949539999009,37.30602000002408],[-118.71601599976539,37.328208000130736],[-118.74111800014362,37.31533799978041],[-118.75785499998726,37.328840000230244],[-118.78010699990523,37.33487299975396],[-118.78673599986507,37.34338000004328],[-118.7815129998688,37.35641600000986],[-118.76814799981895,37.36117800015315],[-118.76797100026694,37.36813399982029],[-118.77859999965932,37.37595600015753],[-118.79003099966597,37.394031999783685],[-118.77975700010086,37.421677999668084],[-118.76927199975022,37.42217300027669],[-118.76017499981982,37.4336319998826],[-118.76328700022091,37.45653699965272],[-118.77330499969301,37.4594589998531],[-118.79709700036717,37.488712000059216],[-118.81552600040462,37.4878069996872],[-118.84975999997509,37.475859999773554],[-118.85604900017634,37.478394999749256],[-118.86075800033672,37.501534999703175],[-118.88165799981947,37.51033599975858],[-118.88365799998488,37.52013600022371],[-118.89105900042182,37.52533599980544],[-118.9018590004167,37.52603599971874],[-118.90115899990965,37.53123599982883],[-118.9170599997021,37.55033599979566],[-118.92965999984587,37.548936000152025],[-118.95266099977638,37.56583599980906],[-118.9640609998209,37.55813699977526],[-118.97695999971542,37.55683699996487],[-118.98486099974455,37.56733700008864],[-119.00226200011024,37.571136999980084],[-119.02206299977608,37.58583700006363],[-119.3121860004281,37.35272500029284],[-119.31542000012962,37.346133000350584],[-119.31222599971277,37.33970600035356],[-119.3257740000607,37.33541699974302],[-119.31575200039065,37.32477499990943],[-119.33542300036017,37.3112100000901],[-119.32693599962681,37.291904000205044],[-119.33230900030925,37.274438999839994],[-119.32640199969943,37.26985799966956],[-119.32217799996093,37.2534100002166],[-119.33778800039855,37.21915999964852],[-119.33073900031414,37.2152130001652],[-119.33008099963988,37.20742899973798],[-119.34310699975599,37.18907400009095],[-119.36056500002304,37.1805389998935],[-119.36191599973507,37.16784900016678],[-119.37520999963981,37.16407600007541],[-119.37502899988982,37.15787499988829],[-119.3888480003994,37.14921500013565],[-119.39978700031149,37.14983500025007],[-119.40681200010647,37.16003099973292],[-119.41579299968592,37.163445999902265],[-119.43212500037193,37.16257100025698],[-119.43487500037479,37.1469540000811],[-119.46263399997115,37.14421100031772],[-119.46914300028041,37.125887000003736],[-119.46625199981226,37.119596000208674],[-119.47480700031767,37.10996300004762],[-119.48328099973395,37.1103059999219],[-119.49131499983245,37.1197120000344],[-119.48917599974988,37.13726500010884],[-119.50604800021102,37.15034499974427],[-119.51747199964667,37.146772000307195],[-119.52497500019085,37.128233999712414],[-119.54999700020318,37.14458199978275],[-119.56083900003087,37.14290100021279],[-119.56856599998272,37.116688999891394],[-119.54875400044622,37.11675599979145],[-119.53759200005307,37.10506700023618],[-119.54156100042175,37.09595499980241],[-119.55900200007207,37.088058000294716],[-119.56143200040778,37.065485000154695],[-119.60490799967363,37.071015999653],[-119.61360200009621,37.05197499980453],[-119.61036099982368,37.045667999997555],[-119.62111599961273,37.026604999757254],[-119.63537100014042,37.02154499976392],[-119.62903300043371,37.03461900028271],[-119.63934899983161,37.043287000339504],[-119.64945599989048,37.04349700023461],[-119.65937700017649,37.03893799980144],[-119.65861100044555,37.01333000034202],[-119.69807499968495,37.008748000063136],[-119.74049999971278,36.97021199977252],[-119.74325399991359,36.95463099982557],[-119.73666599996163,36.953596999717185],[-119.73376699999584,36.94644100007586],[-119.75205999959086,36.93590300000629],[-119.75026199999014,36.92828800031845],[-119.754947999686,36.92245000002936],[-119.77273700038918,36.91859899976554],[-119.77566499976895,36.90912500026853],[-119.78931199985111,36.89670799993649],[-119.78554599987201,36.87980799992839],[-119.81441900025223,36.86146799979909],[-119.81389799984532,36.85015200004472],[-119.83478499980761,36.8525250003486],[-119.84088800023599,36.86129699972365],[-119.85386599977323,36.85140700026732],[-119.8706190004087,36.852226999656914],[-119.88617899971929,36.859198999709584],[-119.88915499967796,36.85211399987961],[-119.90402399960068,36.85155300018514],[-119.91213200021735,36.845373000280404],[-119.92808700043649,36.848480999873956],[-119.93454700034194,36.83802299996981],[-119.94350700000498,36.83402999973142],[-119.97053900022847,36.832866000082895],[-119.98583099975046,36.840472000171594],[-119.99238899956521,36.828945999853154],[-120.01367999975852,36.828138999923205],[-120.02777499955434,36.814504999644114],[-120.04229200002284,36.81549700028463],[-120.05598000011287,36.82285499969014],[-120.07139399983362,36.81867099995543],[-120.07945800006934,36.8253450001374],[-120.09862799972342,36.81493299986172],[-120.13657200009479,36.809295999981686],[-120.15693500017544,36.79819200021676],[-120.1727239998149,36.80287100018873],[-120.18152600019252,36.78327999996244],[-120.18970699970582,36.776144000257815],[-120.20707600028443,36.79090499997157],[-120.2332630002359,36.781056999816464],[-120.22992200040426,36.76905500033078],[-120.24884799966088,36.775120999957096],[-120.2559689997153,36.769610999943325],[-120.27334599979153,36.774236999808565],[-120.28135899997365,36.7666239998308],[-120.28550400006944,36.77350399965415],[-120.29059399999632,36.76304700004707],[-120.29317099974682,36.772233000007375],[-120.30605799994576,36.77026499992861],[-120.3003570000986,36.777633000069414],[-120.31258300014858,36.782024000205816],[-120.32172199991177,36.77769699984016],[-120.32421599982158,36.786304000033915],[-120.33461400013358,36.78288399969024],[-120.33438700035288,36.79146999964649],[-120.34407099991411,36.79138500015268],[-120.34766399964084,36.79816199999202],[-120.35095000011921,36.795435999727715],[-120.34512399970026,36.78504900023245],[-120.37071499980006,36.78520399974105],[-120.36974099965664,36.795635000312295],[-120.37437600019716,36.80109200028047],[-120.36922599999583,36.810068999968784],[-120.3770530004051,36.808771999713905],[-120.37909799987803,36.81716599984522],[-120.38755799994891,36.823883000245914],[-120.4007099995634,36.82240999969534],[-120.40990799977615,36.83981099966576],[-120.41709499995285,36.8356260002834],[-120.42626999970105,36.83990200026703],[-120.43352100035018,36.85052300002859],[-120.44050400031237,36.850201000335694],[-120.43949099981089,36.855707999879236],[-120.45549299988565,36.861946000043915],[-120.45030400022453,36.87122300027262],[-120.45937400039081,36.87532000011411],[-120.4536659999726,36.88079000004066],[-120.46675200036319,36.892193000074926],[-120.4609669999521,36.9023400002267],[-120.46378200025231,36.90535599990919],[-120.45557900009939,36.905449999732184],[-120.45040299995875,36.91282700013424],[-120.46220600040941,36.91717199991671],[-120.45706299988075,36.92356600008929],[-120.46801100001368,36.937471999691994],[-120.47561999996472,36.93999199976567],[-120.47799900024685,36.95466900015363],[-120.48894700037975,36.96569200024381],[-120.48413899958685,36.97239900024345],[-120.49951899987069,36.98196599974703],[-120.5029839995509,37.00062899998871],[-120.50816700026252,37.00029000008757],[-120.51379100011683,37.010961999656324],[-120.53042099983033,37.012875000089444],[-120.53071299990837,37.020183999996384],[-120.53693000013959,37.019343000278866],[-120.54526499963868,37.02693599985505],[-120.53780100035087,37.03421900029762],[-120.54169600020138,37.04450500024867],[-120.59856400017954,36.99862999972284],[-120.58524299961232,36.990589000109395],[-120.59048300022536,36.98164199988169],[-120.59056600006603,36.95264099975198],[-120.65595000019154,36.95283199970101],[-120.91873100010041,36.740381000089876],[-120.60370599998497,36.488241999696356],[-120.59715499984293,36.488234999876376],[-120.59656200036432,36.32848799965787],[-120.6179149995836,36.3188170000326],[-120.65880599960133,36.31623499997985],[-120.68283400027703,36.294264000123874],[-120.68288500033066,36.28679600001388],[-120.67262199973786,36.280489000132405],[-120.68042499985769,36.26706399995506],[-120.67295499982377,36.257678999730935],[-120.68147099997115,36.25197800023633],[-120.6797410001425,36.24666500001914],[-120.65169100029296,36.23065900032693],[-120.62691000030507,36.203227000090656],[-120.63921300034792,36.196466999702075],[-120.64472599987411,36.17915200004503],[-120.65198400019592,36.174088999985145],[-120.64993700017486,36.16800699981102],[-120.66305700000231,36.17115799972986],[-120.66424799988069,36.16565099982394],[-120.67203500010703,36.164270999802476],[-120.6647049998152,36.14727299973665],[-120.66755100007754,36.13805699965362],[-120.65646099965441,36.132587999648344],[-120.65320299966343,36.118815000070256],[-120.64542300000814,36.11619899993566],[-120.64878399993125,36.10799000033236],[-120.6418949996804,36.10127200012988],[-120.63360200001412,36.10332500007645],[-120.61515999955785,36.09516099988753],[-120.60801900031025,36.10269700002899],[-120.59936599989554,36.10087799977598],[-120.5897960001371,36.08960500034022],[-120.59608799981307,36.07821899997589],[-120.58786600029188,36.066627999724915],[-120.5666489997184,36.05293200022594],[-120.54540799975382,36.046122999739445],[-120.5404090000635,36.03666400035968],[-120.52699399978495,36.03570900020726],[-120.52979599966636,36.024281000359935],[-120.52000900017293,36.020885000007794],[-120.51756799996657,36.0275439996928],[-120.47930399992805,36.01066600027757],[-120.47739099980127,36.000824000247896],[-120.44969999997697,35.98843199995052],[-120.43436099970098,35.96944399998736],[-120.40854299982047,35.975961999872524],[-120.39400500033388,35.9678730002265],[-120.36040199987688,35.964417999899226],[-120.36249199955566,35.95940900003785],[-120.35651299987414,35.948057000200514],[-120.33596300019575,35.9372030002829],[-120.33671100038339,35.92364500036238],[-120.33228900027817,35.91552299980366],[-120.31871900018892,35.906914000095696],[-119.95891599970287,36.1814139998364],[-119.95922700004749,36.4009750002711],[-119.75311400010025,36.401894000238194],[-119.74629900036757,36.41679400004239],[-119.71401499983548,36.41887400028432],[-119.70570299990264,36.42699699971337],[-119.69358200033297,36.42446099995142],[-119.67158300013499,36.4310689997418],[-119.66675099995095,36.418753999699376],[-119.57319399995224,36.48883500030813]]]},"properties":{"GEOID":"06019","NAME":"Fresno County","STATE":"06","wildfire_risk_score":98.441,"wildfire_eal_total":14474889.88,"risk_band":"Moderate","source":"FEMA National Risk Index v1.20 (December 2025)"}},{"type":"Feature","geometry":{"type":"Polygon","coordinates":[[[-122.63507000002282,38.58300700001816],[-122.64660999980943,38.59911300011579],[-122.62836800026803,38.622677999868614],[-122.63409500005449,38.63755000032278],[-122.62419600040808,38.649806000261144],[-122.62319499960215,38.662545999753284],[-122.63346400004271,38.66924599981512],[-122.62546400027938,38.674401999736006],[-122.63949700015091,38.68905800015616],[-122.63704900027183,38.693730000120226],[-122.64749699991422,38.70692999977001],[-122.6742339996866,38.70635400017664],[-122.69545100026006,38.7130899996861],[-122.70066800040858,38.728562000169795],[-122.71037999955892,38.732081999711255],[-122.70932099992497,38.74901999966723],[-122.72415800006061,38.75656100023084],[-122.72269299964753,38.76301299972339],[-122.7482200001732,38.787795000175535],[-122.74817699961717,38.803828000119076],[-122.79139300038864,38.83042899982008],[-122.79598899967282,38.83895200006494],[-122.8120889996569,38.838412000180995],[-122.8176509995869,38.84983900020142],[-123.08099700028357,38.85243800027094],[-123.0812299999121,38.838406000135926],[-123.13663599985016,38.839447999908664],[-123.13625300043384,38.809136000087946],[-123.36839400032385,38.806639999720794],[-123.36823600014013,38.777065999747364],[-123.4970419998606,38.77860399996169],[-123.50988100037895,38.767387999917545],[-123.51634299993424,38.76778400026289],[-123.52019699977689,38.75858899975331],[-123.533222999893,38.76843999969854],[-123.63249699963237,38.758118999870796],[-123.59196200016515,38.740227000029975],[-123.57800499956329,38.71758299997535],[-123.51058000016278,38.68089000007256],[-123.48854300032998,38.651466000123385],[-123.47052099999827,38.638577999800184],[-123.44839100027905,38.60629199978788],[-123.39415699995281,38.55394199978489],[-123.36092900031284,38.510201999756156],[-123.323810000122,38.49861400012847],[-123.30674199984225,38.4786810000889],[-123.26918800035654,38.457569000280294],[-123.2363909998135,38.450428000347806],[-123.2202199996843,38.44195400018592],[-123.19615900029495,38.41010799986032],[-123.16475699984478,38.3883370000952],[-123.15574299975505,38.36839600008213],[-123.13431199981967,38.345785999952355],[-123.14132900011705,38.3113380001974],[-123.13452299970685,38.29626299996018],[-123.00272799960892,38.2957099998186],[-122.99357899979996,38.30007899988764],[-122.99475299995997,38.30618999969126],[-122.97004200029228,38.31012800019392],[-122.9661239999772,38.31696999969642],[-122.9467540003066,38.31120899965957],[-122.93426200011785,38.31401199981573],[-122.93538100002625,38.309604999844154],[-122.92563600036564,38.31273599974881],[-122.92158800035425,38.30855400000376],[-122.91648300035871,38.31280899991022],[-122.92095200031959,38.316836000072016],[-122.9081050003036,38.320752000147635],[-122.90949500037365,38.31439399976726],[-122.89993300011282,38.31679300012426],[-122.73989999984441,38.20701799988685],[-122.72299499977129,38.207131999995575],[-122.70139300013166,38.1960990000848],[-122.63578399987524,38.178648999790575],[-122.62264700032937,38.1826240001358],[-122.60411000033686,38.18063200003944],[-122.59281499987432,38.18878299990014],[-122.57820100021975,38.18358299991809],[-122.57069299965268,38.18351799997015],[-122.57059100044376,38.187117000053995],[-122.56528200023374,38.18271400017503],[-122.56849300036907,38.17701799972465],[-122.56319300037987,38.16931800009627],[-122.55197999993311,38.16900100008684],[-122.5579159999569,38.16015800014076],[-122.5444730000893,38.158715999918144],[-122.5201020001802,38.14069600006487],[-122.50190300029651,38.11242400018532],[-122.3474539996994,38.073260000074065],[-122.40751199989647,38.157812999869016],[-122.39682200040474,38.16145099974661],[-122.367560999687,38.15879200002848],[-122.36865000035648,38.18266599988548],[-122.3578870001715,38.18260699969224],[-122.36025700023276,38.19711500012877],[-122.34956400036798,38.19397199976539],[-122.35068099972824,38.20183099984929],[-122.36415499955804,38.21528099966454],[-122.36530600015179,38.245986000066424],[-122.37385999993398,38.24386100021199],[-122.38982400037393,38.26079599967449],[-122.38760199955236,38.273764000243965],[-122.39640599957981,38.2712210003277],[-122.40473699977926,38.28169999967922],[-122.40015599966537,38.289675000261354],[-122.4037690003819,38.299846000063326],[-122.39468800034503,38.304614000147915],[-122.39629500015008,38.30909200020242],[-122.40536899961594,38.32203799997639],[-122.40871199999572,38.32000799999161],[-122.41203899958367,38.3342939998161],[-122.42682399984079,38.349026000074694],[-122.45731900009463,38.36774399980383],[-122.44811699968393,38.37950500034994],[-122.4658410000898,38.390217999861335],[-122.47055400044815,38.4049480000024],[-122.49791100036161,38.4245750001612],[-122.47983499960324,38.45127199998348],[-122.50956699960085,38.45741999968454],[-122.5058180002385,38.46469500016366],[-122.51590600003082,38.4708759996762],[-122.5296049999915,38.46957000025342],[-122.54490099971143,38.496285000261295],[-122.53530900021174,38.50169000013699],[-122.55002199960046,38.511176999654445],[-122.54172399991131,38.51328000014763],[-122.54389300013115,38.51996599966089],[-122.55416099984848,38.52617399989609],[-122.56660199998359,38.525552999993636],[-122.57403400038267,38.54042899975343],[-122.5873140000437,38.55264700000931],[-122.6208460003556,38.56031700001735],[-122.62268099976623,38.56769199973348],[-122.63183200012332,38.56936700003538],[-122.6301909999831,38.5784959997021],[-122.63507000002282,38.58300700001816]]]},"properties":{"GEOID":"06097","NAME":"Sonoma County","STATE":"06","wildfire_risk_score":98.219,"wildfire_eal_total":16831008.54,"risk_band":"Moderate","source":"FEMA National Risk Index v1.20 (December 2025)"}},{"type":"Feature","geometry":{"type":"Polygon","coordinates":[[[-121.43991099999583,38.2555310001358],[-121.42927000000961,38.25480199981185],[-121.42051700003576,38.23724200007906],[-121.39843099979917,38.2274249996943],[-121.38905400038459,38.23316499988655],[-121.34436700025054,38.228210000244395],[-121.2955049998835,38.23762399981888],[-121.28303100013642,38.24965900029291],[-121.26837999977361,38.252271000083006],[-121.24758400004794,38.24542600001244],[-121.2230180001452,38.244364000229154],[-121.20340699955182,38.24875400021969],[-121.19202300029914,38.25669800026612],[-121.17307899970255,38.255207999914404],[-121.14701399994985,38.26390499972847],[-121.12778200037147,38.27744700008645],[-121.09421499989946,38.281857000020686],[-121.0674849997998,38.298929000343215],[-121.04812400035,38.29111300027936],[-121.04056999975218,38.297718000201165],[-121.02708400022686,38.30025200004766],[-121.02742399998546,38.508144999656146],[-121.1190489995908,38.71786299993136],[-121.1337819999694,38.70538600008621],[-121.14252499989746,38.712127999835346],[-121.41101699969923,38.72991999976048],[-121.52176699965112,38.7364009999114],[-121.60289400028367,38.73583800004693],[-121.60761400031471,38.71556799994516],[-121.63244600035624,38.695042999651506],[-121.63019000009778,38.677444999848916],[-121.59406900033981,38.64410600034486],[-121.58716900021831,38.642704999947966],[-121.57606799992452,38.64860399999292],[-121.56686800006196,38.645103999651035],[-121.55826800024902,38.60820399986048],[-121.54986900027751,38.59940499980684],[-121.52766699968994,38.604604000187486],[-121.51576600022828,38.60270400008797],[-121.50740200041692,38.5920000001573],[-121.50826600005716,38.58050500014919],[-121.52096499993513,38.56620500029517],[-121.51261799984219,38.54166600034117],[-121.53089299989387,38.52936500007373],[-121.52413300041273,38.52049800012611],[-121.55178200040427,38.51386100025326],[-121.55903599962981,38.49959199998477],[-121.54271700026091,38.476446999857004],[-121.51099199977057,38.47345100002986],[-121.50413900040304,38.46656299975002],[-121.50384700032502,38.43961400003514],[-121.53260000015631,38.431459999700635],[-121.51325700024987,38.398822000259784],[-121.51482499969683,38.387189999984365],[-121.52425800008622,38.37898100002746],[-121.52100099992013,38.361224000092136],[-121.5372249997528,38.34759099976743],[-121.5593529998222,38.34256700023025],[-121.57517800034499,38.327176000266995],[-121.5847759996925,38.330821999880975],[-121.60517999978101,38.29608399977901],[-121.60073000008671,38.278374999972065],[-121.60400999981901,38.27010299989164],[-121.60024899986279,38.257816999881534],[-121.60205900005742,38.22164199972874],[-121.61210199964384,38.20006800004138],[-121.61697999985864,38.19510500019582],[-121.63229700039331,38.194250999975644],[-121.66290700027491,38.18186899966534],[-121.68564500043968,38.15964400023061],[-121.69209500029937,38.13312599986422],[-121.70721500029225,38.10984599991564],[-121.71088800038493,38.0864889999193],[-121.72934800038452,38.08234800008517],[-121.74316399962277,38.087229000176826],[-121.80012299983751,38.05964700026922],[-121.82791599976908,38.06622300011438],[-121.84244400010823,38.07673499995367],[-121.85959699987849,38.07113500003612],[-121.8615970000439,38.06988699969502],[-121.86246200040738,38.066029999773605],[-121.84680199974106,38.05995500024812],[-121.83212199996424,38.03110099998511],[-121.81817500030644,38.022190000149045],[-121.77748500013016,38.01891700001282],[-121.73782400034892,38.02663000021833],[-121.69976500034983,38.0452199997198],[-121.68085900028638,38.062129000202354],[-121.68186500021687,38.08201899977732],[-121.67306500038738,38.093517999671555],[-121.66186500035938,38.09561800024076],[-121.63808799975386,38.08613100021537],[-121.62737599962253,38.09835999979856],[-121.60492299986308,38.09987800022116],[-121.58128400024812,38.09393699986051],[-121.56718400042945,38.09732100016009],[-121.5657509998034,38.10527900017348],[-121.5819920002528,38.11199099969253],[-121.58407400043394,38.12022799987336],[-121.57634400010905,38.12905400017906],[-121.55768800029087,38.13675100026419],[-121.55917600027018,38.14388600024434],[-121.53631000005889,38.15158100012618],[-121.53615100005024,38.158158000325436],[-121.52429400007125,38.172685000157344],[-121.52889600010151,38.19533199973519],[-121.52068799992573,38.202932000124086],[-121.5099349997865,38.20457999980435],[-121.50433500022163,38.212131000342715],[-121.5063899997403,38.224586999818804],[-121.49166899995564,38.22769000017098],[-121.48706100007759,38.23991400030077],[-121.47858099991521,38.24616899978251],[-121.48006999971948,38.253575999749835],[-121.47571799993445,38.258090000098214],[-121.43991099999583,38.2555310001358]]]},"properties":{"GEOID":"06067","NAME":"Sacramento County","STATE":"06","wildfire_risk_score":95.929,"wildfire_eal_total":4761120.24,"risk_band":"Moderate","source":"FEMA National Risk Index v1.20 (December 2025)"}},{"type":"Feature","geometry":{"type":"MultiPolygon","coordinates":[[[[-120.73432699992291,34.90475099986714],[-120.73067899994462,34.886427000327224],[-120.72031900016576,34.86924100026268],[-120.67328100023704,34.838624000133656],[-120.69979500042663,34.770860999746475],[-120.70209299961955,34.748328999864526],[-120.69323400023883,34.73004200032508],[-120.66469099957149,34.696343999830596],[-120.6864799997072,34.645022999727104],[-120.70128300040597,34.63000699984257],[-120.70718300044477,34.61621099984044],[-120.71332899963257,34.5749600001178],[-120.70795099982558,34.5548979998837],[-120.6845289999456,34.527130999727625],[-120.6560580001466,34.508597999749014],[-120.63257500016725,34.50268699979673],[-120.59433399969494,34.504072000204324],[-120.5594389999755,34.4884659999047],[-120.55310499956843,34.47100999992899],[-120.5356639999181,34.45269500010291],[-120.53018900002674,34.42887700030486],[-120.50099900035242,34.403136000291774],[-120.45099799998552,34.391184000058836],[-120.38692199991426,34.405652999811174],[-120.32451100027271,34.409747999678295],[-120.28712500011817,34.417608999670556],[-120.13512000010047,34.42206099993322],[-120.0906699997929,34.40928599990445],[-120.04481400042008,34.41245400004687],[-120.02435599990486,34.40934300017816],[-119.9165290002082,34.37260999977211],[-119.88387399995537,34.35614399984413],[-119.83792099959983,34.35431799978033],[-119.79706700029038,34.36533100021064],[-119.71364400011471,34.33602899988555],[-119.66610999989344,34.354464000205624],[-119.6513570003217,34.36670800010474],[-119.61746199978666,34.36873000033985],[-119.58479499983824,34.361660000204964],[-119.5558289995716,34.34501900026522],[-119.50095300026126,34.326922000336836],[-119.47665299959898,34.373195000217706],[-119.47770700010835,34.37964899979912],[-119.4456400002096,34.40425699992196],[-119.4545820003293,34.42163300024791],[-119.45314100020565,34.42894500004904],[-119.44471700011977,34.42950999973968],[-119.44041399984025,34.4418420002133],[-119.4436910000978,34.90117100006836],[-119.5357569997441,34.89757599963299],[-119.57985899989713,34.92277499979464],[-119.61310400015385,34.94950199968021],[-119.64426200020652,34.953575000321486],[-119.67316300017582,34.973474999989435],[-119.70056399957193,34.97667400014581],[-119.71856499998721,34.97147599998187],[-119.72700499996658,34.9761320001958],[-119.74556600024854,34.97367600012228],[-119.78040200041674,34.99072900030506],[-119.78929199975963,34.98867000002224],[-119.80102499989009,34.99885899997828],[-119.83082499965974,35.00578099980285],[-119.8441699996181,35.01547600014113],[-119.85451699987647,35.032149000321674],[-119.88965199979545,35.04062899980683],[-119.90196800025709,35.03579300028533],[-119.92841899979916,35.059793999635374],[-119.94272000035762,35.054439000297904],[-119.98012200040567,35.05757299964414],[-119.97966200009814,35.06186499990722],[-119.99255900034285,35.06293100004801],[-120.00201699994827,35.073204999682396],[-120.01358199984925,35.075578000133255],[-120.01404899982948,35.08144700005327],[-120.02332200038528,35.08031099973715],[-120.03955799991351,35.08915199974639],[-120.04403799974504,35.085992999861965],[-120.06731300021025,35.096762000181236],[-120.07241499983269,35.10470999970214],[-120.08493799998358,35.107610000059765],[-120.07930699955827,35.112671999759584],[-120.08208400022363,35.11467800004009],[-120.09327699968064,35.11420200020789],[-120.09791300004608,35.109502000343014],[-120.1021739995945,35.11335900004218],[-120.10959799959764,35.10348600017812],[-120.11686099994233,35.10667600010317],[-120.12761200043172,35.09091000032547],[-120.13003900039442,35.096117000004114],[-120.14317000009251,35.09573899966562],[-120.14291800019744,35.08221599968828],[-120.14896800002407,35.0844519999366],[-120.17457500001738,35.07024199992327],[-120.17293399987719,35.06426900001678],[-120.18014500034332,35.0616060003551],[-120.18491300005492,35.04909400001263],[-120.18050400036853,35.03803500015576],[-120.18640100003427,35.036552000245294],[-120.18838299975802,35.030377999955],[-120.20332399965073,35.0286550002577],[-120.20990699957983,35.020581999717976],[-120.24067999966805,35.02243000002883],[-120.24998800038396,35.03005900030157],[-120.25745099984687,35.01758900014347],[-120.26139599992608,35.026606000289064],[-120.27366999965663,35.02080499988674],[-120.27861900001655,35.011560000163634],[-120.29022800029841,35.01543500006035],[-120.30992600003212,35.009219999731435],[-120.32382300035952,35.01731399996177],[-120.33454800001134,35.006315000307],[-120.33392200002245,34.99563100025546],[-120.3262579998198,34.98571099966648],[-120.31599799960006,34.98400499966671],[-120.31562299968135,34.97492899972714],[-120.301948999835,34.96338100019194],[-120.3038419998703,34.956114999688516],[-120.29454800029639,34.94659399969403],[-120.29217999988495,34.930310000342686],[-120.30182699963629,34.90557100007826],[-120.31765100033415,34.906550000026925],[-120.32442400023405,34.922220999913314],[-120.33585299969259,34.93112899993058],[-120.44024999986912,34.988322999922744],[-120.49622200041996,34.993154999936564],[-120.53856999955659,34.983754000256766],[-120.55491999978591,34.973880999683686],[-120.57519099980505,34.9782910001126],[-120.58551600032212,34.967220999731765],[-120.5955000003573,34.966488000140195],[-120.60219899973906,34.97274900000492],[-120.61314299967403,34.97127199993442],[-120.61630399958062,34.96594899964288],[-120.63414400033741,34.959562000271376],[-120.64911600019228,34.97460499999663],[-120.70279499977643,34.99997500025994],[-120.71444000004335,34.963540999747586],[-120.72675300013194,34.943805000225495],[-120.72723000015792,34.923316000323666],[-120.73432699992291,34.90475099986714]]],[[[-119.11717399987633,33.505600000170574],[-119.11894899991086,33.500021999748576],[-119.1072149999555,33.50002299978666],[-119.10965399961373,33.46228700007701],[-119.1061539997734,33.44501199965713],[-119.09412799974,33.42687200007037],[-119.07189300043879,33.413799000146255],[-119.02704399992302,33.41287400020637],[-118.98872600035617,33.42344099987618],[-118.97848100020504,33.431106000150585],[-118.96375100019951,33.46683000028263],[-118.96275899961441,33.48520500013123],[-118.9710069999732,33.510655000108976],[-118.98214900027484,33.52425999987103],[-119.00093200031465,33.5358950002164],[-119.03073700010718,33.540115999996004],[-119.07649700011886,33.53514799972351],[-119.10421100040773,33.522887999780025],[-119.11717399987633,33.505600000170574]]],[[[-120.58226400017892,34.10751700005004],[-120.58154799977832,34.09148799982069],[-120.56699500022313,34.068638000336634],[-120.55005099979195,34.05728599988339],[-120.52338699981452,34.051133000147914],[-120.52585200031034,34.032994000079384],[-120.51878399995935,34.01408000034203],[-120.48815099961323,33.984282999809416],[-120.46677699957921,33.97611600029944],[-120.41176599965134,33.97704500007164],[-120.39563600042837,33.96742700000237],[-120.36707299966952,33.96103600016035],[-120.33225300029314,33.96842500032012],[-120.29897299987634,33.96845700014846],[-120.28003300037602,33.95393899999735],[-120.2730960004446,33.92957700036413],[-120.26449499990841,33.91891600034058],[-120.23871999968559,33.904106000281175],[-120.22112800042254,33.88418700005774],[-120.14955100035526,33.84796200017557],[-120.11726599999825,33.84157999993442],[-120.02780999971444,33.86651199999427],[-120.00095999996417,33.88524800021556],[-119.98084200010591,33.892317000042254],[-119.93919000038008,33.89864300034493],[-119.91893000023161,33.9143540003595],[-119.90476199974255,33.939673999862926],[-119.85521900003333,33.90748700032113],[-119.82320800021107,33.8993900003207],[-119.77282899955235,33.912413999977524],[-119.70749100035593,33.91038799978773],[-119.63673000024835,33.93827699994345],[-119.60208499987581,33.93676800017713],[-119.53894899961283,33.947656000121384],[-119.51224399962753,33.96219900023767],[-119.49228999980079,33.983214999674786],[-119.46806399965668,34.06313899972849],[-119.51210600043355,34.093460000251795],[-119.54825099958266,34.1077830001533],[-119.57411600021715,34.10811300016471],[-119.61426800026808,34.09943199998979],[-119.65493099978183,34.07121799998499],[-119.69300700039769,34.09485400021124],[-119.75098099986543,34.112582000347565],[-119.79260099980421,34.10637499982376],[-119.82922000040286,34.11870200021668],[-119.91336400010366,34.13014799994412],[-119.94783500039887,34.12499900018487],[-119.96547100004287,34.11256000025989],[-119.9819469997706,34.08937700032626],[-119.99164299992573,34.06486800000989],[-120.01021000005545,34.0840430000288],[-120.04515400017871,34.09060599964286],[-120.08028499989969,34.08640099991734],[-120.10291799958415,34.074493999787336],[-120.13500600029768,34.07880999978303],[-120.17112799988053,34.07331799983911],[-120.1975759999479,34.0581499996432],[-120.22487799960979,34.06131200008243],[-120.25284600034185,34.05803099990813],[-120.27157900015295,34.07414099994412],[-120.28465100029983,34.0947500000686],[-120.33856199968757,34.12168700022973],[-120.35516100033723,34.145020999785665],[-120.4187870001467,34.16056900007583],[-120.44907399998809,34.1505929997755],[-120.47165399996912,34.13410199984374],[-120.49737800013828,34.14989200034526],[-120.53811799964494,34.15034400023896],[-120.56784700016784,34.13561799969607],[-120.58226400017892,34.10751700005004]]]]},"properties":{"GEOID":"06083","NAME":"Santa Barbara County","STATE":"06","wildfire_risk_score":99.205,"wildfire_eal_total":23974974.01,"risk_band":"High","source":"FEMA National Risk Index v1.20 (December 2025)"}},{"type":"Feature","geometry":{"type":"Polygon","coordinates":[[[-119.65137499986501,38.28663799976698],[-119.6301940001749,38.26870300031467],[-119.61320100023823,38.2614159998336],[-119.62169499974596,38.251941000071426],[-119.60455299984636,38.23883200032833],[-119.60493600016103,38.234155999807506],[-119.6244220001826,38.22867299972424],[-119.62502200023224,38.20688099989769],[-119.63267100036626,38.19885800034048],[-119.59831999972165,38.18160299981491],[-119.58562699969144,38.18437499986159],[-119.57859500022377,38.17685300008582],[-119.58134799970136,38.172502999912396],[-119.57649600032417,38.15766099964745],[-119.54694699972634,38.15442000014758],[-119.54681899967984,38.143268000287854],[-119.53116200028484,38.14448600008422],[-119.5064900000769,38.137112999768114],[-119.50778300006255,38.152637000326365],[-119.5029290001372,38.15902699975699],[-119.49649000014817,38.156652999938245],[-119.48851899979883,38.13217499994651],[-119.46945600027489,38.1282829998237],[-119.47284200031237,38.11696599996916],[-119.46208300032535,38.10910799996114],[-119.4574479997848,38.11055000033837],[-119.46450000024228,38.103589000057084],[-119.4598050003256,38.096277000325756],[-119.44934500008931,38.09956300018229],[-119.44587500038622,38.09305900024081],[-119.44046800026693,38.09567799975415],[-119.44155799986298,38.10268299986093],[-119.430546000156,38.116269000341454],[-119.42395700037909,38.107438000212696],[-119.39702399988981,38.10682100002015],[-119.38022199974888,38.09254600033546],[-119.36506499994609,38.09020099992204],[-119.35712700010706,38.08297700031196],[-119.34592200005619,38.08311300003179],[-119.33583900028677,38.06628299970614],[-119.32421300028642,38.06093699969139],[-119.32264499994115,38.04986500033665],[-119.31118999964502,38.044755999675075],[-119.31395200024178,38.034535000018806],[-119.30458999999749,38.0238910002201],[-119.31839100006542,37.986422999819645],[-119.31469000038368,37.98112300013532],[-119.32258999968957,37.97102300030636],[-119.31458999992626,37.96412299979212],[-119.31308900042643,37.95302400027169],[-119.28788699959075,37.933024000214616],[-119.26398600003498,37.92652500024702],[-119.26388499975263,37.91222499975851],[-119.23448400019112,37.91032600021049],[-119.21988300005702,37.898626000174524],[-119.21078299975355,37.89942599980274],[-119.20768299994633,37.889825999667046],[-119.20078299982482,37.887427000227305],[-119.21408299957731,37.871526999855426],[-119.21258200007752,37.856926999728785],[-119.216881999984,37.849628000111345],[-119.19618199961945,37.84402800031],[-119.20688000040545,37.8399270002575],[-119.20398100043965,37.829827999946964],[-119.21688100015908,37.81872799965714],[-119.20498099962404,37.81152900014785],[-119.20297999963374,37.795629000262515],[-119.21528000020184,37.78992900028964],[-119.22127999979976,37.779129999741485],[-119.24307999980611,37.769130000041606],[-119.25498100016605,37.75632899998126],[-119.25587900014149,37.74503000006441],[-119.26897899987748,37.73922999966959],[-119.26007799976564,37.72663099986979],[-119.25097800036048,37.730160000089484],[-119.23926399959831,37.727467000121564],[-119.22999199976572,37.71740599997848],[-119.21633299998798,37.71412299980988],[-119.19972800038884,37.735835000163625],[-119.18373899983455,37.73950400015774],[-119.17710300020197,37.73477599977043],[-119.1690709997533,37.73835900009334],[-119.14959300012761,37.73289500001148],[-119.12755299992178,37.734681999973],[-119.11444599961479,37.72819500032645],[-119.09312600000747,37.70362700014206],[-119.0651659996713,37.68455599995578],[-119.06139999969221,37.65783400003792],[-119.05433100041462,37.651184000330325],[-119.0546179995715,37.64513499998728],[-119.03256499984516,37.63053499995208],[-119.034364999994,37.603536000044556],[-119.02046299964375,37.583436999815426],[-119.00226200011024,37.571136999980084],[-118.98486099974455,37.56733700008864],[-118.97695999971542,37.55683699996487],[-118.9640609998209,37.55813699977526],[-118.95266099977638,37.56583599980906],[-118.92965999984587,37.548936000152025],[-118.9170599997021,37.55033599979566],[-118.90115899990965,37.53123599982883],[-118.9018590004167,37.52603599971874],[-118.89105900042182,37.52533599980544],[-118.88365799998488,37.52013600022371],[-118.88165799981947,37.51033599975858],[-118.86075800033672,37.501534999703175],[-118.85722300033629,37.479471999746],[-118.85047399982751,37.47579600023058],[-118.8042739995998,37.488939000251165],[-118.79474999987214,37.4874959996611],[-118.77501399960528,37.463051999995216],[-117.83272599997011,37.46492899976013],[-118.71420100044621,38.102104999939314],[-119.58543699972066,38.71321200032618],[-119.5795180003136,38.70560899973279],[-119.59184399992265,38.69012599982732],[-119.59146099960802,38.68217400026192],[-119.59932599965212,38.67023300008689],[-119.61465800025542,38.66587900029534],[-119.62051700028634,38.61066900004091],[-119.61906600011693,38.60352900007526],[-119.60886399962352,38.594718000075595],[-119.59554700015255,38.59033299983477],[-119.58429799972079,38.552017999991484],[-119.57099499959521,38.54172900021417],[-119.56687100031417,38.52527000001244],[-119.56094299978793,38.52553899992388],[-119.55621699990911,38.516621000203806],[-119.55750999989478,38.502137999706065],[-119.54286199990503,38.49969400013679],[-119.54233200017559,38.48122099989035],[-119.54607300004034,38.4740950000074],[-119.55623399962755,38.469734000163434],[-119.55642600014649,38.44746499981281],[-119.57000899975621,38.43486000005182],[-119.56136200008758,38.41982999985895],[-119.56302800034216,38.40899899971693],[-119.58368900034864,38.39694299988434],[-119.60121200001473,38.405354000338825],[-119.62209300012923,38.39387500004058],[-119.60661999995894,38.36718199988643],[-119.63557500035492,38.35390799975334],[-119.6279079997792,38.34805100009762],[-119.63503899987938,38.32898499992777],[-119.64477600004241,38.321639999818935],[-119.64247799995115,38.29384000000718],[-119.65137499986501,38.28663799976698]]]},"properties":{"GEOID":"06051","NAME":"Mono County","STATE":"06","wildfire_risk_score":91.158,"wildfire_eal_total":1827732.79,"risk_band":"Low","source":"FEMA National Risk Index v1.20 (December 2025)"}},{"type":"Feature","geometry":{"type":"Polygon","coordinates":[[[-120.50016099975312,38.00412399972238],[-120.49937400010572,37.99618799990173],[-120.50576600023913,37.99090199989297],[-120.51382700010183,37.996019999935925],[-120.50939300030106,37.998774999999625],[-120.51109100034269,38.00258499993352],[-120.51765099980724,38.00339600012815],[-120.5216529997879,37.99516000030388],[-120.53498500022576,37.99093899980735],[-120.52811600006639,37.98223900008263],[-120.54308299989839,37.9768830000802],[-120.5282919997935,37.97589499975414],[-120.5133530004489,37.95794499995925],[-120.51674500033417,37.95197300023631],[-120.53554400026749,37.944022999740184],[-120.54235099960428,37.920445999756296],[-120.55110799977608,37.92167599990981],[-120.5621980001992,37.914069999701674],[-120.57134799983305,37.894436999654864],[-120.58752499981004,37.895223000239],[-120.60473600020491,37.873240000042834],[-120.63378600013714,37.8606079997251],[-120.637894000423,37.847818999751055],[-120.65327399980852,37.831857999869435],[-120.38761300020047,37.633704000244],[-120.37514399957799,37.652208000245246],[-120.39412199961144,37.668119999758815],[-120.39193099965031,37.683559000052114],[-120.3663100003116,37.68079400026771],[-120.36246399996655,37.672819000315165],[-120.35292500017027,37.67480999978225],[-120.3267499999144,37.64917699971052],[-120.30983800016855,37.65597700002183],[-120.31231299981182,37.662946999772025],[-120.30640699992526,37.66575899969815],[-120.33809300005751,37.70910999973554],[-120.34448000016803,37.726252999710724],[-120.3323339995857,37.72959199985118],[-120.32121300009874,37.72604299989395],[-120.30768700039043,37.73560800001509],[-120.28649400010639,37.729448999812696],[-120.2824119997598,37.74537900021835],[-120.26013999975035,37.73371600026383],[-120.26173800023284,37.74073999967304],[-120.25718100040844,37.74780400001149],[-120.23968700015634,37.753490000323154],[-120.23823199978897,37.76526400004311],[-120.22675399992663,37.760336000116176],[-120.21596900000037,37.76527400026195],[-120.20107300031347,37.76316400012068],[-120.19771999988794,37.769552999779584],[-120.18908099971694,37.767851999777776],[-120.18352899983266,37.77494600025164],[-120.18868700042997,37.78022200016254],[-120.18057899981326,37.78840800020063],[-120.18259700042036,37.79524500005212],[-120.17423000023588,37.79937300027983],[-120.16181199966701,37.787405999959695],[-120.12722599974403,37.78156599988918],[-120.09027899998065,37.81074700017859],[-120.09046300010364,37.822087999792465],[-120.07950800029805,37.82880800025988],[-120.06515300021127,37.822896000291145],[-120.05828200040206,37.82475800022976],[-120.05458400019505,37.81260999995158],[-120.03630300029556,37.807853999825575],[-120.02500799983302,37.811317999676056],[-119.96491500037418,37.782826000290775],[-119.93841399970505,37.763025999862],[-119.92911400028335,37.76482600021041],[-119.90121300039677,37.757826000097744],[-119.87601200028429,37.76382599966493],[-119.87271300028542,37.767525999903356],[-119.87551199979379,37.7725260000025],[-119.8682119996392,37.773225000346244],[-119.85201100027108,37.757725999852326],[-119.83790899990427,37.77022599972533],[-119.80780899966064,37.75502500035185],[-119.80523899958281,37.760120999934145],[-119.79150899966,37.764625000158155],[-119.78110799987327,37.763424999875056],[-119.76900599967189,37.771128999883246],[-119.7510069998047,37.77332399974797],[-119.7460070002895,37.78292399997388],[-119.73390599991303,37.78792400020914],[-119.70980500034068,37.79352399999487],[-119.69960500039541,37.789123999737],[-119.68970400020086,37.80022400031914],[-119.66720299986257,37.80122399971636],[-119.65390300011005,37.81042299995554],[-119.65090299986196,37.82082299993794],[-119.65770300042432,37.8341230001021],[-119.64860300012087,37.84502299973809],[-119.62498899972196,37.84771399977431],[-119.59936300036038,37.85991200010757],[-119.58486400033354,37.87492200021724],[-119.58640099981837,37.89012200031927],[-119.56299999985475,37.90252200025497],[-119.53569900001777,37.90412199968191],[-119.52979800015405,37.89112200006344],[-119.51529699957909,37.884421999862425],[-119.50379699997544,37.86862200024103],[-119.4840950000438,37.86442300020796],[-119.4742950001316,37.855622999910196],[-119.46279399980475,37.86842300016876],[-119.45149400021762,37.87102300000246],[-119.44199300005617,37.867522999961324],[-119.44269199984001,37.85982399994065],[-119.42679199987246,37.86672399969263],[-119.42199099965057,37.85772399973376],[-119.40729099978228,37.85492399977883],[-119.40268899975202,37.83522499994178],[-119.37551099993867,37.84087299966632],[-119.37260199992714,37.83288299975505],[-119.3513869999018,37.825525999697774],[-119.35498700019954,37.811826000156834],[-119.32178499960054,37.794026999777394],[-119.31118399979727,37.79352800011533],[-119.30728399992387,37.78282800028561],[-119.31118399979727,37.77862799978554],[-119.2933819995736,37.767928999869405],[-119.28838100023347,37.74503000006441],[-119.27177999993397,37.73922999966959],[-119.25587900014149,37.74503000006441],[-119.25498100016605,37.75632899998126],[-119.24307999980611,37.769130000041606],[-119.2209800002241,37.779329999727516],[-119.20158000041624,37.80052899985245],[-119.20498099962404,37.81152900014785],[-119.21688100015908,37.81872799965714],[-119.20398100043965,37.829827999946964],[-119.20688000040545,37.8399270002575],[-119.19618199961945,37.84402800031],[-119.216881999984,37.849628000111345],[-119.21258200007752,37.856926999728785],[-119.21408299957731,37.871526999855426],[-119.20078299982482,37.887427000227305],[-119.20768299994633,37.889825999667046],[-119.21078299975355,37.89942599980274],[-119.21988300005702,37.898626000174524],[-119.23448400019112,37.91032600021049],[-119.26388499975263,37.91222499975851],[-119.26398600003498,37.92652500024702],[-119.28788699959075,37.933024000214616],[-119.31308900042643,37.95302400027169],[-119.31458999992626,37.96412299979212],[-119.32258999968957,37.97102300030636],[-119.31469000038368,37.98112300013532],[-119.31839100006542,37.986422999819645],[-119.30458999999749,38.0238910002201],[-119.31395200024178,38.034535000018806],[-119.31118999964502,38.044755999675075],[-119.32264499994115,38.04986500033665],[-119.32421300028642,38.06093699969139],[-119.33583900028677,38.06628299970614],[-119.34592200005619,38.08311300003179],[-119.35712700010706,38.08297700031196],[-119.36506499994609,38.09020099992204],[-119.38022199974888,38.09254600033546],[-119.39702399988981,38.10682100002015],[-119.42395700037909,38.107438000212696],[-119.430546000156,38.116269000341454],[-119.44155799986298,38.10268299986093],[-119.44046800026693,38.09567799975415],[-119.44587500038622,38.09305900024081],[-119.44934500008931,38.09956300018229],[-119.4598050003256,38.096277000325756],[-119.46450000024228,38.103589000057084],[-119.4574479997848,38.11055000033837],[-119.46208300032535,38.10910799996114],[-119.47284200031237,38.11696599996916],[-119.46945600027489,38.1282829998237],[-119.48851899979883,38.13217499994651],[-119.49649000014817,38.156652999938245],[-119.5029290001372,38.15902699975699],[-119.50778300006255,38.152637000326365],[-119.5064900000769,38.137112999768114],[-119.53116200028484,38.14448600008422],[-119.54681899967984,38.143268000287854],[-119.54694699972634,38.15442000014758],[-119.57649600032417,38.15766099964745],[-119.58134799970136,38.172502999912396],[-119.57859500022377,38.17685300008582],[-119.58562699969144,38.18437499986159],[-119.59831999972165,38.18160299981491],[-119.63267100036626,38.19885800034048],[-119.62502200023224,38.20688099989769],[-119.6244220001826,38.22867299972424],[-119.60493600016103,38.234155999807506],[-119.60455299984636,38.23883200032833],[-119.62169499974596,38.251941000071426],[-119.61320100023823,38.2614159998336],[-119.6301940001749,38.26870300031467],[-119.65150899975932,38.286462000052666],[-119.64247799995115,38.29384000000718],[-119.64517699990039,38.32057800017567],[-119.63920499989158,38.32687999999558],[-119.70002899981962,38.365215000321456],[-119.69362199961762,38.378898999835144],[-119.69847999974093,38.40929300026329],[-119.71289299955406,38.418452000066935],[-119.75064399958157,38.41739100000386],[-119.77055300010073,38.40666299998403],[-119.8013920003112,38.40149299968194],[-119.8146910002388,38.387516000204485],[-119.83755099970399,38.38241099981783],[-119.8847490003646,38.356185000152266],[-120.01995100041643,38.43352099982663],[-120.02992299985776,38.42468199972021],[-120.04056300001908,38.42592699988558],[-120.04903200031077,38.41936900030071],[-120.07357499974898,38.413575999928206],[-120.08791399994227,38.40338100033018],[-120.13386999977249,38.3968029998551],[-120.15796299984723,38.38577600028016],[-120.17646700022776,38.3737850000425],[-120.20516099960953,38.32964599999091],[-120.22854800022773,38.314668999748584],[-120.23671200002256,38.29869499997077],[-120.27076200036832,38.27070800011327],[-120.27243199992257,38.25977499965787],[-120.28977300001378,38.24587499995637],[-120.2912400000767,38.234003000231304],[-120.30734599990856,38.22472800030114],[-120.32189599998904,38.201333999779855],[-120.33950599969377,38.18391099972672],[-120.34052699969287,38.17194699991905],[-120.34991700042455,38.17018900005311],[-120.35954200043457,38.16129199968444],[-120.35754399991899,38.153879000260964],[-120.37150999984337,38.149924000248504],[-120.37620300011021,38.142649000340406],[-120.37139600004055,38.137868000309574],[-120.37866600005789,38.13482599999814],[-120.38720899996945,38.11601999976616],[-120.4095710003906,38.102979000176],[-120.41463000035533,38.08191100023471],[-120.42465600022335,38.072911000203824],[-120.43081900002788,38.073388999880144],[-120.43124500000023,38.06050900029088],[-120.44252899969382,38.05874100008213],[-120.46213299971616,38.022374999862244],[-120.46884000039215,38.019647999668294],[-120.46374899974202,38.01039000001644],[-120.4927739995599,38.01112899976335],[-120.50016099975312,38.00412399972238]]]},"properties":{"GEOID":"06109","NAME":"Tuolumne County","STATE":"06","wildfire_risk_score":99.332,"wildfire_eal_total":27257983.96,"risk_band":"High","source":"FEMA National Risk Index v1.20 (December 2025)"}},{"type":"Feature","geometry":{"type":"Polygon","coordinates":[[[-121.8615970000439,38.06988699969502],[-121.84244400010823,38.07673499995367],[-121.82791599976908,38.06622300011438],[-121.80012299983751,38.05964700026922],[-121.74316399962277,38.087229000176826],[-121.72934800038452,38.08234800008517],[-121.71213000031698,38.08551999977622],[-121.70721500029225,38.10984599991564],[-121.69209500029937,38.13312599986422],[-121.68564500043968,38.15964400023061],[-121.66290700027491,38.18186899966534],[-121.63229700039331,38.194250999975644],[-121.61541300023657,38.195696000094614],[-121.60244300019697,38.22040999979857],[-121.60024899986279,38.257816999881534],[-121.60399399992548,38.27069500003326],[-121.60073000008671,38.278374999972065],[-121.60525799959883,38.29535199981136],[-121.5932729995733,38.31308899976071],[-121.6938920000752,38.31417500032535],[-121.69467700007276,38.52705400025624],[-121.71203400005749,38.53796199998321],[-121.7386749995704,38.53763499967996],[-121.76510000007154,38.525855999882204],[-121.77167700015286,38.53230099976948],[-121.78581100030674,38.52307399995426],[-121.86011999993521,38.53851200007353],[-121.88444099961556,38.53902799975866],[-121.90896899988346,38.52957600020921],[-121.94107199976725,38.53325699999228],[-122.01354199978711,38.48870999985326],[-122.03556600009945,38.496122000051884],[-122.05741499961128,38.51744099979119],[-122.10412799985001,38.51336200032574],[-122.10466299960228,38.49086100017379],[-122.12321800003647,38.44956799981381],[-122.12613600026881,38.42746100014558],[-122.07359900015928,38.361545000016214],[-122.06161300030885,38.326130000005065],[-122.06801600031287,38.31863500019353],[-122.06484199998748,38.315911999875695],[-122.20606799992665,38.31577499997773],[-122.19883800009228,38.30123599983109],[-122.20337700037335,38.29335200032848],[-122.18819899975587,38.27173000025985],[-122.21206400022493,38.273108000130044],[-122.2165950001101,38.26465999991805],[-122.21308699987387,38.25924999992543],[-122.19328100018514,38.25641500000841],[-122.20145099982778,38.248916000218145],[-122.21193199998044,38.250799999967874],[-122.19300900019859,38.223116999879764],[-122.19391899986961,38.213710999743185],[-122.20449899975648,38.20544700005101],[-122.20932300044291,38.190050000021564],[-122.215201999667,38.18881300021347],[-122.21508000036657,38.1797170000893],[-122.20343599992458,38.168780000011054],[-122.19533499987891,38.16725399986397],[-122.19882999969636,38.15932500017509],[-122.19538000008477,38.15501700022051],[-122.40696999957316,38.15564899993012],[-122.3474539996994,38.073260000074065],[-122.26534699997397,38.0599179998048],[-122.24525099985703,38.063969000126875],[-122.20084599975529,38.05793399975216],[-122.18386299986437,38.05399700035257],[-122.1589289997156,38.03324599994993],[-122.1239729998968,38.035716999979215],[-122.06110299977257,38.06213700026834],[-122.02841099970982,38.059189999969426],[-121.98315799986133,38.06729699993344],[-121.93100300024153,38.04760999987206],[-121.89332699965878,38.046184999807124],[-121.8711009996801,38.05302700027347],[-121.8615970000439,38.06988699969502]]]},"properties":{"GEOID":"06095","NAME":"Solano County","STATE":"06","wildfire_risk_score":94.497,"wildfire_eal_total":3478065.85,"risk_band":"Low","source":"FEMA National Risk Index v1.20 (December 2025)"}},{"type":"Feature","geometry":{"type":"Polygon","coordinates":[[[-120.5990679999697,37.55105200023261],[-120.38732899962005,37.633498999836604],[-120.65520500037698,37.833260000252906],[-120.92644899983142,38.07742099965496],[-120.92634699972417,37.886723999716914],[-120.92067400036441,37.73820999988398],[-120.94196999968229,37.7422939999963],[-120.95403199970072,37.73835199980892],[-120.99343300008927,37.760941000099336],[-121.00799999988818,37.74909100021829],[-121.01268099956116,37.74971999985789],[-121.01116599981765,37.75575100015581],[-121.01772100015765,37.755276000266086],[-121.02573299961655,37.7423559996981],[-121.03651199969508,37.74301400002428],[-121.03787199962785,37.73915999975042],[-121.05101499991987,37.741750999758615],[-121.0567400000565,37.750514000317025],[-121.06694099982666,37.74474800030513],[-121.0669860000325,37.73956000012231],[-121.0876899996967,37.74139999985187],[-121.09536999979287,37.73322000014074],[-121.0998489997995,37.74019499967459],[-121.11004899974478,37.742128000172386],[-121.10763000017802,37.7322799997761],[-121.11676999976616,37.72414699984604],[-121.13652199992653,37.724682999725985],[-121.14610599992865,37.71749899986179],[-121.15509599972893,37.72032299986116],[-121.16211700022426,37.7080520001979],[-121.15855899975932,37.70537000004627],[-121.16567200031618,37.70425000013934],[-121.16624399987838,37.699396999987556],[-121.17783999974148,37.70618999983116],[-121.1759120004444,37.69942099997772],[-121.18256899999335,37.69853899985654],[-121.180572000201,37.69369599965947],[-121.18407600023929,37.692626000083514],[-121.17914399959781,37.692727000268945],[-121.1811770002735,37.68789100013344],[-121.18743899981224,37.687514000182276],[-121.19409700008438,37.694944000223884],[-121.19931500005781,37.690208000244596],[-121.20245000002515,37.69598300006245],[-121.2086920003707,37.68630199964835],[-121.22346599985886,37.683607999885574],[-121.218519999872,37.67356999998102],[-121.22924799989688,37.668927999832746],[-121.23019100007816,37.662976000085756],[-121.24088200029314,37.66477699970077],[-121.47452700005604,37.47934399966296],[-121.4867749998473,37.47565200034543],[-121.48425199962517,37.46603200033208],[-121.46291699994924,37.45148899986032],[-121.46185999996511,37.438798999722295],[-121.47260600043167,37.42334499981697],[-121.45635099973856,37.40673500017527],[-121.45665100021253,37.39553500000409],[-121.44816299965427,37.39167700024897],[-121.43608499974229,37.396129999695674],[-121.42405000038636,37.39363499991607],[-121.4125490000595,37.38943500034248],[-121.40907500015845,37.380672000260724],[-121.42365000035328,37.35883699978716],[-121.42074999966431,37.34473699980264],[-121.40914999960322,37.33063700029481],[-121.41193899996414,37.32444499995642],[-121.40575299969505,37.310990000109044],[-121.42345199998655,37.295286999659616],[-121.43681600021151,37.291970999822006],[-121.44355099957824,37.29663799984145],[-121.45805100032831,37.2841390001064],[-121.4539659996087,37.27718400020986],[-121.45574999986404,37.24944000001525],[-121.4417460003048,37.231127000238764],[-121.42182199971701,37.221309999945596],[-121.40879399995106,37.1825049997672],[-121.41340100000421,37.172327999983054],[-121.39901900015322,37.1501350000743],[-121.3835510000058,37.15148699972207],[-121.38426599968317,37.166200999769465],[-121.36094199971247,37.18432100002276],[-121.34870300014205,37.18112099993919],[-121.32840899965836,37.16594999973729],[-121.31288199995973,37.17014700021392],[-121.29855199998728,37.16596299971094],[-121.28110700013899,37.183602999922684],[-121.26209300012053,37.15932300000569],[-121.23710999956796,37.15720399982807],[-121.2268040002158,37.13477400018037],[-120.96381200041975,37.34614399964867],[-120.97654800010766,37.34976899973175],[-120.9817839996244,37.366153999774916],[-120.97423099974982,37.36856699990968],[-120.97887299996306,37.37196099972478],[-120.97311900041242,37.37614799997827],[-120.98436600029606,37.37513599971923],[-120.98360399986474,37.3868190002944],[-120.99383300012235,37.38439899978118],[-120.98981100005022,37.39587099995703],[-120.88642900002498,37.44018000027886],[-120.5990679999697,37.55105200023261]]]},"properties":{"GEOID":"06099","NAME":"Stanislaus County","STATE":"06","wildfire_risk_score":95.038,"wildfire_eal_total":3710337.42,"risk_band":"Low","source":"FEMA National Risk Index v1.20 (December 2025)"}},{"type":"Feature","geometry":{"type":"Polygon","coordinates":[[[-120.7171389999926,39.48896300007745],[-120.71456800008986,39.48160999987354],[-120.74360600032651,39.46681199994994],[-120.742492000441,39.46127600018401],[-120.75287499978607,39.45831499967944],[-120.7557290004443,39.45266299985122],[-120.78470700040653,39.44806899977867],[-120.79999599955549,39.437674000116516],[-120.81100599961266,39.43607100018997],[-120.81660299970275,39.44083599980639],[-120.81780500035013,39.43649100002868],[-120.82635699958419,39.43503900011953],[-120.83688700014068,39.44045599968062],[-120.84326500003037,39.43511499997661],[-120.87828600014652,39.431163999997665],[-120.89394099989168,39.42413200006974],[-120.91058200037415,39.42600899983494],[-120.91416800042818,39.42007699976615],[-120.92891599997706,39.421015999841764],[-120.93179999987423,39.41712099988032],[-120.97833400001281,39.41787199977057],[-120.97976799956547,39.41163500000791],[-120.99258699999234,39.41442899981268],[-121.00700900002629,39.40472299972926],[-121.01523899994339,39.40538199983793],[-121.00751899966423,39.399069000187495],[-121.02451800034699,39.3892570002528],[-121.03182500017431,39.39570199968793],[-121.04153100037517,39.38815999972645],[-121.04979499972912,39.39544499970102],[-121.06309100018201,39.39094800031219],[-121.08400200043373,39.39462399971533],[-121.08689700020153,39.38638600014184],[-121.09636700040086,39.38769399999015],[-121.10155500023706,39.381021000001375],[-121.1274810000726,39.38023699982684],[-121.1271360002911,39.3725680003172],[-121.13412900029904,39.371289000323166],[-121.14513500015826,39.35578200022785],[-121.14379899961655,39.349655000242585],[-121.15476600001604,39.348604999799655],[-121.15753299973734,39.332467000001365],[-121.16251899990716,39.33261599987465],[-121.165020000388,39.3386380003265],[-121.1779820000317,39.33870200029956],[-121.18452800015089,39.330845000001254],[-121.19561900039892,39.329582000226566],[-121.2063520004467,39.31646899987814],[-121.20014600008614,39.30237499984177],[-121.21489100016024,39.29288100012087],[-121.21837799958179,39.28418299970181],[-121.24257100011394,39.28349500005637],[-121.26613199991108,39.27271700028274],[-121.25918199956087,39.25642100032347],[-121.2693010002136,39.2521230002183],[-121.26878700037773,39.24024999992205],[-121.27952999957287,39.230537000018586],[-121.27953299994596,39.03461799984381],[-121.24967600027486,39.028922999651186],[-121.24096500013383,39.021374000074125],[-121.23293299968513,39.02466699970809],[-121.22098600019274,39.01177699998106],[-121.20591499970537,39.01185099973357],[-121.19887499984176,39.017549000121875],[-121.18737000021525,39.012508000309836],[-121.1793849996222,39.01995100004837],[-121.1726240003162,39.01852799999807],[-121.15248600036645,39.02678799974816],[-121.13797899994371,39.037911000011846],[-121.12509900031577,39.03245099982585],[-121.12319299986169,39.02443099978632],[-121.10424699961526,39.01185000019022],[-121.08950099971621,39.01443499969426],[-121.08034199986153,39.00686200020423],[-121.0686110002792,39.00516000028335],[-121.04160800036806,39.013791000258486],[-121.03106899959076,39.02794900002829],[-121.03039099972331,39.03721099982238],[-121.02172599961305,39.039182999694816],[-121.02015800016606,39.046097999754735],[-121.00818499983612,39.05216299975586],[-121.00273400023418,39.067534000132156],[-120.99177699988044,39.07581199965347],[-120.99611399959684,39.08036799979476],[-120.98845100011738,39.08556099967161],[-120.98914599970328,39.11153299988697],[-120.97931499982893,39.1104020001045],[-120.9657609996332,39.12820699968749],[-120.95006200040542,39.13644100015705],[-120.93158399996416,39.155925999671844],[-120.92336800029075,39.15723100005937],[-120.9245030000927,39.16084900013719],[-120.90854899969848,39.163751000212294],[-120.90471699959713,39.17295099993387],[-120.86884899955916,39.18073700030286],[-120.85171300040568,39.21203300015671],[-120.80393599961185,39.233384999663144],[-120.72789299995672,39.28808100018972],[-120.67143300040759,39.31037100010374],[-120.65799700021263,39.307803999730645],[-120.6457949995538,39.315154999798985],[-120.62488599985022,39.315411999934256],[-120.00632299970253,39.31649600019226],[-120.00377299971622,39.44505600033867],[-120.50544499984878,39.44611699986437],[-120.51014499978832,39.45516299988319],[-120.5345220004435,39.464377000034],[-120.53423299984019,39.48368599999473],[-120.54908000002159,39.494469999870496],[-120.55632499992458,39.51387000007354],[-120.57785899979213,39.523270999797134],[-120.62464499982578,39.519546999775805],[-120.6301309995878,39.52488000001019],[-120.65093700025756,39.523370000024784],[-120.65502600027683,39.526844000155755],[-120.67699199996451,39.51844300004338],[-120.6864370000495,39.50690100019555],[-120.70080399983186,39.502582999951755],[-120.70659500009073,39.49306099993373],[-120.7171389999926,39.48896300007745]]]},"properties":{"GEOID":"06057","NAME":"Nevada County","STATE":"06","wildfire_risk_score":99.427,"wildfire_eal_total":32431406.28,"risk_band":"High","source":"FEMA National Risk Index v1.20 (December 2025)"}},{"type":"Feature","geometry":{"type":"MultiPolygon","coordinates":[[[[-122.40537100016408,37.708294000032666],[-122.28178000004398,37.708229999648104],[-122.34668100029575,37.81102700028631],[-122.37378200011617,37.88372500002528],[-122.43228299983862,37.929824000068926],[-122.41867299956641,37.8525049996686],[-122.47780799967364,37.833224000083405],[-122.47809200025411,37.82534899971423],[-122.49122499960204,37.82660299985186],[-122.49909600039226,37.81988300012439],[-122.52069700020695,37.825278999707834],[-122.528851999781,37.82010800024099],[-122.52802499995065,37.81510200012708],[-122.61228500000237,37.815224000352075],[-122.58817400038433,37.78936199975792],[-122.57518900027607,37.70672099977438],[-122.40537100016408,37.708294000032666]]],[[[-123.17382500036122,37.775727000337284],[-123.16998499986396,37.7559300000438],[-123.15675700008147,37.73783999974064],[-123.12611399968961,37.71672999977094],[-123.09285000006466,37.7136880003217],[-123.07492099961937,37.690065999723906],[-123.06858899976044,37.67304100021428],[-123.04069600026975,37.650328000140405],[-123.00110999993325,37.63982999982411],[-122.98674700034886,37.64178300019913],[-122.96300599972831,37.651983999936796],[-122.94136399990573,37.6765800002025],[-122.93586499972491,37.702459000072835],[-122.94998499963508,37.73218699997862],[-122.99753800012292,37.770783999695055],[-123.03384100035409,37.77837500018893],[-123.04881700040688,37.799815999765464],[-123.0704940003896,37.81383000024505],[-123.0952610001338,37.82187699969602],[-123.13227200036958,37.81967600023454],[-123.16601200019565,37.796885000171144],[-123.17382500036122,37.775727000337284]]]]},"properties":{"GEOID":"06075","NAME":"San Francisco County","STATE":"06","wildfire_risk_score":28.658,"wildfire_eal_total":12595.16,"risk_band":"Low","source":"FEMA National Risk Index v1.20 (December 2025)"}},{"type":"Feature","geometry":{"type":"Polygon","coordinates":[[[-120.20886499966433,41.18409599998215],[-119.99986600017012,41.183974000326934],[-119.99923400033343,41.9949440002954],[-120.97413500038866,41.992987999859515],[-121.4475380003886,41.99746499995102],[-121.44744999962676,41.95048500000422],[-121.45721299972901,41.94994499984066],[-121.45718000011703,41.905610999703605],[-121.45692200037418,41.77630199973551],[-121.44898100016209,41.77639200008515],[-121.44649499974986,41.1834840002755],[-120.20886499966433,41.18409599998215]]]},"properties":{"GEOID":"06049","NAME":"Modoc County","STATE":"06","wildfire_risk_score":92.939,"wildfire_eal_total":1752922.37,"risk_band":"Low","source":"FEMA National Risk Index v1.20 (December 2025)"}},{"type":"Feature","geometry":{"type":"Polygon","coordinates":[[[-120.77048000036625,39.71775700006022],[-120.74951999971073,39.71960999999507],[-120.73460599958217,39.70834399986582],[-120.71616700039729,39.70627999971462],[-120.67990699982383,39.676589999953926],[-120.65975100033073,39.686468999695826],[-120.65422700003559,39.70662899973759],[-120.14714899960862,39.707658000230715],[-120.14658000041945,39.736405999746346],[-120.12776300004447,39.73615900010676],[-120.12763499999794,39.75095399995908],[-120.11910999962976,39.75108700022256],[-120.119584000181,39.76562700019969],[-120.11062699999266,39.76577899966512],[-120.10809899974767,39.88126600002317],[-120.09933900010112,39.88121899980609],[-120.09955599983613,39.910339000274824],[-120.1088829999203,39.91037399998288],[-120.10876099972155,39.939510000193195],[-120.12657399981588,39.939550999918],[-120.12671100008323,39.94774900006359],[-120.13576799983068,39.9477569997204],[-120.1357350002187,39.95504000020672],[-120.14499100015777,39.95506700029862],[-120.14501500044723,39.96229200015592],[-120.16365399964866,39.96865900027564],[-120.16340599995154,39.98378000013137],[-120.17327399963581,39.983888999893715],[-120.17300300037247,39.998325000320975],[-120.1824540003052,39.99852100012781],[-120.18248400044243,40.013349999946776],[-120.20126400010916,40.01347400006646],[-120.20138299993486,40.04273700021822],[-120.2108899999441,40.042756999758076],[-120.20964100033936,40.08600800030712],[-120.24689000022657,40.08580500030782],[-120.24678800011931,40.107885000328686],[-120.26563300008338,40.10774800023751],[-120.26656100019606,40.11586900028785],[-120.34138500038368,40.1152429996614],[-120.34146300020147,40.12255600013017],[-120.36061100011426,40.1225140002115],[-120.36040100005195,40.129532000112235],[-120.37939900017689,40.12950999986451],[-120.37911700014462,40.140555999708944],[-120.3983069998902,40.140639999886794],[-120.39825599983656,40.14736499994712],[-120.4079539996415,40.147354000307445],[-120.40760899986,40.16216399990031],[-120.4172539999615,40.16207599993893],[-120.41691800040084,40.1694410002508],[-120.43637099991213,40.169563000222865],[-120.43646799999652,40.176645999767594],[-120.44589200016509,40.176853999897936],[-120.44528500044278,40.19135700021872],[-120.4541520002194,40.19135499989582],[-120.45433100031954,40.20575100000695],[-120.4828480001493,40.20579800000096],[-120.48245999981178,40.22018400013469],[-120.49206200025559,40.22029199968008],[-120.49171999994883,40.234790999751276],[-120.51066500037034,40.23469800003716],[-120.51081699980797,40.24894500002394],[-120.52973399974206,40.249197000247214],[-120.52969899958198,40.25620299990591],[-120.54866300027005,40.2562750001789],[-120.5487240003694,40.26359599974914],[-120.5767290000131,40.26379600017189],[-120.57682500027255,40.28542999991369],[-120.62279600017143,40.28570999971593],[-120.6226609995539,40.29301400001174],[-120.64250499977577,40.293184000287084],[-120.64233099969852,40.300393000210285],[-120.65165100010998,40.30045099976548],[-120.6521580002732,40.307655999865425],[-120.72641699967296,40.30843300016704],[-120.72657400003179,40.31592899996028],[-120.7644029998771,40.3160099999572],[-120.76434599997573,40.3087179999017],[-120.7737280003115,40.30867799972303],[-120.77380500030436,40.30143400028085],[-120.79659600017258,40.30115300028459],[-120.79600000032093,40.277726000087796],[-120.81465000029132,40.27783000003774],[-120.81501299961619,40.27072599968063],[-120.83381999994542,40.27072799971687],[-120.83405799959678,40.256160999711284],[-120.84350400040498,40.25601900000285],[-120.84359899994122,40.24889199980311],[-120.85319700018705,40.24885500020654],[-120.85311799964602,40.24180299970762],[-120.87178199986015,40.24164000023739],[-120.87175699974577,40.199438000118406],[-120.890676000228,40.199410000301896],[-120.89064600009078,40.192116000124386],[-120.92858200006623,40.19193099986973],[-120.92806599968216,40.2064509998892],[-120.9471519996707,40.206498999679006],[-120.94618799957298,40.22080800000961],[-121.00373199976873,40.22097499982349],[-121.00391800043988,40.23494099968466],[-121.04152100032941,40.23479499989098],[-121.04151700013146,40.256474000077795],[-121.0614929996995,40.25641700003568],[-121.06141700042981,40.44653599966086],[-121.30835299972439,40.4450910001548],[-121.33757500008406,40.44548400012537],[-121.3465310004475,40.449715000238406],[-121.3661110001804,40.44592700021786],[-121.49763500011667,40.44559099981331],[-121.49442200033154,40.44041100014749],[-121.49788000033905,40.43200300009606],[-121.47380599963259,40.424640999752995],[-121.47959799971636,40.41950500026811],[-121.48427799956444,40.396558999829786],[-121.48276199999601,40.3828550000049],[-121.47354000039212,40.37455599974695],[-121.48099199998435,40.36661400019512],[-121.47241999976049,40.35162000012547],[-121.42855100013429,40.350290999889964],[-121.41206600018575,40.34271900029544],[-121.38038300042652,40.3402879996592],[-121.36732899982299,40.33098300006578],[-121.36746299971729,40.322893000133575],[-121.34226400015298,40.309751000145575],[-121.35662599991247,40.29746999985267],[-121.3666889995904,40.30105399980997],[-121.37679999984724,40.297988999982344],[-121.37026499959867,40.28796099968674],[-121.36319499959787,40.28750100013221],[-121.35986700018499,40.27745200031037],[-121.34936699976575,40.27341799971241],[-121.35267099978749,40.26848800020922],[-121.34900000024294,40.26445400023457],[-121.36731200010456,40.24494500025401],[-121.36171300036463,40.22558099970893],[-121.36773499970386,40.2127279998404],[-121.38502800011452,40.210296999816],[-121.40735600020044,40.19140399989815],[-121.4343890002488,40.195940999942714],[-121.44411100034321,40.190745000222556],[-121.43610800020684,40.18187799983639],[-121.44512300012147,40.17769200033937],[-121.44287699990879,40.16185600022288],[-121.4462079996947,40.15587400010313],[-121.44187000015337,40.15207500022553],[-121.4045090001132,40.15164800025395],[-121.40485499971962,40.11554499968442],[-121.38593399958755,40.11590000026676],[-121.3861050001901,40.108649999918235],[-121.37648900040092,40.10862599977082],[-121.37679200034962,40.08603400017527],[-121.36681800036015,40.08605400006707],[-121.36714200022524,40.071887999674],[-121.37684400022816,40.07174699984628],[-121.37707600003175,40.057088999726545],[-121.38199600007934,40.056990999769724],[-121.38226600041608,40.05182700027366],[-121.40035300014677,40.05209500024419],[-121.40033800007815,40.03052299967116],[-121.40964199969778,40.030624000211574],[-121.40956200023017,40.015728000048114],[-121.41948000014315,40.01576599983886],[-121.41981700042705,39.98754899969512],[-121.4102629996638,39.987303000168424],[-121.41032700013623,39.95847799984508],[-121.4198440001912,39.958624999941556],[-121.42057700031023,39.92944999976711],[-121.41108600019452,39.92943300008011],[-121.41100099980572,39.91509100031599],[-121.43001200034945,39.914833000070274],[-121.42995700009787,39.900312999665104],[-121.4109999999808,39.90042500003543],[-121.41193599959108,39.87142100028426],[-121.3990180003283,39.87128699991186],[-121.39852899970845,39.86288400014141],[-121.38014999989971,39.86281600010597],[-121.38018300040997,39.8554209999286],[-121.3612060002014,39.85547300021104],[-121.36051599974012,39.84073999986736],[-121.35107900005107,39.840349999992085],[-121.3508210003082,39.825703999874094],[-121.33229299963824,39.82569599976077],[-121.3323329998212,39.811053000071574],[-121.3184709996539,39.81090599996622],[-121.31693800036705,39.79670199981088],[-121.30770900019213,39.79661600021314],[-121.30780799992635,39.78936500026175],[-121.29412599968413,39.78925000021082],[-121.28494599991303,39.78157599999646],[-121.2858520002844,39.76762399996327],[-121.26827199981858,39.7687989997193],[-121.26802499994638,39.754244000041545],[-121.25064100019748,39.75396500011968],[-121.24825600006757,39.74004100029015],[-121.22970599965629,39.74021299986389],[-121.22944600026362,39.725665000189494],[-121.21087800030895,39.72565099966329],[-121.20868700034784,39.7003579999805],[-121.19053199994678,39.699890999697416],[-121.19028400024966,39.68535299994561],[-121.17118800021542,39.685563999893006],[-121.17114300000958,39.671087999655334],[-121.16301500019972,39.670986999755975],[-121.16286399968865,39.66382399971365],[-121.15514400030783,39.66391299968527],[-121.15507700036066,39.65678499967554],[-121.13641200032164,39.65681000017403],[-121.13671500027036,39.62816900011113],[-121.1166330003971,39.6280480001831],[-121.11633100027332,39.62101800018295],[-121.09753800018778,39.62090300014623],[-121.09770300004422,39.613697999988354],[-121.08894699969734,39.61354500028257],[-121.08892099975807,39.603306000125784],[-121.07934500015186,39.60335000024988],[-121.07669499970811,39.597264000322035],[-121.00947699999686,39.639459000258974],[-121.00067700016736,39.6386819999141],[-120.97859599995361,39.64882300027524],[-120.96383300033614,39.66521900011092],[-120.9501369998502,39.67184400032631],[-120.95211299972615,39.67642399998913],[-120.94178999975722,39.684042999916386],[-120.93414499982114,39.701647000267975],[-120.93436599975408,39.73879199972998],[-120.91387899982487,39.757222000201295],[-120.89522600037975,39.75984899988284],[-120.87326099961864,39.7761679996823],[-120.85948999968792,39.77046300021321],[-120.83942100023349,39.74634799984646],[-120.82872099979768,39.746823000186374],[-120.82628200013946,39.742003000194906],[-120.81555199956644,39.74698099976122],[-120.80925700041574,39.72078199987869],[-120.79476800043463,39.718399999849055],[-120.79241199971875,39.70970499970592],[-120.77230599955604,39.71320500007583],[-120.77048000036625,39.71775700006022]]]},"properties":{"GEOID":"06063","NAME":"Plumas County","STATE":"06","wildfire_risk_score":98.632,"wildfire_eal_total":13180493.32,"risk_band":"High","source":"FEMA National Risk Index v1.20 (December 2025)"}},{"type":"Feature","geometry":{"type":"Polygon","coordinates":[[[-120.88250700041027,41.18400999976117],[-121.33178600037334,41.1838860001242],[-121.33233799984407,40.90539400020476],[-121.31997600025001,40.905885999921374],[-121.32297999979775,40.49758899980031],[-121.3266799996546,40.497574000094446],[-121.3278260002255,40.445366999977736],[-121.06141700042981,40.44653599966086],[-121.0614929996995,40.25641700003568],[-121.04151700013146,40.256474000077795],[-121.04152100032941,40.23479499989098],[-121.00391800043988,40.23494099968466],[-121.00373199976873,40.22097499982349],[-120.94618799957298,40.22080800000961],[-120.9471519996707,40.206498999679006],[-120.92806599968216,40.2064509998892],[-120.92858200006623,40.19193099986973],[-120.89064600009078,40.192116000124386],[-120.890676000228,40.199410000301896],[-120.87175699974577,40.199438000118406],[-120.87178199986015,40.24164000023739],[-120.85311799964602,40.24180299970762],[-120.85319700018705,40.24885500020654],[-120.84359899994122,40.24889199980311],[-120.84350400040498,40.25601900000285],[-120.83405799959678,40.256160999711284],[-120.83381999994542,40.27072799971687],[-120.81501299961619,40.27072599968063],[-120.81465000029132,40.27783000003774],[-120.79600000032093,40.277726000087796],[-120.79659600017258,40.30115300028459],[-120.77380500030436,40.30143400028085],[-120.7737280003115,40.30867799972303],[-120.76434599997573,40.3087179999017],[-120.7644029998771,40.3160099999572],[-120.72657400003179,40.31592899996028],[-120.72641699967296,40.30843300016704],[-120.6521580002732,40.307655999865425],[-120.65165100010998,40.30045099976548],[-120.64233099969852,40.300393000210285],[-120.64250499977577,40.293184000287084],[-120.6226609995539,40.29301400001174],[-120.62279600017143,40.28570999971593],[-120.57682500027255,40.28542999991369],[-120.5767290000131,40.26379600017189],[-120.5487240003694,40.26359599974914],[-120.54866300027005,40.2562750001789],[-120.52969899958198,40.25620299990591],[-120.52973399974206,40.249197000247214],[-120.51081699980797,40.24894500002394],[-120.51066500037034,40.23469800003716],[-120.49171999994883,40.234790999751276],[-120.49206200025559,40.22029199968008],[-120.48245999981178,40.22018400013469],[-120.4828480001493,40.20579800000096],[-120.45433100031954,40.20575100000695],[-120.4541520002194,40.19135499989582],[-120.44528500044278,40.19135700021872],[-120.44589200016509,40.176853999897936],[-120.43646799999652,40.176645999767594],[-120.43637099991213,40.169563000222865],[-120.41691800040084,40.1694410002508],[-120.4172539999615,40.16207599993893],[-120.40760899986,40.16216399990031],[-120.4079539996415,40.147354000307445],[-120.39825599983656,40.14736499994712],[-120.3983069998902,40.140639999886794],[-120.37911700014462,40.140555999708944],[-120.37939900017689,40.12950999986451],[-120.36040100005195,40.129532000112235],[-120.36061100011426,40.1225140002115],[-120.34146300020147,40.12255600013017],[-120.34138500038368,40.1152429996614],[-120.26656100019606,40.11586900028785],[-120.26563300008338,40.10774800023751],[-120.24678800011931,40.107885000328686],[-120.24689000022657,40.08580500030782],[-120.20964100033936,40.08600800030712],[-120.2108899999441,40.042756999758076],[-120.20138299993486,40.04273700021822],[-120.20126400010916,40.01347400006646],[-120.18248400044243,40.013349999946776],[-120.1824540003052,39.99852100012781],[-120.17300300037247,39.998325000320975],[-120.17327399963581,39.983888999893715],[-120.16340599995154,39.98378000013137],[-120.16365399964866,39.96865900027564],[-120.14501500044723,39.96229200015592],[-120.14499100015777,39.95506700029862],[-120.1357350002187,39.95504000020672],[-120.13576799983068,39.9477569997204],[-120.12671100008323,39.94774900006359],[-120.12657399981588,39.939550999918],[-120.10876099972155,39.939510000193195],[-120.1088829999203,39.91037399998288],[-120.09955599983613,39.910339000274824],[-120.09933900010112,39.88121899980609],[-120.10809899974767,39.88126600002317],[-120.11062699999266,39.76577899966512],[-120.119584000181,39.76562700019969],[-120.11910999962976,39.75108700022256],[-120.12763499999794,39.75095399995908],[-120.12776300004447,39.73615900010676],[-120.14658000041945,39.736405999746346],[-120.14714899960862,39.707658000230715],[-120.01573400035062,39.70872100014792],[-120.01580399977252,39.72235900003882],[-120.00106200007141,39.72241800002012],[-119.99770600017114,39.999905000194865],[-119.99986600017012,41.183974000326934],[-120.88250700041027,41.18400999976117]]]},"properties":{"GEOID":"06035","NAME":"Lassen County","STATE":"06","wildfire_risk_score":97.487,"wildfire_eal_total":7311077.05,"risk_band":"Moderate","source":"FEMA National Risk Index v1.20 (December 2025)"}},{"type":"Feature","geometry":{"type":"Polygon","coordinates":[[[-122.10363199955744,38.51216099976768],[-122.11301499971812,38.52717700014419],[-122.13438700010231,38.60463399973763],[-122.14935099956125,38.625461999785315],[-122.16645999984887,38.619662000000055],[-122.16870299968852,38.62986599975078],[-122.15917399993799,38.635113000068216],[-122.16609599980079,38.65517799972437],[-122.19007199969964,38.663482000211665],[-122.20211199997678,38.67774399996417],[-122.19804200022406,38.683616999734674],[-122.20135100026867,38.690659000134644],[-122.22216899973566,38.698559999809866],[-122.22513999967146,38.727409000115934],[-122.24866000035904,38.75506500015607],[-122.25446900016125,38.78159499996176],[-122.28759700024212,38.83996800015186],[-122.31535099981562,38.83958299987277],[-122.32404699988804,38.846251999982954],[-122.3507200000863,38.83586700016307],[-122.38158000021313,38.85016199979616],[-122.39559800001605,38.864300000262524],[-122.40379699997101,38.855841999838574],[-122.3753689998297,38.82645300000938],[-122.3755160001428,38.80831199982484],[-122.37973900005639,38.802153999693836],[-122.39749199987624,38.804948000065025],[-122.40440899971621,38.79863000008367],[-122.41270800012859,38.7860340000403],[-122.40794600026473,38.784515000120074],[-122.40925299959578,38.77626399983303],[-122.40305200015644,38.772982000001925],[-122.41625900002252,38.76799799967614],[-122.46411499956075,38.70613399968176],[-122.63348400013419,38.66929999997717],[-122.62326599974725,38.664353000326244],[-122.62388400023856,38.65057199989353],[-122.63409500005449,38.63755000032278],[-122.62829299992497,38.62303799980725],[-122.64661599965719,38.59809500031332],[-122.6301909999831,38.5784959997021],[-122.63183200012332,38.56936700003538],[-122.62268099976623,38.56769199973348],[-122.6208460003556,38.56031700001735],[-122.5873140000437,38.55264700000931],[-122.57403400038267,38.54042899975343],[-122.56660199998359,38.525552999993636],[-122.55416099984848,38.52617399989609],[-122.54389300013115,38.51996599966089],[-122.54172399991131,38.51328000014763],[-122.55002199960046,38.511176999654445],[-122.53530900021174,38.50169000013699],[-122.54490099971143,38.496285000261295],[-122.5296049999915,38.46957000025342],[-122.51590600003082,38.4708759996762],[-122.5058180002385,38.46469500016366],[-122.50956699960085,38.45741999968454],[-122.47983499960324,38.45127199998348],[-122.49791100036161,38.4245750001612],[-122.47055400044815,38.4049480000024],[-122.4658410000898,38.390217999861335],[-122.44811699968393,38.37950500034994],[-122.45690599964276,38.37068899981499],[-122.45305400034826,38.36281100020311],[-122.43751800042878,38.3569909998912],[-122.41203899958367,38.3342939998161],[-122.40945099996253,38.3211139998285],[-122.40536899961594,38.32203799997639],[-122.39461200017705,38.30472399973279],[-122.4037690003819,38.299846000063326],[-122.40015599966537,38.289675000261354],[-122.40473699977926,38.28169999967922],[-122.39640599957981,38.2712210003277],[-122.38760199955236,38.273764000243965],[-122.38982400037393,38.26079599967449],[-122.37385999993398,38.24386100021199],[-122.36530600015179,38.245986000066424],[-122.36415499955804,38.21528099966454],[-122.35068099972824,38.20183099984929],[-122.34956400036798,38.19397199976539],[-122.36025700023276,38.19711500012877],[-122.3578870001715,38.18260699969224],[-122.36865000035648,38.18266599988548],[-122.367560999687,38.15879200002848],[-122.39682200040474,38.16145099974661],[-122.40678600034849,38.155632000257754],[-122.19538000008477,38.15501700022051],[-122.19882999969636,38.15932500017509],[-122.19533499987891,38.16725399986397],[-122.20343599992458,38.168780000011054],[-122.21508000036657,38.1797170000893],[-122.215201999667,38.18881300021347],[-122.20932300044291,38.190050000021564],[-122.20449899975648,38.20544700005101],[-122.19391899986961,38.213710999743185],[-122.19300900019859,38.223116999879764],[-122.21193199998044,38.250799999967874],[-122.20145099982778,38.248916000218145],[-122.19328100018514,38.25641500000841],[-122.21308699987387,38.25924999992543],[-122.2165950001101,38.26465999991805],[-122.21206400022493,38.273108000130044],[-122.18819899975587,38.27173000025985],[-122.20337700037335,38.29335200032848],[-122.19883800009228,38.30123599983109],[-122.20606799992665,38.31577499997773],[-122.06484199998748,38.315911999875695],[-122.06801600031287,38.31863500019353],[-122.0617320001345,38.325665999983265],[-122.07359900015928,38.361545000016214],[-122.12613600026881,38.42746100014558],[-122.12321800003647,38.44956799981381],[-122.10466299960228,38.49086100017379],[-122.10363199955744,38.51216099976768]]]},"properties":{"GEOID":"06055","NAME":"Napa County","STATE":"06","wildfire_risk_score":95.961,"wildfire_eal_total":4850531.89,"risk_band":"Moderate","source":"FEMA National Risk Index v1.20 (December 2025)"}},{"type":"Feature","geometry":{"type":"Polygon","coordinates":[[[-120.55586700016516,39.50873600016227],[-120.54908000002159,39.494469999870496],[-120.53423299984019,39.48368599999473],[-120.5345220004435,39.464377000034],[-120.51014499978832,39.45516299988319],[-120.50544499984878,39.44611699986437],[-120.00377299971622,39.44505600033867],[-120.00106200007141,39.72241800002012],[-120.01580399977252,39.72235900003882],[-120.01573400035062,39.70872100014792],[-120.65422700003559,39.70662899973759],[-120.65975100033073,39.686468999695826],[-120.67990699982383,39.676589999953926],[-120.71616700039729,39.70627999971462],[-120.73460599958217,39.70834399986582],[-120.74951999971073,39.71960999999507],[-120.79241199971875,39.70970499970592],[-120.79476800043463,39.718399999849055],[-120.80925700041574,39.72078199987869],[-120.81555199956644,39.74698099976122],[-120.82628200013946,39.742003000194906],[-120.82872099979768,39.746823000186374],[-120.83942100023349,39.74634799984646],[-120.8443150003418,39.75613400027524],[-120.8543899997153,39.759911999972886],[-120.85948999968792,39.77046300021321],[-120.8707990003942,39.776877000187916],[-120.89522600037975,39.75984899988284],[-120.91387899982487,39.757222000201295],[-120.93436599975408,39.73879199972998],[-120.93414499982114,39.701647000267975],[-120.93996700004215,39.68680400024313],[-120.95211299972615,39.67642399998913],[-120.94986999988649,39.67209100004115],[-120.96383300033614,39.66521900011092],[-120.97859599995361,39.64882300027524],[-121.00067700016736,39.6386819999141],[-121.00947699999686,39.639459000258974],[-121.02438299972948,39.55904900023617],[-121.04831599997063,39.54826099974647],[-121.05820299992148,39.537042999848914],[-121.04874299976788,39.51701999979213],[-121.03440600012276,39.51450899974242],[-121.02208499963824,39.3915579997436],[-121.00751899966423,39.399069000187495],[-121.01523899994339,39.40538199983793],[-121.00700900002629,39.40472299972926],[-120.99258699999234,39.41442899981268],[-120.97976799956547,39.41163500000791],[-120.97862400044102,39.41781799973974],[-120.93179999987423,39.41712099988032],[-120.92891599997706,39.421015999841764],[-120.91416800042818,39.42007699976615],[-120.91058200037415,39.42600899983494],[-120.89394099989168,39.42413200006974],[-120.87828600014652,39.431163999997665],[-120.84326500003037,39.43511499997661],[-120.83688700014068,39.44045599968062],[-120.82635699958419,39.43503900011953],[-120.81780500035013,39.43649100002868],[-120.81660299970275,39.44083599980639],[-120.81100599961266,39.43607100018997],[-120.80090399957669,39.437483999666185],[-120.78470700040653,39.44806899977867],[-120.75623999990717,39.452474000282685],[-120.75287499978607,39.45831499967944],[-120.742492000441,39.46127600018401],[-120.74360600032651,39.46681199994994],[-120.71456800008986,39.48160999987354],[-120.71702400036486,39.48918599973992],[-120.70659500009073,39.49306099993373],[-120.70088099982476,39.502535000239746],[-120.65502600027683,39.526844000155755],[-120.65093700025756,39.523370000024784],[-120.6301309995878,39.52488000001019],[-120.62464499982578,39.519546999775805],[-120.57767700021725,39.523253000244495],[-120.55656900032206,39.51410499989324],[-120.55586700016516,39.50873600016227]]]},"properties":{"GEOID":"06091","NAME":"Sierra County","STATE":"06","wildfire_risk_score":95.579,"wildfire_eal_total":3485421.62,"risk_band":"Moderate","source":"FEMA National Risk Index v1.20 (December 2025)"}},{"type":"Feature","geometry":{"type":"Polygon","coordinates":[[[-122.93818299990764,39.748993000159885],[-122.91251599963987,39.748164999767134],[-122.9128760003883,39.7087230001219],[-122.89267599961595,39.70889799969619],[-122.88535200007023,39.580107999680095],[-122.735639000296,39.58066799965806],[-122.73654800014212,39.508509999810855],[-122.73164599963786,39.47923700029512],[-122.73260100041307,39.4507539999593],[-122.74174799967386,39.43523000007736],[-122.73906200014343,39.38326600021583],[-122.1360059996029,39.38549399973357],[-122.13616100031192,39.41449900018879],[-122.12562699955747,39.41459300016688],[-122.00885699991616,39.41356699969091],[-122.00370900026297,39.39782700034703],[-122.01020199978036,39.38394599994497],[-121.8900129995913,39.38386400023296],[-121.8751989999202,39.42791100021967],[-121.87693999961951,39.438346000246426],[-121.87077000014227,39.448713000080424],[-121.87484300026804,39.46052100022866],[-121.86929200020869,39.466584999897265],[-121.87734100037584,39.509549000134996],[-121.85944799991556,39.52719900021496],[-121.85653200023134,39.536903999882824],[-121.94519400029681,39.5360570000402],[-121.9740309997937,39.52885000016095],[-121.97682000015462,39.53286999967715],[-121.99402099960543,39.53392599989034],[-121.99827899967913,39.54246100006836],[-122.00313400032769,39.55929500031083],[-121.99063399974304,39.56429500003389],[-122.00142500041544,39.56900199989426],[-122.00324300010764,39.574814999999305],[-121.99520099961319,39.5817460001006],[-121.99400700026005,39.606264000089176],[-121.97955500008887,39.61479100010843],[-121.9923639995717,39.629599999775344],[-121.99082899973672,39.63653899973466],[-121.985071999813,39.64593199988147],[-121.96877799966019,39.64809400004982],[-121.96662299968408,39.65244400034078],[-121.97582300044496,39.66346099971442],[-121.99077100001037,39.66041099968361],[-121.99734800009169,39.66848300013827],[-121.96019799993871,39.677877000026264],[-121.95691900003135,39.68752499973118],[-121.94491499973924,39.69091900014608],[-121.94158300012842,39.698112999735066],[-121.95095100022047,39.715004000108294],[-121.94828499988319,39.732215999753834],[-121.96252399961905,39.71774100028882],[-121.96791999986768,39.723317000212525],[-121.96016799980148,39.734161000252556],[-121.96379599968832,39.741398000327905],[-121.9693629996412,39.73943899978318],[-121.97067599971835,39.73211399982289],[-121.98217600022029,39.73390199986893],[-121.99811399982266,39.752402999857374],[-122.02456000024023,39.76794200032216],[-122.03263500034663,39.77938600012654],[-122.0255939997598,39.78814800017344],[-122.02649799958306,39.8001370002405],[-122.04012600029694,39.7927479998043],[-122.04647099967633,39.797648000021965],[-122.2510990000173,39.79928900022842],[-122.93765400000312,39.79815600011758],[-122.93818299990764,39.748993000159885]]]},"properties":{"GEOID":"06021","NAME":"Glenn County","STATE":"06","wildfire_risk_score":91.762,"wildfire_eal_total":2186131.18,"risk_band":"Low","source":"FEMA National Risk Index v1.20 (December 2025)"}},{"type":"Feature","geometry":{"type":"MultiPolygon","coordinates":[[[[-118.0287820000872,33.87332200012302],[-118.01138300026967,33.8734310002152],[-118.01147399960794,33.88084600011819],[-118.0027540001444,33.88089400000831],[-118.00285500042673,33.88816100025971],[-117.99405700024707,33.88821799980672],[-117.99413599988978,33.89551300026954],[-117.98532699983946,33.895508999846705],[-117.98540499965728,33.902766000329635],[-117.97659300013218,33.90280999973437],[-117.97649799969766,33.94605000024009],[-117.78307500030586,33.946260000099926],[-117.79355100043568,33.95382200015742],[-117.79366699988832,33.96813500020909],[-117.80244499997649,33.96830800028641],[-117.80253899968784,33.975550999741415],[-117.7850329997402,34.004854000266036],[-117.76752500014268,34.00469499963628],[-117.76765700038719,34.02350799976037],[-117.73584599968314,34.01855400008012],[-117.73012499974445,34.021371000000805],[-117.71647500018759,34.06757700032011],[-117.678500999679,34.161993000079235],[-117.64637400040408,34.28917000013023],[-117.65975699999724,34.45276899975366],[-117.66040100042781,34.557892000208845],[-117.66712099972597,34.55790599964495],[-117.66745899983475,34.822528000087225],[-118.85400899982793,34.81775799968413],[-118.85411400030826,34.80327900026784],[-118.87211999984807,34.80317099986356],[-118.88331700040133,34.80937299974308],[-118.88041599988743,34.817843000012665],[-118.89463399970687,34.81797199965825],[-118.63678899973914,34.29180399966083],[-118.63249399985554,34.2403910002915],[-118.66771400016331,34.240344999983385],[-118.66815199983122,34.16819499979774],[-118.78888900019139,34.16821399973292],[-118.94096500035418,34.07482999964386],[-118.95172099996816,33.99285799970361],[-118.87399799981478,33.98331399994817],[-118.8411159997812,33.9553710001174],[-118.80982700020729,33.9469049997301],[-118.78652800035096,33.95142999971006],[-118.74639100036863,33.97550100007814],[-118.72745900036594,33.98030700003159],[-118.70457399988805,33.9778399997411],[-118.66651400006407,33.980562000128806],[-118.6483479997923,33.98672899967606],[-118.55735599984855,33.987673000099925],[-118.52344699996812,33.95304900001913],[-118.44725399962687,33.848759999910904],[-118.4439680000468,33.8390570000781],[-118.4844830003209,33.80315400028705],[-118.48557700011493,33.75366399975484],[-118.46696200030462,33.725524000178126],[-118.42863700016676,33.701266000008985],[-118.38593099993153,33.686711999729475],[-118.34541499983256,33.663427000065624],[-118.31913499999466,33.65954699990723],[-118.27423899962326,33.663429000096556],[-118.23700800017772,33.69059499968973],[-118.14780600033711,33.69408299981949],[-118.11405999976498,33.746137999682276],[-118.09197000022873,33.75847200031632],[-118.09698499981255,33.77790700033802],[-118.08474399969397,33.80290999981114],[-118.06316999964345,33.819681000280795],[-118.05903999961627,33.84619500018864],[-118.04608200017054,33.85361099970381],[-118.03759799981022,33.866012999734544],[-118.02871599996496,33.86604600026928],[-118.0287820000872,33.87332200012302]]],[[[-118.66820299988483,33.48593700033742],[-118.66591900003729,33.46733399985565],[-118.65505700011813,33.44531000034869],[-118.6185739999619,33.406191000360344],[-118.59107999978107,33.390871999902394],[-118.54792900020527,33.37679899965462],[-118.55119300004404,33.369351999823316],[-118.54747599957044,33.340480000235],[-118.5348849996475,33.31517599991921],[-118.51038599969189,33.289659000186845],[-118.4866879996274,33.27690500024327],[-118.4376539997312,33.26701799962557],[-118.38558899962477,33.265357999678066],[-118.36331099976756,33.25507399987804],[-118.32799300044881,33.24808300035281],[-118.2807029997267,33.25909200019212],[-118.24907500021905,33.28414199978804],[-118.24128600034294,33.32302299985789],[-118.25771400039008,33.36413099968951],[-118.30410200004046,33.40363199988425],[-118.31635099965662,33.43413700034817],[-118.3593930003508,33.464921999652496],[-118.4208409997196,33.48178200004578],[-118.46285300019386,33.51042699966517],[-118.49333500002892,33.515725999797645],[-118.50675699998015,33.5249110001217],[-118.52938200016705,33.531181999851654],[-118.6259159999493,33.52897800013751],[-118.65573499998555,33.510818000366726],[-118.66820299988483,33.48593700033742]]],[[[-118.6782039996385,33.03972600031096],[-118.67017299991305,33.00003399980337],[-118.64473199960106,33.00003300005441],[-118.63552199969273,32.9656000000862],[-118.60880199963881,32.927690000214845],[-118.59692999959118,32.89046600007507],[-118.56252799979123,32.84943800017747],[-118.55318599963844,32.828797000219765],[-118.53819700006514,32.81276999970756],[-118.50764999993275,32.7968770001739],[-118.46471199989396,32.76017600014616],[-118.43653800019588,32.75004000005257],[-118.4083219997667,32.75191400008343],[-118.37837700023206,32.770231999729255],[-118.3534940001369,32.7658070001549],[-118.32381900004071,32.77351400004761],[-118.2958410001612,32.79825600008065],[-118.28878399968087,32.82082900015539],[-118.29724999959952,32.84509399982284],[-118.32889800009696,32.87503700026375],[-118.44886299998004,32.9617500000783],[-118.4894970000798,33.010629999877445],[-118.49558200006653,33.02633600023537],[-118.51496599998086,33.04988900013573],[-118.54210299978632,33.073787999692456],[-118.5783370004205,33.0862430002193],[-118.63264199999355,33.08453899998504],[-118.66384600007696,33.066846000081],[-118.6782039996385,33.03972600031096]]]]},"properties":{"GEOID":"06037","NAME":"Los Angeles County","STATE":"06","wildfire_risk_score":99.936,"wildfire_eal_total":155191812.04,"risk_band":"High","source":"FEMA National Risk Index v1.20 (December 2025)"}},{"type":"Feature","geometry":{"type":"Polygon","coordinates":[[[-121.61024999961644,39.05690699995863],[-121.58591800006543,39.09084300016501],[-121.58729200024194,39.101718000319174],[-121.6026780003736,39.10015800032052],[-121.6046149998915,39.11385000014722],[-121.59767600031026,39.12779200019773],[-121.60757499995667,39.140895000209625],[-121.6055070000192,39.148458999671924],[-121.61561400007807,39.16782400017275],[-121.61115900036087,39.17570600022694],[-121.61845199994445,39.18306899975803],[-121.61303700032754,39.19047899987281],[-121.62369599985713,39.19573699990148],[-121.62908899973273,39.20467799975733],[-121.61354699996546,39.21410999988818],[-121.61812300005649,39.220645999788815],[-121.61435600025247,39.22889099969116],[-121.62771200008147,39.22860000027654],[-121.62772299995213,39.23550600001035],[-121.63636799997091,39.24607600000772],[-121.63564400007273,39.26200200026285],[-121.62720300026847,39.25936500013878],[-121.6214120000096,39.26370700027391],[-121.63250900010543,39.27076899993096],[-121.62193800043937,39.27357099997872],[-121.63163200004637,39.29129200015765],[-121.62361999968917,39.29509499996199],[-121.63228499979944,39.302243000299754],[-121.6301499999148,39.30566800031897],[-121.90826900027471,39.30387799975877],[-121.92205400044912,39.288287000291774],[-121.92079599972524,39.281630999659484],[-121.92898999965733,39.27108399998293],[-121.94131100014184,39.26235799996276],[-121.94829400010403,39.24084500030513],[-121.9283319998814,39.19872899982082],[-121.93654500008005,39.194710000024564],[-121.93453700041704,39.18985599983429],[-121.94551399996394,39.17984300033702],[-121.93422900044546,39.16102800034582],[-121.91721399986919,39.14727800011886],[-121.92054100035543,39.141337999826334],[-121.93776299972266,39.14398399965203],[-121.93795299969347,39.13300099994298],[-121.9249590002627,39.12819699981248],[-121.92142900028516,39.12224299987733],[-121.91109500044556,39.123147000017624],[-121.91308700021507,39.11431599990156],[-121.90553500016539,39.11476599999712],[-121.90583399991615,39.1030870000417],[-121.89436899957428,39.09612600013547],[-121.89523899996067,39.08679400002951],[-121.88973800013,39.08116499984954],[-121.89460499957583,39.07897599996943],[-121.88910100027046,39.072372999957075],[-121.86981699991523,39.06685999986114],[-121.84938900043558,39.07140099976839],[-121.83854500005977,39.06413000019711],[-121.83961700011248,39.04688299986751],[-121.82962100038172,39.03798500032234],[-121.83067300034295,39.032701000134814],[-121.82289100013952,39.02938800016281],[-121.82098399986052,39.020278999704],[-121.82648300004134,39.011195999837405],[-121.79531800031596,38.996054000008996],[-121.8021020000865,38.9897669999215],[-121.81951000012488,38.98827899973965],[-121.82139800013728,38.97474300000017],[-121.8332540002914,38.97016799966636],[-121.83203800029864,38.96047199999906],[-121.84056600014158,38.95482399988468],[-121.8301340003927,38.93842499966822],[-121.83733400008987,38.926073000125555],[-121.82891800039991,38.9184730000372],[-121.8048050002337,38.914520999963344],[-121.80584299995125,38.91079300025396],[-121.81525399970101,38.911210000220855],[-121.81218099965798,38.90882599972515],[-121.79110899974776,38.90453799968132],[-121.7935890003122,38.900714999951624],[-121.80398900027402,38.90171999969634],[-121.80677299971377,38.89031499985511],[-121.81672499996192,38.88447399983075],[-121.8148140003833,38.87658199996562],[-121.8017260003429,38.86428199968119],[-121.78581799997943,38.86315400009131],[-121.78388099956321,38.8564449999186],[-121.76529599989014,38.86418699976283],[-121.75842000005805,38.86235499972589],[-121.75931499966046,38.86837099986197],[-121.74862400034381,38.87131800023836],[-121.74480300011314,38.86415500015196],[-121.72957000014237,38.858427000079935],[-121.72314899969668,38.8513060000493],[-121.7309519998165,38.835782999981],[-121.72341400001054,38.82561699978419],[-121.72334600023848,38.80375900000299],[-121.70125099978102,38.8030280002798],[-121.69067099989417,38.79562700028221],[-121.69336800019357,38.789815999913564],[-121.68643899975976,38.77536000004708],[-121.69256200027962,38.767710000061115],[-121.6700180002836,38.759310000339696],[-121.67718299982066,38.75086199980413],[-121.67382600009549,38.74314100032235],[-121.66799200017894,38.754492000146875],[-121.65849500021542,38.75502600010329],[-121.66316199964471,38.76920999976043],[-121.65413099983653,38.76454100018344],[-121.6389439998965,38.7672040001836],[-121.64615700001248,38.774073000102376],[-121.63436299978264,38.76788199982515],[-121.62795700030388,38.778944999686935],[-121.63099799966156,38.78293199992089],[-121.62454899962674,38.78537099971119],[-121.6048619997637,38.7793559999018],[-121.59321400002206,38.764315999772116],[-121.59340599964268,38.75398500003318],[-121.60289400028367,38.73583800004693],[-121.48439599956521,38.734598000215286],[-121.48443999994613,38.75135399980312],[-121.46975299959833,38.75160299975762],[-121.46935599993827,38.92599199976119],[-121.41439900043707,38.926214000151035],[-121.41477900037869,38.996452000245185],[-121.44382599993786,38.99332499999918],[-121.45946300013968,38.99783900000573],[-121.48964600022398,38.99205000026664],[-121.49369000003743,38.98430200032187],[-121.50902900031342,38.982791000143486],[-121.52465300009644,38.971473000241325],[-121.54330600043987,38.97240400018277],[-121.55351800008071,38.953755000335406],[-121.56147000016345,38.9534369998579],[-121.57129699983986,38.93891800034595],[-121.57541500017145,38.91834799984317],[-121.58114699998076,38.92584699975795],[-121.57796099995981,38.9467709997353],[-121.58939899963919,38.990344000022404],[-121.57909499993683,39.00669200002357],[-121.60003600032577,39.01210600009872],[-121.59434899982399,39.02330100002535],[-121.60563400024078,39.03262799982059],[-121.61024999961644,39.05690699995863]]]},"properties":{"GEOID":"06101","NAME":"Sutter County","STATE":"06","wildfire_risk_score":77.131,"wildfire_eal_total":271688.05,"risk_band":"Low","source":"FEMA National Risk Index v1.20 (December 2025)"}},{"type":"Feature","geometry":{"type":"Polygon","coordinates":[[[-121.69732199959532,37.782438000269586],[-121.55699700000466,37.816487999752084],[-121.5494590001987,37.83356900033474],[-121.53805099975823,37.83776000015661],[-121.53410200037936,37.84945700003216],[-121.54071999957023,37.84941300010525],[-121.54064299957733,37.857597000025386],[-121.54749599984318,37.85522600003288],[-121.55283600001536,37.8611819999405],[-121.56032600014075,37.85859600018823],[-121.56197700032668,37.85313799994621],[-121.57045400011599,37.857585000147736],[-121.56897799983221,37.86057300014685],[-121.57942899984766,37.86015999975489],[-121.57338900006677,37.86575100030179],[-121.57933400031142,37.87063700011647],[-121.57585100018953,37.888293000193464],[-121.56590399996428,37.897672000207976],[-121.57282400017726,37.90430100006348],[-121.5632889996806,37.91060099984588],[-121.56511399994383,37.91917300013555],[-121.55640799982567,37.92363900015468],[-121.56361799956859,37.94344000004806],[-121.5578459995763,37.94700700003536],[-121.56740899966202,37.94398199980002],[-121.5635139998115,37.95474499974874],[-121.57518800039072,37.95504499973653],[-121.5649700000038,37.9589599999011],[-121.58020999964725,37.97637000015467],[-121.57239300018202,37.97904500031382],[-121.58235999960048,37.9834610003455],[-121.57608399981808,37.99485499986429],[-121.57923600040212,37.998114999912545],[-121.56884499976285,38.00223400033862],[-121.57991000007159,38.00778300006549],[-121.56714900026935,38.011982999947364],[-121.57205199970018,38.0184100002388],[-121.55752799955896,38.0166150000845],[-121.56422600001413,38.02969900028146],[-121.57138800007644,38.03042299975823],[-121.57300900012517,38.04215000014624],[-121.58018500043121,38.04126799983679],[-121.57883399982092,38.03263999968769],[-121.58438800025331,38.03602500018097],[-121.58220300013997,38.068423000118734],[-121.57289299977421,38.07374200005026],[-121.57925200029568,38.09341999966545],[-121.58528299985572,38.096365999844274],[-121.62737599962253,38.09835999979856],[-121.63808799975386,38.08613100021537],[-121.66186500035938,38.09561800024076],[-121.67306500038738,38.093517999671555],[-121.68186500021687,38.08201899977732],[-121.68085900028638,38.062129000202354],[-121.69976500034983,38.0452199997198],[-121.73782400034892,38.02663000021833],[-121.78314400014455,38.01853599981505],[-121.81451300008442,38.02075599981585],[-121.82806700028013,38.028020000248304],[-121.84680199974106,38.05995500024812],[-121.86213799964396,38.06606599991244],[-121.87474299981062,38.05067600010479],[-121.90680100038688,38.04500200009854],[-121.93542799982148,38.048792999884725],[-121.97744000029574,38.066840000027184],[-122.02841099970982,38.059189999969426],[-122.06110299977257,38.06213700026834],[-122.1239729998968,38.035716999979215],[-122.14857700033266,38.031721000339374],[-122.1645769998593,38.03472100016387],[-122.18386299986437,38.05399700035257],[-122.20084599975529,38.05793399975216],[-122.24525099985703,38.063969000126875],[-122.26534699997397,38.0599179998048],[-122.3474539996994,38.073260000074065],[-122.37597999975002,38.048465999897395],[-122.44158399998354,37.97392299981534],[-122.43228299983862,37.929824000068926],[-122.37378200011617,37.88372500002528],[-122.31284199983718,37.89734799970701],[-122.28843699959292,37.8975969997332],[-122.27107999960818,37.90582399970302],[-122.2640270002241,37.90377499976112],[-122.24407900024518,37.883223999777094],[-122.22884000042663,37.881023000246806],[-122.21764000039865,37.87224999990049],[-122.2214180000733,37.865468000229754],[-122.20889800029546,37.8519409998146],[-122.18511599966706,37.83735300018849],[-122.1855769997995,37.82072599998418],[-122.16687300030074,37.81342400021693],[-122.15739200023079,37.81795199997948],[-122.14069800004482,37.80471699990106],[-122.04547300014178,37.79812599997185],[-122.01380000042829,37.7801279998727],[-121.99741099984091,37.7633600003543],[-122.01077099986786,37.75512700002073],[-122.01177099995056,37.74742800021725],[-121.98809700017551,37.733148999908586],[-121.97193799974187,37.730323999758035],[-121.96003999975497,37.71853099973994],[-121.69732199959532,37.782438000269586]]]},"properties":{"GEOID":"06013","NAME":"Contra Costa County","STATE":"06","wildfire_risk_score":97.583,"wildfire_eal_total":10785270.72,"risk_band":"Moderate","source":"FEMA National Risk Index v1.20 (December 2025)"}},{"type":"Feature","geometry":{"type":"Polygon","coordinates":[[[-123.23896400026433,38.808556999942134],[-123.13625300043384,38.809136000087946],[-123.13663599985016,38.839447999908664],[-123.0812299999121,38.838406000135926],[-123.08099700028357,38.85243800027094],[-122.82159200036648,38.85014000022987],[-122.82138800015198,38.85791999965903],[-122.84009900022176,38.85799300032044],[-122.83999399974145,38.86602399976998],[-122.85848700025136,38.865848999839415],[-122.85775999998012,38.873261000144915],[-122.87649500033932,38.87313000016168],[-122.87570000029604,38.880837000171475],[-122.89463300012368,38.88083200020245],[-122.8938899999589,38.89552400028764],[-122.91135499989865,38.89517099977321],[-122.91138599986081,38.901529000148216],[-122.94886499990179,38.90021999999299],[-122.94906699956815,38.92544199991409],[-122.96188799964486,38.925511000144084],[-122.96018600030358,38.93246900019976],[-122.9699190002686,38.93266300023397],[-122.96828599962602,38.94650600033859],[-122.9777120003427,38.946692999947224],[-122.97742899958719,38.98289999992778],[-122.98668299987644,38.983009000242554],[-122.98664000021873,38.99728299989486],[-123.018579000071,38.9929559997229],[-123.01862599992666,38.9966129999767],[-123.0280350000266,38.99659299991292],[-123.02801099973716,39.00649600026913],[-123.03731000023224,39.00649699988819],[-123.03751100007369,39.01369700032726],[-123.04681100039372,39.01379599993205],[-123.04701100041024,39.02089599980762],[-123.05621200009772,39.02109599988017],[-123.05611099981539,39.049895000031704],[-123.06521199994377,39.04999500026989],[-123.0651140000345,39.06439299975344],[-123.08381199968547,39.06449399988221],[-123.08371200012633,39.07179400015673],[-123.09301300027124,39.07199399983705],[-123.0942069996244,39.08052399966285],[-123.09421199964727,39.095293999839875],[-123.08501199978471,39.095293999839875],[-123.08751200044063,39.138391999901245],[-123.07811199966318,39.138740000078045],[-123.07781200008753,39.1737909999387],[-123.04581100031099,39.17349200028384],[-123.04010999956552,39.192489999825355],[-123.03481100029956,39.192391000214116],[-123.0341109997925,39.199689999798856],[-123.0243100000554,39.20708900002378],[-123.02081000021506,39.220688999810896],[-123.01250999997777,39.22098899986328],[-123.01270999999431,39.23618799998484],[-122.99483900017368,39.23592400028732],[-122.99448400034645,39.256756999789026],[-123.00360999969088,39.2573869999244],[-123.00451400041243,39.278186999983575],[-123.01961199976566,39.27798599979404],[-123.01971100039819,39.32178500021843],[-123.0287120000691,39.32178500021843],[-123.02872799996265,39.33658399992907],[-123.03771199991516,39.33618500019907],[-123.03791399958152,39.3638849999035],[-123.0486130001924,39.36408399976106],[-123.04751299965227,39.37858400009965],[-123.05711300044624,39.37868399993325],[-123.05631400020496,39.40758299993674],[-123.07511399996321,39.407682999860306],[-123.07491499977158,39.43658200021502],[-123.07011500027292,39.43648200011814],[-123.07311499962272,39.45268199987124],[-123.06301500013487,39.452481999984855],[-123.0631809998162,39.50353899967186],[-123.04439399957846,39.50358499971395],[-123.04444999965494,39.511199999677594],[-123.02495299976273,39.511180999696975],[-123.02523599961994,39.51870899990633],[-122.93669699957813,39.51639600030833],[-122.93669599975321,39.53071299998052],[-122.89030999975265,39.5290139998625],[-122.88449699975246,39.61076099971722],[-122.89041299968481,39.62291599976227],[-122.89267599961595,39.70889799969619],[-122.9128760003883,39.7087230001219],[-122.91251599963987,39.748164999767134],[-122.93841300006142,39.748111999667536],[-122.93765400000312,39.79815600011758],[-122.94398699968698,39.803081000106886],[-122.94670599972768,39.83346899997327],[-122.96014699994552,39.8451629997528],[-122.9505219999355,39.86846999998252],[-122.95330799992337,39.87284099998944],[-122.94736400040196,39.89240899989391],[-122.95055899974544,39.906960999861475],[-122.92052399979912,39.91648699992523],[-122.92062300043162,39.92893000017729],[-122.9097869995534,39.936384999783],[-122.92682100039626,39.945070999704114],[-122.92689699966591,39.97127500018434],[-122.93401299969749,39.97813099972069],[-123.54456299966307,39.97701500001881],[-123.54445800008108,40.00192300029227],[-124.1348890003635,40.00247000024827],[-124.11521400019602,39.98240000011348],[-124.07859600032062,39.97226299984199],[-124.03535500033311,39.93107299991939],[-124.00545400028109,39.889285999671344],[-123.98294600027009,39.876778000225194],[-123.97347699989568,39.85356200015559],[-123.95360000006184,39.82699100010782],[-123.91052899995367,39.79957499971802],[-123.9009700000659,39.78046600007214],[-123.9040179999946,39.75708300018579],[-123.89321600034985,39.704783999750035],[-123.88030599968639,39.68908600024236],[-123.85718299955712,39.67469299966438],[-123.85191899955298,39.64276299971893],[-123.85251600012786,39.592371000197254],[-123.83464899960686,39.54919400031956],[-123.85264800037231,39.51484900019632],[-123.86782600009151,39.50830499972422],[-123.87512600024611,39.494178999808696],[-123.87438399990624,39.48256199974544],[-123.88889499962868,39.443939000005734],[-123.89044600025552,39.39009799967778],[-123.89680900007659,39.37489300021478],[-123.8949360001328,39.348348999702345],[-123.8930849999303,39.337494000216175],[-123.88101700006408,39.319346000225806],[-123.88018299966275,39.30419800030694],[-123.86340999983408,39.254763000197585],[-123.85009199963991,39.231396000303924],[-123.84077100030184,39.18733499981893],[-123.80920999984302,39.14104300009443],[-123.80745700044812,39.127231000316925],[-123.76196500022508,39.04109100023936],[-123.76314799970756,39.008690000219175],[-123.77660900001685,39.005017999897674],[-123.79721700031988,38.989862999940186],[-123.80986000012136,38.961219000102936],[-123.806505000046,38.94045700026217],[-123.78467599972734,38.89372799997774],[-123.73792099965583,38.85744099977493],[-123.70651400008114,38.81772400025373],[-123.66003600001906,38.784257999859136],[-123.63249699963237,38.758118999870796],[-123.533222999893,38.76843999969854],[-123.52019699977689,38.75858899975331],[-123.51634299993424,38.76778400026289],[-123.50988100037895,38.767387999917545],[-123.4970419998606,38.77860399996169],[-123.36823600014013,38.777065999747364],[-123.36839400032385,38.806639999720794],[-123.23896400026433,38.808556999942134]]]},"properties":{"GEOID":"06045","NAME":"Mendocino County","STATE":"06","wildfire_risk_score":97.805,"wildfire_eal_total":8231363.69,"risk_band":"Moderate","source":"FEMA National Risk Index v1.20 (December 2025)"}},{"type":"Feature","geometry":{"type":"Polygon","coordinates":[[[-121.48785899959559,38.99063700004683],[-121.45631499975356,38.998189999813874],[-121.44382599993786,38.99332499999918],[-121.41477900037869,38.996452000245185],[-121.36564300037526,39.03174300029866],[-121.35386500003895,39.031302999786426],[-121.30916399966122,39.05255900021175],[-121.2937159996053,39.044323000211136],[-121.29021300029025,39.03686999995241],[-121.27953299994596,39.03461799984381],[-121.27952999957287,39.230537000018586],[-121.26878700037773,39.24024999992205],[-121.2693010002136,39.2521230002183],[-121.25918199956087,39.25642100032347],[-121.26613199991108,39.27271700028274],[-121.24257100011394,39.28349500005637],[-121.21837799958179,39.28418299970181],[-121.21489100016024,39.29288100012087],[-121.20014600008614,39.30237499984177],[-121.2063520004467,39.31646899987814],[-121.19561900039892,39.329582000226566],[-121.18452800015089,39.330845000001254],[-121.1779820000317,39.33870200029956],[-121.165020000388,39.3386380003265],[-121.16251899990716,39.33261599987465],[-121.15753299973734,39.332467000001365],[-121.15476600001604,39.348604999799655],[-121.14379899961655,39.349655000242585],[-121.14513500015826,39.35578200022785],[-121.13684699961652,39.36807399982902],[-121.1271360002911,39.3725680003172],[-121.12788799977837,39.380044000112385],[-121.10155500023706,39.381021000001375],[-121.09636700040086,39.38769399999015],[-121.08689700020153,39.38638600014184],[-121.08400200043373,39.39462399971533],[-121.06309100018201,39.39094800031219],[-121.04979499972912,39.39544499970102],[-121.04188000035462,39.38815600000119],[-121.03457699982698,39.3955249996904],[-121.02563700025541,39.38940500009647],[-121.02208499963824,39.3915579997436],[-121.03440600012276,39.51450899974242],[-121.04874299976788,39.51701999979213],[-121.05820299992148,39.537042999848914],[-121.04831599997063,39.54826099974647],[-121.02438299972948,39.55904900023617],[-121.00947699999686,39.639459000258974],[-121.07669499970811,39.597264000322035],[-121.07954299962026,39.58526299986165],[-121.10746500032157,39.58527499968856],[-121.10696999985394,39.56719100012619],[-121.14121299964523,39.56227799983968],[-121.14088499958216,39.555549999728846],[-121.149897999847,39.555288999668825],[-121.14990700006784,39.526445999795456],[-121.15897800005898,39.52613099987257],[-121.1592960000763,39.51959500020976],[-121.18539900036217,39.51972799979513],[-121.18517300040637,39.526694999990305],[-121.2100220001663,39.527219999654115],[-121.24048300008498,39.52661299987448],[-121.24024200006056,39.513091000208874],[-121.27707699967095,39.51281199968621],[-121.27678899979085,39.5202709997948],[-121.3051220003959,39.519585000006565],[-121.3054250003446,39.49781600023886],[-121.31019999972892,39.49776100023082],[-121.31016399974392,39.48683100004301],[-121.31498000003444,39.486961000073364],[-121.31478699969058,39.475899000080965],[-121.3240669999191,39.4757130001724],[-121.32414100043727,39.468608000246164],[-121.33826399982216,39.46503099971036],[-121.3384200003561,39.45438099978965],[-121.34513899982932,39.45256700014551],[-121.34533800002093,39.438923000075526],[-121.3340710000458,39.425802000293324],[-121.36306699955134,39.40417699986635],[-121.35996199972124,39.39903699974592],[-121.37257299973565,39.37357900024092],[-121.37242100029802,39.364911999903725],[-121.40321799977734,39.34956700007419],[-121.40724400004746,39.33987400017063],[-121.42625800006591,39.334972999707624],[-121.43481299967301,39.337481999974884],[-121.44701399960864,39.33056799975731],[-121.457577999602,39.33551099978577],[-121.46358800014399,39.33085699999203],[-121.47455100034549,39.3335240000082],[-121.48408699976873,39.32612500003894],[-121.48412699995168,39.31799400021017],[-121.49531699993395,39.31904100023477],[-121.4977699998359,39.31419500020111],[-121.53054499973933,39.318255999963874],[-121.56369999958436,39.304938000228475],[-121.57569300000578,39.31083700004122],[-121.59418300014264,39.30783500006807],[-121.60225400005106,39.31142899991015],[-121.60419599959187,39.318019999868866],[-121.61185499977164,39.31898199990524],[-121.62073800034013,39.30325200025155],[-121.61821699976781,39.301033999928364],[-121.63165399978766,39.29153300015514],[-121.62193800043937,39.27357099997872],[-121.63247499977024,39.27066599992687],[-121.6214120000096,39.26370700027391],[-121.62720300026847,39.25936500013878],[-121.63564400007273,39.26200200026285],[-121.63636799997091,39.24607600000772],[-121.62772299995213,39.23550600001035],[-121.62771200008147,39.22860000027654],[-121.61435600025247,39.22889099969116],[-121.61812300005649,39.220645999788815],[-121.61362999980615,39.213860000145544],[-121.62028399988039,39.21348699989372],[-121.62112099975644,39.20615199990488],[-121.62908899973273,39.20467799975733],[-121.62369599985713,39.19573699990148],[-121.61303700032754,39.19047899987281],[-121.61845199994445,39.18306899975803],[-121.61115900036087,39.17570600022694],[-121.61561400007807,39.16782400017275],[-121.6055070000192,39.148458999671924],[-121.60757499995667,39.140895000209625],[-121.59767600031026,39.12779200019773],[-121.6046149998915,39.11385000014722],[-121.6026780003736,39.10015800032052],[-121.58729200024194,39.101718000319174],[-121.58610800003626,39.08911599969454],[-121.61025700018746,39.05680900034742],[-121.60563400024078,39.03262799982059],[-121.59434899982399,39.02330100002535],[-121.60003600032577,39.01210600009872],[-121.57909499993683,39.00669200002357],[-121.58939899963919,38.990344000022404],[-121.57796099995981,38.9467709997353],[-121.58218300004847,38.93565000018054],[-121.57892000003463,38.92169000010432],[-121.57541500017145,38.91834799984317],[-121.57129699983986,38.93891800034595],[-121.56147000016345,38.9534369998579],[-121.55351800008071,38.953755000335406],[-121.54330600043987,38.97240400018277],[-121.52465300009644,38.971473000241325],[-121.48785899959559,38.99063700004683]]]},"properties":{"GEOID":"06115","NAME":"Yuba County","STATE":"06","wildfire_risk_score":96.819,"wildfire_eal_total":7115778.45,"risk_band":"Moderate","source":"FEMA National Risk Index v1.20 (December 2025)"}},{"type":"Feature","geometry":{"type":"Polygon","coordinates":[[[-120.39534500017521,37.672255999950224],[-120.37530000011189,37.65301899990454],[-120.38767000010192,37.633363999884125],[-120.31879000033403,37.520809999849675],[-120.31149299965415,37.49722799994483],[-120.29909199970204,37.48883699965053],[-120.30022300020431,37.484289999685544],[-120.27957899991627,37.457946999754995],[-120.27509599971168,37.44071300018437],[-120.28405000042528,37.43251799993049],[-120.28339799959882,37.424363000326494],[-120.24701099970206,37.38021599999664],[-120.20353100023829,37.31332100006059],[-120.18770900008852,37.30107199977976],[-120.18272399974363,37.29140500018882],[-120.18663700003582,37.2802800000916],[-120.17849300033245,37.2624199997498],[-120.14382600021864,37.23919200015853],[-120.09007800013919,37.22146999972688],[-120.06221400006253,37.19798400024351],[-120.05205500012511,37.18310800033845],[-119.76180900034775,37.417113999765554],[-119.65119099974203,37.417832000087515],[-119.65117200037376,37.46135099969501],[-119.6154950001315,37.46152200033531],[-119.61514799980188,37.49468100008419],[-119.58421999990297,37.494696000244446],[-119.58358499969326,37.56033500034275],[-119.30728399992387,37.78282800028561],[-119.31118399979727,37.79352800011533],[-119.32178499960054,37.794026999777394],[-119.35498700019954,37.811826000156834],[-119.3513869999018,37.825525999697774],[-119.37260199992714,37.83288299975505],[-119.37551099993867,37.84087299966632],[-119.40268899975202,37.83522499994178],[-119.40729099978228,37.85492399977883],[-119.42199099965057,37.85772399973376],[-119.42679199987246,37.86672399969263],[-119.44269199984001,37.85982399994065],[-119.44199300005617,37.867522999961324],[-119.45419399999177,37.870722999685604],[-119.47029499980079,37.863022999987955],[-119.4742950001316,37.855622999910196],[-119.4840950000438,37.86442300020796],[-119.50379699997544,37.86862200024103],[-119.51529699957909,37.884421999862425],[-119.52979800015405,37.89112200006344],[-119.53569900001777,37.90412199968191],[-119.55860000038918,37.90312200004095],[-119.58640099981837,37.89012200031927],[-119.58486400033354,37.87492200021724],[-119.59936300036038,37.85991200010757],[-119.62498899972196,37.84771399977431],[-119.64860300012087,37.84502299973809],[-119.65770300042432,37.8341230001021],[-119.65090299986196,37.82082299993794],[-119.65390300011005,37.81042299995554],[-119.66720299986257,37.80122399971636],[-119.68970400020086,37.80022400031914],[-119.69960500039541,37.789123999737],[-119.70980500034068,37.79352399999487],[-119.73390599991303,37.78792400020914],[-119.7460070002895,37.78292399997388],[-119.7510069998047,37.77332399974797],[-119.76900599967189,37.771128999883246],[-119.78110799987327,37.763424999875056],[-119.79150899966,37.764625000158155],[-119.80523899958281,37.760120999934145],[-119.80780899966064,37.75502500035185],[-119.83790899990427,37.77022599972533],[-119.85201100027108,37.757725999852326],[-119.8682119996392,37.773225000346244],[-119.87551199979379,37.7725260000025],[-119.87271300028542,37.767525999903356],[-119.87601200028429,37.76382599966493],[-119.90121300039677,37.757826000097744],[-119.92911400028335,37.76482600021041],[-119.93841399970505,37.763025999862],[-119.96491500037418,37.782826000290775],[-120.02500799983302,37.811317999676056],[-120.03630300029556,37.807853999825575],[-120.05458400019505,37.81260999995158],[-120.05828200040206,37.82475800022976],[-120.06515300021127,37.822896000291145],[-120.07950800029805,37.82880800025988],[-120.09046300010364,37.822087999792465],[-120.09027899998065,37.81074700017859],[-120.12722599974403,37.78156599988918],[-120.16181199966701,37.787405999959695],[-120.17423000023588,37.79937300027983],[-120.18259700042036,37.79524500005212],[-120.18057899981326,37.78840800020063],[-120.18868700042997,37.78022200016254],[-120.18352899983266,37.77494600025164],[-120.18908099971694,37.767851999777776],[-120.19771999988794,37.769552999779584],[-120.20107300031347,37.76316400012068],[-120.21596900000037,37.76527400026195],[-120.22675399992663,37.760336000116176],[-120.23823199978897,37.76526400004311],[-120.23968700015634,37.753490000323154],[-120.25718100040844,37.74780400001149],[-120.26173800023284,37.74073999967304],[-120.26013999975035,37.73371600026383],[-120.2824119997598,37.74537900021835],[-120.28649400010639,37.729448999812696],[-120.30768700039043,37.73560800001509],[-120.32121300009874,37.72604299989395],[-120.3323339995857,37.72959199985118],[-120.34448000016803,37.726252999710724],[-120.33809300005751,37.70910999973554],[-120.30640699992526,37.66575899969815],[-120.31231299981182,37.662946999772025],[-120.31257200027791,37.65366800021758],[-120.32772400005781,37.6496250002266],[-120.34839699975987,37.671657000352035],[-120.35541700043028,37.67550000014746],[-120.36246399996655,37.672819000315165],[-120.3667310002611,37.68089799971879],[-120.39193099965031,37.683559000052114],[-120.39534500017521,37.672255999950224]]]},"properties":{"GEOID":"06043","NAME":"Mariposa County","STATE":"06","wildfire_risk_score":99.014,"wildfire_eal_total":15432115.95,"risk_band":"High","source":"FEMA National Risk Index v1.20 (December 2025)"}},{"type":"Feature","geometry":{"type":"Polygon","coordinates":[[[-122.41587999990584,38.76820500001649],[-122.40299199988198,38.773127999682586],[-122.40925299959578,38.77626399983303],[-122.40794600026473,38.784515000120074],[-122.41270800012859,38.7860340000403],[-122.40440899971621,38.79863000008367],[-122.39749199987624,38.804948000065025],[-122.37973900005639,38.802153999693836],[-122.37362300010753,38.81673299970972],[-122.3753689998297,38.82645300000938],[-122.40379699997101,38.855841999838574],[-122.39119799965215,38.868713000249166],[-122.40566400006705,38.879866000280586],[-122.4219039997932,38.90376999998508],[-122.40403200014767,38.925288999650924],[-122.34017199998648,38.92424599994087],[-122.40911799987659,38.96279299982706],[-122.40702200035004,38.971417000132924],[-122.41668599981979,38.97804100021088],[-122.41931000032427,38.98917699968233],[-122.40861699956118,39.006985000071936],[-122.41150700020442,39.01908699966447],[-122.43728999992484,39.02135699965435],[-122.46697699971662,39.0425980001269],[-122.46576300027198,39.04841199989585],[-122.49202300001839,39.05350300033319],[-122.49082399974404,39.064838000189546],[-122.48387900031501,39.06695499969088],[-122.49047899996255,39.07434900027267],[-122.48603599994092,39.08557600019226],[-122.4964610000171,39.10781299988759],[-122.49420499975865,39.1150760002034],[-122.5009090000616,39.12107500006547],[-122.49683500011093,39.14050099979992],[-122.48096899958024,39.13832800017799],[-122.47454100036018,39.14469900032175],[-122.48257399973546,39.16292699965708],[-122.47608299986786,39.17260900000734],[-122.49183899989535,39.175293000138936],[-122.49853800017542,39.191091000177835],[-122.50840500003477,39.19032100013207],[-122.51445900005938,39.19722199991129],[-122.51533100009557,39.20921499988349],[-122.5349929998442,39.21159499986132],[-122.54141799958957,39.20691500004572],[-122.57022200037284,39.20385900004284],[-122.58203599979582,39.211982000281935],[-122.61027599961612,39.21617799966007],[-122.62274600006359,39.223209999960844],[-122.63489500012062,39.223192000131874],[-122.64881400018935,39.21402000016688],[-122.66536199988708,39.21754799975001],[-122.67351099961334,39.225702000231614],[-122.67972899966945,39.224530000120836],[-122.67613299956966,39.2308279997514],[-122.69136100041588,39.24743100005955],[-122.71245400024249,39.25700999979164],[-122.72863600024233,39.27328300027381],[-122.73673300009003,39.27257700029719],[-122.75709500034574,39.284306999703404],[-122.75822599994973,39.29394699995171],[-122.7750430001593,39.31177799965706],[-122.76531000019425,39.342743000170515],[-122.75235500022325,39.346046999722645],[-122.74151900024333,39.36005199977631],[-122.74348199970049,39.36813000026689],[-122.75994999993061,39.37812999981741],[-122.77428999994879,39.37470000030791],[-122.78508999994368,39.38297499971961],[-122.73906200014343,39.38326600021583],[-122.74174799967386,39.43523000007736],[-122.73260100041307,39.4507539999593],[-122.73164599963786,39.47923700029512],[-122.73654800014212,39.508509999810855],[-122.735639000296,39.58066799965806],[-122.88535200007023,39.580107999680095],[-122.89030999975265,39.5290139998625],[-122.93669599975321,39.53071299998052],[-122.93669699957813,39.51639600030833],[-123.02523599961994,39.51870899990633],[-123.02495299976273,39.511180999696975],[-123.04444999965494,39.511199999677594],[-123.04439399957846,39.50358499971395],[-123.0631809998162,39.50353899967186],[-123.06301500013487,39.452481999984855],[-123.07311499962272,39.45268199987124],[-123.07011500027292,39.43648200011814],[-123.07491499977158,39.43658200021502],[-123.07511399996321,39.407682999860306],[-123.05631400020496,39.40758299993674],[-123.05711300044624,39.37868399993325],[-123.04751299965227,39.37858400009965],[-123.0486130001924,39.36408399976106],[-123.03791399958152,39.3638849999035],[-123.03771199991516,39.33618500019907],[-123.02872799996265,39.33658399992907],[-123.0287120000691,39.32178500021843],[-123.01971100039819,39.32178500021843],[-123.01961199976566,39.27798599979404],[-123.00451400041243,39.278186999983575],[-123.00360999969088,39.2573869999244],[-122.99448400034645,39.256756999789026],[-122.99427599993399,39.24988999978749],[-122.99483900017368,39.23592400028732],[-123.01270999999431,39.23618799998484],[-123.01250999997777,39.22098899986328],[-123.02081000021506,39.220688999810896],[-123.0243100000554,39.20708900002378],[-123.0341109997925,39.199689999798856],[-123.03481100029956,39.192391000214116],[-123.04010999956552,39.192489999825355],[-123.04581100031099,39.17349200028384],[-123.07781200008753,39.1737909999387],[-123.07811199966318,39.138740000078045],[-123.08751200044063,39.138391999901245],[-123.08501199978471,39.095293999839875],[-123.09421199964727,39.095293999839875],[-123.09301300027124,39.07199399983705],[-123.08371200012633,39.07179400015673],[-123.08381199968547,39.06449399988221],[-123.0651140000345,39.06439299975344],[-123.06521199994377,39.04999500026989],[-123.05611099981539,39.049895000031704],[-123.05621200009772,39.02109599988017],[-123.04701100041024,39.02089599980762],[-123.04681100039372,39.01379599993205],[-123.03751100007369,39.01369700032726],[-123.03731000023224,39.00649699988819],[-123.02801099973716,39.00649600026913],[-123.0280350000266,38.99659299991292],[-123.01862599992666,38.9966129999767],[-123.018579000071,38.9929559997229],[-122.98664000021873,38.99728299989486],[-122.98668299987644,38.983009000242554],[-122.97742899958719,38.98289999992778],[-122.9777120003427,38.946692999947224],[-122.96828599962602,38.94650600033859],[-122.9699190002686,38.93266300023397],[-122.96018600030358,38.93246900019976],[-122.96188799964486,38.925511000144084],[-122.94906699956815,38.92544199991409],[-122.94886499990179,38.90021999999299],[-122.91138599986081,38.901529000148216],[-122.91135499989865,38.89517099977321],[-122.8938899999589,38.89552400028764],[-122.89463300012368,38.88083200020245],[-122.87570000029604,38.880837000171475],[-122.8761060001769,38.87294900031077],[-122.85775999998012,38.873261000144915],[-122.85848700025136,38.865848999839415],[-122.83999399974145,38.86602399976998],[-122.84009900022176,38.85799300032044],[-122.82138800015198,38.85791999965903],[-122.82159200036648,38.85014000022987],[-122.8120889996569,38.838412000180995],[-122.79598899967282,38.83895200006494],[-122.79139300038864,38.83042899982008],[-122.74817699961717,38.803828000119076],[-122.7482200001732,38.787795000175535],[-122.72269299964753,38.76301299972339],[-122.72415800006061,38.75656100023084],[-122.70932099992497,38.74901999966723],[-122.71037999955892,38.732081999711255],[-122.70066800040858,38.728562000169795],[-122.69545100026006,38.7130899996861],[-122.6742339996866,38.70635400017664],[-122.64749699991422,38.70692999977001],[-122.62677200033366,38.67077999970757],[-122.46411499956075,38.70613399968176],[-122.41587999990584,38.76820500001649]]]},"properties":{"GEOID":"06033","NAME":"Lake County","STATE":"06","wildfire_risk_score":99.109,"wildfire_eal_total":20339489.93,"risk_band":"High","source":"FEMA National Risk Index v1.20 (December 2025)"}},{"type":"Feature","geometry":{"type":"Polygon","coordinates":[[[-124.31611300036779,41.72839000018186],[-124.2117060001455,41.6811929999274],[-124.20978499962281,41.63520499982892],[-124.1901129998284,41.608190000204594],[-124.18499000028953,41.56576899981441],[-124.16049299998376,41.54340899972263],[-124.15794299999742,41.518961999736405],[-124.13656099956752,41.464452000174816],[-123.77055099979431,41.464192999790114],[-123.77023899962478,41.38077599967645],[-123.66136300033992,41.38208999978086],[-123.6554699999738,41.38842999973345],[-123.65600499972608,41.395307000334775],[-123.64164799998949,41.40018799986609],[-123.63891300005524,41.407365999855145],[-123.64855999980654,41.42082300023097],[-123.62200899980702,41.4326350000877],[-123.61239499966767,41.448953999915325],[-123.61592200017047,41.45296099968893],[-123.61162700028687,41.46157099987197],[-123.62662199970794,41.466793999999055],[-123.6377709996823,41.48238199976717],[-123.63446300036094,41.48607500026865],[-123.64613200001897,41.51242000028752],[-123.64261999958477,41.52269900007171],[-123.64804599997066,41.535024000075246],[-123.67003400029797,41.54408600006038],[-123.68254300020516,41.54305100006643],[-123.69388700017319,41.55185799970779],[-123.68153399990163,41.57177199998576],[-123.68909500017213,41.58206799969461],[-123.68134499975575,41.58674099967335],[-123.68231999972409,41.59487499986246],[-123.69758700003004,41.590943999820745],[-123.69886599977197,41.59571799992704],[-123.71567499958564,41.59131200004886],[-123.71908900011056,41.59525799997674],[-123.71610599958089,41.60654700015544],[-123.69746700037942,41.62674300018935],[-123.69663999965078,41.63386299974346],[-123.68044400030556,41.633956999849985],[-123.68844499989379,41.652725999730905],[-123.68526499972062,41.66004800002047],[-123.68958300006875,41.66943399978764],[-123.66284299992333,41.69346799999525],[-123.67007500030584,41.70172600028215],[-123.66020500007347,41.714055000155525],[-123.66610799958701,41.73215599998999],[-123.67830400039806,41.7385430002133],[-123.68834000031178,41.781221000046926],[-123.67460199999304,41.78562599971895],[-123.67210999973305,41.795989999997744],[-123.68995700016256,41.80315999979165],[-123.6943750000698,41.815644999757914],[-123.7030419998299,41.81974899972537],[-123.70376800027623,41.82911699988142],[-123.682913000101,41.83713600018546],[-123.67077999993745,41.83543199984685],[-123.6713389999792,41.844984999754836],[-123.66153400004414,41.85647299973575],[-123.64947600022366,41.86031999981836],[-123.65139500019822,41.872909000163986],[-123.646500000265,41.87664800016951],[-123.65231300026515,41.87892199968322],[-123.64219100013769,41.88974200013375],[-123.62446300043219,41.888431000201834],[-123.6170500002997,41.881806999806074],[-123.60630100035843,41.88077299984851],[-123.59360999997804,41.90625199979278],[-123.5779629997305,41.90298400015542],[-123.5594919998602,41.90596799980886],[-123.55356900025522,41.91465500006404],[-123.55438900041285,41.9300520001376],[-123.53325100038042,41.95516900024532],[-123.54093399995132,41.98531299995529],[-123.5198539996452,41.995163999815354],[-123.51791100027951,42.00075600029315],[-123.62402200039122,41.9997699998165],[-123.65721200039636,41.99509400020231],[-124.32883499981199,41.99833400002509],[-124.30699499962269,41.99290600013404],[-124.2885780001791,41.96956399983858],[-124.28476899964399,41.956833999796274],[-124.29193900010222,41.928498000163536],[-124.27612000032553,41.90305200026192],[-124.28503099958479,41.85948699994377],[-124.31193599958665,41.85878800029417],[-124.33298400010574,41.876999999865276],[-124.3476470001641,41.88315400022782],[-124.40124200008266,41.88558800011869],[-124.41131700035447,41.88205599985165],[-124.43091999965361,41.86291199969152],[-124.44041400014237,41.83120400009388],[-124.43503299996233,41.81658099992686],[-124.39950999970588,41.77786200020018],[-124.36918799970438,41.7634119997706],[-124.3306090000216,41.733792999931026],[-124.31611300036779,41.72839000018186]]]},"properties":{"GEOID":"06015","NAME":"Del Norte County","STATE":"06","wildfire_risk_score":85.655,"wildfire_eal_total":650002.48,"risk_band":"Low","source":"FEMA National Risk Index v1.20 (December 2025)"}},{"type":"Feature","geometry":{"type":"Polygon","coordinates":[[[-120.16868900022229,36.80346099998238],[-120.15693500017544,36.79819200021676],[-120.13657200009479,36.809295999981686],[-120.09862799972342,36.81493299986172],[-120.07945800006934,36.8253450001374],[-120.07139399983362,36.81867099995543],[-120.05598000011287,36.82285499969014],[-120.04229200002284,36.81549700028463],[-120.02777499955434,36.814504999644114],[-120.01367999975852,36.828138999923205],[-119.99238899956521,36.828945999853154],[-119.98583099975046,36.840472000171594],[-119.97053900022847,36.832866000082895],[-119.94350700000498,36.83402999973142],[-119.93454700034194,36.83802299996981],[-119.92808700043649,36.848480999873956],[-119.91213200021735,36.845373000280404],[-119.90402399960068,36.85155300018514],[-119.88915499967796,36.85211399987961],[-119.88617899971929,36.859198999709584],[-119.8706190004087,36.852226999656914],[-119.85386599977323,36.85140700026732],[-119.84088800023599,36.86129699972365],[-119.83478499980761,36.8525250003486],[-119.81389799984532,36.85015200004472],[-119.81441900025223,36.86146799979909],[-119.78554599987201,36.87980799992839],[-119.78931199985111,36.89670799993649],[-119.77566499976895,36.90912500026853],[-119.77273700038918,36.91859899976554],[-119.754947999686,36.92245000002936],[-119.75026199999014,36.92828800031845],[-119.75205999959086,36.93590300000629],[-119.73376699999584,36.94644100007586],[-119.73666599996163,36.953596999717185],[-119.74325399991359,36.95463099982557],[-119.74049999971278,36.97021199977252],[-119.69807499968495,37.008748000063136],[-119.65861100044555,37.01333000034202],[-119.65937700017649,37.03893799980144],[-119.64945599989048,37.04349700023461],[-119.63934899983161,37.043287000339504],[-119.62903300043371,37.03461900028271],[-119.63537100014042,37.02154499976392],[-119.62111599961273,37.026604999757254],[-119.61036099982368,37.045667999997555],[-119.61360200009621,37.05197499980453],[-119.60490799967363,37.071015999653],[-119.56143200040778,37.065485000154695],[-119.55900200007207,37.088058000294716],[-119.54156100042175,37.09595499980241],[-119.53759200005307,37.10506700023618],[-119.54875400044622,37.11675599979145],[-119.56856599998272,37.116688999891394],[-119.56083900003087,37.14290100021279],[-119.54999700020318,37.14458199978275],[-119.52497500019085,37.128233999712414],[-119.51747199964667,37.146772000307195],[-119.50604800021102,37.15034499974427],[-119.48917599974988,37.13726500010884],[-119.49131499983245,37.1197120000344],[-119.48328099973395,37.1103059999219],[-119.47480700031767,37.10996300004762],[-119.46625199981226,37.119596000208674],[-119.46914300028041,37.125887000003736],[-119.46263399997115,37.14421100031772],[-119.43487500037479,37.1469540000811],[-119.43212500037193,37.16257100025698],[-119.41579299968592,37.163445999902265],[-119.40681200010647,37.16003099973292],[-119.39978700031149,37.14983500025007],[-119.3888480003994,37.14921500013565],[-119.37502899988982,37.15787499988829],[-119.37520999963981,37.16407600007541],[-119.36237400039276,37.16746299982773],[-119.36056500002304,37.1805389998935],[-119.34310699975599,37.18907400009095],[-119.33008099963988,37.20742899973798],[-119.33073900031414,37.2152130001652],[-119.33778800039855,37.21915999964852],[-119.32217799996093,37.2534100002166],[-119.32640199969943,37.26985799966956],[-119.33230900030925,37.274438999839994],[-119.32693599962681,37.291904000205044],[-119.33542300036017,37.3112100000901],[-119.31575200039065,37.32477499990943],[-119.3257740000607,37.33541699974302],[-119.31222599971277,37.33970600035356],[-119.31542000012962,37.346133000350584],[-119.3121860004281,37.35272500029284],[-119.02236300025005,37.58573699984817],[-119.034364999994,37.603536000044556],[-119.03256499984516,37.63053499995208],[-119.0546179995715,37.64513499998728],[-119.05433100041462,37.651184000330325],[-119.06139999969221,37.65783400003792],[-119.0651659996713,37.68455599995578],[-119.09312600000747,37.70362700014206],[-119.1096939997967,37.72473499995338],[-119.12755299992178,37.734681999973],[-119.14959300012761,37.73289500001148],[-119.1690709997533,37.73835900009334],[-119.17710300020197,37.73477599977043],[-119.18373899983455,37.73950400015774],[-119.19849099958137,37.73665700005126],[-119.21633299998798,37.71412299980988],[-119.22999199976572,37.71740599997848],[-119.243044999646,37.72854699998256],[-119.25097800036048,37.730160000089484],[-119.2578779995837,37.72463100017269],[-119.26937999973548,37.7396299996633],[-119.28838100023347,37.74503000006441],[-119.2933819995736,37.767928999869405],[-119.30899500038429,37.777985999816],[-119.58358499969326,37.56033500034275],[-119.58421999990297,37.494696000244446],[-119.61514799980188,37.49468100008419],[-119.6154950001315,37.46152200033531],[-119.65117200037376,37.46135099969501],[-119.65119099974203,37.417832000087515],[-119.76180900034775,37.417113999765554],[-120.05726200022788,37.180645000014444],[-120.11508799955762,37.1656560000114],[-120.16457599991355,37.162697999689264],[-120.17412899995355,37.16592900005047],[-120.18759399956251,37.16025199982173],[-120.22296500038134,37.16396900025257],[-120.24388099975762,37.15701099992856],[-120.28987199974797,37.1526150000043],[-120.3037570003798,37.14109300009933],[-120.32454399988465,37.136381999712285],[-120.34120399973537,37.12459599984985],[-120.36345599965334,37.11970399973099],[-120.38488599976385,37.12458899994658],[-120.40677700000678,37.11085399973248],[-120.46977900037548,37.09433600035341],[-120.47669200001747,37.09639000004823],[-120.54169600020138,37.04450500024867],[-120.53780100035087,37.03421900029762],[-120.54526499963868,37.02693599985505],[-120.53693000013959,37.019343000278866],[-120.53071299990837,37.020183999996384],[-120.53042099983033,37.012875000089444],[-120.51379100011683,37.010961999656324],[-120.50816700026252,37.00029000008757],[-120.5029839995509,37.00062899998871],[-120.49951899987069,36.98196599974703],[-120.48413899958685,36.97239900024345],[-120.48894700037975,36.96569200024381],[-120.47799900024685,36.95466900015363],[-120.47561999996472,36.93999199976567],[-120.46801100001368,36.937471999691994],[-120.45706299988075,36.92356600008929],[-120.46220600040941,36.91717199991671],[-120.45040299995875,36.91282700013424],[-120.45557900009939,36.905449999732184],[-120.46378200025231,36.90535599990919],[-120.4609669999521,36.9023400002267],[-120.46675200036319,36.892193000074926],[-120.4536659999726,36.88079000004066],[-120.45937400039081,36.87532000011411],[-120.45030400022453,36.87122300027262],[-120.45578900016164,36.862374000068506],[-120.43949099981089,36.855707999879236],[-120.44050400031237,36.850201000335694],[-120.43352100035018,36.85052300002859],[-120.42626999970105,36.83990200026703],[-120.41709499995285,36.8356260002834],[-120.40990799977615,36.83981099966576],[-120.4007099995634,36.82240999969534],[-120.38755799994891,36.823883000245914],[-120.37909799987803,36.81716599984522],[-120.3770530004051,36.808771999713905],[-120.36922599999583,36.810068999968784],[-120.37437600019716,36.80109200028047],[-120.36974099965664,36.795635000312295],[-120.37071499980006,36.78520399974105],[-120.34512399970026,36.78504900023245],[-120.35095000011921,36.795435999727715],[-120.34766399964084,36.79816199999202],[-120.34407099991411,36.79138500015268],[-120.33438700035288,36.79146999964649],[-120.33461400013358,36.78288399969024],[-120.32421599982158,36.786304000033915],[-120.32172199991177,36.77769699984016],[-120.31258300014858,36.782024000205816],[-120.3003570000986,36.777633000069414],[-120.30605799994576,36.77026499992861],[-120.29317099974682,36.772233000007375],[-120.28981200037184,36.76305799999035],[-120.28550400006944,36.77350399965415],[-120.28135899997365,36.7666239998308],[-120.27334599979153,36.774236999808565],[-120.2559689997153,36.769610999943325],[-120.24884799966088,36.775120999957096],[-120.22992200040426,36.76905500033078],[-120.2332630002359,36.781056999816464],[-120.20707600028443,36.79090499997157],[-120.20221800016114,36.79000500033916],[-120.19968300024343,36.78073599997498],[-120.18882999964676,36.77640800013858],[-120.17318300029751,36.80246100028851],[-120.16868900022229,36.80346099998238]]]},"properties":{"GEOID":"06039","NAME":"Madera County","STATE":"06","wildfire_risk_score":99.364,"wildfire_eal_total":22965255.51,"risk_band":"High","source":"FEMA National Risk Index v1.20 (December 2025)"}},{"type":"Feature","geometry":{"type":"Polygon","coordinates":[[[-122.5867879996139,37.58998099985341],[-122.5864539997031,37.561913000140464],[-122.5795629998024,37.545874999917615],[-122.57095799996657,37.48447200027662],[-122.53733799979112,37.45073800034706],[-122.50988899981614,37.44155399987351],[-122.5035429997135,37.41190199974254],[-122.46700500020401,37.34988899987494],[-122.48404599982129,37.24994399978459],[-122.48170300042251,37.22914700012872],[-122.47223499987301,37.212214000289045],[-122.46411700010889,37.17784800005527],[-122.44563199999493,37.15003700007646],[-122.42134700029958,37.13507700025485],[-122.41336199970655,37.12179100016369],[-122.3969160001161,37.10988799996002],[-122.39312699967245,37.087164000065016],[-122.3760860000552,37.065647999997225],[-122.34820799973483,37.05567199985306],[-122.3138989998213,37.05476400006672],[-122.28938200032235,37.1134720001216],[-122.31178200037833,37.14754500011143],[-122.31768200041715,37.18694499976215],[-122.24265999986281,37.190034999946576],[-122.24257299982418,37.215134000236894],[-122.15277400030698,37.2154440002055],[-122.15269999978881,37.28864000033938],[-122.16683800014063,37.2952369997871],[-122.16207000042901,37.30423300017424],[-122.17081199963387,37.31198199976295],[-122.18231999963344,37.30952800015801],[-122.19306199990201,37.31827700012601],[-122.18303799968383,37.327314000251775],[-122.17507499973041,37.32574099992271],[-122.20246699980402,37.360272000308306],[-122.2007060000132,37.37196400025364],[-122.19050500024301,37.385253000273984],[-122.19453999983563,37.40793399978429],[-122.18715900038848,37.41633500010097],[-122.19052600015941,37.431285999731664],[-122.16516400038846,37.45298100029237],[-122.14440700012251,37.45826999981075],[-122.12412500023272,37.45279999984403],[-122.12391900036842,37.46114499993459],[-122.11769299991639,37.46523800030584],[-122.09657400015051,37.46613799993462],[-122.09676199957318,37.461904999821115],[-122.08147300042423,37.47783800006457],[-122.10957400032737,37.49763699978767],[-122.28178000004398,37.708229999648104],[-122.57518900027607,37.70672099977438],[-122.567496999586,37.63918500015351],[-122.5867879996139,37.58998099985341]]]},"properties":{"GEOID":"06081","NAME":"San Mateo County","STATE":"06","wildfire_risk_score":92.017,"wildfire_eal_total":2224911.38,"risk_band":"Low","source":"FEMA National Risk Index v1.20 (December 2025)"}},{"type":"Feature","geometry":{"type":"Polygon","coordinates":[[[-119.53626800010528,36.06527099981453],[-119.53638000025826,36.13789300011536],[-119.52914100020303,36.1379139998409],[-119.52935799993801,36.269850000062966],[-119.47460700030113,36.26902499984514],[-119.47489199980818,36.400953000350334],[-119.52879200022358,36.401465000310324],[-119.5271939997411,36.488885999928286],[-119.57319399995224,36.48883500030813],[-119.66675099995095,36.418753999699376],[-119.67158300013499,36.4310689997418],[-119.69358200033297,36.42446099995142],[-119.70570299990264,36.42699699971337],[-119.71401499983548,36.41887400028432],[-119.74629900036757,36.41679400004239],[-119.75311400010025,36.401894000238194],[-119.95922700004749,36.4009750002711],[-119.95891599970287,36.1814139998364],[-120.31506799983755,35.90718600032678],[-120.27693400039371,35.906462999696],[-120.24327499986018,35.87766900004239],[-120.24521399992626,35.87311899989172],[-120.24024600019808,35.865927999750134],[-120.25625599977047,35.85542399966432],[-120.25930200004935,35.84505300028033],[-120.244534000409,35.82398800008575],[-120.21990599968366,35.81891500009978],[-120.21397899988068,35.78927599975729],[-119.53812000013268,35.789898000007135],[-119.53626800010528,36.06527099981453]]]},"properties":{"GEOID":"06031","NAME":"Kings County","STATE":"06","wildfire_risk_score":77.099,"wildfire_eal_total":244537.68,"risk_band":"Low","source":"FEMA National Risk Index v1.20 (December 2025)"}},{"type":"Feature","geometry":{"type":"Polygon","coordinates":[[[-116.75729599982466,32.56550699967809],[-116.10617700005669,32.61844100007823],[-116.10333800036533,33.07483199993631],[-116.08120400044815,33.074864000125885],[-116.08489300043435,33.42631699967565],[-117.03087599990351,33.4268689996725],[-117.0308540001622,33.42990000014571],[-117.13877700011835,33.432593999657755],[-117.24135200040473,33.431929000005105],[-117.24146700003247,33.448824999870915],[-117.37079699963454,33.49066199964038],[-117.3642739999799,33.50490000007071],[-117.5098159997191,33.50517699980589],[-117.509499000425,33.470268000357436],[-117.5381740004385,33.45487600010521],[-117.57851300008716,33.45380599987211],[-117.61108100030137,33.33399199965253],[-117.57153099994989,33.31230200034596],[-117.54960100024721,33.29441799992361],[-117.43556300016711,33.17751200013599],[-117.37587200039114,33.075217000339464],[-117.32327900020512,32.90306400014598],[-117.33966000039658,32.85916700030974],[-117.34200000032062,32.84035400012088],[-117.33029999980214,32.804816999637865],[-117.32093900028109,32.689846999792906],[-117.30923899976257,32.656401000256416],[-117.27691599977076,32.623473999969356],[-117.25199400021587,32.61486000006597],[-117.22330199958564,32.62123800035839],[-117.21411199976879,32.59478099979084],[-117.2050509998234,32.52950800017594],[-116.75729599982466,32.56550699967809]]]},"properties":{"GEOID":"06073","NAME":"San Diego County","STATE":"06","wildfire_risk_score":100.0,"wildfire_eal_total":430155987.14,"risk_band":"High","source":"FEMA National Risk Index v1.20 (December 2025)"}},{"type":"Feature","geometry":{"type":"Polygon","coordinates":[[[-118.881681000284,34.81784800020276],[-118.88331700040133,34.80937299974308],[-118.87211999984807,34.80317099986356],[-118.85411400030826,34.80327900026784],[-118.85400899982793,34.81775799968413],[-117.63215099966344,34.822271000098105],[-117.63372700040463,35.434539999911046],[-117.62968600006594,35.46615899972128],[-117.63434599982251,35.651571000188966],[-117.61651799965959,35.651610999971574],[-117.61651799965959,35.68068700013364],[-117.65218400003118,35.680770999817526],[-117.65213600035061,35.70985800015096],[-117.63431499986038,35.70983000002177],[-117.63429099957094,35.7976580000841],[-117.92440599982703,35.79835900018147],[-117.92300300023652,35.78668600026327],[-117.93838900036816,35.78657900033019],[-118.05892499998856,35.79147400035013],[-118.46715800012322,35.79245000013033],[-120.19436900001054,35.78936300011904],[-120.19398800024403,35.61438900002197],[-120.08617999991561,35.614397000342954],[-120.08676599972154,35.52643200032533],[-120.06877699990014,35.52655700009066],[-120.06900700005389,35.51293800023723],[-120.05101599968434,35.513065999982004],[-120.0509269999959,35.49824800024186],[-120.03301699981719,35.498293999846766],[-120.03286700002937,35.48349699964126],[-120.01430499992252,35.483396000112876],[-120.01511300038459,35.46883799980424],[-119.99744900025317,35.468708000311395],[-119.99315000017162,35.43946999981204],[-119.88004500022708,35.43913299987132],[-119.8803559996734,35.35112399994109],[-119.80920999960132,35.35093999971503],[-119.80940700014312,35.26369299999105],[-119.6665850002696,35.262634999962735],[-119.6673040001449,35.174982000196934],[-119.55381900025874,35.18012300034562],[-119.56175200007493,35.08783099965939],[-119.49038000004704,35.09164599970978],[-119.49053900005573,35.076678999647605],[-119.47255199988413,35.076668999911156],[-119.47249400015782,34.901377999951656],[-119.38370499987076,34.90081700022271],[-119.38185399966827,34.8739899998072],[-119.27643499966769,34.8724809996502],[-119.27724499977958,34.85728400004896],[-119.24258100003884,34.85759800030991],[-119.24253400018316,34.81432300031211],[-118.97792600036128,34.81171399974278],[-118.97802199972242,34.789808999857996],[-118.88040500001678,34.7886550001579],[-118.89463399970687,34.81797199965825],[-118.881681000284,34.81784800020276]]]},"properties":{"GEOID":"06029","NAME":"Kern County","STATE":"06","wildfire_risk_score":99.746,"wildfire_eal_total":38483037.47,"risk_band":"High","source":"FEMA National Risk Index v1.20 (December 2025)"}},{"type":"Feature","geometry":{"type":"Polygon","coordinates":[[[-120.00644599972617,39.28082800010353],[-120.00632299970253,39.31649600019226],[-120.6457949995538,39.315154999798985],[-120.65606399999436,39.30816000024512],[-120.67143300040759,39.31037100010374],[-120.69153700002212,39.30410000004252],[-120.71070300037658,39.29225699977722],[-120.72789299995672,39.28808100018972],[-120.80402799967335,39.233331000336975],[-120.85171300040568,39.21203300015671],[-120.86884899955916,39.18073700030286],[-120.90471699959713,39.17295099993387],[-120.90854899969848,39.163751000212294],[-120.9245030000927,39.16084900013719],[-120.92336800029075,39.15723100005937],[-120.93158399996416,39.155925999671844],[-120.95006200040542,39.13644100015705],[-120.9657609996332,39.12820699968749],[-120.97931499982893,39.1104020001045],[-120.98914599970328,39.11153299988697],[-120.98845100011738,39.08556099967161],[-120.99611399959684,39.08036799979476],[-120.99177699988044,39.07581199965347],[-121.00273400023418,39.067534000132156],[-121.00818499983612,39.05216299975586],[-121.02015800016606,39.046097999754735],[-121.02172599961305,39.039182999694816],[-121.03039099972331,39.03721099982238],[-121.03106899959076,39.02794900002829],[-121.04160800036806,39.013791000258486],[-121.0686110002792,39.00516000028335],[-121.08034199986153,39.00686200020423],[-121.08950099971621,39.01443499969426],[-121.10424699961526,39.01185000019022],[-121.12319299986169,39.02443099978632],[-121.12509900031577,39.03245099982585],[-121.13797899994371,39.037911000011846],[-121.15248600036645,39.02678799974816],[-121.1726240003162,39.01852799999807],[-121.1793849996222,39.01995100004837],[-121.18737000021525,39.012508000309836],[-121.19887499984176,39.017549000121875],[-121.20591499970537,39.01185099973357],[-121.22098600019274,39.01177699998106],[-121.23293299968513,39.02466699970809],[-121.24096500013383,39.021374000074125],[-121.24967600027486,39.028922999651186],[-121.29021300029025,39.03686999995241],[-121.30599199988396,39.05294299973816],[-121.35386500003895,39.031302999786426],[-121.36564300037526,39.03174300029866],[-121.38454799971548,39.01449500009309],[-121.41478699987628,38.99841800008711],[-121.41439900043707,38.926214000151035],[-121.46935599993827,38.92599199976119],[-121.46975299959833,38.75160299975762],[-121.48443999994613,38.75135399980312],[-121.48439599956521,38.734598000215286],[-121.13450699969248,38.7120319999617],[-121.13329499989769,38.73145500008491],[-121.12834999973575,38.73357799997246],[-121.117688999658,38.75644600034071],[-121.11857900013585,38.768936999823474],[-121.1017429996597,38.78797299991543],[-121.09775699957257,38.807328000120535],[-121.10175899955323,38.81522199993278],[-121.08495700031058,38.81600999966659],[-121.08269900040231,38.82237400000537],[-121.08872099974154,38.82710100020767],[-121.08734099971723,38.83327399979499],[-121.05840799996088,38.8471290002326],[-121.06180599969395,38.859915999820686],[-121.0532629997824,38.868346999993875],[-121.06195200018212,38.88213899971833],[-121.0442870002258,38.89032999985677],[-121.05353899996692,38.89880600019869],[-121.04040599972065,38.915651000248964],[-121.03378299960859,38.91281599972172],[-121.0197670003538,38.91811500025244],[-121.00024399962399,38.917946000337544],[-120.99115599991443,38.92362800002778],[-120.99196799967615,38.92722499972264],[-120.96514899988803,38.93283200003304],[-120.95776699971765,38.93910800002093],[-120.9385700002994,38.93556499988474],[-120.94056500044192,38.960978000245504],[-120.93621000028386,38.963927000318655],[-120.90195200042398,38.95311000018555],[-120.887923999677,38.95973200026362],[-120.85986299995685,38.95165299987552],[-120.85210099984486,38.95954500012948],[-120.85550699997387,38.96765399982081],[-120.84989300016531,38.97654000021991],[-120.83416300007708,38.97186599986833],[-120.8283569997496,38.98979199979344],[-120.80938600028718,39.00082600011602],[-120.80191600025326,39.00110300001739],[-120.79752799958491,38.99611399994234],[-120.76795799996901,39.009393999874625],[-120.76362899975022,39.0093459998669],[-120.76710699984922,39.0050049996908],[-120.76265200013205,39.00176299965604],[-120.76351699959724,39.00636000029135],[-120.7528320001284,39.005293999805815],[-120.74639499978913,39.01035200034219],[-120.747942000218,39.00304599974485],[-120.73604199968298,39.000600000025784],[-120.72957500010483,39.004025000039974],[-120.71628600022296,38.98667100003248],[-120.70486600008694,38.9813450002968],[-120.68564700002906,38.98964800027037],[-120.68089000018809,38.97788600027295],[-120.68366799978006,38.967531000039195],[-120.67274800013455,38.958593000304475],[-120.64245799992013,38.944404000089854],[-120.62946699996408,38.94640499998614],[-120.61134800044634,38.94264399975337],[-120.60569199990668,38.93440699984614],[-120.59438100044893,38.936103999747466],[-120.57885800004992,38.91659200012949],[-120.56425799974078,38.913644000009114],[-120.54609499984205,38.92069700020399],[-120.54493300027596,38.92703899982751],[-120.51206899978575,38.931266000026476],[-120.5026310002718,38.941093000271316],[-120.49273500010014,38.94335099967649],[-120.48603800036823,38.95896799980623],[-120.470781000108,38.965648999778686],[-120.46009599974083,38.98449399969062],[-120.45150000012583,38.98793699997874],[-120.45373799994263,38.99551299994199],[-120.44521299957444,39.01759499982568],[-120.43524000030818,39.028396999846684],[-120.32812200044108,39.02243299973444],[-120.2404100002296,39.02366800030518],[-120.2401569996113,39.03088900000046],[-120.18409799992016,39.03101399988802],[-120.1835599997948,39.038371999835014],[-120.16502799982518,39.038484999974436],[-120.16496400025108,39.045787000039134],[-120.15297599985249,39.045807000145054],[-120.15302100005833,39.0603289997811],[-120.14359799971467,39.060198000006714],[-120.14366300001203,39.06728499979445],[-120.00246100036227,39.06748900030422],[-120.00644599972617,39.28082800010353]]]},"properties":{"GEOID":"06061","NAME":"Placer County","STATE":"06","wildfire_risk_score":98.696,"wildfire_eal_total":25175654.4,"risk_band":"High","source":"FEMA National Risk Index v1.20 (December 2025)"}},{"type":"Feature","geometry":{"type":"Polygon","coordinates":[[[-120.18443299965591,39.03100800006592],[-120.2401569996113,39.03088900000046],[-120.2404100002296,39.02366800030518],[-120.32812200044108,39.02243299973444],[-120.43524000030818,39.028396999846684],[-120.44521299957444,39.01759499982568],[-120.45373799994263,38.99551299994199],[-120.45150000012583,38.98793699997874],[-120.46009599974083,38.98449399969062],[-120.470781000108,38.965648999778686],[-120.48603800036823,38.95896799980623],[-120.49273500010014,38.94335099967649],[-120.5026310002718,38.941093000271316],[-120.51206899978575,38.931266000026476],[-120.54493300027596,38.92703899982751],[-120.54609499984205,38.92069700020399],[-120.56425799974078,38.913644000009114],[-120.57885800004992,38.91659200012949],[-120.58679300041423,38.923578999786216],[-120.58748800000012,38.93159199985659],[-120.59813400000924,38.93679500003106],[-120.60582800034912,38.934456000294816],[-120.61215099998724,38.943001000305195],[-120.65416000008842,38.94822600031049],[-120.6556859997026,38.953500999655716],[-120.67274800013455,38.958593000304475],[-120.68366799978006,38.967531000039195],[-120.68089000018809,38.97788600027295],[-120.68459300041799,38.989215999943404],[-120.70486600008694,38.9813450002968],[-120.71628600022296,38.98667100003248],[-120.72957500010483,39.004025000039974],[-120.73604199968298,39.000600000025784],[-120.747942000218,39.00304599974485],[-120.74639499978913,39.01035200034219],[-120.7528320001284,39.005293999805815],[-120.76351699959724,39.00636000029135],[-120.76265200013205,39.00176299965604],[-120.76710699984922,39.0050049996908],[-120.76362899975022,39.0093459998669],[-120.76795799996901,39.009393999874625],[-120.79752799958491,38.99611399994234],[-120.80191600025326,39.00110300001739],[-120.81277499979939,38.99989899995078],[-120.8283569997496,38.98979199979344],[-120.83416300007708,38.97186599986833],[-120.84989300016531,38.97654000021991],[-120.85550699997387,38.96765399982081],[-120.85210099984486,38.95954500012948],[-120.85986299995685,38.95165299987552],[-120.887923999677,38.95973200026362],[-120.90195200042398,38.95311000018555],[-120.9372689999178,38.96368400014478],[-120.94056500044192,38.960978000245504],[-120.9385700002994,38.93556499988474],[-120.95776699971765,38.93910800002093],[-120.96514899988803,38.93283200003304],[-120.99196799967615,38.92722499972264],[-120.99115599991443,38.92362800002778],[-121.00024399962399,38.917946000337544],[-121.0409649997624,38.915049999658656],[-121.05353899996692,38.89880600019869],[-121.0442870002258,38.89032999985677],[-121.06195200018212,38.88213899971833],[-121.0532629997824,38.868346999993875],[-121.06180599969395,38.859915999820686],[-121.05799299985917,38.84784599984163],[-121.08734099971723,38.83327399979499],[-121.08872099974154,38.82710100020767],[-121.08269900040231,38.82237400000537],[-121.08495700031058,38.81600999966659],[-121.10175899955323,38.81522199993278],[-121.09775699957257,38.807328000120535],[-121.1017429996597,38.78797299991543],[-121.11857900013585,38.768936999823474],[-121.117688999658,38.75644600034071],[-121.12834999973575,38.73357799997246],[-121.13329499989769,38.73145500008491],[-121.13450699969248,38.7120319999617],[-121.14159500013497,38.71193900004882],[-121.1331550001556,38.70537400002891],[-121.1190489995908,38.71786299993136],[-121.02737899977964,38.508253000012694],[-121.01137199968198,38.5124650000381],[-121.00737100042456,38.519197000323395],[-120.99478499962616,38.51364600025494],[-120.97466299956996,38.51590499977588],[-120.96989599968325,38.52100399991374],[-120.94673800029221,38.523165999698726],[-120.94131799975413,38.52860200004188],[-120.9364449995622,38.51944099975819],[-120.92702200011685,38.51495299967915],[-120.91079499991119,38.52059599969046],[-120.90236599980243,38.531227000286115],[-120.88632500026792,38.52465200024266],[-120.88074599972116,38.529492000229375],[-120.88371699965695,38.53652499972165],[-120.87631500029345,38.54327100017472],[-120.87100000023564,38.53628999974285],[-120.86352500017885,38.53533000009361],[-120.8624089997452,38.54332900030447],[-120.85655999976001,38.54271300000101],[-120.85610600019858,38.548600000130484],[-120.84721799960722,38.5537859998971],[-120.84090599983976,38.55603600012147],[-120.83590700014948,38.55149000022242],[-120.81355399994916,38.56219299971099],[-120.81045599979177,38.557749999700924],[-120.79413300022493,38.55754499978981],[-120.7841779996037,38.55091500003368],[-120.75995900003059,38.5549309999925],[-120.73654800002126,38.54564399987731],[-120.72247599979167,38.5471649997393],[-120.70692300015378,38.53521400023763],[-120.68308899964683,38.52639399994083],[-120.6771800002855,38.51780900015572],[-120.65918300006817,38.51557000029806],[-120.62842800042164,38.503204000108816],[-120.60615700023709,38.50234900021845],[-120.5797359999339,38.50340599985783],[-120.55377999996114,38.51186299968577],[-120.50546900013822,38.51227900001118],[-120.48577600042742,38.5212670003235],[-120.45003600043594,38.52849199996498],[-120.43319599976185,38.52677399996727],[-120.35553500043105,38.54803099987568],[-120.31883100034193,38.54488099965769],[-120.30172100022939,38.54910900030516],[-120.29760799992064,38.55677100006658],[-120.27452199960133,38.55945199993394],[-120.26188999967052,38.5792039999854],[-120.23384900004181,38.58831599999007],[-120.23262399982822,38.60004399996581],[-120.22366199961701,38.604280999837414],[-120.22712600037063,38.610575000095295],[-120.2143039995707,38.629082000216364],[-120.20181899995298,38.62467500028165],[-120.19131900043202,38.631150999804845],[-120.14008399963068,38.63837400034479],[-120.13140000015213,38.649817000087616],[-120.13510400020695,38.654525999825516],[-120.13223299983026,38.66030800008752],[-120.12309400006704,38.66670400018588],[-120.11670100010873,38.679778000171005],[-120.12336900042668,38.686934000314025],[-120.12253800039838,38.69536199995044],[-120.1120089996668,38.70501600019772],[-120.07763899965389,38.708886999841305],[-120.07769300008057,38.70212600021609],[-120.08249099992943,38.70060400003113],[-120.07239200026648,38.7027669997786],[-119.96494799998615,38.775985999944375],[-119.94792699956207,38.78164200010106],[-119.93977299981294,38.79355999992258],[-119.94397599963507,38.796829000084124],[-119.94251600014312,38.8026339997023],[-119.92130699996555,38.821737000153675],[-119.92270999955609,38.829955000317334],[-119.90849299956156,38.834345999679904],[-119.90631199964619,38.85550500014909],[-119.8919089998788,38.85734399986123],[-119.87728699982831,38.87019300011178],[-119.88880300022377,38.87914599966753],[-119.87951600032258,38.887021000244324],[-119.88448800024868,38.89420600025462],[-119.87986399957879,38.89941900018604],[-119.88764300030749,38.918295000186426],[-119.89663999978048,38.92102600006346],[-119.90539899960213,38.928336999938416],[-119.90431499985381,38.933323999809986],[-120.00101400039082,38.9995739998671],[-120.00246100036227,39.06748900030422],[-120.14366300001203,39.06728499979445],[-120.14359799971467,39.060198000006714],[-120.15302100005833,39.0603289997811],[-120.15297599985249,39.045807000145054],[-120.16496400025108,39.045787000039134],[-120.16502799982518,39.038484999974436],[-120.1835599997948,39.038371999835014],[-120.18443299965591,39.03100800006592]]]},"properties":{"GEOID":"06017","NAME":"El Dorado County","STATE":"06","wildfire_risk_score":99.714,"wildfire_eal_total":55205076.22,"risk_band":"High","source":"FEMA National Risk Index v1.20 (December 2025)"}},{"type":"Feature","geometry":{"type":"Polygon","coordinates":[[[-121.64400100021145,36.89399599988267],[-121.64256500011066,36.87369999997332],[-121.62208900005211,36.84620299996296],[-121.59769800005155,36.83734999973431],[-121.50401100035653,36.757204999826435],[-121.481523000437,36.76544699987239],[-121.47436800004738,36.75667200019589],[-121.47565099998731,36.749210000161185],[-121.46236799995323,36.74385100010707],[-121.45264599985885,36.72920900011957],[-121.45307199983118,36.72119799976499],[-121.48450799971822,36.71306199995679],[-121.46902299985236,36.685433999702354],[-121.45896199982425,36.68572000017361],[-121.44433300010105,36.67314799998193],[-121.4315709995756,36.6787279998815],[-121.41553500006393,36.67305800025804],[-121.40699299997728,36.656035000122756],[-121.37833399985732,36.652861000180515],[-121.36624800044775,36.65661000030202],[-121.35009200038718,36.64835699973249],[-121.34162399992037,36.63833800032996],[-121.34208900025078,36.63135399998622],[-121.31837299974462,36.61002600007094],[-121.32735000002444,36.58588600021599],[-121.32352299994598,36.57755400025282],[-121.33392000043308,36.57440400025873],[-121.32914199977739,36.55544300032808],[-121.30794500019371,36.545567000102764],[-121.29536199976837,36.527128999972454],[-121.30718899961015,36.51681200032051],[-121.31124099981953,36.501913000167335],[-121.30823499972362,36.49939200009392],[-121.29405600026222,36.506234999860645],[-121.26895899990684,36.50196899965157],[-121.23929499968128,36.50478199967234],[-121.2281080000721,36.484598999742346],[-121.22951099966262,36.47527699978521],[-121.21508500032901,36.47320299995556],[-121.19346500024773,36.4457510002561],[-121.04079700043123,36.32396899990086],[-121.04030199996359,36.27105799998759],[-121.02744300025205,36.2752869996923],[-121.02723999986247,36.2598929997083],[-121.0188359998681,36.259656999672316],[-121.01441100028815,36.268663999937935],[-121.01175699964642,36.26453000018075],[-121.01045799981299,36.268846999906906],[-120.99241499956489,36.2699209997121],[-120.98708600016171,36.27574100012604],[-120.98579999984875,36.292937000152136],[-120.97378700023413,36.29031999969411],[-120.95343199965107,36.27470600028365],[-120.94011400035522,36.28229900018561],[-120.93310399973056,36.29976799986782],[-120.92603899975259,36.30145999988433],[-120.92555400022901,36.30807500032163],[-120.91905800033854,36.31086300033018],[-120.89901900012302,36.300754999692636],[-120.88953300003017,36.29033600013684],[-120.87413400037805,36.295228000083185],[-120.85141600030477,36.2858699999358],[-120.83686500039938,36.27205300006696],[-120.83678000001056,36.26235700034527],[-120.82598699968835,36.25445499997206],[-120.8235050003724,36.2572499996501],[-120.81077399980909,36.25170200031435],[-120.81216600042724,36.2451949997551],[-120.79910000012816,36.23552000034147],[-120.78928199977429,36.23500100023732],[-120.78127299979015,36.22244100007062],[-120.76531199972322,36.213481000171114],[-120.76129300002414,36.203387999714344],[-120.74438899977594,36.19877699997715],[-120.73179500037826,36.203958999987115],[-120.71816900021251,36.196847999825025],[-120.7061210004378,36.20373000004036],[-120.70742899959373,36.23178500001572],[-120.7176960003845,36.26001200014661],[-120.73210800037272,36.27546500015784],[-120.74311400023194,36.29805899992921],[-120.75833999963169,36.30860399986172],[-120.74665400025523,36.31023400020436],[-120.7225839997467,36.292655999910224],[-120.70195500042563,36.28615699994099],[-120.67858200005111,36.26731900012714],[-120.67262199973786,36.280489000132405],[-120.68288500033066,36.28679600001388],[-120.68283400027703,36.294264000123874],[-120.66313099962214,36.31438500005965],[-120.6179149995836,36.3188170000326],[-120.59656200036432,36.32848799965787],[-120.59715499984293,36.488234999876376],[-120.60370599998497,36.488241999696356],[-120.93368200003887,36.75189500024896],[-121.14152300016494,36.83665599980725],[-121.15262600010857,36.86535099981996],[-121.16358799958684,36.86924499993383],[-121.16909799963832,36.8849940003308],[-121.18429700017222,36.896385000174426],[-121.18429700017222,36.90897299993296],[-121.19827399996724,36.91433799978327],[-121.22171299956565,36.91036200005501],[-121.22418499973418,36.91992100000346],[-121.23433199997599,36.92614699986867],[-121.22920500023918,36.941031000061145],[-121.21179399982778,36.95711300035506],[-121.21453600033303,36.96124799992155],[-121.4182459997087,36.960549000126704],[-121.45060700023369,36.988944000346805],[-121.46365599991601,36.984877000288456],[-121.46356100037977,36.978294000140274],[-121.46793900010405,36.976772000286765],[-121.48894900008999,36.98314799991598],[-121.51243000041951,36.95883499990382],[-121.51381299991856,36.94515500010772],[-121.53923400013905,36.92730200033834],[-121.54028299972722,36.92053000029747],[-121.55857700004549,36.91031999984191],[-121.56027199971406,36.897110999686845],[-121.57564000030236,36.892975999889174],[-121.58595400005045,36.90095199983437],[-121.6073540000237,36.89945199986752],[-121.62841900026123,36.91182000019674],[-121.64400100021145,36.89399599988267]]]},"properties":{"GEOID":"06069","NAME":"San Benito County","STATE":"06","wildfire_risk_score":95.42,"wildfire_eal_total":5530996.32,"risk_band":"Low","source":"FEMA National Risk Index v1.20 (December 2025)"}},{"type":"Feature","geometry":{"type":"Polygon","coordinates":[[[-121.91511999999243,38.925349000136],[-121.83548799991023,38.92448099982272],[-121.83787800006299,38.92704900024758],[-121.83019799996681,38.93884100017827],[-121.84056600014158,38.95482399988468],[-121.83203800029864,38.96047199999906],[-121.83430999955227,38.96872799998031],[-121.82139800013728,38.97474300000017],[-121.81914199987885,38.98855099981942],[-121.8021020000865,38.9897669999215],[-121.79531800031596,38.996054000008996],[-121.82648300004134,39.011195999837405],[-121.82098399986052,39.020278999704],[-121.82289100013952,39.02938800016281],[-121.83067300034295,39.032701000134814],[-121.82962100038172,39.03798500032234],[-121.83961700011248,39.04688299986751],[-121.83854500005977,39.06413000019711],[-121.84938900043558,39.07140099976839],[-121.86981699991523,39.06685999986114],[-121.88910100027046,39.072372999957075],[-121.89460499957583,39.07897599996943],[-121.88973800013,39.08116499984954],[-121.89523899996067,39.08679400002951],[-121.89436899957428,39.09612600013547],[-121.90583399991615,39.1030870000417],[-121.90553500016539,39.11476599999712],[-121.91308700021507,39.11431599990156],[-121.91109500044556,39.123147000017624],[-121.92142900028516,39.12224299987733],[-121.93901399987551,39.135404999872414],[-121.93776299972266,39.14398399965203],[-121.92054100035543,39.141337999826334],[-121.91721399986919,39.14727800011886],[-121.93422900044546,39.16102800034582],[-121.94551399996394,39.17984300033702],[-121.93453700041704,39.18985599983429],[-121.93654500008005,39.194710000024564],[-121.9283319998814,39.19872899982082],[-121.93607499972677,39.221022999830076],[-121.94144599986106,39.221742999804405],[-121.9400480002934,39.22867400018228],[-121.94829400010403,39.24084500030513],[-121.94682100019332,39.249841999932116],[-121.9369159998008,39.26794999972631],[-121.9210250000541,39.2811000003095],[-121.91687999995835,39.2957250002683],[-121.90770799968483,39.302293000303024],[-121.90461000042575,39.32586399983284],[-121.89438899966576,39.341085000022574],[-121.8991089996968,39.3572860003326],[-121.89353800044428,39.35854599981948],[-121.88386999987826,39.373926000282744],[-121.8900129995913,39.38386400023296],[-122.01020199978036,39.38394599994497],[-122.00370900026297,39.39782700034703],[-122.00885699991616,39.41356699969091],[-122.12562699955747,39.41459300016688],[-122.13616100031192,39.41449900018879],[-122.1360059996029,39.38549399973357],[-122.78508999994368,39.38297499971961],[-122.77428999994879,39.37470000030791],[-122.75994999993061,39.37812999981741],[-122.74221200017938,39.36529300008632],[-122.74244900000583,39.357463000066375],[-122.75235500022325,39.346046999722645],[-122.76531000019425,39.342743000170515],[-122.76829700002357,39.32548799986034],[-122.77546999995656,39.31518199992521],[-122.75822599994973,39.29394699995171],[-122.75811399979675,39.28538000029357],[-122.73673300009003,39.27257700029719],[-122.72863600024233,39.27328300027381],[-122.71245400024249,39.25700999979164],[-122.69136100041588,39.24743100005955],[-122.67613299956966,39.2308279997514],[-122.67972899966945,39.224530000120836],[-122.67351099961334,39.225702000231614],[-122.66536199988708,39.21754799975001],[-122.65013800013716,39.21392199973598],[-122.63489500012062,39.223192000131874],[-122.62254600004701,39.22317799972046],[-122.61027599961612,39.21617799966007],[-122.58203599979582,39.211982000281935],[-122.57022200037284,39.20385900004284],[-122.54141799958957,39.20691500004572],[-122.5349929998442,39.21159499986132],[-122.51533100009557,39.20921499988349],[-122.51445900005938,39.19722199991129],[-122.50840500003477,39.19032100013207],[-122.49853800017542,39.191091000177835],[-122.49183899989535,39.175293000138936],[-122.4772899996398,39.17394999996174],[-122.47538300025913,39.170148000309744],[-122.48257399973546,39.16292699965708],[-122.47454100036018,39.14469900032175],[-122.48096899958024,39.13832800017799],[-122.49683500011093,39.14050099979992],[-122.5009090000616,39.12107500006547],[-122.49420499975865,39.1150760002034],[-122.4964610000171,39.10781299988759],[-122.48603599994092,39.08557600019226],[-122.49047899996255,39.07434900027267],[-122.48387900031501,39.06695499969088],[-122.49082399974404,39.064838000189546],[-122.49202300001839,39.05350300033319],[-122.46576300027198,39.04841199989585],[-122.46697699971662,39.0425980001269],[-122.43728999992484,39.02135699965435],[-122.41150700020442,39.01908699966447],[-122.40861699956118,39.006985000071936],[-122.41928900040786,38.989342999910704],[-122.41668599981979,38.97804100021088],[-122.40702200035004,38.971417000132924],[-122.4095179999097,38.96389699998871],[-122.40190300011082,38.95583300028254],[-122.39403100039401,38.95560899972552],[-122.37276699996485,38.939673000165236],[-122.33796699978166,38.92394499994548],[-121.91511999999243,38.925349000136]]]},"properties":{"GEOID":"06011","NAME":"Colusa County","STATE":"06","wildfire_risk_score":89.09,"wildfire_eal_total":1093048.2,"risk_band":"Low","source":"FEMA National Risk Index v1.20 (December 2025)"}},{"type":"Feature","geometry":{"type":"Polygon","coordinates":[[[-120.07333100024981,38.7010900002102],[-120.07256600034376,38.447081000309446],[-120.05365000023457,38.45560699985774],[-119.8847490003646,38.356185000152266],[-119.83755099970399,38.38241099981783],[-119.8146910002388,38.387516000204485],[-119.8013920003112,38.40149299968194],[-119.77055300010073,38.40666299998403],[-119.75064399958157,38.41739100000386],[-119.70790999975725,38.41730399968357],[-119.69867100043494,38.409838000264834],[-119.69429299981236,38.38513399990237],[-119.70002899981962,38.365215000321456],[-119.63920499989158,38.32687999999558],[-119.6279079997792,38.34805100009762],[-119.63557500035492,38.35390799975334],[-119.60661999995894,38.36718199988643],[-119.62209300012923,38.39387500004058],[-119.60121200001473,38.405354000338825],[-119.58368900034864,38.39694299988434],[-119.56199499974919,38.41073399989571],[-119.56136200008758,38.41982999985895],[-119.57000899975621,38.43486000005182],[-119.55642600014649,38.44746499981281],[-119.55623399962755,38.469734000163434],[-119.54245199982621,38.48064899996267],[-119.54286199990503,38.49969400013679],[-119.55750999989478,38.502137999706065],[-119.55621699990911,38.516621000203806],[-119.56094299978793,38.52553899992388],[-119.56687100031417,38.52527000001244],[-119.57099499959521,38.54172900021417],[-119.58429799972079,38.552017999991484],[-119.59554700015255,38.59033299983477],[-119.61906600011693,38.60352900007526],[-119.6210289995741,38.61351799991385],[-119.61493400043994,38.63815200015393],[-119.61465800025542,38.66587900029534],[-119.59864699995981,38.67094200010731],[-119.59108700041251,38.68310300031149],[-119.59184399992265,38.69012599982732],[-119.57947599958248,38.7066530000604],[-119.90431499985381,38.933323999809986],[-119.90522100022518,38.9280869998428],[-119.88731000022156,38.91794100018509],[-119.87986399957879,38.89941900018604],[-119.88448800024868,38.89420600025462],[-119.87954300008674,38.886535999767965],[-119.88880300022377,38.87914599966753],[-119.8783709995766,38.87445199992446],[-119.88030299996994,38.86477600014818],[-119.89348800009472,38.85669899970962],[-119.90631199964619,38.85550500014909],[-119.90849299956156,38.834345999679904],[-119.92270999955609,38.829955000317334],[-119.92130699996555,38.821737000153675],[-119.94251600014312,38.8026339997023],[-119.94397599963507,38.796829000084124],[-119.93977299981294,38.79355999992258],[-119.94792699956207,38.78164200010106],[-119.96494799998615,38.775985999944375],[-120.07333100024981,38.7010900002102]]]},"properties":{"GEOID":"06003","NAME":"Alpine County","STATE":"06","wildfire_risk_score":89.122,"wildfire_eal_total":1155737.13,"risk_band":"Low","source":"FEMA National Risk Index v1.20 (December 2025)"}},{"type":"Feature","geometry":{"type":"Polygon","coordinates":[[[-120.71904100024871,35.10982999967679],[-120.68960600035201,35.098828000112654],[-120.68780200000518,35.07748800014241],[-120.70279499977643,34.99997500025994],[-120.64911600019228,34.97460499999663],[-120.63414400033741,34.959562000271376],[-120.61630399958062,34.96594899964288],[-120.61314299967403,34.97127199993442],[-120.60219899973906,34.97274900000492],[-120.5955000003573,34.966488000140195],[-120.58551600032212,34.967220999731765],[-120.57519099980505,34.9782910001126],[-120.55491999978591,34.973880999683686],[-120.53856999955659,34.983754000256766],[-120.49622200041996,34.993154999936564],[-120.44024999986912,34.988322999922744],[-120.33585299969259,34.93112899993058],[-120.31196300000745,34.903817000222595],[-120.29944800025248,34.907071999933834],[-120.30024499994562,34.91544900015886],[-120.29218800028086,34.93193199966873],[-120.29520600007234,34.948484999648294],[-120.30398400016053,34.95651900036149],[-120.301948999835,34.96338100019194],[-120.31562299968135,34.97492899972714],[-120.31599799960006,34.98400499966671],[-120.3262579998198,34.98571099966648],[-120.33392200002245,34.99563100025546],[-120.33454800001134,35.006315000307],[-120.32382300035952,35.01731399996177],[-120.30992600003212,35.009219999731435],[-120.29022800029841,35.01543500006035],[-120.27861900001655,35.011560000163634],[-120.27366999965663,35.02080499988674],[-120.26139599992608,35.026606000289064],[-120.25745099984687,35.01758900014347],[-120.24998800038396,35.03005900030157],[-120.24067999966805,35.02243000002883],[-120.20990699957983,35.020581999717976],[-120.20332399965073,35.0286550002577],[-120.18838299975802,35.030377999955],[-120.18640100003427,35.036552000245294],[-120.18050400036853,35.03803500015576],[-120.18491300005492,35.04909400001263],[-120.18014500034332,35.0616060003551],[-120.17293399987719,35.06426900001678],[-120.17457500001738,35.07024199992327],[-120.14896800002407,35.0844519999366],[-120.14291800019744,35.08221599968828],[-120.14317000009251,35.09573899966562],[-120.13003900039442,35.096117000004114],[-120.12761200043172,35.09091000032547],[-120.11686099994233,35.10667600010317],[-120.10959799959764,35.10348600017812],[-120.1021739995945,35.11335900004218],[-120.09791300004608,35.109502000343014],[-120.09327699968064,35.11420200020789],[-120.08208400022363,35.11467800004009],[-120.07930699955827,35.112671999759584],[-120.08493799998358,35.107610000059765],[-120.07241499983269,35.10470999970214],[-120.06731300021025,35.096762000181236],[-120.04403799974504,35.085992999861965],[-120.03955799991351,35.08915199974639],[-120.02332200038528,35.08031099973715],[-120.01404899982948,35.08144700005327],[-120.01358199984925,35.075578000133255],[-120.00201699994827,35.073204999682396],[-119.99255900034285,35.06293100004801],[-119.97966200009814,35.06186499990722],[-119.98012200040567,35.05757299964414],[-119.94272000035762,35.054439000297904],[-119.92841899979916,35.059793999635374],[-119.90196800025709,35.03579300028533],[-119.88965199979545,35.04062899980683],[-119.85451699987647,35.032149000321674],[-119.8441699996181,35.01547600014113],[-119.83082499965974,35.00578099980285],[-119.80102499989009,34.99885899997828],[-119.78929199975963,34.98867000002224],[-119.78040200041674,34.99072900030506],[-119.74556600024854,34.97367600012228],[-119.72700499996658,34.9761320001958],[-119.71856499998721,34.97147599998187],[-119.70056399957193,34.97667400014581],[-119.67316300017582,34.973474999989435],[-119.64426200020652,34.953575000321486],[-119.61310400015385,34.94950199968021],[-119.57985899989713,34.92277499979464],[-119.5357569997441,34.89757599963299],[-119.47248900013494,34.901174999853964],[-119.47255199988413,35.076668999911156],[-119.49053900005573,35.076678999647605],[-119.49038000004704,35.09164599970978],[-119.56175200007493,35.08783099965939],[-119.55381900025874,35.18012300034562],[-119.6673040001449,35.174982000196934],[-119.6665850002696,35.262634999962735],[-119.80940700014312,35.26369299999105],[-119.80920999960132,35.35093999971503],[-119.8803559996734,35.35112399994109],[-119.88004500022708,35.43913299987132],[-119.99315000017162,35.43946999981204],[-119.99744900025317,35.468708000311395],[-120.01511300038459,35.46883799980424],[-120.01430499992252,35.483396000112876],[-120.03286700002937,35.48349699964126],[-120.03301699981719,35.498293999846766],[-120.0509269999959,35.49824800024186],[-120.05101599968434,35.513065999982004],[-120.06900700005389,35.51293800023723],[-120.06877699990014,35.52655700009066],[-120.08676599972154,35.52643200032533],[-120.08617999991561,35.614397000342954],[-120.19398800024403,35.61438900002197],[-120.19436900001054,35.78936300011904],[-121.43817600014431,35.79665500035294],[-121.39345999969797,35.76340099968147],[-121.39373800043062,35.74996799989109],[-121.37932700026731,35.72695900021842],[-121.3789599998462,35.70602599981816],[-121.36636200025058,35.68041899999524],[-121.34772099960269,35.664983999676124],[-121.33964499967136,35.64242800020958],[-121.32351200007531,35.62496900017199],[-121.28603600040742,35.60843599972658],[-121.24658899998808,35.60036299977054],[-121.22012300037738,35.58687400017676],[-121.20155500042274,35.58368999976786],[-121.1777560000759,35.5612549999146],[-121.15105600011346,35.51641200021933],[-121.04163500013223,35.419989999891314],[-121.01500499959167,35.41062899966743],[-120.98963199995008,35.41113900015632],[-120.9596699997987,35.396494000225566],[-120.93329200005152,35.392747999843216],[-120.9282859997902,35.386842999893446],[-120.93079700031679,35.37497399992331],[-120.92343500023793,35.348413000159226],[-120.95333000044214,35.28484699979451],[-120.96125300021258,35.24997499991458],[-120.94903200018548,35.2210200003064],[-120.91779200011707,35.187377999685665],[-120.85692600035621,35.14281200027178],[-120.82199099955548,35.13144099997008],[-120.80041099965717,35.11657699985769],[-120.77266899977923,35.11047899996842],[-120.73849600030813,35.109640000129495],[-120.72550299980398,35.11357599974598],[-120.71904100024871,35.10982999967679]]]},"properties":{"GEOID":"06079","NAME":"San Luis Obispo County","STATE":"06","wildfire_risk_score":98.314,"wildfire_eal_total":17432537.57,"risk_band":"Moderate","source":"FEMA National Risk Index v1.20 (December 2025)"}},{"type":"Feature","geometry":{"type":"Polygon","coordinates":[[[-122.20259800022357,37.363217000299244],[-122.19521000020544,37.34702500020241],[-122.17507499973041,37.32574099992271],[-122.18303799968383,37.327314000251775],[-122.19306199990201,37.31827700012601],[-122.18384600014592,37.310038999851564],[-122.17117800023007,37.31211800012416],[-122.16207000042901,37.30423300017424],[-122.16683800014063,37.2952369997871],[-122.15339000025013,37.289710000282334],[-122.15053899996494,37.27588300015278],[-122.13165999966567,37.26092999972122],[-122.12163799999563,37.258560000010114],[-122.10422999995724,37.23426999967278],[-122.08980999957312,37.223270000346126],[-122.07877399957668,37.22297399982246],[-122.06593300030677,37.21041299966113],[-122.05508700028113,37.212497000279065],[-122.04078200042304,37.195171000160485],[-122.03074999980895,37.189989999722144],[-122.02617399971795,37.16685400012025],[-122.0024720003538,37.15829100013903],[-121.99108999985263,37.144270000346616],[-121.97274000035618,37.14173000010712],[-121.95744299991298,37.13057100020989],[-121.92902999984028,37.12341999985316],[-121.89086700008414,37.105256000280875],[-121.86000899960712,37.10417099976298],[-121.86188400009908,37.09934599996725],[-121.8490859995886,37.09899699999895],[-121.81823999970544,37.08373999975217],[-121.80912199985862,37.069319000253294],[-121.78603999973728,37.061989999762126],[-121.77525999983384,37.05298000017188],[-121.76339000033437,37.05196000007279],[-121.76199000021857,37.047820000211914],[-121.75548000008439,37.04902999992123],[-121.73976500006478,37.02768399965582],[-121.72606000025633,37.021259999854564],[-121.73131300038985,37.022416999679386],[-121.73618599968344,37.015341999989076],[-121.71876199975154,37.00755699966268],[-121.72980699996884,36.993554999739935],[-121.73869700021001,36.989990999721485],[-121.71787800001981,36.99556100031052],[-121.70524400043915,36.986244999855934],[-121.69535800031322,36.98514999970108],[-121.69782899975851,36.97209800035485],[-121.66478699989142,36.96371400033314],[-121.66325700007926,36.95185099999802],[-121.6540379999501,36.95058399993088],[-121.64579100031459,36.93232999987502],[-121.63705500005918,36.93905300005696],[-121.62475500038938,36.940451000092416],[-121.60715499983208,36.92605099972468],[-121.59035400041435,36.92615099981222],[-121.59015400039782,36.9192520003435],[-121.58115399965347,36.9192520003435],[-121.58135399966999,36.899151999784195],[-121.57572499979287,36.89299999992727],[-121.56025900019358,36.89712099976052],[-121.558452000372,36.910468000318964],[-121.54028299972722,36.92053000029747],[-121.53923400013905,36.92730200033834],[-121.51381299991856,36.94515500010772],[-121.51243000041951,36.95883499990382],[-121.48894900008999,36.98314799991598],[-121.46793900010405,36.976772000286765],[-121.46356100037977,36.978294000140274],[-121.46365599991601,36.984877000288456],[-121.45060700023369,36.988944000346805],[-121.4182459997087,36.960549000126704],[-121.21540599982107,36.96124799992155],[-121.23212799959607,36.96889200015294],[-121.2465680000717,36.98522799986585],[-121.24151699960456,36.99738099991068],[-121.23313699989963,36.99934600016716],[-121.23818599981863,37.00925399987788],[-121.23333699991616,37.0117460002841],[-121.24864699987984,37.03367999974432],[-121.24063399969772,37.031776999947496],[-121.22450699994947,37.03974300029227],[-121.2245179998201,37.05623700021228],[-121.21259100041921,37.055067999881786],[-121.20819799972799,37.06128899971052],[-121.20963700020182,37.06824299973991],[-121.24548400032342,37.08914799972797],[-121.23043899977529,37.096941999793884],[-121.23052599981393,37.104769999827184],[-121.21733900003935,37.123041999708825],[-121.23229699965049,37.13989299985961],[-121.23662900024233,37.15667500030045],[-121.26209300012053,37.15932300000569],[-121.28110700013899,37.183602999922684],[-121.29855199998728,37.16596299971094],[-121.31288199995973,37.17014700021392],[-121.32840899965836,37.16594999973729],[-121.35955800038853,37.184452999874495],[-121.38426599968317,37.166200999769465],[-121.3835510000058,37.15148699972207],[-121.39901900015322,37.1501350000743],[-121.41340100000421,37.172327999983054],[-121.40879399995106,37.1825049997672],[-121.42182199971701,37.221309999945596],[-121.4417460003048,37.231127000238764],[-121.45574999986404,37.24944000001525],[-121.4539659996087,37.27718400020986],[-121.45805100032831,37.2841390001064],[-121.44355099957824,37.29663799984145],[-121.43681600021151,37.291970999822006],[-121.42345199998655,37.295286999659616],[-121.40575299969505,37.310990000109044],[-121.41193899996414,37.32444499995642],[-121.40914999960322,37.33063700029481],[-121.42074999966431,37.34473699980264],[-121.42365000035328,37.35883699978716],[-121.40907500015845,37.380672000260724],[-121.4125490000595,37.38943500034248],[-121.42405000038636,37.39363499991607],[-121.43608499974229,37.396129999695674],[-121.44816299965427,37.39167700024897],[-121.45665100021253,37.39553500000409],[-121.45635099973856,37.40673500017527],[-121.47260600043167,37.42334499981697],[-121.46185999996511,37.438798999722295],[-121.46291699994924,37.45148899986032],[-121.48425199962517,37.46603200033208],[-121.4867749998473,37.47565200034543],[-121.47295200003808,37.48233299966121],[-121.8652669997635,37.484637000190375],[-121.88115500003548,37.47107599979052],[-121.92504100027844,37.45418599980327],[-121.9326259999401,37.455146999930875],[-121.93119900006013,37.460643999993856],[-121.94491399991432,37.46916300008397],[-121.94960200015831,37.46140800018954],[-121.98001399967319,37.46089200005816],[-121.99667100004916,37.46723899983332],[-122.0361820000426,37.46496600029199],[-122.05124400030914,37.459007000244775],[-122.08147300042423,37.47783800006457],[-122.09676199957318,37.461904999821115],[-122.0964260000125,37.46610200032865],[-122.11328199968183,37.46752900031235],[-122.12391900036842,37.46114499993459],[-122.12210300032602,37.45359000010559],[-122.1283969996518,37.45185200006895],[-122.1525430003283,37.4576810002136],[-122.18229899971705,37.43936199990467],[-122.19052600015941,37.431285999731664],[-122.18715900038848,37.41633500010097],[-122.1945390000107,37.40794299990637],[-122.19050500024301,37.385253000273984],[-122.20259800022357,37.363217000299244]]]},"properties":{"GEOID":"06085","NAME":"Santa Clara County","STATE":"06","wildfire_risk_score":97.392,"wildfire_eal_total":10182907.77,"risk_band":"Moderate","source":"FEMA National Risk Index v1.20 (December 2025)"}},{"type":"Feature","geometry":{"type":"Polygon","coordinates":[[[-120.63179500019254,38.34602700004025],[-120.63178299959867,38.3399470002216],[-120.6385069999931,38.34083500004872],[-120.65650000001247,38.33091199976233],[-120.67492499985197,38.330693000184894],[-120.68818399959659,38.318882999682465],[-120.73828600024588,38.30776800004144],[-120.75491400030954,38.288266000337124],[-120.79848199963688,38.285591000124604],[-120.80774000012407,38.28872299985539],[-120.81054600020344,38.281604999806284],[-120.81769300019714,38.28354500002288],[-120.82204400015725,38.275451000122914],[-120.84678900016013,38.264272999742644],[-120.85566699980744,38.24829599992539],[-120.88006000035614,38.24061000024865],[-120.88102899957836,38.23322099972229],[-120.89329900000926,38.221391000270586],[-120.91494000000695,38.230037000264744],[-120.93550200027921,38.22092300011548],[-120.953404000062,38.22631499974875],[-120.97210400026111,38.21795099986353],[-120.99550000020182,38.225389000285006],[-120.93884999978356,38.088321000063445],[-120.65327399980852,37.831857999869435],[-120.637894000423,37.847818999751055],[-120.63378600013714,37.8606079997251],[-120.60473600020491,37.873240000042834],[-120.58752499981004,37.895223000239],[-120.57134799983305,37.894436999654864],[-120.5621980001992,37.914069999701674],[-120.55110799977608,37.92167599990981],[-120.54235099960428,37.920445999756296],[-120.53524200014371,37.94440400019803],[-120.51343899976433,37.95644400011919],[-120.5282919997935,37.97589499975414],[-120.54307500040078,37.97523700032097],[-120.52758399978883,37.98294399991285],[-120.53481399962322,37.99117400001419],[-120.5216529997879,37.99516000030388],[-120.51541200016555,38.00425099996903],[-120.50928500034603,37.99992800007175],[-120.51354699971934,37.9956109998389],[-120.50451599991118,37.9911439998941],[-120.49937400010572,37.99618799990173],[-120.50032300013481,38.00722800014889],[-120.4927739995599,38.01112899976335],[-120.46374899974202,38.01039000001644],[-120.4694920003203,38.01859600027848],[-120.46213299971616,38.022374999862244],[-120.44252899969382,38.05874100008213],[-120.43124500000023,38.06050900029088],[-120.43081900002788,38.073388999880144],[-120.42465600022335,38.072911000203824],[-120.41463000035533,38.08191100023471],[-120.4095710003906,38.102979000176],[-120.38720899996945,38.11601999976616],[-120.37866600005789,38.13482599999814],[-120.37139600004055,38.137868000309574],[-120.37620300011021,38.142649000340406],[-120.37150999984337,38.149924000248504],[-120.35754399991899,38.153879000260964],[-120.35954200043457,38.16129199968444],[-120.34991700042455,38.17018900005311],[-120.34052699969287,38.17194699991905],[-120.33950599969377,38.18391099972672],[-120.32189599998904,38.201333999779855],[-120.30734599990856,38.22472800030114],[-120.2912400000767,38.234003000231304],[-120.28977300001378,38.24587499995637],[-120.27243199992257,38.25977499965787],[-120.27076200036832,38.27070800011327],[-120.23671200002256,38.29869499997077],[-120.22854800022773,38.314668999748584],[-120.20516099960953,38.32964599999091],[-120.17646700022776,38.3737850000425],[-120.13491599988596,38.39652900020013],[-120.08791399994227,38.40338100033018],[-120.07357499974898,38.413575999928206],[-120.04903200031077,38.41936900030071],[-120.04056300001908,38.42592699988558],[-120.02992299985776,38.42468199972021],[-120.01995100041643,38.43352099982663],[-120.05365000023457,38.45560699985774],[-120.07256600034376,38.447081000309446],[-120.07248400032799,38.50986900029605],[-120.10336899967088,38.50543700009683],[-120.12344499969633,38.49595799971056],[-120.13938999986973,38.49834099981226],[-120.1643189999956,38.494234999813],[-120.20940500033781,38.500756999658435],[-120.24087100036206,38.48535100032555],[-120.25992600038845,38.48671699990046],[-120.26913200009878,38.4777730002063],[-120.29478500012286,38.477161000100516],[-120.3310399997751,38.46519199992671],[-120.36492000024155,38.46657099971047],[-120.3807070002312,38.46104200023249],[-120.38806799958682,38.46673799991307],[-120.42321500009967,38.47332200003193],[-120.46140399979511,38.44617099983582],[-120.4953639997292,38.44960700018341],[-120.5301299995772,38.4188839996585],[-120.53760399980906,38.41852399982636],[-120.5407959996778,38.42307999975384],[-120.57162700039062,38.41389299976399],[-120.5743160002941,38.40184800018374],[-120.60807100018879,38.39799500004104],[-120.61710700001983,38.37823699996254],[-120.61008800007261,38.37072300007098],[-120.61828399965452,38.36685799987832],[-120.6188379996734,38.35871300000218],[-120.62789500031917,38.35583000022034],[-120.63179500019254,38.34602700004025]]]},"properties":{"GEOID":"06009","NAME":"Calaveras County","STATE":"06","wildfire_risk_score":99.459,"wildfire_eal_total":30138703.64,"risk_band":"High","source":"FEMA National Risk Index v1.20 (December 2025)"}},{"type":"Feature","geometry":{"type":"Polygon","coordinates":[[[-122.19917299982804,40.37794299969904],[-122.22715499990548,40.389309999763995],[-122.23553100031077,40.38539400021423],[-122.25181899971751,40.387216000307596],[-122.25697300011683,40.37936999983191],[-122.28085199993129,40.3757870001875],[-122.29413499996538,40.38048099983594],[-122.31041200039978,40.371064000085035],[-122.32103300029453,40.374874999711665],[-122.34215500043344,40.37090100016127],[-122.39577399974314,40.37208500017365],[-122.41258599992983,40.374536000007794],[-122.41785300030706,40.379678000022196],[-122.44397400013628,40.373261000277964],[-122.45292200010378,40.37851200033335],[-122.46288500022258,40.37555800002199],[-122.47048900015079,40.38393200027612],[-122.50014199960738,40.382477000262796],[-122.50502599966997,40.389411999678266],[-122.51382600039777,40.388385999821004],[-122.52456600011821,40.39447700012734],[-122.52202600017763,40.38784000002292],[-122.53220500020653,40.37981099993344],[-122.54094099956359,40.38242199990454],[-122.54166100016215,40.37651799977863],[-122.5506069995815,40.378372999782485],[-122.56398000002724,40.36559400002305],[-122.58130299967682,40.36733199992615],[-122.58584799980565,40.3592770002461],[-122.59694400007658,40.357236999956676],[-122.61015799961538,40.34640900029324],[-122.62517200020132,40.34745500015383],[-122.62190599981444,40.34038500010326],[-122.65059099987367,40.32842499987039],[-122.67373400009441,40.33044400027393],[-122.67726200042212,40.33625699973696],[-122.70964399996515,40.34816200000197],[-122.73170000006455,40.34696000027481],[-122.73021899975792,40.35829299981564],[-122.74878000003986,40.3656769999221],[-122.75253199977523,40.36047399987356],[-122.758724999717,40.36332699996692],[-122.78805699968156,40.35526399980845],[-122.80589599971512,40.35586000027598],[-122.85380099965717,40.34284700033352],[-122.87269000000218,40.34892400032876],[-122.88400300000805,40.342225999869385],[-122.90361700007614,40.31617399972101],[-122.90711100006868,40.317766999788404],[-122.91895200015418,40.306637000130635],[-122.9295980001633,40.307468000248],[-122.93437500009576,40.31316900002425],[-122.94980700025815,40.30803299973688],[-122.97687100026867,40.31514499995798],[-123.0137920000928,40.30309599979061],[-123.02523300014522,40.30366100022586],[-123.05666800020731,40.285374999889655],[-123.06542600020401,40.28697100001141],[-123.05084900035938,40.26764399969105],[-123.03663400001463,40.26127500014655],[-123.03149499968394,40.26482299969487],[-123.01857999989589,40.26278299998092],[-122.98567899959576,40.248767999926464],[-122.97511899980039,40.232567999918516],[-122.9800270001524,40.214707999789795],[-122.97006400003357,40.18630599967154],[-122.98393700007155,40.17198399969129],[-122.98453999959588,40.153411000011076],[-122.98961399962926,40.14512599992172],[-122.96856799965833,40.13903299973792],[-122.97365699976031,40.13002499995644],[-122.96108799957868,40.09999599972654],[-122.96144099975609,40.08975399991428],[-122.96734699964269,40.08872200031277],[-122.97322199956712,40.07755299973829],[-122.96840000032715,40.068806000115025],[-122.95283099989739,40.05972299984212],[-122.94888599981816,40.049745000126535],[-122.95419699967799,40.04543400016924],[-122.94975899967928,40.03099100007164],[-122.95637799959339,40.01994000008308],[-122.94944800023293,40.01212699989774],[-122.951860000127,39.99882699997242],[-122.93877299991152,39.991308999784906],[-122.93521199997184,39.977156000269034],[-122.92547999983171,39.96886699974865],[-122.92682100039626,39.945070999704114],[-122.9097869995534,39.936384999783],[-122.92062300043162,39.92893000017729],[-122.92052399979912,39.91648699992523],[-122.95096399980139,39.906108000278266],[-122.94736400040196,39.89240899989391],[-122.95330799992337,39.87284099998944],[-122.9505219999355,39.86846999998252],[-122.96014699994552,39.8451629997528],[-122.94641899967253,39.832850999693356],[-122.9436019997225,39.80165200019663],[-122.9382499998548,39.79815700018744],[-122.04647099967633,39.797648000021965],[-122.06485100020832,39.81153199998483],[-122.05666499977383,39.827303000025054],[-122.06943099959898,39.84052999978526],[-122.04103000012014,39.87946599988521],[-122.04486499969623,39.883770999969606],[-121.80404100015257,39.88434399981516],[-121.80610400006717,39.88821700020531],[-121.77622399993155,39.88885799990411],[-121.75314000016036,39.904290000188354],[-121.74455799989079,39.94184799975277],[-121.72962899969362,39.95605599991337],[-121.72496599956396,39.96763000007657],[-121.70751700041603,39.97683400031599],[-121.70324099990069,39.98422999970697],[-121.64603200033899,39.98252699972647],[-121.6458490000409,39.997058000064946],[-121.63543999985825,39.996822000340714],[-121.63617399980217,40.02580999986832],[-121.62607000011636,40.025600000027296],[-121.62608600000988,40.03949600006622],[-121.61780900023712,40.03941600010868],[-121.61728899965513,40.0470609999919],[-121.60872900002514,40.04674600013978],[-121.60864100016161,40.055082999919584],[-121.59564699983252,40.057714000022166],[-121.59580199964323,40.0934580002246],[-121.58614099964821,40.093295000110075],[-121.58640699978699,40.10052199971973],[-121.51055900012554,40.10051499987195],[-121.51055099972962,40.10797699978872],[-121.49087300008742,40.108043999787654],[-121.4908580000188,40.115286000201515],[-121.48097000024306,40.115086999934064],[-121.48095400034954,40.12236599980057],[-121.45289799975392,40.12212500017315],[-121.45272700004969,40.12973500015795],[-121.44286900041118,40.129647000073845],[-121.44283599990091,40.14869999992434],[-121.43688599963338,40.151904999780236],[-121.4462079996947,40.15587400010313],[-121.44287699990879,40.16185600022288],[-121.44512300012147,40.17769200033937],[-121.43610800020684,40.18187799983639],[-121.44411100034321,40.190745000222556],[-121.4343890002488,40.195940999942714],[-121.40735600020044,40.19140399989815],[-121.38502800011452,40.210296999816],[-121.36773499970386,40.2127279998404],[-121.36171300036463,40.22558099970893],[-121.36731200010456,40.24494500025401],[-121.34900000024294,40.26445400023457],[-121.35267099978749,40.26848800020922],[-121.34936699976575,40.27341799971241],[-121.35986700018499,40.27745200031037],[-121.36319499959787,40.28750100013221],[-121.37026499959867,40.28796099968674],[-121.37679999984724,40.297988999982344],[-121.3666889995904,40.30105399980997],[-121.35804399957159,40.29706100019455],[-121.34233399957485,40.30760399990702],[-121.35633100035969,40.319739000186246],[-121.36746299971729,40.322893000133575],[-121.36732899982299,40.33098300006578],[-121.38038300042652,40.3402879996592],[-121.41206600018575,40.34271900029544],[-121.42855100013429,40.350290999889964],[-121.47241999976049,40.35162000012547],[-121.48099199998435,40.36661400019512],[-121.47354000039212,40.37455599974695],[-121.48276199999601,40.3828550000049],[-121.48427799956444,40.396558999829786],[-121.47959799971636,40.41950500026811],[-121.47380599963259,40.424640999752995],[-121.49788000033905,40.43200300009606],[-121.49442200033154,40.44041100014749],[-121.49763500011667,40.44559099981331],[-121.56513200038552,40.4457970001385],[-121.59308599997556,40.43112600012646],[-121.61404699955766,40.43907999981227],[-121.64633000026483,40.434726000230874],[-121.67199800035755,40.45039000010642],[-121.68578699983158,40.45313300025654],[-121.6982849998681,40.44829900016436],[-121.71980100019232,40.44861400029167],[-121.73458499972621,40.43563199986874],[-121.77632000019102,40.43760999982566],[-121.78771900041065,40.443664999878834],[-121.8066970004441,40.444978000009286],[-121.83407400044905,40.43732099999696],[-121.85135000024295,40.44259599974858],[-121.87960799960663,40.43619399976535],[-121.90070899982915,40.420985999728074],[-121.91479699995224,40.425993000030616],[-121.94098899992656,40.41533100030852],[-122.00993999983956,40.42676700024505],[-122.01481100038164,40.42101300031285],[-122.02190099957564,40.42407000016983],[-122.03100099987911,40.41734899967873],[-122.05214099956137,40.42038000024148],[-122.09120300001622,40.41054600016977],[-122.09160800007217,40.414330000045496],[-122.09683500026642,40.40989699996861],[-122.09904799996885,40.414756999860195],[-122.11130199960792,40.40540200005284],[-122.12896400008947,40.403824999689185],[-122.12939500008471,40.398762999686404],[-122.18291800003323,40.392501000094654],[-122.18847699959021,40.387484999867446],[-122.17804999986421,40.38379099984977],[-122.17309200018177,40.37905199971777],[-122.18733099991762,40.38140099974308],[-122.19355700036965,40.3923110002593],[-122.19917299982804,40.37794299969904]]]},"properties":{"GEOID":"06103","NAME":"Tehama County","STATE":"06","wildfire_risk_score":98.473,"wildfire_eal_total":15803381.26,"risk_band":"Moderate","source":"FEMA National Risk Index v1.20 (December 2025)"}},{"type":"Feature","geometry":{"type":"Polygon","coordinates":[[[-114.7665020003125,33.43374100032615],[-114.62712500002766,33.43355399987502],[-114.62291800000762,33.45656099981376],[-114.5923690002254,33.49867500016034],[-114.56953300015135,33.50921899983938],[-114.5609629995773,33.51673899990548],[-114.55889800001287,33.53181899978139],[-114.5245990001451,33.55223100022081],[-114.53678400018717,33.570958999794925],[-114.54061700011343,33.59141200023204],[-114.52184499994428,33.61254400003098],[-114.53121499968617,33.62391300027507],[-114.52380199955367,33.634700000009296],[-114.5331939999352,33.65166000020296],[-114.51405699989307,33.66017899996544],[-114.53026700038032,33.666820999769676],[-114.53152299965774,33.67510800014028],[-114.5239589999125,33.68587900018128],[-114.49648900002111,33.696901000083024],[-114.49419699977766,33.707922000262414],[-114.49656500018911,33.71915499993195],[-114.51234799998078,33.73421399981813],[-114.50486299987827,33.76046500018878],[-114.5280499995816,33.814962999961054],[-114.51997000035065,33.82538100035309],[-114.52988300024076,33.85756299975502],[-114.51467299983621,33.858638000135045],[-114.50301699969864,33.867998000008015],[-114.50433999982152,33.876881999907006],[-114.52276800003409,33.892583000052774],[-114.52587200003927,33.90100800001006],[-114.5137149995863,33.89795899963143],[-114.5079200000278,33.90380700034147],[-114.51843399979244,33.917518000175335],[-114.53495100042635,33.925700000347014],[-114.53567600014944,33.933551999642354],[-114.5227339996989,33.95503900016041],[-114.49988299955622,33.96178900004412],[-114.4679320000084,33.99287700028749],[-114.45925799967728,33.994711000269454],[-114.45918400005745,34.00001599967461],[-114.46731000021747,34.00518999983074],[-114.46586700044398,34.01098699981833],[-114.4502059999527,34.01257399990919],[-114.43826600013301,34.02260899992671],[-114.43542900009152,34.07972700034741],[-115.3160650001434,34.07784300003933],[-115.31621199955819,34.03411000028599],[-116.92955799961778,34.03411300037081],[-116.92935699977635,34.00491400028577],[-117.22537299989617,34.00418900031153],[-117.22553299972974,34.017966000182895],[-117.37541600028156,34.01939899997462],[-117.37534400031156,34.03387500025929],[-117.55831200038824,34.03345099967626],[-117.55837699978724,33.98841999981365],[-117.6109430002091,33.97180700012527],[-117.61095400007976,33.92415199970457],[-117.65515699961682,33.92485400024885],[-117.65482699990393,33.88868200002672],[-117.67627999958063,33.888640000043175],[-117.66895500021002,33.880834999859886],[-117.67505299971722,33.868724999637436],[-117.67428199996338,33.85795600017595],[-117.66211700001278,33.857499000304884],[-117.58013599978572,33.76798799968991],[-117.53644799990948,33.75766500030549],[-117.53399900020548,33.71035500011273],[-117.47457299984511,33.703811000095264],[-117.41298700038404,33.65904500019685],[-117.51020999990439,33.53399899998804],[-117.5099089996055,33.52054599974264],[-117.50318099991142,33.520404999990426],[-117.5037559998467,33.508945000113215],[-117.50972500038083,33.509061999916526],[-117.50972200000774,33.505175999827344],[-117.3642739999799,33.50490000007071],[-117.37079699963454,33.49066199964038],[-117.24146700003247,33.448824999870915],[-117.24135200040473,33.431929000005105],[-117.13877700011835,33.432593999657755],[-117.0308540001622,33.42990000014571],[-117.03087599990351,33.4268689996725],[-116.08489500008419,33.42593300018274],[-115.06319700012466,33.42810300012885],[-114.7665020003125,33.43374100032615]]]},"properties":{"GEOID":"06065","NAME":"Riverside County","STATE":"06","wildfire_risk_score":99.968,"wildfire_eal_total":346642805.45,"risk_band":"High","source":"FEMA National Risk Index v1.20 (December 2025)"}},{"type":"Feature","geometry":{"type":"Polygon","coordinates":[[[-122.05187799979564,36.81960000017198],[-121.87607500015432,36.83897299994165],[-121.8099799996511,36.850804999699356],[-121.80065099991711,36.85794899992242],[-121.80317300031435,36.8687969999303],[-121.78737100025609,36.884699999765644],[-121.7695310003976,36.88507500009696],[-121.75151200043895,36.90521199989458],[-121.72644699987059,36.91427199980016],[-121.71467000025756,36.90881100003576],[-121.69995600014553,36.91968300006916],[-121.7055289999462,36.90950300009251],[-121.6974410003193,36.91160699987037],[-121.6806209997367,36.903284999865114],[-121.65772899958614,36.913774000175636],[-121.652291000403,36.909518999766306],[-121.65290800017107,36.90172799995682],[-121.64615500036265,36.902559000183686],[-121.64441299994012,36.89387499969587],[-121.62841900026123,36.91182000019674],[-121.6073540000237,36.89945199986752],[-121.58135399966999,36.899151999784195],[-121.58115399965347,36.9192520003435],[-121.59015400039782,36.9192520003435],[-121.59035400041435,36.92615099981222],[-121.60715499983208,36.92605099972468],[-121.62475500038938,36.940451000092416],[-121.63705500005918,36.93905300005696],[-121.64579100031459,36.93232999987502],[-121.6540379999501,36.95058399993088],[-121.66325700007926,36.95185099999802],[-121.66478699989142,36.96371400033314],[-121.69782899975851,36.97209800035485],[-121.69535800031322,36.98514999970108],[-121.70524400043915,36.986244999855934],[-121.71787800001981,36.99556100031052],[-121.73231199974931,36.98966400034191],[-121.73869700021001,36.989990999721485],[-121.72980699996884,36.993554999739935],[-121.71876199975154,37.00755699966268],[-121.73618599968344,37.015341999989076],[-121.73131300038985,37.022416999679386],[-121.72657999994,37.02188999980928],[-121.73976500006478,37.02768399965582],[-121.75548000008439,37.04902999992123],[-121.76199000021857,37.047820000211914],[-121.76339000033437,37.05196000007279],[-121.77525999983384,37.05298000017188],[-121.78603999973728,37.061989999762126],[-121.80912199985862,37.069319000253294],[-121.8241799999272,37.08776000019552],[-121.8490859995886,37.09899699999895],[-121.86188400009908,37.09934599996725],[-121.86000899960712,37.10417099976298],[-121.89086700008414,37.105256000280875],[-121.92902999984028,37.12341999985316],[-121.95744299991298,37.13057100020989],[-121.97274000035618,37.14173000010712],[-121.99108999985263,37.144270000346616],[-122.0024720003538,37.15829100013903],[-122.02617399971795,37.16685400012025],[-122.03074999980895,37.189989999722144],[-122.04078200042304,37.195171000160485],[-122.05508700028113,37.212497000279065],[-122.06580199988723,37.21036400012983],[-122.07898600018709,37.22309299989231],[-122.09157999958477,37.2245899998689],[-122.10422999995724,37.23426999967278],[-122.12163799999563,37.258560000010114],[-122.13165999966567,37.26092999972122],[-122.15053899996494,37.27588300015278],[-122.15227800001443,37.28605500028296],[-122.15277400030698,37.2154440002055],[-122.24257299982418,37.215134000236894],[-122.24265999986281,37.190034999946576],[-122.31768200041715,37.18694499976215],[-122.31178200037833,37.14754500011143],[-122.28938200032235,37.1134720001216],[-122.3138989998213,37.05476400006672],[-122.29031299990976,37.03208999993777],[-122.27637499957449,37.02483399987084],[-122.26565400012062,37.00011999988343],[-122.25108200029885,36.98583300018517],[-122.172024000327,36.94268100006527],[-122.13056900024469,36.92533800015344],[-122.07639900039085,36.91019899968021],[-122.05187799979564,36.81960000017198]]]},"properties":{"GEOID":"06087","NAME":"Santa Cruz County","STATE":"06","wildfire_risk_score":97.328,"wildfire_eal_total":9027166.97,"risk_band":"Moderate","source":"FEMA National Risk Index v1.20 (December 2025)"}},{"type":"Feature","geometry":{"type":"Polygon","coordinates":[[[-119.17479099986703,36.65887800019513],[-119.3046250001576,36.66060599973955],[-119.30510200018358,36.57372500027604],[-119.46632200013245,36.575237999735],[-119.57319399995224,36.48883500030813],[-119.5271939997411,36.488885999928286],[-119.52879200022358,36.401465000310324],[-119.47489199980818,36.400953000350334],[-119.47460700030113,36.26902499984514],[-119.52935799993801,36.269850000062966],[-119.52914100020303,36.1379139998409],[-119.53638000025826,36.13789300011536],[-119.53812000013268,35.789898000007135],[-118.46715800012322,35.79245000013033],[-118.00809400031656,35.78893500009301],[-118.00772699989543,35.81708300018275],[-117.99860499985066,35.823028999963476],[-118.00619500043348,35.829037000212494],[-118.00291300015306,35.8412900000826],[-118.00741800009895,35.85817999983155],[-117.99670099994474,35.86949299972393],[-117.9807609997942,35.86751499966871],[-117.98906500022946,35.881306000053016],[-117.98204999958192,35.89469499997924],[-117.99031399983419,35.91404499997098],[-117.98328700038938,35.926562999788906],[-117.99194400010376,35.94377099989329],[-118.00688199962342,35.94648299980583],[-118.01107199992504,35.9546009998786],[-118.01679100021389,35.954551000347536],[-118.01456699974248,35.972891000008005],[-118.00449400001882,35.977158000097674],[-118.00357699977678,35.983718000207816],[-118.01207700003062,35.99830500025709],[-118.03361099989819,36.00894400036153],[-118.03711199956341,36.02914400029946],[-118.0414120003682,36.02984399979055],[-118.0395119997619,36.03424300007737],[-118.04631200032429,36.042243000165705],[-118.04271200002655,36.04854299999856],[-118.0517129996975,36.059543000158236],[-118.05161300013839,36.083542000061996],[-118.05801299976939,36.09194199983133],[-118.06311299974202,36.08924199964154],[-118.06731300008938,36.0934420002675],[-118.068313999997,36.108542000305526],[-118.06461400014015,36.11044200003351],[-118.0735140004271,36.14034100021866],[-118.05971400018406,36.150840999870645],[-118.06261399997474,36.16224000010379],[-118.05931499997588,36.170139999898204],[-118.07001500041169,36.17864000030133],[-118.07371500026854,36.18944000009261],[-118.09071499987787,36.197340000089234],[-118.10561599958764,36.21343899988767],[-118.10921599988538,36.22553899996014],[-118.10521599955456,36.23363900012436],[-118.11936599960197,36.255560999864365],[-118.1173849997031,36.27116500005354],[-118.12760100044025,36.2803479997787],[-118.12700800006331,36.30022300032725],[-118.12011700016262,36.30223799972542],[-118.12161699983753,36.30683700026863],[-118.11181699992534,36.3083369998267],[-118.11251700043239,36.32203699987222],[-118.09761699964922,36.3311370003402],[-118.10031700032168,36.3461369999887],[-118.12421799987747,36.35193699978625],[-118.13051799994936,36.370336000209754],[-118.14101800036859,36.37163599985191],[-118.16291899975899,36.38943599999376],[-118.14031899968647,36.40353600024767],[-118.13881900001154,36.41893600033317],[-118.15681899970365,36.4326359996561],[-118.17491899985312,36.42653599977367],[-118.20981899959543,36.43033599988992],[-118.21481999983388,36.435036000188866],[-118.20962000030212,36.44213599985271],[-118.21592000037403,36.456736000186446],[-118.23262000040772,36.466334999857295],[-118.23701999987331,36.477035000060546],[-118.24991999959272,36.48243499975968],[-118.2350199997079,36.493735000069535],[-118.24142100006213,36.500034999916494],[-118.23882099984709,36.52363499984345],[-118.24672100005131,36.52143500004159],[-118.25092200022355,36.5256350003044],[-118.2520219998654,36.542134999778376],[-118.29202300030359,36.5622350003401],[-118.28982399994655,36.57323499998604],[-118.29412399985303,36.57743499989699],[-118.28802399979769,36.58373400012199],[-118.28902399988036,36.59073400021566],[-118.27802399986892,36.59233400026641],[-118.27462399958773,36.59733399964113],[-118.28162499999158,36.60453400007726],[-118.29392499966137,36.60513399988856],[-118.30282499994831,36.61903400000826],[-118.32132599995579,36.62743400033348],[-118.31882600019819,36.63893399964509],[-118.33822699983095,36.655433999837236],[-118.32952699956058,36.665434000348114],[-118.33122700015034,36.66943399966654],[-118.34752700015095,36.67233399986651],[-118.35202799989888,36.68293399973326],[-118.36612799971753,36.69043499987359],[-118.33472799981554,36.70533399993967],[-118.33902900044527,36.72783400034802],[-118.35132900011506,36.74103400035232],[-118.36058599987905,36.744772999677075],[-118.55548700010272,36.744745999659735],[-118.55503099999315,36.73913799981741],[-118.98244100035289,36.74164599993917],[-118.9847789997288,36.65714699999665],[-119.17479099986703,36.65887800019513]]]},"properties":{"GEOID":"06107","NAME":"Tulare County","STATE":"06","wildfire_risk_score":97.964,"wildfire_eal_total":10031078.46,"risk_band":"Moderate","source":"FEMA National Risk Index v1.20 (December 2025)"}}]}